build-components: m1 selects 9 component packages across 3 Cargo invocations
   Compiling proc-macro2 v1.0.107
   Compiling quote v1.0.47
   Compiling unicode-ident v1.0.24
   Compiling zmij v1.0.23
   Compiling serde_core v1.0.229
   Compiling serde_json v1.0.151
   Compiling itoa v1.0.18
   Compiling memchr v2.8.3
   Compiling foldhash v0.2.0
   Compiling hashbrown v0.17.1
   Compiling syn v3.0.4
   Compiling equivalent v1.0.2
   Compiling bitflags v2.13.1
   Compiling anyhow v1.0.104
   Compiling semver v1.0.28
   Compiling syn v2.0.119
   Compiling serde_derive v1.0.229
   Compiling indexmap v2.14.0
   Compiling wasmparser v0.258.0
   Compiling serde v1.0.229
   Compiling prettyplease v0.2.37
   Compiling log v0.4.34
   Compiling leb128fmt v0.1.0
   Compiling id-arena v2.3.0
   Compiling typenum v1.20.1
   Compiling heck v0.5.0
   Compiling hybrid-array v0.4.14
   Compiling wit-bindgen-rust v0.61.1
   Compiling autocfg v1.5.1
   Compiling wit-bindgen-rust-macro v0.61.1
   Compiling num-traits v0.2.19
   Compiling block-buffer v0.12.1
   Compiling crypto-common v0.2.2
   Compiling wit-bindgen v0.61.1
   Compiling const-oid v0.10.2
   Compiling cfg-if v1.0.4
   Compiling digest v0.11.3
   Compiling sha2 v0.11.0
   Compiling chrono v0.4.45
   Compiling wasm-encoder v0.258.0
   Compiling wit-parser v0.258.0
   Compiling wasm-metadata v0.258.0
   Compiling serde_derive_internals v0.29.1
   Compiling deunicode v1.6.2
   Compiling schemars v0.8.22
   Compiling slug v0.1.6
   Compiling uuid v1.26.0
   Compiling dyn-clone v1.0.20
   Compiling jmespath v0.3.0
   Compiling schemars_derive v0.8.22
   Compiling futures-core v0.3.34
   Compiling wit-bindgen-core v0.61.1
   Compiling wit-component v0.258.0
   Compiling pin-project-lite v0.2.17
   Compiling futures-task v0.3.34
   Compiling slab v0.4.12
   Compiling futures-util v0.3.34
   Compiling wamn-execution-contract v0.1.0 (/home/kaalin/.cache/wamn-lanes/p3-http-cutover-20260910/components/execution/contract)
   Compiling lazy_static v1.5.0
   Compiling base64 v0.22.1
   Compiling futures-executor v0.3.34
   Compiling wamn-event-wire v0.1.0 (/home/kaalin/.cache/wamn-lanes/p3-http-cutover-20260910/components/events/wire)
   Compiling wamn-event-reg v0.1.0 (/home/kaalin/.cache/wamn-lanes/p3-http-cutover-20260910/components/events/registration)
   Compiling wamn-materializer v0.1.0 (/home/kaalin/.cache/wamn-lanes/p3-http-cutover-20260910/components/events/materializer)
   Compiling wamn-postgres-statements v0.1.0 (/home/kaalin/.cache/wamn-lanes/p3-http-cutover-20260910/components/data/postgres-statements)
   Compiling blob-put v0.1.0 (/home/kaalin/.cache/wamn-lanes/p3-http-cutover-20260910/components/execution/blob-put)
   Compiling materializer v0.1.0 (/home/kaalin/.cache/wamn-lanes/p3-http-cutover-20260910/components/execution/materializer)
   Compiling wamn-client-acme-receiving-data-access v0.1.0 (/home/kaalin/.cache/wamn-lanes/p3-http-cutover-20260910/components/data/client-acme-receiving-data)
   Compiling wamn-receiving-data-access v0.1.0 (/home/kaalin/.cache/wamn-lanes/p3-http-cutover-20260910/components/data/receiving-data)
   Compiling wamn-wms-data-access v0.1.0 (/home/kaalin/.cache/wamn-lanes/p3-http-cutover-20260910/components/data/wms-data)
warning: field `adjusted_quantity` is never read
  --> /wamn/components/data/wms-data/../../../packages/wms/generated/wamn/inventory_adjust.rs:12:9
   |
11 | pub(crate) struct FinalizeCommandRow {
   |                   ------------------ field in this struct
12 |     pub adjusted_quantity: Option<wamn_postgres_statements::Numeric>,
   |         ^^^^^^^^^^^^^^^^^
   |
   = note: `FinalizeCommandRow` has a derived impl for the trait `Debug`, but this is intentionally ignored during dead code analysis
   = note: `#[warn(dead_code)]` (part of `#[warn(unused)]`) on by default

warning: field `id` is never read
  --> /wamn/components/data/wms-data/../../../packages/wms/generated/wamn/inventory_adjust.rs:27:9
   |
26 | pub(crate) struct InsertMovementRow {
   |                   ----------------- field in this struct
27 |     pub id: wamn_postgres_statements::Uuid,
   |         ^^
   |
   = note: `InsertMovementRow` has a derived impl for the trait `Debug`, but this is intentionally ignored during dead code analysis

warning: field `location_id` is never read
  --> /wamn/components/data/wms-data/../../../packages/wms/generated/wamn/inventory_adjust.rs:32:9
   |
31 | pub(crate) struct LockPalletRow {
   |                   ------------- field in this struct
32 |     pub location_id: wamn_postgres_statements::Uuid,
   |         ^^^^^^^^^^^
   |
   = note: `LockPalletRow` has a derived impl for the trait `Debug`, but this is intentionally ignored during dead code analysis

warning: field `id` is never read
  --> /wamn/components/data/wms-data/../../../packages/wms/generated/wamn/inventory_adjust.rs:39:9
   |
38 | pub(crate) struct SetQuantityRow {
   |                   -------------- field in this struct
39 |     pub id: wamn_postgres_statements::Uuid,
   |         ^^
   |
   = note: `SetQuantityRow` has a derived impl for the trait `Debug`, but this is intentionally ignored during dead code analysis

warning: fields `id` and `quantity` are never read
 --> /wamn/components/data/wms-data/../../../packages/wms/generated/wamn/inventory_merge.rs:7:9
  |
6 | pub(crate) struct AddToTargetRow {
  |                   -------------- fields in this struct
7 |     pub id: wamn_postgres_statements::Uuid,
  |         ^^
8 |     pub quantity: wamn_postgres_statements::Numeric,
  |         ^^^^^^^^
  |
  = note: `AddToTargetRow` has a derived impl for the trait `Debug`, but this is intentionally ignored during dead code analysis

warning: field `row_version` is never read
  --> /wamn/components/data/wms-data/../../../packages/wms/generated/wamn/inventory_merge.rs:18:9
   |
17 | pub(crate) struct ConsumeSourceRow {
   |                   ---------------- field in this struct
18 |     pub row_version: i64,
   |         ^^^^^^^^^^^
   |
   = note: `ConsumeSourceRow` has a derived impl for the trait `Debug`, but this is intentionally ignored during dead code analysis

warning: field `id` is never read
  --> /wamn/components/data/wms-data/../../../packages/wms/generated/wamn/inventory_merge.rs:37:9
   |
36 | pub(crate) struct InsertMovementRow {
   |                   ----------------- field in this struct
37 |     pub id: wamn_postgres_statements::Uuid,
   |         ^^
   |
   = note: `InsertMovementRow` has a derived impl for the trait `Debug`, but this is intentionally ignored during dead code analysis

warning: field `location_id` is never read
  --> /wamn/components/data/wms-data/../../../packages/wms/generated/wamn/inventory_merge.rs:43:9
   |
41 | pub(crate) struct LockBothPalletsRow {
   |                   ------------------ field in this struct
42 |     pub id: wamn_postgres_statements::Uuid,
43 |     pub location_id: wamn_postgres_statements::Uuid,
   |         ^^^^^^^^^^^
   |
   = note: `LockBothPalletsRow` has a derived impl for the trait `Debug`, but this is intentionally ignored during dead code analysis

warning: fields `id` and `quantity` are never read
  --> /wamn/components/data/wms-data/../../../packages/wms/generated/wamn/inventory_merge.rs:50:9
   |
49 | pub(crate) struct PlaceOnTargetRow {
   |                   ---------------- fields in this struct
50 |     pub id: wamn_postgres_statements::Uuid,
   |         ^^
51 |     pub quantity: wamn_postgres_statements::Numeric,
   |         ^^^^^^^^
   |
   = note: `PlaceOnTargetRow` has a derived impl for the trait `Debug`, but this is intentionally ignored during dead code analysis

warning: field `pallet_status` is never read
  --> /wamn/components/data/wms-data/../../../packages/wms/generated/wamn/inventory_move.rs:12:9
   |
11 | pub(crate) struct FinalizeCommandRow {
   |                   ------------------ field in this struct
12 |     pub pallet_status: Option<String>,
   |         ^^^^^^^^^^^^^
   |
   = note: `FinalizeCommandRow` has a derived impl for the trait `Debug`, but this is intentionally ignored during dead code analysis

warning: field `id` is never read
  --> /wamn/components/data/wms-data/../../../packages/wms/generated/wamn/inventory_move.rs:27:9
   |
26 | pub(crate) struct InsertMovementRow {
   |                   ----------------- field in this struct
27 |     pub id: wamn_postgres_statements::Uuid,
   |         ^^
   |
   = note: `InsertMovementRow` has a derived impl for the trait `Debug`, but this is intentionally ignored during dead code analysis

warning: field `status` is never read
  --> /wamn/components/data/wms-data/../../../packages/wms/generated/wamn/inventory_move.rs:34:9
   |
31 | pub(crate) struct LockPalletRow {
   |                   ------------- field in this struct
...
34 |     pub status: String,
   |         ^^^^^^
   |
   = note: `LockPalletRow` has a derived impl for the trait `Debug`, but this is intentionally ignored during dead code analysis

warning: field `status` is never read
  --> /wamn/components/data/wms-data/../../../packages/wms/generated/wamn/inventory_move.rs:48:9
   |
45 | pub(crate) struct SelectPalletQuantityRow {
   |                   ----------------------- field in this struct
...
48 |     pub status: String,
   |         ^^^^^^
   |
   = note: `SelectPalletQuantityRow` has a derived impl for the trait `Debug`, but this is intentionally ignored during dead code analysis

warning: field `id` is never read
  --> /wamn/components/data/wms-data/../../../packages/wms/generated/wamn/inventory_move.rs:53:9
   |
52 | pub(crate) struct ValidateLocationRow {
   |                   ------------------- field in this struct
53 |     pub id: wamn_postgres_statements::Uuid,
   |         ^^
   |
   = note: `ValidateLocationRow` has a derived impl for the trait `Debug`, but this is intentionally ignored during dead code analysis

warning: fields `id`, `row_version`, and `status` are never read
  --> /wamn/components/data/wms-data/../../../packages/wms/generated/wamn/inventory_split.rs:13:9
   |
12 | pub(crate) struct CreatePalletRow {
   |                   --------------- fields in this struct
13 |     pub id: wamn_postgres_statements::Uuid,
   |         ^^
14 |     pub row_version: i64,
   |         ^^^^^^^^^^^
15 |     pub status: String,
   |         ^^^^^^
   |
   = note: `CreatePalletRow` has a derived impl for the trait `Debug`, but this is intentionally ignored during dead code analysis

warning: field `id` is never read
  --> /wamn/components/data/wms-data/../../../packages/wms/generated/wamn/inventory_split.rs:34:9
   |
33 | pub(crate) struct InsertMovementRow {
   |                   ----------------- field in this struct
34 |     pub id: wamn_postgres_statements::Uuid,
   |         ^^
   |
   = note: `InsertMovementRow` has a derived impl for the trait `Debug`, but this is intentionally ignored during dead code analysis

warning: field `location_id` is never read
  --> /wamn/components/data/wms-data/../../../packages/wms/generated/wamn/inventory_split.rs:39:9
   |
38 | pub(crate) struct LockPalletRow {
   |                   ------------- field in this struct
39 |     pub location_id: wamn_postgres_statements::Uuid,
   |         ^^^^^^^^^^^
   |
   = note: `LockPalletRow` has a derived impl for the trait `Debug`, but this is intentionally ignored during dead code analysis

warning: fields `id` and `quantity` are never read
  --> /wamn/components/data/wms-data/../../../packages/wms/generated/wamn/inventory_split.rs:46:9
   |
45 | pub(crate) struct PlaceQuantityRow {
   |                   ---------------- fields in this struct
46 |     pub id: wamn_postgres_statements::Uuid,
   |         ^^
47 |     pub quantity: wamn_postgres_statements::Numeric,
   |         ^^^^^^^^
   |
   = note: `PlaceQuantityRow` has a derived impl for the trait `Debug`, but this is intentionally ignored during dead code analysis

warning: fields `id` and `quantity` are never read
  --> /wamn/components/data/wms-data/../../../packages/wms/generated/wamn/inventory_split.rs:57:9
   |
56 | pub(crate) struct TakeFromSourceRow {
   |                   ----------------- fields in this struct
57 |     pub id: wamn_postgres_statements::Uuid,
   |         ^^
58 |     pub quantity: wamn_postgres_statements::Numeric,
   |         ^^^^^^^^
   |
   = note: `TakeFromSourceRow` has a derived impl for the trait `Debug`, but this is intentionally ignored during dead code analysis

warning: field `id` is never read
  --> /wamn/components/data/wms-data/../../../packages/wms/generated/wamn/inventory_split.rs:69:9
   |
68 | pub(crate) struct ValidateLocationRow {
   |                   ------------------- field in this struct
69 |     pub id: wamn_postgres_statements::Uuid,
   |         ^^
   |
   = note: `ValidateLocationRow` has a derived impl for the trait `Debug`, but this is intentionally ignored during dead code analysis

warning: constant `REFUSALS` is never used
  --> data/wms-data/src/inventory_adjust.rs:28:18
   |
28 | pub(crate) const REFUSALS: &[AccessErrorKind] = &[
   |                  ^^^^^^^^

warning: constant `REFUSALS` is never used
  --> data/wms-data/src/inventory_aggregate.rs:14:18
   |
14 | pub(crate) const REFUSALS: &[AccessErrorKind] = &[
   |                  ^^^^^^^^

warning: constant `REFUSALS` is never used
  --> data/wms-data/src/inventory_merge.rs:30:18
   |
30 | pub(crate) const REFUSALS: &[AccessErrorKind] = &[
   |                  ^^^^^^^^

warning: constant `REFUSALS` is never used
  --> data/wms-data/src/inventory_move.rs:33:18
   |
33 | pub(crate) const REFUSALS: &[AccessErrorKind] = &[
   |                  ^^^^^^^^

warning: constant `REFUSALS` is never used
  --> data/wms-data/src/inventory_split.rs:29:18
   |
29 | pub(crate) const REFUSALS: &[AccessErrorKind] = &[
   |                  ^^^^^^^^

warning: constant `GET_REFUSALS` is never used
  --> data/wms-data/src/pallet.rs:16:18
   |
16 | pub(crate) const GET_REFUSALS: &[AccessErrorKind] = &[
   |                  ^^^^^^^^^^^^

warning: constant `QUERY_REFUSALS` is never used
  --> data/wms-data/src/pallet.rs:25:18
   |
25 | pub(crate) const QUERY_REFUSALS: &[AccessErrorKind] = &[
   |                  ^^^^^^^^^^^^^^

   Compiling client-acme-receiving v0.1.0 (/home/kaalin/.cache/wamn-lanes/p3-http-cutover-20260910/components/application/client-acme-receiving)
   Compiling receiving v0.1.0 (/home/kaalin/.cache/wamn-lanes/p3-http-cutover-20260910/components/application/receiving)
warning: `wamn-wms-data-access` (lib) generated 27 warnings
   Compiling wms v0.1.0 (/home/kaalin/.cache/wamn-lanes/p3-http-cutover-20260910/components/application/wms)
    Finished `release` profile [optimized] target(s) in 34.99s
   Compiling serde_core v1.0.229
   Compiling serde v1.0.229
   Compiling futures-sink v0.3.34
   Compiling futures-core v0.3.34
   Compiling slab v0.4.12
   Compiling futures-task v0.3.34
   Compiling futures-util v0.3.34
   Compiling futures-channel v0.3.34
   Compiling wit-bindgen v0.61.1
   Compiling futures-io v0.3.34
   Compiling futures v0.3.34
   Compiling serde_json v1.0.151
   Compiling schemars v0.8.22
   Compiling wamn-execution-contract v0.1.0 (/home/kaalin/.cache/wamn-lanes/p3-http-cutover-20260910/components/execution/contract)
   Compiling http-route v0.1.0 (/home/kaalin/.cache/wamn-lanes/p3-http-cutover-20260910/components/ingress/http-route)
    Finished `release` profile [optimized] target(s) in 6.21s
   Compiling wasmparser v0.236.1
   Compiling foldhash v0.1.5
   Compiling hashbrown v0.17.1
   Compiling semver v1.0.28
   Compiling hashbrown v0.15.5
   Compiling wasm-encoder v0.236.1
   Compiling id-arena v2.3.0
   Compiling unicode-xid v0.2.6
   Compiling syn v2.0.119
   Compiling serde_core v1.0.229
   Compiling indexmap v2.14.0
   Compiling wit-bindgen-rust v0.44.0
   Compiling wit-bindgen-rust-macro v0.44.0
   Compiling wit-bindgen-rt v0.44.0
   Compiling serde_json v1.0.151
   Compiling memchr v2.8.3
   Compiling bitflags v2.13.1
   Compiling dlmalloc v0.2.14
   Compiling prettyplease v0.2.37
   Compiling label-template v0.1.0 (/home/kaalin/.cache/wamn-lanes/p3-http-cutover-20260910/components/no-std/label-template)
   Compiling wit-parser v0.236.1
   Compiling wasm-metadata v0.236.1
   Compiling wit-bindgen-core v0.44.0
   Compiling wit-component v0.236.1
   Compiling wit-bindgen v0.44.0
   Compiling http-request v0.1.0 (/home/kaalin/.cache/wamn-lanes/p3-http-cutover-20260910/components/no-std/http-request)
   Compiling label-render v0.1.0 (/home/kaalin/.cache/wamn-lanes/p3-http-cutover-20260910/components/no-std/label-render)
   Compiling transform v0.1.0 (/home/kaalin/.cache/wamn-lanes/p3-http-cutover-20260910/components/no-std/transform)
warning: unused variable: `record`
  --> label-render/src/lib.rs:86:22
   |
86 |             let Some(record) = fields.as_object_mut() else {
   |                      ^^^^^^ help: if this is intentional, prefix it with an underscore: `_record`
   |
   = note: `#[warn(unused_variables)]` (part of `#[warn(unused)]`) on by default

warning: suspicious definition of the runtime `memcmp` symbol used by the standard library
  --> transform/src/../../guest_runtime.rs:60:1
   |
60 | unsafe extern "C" fn memcmp(left: *const u8, right: *const u8, length: usize) -> i32 {
   | ^^^^^^^^^^^^^^^^^^^^^^^^^^^^^^^^^^^^^^^^^^^^^^^^^^^^^^^^^^^^^^^^^^^^^^^^^^^^^^^^^^^^
   |
   = note: expected `unsafe extern "C" fn(*const c_void, *const c_void, usize) -> i32`
           found    `unsafe extern "C" fn(*const u8, *const u8, usize) -> i32`
   = help: either fix the signature or remove any attributes like `#[unsafe(no_mangle)]`, `#[unsafe(export_name = "memcmp")]`, or `#[link_name = "memcmp"]`
   = help: allow this lint if the signature is compatible
   = note: `#[warn(suspicious_runtime_symbol_definitions)]` on by default

warning: suspicious definition of the runtime `memcmp` symbol used by the standard library
  --> label-render/src/../../guest_runtime.rs:60:1
   |
60 | unsafe extern "C" fn memcmp(left: *const u8, right: *const u8, length: usize) -> i32 {
   | ^^^^^^^^^^^^^^^^^^^^^^^^^^^^^^^^^^^^^^^^^^^^^^^^^^^^^^^^^^^^^^^^^^^^^^^^^^^^^^^^^^^^
   |
   = note: expected `unsafe extern "C" fn(*const c_void, *const c_void, usize) -> i32`
           found    `unsafe extern "C" fn(*const u8, *const u8, usize) -> i32`
   = help: either fix the signature or remove any attributes like `#[unsafe(no_mangle)]`, `#[unsafe(export_name = "memcmp")]`, or `#[link_name = "memcmp"]`
   = help: allow this lint if the signature is compatible
   = note: `#[warn(suspicious_runtime_symbol_definitions)]` on by default

warning: suspicious definition of the runtime `memcmp` symbol used by the standard library
  --> http-request/src/../../guest_runtime.rs:60:1
   |
60 | unsafe extern "C" fn memcmp(left: *const u8, right: *const u8, length: usize) -> i32 {
   | ^^^^^^^^^^^^^^^^^^^^^^^^^^^^^^^^^^^^^^^^^^^^^^^^^^^^^^^^^^^^^^^^^^^^^^^^^^^^^^^^^^^^
   |
   = note: expected `unsafe extern "C" fn(*const c_void, *const c_void, usize) -> i32`
           found    `unsafe extern "C" fn(*const u8, *const u8, usize) -> i32`
   = help: either fix the signature or remove any attributes like `#[unsafe(no_mangle)]`, `#[unsafe(export_name = "memcmp")]`, or `#[link_name = "memcmp"]`
   = help: allow this lint if the signature is compatible
   = note: `#[warn(suspicious_runtime_symbol_definitions)]` on by default

warning: `transform` (lib) generated 1 warning
warning: `label-render` (lib) generated 2 warnings (run `cargo fix --lib -p label-render` to apply 1 suggestion)
warning: `http-request` (lib) generated 1 warning
    Finished `release` profile [optimized] target(s) in 15.29s
build-components: m1 normalizes 4 declared artifacts with profile std-empty-environment
   Compiling syn v3.0.4
   Compiling syn v2.0.119
   Compiling hashbrown v0.17.1
   Compiling serde v1.0.229
   Compiling semver v1.0.28
   Compiling indexmap v2.14.0
   Compiling smallvec v1.15.2
   Compiling rustix v1.1.4
   Compiling percent-encoding v2.3.2
   Compiling form_urlencoded v1.2.2
   Compiling wasmparser v0.252.0
   Compiling synstructure v0.13.2
   Compiling terminal_size v0.4.4
   Compiling spdx v0.13.5
   Compiling zerofrom-derive v0.1.7
   Compiling yoke-derive v0.8.2
   Compiling zerofrom v0.1.8
   Compiling thiserror-impl v1.0.69
   Compiling yoke v0.8.3
   Compiling hashbrown v0.16.1
   Compiling gimli v0.32.3
   Compiling serde_derive v1.0.229
   Compiling zerovec-derive v0.11.6
   Compiling zerovec v0.11.8
   Compiling displaydoc v0.2.7
   Compiling tinystr v0.8.4
   Compiling icu_locale_core v2.3.0
   Compiling zerotrie v0.2.5
   Compiling potential_utf v0.1.6
   Compiling icu_collections v2.3.0
   Compiling icu_provider v2.3.1
   Compiling wasmparser v0.247.0
   Compiling toml_datetime v0.6.11
   Compiling icu_normalizer v2.3.0
   Compiling icu_properties v2.3.0
   Compiling serde_spanned v0.6.9
   Compiling auditable-serde v0.9.0
   Compiling idna_adapter v1.2.2
   Compiling wasm-encoder v0.252.0
   Compiling idna v1.1.0
   Compiling toml_edit v0.22.27
   Compiling url v2.5.8
   Compiling wasm-metadata v0.252.0
   Compiling wit-parser v0.252.0
   Compiling wasmparser v0.245.1
   Compiling thiserror v1.0.69
   Compiling clap_derive v4.6.4
   Compiling wac-types v0.10.1
   Compiling wasm-metadata v0.247.0
   Compiling clap_builder v4.6.6
   Compiling petgraph v0.6.5
   Compiling walrus-macro v0.26.0
   Compiling walrus v0.26.5
   Compiling wac-graph v0.10.1
   Compiling clap v4.6.6
   Compiling wit-component v0.252.0
   Compiling toml v0.8.23
   Compiling wasi-virt v0.2.0 (https://github.com/bytecodealliance/WASI-Virt.git?rev=448f6df8f688cee5d6995e96b1ffc31f9bf00742#448f6df8)
   Compiling wamn-component-virtualizer v0.1.0 (/home/kaalin/.cache/wamn-lanes/p3-http-cutover-20260910/crates/platform/component-virtualizer)
    Finished `dev` profile [unoptimized + debuginfo] target(s) in 35.00s
     Running `target/debug/wamn-component-virtualizer --input /home/kaalin/.cache/wamn-lanes/p3-http-cutover-20260910/target/wasm32-wasip2/release/blob_put.wasm --output /home/kaalin/.cache/wamn-lanes/p3-http-cutover-20260910/target/virtualized/std-empty-environment/blob_put.wasm.partial.1685916`
wasi-virt-source-rev=448f6df8f688cee5d6995e96b1ffc31f9bf00742 wasi-virt-adapter-sha256=sha256:28eff8a2255812b440fbad2784a5a87660321e667331c17fb9a95f29caa85632
build-components: normalized blob-put -> /home/kaalin/.cache/wamn-lanes/p3-http-cutover-20260910/target/virtualized/std-empty-environment/blob_put.wasm
    Finished `dev` profile [unoptimized + debuginfo] target(s) in 0.34s
     Running `target/debug/wamn-component-virtualizer --input /home/kaalin/.cache/wamn-lanes/p3-http-cutover-20260910/target/wasm32-wasip2/release/client_acme_receiving.wasm --output /home/kaalin/.cache/wamn-lanes/p3-http-cutover-20260910/target/virtualized/std-empty-environment/client_acme_receiving.wasm.partial.1685916`
wasi-virt-source-rev=448f6df8f688cee5d6995e96b1ffc31f9bf00742 wasi-virt-adapter-sha256=sha256:28eff8a2255812b440fbad2784a5a87660321e667331c17fb9a95f29caa85632
build-components: normalized client-acme-receiving -> /home/kaalin/.cache/wamn-lanes/p3-http-cutover-20260910/target/virtualized/std-empty-environment/client_acme_receiving.wasm
    Finished `dev` profile [unoptimized + debuginfo] target(s) in 0.26s
     Running `target/debug/wamn-component-virtualizer --input /home/kaalin/.cache/wamn-lanes/p3-http-cutover-20260910/target/wasm32-wasip2/release/receiving.wasm --output /home/kaalin/.cache/wamn-lanes/p3-http-cutover-20260910/target/virtualized/std-empty-environment/receiving.wasm.partial.1685916`
wasi-virt-source-rev=448f6df8f688cee5d6995e96b1ffc31f9bf00742 wasi-virt-adapter-sha256=sha256:28eff8a2255812b440fbad2784a5a87660321e667331c17fb9a95f29caa85632
build-components: normalized receiving -> /home/kaalin/.cache/wamn-lanes/p3-http-cutover-20260910/target/virtualized/std-empty-environment/receiving.wasm
    Finished `dev` profile [unoptimized + debuginfo] target(s) in 0.55s
     Running `target/debug/wamn-component-virtualizer --input /home/kaalin/.cache/wamn-lanes/p3-http-cutover-20260910/target/wasm32-wasip2/release/wms.wasm --output /home/kaalin/.cache/wamn-lanes/p3-http-cutover-20260910/target/virtualized/std-empty-environment/wms.wasm.partial.1685916`
wasi-virt-source-rev=448f6df8f688cee5d6995e96b1ffc31f9bf00742 wasi-virt-adapter-sha256=sha256:28eff8a2255812b440fbad2784a5a87660321e667331c17fb9a95f29caa85632
build-components: normalized wms -> /home/kaalin/.cache/wamn-lanes/p3-http-cutover-20260910/target/virtualized/std-empty-environment/wms.wasm
   Compiling postgres-types v0.2.14
   Compiling wamn-catalog v0.1.0 (/home/kaalin/.cache/wamn-lanes/p3-http-cutover-20260910/crates/catalog/model)
   Compiling opentelemetry_sdk v0.31.0
   Compiling wamn-run-state v0.1.0 (/home/kaalin/.cache/wamn-lanes/p3-http-cutover-20260910/crates/execution/run-state)
warning: function `canonical_serialized` is never used
   --> crates/catalog/model/src/lib.rs:792:4
    |
792 | fn canonical_serialized(value: &impl Serialize) -> Vec<u8> {
    |    ^^^^^^^^^^^^^^^^^^^^
    |
    = note: `#[warn(dead_code)]` (part of `#[warn(unused)]`) on by default

   Compiling tokio-postgres v0.7.18
warning: `wamn-catalog` (lib) generated 1 warning
   Compiling tracing-opentelemetry v0.32.1
   Compiling opentelemetry-proto v0.31.0
   Compiling opentelemetry-appender-tracing v0.31.1
   Compiling wamn-router v0.1.0 (/home/kaalin/.cache/wamn-lanes/p3-http-cutover-20260910/crates/execution/router)
   Compiling wamn-schema-introspection v0.1.0 (/home/kaalin/.cache/wamn-lanes/p3-http-cutover-20260910/crates/schema/introspection)
   Compiling opentelemetry-otlp v0.31.1
   Compiling wash-runtime v2.9.0 (https://github.com/wasmCloud/wasmCloud?rev=68ebece9c537f8bb4b5c9999f274ec68d60f35a9#68ebece9)
   Compiling deadpool-postgres v0.14.2
   Compiling wamn-platform-identity v0.1.0 (/home/kaalin/.cache/wamn-lanes/p3-http-cutover-20260910/crates/identity/platform)
   Compiling wamn-schema-generator v0.1.0 (/home/kaalin/.cache/wamn-lanes/p3-http-cutover-20260910/crates/schema/generator)
   Compiling wamn-control-provision v0.1.0 (/home/kaalin/.cache/wamn-lanes/p3-http-cutover-20260910/crates/control/provision)
   Compiling wamn-schema-control v0.1.0 (/home/kaalin/.cache/wamn-lanes/p3-http-cutover-20260910/crates/schema/control)
   Compiling wamn-cdc-reader v0.1.0 (/home/kaalin/.cache/wamn-lanes/p3-http-cutover-20260910/services/cdc-reader)
   Compiling wamn-runtime v0.1.0 (/home/kaalin/.cache/wamn-lanes/p3-http-cutover-20260910/crates/platform/runtime)
warning: the item `Future` is imported redundantly
 --> crates/platform/runtime/src/connection_authority.rs:3:5
  |
3 | use std::future::Future;
  |     ^^^^^^^^^^^^^^^^^^^
  |
 --> /rustc/88d9e12ae178fab0fb5cc050a94da85685d449ea/library/std/src/prelude/mod.rs:166:12
  |
  = note: the item `Future` is already defined here
  |
  = note: requested on the command line with `-W redundant-imports`

warning: the item `Future` is imported redundantly
 --> crates/platform/runtime/src/plugins/wamn_postgres/pool.rs:7:5
  |
7 | use std::future::Future;
  |     ^^^^^^^^^^^^^^^^^^^
  |
 --> /rustc/88d9e12ae178fab0fb5cc050a94da85685d449ea/library/std/src/prelude/mod.rs:166:12
  |
  = note: the item `Future` is already defined here

warning: constant `HTTP_CONTRACT` is never used
  --> crates/platform/runtime/src/plugins/connection_http.rs:52:7
   |
52 | const HTTP_CONTRACT: &str = "wamn:connection/http@0.1.0";
   |       ^^^^^^^^^^^^^
   |
   = note: `#[warn(dead_code)]` (part of `#[warn(unused)]`) on by default

warning: type does not implement `std::fmt::Debug`; consider adding `#[derive(Debug)]` or a manual implementation
   --> crates/platform/runtime/src/plugins/connection_http.rs:114:1
    |
114 | / pub struct ConnectionHttp {
115 | |     postgres: Arc<WamnPostgres>,
116 | |     vault: Arc<WamnCredentials>,
117 | |     tenant: Box<str>,
...   |
133 | |     invocations: std::sync::RwLock<HashMap<String, ConnectionInvocation>>,
134 | | }
    | |_^
    |
    = note: requested on the command line with `-W missing-debug-implementations`

warning: type does not implement `std::fmt::Debug`; consider adding `#[derive(Debug)]` or a manual implementation
  --> crates/platform/runtime/src/plugins/wamn_credentials.rs:27:1
   |
27 | / pub struct WamnCredentials {
28 | |     /// Whether ANY backing source was configured. Distinguishes `unavailable`
29 | |     /// (no source — retryable) from `not-found` (source present, name absent —
30 | |     /// config-shaped).
...  |
33 | |     projects: HashMap<String, HashMap<String, String>>,
34 | | }
   | |_^

warning: type does not implement `std::fmt::Debug`; consider adding `#[derive(Debug)]` or a manual implementation
   --> crates/platform/runtime/src/plugins/wamn_jetstream.rs:544:1
    |
544 | / pub struct WamnJetstream {
545 | |     nats_url: Option<String>,
546 | |     /// Lazily-connected, memoized JetStream context. A `Mutex<Option<_>>` (not a
547 | |     /// `OnceCell`) so a transient connect failure is retried on the next call
...   |
569 | |     dlq_depth: Arc<DeadLetterDepth>,
570 | | }
    | |_^

warning: type does not implement `std::fmt::Debug`; consider adding `#[derive(Debug)]` or a manual implementation
    --> crates/platform/runtime/src/plugins/wamn_jetstream.rs:1209:1
     |
1209 | / pub struct JsConsumer {
1210 | |     consumer: Consumer<PullConfig>,
1211 | |     dead_letter: Option<DeadLetterIdentity>,
1212 | | }
     | |_^

warning: type does not implement `std::fmt::Debug`; consider adding `#[derive(Debug)]` or a manual implementation
    --> crates/platform/runtime/src/plugins/wamn_jetstream.rs:1216:1
     |
1216 | / pub struct JsMessage {
1217 | |     msg: async_nats::jetstream::Message,
1218 | |     dead_letter: Option<DeadLetterIdentity>,
1219 | | }
     | |_^

warning: type does not implement `std::fmt::Debug`; consider adding `#[derive(Debug)]` or a manual implementation
   --> crates/platform/runtime/src/plugins/wamn_logging.rs:213:1
    |
213 | / pub struct Capture {
214 | |     records: std::sync::Mutex<Vec<CapturedRec>>,
215 | | }
    | |_^

warning: type does not implement `std::fmt::Debug`; consider adding `#[derive(Debug)]` or a manual implementation
   --> crates/platform/runtime/src/plugins/wamn_logging.rs:235:1
    |
235 | / pub struct WamnLogging {
236 | |     /// component id → host-trusted {tenant, project}.
237 | |     claims: std::sync::RwLock<HashMap<String, Claim>>,
238 | |     /// Bounded front queue; `try_send` keeps `log()` non-blocking.
...   |
243 | |     _drain: tokio::task::JoinHandle<()>,
244 | | }
    | |_^

warning: type does not implement `std::fmt::Debug`; consider adding `#[derive(Debug)]` or a manual implementation
   --> crates/platform/runtime/src/plugins/wamn_postgres/claims.rs:55:1
    |
 55 | / pub struct WamnPostgres {
 56 | |     /// Resolves a project id → its database connection + policy.
 57 | |     provider: Arc<dyn CredentialProvider>,
 58 | |     /// Guest-visible project pools, built lazily and never shared with host-owned
...   |
121 | |     pub(super) bind_counters: super::BindCounters,
122 | | }
    | |_^

warning: type does not implement `std::fmt::Debug`; consider adding `#[derive(Debug)]` or a manual implementation
   --> crates/platform/runtime/src/plugins/wamn_postgres/pool.rs:339:1
    |
339 | / pub struct StaticCredentialProvider {
340 | |     projects: HashMap<String, ProjectConfig>,
341 | | }
    | |_^

warning: type does not implement `std::fmt::Debug`; consider adding `#[derive(Debug)]` or a manual implementation
   --> crates/platform/runtime/src/plugins/wamn_postgres/pool.rs:514:1
    |
514 | / pub struct K8sSecretProvider {
515 | |     pub namespace: String,
516 | | }
    | |_^

warning: type does not implement `std::fmt::Debug`; consider adding `#[derive(Debug)]` or a manual implementation
   --> crates/platform/runtime/src/plugins/wamn_postgres/resources.rs:99:1
    |
 99 | / pub struct PgTransaction {
100 | |     state: SharedTxnState,
101 | |     destroyed: Arc<AtomicU64>,
102 | |     cursor_seq: u32,
103 | |     /// Row limit of the project this transaction's connection belongs to.
104 | |     row_limit: u64,
105 | | }
    | |_^

warning: type does not implement `std::fmt::Debug`; consider adding `#[derive(Debug)]` or a manual implementation
   --> crates/platform/runtime/src/plugins/wamn_postgres/resources.rs:145:1
    |
145 | / pub struct PgCursor {
146 | |     state: SharedTxnState,
147 | |     destroyed: Arc<AtomicU64>,
148 | |     name: String,
149 | | }
    | |_^

warning: type does not implement `std::fmt::Debug`; consider adding `#[derive(Debug)]` or a manual implementation
   --> crates/platform/runtime/src/wiring_doorbell.rs:145:1
    |
145 | / pub struct WiringDoorbellListener {
146 | |     shutdown: tokio::sync::watch::Sender<bool>,
147 | |     task: tokio::task::JoinHandle<()>,
148 | | }
    | |_^

   Compiling wamn-ctl v0.1.0 (/home/kaalin/.cache/wamn-lanes/p3-http-cutover-20260910/services/ctl)
   Compiling wamn-execution-host v0.1.0 (/home/kaalin/.cache/wamn-lanes/p3-http-cutover-20260910/crates/execution/host)
   Compiling wamn-scenario-worker v0.1.0 (/home/kaalin/.cache/wamn-lanes/p3-http-cutover-20260910/services/scenario-worker)
warning: type does not implement `std::fmt::Debug`; consider adding `#[derive(Debug)]` or a manual implementation
   --> services/scenario-worker/src/authoring.rs:218:1
    |
218 | / pub struct InternalAuthoringBackend {
219 | |     authority: InternalDevAdmin,
220 | |     client: Client,
221 | |     connection_task: tokio::task::JoinHandle<()>,
222 | |     tenant_id: Box<str>,
223 | |     source_schema: BareSchemaName,
224 | | }
    | |_^
    |
    = note: requested on the command line with `-W missing-debug-implementations`

warning: type does not implement `std::fmt::Debug`; consider adding `#[derive(Debug)]` or a manual implementation
   --> services/scenario-worker/src/store/admission.rs:316:1
    |
316 | / pub struct AdmissionSurface {
317 | |     /// The explicit credential and exact server-side predicates are retained so
318 | |     /// every replacement physical connection is checked identically.
319 | |     probe: CredentialExactnessProbe,
...   |
322 | |     tenant_id: Box<str>,
323 | | }
    | |_^

warning: `wamn-scenario-worker` (lib) generated 2 warnings
   Compiling wamn-executor v0.1.0 (/home/kaalin/.cache/wamn-lanes/p3-http-cutover-20260910/services/executor)
warning: function `run_once_stages` is never used
   --> services/ctl/src/dev.rs:603:10
    |
603 | async fn run_once_stages<R>(
    |          ^^^^^^^^^^^^^^^
    |
    = note: `#[warn(dead_code)]` (part of `#[warn(unused)]`) on by default

warning: function `verify_source_package_with_client` is never used
    --> services/ctl/src/push_component.rs:1301:10
     |
1301 | async fn verify_source_package_with_client(
     |          ^^^^^^^^^^^^^^^^^^^^^^^^^^^^^^^^^

warning: `wamn-runtime` (lib) generated 16 warnings
warning: `wamn-ctl` (lib) generated 2 warnings
    Finished `dev` profile [unoptimized + debuginfo] target(s) in 1m 31s
warning: function `canonical_serialized` is never used
   --> crates/catalog/model/src/lib.rs:792:4
    |
792 | fn canonical_serialized(value: &impl Serialize) -> Vec<u8> {
    |    ^^^^^^^^^^^^^^^^^^^^
    |
    = note: `#[warn(dead_code)]` (part of `#[warn(unused)]`) on by default

warning: `wamn-catalog` (lib) generated 1 warning
   Compiling wamn-schema-generator v0.1.0 (/home/kaalin/.cache/wamn-lanes/p3-http-cutover-20260910/crates/schema/generator)
   Compiling wamn-runtime v0.1.0 (/home/kaalin/.cache/wamn-lanes/p3-http-cutover-20260910/crates/platform/runtime)
warning: type does not implement `std::fmt::Debug`; consider adding `#[derive(Debug)]` or a manual implementation
  --> test-support/harness/src/ceiling.rs:72:1
   |
72 | / pub struct Ramp {
73 | |     tolerance: f64,
74 | |     max_levels: usize,
75 | |     levels: Vec<LevelStats>,
...  |
82 | |     retrying: bool,
83 | | }
   | |_^
   |
   = note: requested on the command line with `-W missing-debug-implementations`

warning: `wamn-gate-harness` (lib) generated 1 warning
   Compiling wamn-control-provision v0.1.0 (/home/kaalin/.cache/wamn-lanes/p3-http-cutover-20260910/crates/control/provision)
   Compiling wamn-schema-control v0.1.0 (/home/kaalin/.cache/wamn-lanes/p3-http-cutover-20260910/crates/schema/control)
warning: the item `Future` is imported redundantly
 --> crates/platform/runtime/src/connection_authority.rs:3:5
  |
3 | use std::future::Future;
  |     ^^^^^^^^^^^^^^^^^^^
  |
 --> /rustc/88d9e12ae178fab0fb5cc050a94da85685d449ea/library/std/src/prelude/mod.rs:166:12
  |
  = note: the item `Future` is already defined here
  |
  = note: requested on the command line with `-W redundant-imports`

warning: the item `Future` is imported redundantly
 --> crates/platform/runtime/src/plugins/wamn_postgres/pool.rs:7:5
  |
7 | use std::future::Future;
  |     ^^^^^^^^^^^^^^^^^^^
  |
 --> /rustc/88d9e12ae178fab0fb5cc050a94da85685d449ea/library/std/src/prelude/mod.rs:166:12
  |
  = note: the item `Future` is already defined here

warning: constant `HTTP_CONTRACT` is never used
  --> crates/platform/runtime/src/plugins/connection_http.rs:52:7
   |
52 | const HTTP_CONTRACT: &str = "wamn:connection/http@0.1.0";
   |       ^^^^^^^^^^^^^
   |
   = note: `#[warn(dead_code)]` (part of `#[warn(unused)]`) on by default

warning: type does not implement `std::fmt::Debug`; consider adding `#[derive(Debug)]` or a manual implementation
   --> crates/platform/runtime/src/plugins/connection_http.rs:114:1
    |
114 | / pub struct ConnectionHttp {
115 | |     postgres: Arc<WamnPostgres>,
116 | |     vault: Arc<WamnCredentials>,
117 | |     tenant: Box<str>,
...   |
133 | |     invocations: std::sync::RwLock<HashMap<String, ConnectionInvocation>>,
134 | | }
    | |_^
    |
    = note: requested on the command line with `-W missing-debug-implementations`

warning: type does not implement `std::fmt::Debug`; consider adding `#[derive(Debug)]` or a manual implementation
  --> crates/platform/runtime/src/plugins/wamn_credentials.rs:27:1
   |
27 | / pub struct WamnCredentials {
28 | |     /// Whether ANY backing source was configured. Distinguishes `unavailable`
29 | |     /// (no source — retryable) from `not-found` (source present, name absent —
30 | |     /// config-shaped).
...  |
33 | |     projects: HashMap<String, HashMap<String, String>>,
34 | | }
   | |_^

warning: type does not implement `std::fmt::Debug`; consider adding `#[derive(Debug)]` or a manual implementation
   --> crates/platform/runtime/src/plugins/wamn_jetstream.rs:544:1
    |
544 | / pub struct WamnJetstream {
545 | |     nats_url: Option<String>,
546 | |     /// Lazily-connected, memoized JetStream context. A `Mutex<Option<_>>` (not a
547 | |     /// `OnceCell`) so a transient connect failure is retried on the next call
...   |
569 | |     dlq_depth: Arc<DeadLetterDepth>,
570 | | }
    | |_^

warning: type does not implement `std::fmt::Debug`; consider adding `#[derive(Debug)]` or a manual implementation
    --> crates/platform/runtime/src/plugins/wamn_jetstream.rs:1209:1
     |
1209 | / pub struct JsConsumer {
1210 | |     consumer: Consumer<PullConfig>,
1211 | |     dead_letter: Option<DeadLetterIdentity>,
1212 | | }
     | |_^

warning: type does not implement `std::fmt::Debug`; consider adding `#[derive(Debug)]` or a manual implementation
    --> crates/platform/runtime/src/plugins/wamn_jetstream.rs:1216:1
     |
1216 | / pub struct JsMessage {
1217 | |     msg: async_nats::jetstream::Message,
1218 | |     dead_letter: Option<DeadLetterIdentity>,
1219 | | }
     | |_^

warning: type does not implement `std::fmt::Debug`; consider adding `#[derive(Debug)]` or a manual implementation
   --> crates/platform/runtime/src/plugins/wamn_logging.rs:213:1
    |
213 | / pub struct Capture {
214 | |     records: std::sync::Mutex<Vec<CapturedRec>>,
215 | | }
    | |_^

warning: type does not implement `std::fmt::Debug`; consider adding `#[derive(Debug)]` or a manual implementation
   --> crates/platform/runtime/src/plugins/wamn_logging.rs:235:1
    |
235 | / pub struct WamnLogging {
236 | |     /// component id → host-trusted {tenant, project}.
237 | |     claims: std::sync::RwLock<HashMap<String, Claim>>,
238 | |     /// Bounded front queue; `try_send` keeps `log()` non-blocking.
...   |
243 | |     _drain: tokio::task::JoinHandle<()>,
244 | | }
    | |_^

warning: type does not implement `std::fmt::Debug`; consider adding `#[derive(Debug)]` or a manual implementation
   --> crates/platform/runtime/src/plugins/wamn_postgres/claims.rs:55:1
    |
 55 | / pub struct WamnPostgres {
 56 | |     /// Resolves a project id → its database connection + policy.
 57 | |     provider: Arc<dyn CredentialProvider>,
 58 | |     /// Guest-visible project pools, built lazily and never shared with host-owned
...   |
121 | |     pub(super) bind_counters: super::BindCounters,
122 | | }
    | |_^

warning: type does not implement `std::fmt::Debug`; consider adding `#[derive(Debug)]` or a manual implementation
   --> crates/platform/runtime/src/plugins/wamn_postgres/pool.rs:339:1
    |
339 | / pub struct StaticCredentialProvider {
340 | |     projects: HashMap<String, ProjectConfig>,
341 | | }
    | |_^

warning: type does not implement `std::fmt::Debug`; consider adding `#[derive(Debug)]` or a manual implementation
   --> crates/platform/runtime/src/plugins/wamn_postgres/pool.rs:514:1
    |
514 | / pub struct K8sSecretProvider {
515 | |     pub namespace: String,
516 | | }
    | |_^

warning: type does not implement `std::fmt::Debug`; consider adding `#[derive(Debug)]` or a manual implementation
   --> crates/platform/runtime/src/plugins/wamn_postgres/resources.rs:99:1
    |
 99 | / pub struct PgTransaction {
100 | |     state: SharedTxnState,
101 | |     destroyed: Arc<AtomicU64>,
102 | |     cursor_seq: u32,
103 | |     /// Row limit of the project this transaction's connection belongs to.
104 | |     row_limit: u64,
105 | | }
    | |_^

warning: type does not implement `std::fmt::Debug`; consider adding `#[derive(Debug)]` or a manual implementation
   --> crates/platform/runtime/src/plugins/wamn_postgres/resources.rs:145:1
    |
145 | / pub struct PgCursor {
146 | |     state: SharedTxnState,
147 | |     destroyed: Arc<AtomicU64>,
148 | |     name: String,
149 | | }
    | |_^

warning: type does not implement `std::fmt::Debug`; consider adding `#[derive(Debug)]` or a manual implementation
   --> crates/platform/runtime/src/wiring_doorbell.rs:145:1
    |
145 | / pub struct WiringDoorbellListener {
146 | |     shutdown: tokio::sync::watch::Sender<bool>,
147 | |     task: tokio::task::JoinHandle<()>,
148 | | }
    | |_^

   Compiling wamn-scenario-worker v0.1.0 (/home/kaalin/.cache/wamn-lanes/p3-http-cutover-20260910/services/scenario-worker)
   Compiling wamn-ctl v0.1.0 (/home/kaalin/.cache/wamn-lanes/p3-http-cutover-20260910/services/ctl)
   Compiling wamn-execution-host v0.1.0 (/home/kaalin/.cache/wamn-lanes/p3-http-cutover-20260910/crates/execution/host)
warning: type does not implement `std::fmt::Debug`; consider adding `#[derive(Debug)]` or a manual implementation
   --> services/scenario-worker/src/authoring.rs:218:1
    |
218 | / pub struct InternalAuthoringBackend {
219 | |     authority: InternalDevAdmin,
220 | |     client: Client,
221 | |     connection_task: tokio::task::JoinHandle<()>,
222 | |     tenant_id: Box<str>,
223 | |     source_schema: BareSchemaName,
224 | | }
    | |_^
    |
    = note: requested on the command line with `-W missing-debug-implementations`

warning: type does not implement `std::fmt::Debug`; consider adding `#[derive(Debug)]` or a manual implementation
   --> services/scenario-worker/src/store/admission.rs:316:1
    |
316 | / pub struct AdmissionSurface {
317 | |     /// The explicit credential and exact server-side predicates are retained so
318 | |     /// every replacement physical connection is checked identically.
319 | |     probe: CredentialExactnessProbe,
...   |
322 | |     tenant_id: Box<str>,
323 | | }
    | |_^

warning: `wamn-runtime` (lib) generated 16 warnings
warning: `wamn-scenario-worker` (lib) generated 2 warnings
warning: function `run_once_stages` is never used
   --> services/ctl/src/dev.rs:603:10
    |
603 | async fn run_once_stages<R>(
    |          ^^^^^^^^^^^^^^^
    |
    = note: `#[warn(dead_code)]` (part of `#[warn(unused)]`) on by default

warning: function `verify_source_package_with_client` is never used
    --> services/ctl/src/push_component.rs:1301:10
     |
1301 | async fn verify_source_package_with_client(
     |          ^^^^^^^^^^^^^^^^^^^^^^^^^^^^^^^^^

   Compiling wamn-proof-integration v0.1.0 (/home/kaalin/.cache/wamn-lanes/p3-http-cutover-20260910/tests/integration)
warning: `wamn-ctl` (lib) generated 2 warnings
warning: function `models` is never used
  --> tests/integration/src/measurement_schema.rs:25:8
   |
25 | pub fn models(schema: &str) -> Vec<ManagedModel> {
   |        ^^^^^^
   |
   = note: `#[warn(dead_code)]` (part of `#[warn(unused)]`) on by default

warning: field `release` is never read
   --> tests/integration/src/trusted_http_route.rs:110:16
    |
105 | pub struct TrustedHttpRoute {
    |            ---------------- field in this struct
...
110 |     pub(crate) release: Arc<ReleaseManifestWeld>,
    |                ^^^^^^^

warning: type does not implement `std::fmt::Debug`; consider adding `#[derive(Debug)]` or a manual implementation
   --> tests/integration/src/trusted_http_route.rs:105:1
    |
105 | / pub struct TrustedHttpRoute {
106 | |     pub driver: Arc<RouterDriver>,
107 | |     /// The same welded release the driver authorizes. Callers that exercise a
108 | |     /// release-owned ingress plugin must share this exact weld rather than mint
...   |
116 | |     pub wiring_hash: String,
117 | | }
    | |_^
    |
    = note: requested on the command line with `-W missing-debug-implementations`

warning: `wamn-proof-integration` (lib) generated 3 warnings
    Finished `test` profile [unoptimized + debuginfo] target(s) in 22.14s
  Executable tests/receiving_command_histories_live.rs (target/debug/deps/receiving_command_histories_live-064e76e913fda3df)
#0 building with "default" instance using docker driver

#1 [internal] load build definition from Dockerfile
#1 transferring dockerfile:
#1 transferring dockerfile: 19.05kB done
#1 DONE 1.5s

#2 [internal] load metadata for docker.io/library/rust:1.98-trixie
#2 DONE 0.0s

#3 [internal] load metadata for docker.io/library/debian:trixie-slim
#3 DONE 0.0s

#4 [internal] load .dockerignore
#4 transferring context:
#4 transferring context: 245B done
#4 DONE 1.2s

#5 [host 1/3] FROM docker.io/library/debian:trixie-slim
#5 DONE 0.0s

#6 [chef 1/4] FROM docker.io/library/rust:1.98-trixie
#6 DONE 0.0s

#7 [internal] load build context
#7 transferring context: 15.84MB 0.4s done
#7 DONE 2.0s

#8 [chef 2/4] RUN apt-get update && apt-get install -y --no-install-recommends clang mold protobuf-compiler libprotobuf-dev git && rm -rf /var/lib/apt/lists/*
#8 CACHED

#9 [chef 3/4] WORKDIR /build
#9 CACHED

#10 [chef 4/4] RUN --mount=type=cache,id=wamn-chef-cargo-registry,target=/usr/local/cargo/registry,sharing=locked     --mount=type=cache,id=wamn-chef-cargo-git,target=/usr/local/cargo/git,sharing=locked     cargo install cargo-chef --version 0.1.77 --locked
#10 CACHED

#11 [root-planner 1/8] COPY Cargo.toml Cargo.lock ./
#11 DONE 3.7s

#12 [root-planner 2/8] COPY crates ./crates
#12 DONE 0.2s

#13 [root-planner 3/8] COPY components ./components
#13 DONE 0.2s

#14 [root-planner 4/8] COPY packages ./packages
#14 DONE 0.2s

#15 [root-planner 5/8] COPY services ./services
#15 DONE 0.2s

#16 [root-planner 6/8] COPY test-support ./test-support
#16 DONE 0.1s

#17 [root-planner 7/8] COPY tests ./tests
#17 DONE 0.1s

#18 [root-planner 8/8] RUN cargo chef prepare --recipe-path root-recipe.json
#18 DONE 0.4s

#19 [root-recipe 1/3] COPY .cargo/config.toml ./.cargo/config.toml
#19 CACHED

#20 [root-source 1/2] COPY .cargo/config.toml ./.cargo/config.toml
#20 DONE 0.2s

#21 [root-recipe 2/3] COPY --from=root-planner /build/root-recipe.json ./root-recipe.json
#21 DONE 0.2s

#22 [root-source 2/2] COPY deploy ./deploy
#22 DONE 0.2s

#23 [root-recipe 3/3] COPY components ./components
#23 DONE 0.2s

#24 [cook-host 1/1] RUN --mount=type=cache,id=wamn-root-cargo-registry,target=/usr/local/cargo/registry,sharing=locked     --mount=type=cache,id=wamn-root-cargo-git,target=/usr/local/cargo/git,sharing=locked     --mount=type=cache,id=wamn-root-target,target=/build/target,sharing=locked     cargo chef cook --locked --release --recipe-path root-recipe.json -p wamn-host
#24 1.238    Compiling wamn-execution-contract v0.1.0 (/build/components/execution/contract)
#24 1.238    Compiling wamn-event-wire v0.1.0 (/build/components/events/wire)
#24 1.239    Compiling wamn-component-policy v0.0.1 (/build/crates/platform/component-policy)
#24 1.248    Compiling wamn-pg-core v0.0.1 (/build/crates/platform/pg-core)
#24 1.372    Compiling wamn-control-registry v0.0.1 (/build/crates/control/registry)
#24 1.375    Compiling wamn-platform-identity v0.0.1 (/build/crates/identity/platform)
#24 1.397    Compiling wamn-schema-introspection v0.0.1 (/build/crates/schema/introspection)
#24 1.707    Compiling wamn-router v0.0.1 (/build/crates/execution/router)
#24 1.713    Compiling wamn-catalog v0.0.1 (/build/crates/catalog/model)
#24 1.736    Compiling wamn-run-state v0.0.1 (/build/crates/execution/run-state)
#24 1.741    Compiling wamn-schema-generator v0.0.1 (/build/crates/schema/generator)
#24 1.766    Compiling wamn-runtime v0.0.1 (/build/crates/platform/runtime)
#24 1.770    Compiling wamn-control-provision v0.0.1 (/build/crates/control/provision)
#24 1.802    Compiling wamn-execution-host v0.0.1 (/build/crates/execution/host)
#24 2.293    Compiling wamn-host v0.0.1 (/build/services/host)
#24 5.281     Finished `release` profile [optimized] target(s) in 4.96s
#24 DONE 6.3s

#25 [build-host 1/2] COPY --from=root-source /build /build
#25 DONE 0.3s

#26 [build-host 2/2] RUN --mount=type=cache,id=wamn-root-cargo-registry,target=/usr/local/cargo/registry,sharing=locked     --mount=type=cache,id=wamn-root-cargo-git,target=/usr/local/cargo/git,sharing=locked     --mount=type=cache,id=wamn-root-target,target=/build/target,sharing=locked     cargo build --locked --release -p wamn-host  && install -D -m 0755 target/release/wamn-host /native-output/wamn-host
#26 0.640    Compiling wamn-component-policy v0.1.0 (/build/crates/platform/component-policy)
#26 0.645    Compiling wamn-pg-core v0.1.0 (/build/crates/platform/pg-core)
#26 0.650    Compiling wamn-control-registry v0.1.0 (/build/crates/control/registry)
#26 0.653    Compiling wamn-router v0.1.0 (/build/crates/execution/router)
#26 0.773    Compiling wamn-catalog v0.1.0 (/build/crates/catalog/model)
#26 0.936    Compiling wamn-run-state v0.1.0 (/build/crates/execution/run-state)
#26 1.941    Compiling wamn-schema-introspection v0.1.0 (/build/crates/schema/introspection)
#26 2.304 warning: function `canonical_serialized` is never used
#26 2.304    --> crates/catalog/model/src/lib.rs:792:4
#26 2.304     |
#26 2.304 792 | fn canonical_serialized(value: &impl Serialize) -> Vec<u8> {
#26 2.304     |    ^^^^^^^^^^^^^^^^^^^^
#26 2.304     |
#26 2.304     = note: `#[warn(dead_code)]` (part of `#[warn(unused)]`) on by default
#26 2.304 
#26 3.274    Compiling wamn-platform-identity v0.1.0 (/build/crates/identity/platform)
#26 4.247    Compiling wamn-runtime v0.1.0 (/build/crates/platform/runtime)
#26 5.140    Compiling wamn-schema-generator v0.1.0 (/build/crates/schema/generator)
#26 5.586 warning: the item `Future` is imported redundantly
#26 5.586  --> crates/platform/runtime/src/connection_authority.rs:3:5
#26 5.586   |
#26 5.586 3 | use std::future::Future;
#26 5.586   |     ^^^^^^^^^^^^^^^^^^^
#26 5.586   |
#26 5.586  --> /rustc/88d9e12ae178fab0fb5cc050a94da85685d449ea/library/std/src/prelude/mod.rs:166:12
#26 5.586   |
#26 5.586   = note: the item `Future` is already defined here
#26 5.586   |
#26 5.586   = note: requested on the command line with `-W redundant-imports`
#26 5.586 
#26 5.619 warning: the item `Future` is imported redundantly
#26 5.619  --> crates/platform/runtime/src/plugins/wamn_postgres/pool.rs:7:5
#26 5.619   |
#26 5.619 7 | use std::future::Future;
#26 5.619   |     ^^^^^^^^^^^^^^^^^^^
#26 5.619   |
#26 5.619  --> /rustc/88d9e12ae178fab0fb5cc050a94da85685d449ea/library/std/src/prelude/mod.rs:166:12
#26 5.619   |
#26 5.619   = note: the item `Future` is already defined here
#26 5.619 
#26 9.014 warning: `wamn-catalog` (lib) generated 1 warning
#26 11.08    Compiling wamn-control-provision v0.1.0 (/build/crates/control/provision)
#26 15.89 warning: constant `HTTP_CONTRACT` is never used
#26 15.89   --> crates/platform/runtime/src/plugins/connection_http.rs:52:7
#26 15.89    |
#26 15.89 52 | const HTTP_CONTRACT: &str = "wamn:connection/http@0.1.0";
#26 15.89    |       ^^^^^^^^^^^^^
#26 15.89    |
#26 15.89    = note: `#[warn(dead_code)]` (part of `#[warn(unused)]`) on by default
#26 15.89 
#26 15.94 warning: type does not implement `std::fmt::Debug`; consider adding `#[derive(Debug)]` or a manual implementation
#26 15.94    --> crates/platform/runtime/src/plugins/connection_http.rs:114:1
#26 15.94     |
#26 15.94 114 | / pub struct ConnectionHttp {
#26 15.94 115 | |     postgres: Arc<WamnPostgres>,
#26 15.94 116 | |     vault: Arc<WamnCredentials>,
#26 15.94 117 | |     tenant: Box<str>,
#26 15.94 ...   |
#26 15.94 133 | |     invocations: std::sync::RwLock<HashMap<String, ConnectionInvocation>>,
#26 15.94 134 | | }
#26 15.94     | |_^
#26 15.94     |
#26 15.94     = note: requested on the command line with `-W missing-debug-implementations`
#26 15.94 
#26 15.96 warning: type does not implement `std::fmt::Debug`; consider adding `#[derive(Debug)]` or a manual implementation
#26 15.96   --> crates/platform/runtime/src/plugins/wamn_credentials.rs:27:1
#26 15.96    |
#26 15.96 27 | / pub struct WamnCredentials {
#26 15.96 28 | |     /// Whether ANY backing source was configured. Distinguishes `unavailable`
#26 15.96 29 | |     /// (no source — retryable) from `not-found` (source present, name absent —
#26 15.96 30 | |     /// config-shaped).
#26 15.96 ...  |
#26 15.96 33 | |     projects: HashMap<String, HashMap<String, String>>,
#26 15.96 34 | | }
#26 15.96    | |_^
#26 15.96 
#26 15.96 warning: type does not implement `std::fmt::Debug`; consider adding `#[derive(Debug)]` or a manual implementation
#26 15.96    --> crates/platform/runtime/src/plugins/wamn_jetstream.rs:544:1
#26 15.96     |
#26 15.96 544 | / pub struct WamnJetstream {
#26 15.96 545 | |     nats_url: Option<String>,
#26 15.96 546 | |     /// Lazily-connected, memoized JetStream context. A `Mutex<Option<_>>` (not a
#26 15.96 547 | |     /// `OnceCell`) so a transient connect failure is retried on the next call
#26 15.96 ...   |
#26 15.96 569 | |     dlq_depth: Arc<DeadLetterDepth>,
#26 15.96 570 | | }
#26 15.96     | |_^
#26 15.96 
#26 15.96 warning: type does not implement `std::fmt::Debug`; consider adding `#[derive(Debug)]` or a manual implementation
#26 15.96     --> crates/platform/runtime/src/plugins/wamn_jetstream.rs:1209:1
#26 15.96      |
#26 15.96 1209 | / pub struct JsConsumer {
#26 15.96 1210 | |     consumer: Consumer<PullConfig>,
#26 15.96 1211 | |     dead_letter: Option<DeadLetterIdentity>,
#26 15.96 1212 | | }
#26 15.96      | |_^
#26 15.96 
#26 15.96 warning: type does not implement `std::fmt::Debug`; consider adding `#[derive(Debug)]` or a manual implementation
#26 15.96     --> crates/platform/runtime/src/plugins/wamn_jetstream.rs:1216:1
#26 15.96      |
#26 15.96 1216 | / pub struct JsMessage {
#26 15.96 1217 | |     msg: async_nats::jetstream::Message,
#26 15.96 1218 | |     dead_letter: Option<DeadLetterIdentity>,
#26 15.96 1219 | | }
#26 15.96      | |_^
#26 15.96 
#26 15.97 warning: type does not implement `std::fmt::Debug`; consider adding `#[derive(Debug)]` or a manual implementation
#26 15.97    --> crates/platform/runtime/src/plugins/wamn_logging.rs:213:1
#26 15.97     |
#26 15.97 213 | / pub struct Capture {
#26 15.97 214 | |     records: std::sync::Mutex<Vec<CapturedRec>>,
#26 15.97 215 | | }
#26 15.97     | |_^
#26 15.97 
#26 15.97 warning: type does not implement `std::fmt::Debug`; consider adding `#[derive(Debug)]` or a manual implementation
#26 15.97    --> crates/platform/runtime/src/plugins/wamn_logging.rs:235:1
#26 15.97     |
#26 15.97 235 | / pub struct WamnLogging {
#26 15.97 236 | |     /// component id → host-trusted {tenant, project}.
#26 15.97 237 | |     claims: std::sync::RwLock<HashMap<String, Claim>>,
#26 15.97 238 | |     /// Bounded front queue; `try_send` keeps `log()` non-blocking.
#26 15.97 ...   |
#26 15.97 243 | |     _drain: tokio::task::JoinHandle<()>,
#26 15.97 244 | | }
#26 15.97     | |_^
#26 15.97 
#26 15.97 warning: type does not implement `std::fmt::Debug`; consider adding `#[derive(Debug)]` or a manual implementation
#26 15.97    --> crates/platform/runtime/src/plugins/wamn_postgres/claims.rs:55:1
#26 15.97     |
#26 15.97  55 | / pub struct WamnPostgres {
#26 15.97  56 | |     /// Resolves a project id → its database connection + policy.
#26 15.97  57 | |     provider: Arc<dyn CredentialProvider>,
#26 15.97  58 | |     /// Guest-visible project pools, built lazily and never shared with host-owned
#26 15.97 ...   |
#26 15.97 121 | |     pub(super) bind_counters: super::BindCounters,
#26 15.97 122 | | }
#26 15.97     | |_^
#26 15.97 
#26 15.97 warning: type does not implement `std::fmt::Debug`; consider adding `#[derive(Debug)]` or a manual implementation
#26 15.97    --> crates/platform/runtime/src/plugins/wamn_postgres/pool.rs:339:1
#26 15.97     |
#26 15.97 339 | / pub struct StaticCredentialProvider {
#26 15.97 340 | |     projects: HashMap<String, ProjectConfig>,
#26 15.97 341 | | }
#26 15.97     | |_^
#26 15.97 
#26 15.97 warning: type does not implement `std::fmt::Debug`; consider adding `#[derive(Debug)]` or a manual implementation
#26 15.97    --> crates/platform/runtime/src/plugins/wamn_postgres/pool.rs:514:1
#26 15.97     |
#26 15.97 514 | / pub struct K8sSecretProvider {
#26 15.97 515 | |     pub namespace: String,
#26 15.97 516 | | }
#26 15.97     | |_^
#26 15.97 
#26 15.98 warning: type does not implement `std::fmt::Debug`; consider adding `#[derive(Debug)]` or a manual implementation
#26 15.98    --> crates/platform/runtime/src/plugins/wamn_postgres/resources.rs:99:1
#26 15.98     |
#26 15.98  99 | / pub struct PgTransaction {
#26 15.98 100 | |     state: SharedTxnState,
#26 15.98 101 | |     destroyed: Arc<AtomicU64>,
#26 15.98 102 | |     cursor_seq: u32,
#26 15.98 103 | |     /// Row limit of the project this transaction's connection belongs to.
#26 15.98 104 | |     row_limit: u64,
#26 15.98 105 | | }
#26 15.98     | |_^
#26 15.98 
#26 15.98 warning: type does not implement `std::fmt::Debug`; consider adding `#[derive(Debug)]` or a manual implementation
#26 15.98    --> crates/platform/runtime/src/plugins/wamn_postgres/resources.rs:145:1
#26 15.98     |
#26 15.98 145 | / pub struct PgCursor {
#26 15.98 146 | |     state: SharedTxnState,
#26 15.98 147 | |     destroyed: Arc<AtomicU64>,
#26 15.98 148 | |     name: String,
#26 15.98 149 | | }
#26 15.98     | |_^
#26 15.98 
#26 15.99 warning: type does not implement `std::fmt::Debug`; consider adding `#[derive(Debug)]` or a manual implementation
#26 15.99    --> crates/platform/runtime/src/wiring_doorbell.rs:145:1
#26 15.99     |
#26 15.99 145 | / pub struct WiringDoorbellListener {
#26 15.99 146 | |     shutdown: tokio::sync::watch::Sender<bool>,
#26 15.99 147 | |     task: tokio::task::JoinHandle<()>,
#26 15.99 148 | | }
#26 15.99     | |_^
#26 15.99 
#26 22.69    Compiling wamn-execution-host v0.1.0 (/build/crates/execution/host)
#26 41.03 warning: `wamn-runtime` (lib) generated 16 warnings
#26 47.93    Compiling wamn-host v0.1.0 (/build/services/host)
#26 340.4     Finished `release` profile [optimized] target(s) in 5m 40s
#26 DONE 340.7s

#27 [host 2/3] RUN apt-get update && apt-get install -y --no-install-recommends ca-certificates && rm -rf /var/lib/apt/lists/*
#27 CACHED

#28 [host 3/3] COPY --from=build-host /native-output/wamn-host /usr/local/bin/wamn-host
#28 DONE 0.2s

#29 exporting to image
#29 exporting layers
#29 exporting layers 0.3s done
#29 writing image sha256:bf7f3d8dbf06be47392c497110dd07da9e703cfef79a45d35146511b09128c6a done
#29 naming to docker.io/library/wamn-host:receiving-a2ea0ef32dde-1685789-release 0.0s done
#29 DONE 0.3s
#0 building with "default" instance using docker driver

#1 [internal] load build definition from Dockerfile
#1 transferring dockerfile:
#1 transferring dockerfile: 19.05kB done
#1 DONE 0.2s

#2 [internal] load metadata for docker.io/library/debian:trixie-slim
#2 DONE 0.0s

#3 [internal] load metadata for docker.io/library/rust:1.98-trixie
#3 DONE 0.0s

#4 [internal] load .dockerignore
#4 transferring context: 245B done
#4 DONE 0.0s

#5 [host 1/3] FROM docker.io/library/debian:trixie-slim
#5 DONE 0.0s

#6 [chef 1/4] FROM docker.io/library/rust:1.98-trixie
#6 DONE 0.0s

#7 [internal] load build context
#7 transferring context: 94.43kB 0.0s done
#7 DONE 0.1s

#8 [component-toolchain 1/6] RUN rustup target add --toolchain 1.97.0 wasm32-wasip2
#8 CACHED

#9 [component-toolchain 2/6] COPY .cargo/config.toml /build/.cargo/config.toml
#9 CACHED

#10 [chef 2/4] RUN apt-get update && apt-get install -y --no-install-recommends clang mold protobuf-compiler libprotobuf-dev git && rm -rf /var/lib/apt/lists/*
#10 CACHED

#11 [chef 4/4] RUN --mount=type=cache,id=wamn-chef-cargo-registry,target=/usr/local/cargo/registry,sharing=locked     --mount=type=cache,id=wamn-chef-cargo-git,target=/usr/local/cargo/git,sharing=locked     cargo install cargo-chef --version 0.1.77 --locked
#11 CACHED

#12 [chef 3/4] WORKDIR /build
#12 CACHED

#13 [root-planner 7/8] COPY tests ./tests
#13 CACHED

#14 [root-planner 3/8] COPY components ./components
#14 CACHED

#15 [root-planner 1/8] COPY Cargo.toml Cargo.lock ./
#15 CACHED

#16 [root-planner 2/8] COPY crates ./crates
#16 CACHED

#17 [root-source 1/2] COPY .cargo/config.toml ./.cargo/config.toml
#17 CACHED

#18 [root-planner 5/8] COPY services ./services
#18 CACHED

#19 [root-planner 8/8] RUN cargo chef prepare --recipe-path root-recipe.json
#19 CACHED

#20 [root-planner 6/8] COPY test-support ./test-support
#20 CACHED

#21 [root-planner 4/8] COPY packages ./packages
#21 CACHED

#22 [root-recipe 2/3] COPY --from=root-planner /build/root-recipe.json ./root-recipe.json
#22 CACHED

#23 [root-recipe 1/3] COPY .cargo/config.toml ./.cargo/config.toml
#23 CACHED

#24 [build-host 1/2] COPY --from=root-source /build /build
#24 CACHED

#25 [cook-host 1/1] RUN --mount=type=cache,id=wamn-root-cargo-registry,target=/usr/local/cargo/registry,sharing=locked     --mount=type=cache,id=wamn-root-cargo-git,target=/usr/local/cargo/git,sharing=locked     --mount=type=cache,id=wamn-root-target,target=/build/target,sharing=locked     cargo chef cook --locked --release --recipe-path root-recipe.json -p wamn-host
#25 CACHED

#26 [root-source 2/2] COPY deploy ./deploy
#26 CACHED

#27 [component-toolchain 3/6] COPY Cargo.toml /build/Cargo.toml
#27 CACHED

#28 [build-host 2/2] RUN --mount=type=cache,id=wamn-root-cargo-registry,target=/usr/local/cargo/registry,sharing=locked     --mount=type=cache,id=wamn-root-cargo-git,target=/usr/local/cargo/git,sharing=locked     --mount=type=cache,id=wamn-root-target,target=/build/target,sharing=locked     cargo build --locked --release -p wamn-host  && install -D -m 0755 target/release/wamn-host /native-output/wamn-host
#28 CACHED

#29 [root-recipe 3/3] COPY components ./components
#29 CACHED

#30 [host 2/3] RUN apt-get update && apt-get install -y --no-install-recommends ca-certificates && rm -rf /var/lib/apt/lists/*
#30 CACHED

#31 [host 3/3] COPY --from=build-host /native-output/wamn-host /usr/local/bin/wamn-host
#31 CACHED

#32 [build-gates 1/1] RUN --mount=type=cache,id=wamn-root-cargo-registry,target=/usr/local/cargo/registry,sharing=locked     --mount=type=cache,id=wamn-root-cargo-git,target=/usr/local/cargo/git,sharing=locked     --mount=type=cache,id=wamn-root-target,target=/build/target,sharing=locked     cargo build --locked --release -p wamn-gates  && install -D -m 0755 target/release/wamn-gates /native-output/wamn-gates
#32 ...

#33 [component-toolchain 4/6] COPY crates /build/crates
#33 DONE 0.3s

#34 [component-toolchain 5/6] COPY components /build/components
#34 DONE 0.2s

#35 [cook-cdc-reader 1/1] RUN --mount=type=cache,id=wamn-root-cargo-registry,target=/usr/local/cargo/registry,sharing=locked     --mount=type=cache,id=wamn-root-cargo-git,target=/usr/local/cargo/git,sharing=locked     --mount=type=cache,id=wamn-root-target,target=/build/target,sharing=locked     cargo chef cook --locked --release --recipe-path root-recipe.json -p wamn-cdc-reader
#35 ...

#36 [component-toolchain 6/6] WORKDIR /build/components
#36 DONE 0.3s

#37 [component-builder 1/1] RUN --mount=type=cache,id=wamn-component-cargo-registry,target=/usr/local/cargo/registry,sharing=locked     --mount=type=cache,id=wamn-component-cargo-git,target=/usr/local/cargo/git,sharing=locked     --mount=type=cache,id=wamn-component-target,target=/build/components/target,sharing=locked     cargo +1.97.0 build --locked --release --target wasm32-wasip2       -p http-route  && cargo +1.97.0 build --locked --release --target wasm32-wasip2       -p materializer -p busyloop -p connection-http-standard -p sockprobe  && install -d /component-output  && for artifact in       http_route materializer       busyloop connection_http_standard sockprobe; do       install -m 0644 "target/wasm32-wasip2/release/${artifact}.wasm"         "/component-output/${artifact}.wasm";     done
#37 0.388     Updating crates.io index
#37 0.912  Downloading crates ...
#37 1.037   Downloaded futures-channel v0.3.34
#37 1.056   Downloaded futures v0.3.34
#37 1.062   Downloaded futures-io v0.3.34
#37 1.063   Downloaded futures-core v0.3.34
#37 1.064   Downloaded futures-executor v0.3.34
#37 1.066   Downloaded futures-task v0.3.34
#37 1.068   Downloaded futures-macro v0.3.34
#37 1.071   Downloaded futures-sink v0.3.34
#37 1.075   Downloaded slab v0.4.12
#37 1.080   Downloaded pin-project-lite v0.2.17
#37 1.087   Downloaded futures-util v0.3.34
#37 1.240    Compiling serde_core v1.0.229
#37 1.241    Compiling serde v1.0.229
#37 1.241    Compiling futures-core v0.3.34
#37 1.241    Compiling futures-sink v0.3.34
#37 1.665    Compiling futures-task v0.3.34
#37 1.832    Compiling pin-project-lite v0.2.17
#37 1.988    Compiling slab v0.4.12
#37 2.071    Compiling futures-channel v0.3.34
#37 2.173    Compiling futures-util v0.3.34
#37 2.184    Compiling futures-io v0.3.34
#37 2.189    Compiling wit-bindgen v0.61.1
#37 4.211    Compiling futures v0.3.34
#37 4.429    Compiling serde_json v1.0.151
#37 5.556    Compiling schemars v0.8.22
#37 6.604    Compiling wamn-execution-contract v0.1.0 (/build/components/execution/contract)
#37 ...

#38 [cook-dispatcher 1/1] RUN --mount=type=cache,id=wamn-root-cargo-registry,target=/usr/local/cargo/registry,sharing=locked     --mount=type=cache,id=wamn-root-cargo-git,target=/usr/local/cargo/git,sharing=locked     --mount=type=cache,id=wamn-root-target,target=/build/target,sharing=locked     cargo chef cook --locked --release --recipe-path root-recipe.json -p wamn-dispatcher
#38 1.253    Compiling wamn-execution-contract v0.1.0 (/build/components/execution/contract)
#38 1.254    Compiling wamn-pg-core v0.0.1 (/build/crates/platform/pg-core)
#38 1.262    Compiling wamn-control-registry v0.0.1 (/build/crates/control/registry)
#38 1.262    Compiling wamn-scheduler v0.0.1 (/build/crates/execution/scheduler)
#38 1.554    Compiling wamn-run-state v0.0.1 (/build/crates/execution/run-state)
#38 1.577    Compiling wamn-dispatcher v0.0.1 (/build/services/dispatcher)
#38 6.381     Finished `release` profile [optimized] target(s) in 6.02s
#38 DONE 8.1s

#39 [cook-ctl 1/1] RUN --mount=type=cache,id=wamn-root-cargo-registry,target=/usr/local/cargo/registry,sharing=locked     --mount=type=cache,id=wamn-root-cargo-git,target=/usr/local/cargo/git,sharing=locked     --mount=type=cache,id=wamn-root-target,target=/build/target,sharing=locked     cargo chef cook --locked --release --recipe-path root-recipe.json -p wamn-ctl
#39 ...

#40 [build-dispatcher 1/2] COPY --from=root-source /build /build
#40 DONE 0.5s

#35 [cook-cdc-reader 1/1] RUN --mount=type=cache,id=wamn-root-cargo-registry,target=/usr/local/cargo/registry,sharing=locked     --mount=type=cache,id=wamn-root-cargo-git,target=/usr/local/cargo/git,sharing=locked     --mount=type=cache,id=wamn-root-target,target=/build/target,sharing=locked     cargo chef cook --locked --release --recipe-path root-recipe.json -p wamn-cdc-reader
#35 ...

#41 [build-dispatcher 2/2] RUN --mount=type=cache,id=wamn-root-cargo-registry,target=/usr/local/cargo/registry,sharing=locked     --mount=type=cache,id=wamn-root-cargo-git,target=/usr/local/cargo/git,sharing=locked     --mount=type=cache,id=wamn-root-target,target=/build/target,sharing=locked     cargo build --locked --release -p wamn-dispatcher  && install -D -m 0755 target/release/wamn-dispatcher /native-output/wamn-dispatcher
#41 ...

#35 [cook-cdc-reader 1/1] RUN --mount=type=cache,id=wamn-root-cargo-registry,target=/usr/local/cargo/registry,sharing=locked     --mount=type=cache,id=wamn-root-cargo-git,target=/usr/local/cargo/git,sharing=locked     --mount=type=cache,id=wamn-root-target,target=/build/target,sharing=locked     cargo chef cook --locked --release --recipe-path root-recipe.json -p wamn-cdc-reader
#35 9.243    Compiling wamn-execution-contract v0.1.0 (/build/components/execution/contract)
#35 9.247    Compiling wamn-event-wire v0.1.0 (/build/components/events/wire)
#35 9.250    Compiling wamn-component-policy v0.0.1 (/build/crates/platform/component-policy)
#35 9.251    Compiling wamn-schema-introspection v0.0.1 (/build/crates/schema/introspection)
#35 9.289    Compiling wamn-pg-core v0.0.1 (/build/crates/platform/pg-core)
#35 9.297    Compiling wamn-control-registry v0.0.1 (/build/crates/control/registry)
#35 9.681    Compiling wamn-run-state v0.0.1 (/build/crates/execution/run-state)
#35 9.806    Compiling wamn-catalog v0.0.1 (/build/crates/catalog/model)
#35 9.837    Compiling wamn-schema-generator v0.0.1 (/build/crates/schema/generator)
#35 9.872    Compiling wamn-control-provision v0.0.1 (/build/crates/control/provision)
#35 9.905    Compiling wamn-cdc-reader v0.0.1 (/build/services/cdc-reader)
#35 ...

#37 [component-builder 1/1] RUN --mount=type=cache,id=wamn-component-cargo-registry,target=/usr/local/cargo/registry,sharing=locked     --mount=type=cache,id=wamn-component-cargo-git,target=/usr/local/cargo/git,sharing=locked     --mount=type=cache,id=wamn-component-target,target=/build/components/target,sharing=locked     cargo +1.97.0 build --locked --release --target wasm32-wasip2       -p http-route  && cargo +1.97.0 build --locked --release --target wasm32-wasip2       -p materializer -p busyloop -p connection-http-standard -p sockprobe  && install -d /component-output  && for artifact in       http_route materializer       busyloop connection_http_standard sockprobe; do       install -m 0644 "target/wasm32-wasip2/release/${artifact}.wasm"         "/component-output/${artifact}.wasm";     done
#37 8.040    Compiling http-route v0.1.0 (/build/components/ingress/http-route)
#37 11.01     Finished `release` profile [optimized] target(s) in 10.66s
#37 11.14    Compiling wamn-event-wire v0.1.0 (/build/components/events/wire)
#37 11.14    Compiling sockprobe v0.1.0 (/build/components/fixtures/sockprobe)
#37 11.14    Compiling busyloop v0.1.0 (/build/components/fixtures/busyloop)
#37 11.14    Compiling connection-http-standard v0.1.0 (/build/components/fixtures/connection-http-standard)
#37 11.56    Compiling wamn-event-reg v0.1.0 (/build/components/events/registration)
#37 11.75    Compiling wamn-materializer v0.1.0 (/build/components/events/materializer)
#37 12.33    Compiling materializer v0.1.0 (/build/components/execution/materializer)
#37 13.71     Finished `release` profile [optimized] target(s) in 2.67s
#37 DONE 13.8s

#35 [cook-cdc-reader 1/1] RUN --mount=type=cache,id=wamn-root-cargo-registry,target=/usr/local/cargo/registry,sharing=locked     --mount=type=cache,id=wamn-root-cargo-git,target=/usr/local/cargo/git,sharing=locked     --mount=type=cache,id=wamn-root-target,target=/build/target,sharing=locked     cargo chef cook --locked --release --recipe-path root-recipe.json -p wamn-cdc-reader
#35 15.57     Finished `release` profile [optimized] target(s) in 7.00s
#35 DONE 16.5s

#32 [build-gates 1/1] RUN --mount=type=cache,id=wamn-root-cargo-registry,target=/usr/local/cargo/registry,sharing=locked     --mount=type=cache,id=wamn-root-cargo-git,target=/usr/local/cargo/git,sharing=locked     --mount=type=cache,id=wamn-root-target,target=/build/target,sharing=locked     cargo build --locked --release -p wamn-gates  && install -D -m 0755 target/release/wamn-gates /native-output/wamn-gates
#32 ...

#42 [build-cdc-reader 1/2] COPY --from=root-source /build /build
#42 DONE 0.4s

#32 [build-gates 1/1] RUN --mount=type=cache,id=wamn-root-cargo-registry,target=/usr/local/cargo/registry,sharing=locked     --mount=type=cache,id=wamn-root-cargo-git,target=/usr/local/cargo/git,sharing=locked     --mount=type=cache,id=wamn-root-target,target=/build/target,sharing=locked     cargo build --locked --release -p wamn-gates  && install -D -m 0755 target/release/wamn-gates /native-output/wamn-gates
#32 ...

#43 [build-cdc-reader 2/2] RUN --mount=type=cache,id=wamn-root-cargo-registry,target=/usr/local/cargo/registry,sharing=locked     --mount=type=cache,id=wamn-root-cargo-git,target=/usr/local/cargo/git,sharing=locked     --mount=type=cache,id=wamn-root-target,target=/build/target,sharing=locked     cargo build --locked --release -p wamn-cdc-reader  && install -D -m 0755 target/release/wamn-cdc-reader /native-output/wamn-cdc-reader
#43 ...

#39 [cook-ctl 1/1] RUN --mount=type=cache,id=wamn-root-cargo-registry,target=/usr/local/cargo/registry,sharing=locked     --mount=type=cache,id=wamn-root-cargo-git,target=/usr/local/cargo/git,sharing=locked     --mount=type=cache,id=wamn-root-target,target=/build/target,sharing=locked     cargo chef cook --locked --release --recipe-path root-recipe.json -p wamn-ctl
#39 17.53    Compiling wamn-execution-contract v0.1.0 (/build/components/execution/contract)
#39 17.54    Compiling wamn-event-wire v0.1.0 (/build/components/events/wire)
#39 17.54    Compiling wamn-component-policy v0.0.1 (/build/crates/platform/component-policy)
#39 17.55    Compiling wamn-pg-core v0.0.1 (/build/crates/platform/pg-core)
#39 17.57    Compiling wamn-schema-introspection v0.0.1 (/build/crates/schema/introspection)
#39 17.58    Compiling wamn-control-registry v0.0.1 (/build/crates/control/registry)
#39 17.61    Compiling wamn-platform-identity v0.0.1 (/build/crates/identity/platform)
#39 17.61    Compiling wamn-authoring-model v0.0.1 (/build/crates/authoring/model)
#39 17.85    Compiling wamn-run-state v0.0.1 (/build/crates/execution/run-state)
#39 17.85    Compiling wamn-client v0.0.1 (/build/crates/client/core)
#39 17.88    Compiling wamn-catalog v0.0.1 (/build/crates/catalog/model)
#39 17.89    Compiling wamn-client-tui v0.0.1 (/build/crates/client/tui)
#39 17.91    Compiling wamn-schema-generator v0.0.1 (/build/crates/schema/generator)
#39 17.92    Compiling wamn-router v0.0.1 (/build/crates/execution/router)
#39 17.95    Compiling wamn-event-reg v0.1.0 (/build/components/events/registration)
#39 17.96    Compiling wamn-runtime v0.0.1 (/build/crates/platform/runtime)
#39 18.03    Compiling wamn-control-provision v0.0.1 (/build/crates/control/provision)
#39 18.06    Compiling wamn-client-terminal v0.0.1 (/build/crates/client/terminal)
#39 18.51    Compiling wamn-schema-control v0.0.1 (/build/crates/schema/control)
#39 18.54    Compiling wamn-ctl v0.0.1 (/build/services/ctl)
#39 22.38     Finished `release` profile [optimized] target(s) in 5.63s
#39 DONE 23.2s

#32 [build-gates 1/1] RUN --mount=type=cache,id=wamn-root-cargo-registry,target=/usr/local/cargo/registry,sharing=locked     --mount=type=cache,id=wamn-root-cargo-git,target=/usr/local/cargo/git,sharing=locked     --mount=type=cache,id=wamn-root-target,target=/build/target,sharing=locked     cargo build --locked --release -p wamn-gates  && install -D -m 0755 target/release/wamn-gates /native-output/wamn-gates
#32 ...

#44 [build-ctl 1/2] COPY --from=root-source /build /build
#44 DONE 0.4s

#32 [build-gates 1/1] RUN --mount=type=cache,id=wamn-root-cargo-registry,target=/usr/local/cargo/registry,sharing=locked     --mount=type=cache,id=wamn-root-cargo-git,target=/usr/local/cargo/git,sharing=locked     --mount=type=cache,id=wamn-root-target,target=/build/target,sharing=locked     cargo build --locked --release -p wamn-gates  && install -D -m 0755 target/release/wamn-gates /native-output/wamn-gates
#32 ...

#41 [build-dispatcher 2/2] RUN --mount=type=cache,id=wamn-root-cargo-registry,target=/usr/local/cargo/registry,sharing=locked     --mount=type=cache,id=wamn-root-cargo-git,target=/usr/local/cargo/git,sharing=locked     --mount=type=cache,id=wamn-root-target,target=/build/target,sharing=locked     cargo build --locked --release -p wamn-dispatcher  && install -D -m 0755 target/release/wamn-dispatcher /native-output/wamn-dispatcher
#41 15.18    Compiling wamn-pg-core v0.1.0 (/build/crates/platform/pg-core)
#41 15.18    Compiling wamn-control-registry v0.1.0 (/build/crates/control/registry)
#41 15.18    Compiling wamn-scheduler v0.1.0 (/build/crates/execution/scheduler)
#41 15.24    Compiling wamn-run-state v0.1.0 (/build/crates/execution/run-state)
#41 15.87    Compiling wamn-dispatcher v0.1.0 (/build/services/dispatcher)
#41 16.41 warning: type does not implement `std::fmt::Debug`; consider adding `#[derive(Debug)]` or a manual implementation
#41 16.41    --> services/dispatcher/src/lib.rs:293:1
#41 16.41     |
#41 16.41 293 | / pub struct ProjectState {
#41 16.41 294 | |     pub spec: ProjectSpec,
#41 16.41 295 | |     client: Client,
#41 16.41 296 | |     _conn: tokio::task::JoinHandle<()>,
#41 16.41 ...   |
#41 16.41 299 | |     pub last_sweep_ms: i64,
#41 16.41 300 | | }
#41 16.41     | |_^
#41 16.41     |
#41 16.41     = note: requested on the command line with `-W missing-debug-implementations`
#41 16.41 
#41 16.41 warning: type does not implement `std::fmt::Debug`; consider adding `#[derive(Debug)]` or a manual implementation
#41 16.41    --> services/dispatcher/src/lib.rs:318:1
#41 16.41     |
#41 16.41 318 | / pub struct DispatcherConfig {
#41 16.41 319 | |     /// The validated adaptive poll cadence: an inverted `min > max` band is
#41 16.41 320 | |     /// rejected at [`Cadence::new`], so the dispatcher's interval math can never
#41 16.41 321 | |     /// see one (R13-hardening — inverted ranges are unrepresentable here).
#41 16.41 322 | |     pub cadence: Cadence,
#41 16.41 323 | |     pub batch: usize,
#41 16.41 324 | | }
#41 16.41     | |_^
#41 16.41 
#41 16.41 warning: type does not implement `std::fmt::Debug`; consider adding `#[derive(Debug)]` or a manual implementation
#41 16.41    --> services/dispatcher/src/lib.rs:352:1
#41 16.41     |
#41 16.41 352 | / pub struct Dispatcher {
#41 16.41 353 | |     pub projects: Vec<ProjectState>,
#41 16.41 354 | |     nats: Option<async_nats::Client>,
#41 16.41 355 | |     cfg: DispatcherConfig,
#41 16.41 ...   |
#41 16.41 358 | |     depth: DepthRegistry,
#41 16.41 359 | | }
#41 16.41     | |_^
#41 16.41 
#41 19.27 warning: `wamn-dispatcher` (lib) generated 3 warnings
#41 ...

#45 [build-ctl 2/2] RUN --mount=type=cache,id=wamn-root-cargo-registry,target=/usr/local/cargo/registry,sharing=locked     --mount=type=cache,id=wamn-root-cargo-git,target=/usr/local/cargo/git,sharing=locked     --mount=type=cache,id=wamn-root-target,target=/build/target,sharing=locked     cargo build --locked --release -p wamn-ctl  && cargo build --locked --release -p wamn-ctl --features ops --bin wamn-ctl-ops  && install -D -m 0755 target/release/wamn-ctl /native-output/wamn-ctl  && install -D -m 0755 target/release/wamn-ctl-ops /native-output/wamn-ctl-ops
#45 ...

#41 [build-dispatcher 2/2] RUN --mount=type=cache,id=wamn-root-cargo-registry,target=/usr/local/cargo/registry,sharing=locked     --mount=type=cache,id=wamn-root-cargo-git,target=/usr/local/cargo/git,sharing=locked     --mount=type=cache,id=wamn-root-target,target=/build/target,sharing=locked     cargo build --locked --release -p wamn-dispatcher  && install -D -m 0755 target/release/wamn-dispatcher /native-output/wamn-dispatcher
#41 61.75     Finished `release` profile [optimized] target(s) in 46.85s
#41 DONE 61.9s

#45 [build-ctl 2/2] RUN --mount=type=cache,id=wamn-root-cargo-registry,target=/usr/local/cargo/registry,sharing=locked     --mount=type=cache,id=wamn-root-cargo-git,target=/usr/local/cargo/git,sharing=locked     --mount=type=cache,id=wamn-root-target,target=/build/target,sharing=locked     cargo build --locked --release -p wamn-ctl  && cargo build --locked --release -p wamn-ctl --features ops --bin wamn-ctl-ops  && install -D -m 0755 target/release/wamn-ctl /native-output/wamn-ctl  && install -D -m 0755 target/release/wamn-ctl-ops /native-output/wamn-ctl-ops
#45 47.63    Compiling wamn-component-policy v0.1.0 (/build/crates/platform/component-policy)
#45 47.64    Compiling wamn-schema-introspection v0.1.0 (/build/crates/schema/introspection)
#45 47.64    Compiling wamn-control-registry v0.1.0 (/build/crates/control/registry)
#45 47.65    Compiling wamn-run-state v0.1.0 (/build/crates/execution/run-state)
#45 47.95    Compiling wamn-catalog v0.1.0 (/build/crates/catalog/model)
#45 49.47 warning: function `canonical_serialized` is never used
#45 49.47    --> crates/catalog/model/src/lib.rs:792:4
#45 49.47     |
#45 49.47 792 | fn canonical_serialized(value: &impl Serialize) -> Vec<u8> {
#45 49.47     |    ^^^^^^^^^^^^^^^^^^^^
#45 49.47     |
#45 49.47     = note: `#[warn(dead_code)]` (part of `#[warn(unused)]`) on by default
#45 49.47 
#45 50.15    Compiling wamn-client v0.1.0 (/build/crates/client/core)
#45 50.64    Compiling wamn-schema-generator v0.1.0 (/build/crates/schema/generator)
#45 52.92    Compiling wamn-client-tui v0.1.0 (/build/crates/client/tui)
#45 52.99    Compiling wamn-router v0.1.0 (/build/crates/execution/router)
#45 54.64    Compiling wamn-platform-identity v0.1.0 (/build/crates/identity/platform)
#45 55.21    Compiling wamn-client-terminal v0.1.0 (/build/crates/client/terminal)
#45 56.80    Compiling wamn-runtime v0.1.0 (/build/crates/platform/runtime)
#45 58.50 warning: the item `Future` is imported redundantly
#45 58.50  --> crates/platform/runtime/src/connection_authority.rs:3:5
#45 58.50   |
#45 58.50 3 | use std::future::Future;
#45 58.50   |     ^^^^^^^^^^^^^^^^^^^
#45 58.50   |
#45 58.50  --> /rustc/88d9e12ae178fab0fb5cc050a94da85685d449ea/library/std/src/prelude/mod.rs:166:12
#45 58.50   |
#45 58.50   = note: the item `Future` is already defined here
#45 58.50   |
#45 58.50   = note: requested on the command line with `-W redundant-imports`
#45 58.50 
#45 58.54 warning: the item `Future` is imported redundantly
#45 58.54  --> crates/platform/runtime/src/plugins/wamn_postgres/pool.rs:7:5
#45 58.54   |
#45 58.54 7 | use std::future::Future;
#45 58.54   |     ^^^^^^^^^^^^^^^^^^^
#45 58.54   |
#45 58.54  --> /rustc/88d9e12ae178fab0fb5cc050a94da85685d449ea/library/std/src/prelude/mod.rs:166:12
#45 58.54   |
#45 58.54   = note: the item `Future` is already defined here
#45 58.54 
#45 58.81 warning: `wamn-catalog` (lib) generated 1 warning
#45 58.81    Compiling wamn-schema-control v0.1.0 (/build/crates/schema/control)
#45 58.97    Compiling wamn-control-provision v0.1.0 (/build/crates/control/provision)
#45 62.38    Compiling wamn-authoring-model v0.1.0 (/build/crates/authoring/model)
#45 70.01 warning: constant `HTTP_CONTRACT` is never used
#45 70.01   --> crates/platform/runtime/src/plugins/connection_http.rs:52:7
#45 70.01    |
#45 70.01 52 | const HTTP_CONTRACT: &str = "wamn:connection/http@0.1.0";
#45 70.01    |       ^^^^^^^^^^^^^
#45 70.01    |
#45 70.01    = note: `#[warn(dead_code)]` (part of `#[warn(unused)]`) on by default
#45 70.01 
#45 70.06 warning: type does not implement `std::fmt::Debug`; consider adding `#[derive(Debug)]` or a manual implementation
#45 70.06    --> crates/platform/runtime/src/plugins/connection_http.rs:114:1
#45 70.06     |
#45 70.06 114 | / pub struct ConnectionHttp {
#45 70.06 115 | |     postgres: Arc<WamnPostgres>,
#45 70.06 116 | |     vault: Arc<WamnCredentials>,
#45 70.06 117 | |     tenant: Box<str>,
#45 70.06 ...   |
#45 70.06 133 | |     invocations: std::sync::RwLock<HashMap<String, ConnectionInvocation>>,
#45 70.06 134 | | }
#45 70.06     | |_^
#45 70.06     |
#45 70.06     = note: requested on the command line with `-W missing-debug-implementations`
#45 70.06 
#45 70.09 warning: type does not implement `std::fmt::Debug`; consider adding `#[derive(Debug)]` or a manual implementation
#45 70.09   --> crates/platform/runtime/src/plugins/wamn_credentials.rs:27:1
#45 70.09    |
#45 70.09 27 | / pub struct WamnCredentials {
#45 70.09 28 | |     /// Whether ANY backing source was configured. Distinguishes `unavailable`
#45 70.09 29 | |     /// (no source — retryable) from `not-found` (source present, name absent —
#45 70.09 30 | |     /// config-shaped).
#45 70.09 ...  |
#45 70.09 33 | |     projects: HashMap<String, HashMap<String, String>>,
#45 70.09 34 | | }
#45 70.09    | |_^
#45 70.09 
#45 70.09 warning: type does not implement `std::fmt::Debug`; consider adding `#[derive(Debug)]` or a manual implementation
#45 70.09    --> crates/platform/runtime/src/plugins/wamn_jetstream.rs:544:1
#45 70.09     |
#45 70.09 544 | / pub struct WamnJetstream {
#45 70.09 545 | |     nats_url: Option<String>,
#45 70.09 546 | |     /// Lazily-connected, memoized JetStream context. A `Mutex<Option<_>>` (not a
#45 70.09 547 | |     /// `OnceCell`) so a transient connect failure is retried on the next call
#45 70.09 ...   |
#45 70.09 569 | |     dlq_depth: Arc<DeadLetterDepth>,
#45 70.09 570 | | }
#45 70.09     | |_^
#45 70.09 
#45 70.09 warning: type does not implement `std::fmt::Debug`; consider adding `#[derive(Debug)]` or a manual implementation
#45 70.09     --> crates/platform/runtime/src/plugins/wamn_jetstream.rs:1209:1
#45 70.09      |
#45 70.09 1209 | / pub struct JsConsumer {
#45 70.09 1210 | |     consumer: Consumer<PullConfig>,
#45 70.09 1211 | |     dead_letter: Option<DeadLetterIdentity>,
#45 70.09 1212 | | }
#45 70.09      | |_^
#45 70.09 
#45 70.09 warning: type does not implement `std::fmt::Debug`; consider adding `#[derive(Debug)]` or a manual implementation
#45 70.09     --> crates/platform/runtime/src/plugins/wamn_jetstream.rs:1216:1
#45 70.09      |
#45 70.09 1216 | / pub struct JsMessage {
#45 70.09 1217 | |     msg: async_nats::jetstream::Message,
#45 70.09 1218 | |     dead_letter: Option<DeadLetterIdentity>,
#45 70.09 1219 | | }
#45 70.09      | |_^
#45 70.09 
#45 70.10 warning: type does not implement `std::fmt::Debug`; consider adding `#[derive(Debug)]` or a manual implementation
#45 70.10    --> crates/platform/runtime/src/plugins/wamn_logging.rs:213:1
#45 70.10     |
#45 70.10 213 | / pub struct Capture {
#45 70.10 214 | |     records: std::sync::Mutex<Vec<CapturedRec>>,
#45 70.10 215 | | }
#45 70.10     | |_^
#45 70.10 
#45 70.10 warning: type does not implement `std::fmt::Debug`; consider adding `#[derive(Debug)]` or a manual implementation
#45 70.10    --> crates/platform/runtime/src/plugins/wamn_logging.rs:235:1
#45 70.10     |
#45 70.10 235 | / pub struct WamnLogging {
#45 70.10 236 | |     /// component id → host-trusted {tenant, project}.
#45 70.10 237 | |     claims: std::sync::RwLock<HashMap<String, Claim>>,
#45 70.10 238 | |     /// Bounded front queue; `try_send` keeps `log()` non-blocking.
#45 70.10 ...   |
#45 70.10 243 | |     _drain: tokio::task::JoinHandle<()>,
#45 70.10 244 | | }
#45 70.10     | |_^
#45 70.10 
#45 70.10 warning: type does not implement `std::fmt::Debug`; consider adding `#[derive(Debug)]` or a manual implementation
#45 70.10    --> crates/platform/runtime/src/plugins/wamn_postgres/claims.rs:55:1
#45 70.10     |
#45 70.10  55 | / pub struct WamnPostgres {
#45 70.10  56 | |     /// Resolves a project id → its database connection + policy.
#45 70.10  57 | |     provider: Arc<dyn CredentialProvider>,
#45 70.10  58 | |     /// Guest-visible project pools, built lazily and never shared with host-owned
#45 70.10 ...   |
#45 70.10 121 | |     pub(super) bind_counters: super::BindCounters,
#45 70.10 122 | | }
#45 70.10     | |_^
#45 70.10 
#45 70.11 warning: type does not implement `std::fmt::Debug`; consider adding `#[derive(Debug)]` or a manual implementation
#45 70.11    --> crates/platform/runtime/src/plugins/wamn_postgres/pool.rs:339:1
#45 70.11     |
#45 70.11 339 | / pub struct StaticCredentialProvider {
#45 70.11 340 | |     projects: HashMap<String, ProjectConfig>,
#45 70.11 341 | | }
#45 70.11     | |_^
#45 70.11 
#45 70.11 warning: type does not implement `std::fmt::Debug`; consider adding `#[derive(Debug)]` or a manual implementation
#45 70.11    --> crates/platform/runtime/src/plugins/wamn_postgres/pool.rs:514:1
#45 70.11     |
#45 70.11 514 | / pub struct K8sSecretProvider {
#45 70.11 515 | |     pub namespace: String,
#45 70.11 516 | | }
#45 70.11     | |_^
#45 70.11 
#45 70.12 warning: type does not implement `std::fmt::Debug`; consider adding `#[derive(Debug)]` or a manual implementation
#45 70.12    --> crates/platform/runtime/src/plugins/wamn_postgres/resources.rs:99:1
#45 70.12     |
#45 70.12  99 | / pub struct PgTransaction {
#45 70.12 100 | |     state: SharedTxnState,
#45 70.12 101 | |     destroyed: Arc<AtomicU64>,
#45 70.12 102 | |     cursor_seq: u32,
#45 70.12 103 | |     /// Row limit of the project this transaction's connection belongs to.
#45 70.12 104 | |     row_limit: u64,
#45 70.12 105 | | }
#45 70.12     | |_^
#45 70.12 
#45 70.12 warning: type does not implement `std::fmt::Debug`; consider adding `#[derive(Debug)]` or a manual implementation
#45 70.12    --> crates/platform/runtime/src/plugins/wamn_postgres/resources.rs:145:1
#45 70.12     |
#45 70.12 145 | / pub struct PgCursor {
#45 70.12 146 | |     state: SharedTxnState,
#45 70.12 147 | |     destroyed: Arc<AtomicU64>,
#45 70.12 148 | |     name: String,
#45 70.12 149 | | }
#45 70.12     | |_^
#45 70.12 
#45 70.13 warning: type does not implement `std::fmt::Debug`; consider adding `#[derive(Debug)]` or a manual implementation
#45 70.13    --> crates/platform/runtime/src/wiring_doorbell.rs:145:1
#45 70.13     |
#45 70.13 145 | / pub struct WiringDoorbellListener {
#45 70.13 146 | |     shutdown: tokio::sync::watch::Sender<bool>,
#45 70.13 147 | |     task: tokio::task::JoinHandle<()>,
#45 70.13 148 | | }
#45 70.13     | |_^
#45 70.13 
#45 76.81    Compiling wamn-ctl v0.1.0 (/build/services/ctl)
#45 87.51 warning: function `run_once_stages` is never used
#45 87.51    --> services/ctl/src/dev.rs:603:10
#45 87.51     |
#45 87.51 603 | async fn run_once_stages<R>(
#45 87.51     |          ^^^^^^^^^^^^^^^
#45 87.51     |
#45 87.51     = note: `#[warn(dead_code)]` (part of `#[warn(unused)]`) on by default
#45 87.51 
#45 87.51 warning: function `verify_source_package_with_client` is never used
#45 87.51     --> services/ctl/src/push_component.rs:1301:10
#45 87.51      |
#45 87.51 1301 | async fn verify_source_package_with_client(
#45 87.51      |          ^^^^^^^^^^^^^^^^^^^^^^^^^^^^^^^^^
#45 87.51 
#45 96.71 warning: `wamn-runtime` (lib) generated 16 warnings
#45 110.9 warning: `wamn-ctl` (lib) generated 2 warnings
#45 608.4     Finished `release` profile [optimized] target(s) in 9m 21s
#45 611.3 warning: function `canonical_serialized` is never used
#45 611.3    --> crates/catalog/model/src/lib.rs:792:4
#45 611.3     |
#45 611.3 792 | fn canonical_serialized(value: &impl Serialize) -> Vec<u8> {
#45 611.3     |    ^^^^^^^^^^^^^^^^^^^^
#45 611.3     |
#45 611.3     = note: `#[warn(dead_code)]` (part of `#[warn(unused)]`) on by default
#45 611.3 
#45 611.3 warning: `wamn-catalog` (lib) generated 1 warning
#45 611.3 warning: the item `Future` is imported redundantly
#45 611.3  --> crates/platform/runtime/src/connection_authority.rs:3:5
#45 611.3   |
#45 611.3 3 | use std::future::Future;
#45 611.3   |     ^^^^^^^^^^^^^^^^^^^
#45 611.3   |
#45 611.3  --> /rustc/88d9e12ae178fab0fb5cc050a94da85685d449ea/library/std/src/prelude/mod.rs:166:12
#45 611.3   |
#45 611.3   = note: the item `Future` is already defined here
#45 611.3   |
#45 611.3   = note: requested on the command line with `-W redundant-imports`
#45 611.3 
#45 611.3 warning: the item `Future` is imported redundantly
#45 611.3  --> crates/platform/runtime/src/plugins/wamn_postgres/pool.rs:7:5
#45 611.3   |
#45 611.3 7 | use std::future::Future;
#45 611.3   |     ^^^^^^^^^^^^^^^^^^^
#45 611.3   |
#45 611.3  --> /rustc/88d9e12ae178fab0fb5cc050a94da85685d449ea/library/std/src/prelude/mod.rs:166:12
#45 611.3   |
#45 611.3   = note: the item `Future` is already defined here
#45 611.3 
#45 611.3 warning: constant `HTTP_CONTRACT` is never used
#45 611.3   --> crates/platform/runtime/src/plugins/connection_http.rs:52:7
#45 611.3    |
#45 611.3 52 | const HTTP_CONTRACT: &str = "wamn:connection/http@0.1.0";
#45 611.3    |       ^^^^^^^^^^^^^
#45 611.3    |
#45 611.3    = note: `#[warn(dead_code)]` (part of `#[warn(unused)]`) on by default
#45 611.3 
#45 611.3 warning: type does not implement `std::fmt::Debug`; consider adding `#[derive(Debug)]` or a manual implementation
#45 611.3    --> crates/platform/runtime/src/plugins/connection_http.rs:114:1
#45 611.3     |
#45 611.3 114 | / pub struct ConnectionHttp {
#45 611.3 115 | |     postgres: Arc<WamnPostgres>,
#45 611.3 116 | |     vault: Arc<WamnCredentials>,
#45 611.3 117 | |     tenant: Box<str>,
#45 611.3 ...   |
#45 611.3 133 | |     invocations: std::sync::RwLock<HashMap<String, ConnectionInvocation>>,
#45 611.3 134 | | }
#45 611.3     | |_^
#45 611.3     |
#45 611.3     = note: requested on the command line with `-W missing-debug-implementations`
#45 611.3 
#45 611.3 warning: type does not implement `std::fmt::Debug`; consider adding `#[derive(Debug)]` or a manual implementation
#45 611.3   --> crates/platform/runtime/src/plugins/wamn_credentials.rs:27:1
#45 611.3    |
#45 611.3 27 | / pub struct WamnCredentials {
#45 611.3 28 | |     /// Whether ANY backing source was configured. Distinguishes `unavailable`
#45 611.3 29 | |     /// (no source — retryable) from `not-found` (source present, name absent —
#45 611.3 30 | |     /// config-shaped).
#45 611.3 ...  |
#45 611.3 33 | |     projects: HashMap<String, HashMap<String, String>>,
#45 611.3 34 | | }
#45 611.3    | |_^
#45 611.3 
#45 611.3 warning: type does not implement `std::fmt::Debug`; consider adding `#[derive(Debug)]` or a manual implementation
#45 611.3    --> crates/platform/runtime/src/plugins/wamn_jetstream.rs:544:1
#45 611.3     |
#45 611.3 544 | / pub struct WamnJetstream {
#45 611.3 545 | |     nats_url: Option<String>,
#45 611.3 546 | |     /// Lazily-connected, memoized JetStream context. A `Mutex<Option<_>>` (not a
#45 611.3 547 | |     /// `OnceCell`) so a transient connect failure is retried on the next call
#45 611.3 ...   |
#45 611.3 569 | |     dlq_depth: Arc<DeadLetterDepth>,
#45 611.3 570 | | }
#45 611.3     | |_^
#45 611.3 
#45 611.3 warning: type does not implement `std::fmt::Debug`; consider adding `#[derive(Debug)]` or a manual implementation
#45 611.3     --> crates/platform/runtime/src/plugins/wamn_jetstream.rs:1209:1
#45 611.3      |
#45 611.3 1209 | / pub struct JsConsumer {
#45 611.3 1210 | |     consumer: Consumer<PullConfig>,
#45 611.3 1211 | |     dead_letter: Option<DeadLetterIdentity>,
#45 611.3 1212 | | }
#45 611.3      | |_^
#45 611.3 
#45 611.3 warning: type does not implement `std::fmt::Debug`; consider adding `#[derive(Debug)]` or a manual implementation
#45 611.3     --> crates/platform/runtime/src/plugins/wamn_jetstream.rs:1216:1
#45 611.3      |
#45 611.3 1216 | / pub struct JsMessage {
#45 611.3 1217 | |     msg: async_nats::jetstream::Message,
#45 611.3 1218 | |     dead_letter: Option<DeadLetterIdentity>,
#45 611.3 1219 | | }
#45 611.3      | |_^
#45 611.3 
#45 611.3 warning: type does not implement `std::fmt::Debug`; consider adding `#[derive(Debug)]` or a manual implementation
#45 611.3    --> crates/platform/runtime/src/plugins/wamn_logging.rs:213:1
#45 611.3     |
#45 611.3 213 | / pub struct Capture {
#45 611.3 214 | |     records: std::sync::Mutex<Vec<CapturedRec>>,
#45 611.3 215 | | }
#45 611.3     | |_^
#45 611.3 
#45 611.3 warning: type does not implement `std::fmt::Debug`; consider adding `#[derive(Debug)]` or a manual implementation
#45 611.3    --> crates/platform/runtime/src/plugins/wamn_logging.rs:235:1
#45 611.3     |
#45 611.3 235 | / pub struct WamnLogging {
#45 611.3 236 | |     /// component id → host-trusted {tenant, project}.
#45 611.3 237 | |     claims: std::sync::RwLock<HashMap<String, Claim>>,
#45 611.3 238 | |     /// Bounded front queue; `try_send` keeps `log()` non-blocking.
#45 611.3 ...   |
#45 611.3 243 | |     _drain: tokio::task::JoinHandle<()>,
#45 611.3 244 | | }
#45 611.3     | |_^
#45 611.3 
#45 611.3 warning: type does not implement `std::fmt::Debug`; consider adding `#[derive(Debug)]` or a manual implementation
#45 611.3    --> crates/platform/runtime/src/plugins/wamn_postgres/claims.rs:55:1
#45 611.3     |
#45 611.3  55 | / pub struct WamnPostgres {
#45 611.3  56 | |     /// Resolves a project id → its database connection + policy.
#45 611.3  57 | |     provider: Arc<dyn CredentialProvider>,
#45 611.3  58 | |     /// Guest-visible project pools, built lazily and never shared with host-owned
#45 611.3 ...   |
#45 611.3 121 | |     pub(super) bind_counters: super::BindCounters,
#45 611.3 122 | | }
#45 611.3     | |_^
#45 611.3 
#45 611.3 warning: type does not implement `std::fmt::Debug`; consider adding `#[derive(Debug)]` or a manual implementation
#45 611.3    --> crates/platform/runtime/src/plugins/wamn_postgres/pool.rs:339:1
#45 611.3     |
#45 611.3 339 | / pub struct StaticCredentialProvider {
#45 611.3 340 | |     projects: HashMap<String, ProjectConfig>,
#45 611.3 341 | | }
#45 611.3     | |_^
#45 611.3 
#45 611.3 warning: type does not implement `std::fmt::Debug`; consider adding `#[derive(Debug)]` or a manual implementation
#45 611.3    --> crates/platform/runtime/src/plugins/wamn_postgres/pool.rs:514:1
#45 611.3     |
#45 611.3 514 | / pub struct K8sSecretProvider {
#45 611.3 515 | |     pub namespace: String,
#45 611.3 516 | | }
#45 611.3     | |_^
#45 611.3 
#45 611.3 warning: type does not implement `std::fmt::Debug`; consider adding `#[derive(Debug)]` or a manual implementation
#45 611.3    --> crates/platform/runtime/src/plugins/wamn_postgres/resources.rs:99:1
#45 611.3     |
#45 611.3  99 | / pub struct PgTransaction {
#45 611.3 100 | |     state: SharedTxnState,
#45 611.3 101 | |     destroyed: Arc<AtomicU64>,
#45 611.3 102 | |     cursor_seq: u32,
#45 611.3 103 | |     /// Row limit of the project this transaction's connection belongs to.
#45 611.3 104 | |     row_limit: u64,
#45 611.3 105 | | }
#45 611.3     | |_^
#45 611.3 
#45 611.3 warning: type does not implement `std::fmt::Debug`; consider adding `#[derive(Debug)]` or a manual implementation
#45 611.3    --> crates/platform/runtime/src/plugins/wamn_postgres/resources.rs:145:1
#45 611.3     |
#45 611.3 145 | / pub struct PgCursor {
#45 611.3 146 | |     state: SharedTxnState,
#45 611.3 147 | |     destroyed: Arc<AtomicU64>,
#45 611.3 148 | |     name: String,
#45 611.3 149 | | }
#45 611.3     | |_^
#45 611.3 
#45 611.3 warning: type does not implement `std::fmt::Debug`; consider adding `#[derive(Debug)]` or a manual implementation
#45 611.3    --> crates/platform/runtime/src/wiring_doorbell.rs:145:1
#45 611.3     |
#45 611.3 145 | / pub struct WiringDoorbellListener {
#45 611.3 146 | |     shutdown: tokio::sync::watch::Sender<bool>,
#45 611.3 147 | |     task: tokio::task::JoinHandle<()>,
#45 611.3 148 | | }
#45 611.3     | |_^
#45 611.3 
#45 611.3    Compiling wamn-control-provision v0.1.0 (/build/crates/control/provision)
#45 611.3 warning: `wamn-runtime` (lib) generated 16 warnings
#45 612.8    Compiling wamn-ctl v0.1.0 (/build/services/ctl)
#45 621.6 warning: function `run_once_stages` is never used
#45 621.6    --> services/ctl/src/dev.rs:603:10
#45 621.6     |
#45 621.6 603 | async fn run_once_stages<R>(
#45 621.6     |          ^^^^^^^^^^^^^^^
#45 621.6     |
#45 621.6     = note: `#[warn(dead_code)]` (part of `#[warn(unused)]`) on by default
#45 621.6 
#45 621.6 warning: function `verify_source_package_with_client` is never used
#45 621.6     --> services/ctl/src/push_component.rs:1301:10
#45 621.6      |
#45 621.6 1301 | async fn verify_source_package_with_client(
#45 621.6      |          ^^^^^^^^^^^^^^^^^^^^^^^^^^^^^^^^^
#45 621.6 
#45 649.0 warning: `wamn-ctl` (lib) generated 2 warnings
#45 736.0     Finished `release` profile [optimized] target(s) in 2m 06s
#45 DONE 738.5s

#43 [build-cdc-reader 2/2] RUN --mount=type=cache,id=wamn-root-cargo-registry,target=/usr/local/cargo/registry,sharing=locked     --mount=type=cache,id=wamn-root-cargo-git,target=/usr/local/cargo/git,sharing=locked     --mount=type=cache,id=wamn-root-target,target=/build/target,sharing=locked     cargo build --locked --release -p wamn-cdc-reader  && install -D -m 0755 target/release/wamn-cdc-reader /native-output/wamn-cdc-reader
#43 747.1    Compiling wamn-catalog v0.1.0 (/build/crates/catalog/model)
#43 747.1    Compiling wamn-schema-introspection v0.1.0 (/build/crates/schema/introspection)
#43 747.1    Compiling wamn-run-state v0.1.0 (/build/crates/execution/run-state)
#43 747.1    Compiling wamn-control-registry v0.1.0 (/build/crates/control/registry)
#43 750.3 warning: function `canonical_serialized` is never used
#43 750.3    --> crates/catalog/model/src/lib.rs:792:4
#43 750.3     |
#43 750.3 792 | fn canonical_serialized(value: &impl Serialize) -> Vec<u8> {
#43 750.3     |    ^^^^^^^^^^^^^^^^^^^^
#43 750.3     |
#43 750.3     = note: `#[warn(dead_code)]` (part of `#[warn(unused)]`) on by default
#43 750.3 
#43 752.1    Compiling wamn-schema-generator v0.1.0 (/build/crates/schema/generator)
#43 758.0 warning: `wamn-catalog` (lib) generated 1 warning
#43 760.8    Compiling wamn-control-provision v0.1.0 (/build/crates/control/provision)
#43 764.4    Compiling wamn-cdc-reader v0.1.0 (/build/services/cdc-reader)
#43 817.8     Finished `release` profile [optimized] target(s) in 1m 12s
#43 DONE 817.9s

#32 [build-gates 1/1] RUN --mount=type=cache,id=wamn-root-cargo-registry,target=/usr/local/cargo/registry,sharing=locked     --mount=type=cache,id=wamn-root-cargo-git,target=/usr/local/cargo/git,sharing=locked     --mount=type=cache,id=wamn-root-target,target=/build/target,sharing=locked     cargo build --locked --release -p wamn-gates  && install -D -m 0755 target/release/wamn-gates /native-output/wamn-gates
#32 835.8 warning: function `canonical_serialized` is never used
#32 835.8    --> crates/catalog/model/src/lib.rs:792:4
#32 835.8     |
#32 835.8 792 | fn canonical_serialized(value: &impl Serialize) -> Vec<u8> {
#32 835.8     |    ^^^^^^^^^^^^^^^^^^^^
#32 835.8     |
#32 835.8     = note: `#[warn(dead_code)]` (part of `#[warn(unused)]`) on by default
#32 835.8 
#32 835.8 warning: `wamn-catalog` (lib) generated 1 warning
#32 835.8    Compiling wamn-router v0.1.0 (/build/crates/execution/router)
#32 835.8    Compiling wamn-platform-identity v0.1.0 (/build/crates/identity/platform)
#32 835.8    Compiling wamn-schema-introspection v0.1.0 (/build/crates/schema/introspection)
#32 835.8    Compiling wamn-client-terminal v0.1.0 (/build/crates/client/terminal)
#32 837.5    Compiling wamn-runtime v0.1.0 (/build/crates/platform/runtime)
#32 838.2    Compiling wamn-schema-generator v0.1.0 (/build/crates/schema/generator)
#32 839.1 warning: the item `Future` is imported redundantly
#32 839.1  --> crates/platform/runtime/src/connection_authority.rs:3:5
#32 839.1   |
#32 839.1 3 | use std::future::Future;
#32 839.1   |     ^^^^^^^^^^^^^^^^^^^
#32 839.1   |
#32 839.1  --> /rustc/88d9e12ae178fab0fb5cc050a94da85685d449ea/library/std/src/prelude/mod.rs:166:12
#32 839.1   |
#32 839.1   = note: the item `Future` is already defined here
#32 839.1   |
#32 839.1   = note: requested on the command line with `-W redundant-imports`
#32 839.1 
#32 839.1 warning: the item `Future` is imported redundantly
#32 839.1  --> crates/platform/runtime/src/plugins/wamn_postgres/pool.rs:7:5
#32 839.1   |
#32 839.1 7 | use std::future::Future;
#32 839.1   |     ^^^^^^^^^^^^^^^^^^^
#32 839.1   |
#32 839.1  --> /rustc/88d9e12ae178fab0fb5cc050a94da85685d449ea/library/std/src/prelude/mod.rs:166:12
#32 839.1   |
#32 839.1   = note: the item `Future` is already defined here
#32 839.1 
#32 840.0    Compiling wamn-gate-harness v0.1.0 (/build/test-support/harness)
#32 840.3 warning: type does not implement `std::fmt::Debug`; consider adding `#[derive(Debug)]` or a manual implementation
#32 840.3   --> test-support/harness/src/ceiling.rs:72:1
#32 840.3    |
#32 840.3 72 | / pub struct Ramp {
#32 840.3 73 | |     tolerance: f64,
#32 840.3 74 | |     max_levels: usize,
#32 840.3 75 | |     levels: Vec<LevelStats>,
#32 840.3 ...  |
#32 840.3 82 | |     retrying: bool,
#32 840.3 83 | | }
#32 840.3    | |_^
#32 840.3    |
#32 840.3    = note: requested on the command line with `-W missing-debug-implementations`
#32 840.3 
#32 841.7    Compiling wamn-proof-system v0.1.0 (/build/tests/system)
#32 841.9    Compiling wamn-test-infrastructure v0.1.0 (/build/test-support/infrastructure)
#32 842.0 warning: `wamn-gate-harness` (lib) generated 1 warning
#32 844.4    Compiling wamn-schema-control v0.1.0 (/build/crates/schema/control)
#32 844.4    Compiling wamn-control-provision v0.1.0 (/build/crates/control/provision)
#32 849.4 warning: constant `HTTP_CONTRACT` is never used
#32 849.4   --> crates/platform/runtime/src/plugins/connection_http.rs:52:7
#32 849.4    |
#32 849.4 52 | const HTTP_CONTRACT: &str = "wamn:connection/http@0.1.0";
#32 849.4    |       ^^^^^^^^^^^^^
#32 849.4    |
#32 849.4    = note: `#[warn(dead_code)]` (part of `#[warn(unused)]`) on by default
#32 849.4 
#32 849.5 warning: type does not implement `std::fmt::Debug`; consider adding `#[derive(Debug)]` or a manual implementation
#32 849.5    --> crates/platform/runtime/src/plugins/connection_http.rs:114:1
#32 849.5     |
#32 849.5 114 | / pub struct ConnectionHttp {
#32 849.5 115 | |     postgres: Arc<WamnPostgres>,
#32 849.5 116 | |     vault: Arc<WamnCredentials>,
#32 849.5 117 | |     tenant: Box<str>,
#32 849.5 ...   |
#32 849.5 133 | |     invocations: std::sync::RwLock<HashMap<String, ConnectionInvocation>>,
#32 849.5 134 | | }
#32 849.5     | |_^
#32 849.5     |
#32 849.5     = note: requested on the command line with `-W missing-debug-implementations`
#32 849.5 
#32 849.5 warning: type does not implement `std::fmt::Debug`; consider adding `#[derive(Debug)]` or a manual implementation
#32 849.5   --> crates/platform/runtime/src/plugins/wamn_credentials.rs:27:1
#32 849.5    |
#32 849.5 27 | / pub struct WamnCredentials {
#32 849.5 28 | |     /// Whether ANY backing source was configured. Distinguishes `unavailable`
#32 849.5 29 | |     /// (no source — retryable) from `not-found` (source present, name absent —
#32 849.5 30 | |     /// config-shaped).
#32 849.5 ...  |
#32 849.5 33 | |     projects: HashMap<String, HashMap<String, String>>,
#32 849.5 34 | | }
#32 849.5    | |_^
#32 849.5 
#32 849.5 warning: type does not implement `std::fmt::Debug`; consider adding `#[derive(Debug)]` or a manual implementation
#32 849.5    --> crates/platform/runtime/src/plugins/wamn_jetstream.rs:544:1
#32 849.5     |
#32 849.5 544 | / pub struct WamnJetstream {
#32 849.5 545 | |     nats_url: Option<String>,
#32 849.5 546 | |     /// Lazily-connected, memoized JetStream context. A `Mutex<Option<_>>` (not a
#32 849.5 547 | |     /// `OnceCell`) so a transient connect failure is retried on the next call
#32 849.5 ...   |
#32 849.5 569 | |     dlq_depth: Arc<DeadLetterDepth>,
#32 849.5 570 | | }
#32 849.5     | |_^
#32 849.5 
#32 849.5 warning: type does not implement `std::fmt::Debug`; consider adding `#[derive(Debug)]` or a manual implementation
#32 849.5     --> crates/platform/runtime/src/plugins/wamn_jetstream.rs:1209:1
#32 849.5      |
#32 849.5 1209 | / pub struct JsConsumer {
#32 849.5 1210 | |     consumer: Consumer<PullConfig>,
#32 849.5 1211 | |     dead_letter: Option<DeadLetterIdentity>,
#32 849.5 1212 | | }
#32 849.5      | |_^
#32 849.5 
#32 849.5 warning: type does not implement `std::fmt::Debug`; consider adding `#[derive(Debug)]` or a manual implementation
#32 849.5     --> crates/platform/runtime/src/plugins/wamn_jetstream.rs:1216:1
#32 849.5      |
#32 849.5 1216 | / pub struct JsMessage {
#32 849.5 1217 | |     msg: async_nats::jetstream::Message,
#32 849.5 1218 | |     dead_letter: Option<DeadLetterIdentity>,
#32 849.5 1219 | | }
#32 849.5      | |_^
#32 849.5 
#32 849.5 warning: type does not implement `std::fmt::Debug`; consider adding `#[derive(Debug)]` or a manual implementation
#32 849.5    --> crates/platform/runtime/src/plugins/wamn_logging.rs:213:1
#32 849.5     |
#32 849.5 213 | / pub struct Capture {
#32 849.5 214 | |     records: std::sync::Mutex<Vec<CapturedRec>>,
#32 849.5 215 | | }
#32 849.5     | |_^
#32 849.5 
#32 849.5 warning: type does not implement `std::fmt::Debug`; consider adding `#[derive(Debug)]` or a manual implementation
#32 849.5    --> crates/platform/runtime/src/plugins/wamn_logging.rs:235:1
#32 849.5     |
#32 849.5 235 | / pub struct WamnLogging {
#32 849.5 236 | |     /// component id → host-trusted {tenant, project}.
#32 849.5 237 | |     claims: std::sync::RwLock<HashMap<String, Claim>>,
#32 849.5 238 | |     /// Bounded front queue; `try_send` keeps `log()` non-blocking.
#32 849.5 ...   |
#32 849.5 243 | |     _drain: tokio::task::JoinHandle<()>,
#32 849.5 244 | | }
#32 849.5     | |_^
#32 849.5 
#32 849.5 warning: type does not implement `std::fmt::Debug`; consider adding `#[derive(Debug)]` or a manual implementation
#32 849.5    --> crates/platform/runtime/src/plugins/wamn_postgres/claims.rs:55:1
#32 849.5     |
#32 849.5  55 | / pub struct WamnPostgres {
#32 849.5  56 | |     /// Resolves a project id → its database connection + policy.
#32 849.5  57 | |     provider: Arc<dyn CredentialProvider>,
#32 849.5  58 | |     /// Guest-visible project pools, built lazily and never shared with host-owned
#32 849.5 ...   |
#32 849.5 121 | |     pub(super) bind_counters: super::BindCounters,
#32 849.5 122 | | }
#32 849.5     | |_^
#32 849.5 
#32 849.5 warning: type does not implement `std::fmt::Debug`; consider adding `#[derive(Debug)]` or a manual implementation
#32 849.5    --> crates/platform/runtime/src/plugins/wamn_postgres/pool.rs:339:1
#32 849.5     |
#32 849.5 339 | / pub struct StaticCredentialProvider {
#32 849.5 340 | |     projects: HashMap<String, ProjectConfig>,
#32 849.5 341 | | }
#32 849.5     | |_^
#32 849.5 
#32 849.5 warning: type does not implement `std::fmt::Debug`; consider adding `#[derive(Debug)]` or a manual implementation
#32 849.5    --> crates/platform/runtime/src/plugins/wamn_postgres/pool.rs:514:1
#32 849.5     |
#32 849.5 514 | / pub struct K8sSecretProvider {
#32 849.5 515 | |     pub namespace: String,
#32 849.5 516 | | }
#32 849.5     | |_^
#32 849.5 
#32 849.5 warning: type does not implement `std::fmt::Debug`; consider adding `#[derive(Debug)]` or a manual implementation
#32 849.5    --> crates/platform/runtime/src/plugins/wamn_postgres/resources.rs:99:1
#32 849.5     |
#32 849.5  99 | / pub struct PgTransaction {
#32 849.5 100 | |     state: SharedTxnState,
#32 849.5 101 | |     destroyed: Arc<AtomicU64>,
#32 849.5 102 | |     cursor_seq: u32,
#32 849.5 103 | |     /// Row limit of the project this transaction's connection belongs to.
#32 849.5 104 | |     row_limit: u64,
#32 849.5 105 | | }
#32 849.5     | |_^
#32 849.5 
#32 849.5 warning: type does not implement `std::fmt::Debug`; consider adding `#[derive(Debug)]` or a manual implementation
#32 849.5    --> crates/platform/runtime/src/plugins/wamn_postgres/resources.rs:145:1
#32 849.5     |
#32 849.5 145 | / pub struct PgCursor {
#32 849.5 146 | |     state: SharedTxnState,
#32 849.5 147 | |     destroyed: Arc<AtomicU64>,
#32 849.5 148 | |     name: String,
#32 849.5 149 | | }
#32 849.5     | |_^
#32 849.5 
#32 849.5 warning: type does not implement `std::fmt::Debug`; consider adding `#[derive(Debug)]` or a manual implementation
#32 849.5    --> crates/platform/runtime/src/wiring_doorbell.rs:145:1
#32 849.5     |
#32 849.5 145 | / pub struct WiringDoorbellListener {
#32 849.5 146 | |     shutdown: tokio::sync::watch::Sender<bool>,
#32 849.5 147 | |     task: tokio::task::JoinHandle<()>,
#32 849.5 148 | | }
#32 849.5     | |_^
#32 849.5 
#32 856.3    Compiling wamn-scenario-worker v0.1.0 (/build/services/scenario-worker)
#32 856.3    Compiling wamn-ctl v0.1.0 (/build/services/ctl)
#32 856.3    Compiling wamn-execution-host v0.1.0 (/build/crates/execution/host)
#32 857.3 warning: type does not implement `std::fmt::Debug`; consider adding `#[derive(Debug)]` or a manual implementation
#32 857.3    --> services/scenario-worker/src/authoring.rs:218:1
#32 857.3     |
#32 857.3 218 | / pub struct InternalAuthoringBackend {
#32 857.3 219 | |     authority: InternalDevAdmin,
#32 857.3 220 | |     client: Client,
#32 857.3 221 | |     connection_task: tokio::task::JoinHandle<()>,
#32 857.3 222 | |     tenant_id: Box<str>,
#32 857.3 223 | |     source_schema: BareSchemaName,
#32 857.3 224 | | }
#32 857.3     | |_^
#32 857.3     |
#32 857.3     = note: requested on the command line with `-W missing-debug-implementations`
#32 857.3 
#32 857.3 warning: type does not implement `std::fmt::Debug`; consider adding `#[derive(Debug)]` or a manual implementation
#32 857.3    --> services/scenario-worker/src/store/admission.rs:316:1
#32 857.3     |
#32 857.3 316 | / pub struct AdmissionSurface {
#32 857.3 317 | |     /// The explicit credential and exact server-side predicates are retained so
#32 857.3 318 | |     /// every replacement physical connection is checked identically.
#32 857.3 319 | |     probe: CredentialExactnessProbe,
#32 857.3 ...   |
#32 857.3 322 | |     tenant_id: Box<str>,
#32 857.3 323 | | }
#32 857.3     | |_^
#32 857.3 
#32 865.2 warning: function `run_once_stages` is never used
#32 865.2    --> services/ctl/src/dev.rs:603:10
#32 865.2     |
#32 865.2 603 | async fn run_once_stages<R>(
#32 865.2     |          ^^^^^^^^^^^^^^^
#32 865.2     |
#32 865.2     = note: `#[warn(dead_code)]` (part of `#[warn(unused)]`) on by default
#32 865.2 
#32 865.2 warning: function `verify_source_package_with_client` is never used
#32 865.2     --> services/ctl/src/push_component.rs:1301:10
#32 865.2      |
#32 865.2 1301 | async fn verify_source_package_with_client(
#32 865.2      |          ^^^^^^^^^^^^^^^^^^^^^^^^^^^^^^^^^
#32 865.2 
#32 870.9 warning: `wamn-scenario-worker` (lib) generated 2 warnings
#32 870.9    Compiling wamn-proof-integration v0.1.0 (/build/tests/integration)
#32 876.0 warning: function `models` is never used
#32 876.0   --> tests/integration/src/measurement_schema.rs:25:8
#32 876.0    |
#32 876.0 25 | pub fn models(schema: &str) -> Vec<ManagedModel> {
#32 876.0    |        ^^^^^^
#32 876.0    |
#32 876.0    = note: `#[warn(dead_code)]` (part of `#[warn(unused)]`) on by default
#32 876.0 
#32 876.0 warning: field `release` is never read
#32 876.0    --> tests/integration/src/trusted_http_route.rs:110:16
#32 876.0     |
#32 876.0 105 | pub struct TrustedHttpRoute {
#32 876.0     |            ---------------- field in this struct
#32 876.0 ...
#32 876.0 110 |     pub(crate) release: Arc<ReleaseManifestWeld>,
#32 876.0     |                ^^^^^^^
#32 876.0 
#32 876.1 warning: type does not implement `std::fmt::Debug`; consider adding `#[derive(Debug)]` or a manual implementation
#32 876.1    --> tests/integration/src/trusted_http_route.rs:105:1
#32 876.1     |
#32 876.1 105 | / pub struct TrustedHttpRoute {
#32 876.1 106 | |     pub driver: Arc<RouterDriver>,
#32 876.1 107 | |     /// The same welded release the driver authorizes. Callers that exercise a
#32 876.1 108 | |     /// release-owned ingress plugin must share this exact weld rather than mint
#32 876.1 ...   |
#32 876.1 116 | |     pub wiring_hash: String,
#32 876.1 117 | | }
#32 876.1     | |_^
#32 876.1     |
#32 876.1     = note: requested on the command line with `-W missing-debug-implementations`
#32 876.1 
#32 917.4 warning: `wamn-runtime` (lib) generated 16 warnings
#32 919.2 warning: `wamn-proof-integration` (lib) generated 3 warnings
#32 919.2    Compiling wamn-proof-conformance v0.1.0 (/build/tests/conformance)
#32 919.7 warning: type does not implement `Debug`; consider adding `#[derive(Debug)]` or a manual implementation
#32 919.7   --> tests/conformance/src/socketguard.rs:26:1
#32 919.7    |
#32 919.7 26 | pub struct SocketGuardArgs {}
#32 919.7    | ^^^^^^^^^^^^^^^^^^^^^^^^^^^^^
#32 919.7    |
#32 919.7    = note: requested on the command line with `-W missing-debug-implementations`
#32 919.7 
#32 923.0 warning: `wamn-proof-conformance` (lib) generated 1 warning
#32 926.0 warning: `wamn-ctl` (lib) generated 2 warnings
#32 926.0    Compiling wamn-gates v0.1.0 (/build/tests/orchestrator)
#32 1120.2     Finished `release` profile [optimized] target(s) in 4m 45s
#32 DONE 1120.5s

#46 [gates  1/10] COPY --from=build-gates /native-output/wamn-gates /usr/local/bin/wamn-gates
#46 DONE 0.1s

#47 [gates  2/10] COPY --from=build-ctl /native-output/wamn-ctl /usr/local/bin/wamn-ctl
#47 DONE 0.2s

#48 [gates  3/10] COPY --from=build-ctl /native-output/wamn-ctl-ops /usr/local/bin/wamn-ctl-ops
#48 DONE 0.1s

#49 [gates  4/10] COPY --from=build-cdc-reader /native-output/wamn-cdc-reader /usr/local/bin/wamn-cdc-reader
#49 DONE 0.2s

#50 [gates  5/10] COPY --from=build-dispatcher /native-output/wamn-dispatcher /usr/local/bin/wamn-dispatcher
#50 DONE 0.2s

#51 [gates  6/10] COPY --from=component-builder /component-output/busyloop.wasm /bench/busyloop.wasm
#51 DONE 0.2s

#52 [gates  7/10] COPY --from=component-builder /component-output/sockprobe.wasm /bench/sockprobe.wasm
#52 DONE 0.1s

#53 [gates  8/10] COPY --from=component-builder /component-output/http_route.wasm /bench/http-route.wasm
#53 DONE 0.2s

#54 [gates  9/10] COPY --from=component-builder /component-output/materializer.wasm /bench/materializer.wasm
#54 DONE 0.2s

#55 [gates 10/10] COPY --from=component-builder /component-output/connection_http_standard.wasm /bench/connection-http-standard.wasm
#55 DONE 0.2s

#56 exporting to image
#56 exporting layers
#56 exporting layers 0.9s done
#56 writing image sha256:2f3cb10b34b5b7e38b21ebbf151b1990b68441e609b199eec2a4c018628afd85 0.0s done
#56 naming to docker.io/library/wamn-gates:receiving-a2ea0ef32dde-1685789-release 0.0s done
#56 DONE 1.0s
Creating cluster "wamn-receiving-correctness" ...
 • Ensuring node image (kindest/node:v1.36.1) 🖼  ...
 ✓ Ensuring node image (kindest/node:v1.36.1) 🖼
 • Preparing nodes 📦 📦 📦   ...
 ✓ Preparing nodes 📦 📦 📦 
 • Writing configuration 📜  ...
 ✓ Writing configuration 📜
 • Starting control-plane 🕹️  ...
 ✓ Starting control-plane 🕹️
 • Installing CNI 🔌  ...
 ✓ Installing CNI 🔌
 • Installing StorageClass 💾  ...
 ✓ Installing StorageClass 💾
 • Joining worker nodes 🚜  ...
 ✓ Joining worker nodes 🚜
Set kubectl context to "kind-wamn-receiving-correctness"
You can now use your cluster with:

kubectl cluster-info --context kind-wamn-receiving-correctness --kubeconfig /tmp/tmp.qdQAQoGs99/kubeconfig

Not sure what to do next? 😅  Check out https://kind.sigs.k8s.io/docs/user/quick-start/
node/wamn-receiving-correctness-control-plane condition met
node/wamn-receiving-correctness-worker condition met
node/wamn-receiving-correctness-worker2 condition met
namespace/wamn-receiving-correctness created
Image: "wamn-host:receiving-a2ea0ef32dde-1685789-release" with ID "sha256:bf7f3d8dbf06be47392c497110dd07da9e703cfef79a45d35146511b09128c6a" not yet present on node "wamn-receiving-correctness-control-plane", loading...
Image: "wamn-host:receiving-a2ea0ef32dde-1685789-release" with ID "sha256:bf7f3d8dbf06be47392c497110dd07da9e703cfef79a45d35146511b09128c6a" not yet present on node "wamn-receiving-correctness-worker2", loading...
Image: "wamn-host:receiving-a2ea0ef32dde-1685789-release" with ID "sha256:bf7f3d8dbf06be47392c497110dd07da9e703cfef79a45d35146511b09128c6a" not yet present on node "wamn-receiving-correctness-worker", loading...
Image: "wamn-gates:receiving-a2ea0ef32dde-1685789-release" with ID "sha256:2f3cb10b34b5b7e38b21ebbf151b1990b68441e609b199eec2a4c018628afd85" not yet present on node "wamn-receiving-correctness-control-plane", loading...
Image: "wamn-gates:receiving-a2ea0ef32dde-1685789-release" with ID "sha256:2f3cb10b34b5b7e38b21ebbf151b1990b68441e609b199eec2a4c018628afd85" not yet present on node "wamn-receiving-correctness-worker2", loading...
Image: "wamn-gates:receiving-a2ea0ef32dde-1685789-release" with ID "sha256:2f3cb10b34b5b7e38b21ebbf151b1990b68441e609b199eec2a4c018628afd85" not yet present on node "wamn-receiving-correctness-worker", loading...
ec0347dd7211896fd37f42cc8a373e48bb2c90abb3baadf1fcf99e6aff574447
122b617aa2635e8fccff79acdaaad53423d7c8bdf9e7a6948beb66887db7c84b
93b7ff0fd2e0afdd4ad59b7ad3090d51ee6c29730dc601af3cb47e84de93730f
warning: function `canonical_serialized` is never used
   --> crates/catalog/model/src/lib.rs:792:4
    |
792 | fn canonical_serialized(value: &impl Serialize) -> Vec<u8> {
    |    ^^^^^^^^^^^^^^^^^^^^
    |
    = note: `#[warn(dead_code)]` (part of `#[warn(unused)]`) on by default

warning: `wamn-catalog` (lib) generated 1 warning
warning: the item `Future` is imported redundantly
 --> crates/platform/runtime/src/connection_authority.rs:3:5
  |
3 | use std::future::Future;
  |     ^^^^^^^^^^^^^^^^^^^
  |
 --> /rustc/88d9e12ae178fab0fb5cc050a94da85685d449ea/library/std/src/prelude/mod.rs:166:12
  |
  = note: the item `Future` is already defined here
  |
  = note: requested on the command line with `-W redundant-imports`

warning: the item `Future` is imported redundantly
 --> crates/platform/runtime/src/plugins/wamn_postgres/pool.rs:7:5
  |
7 | use std::future::Future;
  |     ^^^^^^^^^^^^^^^^^^^
  |
 --> /rustc/88d9e12ae178fab0fb5cc050a94da85685d449ea/library/std/src/prelude/mod.rs:166:12
  |
  = note: the item `Future` is already defined here

warning: constant `HTTP_CONTRACT` is never used
  --> crates/platform/runtime/src/plugins/connection_http.rs:52:7
   |
52 | const HTTP_CONTRACT: &str = "wamn:connection/http@0.1.0";
   |       ^^^^^^^^^^^^^
   |
   = note: `#[warn(dead_code)]` (part of `#[warn(unused)]`) on by default

warning: type does not implement `std::fmt::Debug`; consider adding `#[derive(Debug)]` or a manual implementation
   --> crates/platform/runtime/src/plugins/connection_http.rs:114:1
    |
114 | / pub struct ConnectionHttp {
115 | |     postgres: Arc<WamnPostgres>,
116 | |     vault: Arc<WamnCredentials>,
117 | |     tenant: Box<str>,
...   |
133 | |     invocations: std::sync::RwLock<HashMap<String, ConnectionInvocation>>,
134 | | }
    | |_^
    |
    = note: requested on the command line with `-W missing-debug-implementations`

warning: type does not implement `std::fmt::Debug`; consider adding `#[derive(Debug)]` or a manual implementation
  --> crates/platform/runtime/src/plugins/wamn_credentials.rs:27:1
   |
27 | / pub struct WamnCredentials {
28 | |     /// Whether ANY backing source was configured. Distinguishes `unavailable`
29 | |     /// (no source — retryable) from `not-found` (source present, name absent —
30 | |     /// config-shaped).
...  |
33 | |     projects: HashMap<String, HashMap<String, String>>,
34 | | }
   | |_^

warning: type does not implement `std::fmt::Debug`; consider adding `#[derive(Debug)]` or a manual implementation
   --> crates/platform/runtime/src/plugins/wamn_jetstream.rs:544:1
    |
544 | / pub struct WamnJetstream {
545 | |     nats_url: Option<String>,
546 | |     /// Lazily-connected, memoized JetStream context. A `Mutex<Option<_>>` (not a
547 | |     /// `OnceCell`) so a transient connect failure is retried on the next call
...   |
569 | |     dlq_depth: Arc<DeadLetterDepth>,
570 | | }
    | |_^

warning: type does not implement `std::fmt::Debug`; consider adding `#[derive(Debug)]` or a manual implementation
    --> crates/platform/runtime/src/plugins/wamn_jetstream.rs:1209:1
     |
1209 | / pub struct JsConsumer {
1210 | |     consumer: Consumer<PullConfig>,
1211 | |     dead_letter: Option<DeadLetterIdentity>,
1212 | | }
     | |_^

warning: type does not implement `std::fmt::Debug`; consider adding `#[derive(Debug)]` or a manual implementation
    --> crates/platform/runtime/src/plugins/wamn_jetstream.rs:1216:1
     |
1216 | / pub struct JsMessage {
1217 | |     msg: async_nats::jetstream::Message,
1218 | |     dead_letter: Option<DeadLetterIdentity>,
1219 | | }
     | |_^

warning: type does not implement `std::fmt::Debug`; consider adding `#[derive(Debug)]` or a manual implementation
   --> crates/platform/runtime/src/plugins/wamn_logging.rs:213:1
    |
213 | / pub struct Capture {
214 | |     records: std::sync::Mutex<Vec<CapturedRec>>,
215 | | }
    | |_^

warning: type does not implement `std::fmt::Debug`; consider adding `#[derive(Debug)]` or a manual implementation
   --> crates/platform/runtime/src/plugins/wamn_logging.rs:235:1
    |
235 | / pub struct WamnLogging {
236 | |     /// component id → host-trusted {tenant, project}.
237 | |     claims: std::sync::RwLock<HashMap<String, Claim>>,
238 | |     /// Bounded front queue; `try_send` keeps `log()` non-blocking.
...   |
243 | |     _drain: tokio::task::JoinHandle<()>,
244 | | }
    | |_^

warning: type does not implement `std::fmt::Debug`; consider adding `#[derive(Debug)]` or a manual implementation
   --> crates/platform/runtime/src/plugins/wamn_postgres/claims.rs:55:1
    |
 55 | / pub struct WamnPostgres {
 56 | |     /// Resolves a project id → its database connection + policy.
 57 | |     provider: Arc<dyn CredentialProvider>,
 58 | |     /// Guest-visible project pools, built lazily and never shared with host-owned
...   |
121 | |     pub(super) bind_counters: super::BindCounters,
122 | | }
    | |_^

warning: type does not implement `std::fmt::Debug`; consider adding `#[derive(Debug)]` or a manual implementation
   --> crates/platform/runtime/src/plugins/wamn_postgres/pool.rs:339:1
    |
339 | / pub struct StaticCredentialProvider {
340 | |     projects: HashMap<String, ProjectConfig>,
341 | | }
    | |_^

warning: type does not implement `std::fmt::Debug`; consider adding `#[derive(Debug)]` or a manual implementation
   --> crates/platform/runtime/src/plugins/wamn_postgres/pool.rs:514:1
    |
514 | / pub struct K8sSecretProvider {
515 | |     pub namespace: String,
516 | | }
    | |_^

warning: type does not implement `std::fmt::Debug`; consider adding `#[derive(Debug)]` or a manual implementation
   --> crates/platform/runtime/src/plugins/wamn_postgres/resources.rs:99:1
    |
 99 | / pub struct PgTransaction {
100 | |     state: SharedTxnState,
101 | |     destroyed: Arc<AtomicU64>,
102 | |     cursor_seq: u32,
103 | |     /// Row limit of the project this transaction's connection belongs to.
104 | |     row_limit: u64,
105 | | }
    | |_^

warning: type does not implement `std::fmt::Debug`; consider adding `#[derive(Debug)]` or a manual implementation
   --> crates/platform/runtime/src/plugins/wamn_postgres/resources.rs:145:1
    |
145 | / pub struct PgCursor {
146 | |     state: SharedTxnState,
147 | |     destroyed: Arc<AtomicU64>,
148 | |     name: String,
149 | | }
    | |_^

warning: type does not implement `std::fmt::Debug`; consider adding `#[derive(Debug)]` or a manual implementation
   --> crates/platform/runtime/src/wiring_doorbell.rs:145:1
    |
145 | / pub struct WiringDoorbellListener {
146 | |     shutdown: tokio::sync::watch::Sender<bool>,
147 | |     task: tokio::task::JoinHandle<()>,
148 | | }
    | |_^

warning: `wamn-runtime` (lib) generated 16 warnings
warning: type does not implement `std::fmt::Debug`; consider adding `#[derive(Debug)]` or a manual implementation
   --> services/scenario-worker/src/authoring.rs:218:1
    |
218 | / pub struct InternalAuthoringBackend {
219 | |     authority: InternalDevAdmin,
220 | |     client: Client,
221 | |     connection_task: tokio::task::JoinHandle<()>,
222 | |     tenant_id: Box<str>,
223 | |     source_schema: BareSchemaName,
224 | | }
    | |_^
    |
    = note: requested on the command line with `-W missing-debug-implementations`

warning: type does not implement `std::fmt::Debug`; consider adding `#[derive(Debug)]` or a manual implementation
   --> services/scenario-worker/src/store/admission.rs:316:1
    |
316 | / pub struct AdmissionSurface {
317 | |     /// The explicit credential and exact server-side predicates are retained so
318 | |     /// every replacement physical connection is checked identically.
319 | |     probe: CredentialExactnessProbe,
...   |
322 | |     tenant_id: Box<str>,
323 | | }
    | |_^

warning: `wamn-scenario-worker` (lib) generated 2 warnings
warning: function `run_once_stages` is never used
   --> services/ctl/src/dev.rs:603:10
    |
603 | async fn run_once_stages<R>(
    |          ^^^^^^^^^^^^^^^
    |
    = note: `#[warn(dead_code)]` (part of `#[warn(unused)]`) on by default

warning: function `verify_source_package_with_client` is never used
    --> services/ctl/src/push_component.rs:1301:10
     |
1301 | async fn verify_source_package_with_client(
     |          ^^^^^^^^^^^^^^^^^^^^^^^^^^^^^^^^^

warning: type does not implement `std::fmt::Debug`; consider adding `#[derive(Debug)]` or a manual implementation
  --> test-support/harness/src/ceiling.rs:72:1
   |
72 | / pub struct Ramp {
73 | |     tolerance: f64,
74 | |     max_levels: usize,
75 | |     levels: Vec<LevelStats>,
...  |
82 | |     retrying: bool,
83 | | }
   | |_^
   |
   = note: requested on the command line with `-W missing-debug-implementations`

warning: `wamn-ctl` (lib) generated 2 warnings
warning: `wamn-gate-harness` (lib) generated 1 warning
   Compiling wamn-proof-integration v0.1.0 (/home/kaalin/.cache/wamn-lanes/p3-http-cutover-20260910/tests/integration)
warning: function `models` is never used
  --> tests/integration/src/measurement_schema.rs:25:8
   |
25 | pub fn models(schema: &str) -> Vec<ManagedModel> {
   |        ^^^^^^
   |
   = note: `#[warn(dead_code)]` (part of `#[warn(unused)]`) on by default

warning: type does not implement `std::fmt::Debug`; consider adding `#[derive(Debug)]` or a manual implementation
   --> tests/integration/src/trusted_http_route.rs:105:1
    |
105 | / pub struct TrustedHttpRoute {
106 | |     pub driver: Arc<RouterDriver>,
107 | |     /// The same welded release the driver authorizes. Callers that exercise a
108 | |     /// release-owned ingress plugin must share this exact weld rather than mint
...   |
116 | |     pub wiring_hash: String,
117 | | }
    | |_^
    |
    = note: requested on the command line with `-W missing-debug-implementations`

warning: `wamn-proof-integration` (lib test) generated 2 warnings
    Finished `test` profile [unoptimized + debuginfo] target(s) in 6.74s
     Running unittests src/lib.rs (target/debug/deps/wamn_proof_integration-e55fd0d1a47ec28f)

running 1 test
test route_authentication_live::production_two_package_release_serves_all_thirteen_pat_routes ... recorded org "acme" (template "trials") in registry.orgs + 2 env policy row(s) stamped insert-if-absent (wamn_system)
org "acme" (template "trials", pooled): placed on the shared pool "route-auth-pg18" (owns no clusters)
project-env acme/receiving/dev: database "wamn-db-acme--receiving--dev--arxbp7nh" on cluster "route-auth-pg18" (owner wamn_db_owner)
wrote /tmp/route-authentication-live-1785737/database.json (Database CR (kubectl apply))
wrote /tmp/route-authentication-live-1785737/roles.sql (role SQL (psql the TARGET cluster BEFORE the Database CR))
wrote /tmp/route-authentication-live-1785737/privileges.sql (privilege SQL (psql the TARGET cluster AFTER the Database is ready))
wrote /tmp/route-authentication-live-1785737/database-secret.json (database credential Secret; kubectl apply)
recorded project "receiving" + project-env acme/receiving/dev in the registry (wamn_system)
environment namespace "wamn-acme--receiving--dev--arxbp7nh" (instance suffix "arxbp7nh")
wrote /tmp/route-authentication-live-1785737/management-author-pat.json (management-author PAT Secret; kubectl apply)
wrote /tmp/route-authentication-live-1785737/route-caller-pat.json (route-caller PAT Secret; kubectl apply)
applied wamn_receiving@1.0.0: 1 migration(s)
applied client_acme_receiving@3.0.0: 2 migration(s)
applied EnsureSchema: wamn_run
applied RepairHelperFunction: require_executor_platform_authority
applied RepairHelperFunction: require_management_admission_authority
applied RepairHelperFunction: pin_run_durability_class
applied RepairHelperFunction: guard_event_lineage_immutable
applied RepairHelperFunction: guard_run_admission_pins_immutable
applied RepairHelperFunction: guard_terminal_run_delete
applied RepairHelperFunction: reject_immutable_effect_fact_change
applied RepairHelperFunction: reject_immutable_operator_run_action_change
applied CreateTable: environment_policies
applied CreateTable: runs
applied CreateTable: effect_attempts
applied CreateTable: effect_attempt_dispatches
applied CreateTable: effect_attempt_outcomes
applied CreateTable: operator_run_actions
applied CreateTable: run_queue
applied RepairEffectWriterPrivilege: wamn_run.usage
applied RepairAuthoringPrivilege: wamn_run.usage
applied RepairDispatchReaderPrivilege: wamn_run.dispatch-reader-read-surface
  converged environment policy tenant="receiving-route-auth" environment="dev" durability_class=standard
prepared and authenticated app credential generation a for acme/receiving/dev; wrote /tmp/tmp.qdQAQoGs99/host-secrets/guest-sql.json
prepared and authenticated executor-platform credential generation a for acme/receiving/dev; wrote /tmp/tmp.qdQAQoGs99/host-secrets/executor-platform.json
prepared and authenticated event-materializer credential generation a for acme/receiving/dev; wrote /tmp/tmp.qdQAQoGs99/host-secrets/event-materializer.json
prepared and authenticated http-admitter credential generation a for acme/receiving/dev; wrote /tmp/tmp.qdQAQoGs99/host-secrets/http-admitter.json
prepared and authenticated identity-reader credential generation a for acme/receiving/dev; wrote /tmp/tmp.qdQAQoGs99/host-secrets/identity-reader.json
prepared and authenticated control-author credential generation a for acme/receiving/dev; wrote /tmp/route-authentication-live-1785737/control-author.json
prepared and authenticated management-admitter credential generation a for acme/receiving/dev; wrote /tmp/route-authentication-live-1785737/management-admitter.json
projected sha256:cd494c3413f9987a645ea9320f64f3d9dc5b269296feb6a3289edb84ef065d2d (source-project: already converged; control: changed)
sha256:cd494c3413f9987a645ea9320f64f3d9dc5b269296feb6a3289edb84ef065d2d
projected sha256:075c21ccefc571f504022a47800b527405180f8976f8ef1830ee92136c13add4 (source-project: already converged; control: changed)
sha256:075c21ccefc571f504022a47800b527405180f8976f8ef1830ee92136c13add4
2026-09-10T15:28:10.580838Z  INFO control authoring credential accepted database="postgres" role="wamn_control_author_c5f02edfa191a5fda366179bd4a816eefe101e3b_a" generation="a"
2026-09-10T15:28:10.640232Z  INFO management admission credential accepted database="wamn-db-acme--receiving--dev--arxbp7nh" role="wamn_mgmt_admitter_4cbfff8f9a91c49ba8bac9429325287e6d37dcb1_a" generation="a"
2026-09-10T15:28:10.696285Z  INFO project admission database connection ready endpoint=postgresql://172.28.0.8:5432/wamn-db-acme--receiving--dev--arxbp7nh attempt=1
2026-09-10T15:28:10.696379Z  INFO management authoring surface listening address=127.0.0.1:18090
sha256:506e8a5861568ef66f0d944006c9e0535ead4d5006413ed667bf966a116cd8f4
sha256:682009a5c03a16c1093d13cf449046a197cbafb163b5c4bbc1a0b5542464b8f7
sha256:13b2e3972739106d9b35588201c732d3fc7cdb9b2900dae135ea0bf699c431f3
sha256:a6e70070435b43837194f2f8386cf54c0742a5a8f9d5f885789499e009b1751d
sha256:4cc692f557f2ed5d4dddd1a446e263c1358b229cfa48c8530be76caa42828073
sha256:c2f685cc1ca3a3a083b3fec01e5b6d6ebf6a0045f4fb74067718215a675b14b2
sha256:c8ce4012c813225ce4cc05b48637fbcf134f567b2f868bb6935d710936bc8e00
sha256:03f035ffb64b1f8fc0a6b6f175e4d7910a30af99bc247bc655d351143f73a7be
sha256:c5d614478655eebefb81cbb907796c381efe1fea951480cc8ce68a33d0208a4a
sha256:25379650819aa4282b572ea497f64bf9ca78e5e28dc32a92cb3783164ce2787d
sha256:003fea6dc6ed14076bc69528c8230384490b7a035c5f98d582f025bb75c84792
sha256:400cd2538d296fb24910be7a244241d801b75ba26f75176cc783e401d631d340
sha256:3e8ab8e57d877e66f22b432d929b3d98c53d11edfc184cdb6616b7304225fb61
sha256:2d8ec8d81933ef57c75b1c4760850eb1f77f3200d1ba87f6afb7a80ea59c52e8
run plane already at the schema of record — no actions (7 tables at target)
sha256:b15e7990cafed37d531901bb428c8936ed1b3c4fb5ed7a4acfc63de3d2ca4e40
sha256:b15e7990cafed37d531901bb428c8936ed1b3c4fb5ed7a4acfc63de3d2ca4e40
P3 protocol cases passed: origin-form-host, stalled-body-missing-auth, stalled-body-unknown-route, exact-1mib, 1mib-plus-one, transport-error-after-json, pending-body-cancellation, recovery-after-cancellation
RECEIVING_COLD_NESTED_PHASES wamn.component.pull=204ms wamn.component.compile=15949ms wamn.component.linker_setup=0ms wamn.component.link=4ms wamn.component.instantiate=2ms
applied wamn_receiving@1.0.0: 0 migration(s)
ok

test result: ok. 1 passed; 0 failed; 0 ignored; 0 measured; 74 filtered out; finished in 31.46s

secret/wamn-pat-route-caller-acme--receiving--dev created
secret/wamn-guest-acme--receiving--dev created
secret/wamn-executor-platform-acme--receiving--dev created
secret/wamn-identity-reader-acme--receiving--dev created
secret/wamn-http-admitter-acme--receiving--dev created
secret/wamn-event-materializer-acme--receiving--dev created
secret/wamn-registry-pull created
namespace/cert-manager created
customresourcedefinition.apiextensions.k8s.io/challenges.acme.cert-manager.io created
customresourcedefinition.apiextensions.k8s.io/orders.acme.cert-manager.io created
customresourcedefinition.apiextensions.k8s.io/certificaterequests.cert-manager.io created
customresourcedefinition.apiextensions.k8s.io/certificates.cert-manager.io created
customresourcedefinition.apiextensions.k8s.io/clusterissuers.cert-manager.io created
customresourcedefinition.apiextensions.k8s.io/issuers.cert-manager.io created
serviceaccount/cert-manager-cainjector created
serviceaccount/cert-manager created
serviceaccount/cert-manager-webhook created
clusterrole.rbac.authorization.k8s.io/cert-manager-cainjector created
clusterrole.rbac.authorization.k8s.io/cert-manager-controller-issuers created
clusterrole.rbac.authorization.k8s.io/cert-manager-controller-clusterissuers created
clusterrole.rbac.authorization.k8s.io/cert-manager-controller-certificates created
clusterrole.rbac.authorization.k8s.io/cert-manager-controller-orders created
clusterrole.rbac.authorization.k8s.io/cert-manager-controller-challenges created
clusterrole.rbac.authorization.k8s.io/cert-manager-controller-ingress-shim created
clusterrole.rbac.authorization.k8s.io/cert-manager-cluster-view created
clusterrole.rbac.authorization.k8s.io/cert-manager-view created
clusterrole.rbac.authorization.k8s.io/cert-manager-edit created
clusterrole.rbac.authorization.k8s.io/cert-manager-controller-approve:cert-manager-io created
clusterrole.rbac.authorization.k8s.io/cert-manager-controller-certificatesigningrequests created
clusterrole.rbac.authorization.k8s.io/cert-manager-webhook:subjectaccessreviews created
clusterrolebinding.rbac.authorization.k8s.io/cert-manager-cainjector created
clusterrolebinding.rbac.authorization.k8s.io/cert-manager-controller-issuers created
clusterrolebinding.rbac.authorization.k8s.io/cert-manager-controller-clusterissuers created
clusterrolebinding.rbac.authorization.k8s.io/cert-manager-controller-certificates created
clusterrolebinding.rbac.authorization.k8s.io/cert-manager-controller-orders created
clusterrolebinding.rbac.authorization.k8s.io/cert-manager-controller-challenges created
clusterrolebinding.rbac.authorization.k8s.io/cert-manager-controller-ingress-shim created
clusterrolebinding.rbac.authorization.k8s.io/cert-manager-controller-approve:cert-manager-io created
clusterrolebinding.rbac.authorization.k8s.io/cert-manager-controller-certificatesigningrequests created
clusterrolebinding.rbac.authorization.k8s.io/cert-manager-webhook:subjectaccessreviews created
role.rbac.authorization.k8s.io/cert-manager-cainjector:leaderelection created
role.rbac.authorization.k8s.io/cert-manager:leaderelection created
role.rbac.authorization.k8s.io/cert-manager-webhook:dynamic-serving created
rolebinding.rbac.authorization.k8s.io/cert-manager-cainjector:leaderelection created
rolebinding.rbac.authorization.k8s.io/cert-manager:leaderelection created
rolebinding.rbac.authorization.k8s.io/cert-manager-webhook:dynamic-serving created
service/cert-manager-cainjector created
service/cert-manager created
service/cert-manager-webhook created
deployment.apps/cert-manager-cainjector created
deployment.apps/cert-manager created
deployment.apps/cert-manager-webhook created
mutatingwebhookconfiguration.admissionregistration.k8s.io/cert-manager-webhook created
validatingwebhookconfiguration.admissionregistration.k8s.io/cert-manager-webhook created
deployment.apps/cert-manager condition met
deployment.apps/cert-manager-cainjector condition met
deployment.apps/cert-manager-webhook condition met
Release "wamn" does not exist. Installing it now.
Pulled: ghcr.io/wasmcloud/charts/runtime-operator:2.9.0
Digest: sha256:d70b240cfc3c745f306fc6ebecebff4370e6c8c0568b55c1d02b1eda1716fd17
NAME: wamn
LAST DEPLOYED: Thu Sep 10 11:28:43 2026
NAMESPACE: wamn-system
STATUS: deployed
REVISION: 1
DESCRIPTION: Install complete
TEST SUITE: None
NOTES:
The wasmCloud runtime-operator is installed.

To verify your deployment:
  kubectl get pods -l app.kubernetes.io/instance=wamn -n wamn-system
role.rbac.authorization.k8s.io/wamn-runtime-operator-events created
rolebinding.rbac.authorization.k8s.io/wamn-runtime-operator-events created
configmap/tempo-config created
deployment.apps/tempo created
service/tempo created
configmap/otel-collector-config created
deployment.apps/otel-collector created
service/otel-collector created
deployment.apps/tempo condition met
deployment.apps/otel-collector condition met
secret/wasmcloud-ca created
clusterissuer.cert-manager.io/wasmcloud-ca created
clusterissuer.cert-manager.io/wasmcloud-ca condition met
certificate.cert-manager.io/wasmcloud-runtime-tls created
certificate.cert-manager.io/wasmcloud-data-tls created
certificate.cert-manager.io/wasmcloud-runtime-tls condition met
certificate.cert-manager.io/wasmcloud-data-tls condition met
Release "wamn-host" does not exist. Installing it now.
Pulled: ghcr.io/wasmcloud/charts/runtime-operator:2.9.0
Digest: sha256:d70b240cfc3c745f306fc6ebecebff4370e6c8c0568b55c1d02b1eda1716fd17
NAME: wamn-host
LAST DEPLOYED: Thu Sep 10 11:29:28 2026
NAMESPACE: wamn-receiving-correctness
STATUS: deployed
REVISION: 1
DESCRIPTION: Install complete
TEST SUITE: None
NOTES:
The wasmCloud runtime-operator is installed.

To verify your deployment:
  kubectl get pods -l app.kubernetes.io/instance=wamn-host -n wamn-receiving-correctness
deployment "hostgroup-default" successfully rolled out
service/flow-http created
workloaddeployment.runtime.wasmcloud.dev/flow-http created
workloaddeployment.runtime.wasmcloud.dev/flow-http condition met
service/receiving-correctness-nodeport created
endpointslice.discovery.k8s.io/receiving-correctness-nodeport created
warning: function `canonical_serialized` is never used
   --> crates/catalog/model/src/lib.rs:792:4
    |
792 | fn canonical_serialized(value: &impl Serialize) -> Vec<u8> {
    |    ^^^^^^^^^^^^^^^^^^^^
    |
    = note: `#[warn(dead_code)]` (part of `#[warn(unused)]`) on by default

warning: `wamn-catalog` (lib) generated 1 warning
warning: the item `Future` is imported redundantly
 --> crates/platform/runtime/src/connection_authority.rs:3:5
  |
3 | use std::future::Future;
  |     ^^^^^^^^^^^^^^^^^^^
  |
 --> /rustc/88d9e12ae178fab0fb5cc050a94da85685d449ea/library/std/src/prelude/mod.rs:166:12
  |
  = note: the item `Future` is already defined here
  |
  = note: requested on the command line with `-W redundant-imports`

warning: the item `Future` is imported redundantly
 --> crates/platform/runtime/src/plugins/wamn_postgres/pool.rs:7:5
  |
7 | use std::future::Future;
  |     ^^^^^^^^^^^^^^^^^^^
  |
 --> /rustc/88d9e12ae178fab0fb5cc050a94da85685d449ea/library/std/src/prelude/mod.rs:166:12
  |
  = note: the item `Future` is already defined here

warning: constant `HTTP_CONTRACT` is never used
  --> crates/platform/runtime/src/plugins/connection_http.rs:52:7
   |
52 | const HTTP_CONTRACT: &str = "wamn:connection/http@0.1.0";
   |       ^^^^^^^^^^^^^
   |
   = note: `#[warn(dead_code)]` (part of `#[warn(unused)]`) on by default

warning: type does not implement `std::fmt::Debug`; consider adding `#[derive(Debug)]` or a manual implementation
   --> crates/platform/runtime/src/plugins/connection_http.rs:114:1
    |
114 | / pub struct ConnectionHttp {
115 | |     postgres: Arc<WamnPostgres>,
116 | |     vault: Arc<WamnCredentials>,
117 | |     tenant: Box<str>,
...   |
133 | |     invocations: std::sync::RwLock<HashMap<String, ConnectionInvocation>>,
134 | | }
    | |_^
    |
    = note: requested on the command line with `-W missing-debug-implementations`

warning: type does not implement `std::fmt::Debug`; consider adding `#[derive(Debug)]` or a manual implementation
  --> crates/platform/runtime/src/plugins/wamn_credentials.rs:27:1
   |
27 | / pub struct WamnCredentials {
28 | |     /// Whether ANY backing source was configured. Distinguishes `unavailable`
29 | |     /// (no source — retryable) from `not-found` (source present, name absent —
30 | |     /// config-shaped).
...  |
33 | |     projects: HashMap<String, HashMap<String, String>>,
34 | | }
   | |_^

warning: type does not implement `std::fmt::Debug`; consider adding `#[derive(Debug)]` or a manual implementation
   --> crates/platform/runtime/src/plugins/wamn_jetstream.rs:544:1
    |
544 | / pub struct WamnJetstream {
545 | |     nats_url: Option<String>,
546 | |     /// Lazily-connected, memoized JetStream context. A `Mutex<Option<_>>` (not a
547 | |     /// `OnceCell`) so a transient connect failure is retried on the next call
...   |
569 | |     dlq_depth: Arc<DeadLetterDepth>,
570 | | }
    | |_^

warning: type does not implement `std::fmt::Debug`; consider adding `#[derive(Debug)]` or a manual implementation
    --> crates/platform/runtime/src/plugins/wamn_jetstream.rs:1209:1
     |
1209 | / pub struct JsConsumer {
1210 | |     consumer: Consumer<PullConfig>,
1211 | |     dead_letter: Option<DeadLetterIdentity>,
1212 | | }
     | |_^

warning: type does not implement `std::fmt::Debug`; consider adding `#[derive(Debug)]` or a manual implementation
    --> crates/platform/runtime/src/plugins/wamn_jetstream.rs:1216:1
     |
1216 | / pub struct JsMessage {
1217 | |     msg: async_nats::jetstream::Message,
1218 | |     dead_letter: Option<DeadLetterIdentity>,
1219 | | }
     | |_^

warning: type does not implement `std::fmt::Debug`; consider adding `#[derive(Debug)]` or a manual implementation
   --> crates/platform/runtime/src/plugins/wamn_logging.rs:213:1
    |
213 | / pub struct Capture {
214 | |     records: std::sync::Mutex<Vec<CapturedRec>>,
215 | | }
    | |_^

warning: type does not implement `std::fmt::Debug`; consider adding `#[derive(Debug)]` or a manual implementation
   --> crates/platform/runtime/src/plugins/wamn_logging.rs:235:1
    |
235 | / pub struct WamnLogging {
236 | |     /// component id → host-trusted {tenant, project}.
237 | |     claims: std::sync::RwLock<HashMap<String, Claim>>,
238 | |     /// Bounded front queue; `try_send` keeps `log()` non-blocking.
...   |
243 | |     _drain: tokio::task::JoinHandle<()>,
244 | | }
    | |_^

warning: type does not implement `std::fmt::Debug`; consider adding `#[derive(Debug)]` or a manual implementation
   --> crates/platform/runtime/src/plugins/wamn_postgres/claims.rs:55:1
    |
 55 | / pub struct WamnPostgres {
 56 | |     /// Resolves a project id → its database connection + policy.
 57 | |     provider: Arc<dyn CredentialProvider>,
 58 | |     /// Guest-visible project pools, built lazily and never shared with host-owned
...   |
121 | |     pub(super) bind_counters: super::BindCounters,
122 | | }
    | |_^

warning: type does not implement `std::fmt::Debug`; consider adding `#[derive(Debug)]` or a manual implementation
   --> crates/platform/runtime/src/plugins/wamn_postgres/pool.rs:339:1
    |
339 | / pub struct StaticCredentialProvider {
340 | |     projects: HashMap<String, ProjectConfig>,
341 | | }
    | |_^

warning: type does not implement `std::fmt::Debug`; consider adding `#[derive(Debug)]` or a manual implementation
   --> crates/platform/runtime/src/plugins/wamn_postgres/pool.rs:514:1
    |
514 | / pub struct K8sSecretProvider {
515 | |     pub namespace: String,
516 | | }
    | |_^

warning: type does not implement `std::fmt::Debug`; consider adding `#[derive(Debug)]` or a manual implementation
   --> crates/platform/runtime/src/plugins/wamn_postgres/resources.rs:99:1
    |
 99 | / pub struct PgTransaction {
100 | |     state: SharedTxnState,
101 | |     destroyed: Arc<AtomicU64>,
102 | |     cursor_seq: u32,
103 | |     /// Row limit of the project this transaction's connection belongs to.
104 | |     row_limit: u64,
105 | | }
    | |_^

warning: type does not implement `std::fmt::Debug`; consider adding `#[derive(Debug)]` or a manual implementation
   --> crates/platform/runtime/src/plugins/wamn_postgres/resources.rs:145:1
    |
145 | / pub struct PgCursor {
146 | |     state: SharedTxnState,
147 | |     destroyed: Arc<AtomicU64>,
148 | |     name: String,
149 | | }
    | |_^

warning: type does not implement `std::fmt::Debug`; consider adding `#[derive(Debug)]` or a manual implementation
   --> crates/platform/runtime/src/wiring_doorbell.rs:145:1
    |
145 | / pub struct WiringDoorbellListener {
146 | |     shutdown: tokio::sync::watch::Sender<bool>,
147 | |     task: tokio::task::JoinHandle<()>,
148 | | }
    | |_^

warning: `wamn-runtime` (lib) generated 16 warnings
warning: function `run_once_stages` is never used
   --> services/ctl/src/dev.rs:603:10
    |
603 | async fn run_once_stages<R>(
    |          ^^^^^^^^^^^^^^^
    |
    = note: `#[warn(dead_code)]` (part of `#[warn(unused)]`) on by default

warning: function `verify_source_package_with_client` is never used
    --> services/ctl/src/push_component.rs:1301:10
     |
1301 | async fn verify_source_package_with_client(
     |          ^^^^^^^^^^^^^^^^^^^^^^^^^^^^^^^^^

warning: type does not implement `std::fmt::Debug`; consider adding `#[derive(Debug)]` or a manual implementation
   --> services/scenario-worker/src/authoring.rs:218:1
    |
218 | / pub struct InternalAuthoringBackend {
219 | |     authority: InternalDevAdmin,
220 | |     client: Client,
221 | |     connection_task: tokio::task::JoinHandle<()>,
222 | |     tenant_id: Box<str>,
223 | |     source_schema: BareSchemaName,
224 | | }
    | |_^
    |
    = note: requested on the command line with `-W missing-debug-implementations`

warning: type does not implement `std::fmt::Debug`; consider adding `#[derive(Debug)]` or a manual implementation
   --> services/scenario-worker/src/store/admission.rs:316:1
    |
316 | / pub struct AdmissionSurface {
317 | |     /// The explicit credential and exact server-side predicates are retained so
318 | |     /// every replacement physical connection is checked identically.
319 | |     probe: CredentialExactnessProbe,
...   |
322 | |     tenant_id: Box<str>,
323 | | }
    | |_^

warning: type does not implement `std::fmt::Debug`; consider adding `#[derive(Debug)]` or a manual implementation
  --> test-support/harness/src/ceiling.rs:72:1
   |
72 | / pub struct Ramp {
73 | |     tolerance: f64,
74 | |     max_levels: usize,
75 | |     levels: Vec<LevelStats>,
...  |
82 | |     retrying: bool,
83 | | }
   | |_^
   |
   = note: requested on the command line with `-W missing-debug-implementations`

warning: `wamn-ctl` (lib) generated 2 warnings
warning: `wamn-scenario-worker` (lib) generated 2 warnings
warning: `wamn-gate-harness` (lib) generated 1 warning
warning: function `models` is never used
  --> tests/integration/src/measurement_schema.rs:25:8
   |
25 | pub fn models(schema: &str) -> Vec<ManagedModel> {
   |        ^^^^^^
   |
   = note: `#[warn(dead_code)]` (part of `#[warn(unused)]`) on by default

warning: field `release` is never read
   --> tests/integration/src/trusted_http_route.rs:110:16
    |
105 | pub struct TrustedHttpRoute {
    |            ---------------- field in this struct
...
110 |     pub(crate) release: Arc<ReleaseManifestWeld>,
    |                ^^^^^^^

warning: type does not implement `std::fmt::Debug`; consider adding `#[derive(Debug)]` or a manual implementation
   --> tests/integration/src/trusted_http_route.rs:105:1
    |
105 | / pub struct TrustedHttpRoute {
106 | |     pub driver: Arc<RouterDriver>,
107 | |     /// The same welded release the driver authorizes. Callers that exercise a
108 | |     /// release-owned ingress plugin must share this exact weld rather than mint
...   |
116 | |     pub wiring_hash: String,
117 | | }
    | |_^
    |
    = note: requested on the command line with `-W missing-debug-implementations`

warning: `wamn-proof-integration` (lib) generated 3 warnings
    Finished `test` profile [unoptimized + debuginfo] target(s) in 0.41s
     Running tests/receiving_command_histories_live.rs (target/debug/deps/receiving_command_histories_live-064e76e913fda3df)

running 1 test

RECEIVING_CORRECTNESS result=pass generated_cases=16 boundary_cases=7
test production_receiving_command_histories ... ok

test result: ok. 1 passed; 0 failed; 0 ignored; 0 measured; 5 filtered out; finished in 2.25s

