pgbench (18.6 (Debian 18.6-1.pgdg13+2))
transaction type: /tmp/bench.sql
scaling factor: 1
query mode: prepared
number of clients: 32
number of threads: 8
maximum number of tries: 1
duration: 10 s
number of transactions actually processed: 613403
number of failed transactions: 0 (0.000%)
latency average = 0.518 ms
initial connection time = 84.627 ms
tps = 61778.476198 (without initial connection time)
===LOGS===
1 15 688 0 1788864677 283540
1 17 119 0 1788864677 284109
1 19 133 0 1788864677 284557
3 25 0 0 1788864677 289739
1 38 298 0 1788864677 292250
1 43 494 0 1788864677 295537
3 40 756 0 1788864677 296200
3 41 1076 0 1788864677 297449
1 52 411 0 1788864677 300696
1 57 0 0 1788864677 303070
2 24 465 0 1788864677 308093
1 67 392 0 1788864677 308511
3 65 670 0 1788864677 309966
1 76 288 0 1788864677 314789
3 77 633 0 1788864677 316120
3 79 0 0 1788864677 316813
1 89 666 0 1788864677 328059
1 95 312 0 1788864677 329879
0 71 170 0 1788864677 335639
0 73 258 0 1788864677 336147
3 133 494 0 1788864677 336435
3 135 546 0 1788864677 337328
2 67 520 0 1788864677 337872
2 68 325 0 1788864677 338202
3 146 628 0 1788864677 342003
0 92 548 0 1788864677 342175
1 124 275 0 1788864677 342182
0 96 373 0 1788864677 343408
3 151 589 0 1788864677 343977
0 102 358 0 1788864677 345361
2 88 308 0 1788864677 346107
2 90 973 0 1788864677 348025
1 137 245 0 1788864677 348819
0 108 321 0 1788864677 349145
2 94 277 0 1788864677 349745
0 111 245 0 1788864677 349994
0 115 246 0 1788864677 351179
1 164 135 0 1788864677 355901
3 176 484 0 1788864677 357104
1 172 165 0 1788864677 357295
3 177 358 0 1788864677 357507
2 117 0 0 1788864677 357900
1 199 94 0 1788864677 364105
1 211 156 0 1788864677 365949
1 214 144 0 1788864677 366443
0 164 233 0 1788864677 373119
0 166 160 0 1788864677 373427
3 208 772 0 1788864677 373918
0 172 194 0 1788864677 374796
2 164 297 0 1788864677 376938
1 261 77 0 1788864677 379063
2 193 120 0 1788864677 383287
1 288 148 0 1788864677 383414
0 210 213 0 1788864677 383631
1 304 137 0 1788864677 385975
2 204 0 0 1788864677 386443
1 312 730 0 1788864677 388101
1 318 107 0 1788864677 389125
3 223 1018 0 1788864677 390050
2 223 248 0 1788864677 392118
0 251 128 0 1788864677 393890
0 253 96 0 1788864677 394145
2 233 210 0 1788864677 394202
1 362 147 0 1788864677 398621
0 291 189 0 1788864677 400559
0 293 100 0 1788864677 400849
2 276 256 0 1788864677 402482
0 305 180 0 1788864677 402667
1 382 261 0 1788864677 402989
0 309 254 0 1788864677 403321
0 318 151 0 1788864677 404743
2 290 232 0 1788864677 404852
1 395 100 0 1788864677 405872
0 327 0 0 1788864677 406301
1 400 96 0 1788864677 406652
0 345 99 0 1788864677 408992
1 437 0 0 1788864677 413876
2 338 238 0 1788864677 413989
1 441 179 0 1788864677 414598
0 407 102 0 1788864677 418853
2 384 168 0 1788864677 422258
0 439 110 0 1788864677 424269
2 402 121 0 1788864677 425211
2 417 132 0 1788864677 427575
3 241 872 0 1788864677 430487
0 482 159 0 1788864677 430651
0 484 200 0 1788864677 431140
0 485 172 0 1788864677 431320
2 446 159 0 1788864677 433515
0 497 160 0 1788864677 434031
0 500 1136 0 1788864677 435804
3 248 595 0 1788864677 436066
1 509 238 0 1788864677 436924
2 459 188 0 1788864677 437673
2 462 243 0 1788864677 438543
2 463 220 0 1788864677 438805
1 519 316 0 1788864677 439146
2 466 227 0 1788864677 439422
0 529 168 0 1788864677 441789
0 533 100 0 1788864677 442314
2 481 436 0 1788864677 443436
3 258 1190 0 1788864677 445116
1 549 196 0 1788864677 446705
1 558 120 0 1788864677 448224
0 563 122 0 1788864677 449333
0 576 132 0 1788864677 451046
1 570 265 0 1788864677 451095
0 580 104 0 1788864677 451626
0 592 120 0 1788864677 453434
1 578 182 0 1788864677 453901
1 581 242 0 1788864677 454450
2 530 234 0 1788864677 454775
0 624 192 0 1788864677 458422
2 558 208 0 1788864677 459764
1 600 77 0 1788864677 460741
1 603 0 0 1788864677 461290
2 580 233 0 1788864677 463896
2 582 127 0 1788864677 464238
0 671 119 0 1788864677 465933
2 594 158 0 1788864677 466424
2 600 177 0 1788864677 467468
0 678 149 0 1788864677 467550
0 679 237 0 1788864677 467790
0 702 74 0 1788864677 471503
2 631 137 0 1788864677 473192
1 660 143 0 1788864677 473388
2 640 210 0 1788864677 475111
2 645 203 0 1788864677 476083
2 649 154 0 1788864677 476787
2 653 179 0 1788864677 477510
2 659 134 0 1788864677 478556
0 746 111 0 1788864677 478989
1 676 97 0 1788864677 478996
1 679 116 0 1788864677 479425
2 666 137 0 1788864677 479930
2 667 92 0 1788864677 480047
2 674 103 0 1788864677 481258
2 676 0 0 1788864677 481513
0 764 245 0 1788864677 482381
1 702 132 0 1788864677 483874
2 699 275 0 1788864677 486083
2 706 458 0 1788864677 487805
1 726 196 0 1788864677 488137
1 729 153 0 1788864677 488565
0 805 192 0 1788864677 489771
1 737 0 0 1788864677 490021
3 343 340 0 1788864677 490671
1 748 332 0 1788864677 493182
1 758 120 0 1788864677 495534
2 738 269 0 1788864677 496282
2 762 764 0 1788864677 501741
1 793 290 0 1788864677 502894
1 795 151 0 1788864677 503253
2 770 286 0 1788864677 503568
1 798 237 0 1788864677 503830
0 881 116 0 1788864677 506233
1 810 344 0 1788864677 506437
1 811 283 0 1788864677 506748
2 784 122 0 1788864677 507025
0 887 123 0 1788864677 507525
0 891 358 0 1788864677 508391
0 895 115 0 1788864677 508938
2 794 0 0 1788864677 509403
2 796 145 0 1788864677 509715
1 830 0 0 1788864677 510969
2 805 238 0 1788864677 511712
1 835 242 0 1788864677 511827
3 379 579 0 1788864677 514756
2 821 181 0 1788864677 515710
2 825 116 0 1788864677 516868
0 942 198 0 1788864677 518414
0 953 118 0 1788864677 520325
1 876 236 0 1788864677 520462
1 880 156 0 1788864677 521286
2 867 157 0 1788864677 525626
1 906 517 0 1788864677 532732
3 434 267 0 1788864677 538166
1 921 208 0 1788864677 540908
2 894 394 0 1788864677 541871
0 1027 182 0 1788864677 547346
1 946 309 0 1788864677 549219
2 912 217 0 1788864677 549697
0 1051 219 0 1788864677 555583
2 937 146 0 1788864677 557331
1 959 2968 0 1788864677 558820
3 483 156 0 1788864677 559671
2 945 180 0 1788864677 561860
1 964 626 0 1788864677 562226
0 1067 313 0 1788864677 562890
1 969 547 0 1788864677 564170
1 972 172 0 1788864677 564932
3 498 273 0 1788864677 565941
3 499 544 0 1788864677 566490
1 975 1300 0 1788864677 566946
3 501 384 0 1788864677 567407
0 1086 159 0 1788864677 570248
3 521 180 0 1788864677 574704
3 534 167 0 1788864677 576885
2 968 267 0 1788864677 577457
2 970 221 0 1788864677 578398
2 979 2023 0 1788864677 582497
0 1104 1161 0 1788864677 583377
0 1106 340 0 1788864677 584269
1 1003 268 0 1788864677 588272
0 1119 422 0 1788864677 589894
0 1130 127 0 1788864677 593099
2 1012 261 0 1788864677 594744
1 1032 112 0 1788864677 595005
2 1019 241 0 1788864677 596474
3 616 143 0 1788864677 596972
3 619 170 0 1788864677 597628
3 623 184 0 1788864677 598422
3 625 86 0 1788864677 598738
3 628 132 0 1788864677 599349
3 631 277 0 1788864677 600073
1 1060 323 0 1788864677 600356
1 1072 367 0 1788864677 602749
0 1171 287 0 1788864677 603748
3 653 243 0 1788864677 605033
1 1102 200 0 1788864677 606802
3 664 153 0 1788864677 607730
1 1112 103 0 1788864677 608170
0 1195 149 0 1788864677 609096
3 670 372 0 1788864677 609447
0 1200 133 0 1788864677 609701
1 1130 90 0 1788864677 610365
1 1132 103 0 1788864677 610589
1 1141 83 0 1788864677 611460
3 676 249 0 1788864677 613935
1 1178 462 0 1788864677 616903
3 700 157 0 1788864677 619776
0 1230 398 0 1788864677 620178
1 1192 124 0 1788864677 621083
2 1063 182 0 1788864677 621618
1 1195 306 0 1788864677 621929
3 711 227 0 1788864677 622726
0 1237 386 0 1788864677 622826
0 1238 215 0 1788864677 623047
1 1201 250 0 1788864677 623509
3 733 128 0 1788864677 628102
1 1223 310 0 1788864677 629500
3 739 949 0 1788864677 630814
3 746 345 0 1788864677 632843
2 1114 333 0 1788864677 635193
2 1120 256 0 1788864677 638704
2 1121 355 0 1788864677 639068
1 1263 297 0 1788864677 639373
3 777 149 0 1788864677 641123
3 779 372 0 1788864677 641817
2 1137 233 0 1788864677 644038
0 1320 251 0 1788864677 644159
0 1324 191 0 1788864677 645151
3 794 149 0 1788864677 646326
0 1335 90 0 1788864677 647346
2 1154 247 0 1788864677 649965
1 1309 187 0 1788864677 651122
3 822 105 0 1788864677 652227
0 1349 281 0 1788864677 653066
3 833 173 0 1788864677 654206
1 1325 401 0 1788864677 656039
2 1170 107 0 1788864677 656192
1 1326 360 0 1788864677 656433
3 839 343 0 1788864677 656444
2 1172 333 0 1788864677 656896
2 1175 190 0 1788864677 657375
3 843 328 0 1788864677 657382
0 1367 354 0 1788864677 658728
1 1341 110 0 1788864677 660165
2 1198 2847 0 1788864677 667241
0 1388 396 0 1788864677 667798
0 1389 540 0 1788864677 668350
3 883 763 0 1788864677 673453
3 887 301 0 1788864677 674745
0 1407 445 0 1788864677 675457
0 1410 477 0 1788864677 676951
0 1421 301 0 1788864677 682397
1 1367 776 0 1788864677 682409
3 906 309 0 1788864677 682770
1 1369 306 0 1788864677 686371
0 1439 323 0 1788864677 694029
3 950 201 0 1788864677 700851
2 1230 407 0 1788864677 701039
3 952 134 0 1788864677 701220
3 955 443 0 1788864677 702230
3 960 143 0 1788864677 703183
1 1437 116 0 1788864677 704375
2 1237 465 0 1788864677 704869
1 1457 258 0 1788864677 709695
2 1246 1077 0 1788864677 711347
3 988 778 0 1788864677 712169
2 1247 1216 0 1788864677 712591
1 1461 4304 0 1788864677 715659
0 1501 278 0 1788864677 719216
0 1503 95 0 1788864677 719457
1 1477 98 0 1788864677 720582
0 1536 111 0 1788864677 738913
2 1277 559 0 1788864677 741782
3 1045 417 0 1788864677 742932
0 1552 248 0 1788864677 743356
1 1532 178 0 1788864677 746087
2 1286 424 0 1788864677 747656
1 1564 259 0 1788864677 753794
3 1106 126 0 1788864677 755401
3 1107 136 0 1788864677 755543
0 1596 467 0 1788864677 757634
1 1585 93 0 1788864677 758388
3 1141 245 0 1788864677 762849
3 1152 144 0 1788864677 764857
1 1599 1787 0 1788864677 765182
3 1154 179 0 1788864677 765189
2 1307 806 0 1788864677 766967
3 1163 198 0 1788864677 767192
3 1167 165 0 1788864677 767845
2 1308 1037 0 1788864677 768013
1 1608 770 0 1788864677 772937
1 1611 396 0 1788864677 774193
0 1648 193 0 1788864677 776996
3 1213 642 0 1788864677 778661
0 1667 277 0 1788864677 785756
1 1642 369 0 1788864677 786931
0 1690 156 0 1788864677 791502
2 1362 660 0 1788864677 792260
3 1252 276 0 1788864677 793800
0 1704 357 0 1788864677 795520
3 1263 351 0 1788864677 797136
0 1712 655 0 1788864677 798151
3 1269 206 0 1788864677 798846
3 1285 308 0 1788864677 804136
3 1293 391 0 1788864677 807289
3 1298 350 0 1788864677 808997
0 1755 443 0 1788864677 810846
1 1683 1875 0 1788864677 813956
0 1766 280 0 1788864677 814153
3 1325 214 0 1788864677 817811
2 1402 735 0 1788864677 819416
0 1791 147 0 1788864677 819445
1 1694 560 0 1788864677 819748
0 1803 196 0 1788864677 823165
3 1341 213 0 1788864677 825332
1 1707 0 0 1788864677 826644
1 1709 0 0 1788864677 827157
1 1721 717 0 1788864677 837997
0 1821 331 0 1788864677 838546
3 1349 321 0 1788864677 838558
2 1424 1165 0 1788864677 841314
2 1426 808 0 1788864677 842811
1 1746 0 0 1788864677 852847
0 1848 516 0 1788864677 853475
3 1373 285 0 1788864677 853488
0 1857 363 0 1788864677 860433
1 1774 434 0 1788864677 861077
2 1478 429 0 1788864677 863141
1 1778 694 0 1788864677 863208
0 1864 399 0 1788864677 863320
3 1396 729 0 1788864677 864264
2 1486 511 0 1788864677 867219
3 1410 1305 0 1788864677 872191
0 1884 0 0 1788864677 884606
1 1803 407 0 1788864677 886205
2 1499 529 0 1788864677 887512
2 1508 1554 0 1788864677 894919
3 1424 944 0 1788864677 906418
1 1830 0 0 1788864677 908860
2 1528 901 0 1788864677 912215
3 1435 640 0 1788864677 914963
3 1451 103 0 1788864677 920883
3 1458 108 0 1788864677 921578
3 1461 174 0 1788864677 922002
1 1868 101 0 1788864677 924385
2 1564 388 0 1788864677 929517
3 1478 379 0 1788864677 930481
0 1971 1179 0 1788864677 934192
0 1978 390 0 1788864677 939908
3 1494 397 0 1788864677 940749
0 1982 192 0 1788864677 941829
3 1497 452 0 1788864677 941930
0 1984 318 0 1788864677 942538
3 1505 872 0 1788864677 945359
2 1595 361 0 1788864677 946816
3 1510 298 0 1788864677 946848
1 1928 323 0 1788864677 949416
2 1601 451 0 1788864677 949896
2 1606 411 0 1788864677 951595
1 1933 2100 0 1788864677 956473
2 1612 719 0 1788864677 957957
0 2010 342 0 1788864677 958780
0 2011 2106 0 1788864677 960891
0 2012 1529 0 1788864677 962426
1 1957 546 0 1788864677 974910
1 1961 0 0 1788864677 979592
2 1639 0 0 1788864677 981527
0 2033 2694 0 1788864677 981556
3 1553 3216 0 1788864677 981566
2 1651 636 0 1788864677 995617
3 1573 933 0 1788864677 998633
3 1574 230 0 1788864677 999409
1 1987 345 0 1788864678 1503
3 1587 696 0 1788864678 9246
2 1675 0 0 1788864678 12678
1 2003 728 0 1788864678 12717
1 2028 95 0 1788864678 24079
0 2104 756 0 1788864678 48522
2 1705 411 0 1788864678 50278
2 1709 1500 0 1788864678 61619
3 1631 1123 0 1788864678 63691
2 1713 329 0 1788864678 65306
1 2105 4342 0 1788864678 77322
0 2132 188 0 1788864678 77891
0 2146 93 0 1788864678 81518
1 2124 216 0 1788864678 81530
3 1672 383 0 1788864678 81717
2 1747 0 0 1788864678 83878
2 1749 201 0 1788864678 84297
2 1755 194 0 1788864678 85643
2 1758 90 0 1788864678 86351
0 2177 164 0 1788864678 87597
2 1766 227 0 1788864678 87931
0 2189 117 0 1788864678 89585
2 1779 101 0 1788864678 89951
0 2198 87 0 1788864678 90605
0 2199 169 0 1788864678 90819
2 1797 121 0 1788864678 92253
2 1815 111 0 1788864678 95209
2 1832 1408 0 1788864678 98579
1 2155 1677 0 1788864678 99626
0 2236 321 0 1788864678 107270
3 1697 413 0 1788864678 107481
1 2173 218 0 1788864678 109683
0 2241 302 0 1788864678 110250
1 2178 84 0 1788864678 110354
1 2182 257 0 1788864678 111198
0 2243 546 0 1788864678 111230
2 1895 93 0 1788864678 111543
0 2252 88 0 1788864678 114881
3 1713 415 0 1788864678 119265
2 1916 1226 0 1788864678 121209
1 2200 500 0 1788864678 122729
1 2204 447 0 1788864678 123932
2 1924 455 0 1788864678 124686
2 1927 445 0 1788864678 126637
2 1932 363 0 1788864678 128023
0 2283 317 0 1788864678 129124
2 1948 283 0 1788864678 132179
1 2235 206 0 1788864678 132587
3 1749 177 0 1788864678 132597
2 1952 381 0 1788864678 133571
3 1759 153 0 1788864678 135889
0 2312 459 0 1788864678 138009
2 1980 442 0 1788864678 145285
3 1796 86 0 1788864678 151051
2 2006 251 0 1788864678 151201
3 1799 188 0 1788864678 151530
2 2015 89 0 1788864678 152529
0 2362 151 0 1788864678 152949
0 2398 93 0 1788864678 159350
0 2403 299 0 1788864678 160282
0 2406 0 0 1788864678 160822
2 2058 0 0 1788864678 162188
0 2416 0 0 1788864678 162692
0 2418 0 0 1788864678 163115
2 2061 187 0 1788864678 163393
2 2063 207 0 1788864678 164215
3 1859 797 0 1788864678 165778
1 2347 0 0 1788864678 166648
2 2071 150 0 1788864678 166829
2 2078 488 0 1788864678 170944
3 1869 163 0 1788864678 170951
3 1873 155 0 1788864678 171803
3 1874 88 0 1788864678 171896
0 2455 94 0 1788864678 173214
2 2099 548 0 1788864678 179173
1 2378 410 0 1788864678 179374
0 2476 397 0 1788864678 181056
1 2385 1054 0 1788864678 184427
1 2386 291 0 1788864678 184758
2 2114 381 0 1788864678 187832
1 2392 191 0 1788864678 187928
3 1911 307 0 1788864678 188262
2 2142 354 0 1788864678 198080
1 2421 467 0 1788864678 199525
3 1933 537 0 1788864678 200975
1 2428 316 0 1788864678 202472
3 1938 523 0 1788864678 202931
1 2437 0 0 1788864678 208747
0 2537 0 0 1788864678 209470
1 2444 0 0 1788864678 210375
2 2157 0 0 1788864678 210476
1 2449 0 0 1788864678 211608
0 2546 0 0 1788864678 213475
3 1947 4856 0 1788864678 217158
0 2553 735 0 1788864678 218895
1 2466 180 0 1788864678 221968
2 2182 87 0 1788864678 223024
2 2188 294 0 1788864678 225358
3 1991 0 0 1788864678 235759
3 1996 0 0 1788864678 236649
3 2022 0 0 1788864678 243436
1 2500 0 0 1788864678 247036
1 2508 1011 0 1788864678 255781
2 2237 382 0 1788864678 266680
3 2053 303 0 1788864678 266691
0 2611 454 0 1788864678 268826
0 2613 191 0 1788864678 269451
0 2615 0 0 1788864678 270903
2 2248 285 0 1788864678 272658
1 2531 567 0 1788864678 273577
1 2532 604 0 1788864678 274209
0 2623 296 0 1788864678 275699
2 2259 102 0 1788864678 276073
0 2632 501 0 1788864678 278215
3 2070 292 0 1788864678 279110
2 2261 2811 0 1788864678 280032
0 2641 196 0 1788864678 280329
3 2081 582 0 1788864678 287245
0 2656 370 0 1788864678 288402
2 2281 245 0 1788864678 291970
2 2283 88 0 1788864678 292216
0 2690 175 0 1788864678 299843
0 2704 108 0 1788864678 301648
3 2131 232 0 1788864678 302669
3 2151 227 0 1788864678 306473
1 2565 652 0 1788864678 307470
1 2568 356 0 1788864678 308543
1 2569 208 0 1788864678 308756
1 2573 593 0 1788864678 310717
1 2579 321 0 1788864678 313617
3 2187 179 0 1788864678 319508
1 2586 604 0 1788864678 321158
0 2741 150 0 1788864678 321831
2 2404 106 0 1788864678 323084
2 2411 109 0 1788864678 323931
2 2417 124 0 1788864678 324689
2 2421 108 0 1788864678 325156
0 2756 151 0 1788864678 325183
0 2770 209 0 1788864678 328427
2 2453 87 0 1788864678 328913
0 2773 295 0 1788864678 329020
0 2775 187 0 1788864678 329341
1 2614 211 0 1788864678 330380
1 2619 289 0 1788864678 331485
2 2477 84 0 1788864678 331969
0 2798 86 0 1788864678 332378
1 2623 289 0 1788864678 333101
0 2804 133 0 1788864678 333149
0 2808 86 0 1788864678 333605
2 2489 120 0 1788864678 333618
2 2496 85 0 1788864678 334457
2 2503 89 0 1788864678 335249
2 2507 119 0 1788864678 335725
2 2508 127 0 1788864678 335859
1 2628 276 0 1788864678 338082
0 2842 145 0 1788864678 338497
3 2244 491 0 1788864678 339020
0 2849 129 0 1788864678 339545
2 2546 132 0 1788864678 342217
0 2874 110 0 1788864678 342489
0 2879 303 0 1788864678 343976
3 2262 363 0 1788864678 344908
2 2557 142 0 1788864678 345770
2 2569 250 0 1788864678 348129
3 2272 276 0 1788864678 349035
1 2659 307 0 1788864678 352846
0 2975 166 0 1788864678 357694
3 2294 391 0 1788864678 357956
0 2982 144 0 1788864678 358541
1 2672 118 0 1788864678 360887
3 2303 1027 0 1788864678 361291
2 2645 197 0 1788864678 364119
1 2679 1414 0 1788864678 364952
2 2653 192 0 1788864678 365578
0 3026 258 0 1788864678 366825
0 3028 277 0 1788864678 367399
0 3038 181 0 1788864678 369553
2 2677 177 0 1788864678 370784
0 3049 227 0 1788864678 371896
0 3051 207 0 1788864678 372274
3 2347 162 0 1788864678 372837
0 3056 132 0 1788864678 373077
1 2697 106 0 1788864678 373392
1 2703 292 0 1788864678 374691
3 2357 310 0 1788864678 374844
3 2363 226 0 1788864678 376446
2 2699 1077 0 1788864678 376913
2 2700 0 0 1788864678 377040
1 2709 217 0 1788864678 377320
0 3084 204 0 1788864678 378902
0 3086 174 0 1788864678 379319
2 2704 291 0 1788864678 380774
1 2754 0 0 1788864678 392804
3 2386 519 0 1788864678 402669
1 2772 569 0 1788864678 402906
1 2774 549 0 1788864678 403896
3 2390 695 0 1788864678 404998
3 2392 2110 0 1788864678 407573
0 3103 775 0 1788864678 408100
1 2783 458 0 1788864678 409530
2 2727 246 0 1788864678 409886
1 2786 215 0 1788864678 411019
3 2398 838 0 1788864678 411313
3 2413 520 0 1788864678 421361
0 3126 547 0 1788864678 421805
2 2770 115 0 1788864678 427924
3 2434 268 0 1788864678 429729
0 3148 173 0 1788864678 430018
2 2791 271 0 1788864678 432918
3 2445 319 0 1788864678 433473
3 2448 592 0 1788864678 435313
1 2835 351 0 1788864678 437112
2 2809 134 0 1788864678 437487
2 2818 103 0 1788864678 439529
0 3179 262 0 1788864678 440138
2 2824 362 0 1788864678 441188
1 2858 279 0 1788864678 445437
1 2859 316 0 1788864678 445759
3 2483 138 0 1788864678 446757
3 2492 244 0 1788864678 449430
2 2838 290 0 1788864678 449544
3 2497 103 0 1788864678 450229
2 2840 716 0 1788864678 451214
3 2504 109 0 1788864678 451222
3 2510 938 0 1788864678 454982
1 2889 314 0 1788864678 457377
3 2514 384 0 1788864678 458399
2 2867 0 0 1788864678 459581
0 3222 131 0 1788864678 459764
0 3243 681 0 1788864678 466241
0 3244 167 0 1788864678 466415
2 2883 1368 0 1788864678 467409
1 2922 2422 0 1788864678 468794
1 2925 247 0 1788864678 470572
0 3251 389 0 1788864678 470603
3 2547 374 0 1788864678 471441
2 2897 362 0 1788864678 473868
0 3263 396 0 1788864678 475029
0 3270 297 0 1788864678 477900
0 3272 952 0 1788864678 479146
1 2954 373 0 1788864678 483578
2 2931 254 0 1788864678 492387
1 2969 500 0 1788864678 492865
0 3306 458 0 1788864678 498197
1 2982 1720 0 1788864678 504259
1 2986 1565 0 1788864678 509819
2 2963 279 0 1788864678 510060
2 2985 562 0 1788864678 517429
2 2988 303 0 1788864678 518519
1 3011 297 0 1788864678 520679
2 2991 332 0 1788864678 520795
3 2627 421 0 1788864678 522722
1 3023 279 0 1788864678 525385
0 3351 277 0 1788864678 532867
2 3033 200 0 1788864678 535929
2 3034 299 0 1788864678 536234
1 3049 325 0 1788864678 536462
0 3376 124 0 1788864678 540070
2 3053 224 0 1788864678 540079
1 3063 203 0 1788864678 542732
2 3072 533 0 1788864678 547935
1 3088 221 0 1788864678 550857
1 3098 300 0 1788864678 556920
3 2702 1157 0 1788864678 556930
0 3423 356 0 1788864678 557744
0 3426 358 0 1788864678 558837
0 3427 333 0 1788864678 559175
0 3429 388 0 1788864678 559906
0 3430 235 0 1788864678 560146
1 3107 258 0 1788864678 560433
3 2712 532 0 1788864678 560729
1 3111 283 0 1788864678 561799
3 2719 489 0 1788864678 563621
2 3100 407 0 1788864678 564000
2 3101 495 0 1788864678 564500
0 3441 375 0 1788864678 565318
1 3122 393 0 1788864678 565595
3 2722 1000 0 1788864678 566349
1 3129 692 0 1788864678 571901
0 3450 354 0 1788864678 573003
1 3137 263 0 1788864678 574317
3 2733 228 0 1788864678 574770
3 2741 271 0 1788864678 576997
3 2765 274 0 1788864678 583460
3 2767 247 0 1788864678 584006
1 3172 247 0 1788864678 586448
1 3174 280 0 1788864678 587092
1 3176 161 0 1788864678 587349
1 3177 212 0 1788864678 587583
1 3180 211 0 1788864678 588303
2 3137 617 0 1788864678 588948
3 2773 262 0 1788864678 591142
0 3487 517 0 1788864678 591978
3 2777 256 0 1788864678 592296
3 2780 273 0 1788864678 593143
1 3202 355 0 1788864678 595440
1 3214 245 0 1788864678 599411
1 3216 102 0 1788864678 599960
0 3501 315 0 1788864678 600600
2 3156 351 0 1788864678 600921
1 3228 191 0 1788864678 601337
1 3240 89 0 1788864678 602574
2 3163 86 0 1788864678 604713
1 3285 89 0 1788864678 607197
1 3286 92 0 1788864678 607294
1 3314 131 0 1788864678 610542
1 3319 89 0 1788864678 611079
2 3173 656 0 1788864678 612201
0 3529 371 0 1788864678 612551
1 3336 82 0 1788864678 612784
1 3342 88 0 1788864678 613458
1 3346 85 0 1788864678 613894
1 3349 114 0 1788864678 614189
1 3356 94 0 1788864678 614906
1 3368 88 0 1788864678 616470
0 3536 674 0 1788864678 616948
1 3383 110 0 1788864678 618863
3 2809 184 0 1788864678 621464
3 2828 177 0 1788864678 626937
1 3428 189 0 1788864678 628186
2 3203 692 0 1788864678 633025
1 3462 445 0 1788864678 640139
1 3476 1271 0 1788864678 646320
3 2887 156 0 1788864678 647291
1 3508 393 0 1788864678 657477
2 3269 284 0 1788864678 658931
3 2927 297 0 1788864678 659362
3 2930 231 0 1788864678 660674
1 3536 276 0 1788864678 671076
0 3616 282 0 1788864678 671124
2 3295 413 0 1788864678 671644
1 3539 375 0 1788864678 671976
2 3302 147 0 1788864678 673847
3 2960 195 0 1788864678 674016
1 3548 239 0 1788864678 674485
3 2962 561 0 1788864678 674713
0 3623 417 0 1788864678 674906
3 2964 92 0 1788864678 675123
3 2966 103 0 1788864678 676023
0 3628 878 0 1788864678 678202
2 3315 1544 0 1788864678 679871
1 3570 347 0 1788864678 681105
1 3572 245 0 1788864678 681744
2 3332 232 0 1788864678 684558
2 3335 252 0 1788864678 685419
2 3343 197 0 1788864678 687203
1 3609 361 0 1788864678 690841
3 3017 191 0 1788864678 691282
1 3619 269 0 1788864678 692952
3 3026 136 0 1788864678 693670
3 3033 192 0 1788864678 694858
0 3657 342 0 1788864678 698010
1 3635 185 0 1788864678 698728
2 3386 456 0 1788864678 699213
1 3651 175 0 1788864678 701505
1 3652 97 0 1788864678 701608
1 3658 263 0 1788864678 702931
1 3691 177 0 1788864678 707714
1 3709 98 0 1788864678 711197
0 3676 419 0 1788864678 711759
0 3678 535 0 1788864678 713975
1 3720 167 0 1788864678 714458
2 3415 524 0 1788864678 715013
1 3737 92 0 1788864678 716778
3 3081 226 0 1788864678 718825
2 3423 681 0 1788864678 720088
1 3754 269 0 1788864678 720587
3 3087 117 0 1788864678 720741
3 3097 432 0 1788864678 724576
2 3438 1022 0 1788864678 729643
1 3799 114 0 1788864678 731103
2 3440 324 0 1788864678 731334
2 3441 567 0 1788864678 731924
1 3803 305 0 1788864678 732265
2 3444 453 0 1788864678 733047
1 3810 147 0 1788864678 734211
3 3119 413 0 1788864678 735376
1 3830 391 0 1788864678 738854
1 3836 586 0 1788864678 741491
3 3135 564 0 1788864678 742189
2 3468 476 0 1788864678 744440
0 3779 164 0 1788864678 748587
1 3848 511 0 1788864678 749813
1 3851 730 0 1788864678 751476
2 3483 207 0 1788864678 752331
3 3152 797 0 1788864678 754204
1 3859 449 0 1788864678 756255
2 3493 602 0 1788864678 756887
0 3826 217 0 1788864678 757009
0 3842 110 0 1788864678 760047
1 3873 506 0 1788864678 763941
2 3518 383 0 1788864678 765221
2 3521 399 0 1788864678 766590
2 3522 344 0 1788864678 766964
3 3181 250 0 1788864678 768836
1 3898 126 0 1788864678 773456
1 3900 328 0 1788864678 774104
0 3926 107 0 1788864678 774952
0 3929 137 0 1788864678 775412
2 3546 362 0 1788864678 776527
0 3941 146 0 1788864678 777489
1 3910 540 0 1788864678 777593
0 3953 156 0 1788864678 779839
0 3959 122 0 1788864678 780784
1 3921 496 0 1788864678 783369
1 3925 268 0 1788864678 785050
0 3991 96 0 1788864678 786493
3 3236 270 0 1788864678 789369
0 4013 123 0 1788864678 790725
0 4016 164 0 1788864678 791264
3 3245 392 0 1788864678 792427
0 4025 180 0 1788864678 792757
0 4034 144 0 1788864678 794281
0 4042 184 0 1788864678 795627
3 3257 288 0 1788864678 795746
0 4043 254 0 1788864678 795888
0 4045 182 0 1788864678 796188
1 3976 255 0 1788864678 798018
2 3569 167 0 1788864678 800663
2 3573 187 0 1788864678 801925
1 3990 191 0 1788864678 802147
0 4087 457 0 1788864678 805732
2 3592 218 0 1788864678 809143
0 4100 453 0 1788864678 812192
1 4015 308 0 1788864678 815853
3 3300 490 0 1788864678 818111
3 3308 521 0 1788864678 822122
0 4123 458 0 1788864678 823847
3 3313 465 0 1788864678 824438
1 4043 423 0 1788864678 828976
0 4137 713 0 1788864678 830830
2 3696 208 0 1788864678 834771
2 3699 123 0 1788864678 835232
2 3713 167 0 1788864678 837632
3 3342 433 0 1788864678 839075
0 4155 497 0 1788864678 839879
0 4158 481 0 1788864678 841384
2 3735 203 0 1788864678 841615
0 4169 717 0 1788864678 846874
3 3371 185 0 1788864678 852559
3 3372 665 0 1788864678 853230
2 3774 537 0 1788864678 858542
2 3775 523 0 1788864678 859091
1 4112 666 0 1788864678 863468
0 4205 647 0 1788864678 866333
1 4121 2177 0 1788864678 875084
3 3397 514 0 1788864678 876432
2 3802 0 0 1788864678 878077
3 3401 682 0 1788864678 880114
1 4127 0 0 1788864678 880895
0 4237 0 0 1788864678 893096
1 4145 608 0 1788864678 895265
3 3423 558 0 1788864678 901063
2 3837 228 0 1788864678 905212
3 3437 746 0 1788864678 905435
0 4278 789 0 1788864678 911178
3 3448 539 0 1788864678 911187
2 3854 191 0 1788864678 912667
3 3457 946 0 1788864678 915824
2 3866 496 0 1788864678 919128
0 4303 420 0 1788864678 923142
2 3890 378 0 1788864678 929048
3 3489 370 0 1788864678 929605
0 4323 203 0 1788864678 931019
0 4324 539 0 1788864678 931562
0 4325 372 0 1788864678 931938
1 4248 394 0 1788864678 933054
0 4331 382 0 1788864678 937428
3 3502 376 0 1788864678 937712
1 4253 360 0 1788864678 938704
0 4341 356 0 1788864678 941308
3 3516 186 0 1788864678 942752
0 4348 366 0 1788864678 943922
0 4350 205 0 1788864678 944684
3 3523 439 0 1788864678 945731
0 4353 445 0 1788864678 945828
1 4288 3357 0 1788864678 954700
0 4372 1304 0 1788864678 960525
1 4297 373 0 1788864678 962945
2 3958 357 0 1788864678 966472
2 3960 363 0 1788864678 967210
2 3966 408 0 1788864678 969757
1 4324 1288 0 1788864678 971683
2 3973 86 0 1788864678 972342
2 3977 86 0 1788864678 972744
2 3989 797 0 1788864678 975455
0 4406 1448 0 1788864678 977529
3 3576 0 0 1788864678 978725
0 4413 629 0 1788864678 981711
0 4438 215 0 1788864678 991404
3 3609 0 0 1788864678 993947
3 3619 0 0 1788864678 995267
1 4364 865 0 1788864678 998552
3 3641 338 0 1788864679 1449
1 4378 280 0 1788864679 5478
1 4386 0 0 1788864679 11383
0 4491 0 0 1788864679 12859
1 4390 0 0 1788864679 14683
3 3668 107 0 1788864679 20809
2 4086 508 0 1788864679 21436
2 4094 0 0 1788864679 26104
0 4509 1004 0 1788864679 26434
3 3686 250 0 1788864679 29915
3 3687 104 0 1788864679 30026
3 3688 170 0 1788864679 30200
1 4417 209 0 1788864679 30479
0 4528 91 0 1788864679 31034
2 4107 284 0 1788864679 31372
0 4538 510 0 1788864679 33169
1 4428 306 0 1788864679 33418
0 4546 90 0 1788864679 34349
3 3709 272 0 1788864679 35805
3 3710 297 0 1788864679 36107
0 4569 364 0 1788864679 38736
3 3729 123 0 1788864679 40573
2 4142 260 0 1788864679 41164
0 4587 238 0 1788864679 43072
2 4164 351 0 1788864679 44531
2 4167 359 0 1788864679 45648
2 4168 407 0 1788864679 46060
3 3761 285 0 1788864679 49280
1 4482 288 0 1788864679 50086
1 4485 297 0 1788864679 50983
2 4183 307 0 1788864679 51365
2 4192 326 0 1788864679 54130
1 4498 394 0 1788864679 55102
2 4198 347 0 1788864679 56224
3 3808 261 0 1788864679 62066
2 4242 270 0 1788864679 66540
0 4693 131 0 1788864679 67910
1 4548 282 0 1788864679 69357
0 4709 94 0 1788864679 70046
1 4552 284 0 1788864679 70384
2 4260 291 0 1788864679 70579
2 4267 418 0 1788864679 72919
0 4736 264 0 1788864679 74583
2 4285 150 0 1788864679 76407
3 3868 85 0 1788864679 77397
2 4295 94 0 1788864679 77765
1 4599 184 0 1788864679 78099
1 4601 1613 0 1788864679 79962
1 4608 85 0 1788864679 81480
1 4612 137 0 1788864679 82134
1 4627 84 0 1788864679 83864
3 3891 187 0 1788864679 85712
0 4779 122 0 1788864679 85925
3 3895 263 0 1788864679 86852
0 4793 364 0 1788864679 88226
0 4794 336 0 1788864679 88567
2 4331 278 0 1788864679 89851
0 4800 185 0 1788864679 90903
1 4653 365 0 1788864679 92793
3 3920 251 0 1788864679 96434
0 4817 113 0 1788864679 97331
1 4665 232 0 1788864679 97508
0 4819 270 0 1788864679 97839
1 4667 137 0 1788864679 97886
0 4828 55 0 1788864679 99195
3 3940 448 0 1788864679 101857
0 4843 273 0 1788864679 103146
0 4845 264 0 1788864679 103673
0 4864 435 0 1788864679 109891
3 3977 167 0 1788864679 114969
2 4412 254 0 1788864679 117157
3 3986 144 0 1788864679 117333
2 4428 309 0 1788864679 121740
1 4750 87 0 1788864679 123523
0 4925 265 0 1788864679 127412
2 4451 326 0 1788864679 128929
0 4932 518 0 1788864679 129353
3 4055 759 0 1788864679 131769
1 4800 185 0 1788864679 137265
0 4970 255 0 1788864679 139964
0 4971 0 0 1788864679 140091
0 4973 289 0 1788864679 140633
3 4076 0 0 1788864679 142034
1 4813 698 0 1788864679 142245
1 4830 0 0 1788864679 148674
2 4510 0 0 1788864679 152243
2 4518 0 0 1788864679 154457
1 4852 0 0 1788864679 154905
1 4855 233 0 1788864679 156030
2 4537 84 0 1788864679 160329
2 4543 0 0 1788864679 163710
1 4879 0 0 1788864679 166067
2 4571 0 0 1788864679 182878
0 5088 0 0 1788864679 188586
1 4921 404 0 1788864679 192417
0 5096 239 0 1788864679 193325
1 4926 338 0 1788864679 194820
1 4927 485 0 1788864679 195311
3 4136 180 0 1788864679 196152
2 4593 551 0 1788864679 197213
3 4143 4071 0 1788864679 212381
0 5130 316 0 1788864679 223405
2 4622 446 0 1788864679 223638
3 4160 691 0 1788864679 224129
2 4630 198 0 1788864679 227062
0 5141 254 0 1788864679 228183
2 4644 297 0 1788864679 231328
1 4981 299 0 1788864679 231418
2 4669 186 0 1788864679 238528
1 5007 366 0 1788864679 239340
3 4208 165 0 1788864679 239349
1 5015 304 0 1788864679 242034
0 5189 185 0 1788864679 242774
3 4239 210 0 1788864679 246467
3 4242 92 0 1788864679 246831
2 4702 347 0 1788864679 249458
1 5038 373 0 1788864679 249575
3 4265 135 0 1788864679 252495
0 5226 487 0 1788864679 257537
0 5228 480 0 1788864679 258450
1 5066 473 0 1788864679 261337
3 4281 304 0 1788864679 261692
2 4727 484 0 1788864679 263664
3 4289 611 0 1788864679 266474
1 5119 0 0 1788864679 276798
2 4748 302 0 1788864679 279079
1 5142 0 0 1788864679 281778
0 5266 378 0 1788864679 281835
1 5164 733 0 1788864679 291404
3 4337 677 0 1788864679 310537
2 4792 913 0 1788864679 314378
1 5196 753 0 1788864679 314600
0 5309 880 0 1788864679 315856
0 5315 0 0 1788864679 318648
0 5321 377 0 1788864679 320352
3 4350 490 0 1788864679 321931
0 5330 744 0 1788864679 328275
2 4813 471 0 1788864679 330541
1 5224 932 0 1788864679 336794
3 4377 434 0 1788864679 344414
0 5359 526 0 1788864679 347668
0 5361 682 0 1788864679 349111
1 5277 773 0 1788864679 374812
1 5279 730 0 1788864679 376224
0 5409 648 0 1788864679 383437
1 5309 747 0 1788864679 400989
2 4910 83 0 1788864679 404116
0 5450 718 0 1788864679 416365
1 5333 663 0 1788864679 418916
1 5336 613 0 1788864679 421228
1 5353 1121 0 1788864679 434627
3 4497 556 0 1788864679 435428
3 4502 1251 0 1788864679 439686
2 4962 331 0 1788864679 444512
0 5491 572 0 1788864679 446796
0 5496 707 0 1788864679 450777
3 4518 786 0 1788864679 451662
0 5501 697 0 1788864679 454713
3 4530 616 0 1788864679 461911
2 4989 840 0 1788864679 464125
3 4534 787 0 1788864679 464462
0 5513 791 0 1788864679 464559
2 4996 761 0 1788864679 469271
2 4997 857 0 1788864679 470133
1 5407 566 0 1788864679 476557
2 5010 773 0 1788864679 478301
1 5414 296 0 1788864679 480567
2 5016 1007 0 1788864679 482019
2 5019 433 0 1788864679 483858
3 4573 1178 0 1788864679 504855
0 5554 1164 0 1788864679 506515
0 5568 1862 0 1788864679 525487
3 4598 1104 0 1788864679 536923
1 5460 1180 0 1788864679 540483
2 5080 148 0 1788864679 545616
2 5082 983 0 1788864679 547290
1 5466 101 0 1788864679 547899
1 5472 981 0 1788864679 554142
2 5090 1443 0 1788864679 556883
0 5623 801 0 1788864679 582552
1 5500 588 0 1788864679 582582
3 4647 313 0 1788864679 586318
0 5636 438 0 1788864679 588907
0 5637 827 0 1788864679 589744
0 5641 7579 0 1788864679 598353
3 4666 433 0 1788864679 601733
1 5538 398 0 1788864679 601943
0 5649 401 0 1788864679 602349
1 5551 423 0 1788864679 608328
3 4687 366 0 1788864679 610951
3 4689 399 0 1788864679 611755
3 4705 280 0 1788864679 618117
0 5687 1736 0 1788864679 622494
3 4721 269 0 1788864679 623294
0 5693 1232 0 1788864679 627736
3 4747 293 0 1788864679 631170
1 5586 800 0 1788864679 631918
0 5728 231 0 1788864679 659507
0 5739 928 0 1788864679 669778
3 4819 901 0 1788864679 672872
1 5642 880 0 1788864679 687858
3 4840 1067 0 1788864679 694048
1 5655 1507 0 1788864679 700209
1 5660 1438 0 1788864679 705273
1 5663 974 0 1788864679 708255
0 5778 1004 0 1788864679 708708
3 4853 1807 0 1788864679 709690
0 5788 1044 0 1788864679 718350
1 5677 2403 0 1788864679 722952
3 4877 916 0 1788864679 727736
2 5317 805 0 1788864679 735728
0 5819 836 0 1788864679 736353
3 4891 870 0 1788864679 738341
2 5327 714 0 1788864679 744056
2 5328 736 0 1788864679 744797
0 5835 729 0 1788864679 749309
2 5339 824 0 1788864679 753419
1 5723 568 0 1788864679 755203
1 5728 556 0 1788864679 758940
3 4930 720 0 1788864679 765823
0 5869 734 0 1788864679 768859
2 5362 1427 0 1788864679 769211
2 5368 636 0 1788864679 772755
2 5372 659 0 1788864679 775205
3 4944 640 0 1788864679 776303
3 4949 549 0 1788864679 779555
2 5383 629 0 1788864679 783326
1 5766 651 0 1788864679 783564
3 4964 261 0 1788864679 789195
1 5775 114 0 1788864679 790432
3 4975 715 0 1788864679 796709
3 4977 673 0 1788864679 798031
2 5413 551 0 1788864679 802783
1 5804 688 0 1788864679 809862
0 5930 644 0 1788864679 810267
3 4996 591 0 1788864679 811007
0 5932 728 0 1788864679 811645
3 4998 1045 0 1788864679 812840
3 5002 700 0 1788864679 815032
3 5008 727 0 1788864679 818857
0 5950 646 0 1788864679 823347
1 5827 628 0 1788864679 824771
0 5962 738 0 1788864679 831536
3 5027 771 0 1788864679 832718
2 5464 676 0 1788864679 836748
2 5465 708 0 1788864679 837461
3 5036 638 0 1788864679 837954
2 5471 634 0 1788864679 842278
0 5986 616 0 1788864679 848546
0 5992 0 0 1788864679 851406
2 5494 559 0 1788864679 855975
0 6004 562 0 1788864679 857322
0 6005 557 0 1788864679 857884
0 6012 580 0 1788864679 861650
0 6014 463 0 1788864679 862637
1 5892 574 0 1788864679 865282
3 5081 495 0 1788864679 865918
2 5519 1971 0 1788864679 873715
0 6027 218 0 1788864679 874043
3 5088 2139 0 1788864679 876861
1 5905 586 0 1788864679 884952
2 5526 180 0 1788864679 889503
2 5537 169 0 1788864679 891570
1 5920 456 0 1788864679 892670
2 5548 170 0 1788864679 893632
3 5110 94 0 1788864679 893750
0 6067 342 0 1788864679 898320
2 5568 342 0 1788864679 900403
3 5138 347 0 1788864679 903408
1 5950 329 0 1788864679 903826
3 5141 0 0 1788864679 904731
1 5953 192 0 1788864679 904969
2 5583 389 0 1788864679 905976
2 5584 1588 0 1788864679 907569
2 5585 357 0 1788864679 907933
2 5590 0 0 1788864679 909336
3 5159 205 0 1788864679 912694
2 5602 258 0 1788864679 914042
1 5975 408 0 1788864679 914976
1 5979 481 0 1788864679 916803
0 6118 221 0 1788864679 917466
1 5982 536 0 1788864679 918394
0 6125 426 0 1788864679 920832
2 5626 162 0 1788864679 922267
1 5997 665 0 1788864679 925769
0 6137 653 0 1788864679 926755
2 5645 223 0 1788864679 926956
0 6140 300 0 1788864679 927529
2 5646 326 0 1788864679 927540
2 5653 369 0 1788864679 931370
2 5663 0 0 1788864679 935252
0 6166 194 0 1788864679 936057
1 6041 532 0 1788864679 939899
1 6044 703 0 1788864679 941762
0 6197 571 0 1788864679 950677
1 6060 277 0 1788864679 950685
3 5245 544 0 1788864679 954672
0 6212 0 0 1788864679 958597
3 5253 808 0 1788864679 959937
1 6078 627 0 1788864679 963503
3 5260 622 0 1788864679 965810
3 5261 693 0 1788864679 966508
2 5712 789 0 1788864679 966696
3 5265 1391 0 1788864679 970098
0 6236 719 0 1788864679 974282
1 6094 717 0 1788864679 974553
1 6106 1304 0 1788864679 994782
1 6123 383 0 1788864680 10490
1 6130 883 0 1788864680 15061
0 6277 708 0 1788864680 17498
0 6279 757 0 1788864680 18893
3 5312 672 0 1788864680 18901
3 5316 617 0 1788864680 22935
0 6288 261 0 1788864680 23596
0 6289 402 0 1788864680 24008
3 5330 457 0 1788864680 32568
0 6308 953 0 1788864680 35236
1 6163 0 0 1788864680 36857
3 5336 700 0 1788864680 37045
0 6312 0 0 1788864680 37315
0 6323 541 0 1788864680 43145
3 5349 618 0 1788864680 47137
2 5804 845 0 1788864680 47893
1 6180 690 0 1788864680 48329
2 5820 785 0 1788864680 58818
3 5364 1062 0 1788864680 60770
2 5833 711 0 1788864680 70859
0 6366 536 0 1788864680 72188
0 6374 626 0 1788864680 77747
1 6234 730 0 1788864680 87986
1 6253 691 0 1788864680 105936
0 6413 1494 0 1788864680 108606
1 6266 1256 0 1788864680 118486
1 6268 718 0 1788864680 122117
3 5445 809 0 1788864680 128794
2 5904 933 0 1788864680 134499
2 5911 711 0 1788864680 140002
3 5457 85 0 1788864680 140391
0 6450 724 0 1788864680 142803
0 6452 720 0 1788864680 144232
2 5917 704 0 1788864680 144499
0 6464 762 0 1788864680 152100
0 6466 733 0 1788864680 153746
2 5929 1316 0 1788864680 154970
1 6310 358 0 1788864680 160781
3 5481 296 0 1788864680 164418
0 6479 0 0 1788864680 168334
1 6323 0 0 1788864680 170200
0 6485 0 0 1788864680 171649
2 5974 0 0 1788864680 175797
1 6337 0 0 1788864680 177675
2 5983 0 0 1788864680 180015
1 6346 3045 0 1788864680 185193
2 5985 3816 0 1788864680 185205
1 6353 0 0 1788864680 188503
0 6512 0 0 1788864680 191042
3 5502 102 0 1788864680 197103
0 6526 1293 0 1788864680 199515
1 6386 83 0 1788864680 201517
3 5531 81 0 1788864680 204304
2 6003 971 0 1788864680 206300
0 6541 265 0 1788864680 207336
0 6542 645 0 1788864680 207990
3 5546 191 0 1788864680 209173
1 6407 153 0 1788864680 211844
0 6560 157 0 1788864680 212406
2 6012 815 0 1788864680 213529
0 6571 178 0 1788864680 214134
1 6444 101 0 1788864680 215995
1 6458 100 0 1788864680 217795
1 6468 196 0 1788864680 219333
0 6622 115 0 1788864680 222225
2 6036 180 0 1788864680 223338
2 6037 163 0 1788864680 223507
3 5563 0 0 1788864680 228211
1 6522 215 0 1788864680 229331
2 6054 219 0 1788864680 230335
3 5571 283 0 1788864680 231452
2 6062 305 0 1788864680 234881
1 6562 258 0 1788864680 236452
0 6655 385 0 1788864680 236842
3 5592 517 0 1788864680 242095
1 6588 0 0 1788864680 243762
3 5595 1327 0 1788864680 244456
1 6602 103 0 1788864680 245633
1 6616 0 0 1788864680 247607
1 6621 0 0 1788864680 248055
3 5600 608 0 1788864680 249705
1 6659 0 0 1788864680 252191
0 6685 181 0 1788864680 256730
1 6711 168 0 1788864680 259381
1 6713 155 0 1788864680 259685
1 6724 192 0 1788864680 261641
1 6732 0 0 1788864680 262393
1 6745 0 0 1788864680 263958
1 6749 0 0 1788864680 264407
1 6755 0 0 1788864680 265040
1 6770 0 0 1788864680 267915
1 6810 0 0 1788864680 278903
1 6815 0 0 1788864680 280186
1 6841 0 0 1788864680 289935
1 6873 0 0 1788864680 298353
1 6895 0 0 1788864680 303971
1 6899 0 0 1788864680 304808
1 6919 0 0 1788864680 309103
1 6936 0 0 1788864680 312143
1 6950 0 0 1788864680 315588
1 6959 0 0 1788864680 316985
1 6982 0 0 1788864680 321228
1 6998 0 0 1788864680 324572
1 7065 0 0 1788864680 346018
1 7075 0 0 1788864680 348231
1 7080 0 0 1788864680 349296
1 7103 275 0 1788864680 355795
1 7107 314 0 1788864680 357076
2 6107 319 0 1788864680 369438
0 6721 635 0 1788864680 370597
1 7130 405 0 1788864680 370864
2 6110 506 0 1788864680 370872
1 7133 319 0 1788864680 372016
2 6118 780 0 1788864680 375710
1 7170 575 0 1788864680 390072
1 7172 691 0 1788864680 391119
2 6152 411 0 1788864680 391623
2 6161 1382 0 1788864680 398166
2 6166 592 0 1788864680 401899
3 5691 283 0 1788864680 403813
1 7211 1044 0 1788864680 411255
1 7212 415 0 1788864680 411706
1 7213 416 0 1788864680 412126
2 6188 1114 0 1788864680 416157
0 6815 492 0 1788864680 420906
1 7264 728 0 1788864680 438029
0 6839 2135 0 1788864680 440316
3 5746 273 0 1788864680 446042
3 5761 184 0 1788864680 448752
0 6869 244 0 1788864680 449533
3 5773 120 0 1788864680 450921
3 5780 139 0 1788864680 452233
3 5782 325 0 1788864680 452924
0 6895 237 0 1788864680 454716
1 7304 346 0 1788864680 458818
2 6238 358 0 1788864680 462991
1 7313 573 0 1788864680 463305
2 6245 176 0 1788864680 465870
2 6252 147 0 1788864680 467342
1 7329 104 0 1788864680 470528
2 6295 88 0 1788864680 473133
2 6298 95 0 1788864680 473476
2 6309 94 0 1788864680 474851
1 7356 161 0 1788864680 475216
2 6319 111 0 1788864680 476083
2 6330 147 0 1788864680 477533
2 6346 87 0 1788864680 480202
1 7393 149 0 1788864680 481453
2 6351 2444 0 1788864680 483071
1 7410 157 0 1788864680 483481
1 7411 89 0 1788864680 483574
3 5816 1035 0 1788864680 483740
1 7450 116 0 1788864680 488308
1 7477 92 0 1788864680 491288
3 5824 651 0 1788864680 493424
1 7500 129 0 1788864680 494162
1 7511 193 0 1788864680 496134
1 7535 85 0 1788864680 499486
3 5834 1120 0 1788864680 500873
0 6944 555 0 1788864680 501746
2 6382 570 0 1788864680 505138
1 7591 123 0 1788864680 505266
1 7598 108 0 1788864680 506001
1 7599 92 0 1788864680 506097
1 7607 102 0 1788864680 506942
1 7640 82 0 1788864680 510185
1 7641 85 0 1788864680 510274
1 7649 85 0 1788864680 511079
1 7665 105 0 1788864680 512773
3 5871 134 0 1788864680 514362
3 5876 181 0 1788864680 515927
1 7701 104 0 1788864680 518010
1 7703 143 0 1788864680 518327
3 5902 216 0 1788864680 520416
3 5908 205 0 1788864680 521527
1 7727 285 0 1788864680 522968
3 5926 267 0 1788864680 525090
1 7748 264 0 1788864680 527032
3 5937 194 0 1788864680 527321
1 7764 169 0 1788864680 530167
1 7772 176 0 1788864680 531603
3 5959 212 0 1788864680 531724
3 5963 175 0 1788864680 532505
1 7778 191 0 1788864680 532899
2 6438 482 0 1788864680 539619
2 6441 398 0 1788864680 540900
2 6443 550 0 1788864680 541866
3 6014 197 0 1788864680 542668
1 7831 190 0 1788864680 543363
1 7836 175 0 1788864680 544323
3 6035 179 0 1788864680 546718
3 6043 129 0 1788864680 548127
2 6450 785 0 1788864680 548342
1 7862 208 0 1788864680 549323
3 6060 538 0 1788864680 553106
1 7873 1072 0 1788864680 553750
3 6068 280 0 1788864680 557289
1 7905 239 0 1788864680 566216
1 7906 410 0 1788864680 566632
3 6093 268 0 1788864680 566797
1 7918 197 0 1788864680 570697
1 7923 205 0 1788864680 571845
1 7942 206 0 1788864680 576024
1 7957 199 0 1788864680 578858
2 6488 610 0 1788864680 578886
3 6147 202 0 1788864680 579550
2 6489 740 0 1788864680 579628
3 6166 183 0 1788864680 583190
1 7988 180 0 1788864680 585228
3 6178 190 0 1788864680 585697
3 6204 83 0 1788864680 591515
3 6214 428 0 1788864680 593174
1 8032 373 0 1788864680 596318
3 6242 525 0 1788864680 602504
3 6243 274 0 1788864680 602783
1 8058 244 0 1788864680 603926
1 8074 266 0 1788864680 609005
1 8103 182 0 1788864680 618555
3 6297 89 0 1788864680 619439
3 6310 117 0 1788864680 620825
3 6314 87 0 1788864680 621238
3 6324 647 0 1788864680 623024
1 8131 209 0 1788864680 626968
1 8134 269 0 1788864680 627618
1 8141 187 0 1788864680 629345
1 8142 188 0 1788864680 629538
3 6355 188 0 1788864680 629860
0 7071 1681 0 1788864680 639909
3 6400 260 0 1788864680 640196
1 8202 239 0 1788864680 642838
1 8205 188 0 1788864680 643408
1 8216 180 0 1788864680 646541
0 7073 3299 0 1788864680 647313
3 6432 201 0 1788864680 647414
3 6446 407 0 1788864680 650947
0 7077 1431 0 1788864680 654936
1 8254 250 0 1788864680 656215
3 6470 283 0 1788864680 657059
2 6516 1055 0 1788864680 658873
3 6476 245 0 1788864680 659563
1 8271 119 0 1788864680 661316
3 6489 381 0 1788864680 662871
1 8281 417 0 1788864680 664456
0 7088 1068 0 1788864680 666338
3 6502 646 0 1788864680 667019
3 6515 229 0 1788864680 670620
1 8305 249 0 1788864680 671804
1 8307 272 0 1788864680 672325
3 6526 89 0 1788864680 673533
3 6535 496 0 1788864680 676039
0 7100 1221 0 1788864680 677487
3 6549 359 0 1788864680 679745
3 6575 194 0 1788864680 686906
3 6586 584 0 1788864680 691003
3 6596 670 0 1788864680 696429
1 8389 362 0 1788864680 698746
3 6606 269 0 1788864680 702893
3 6609 476 0 1788864680 704167
0 7118 310 0 1788864680 704756
3 6620 125 0 1788864680 707074
1 8408 404 0 1788864680 707234
1 8418 237 0 1788864680 711323
1 8426 239 0 1788864680 712845
1 8436 209 0 1788864680 715003
1 8445 219 0 1788864680 716903
1 8449 199 0 1788864680 717884
3 6672 189 0 1788864680 720724
3 6687 144 0 1788864680 723628
1 8501 359 0 1788864680 733881
3 6716 227 0 1788864680 734649
1 8506 1325 0 1788864680 736096
3 6719 172 0 1788864680 736467
0 7145 968 0 1788864680 738115
1 8510 317 0 1788864680 738371
0 7148 382 0 1788864680 739048
1 8518 345 0 1788864680 741435
0 7158 252 0 1788864680 743375
0 7160 356 0 1788864680 744153
0 7163 447 0 1788864680 745369
2 6599 1314 0 1788864680 749740
2 6604 0 0 1788864680 752198
3 6750 690 0 1788864680 753848
1 8545 446 0 1788864680 754993
0 7191 678 0 1788864680 759516
3 6764 234 0 1788864680 760300
2 6620 118 0 1788864680 762327
1 8571 452 0 1788864680 766465
0 7218 330 0 1788864680 770665
0 7234 322 0 1788864680 777457
3 6805 366 0 1788864680 778024
1 8600 337 0 1788864680 778457
0 7247 655 0 1788864680 782947
0 7249 426 0 1788864680 783748
1 8617 513 0 1788864680 784465
3 6824 516 0 1788864680 789575
3 6827 0 0 1788864680 790027
2 6673 320 0 1788864680 790159
1 8628 387 0 1788864680 791404
1 8637 443 0 1788864680 795550
3 6840 554 0 1788864680 795880
0 7274 313 0 1788864680 796603
3 6843 227 0 1788864680 797002
3 6844 121 0 1788864680 797128
1 8650 281 0 1788864680 800542
0 7286 289 0 1788864680 801007
1 8653 434 0 1788864680 801617
3 6873 367 0 1788864680 806206
0 7302 415 0 1788864680 807364
3 6877 359 0 1788864680 807602
3 6880 485 0 1788864680 808924
0 7307 314 0 1788864680 810157
2 6708 241 0 1788864680 811082
2 6710 374 0 1788864680 811899
2 6721 258 0 1788864680 815401
2 6724 186 0 1788864680 816110
2 6726 345 0 1788864680 816750
1 8690 465 0 1788864680 818469
3 6904 425 0 1788864680 820021
2 6739 295 0 1788864680 820218
2 6749 350 0 1788864680 823113
0 7340 502 0 1788864680 845085
2 6760 171 0 1788864680 845575
1 8709 416 0 1788864680 846989
0 7358 352 0 1788864680 852420
1 8727 346 0 1788864680 853648
1 8745 1536 0 1788864680 862727
3 6960 732 0 1788864680 867239
0 7388 5184 0 1788864680 881082
3 6964 2258 0 1788864680 909103
2 6832 706 0 1788864680 922066
3 6982 790 0 1788864680 923059
3 6986 761 0 1788864680 926109
3 6997 997 0 1788864680 936318
2 6851 1117 0 1788864680 937559
0 7429 237 0 1788864680 940517
2 6854 1879 0 1788864680 942180
3 7008 4048 0 1788864680 952155
1 8820 422 0 1788864680 993164
0 7461 209 0 1788864680 994208
0 7468 789 0 1788864680 999163
2 6909 0 0 1788864681 1191
2 6917 155 0 1788864681 2037
2 6918 539 0 1788864681 2582
2 6923 81 0 1788864681 3030
2 6927 84 0 1788864681 3517
2 6938 104 0 1788864681 4581
0 7482 0 0 1788864681 10778
1 8840 0 0 1788864681 10978
1 8854 821 0 1788864681 17854
3 7056 957 0 1788864681 26760
1 8872 708 0 1788864681 33002
3 7065 0 0 1788864681 35127
2 6991 1313 0 1788864681 36915
0 7532 1045 0 1788864681 42091
3 7074 1273 0 1788864681 44284
3 7084 570 0 1788864681 51729
3 7087 793 0 1788864681 53687
3 7094 0 0 1788864681 61295
1 8916 503 0 1788864681 65724
2 7041 678 0 1788864681 80796
0 7586 576 0 1788864681 85163
0 7593 609 0 1788864681 92924
2 7057 583 0 1788864681 93995
2 7059 3934 0 1788864681 98522
3 7130 3964 0 1788864681 98845
1 8948 732 0 1788864681 99266
0 7598 864 0 1788864681 100017
2 7074 415 0 1788864681 115370
1 8964 1118 0 1788864681 117197
3 7148 0 0 1788864681 119072
1 8973 0 0 1788864681 133627
0 7642 801 0 1788864681 138870
2 7095 4734 0 1788864681 140663
3 7164 400 0 1788864681 141763
0 7647 209 0 1788864681 145294
2 7115 182 0 1788864681 147974
3 7176 211 0 1788864681 148061
1 8999 214 0 1788864681 148138
2 7120 259 0 1788864681 149210
3 7185 251 0 1788864681 151066
2 7128 342 0 1788864681 152333
0 7687 278 0 1788864681 154821
1 9031 126 0 1788864681 155696
1 9033 116 0 1788864681 155906
0 7692 237 0 1788864681 156398
1 9040 178 0 1788864681 156838
0 7697 175 0 1788864681 157281
1 9048 76 0 1788864681 157829
1 9049 103 0 1788864681 157941
0 7707 95 0 1788864681 158824
3 7233 89 0 1788864681 161468
1 9071 407 0 1788864681 161761
0 7718 272 0 1788864681 162663
3 7239 337 0 1788864681 162893
2 7175 167 0 1788864681 165026
0 7722 540 0 1788864681 165208
3 7247 388 0 1788864681 166786
0 7729 259 0 1788864681 168520
2 7186 350 0 1788864681 169855
1 9092 256 0 1788864681 170590
1 9111 358 0 1788864681 173721
2 7205 280 0 1788864681 174464
3 7272 326 0 1788864681 175379
0 7755 228 0 1788864681 176348
3 7282 231 0 1788864681 179399
2 7255 99 0 1788864681 185484
0 7808 225 0 1788864681 185784
2 7258 230 0 1788864681 186093
3 7314 299 0 1788864681 186308
3 7317 216 0 1788864681 186989
0 7815 280 0 1788864681 187508
0 7825 1040 0 1788864681 192710
0 7826 411 0 1788864681 193135
0 7829 96 0 1788864681 193553
0 7839 110 0 1788864681 195774
1 9223 336 0 1788864681 204699
0 7923 152 0 1788864681 205009
3 7371 275 0 1788864681 205902
2 7330 122 0 1788864681 207122
1 9240 234 0 1788864681 207361
1 9243 317 0 1788864681 208029
2 7340 104 0 1788864681 208548
2 7353 94 0 1788864681 210987
2 7357 90 0 1788864681 211365
2 7368 144 0 1788864681 212734
2 7371 76 0 1788864681 213007
2 7393 90 0 1788864681 215512
0 7971 146 0 1788864681 216424
2 7399 221 0 1788864681 216624
2 7403 128 0 1788864681 217236
3 7426 259 0 1788864681 219042
2 7435 100 0 1788864681 221254
3 7435 199 0 1788864681 221476
1 9304 95 0 1788864681 222287
0 8014 295 0 1788864681 226384
2 7459 91 0 1788864681 226392
3 7457 296 0 1788864681 226808
0 8019 243 0 1788864681 227703
1 9348 105 0 1788864681 227708
3 7467 202 0 1788864681 229250
2 7472 200 0 1788864681 229553
2 7474 216 0 1788864681 229984
0 8033 140 0 1788864681 230240
3 7477 81 0 1788864681 231179
3 7481 82 0 1788864681 231586
3 7491 77 0 1788864681 233521
1 9373 341 0 1788864681 234211
3 7505 322 0 1788864681 238398
0 8058 329 0 1788864681 238569
1 9387 302 0 1788864681 239127
3 7508 298 0 1788864681 239353
0 8062 334 0 1788864681 239836
3 7511 362 0 1788864681 240378
2 7509 252 0 1788864681 242557
0 8071 222 0 1788864681 242673
2 7511 220 0 1788864681 243041
0 8073 238 0 1788864681 243145
1 9416 72 0 1788864681 245035
2 7520 293 0 1788864681 245125
2 7527 285 0 1788864681 246789
1 9451 83 0 1788864681 249421
0 8105 267 0 1788864681 251585
2 7548 275 0 1788864681 252261
3 7554 260 0 1788864681 252377
0 8117 295 0 1788864681 254921
2 7561 171 0 1788864681 255760
0 8126 250 0 1788864681 257076
0 8138 173 0 1788864681 260034
1 9520 0 0 1788864681 260321
1 9534 102 0 1788864681 266303
3 7602 158 0 1788864681 266512
3 7604 134 0 1788864681 266830
2 7595 112 0 1788864681 267063
1 9549 389 0 1788864681 270956
2 7613 2413 0 1788864681 271937
0 8178 283 0 1788864681 274240
3 7639 570 0 1788864681 275231
2 7632 140 0 1788864681 277660
0 8192 228 0 1788864681 280512
0 8208 242 0 1788864681 286203
0 8213 286 0 1788864681 287532
3 7685 235 0 1788864681 291236
2 7653 91 0 1788864681 292622
2 7673 93 0 1788864681 297060
2 7678 76 0 1788864681 297574
0 8238 310 0 1788864681 297797
1 9619 308 0 1788864681 298005
2 7701 187 0 1788864681 303199
0 8257 305 0 1788864681 304446
3 7719 262 0 1788864681 305677
0 8271 311 0 1788864681 308794
0 8274 236 0 1788864681 309519
0 8283 307 0 1788864681 312381
3 7763 243 0 1788864681 318190
2 7721 3898 0 1788864681 318764
3 7768 223 0 1788864681 319680
1 9693 273 0 1788864681 320807
3 7781 287 0 1788864681 323214
3 7794 158 0 1788864681 327117
3 7796 171 0 1788864681 327675
0 8341 301 0 1788864681 329076
0 8353 241 0 1788864681 332398
1 9734 226 0 1788864681 332787
2 7745 1337 0 1788864681 335343
2 7746 642 0 1788864681 335992
3 7826 271 0 1788864681 337318
2 7771 93 0 1788864681 342945
1 9764 444 0 1788864681 344852
0 8389 299 0 1788864681 346412
2 7810 120 0 1788864681 348305
0 8396 640 0 1788864681 349503
3 7864 341 0 1788864681 352303
3 7865 469 0 1788864681 352778
2 7818 87 0 1788864681 353948
3 7872 380 0 1788864681 355817
2 7829 465 0 1788864681 359829
0 8422 383 0 1788864681 361019
2 7834 339 0 1788864681 361644
1 9804 334 0 1788864681 361820
2 7836 380 0 1788864681 362352
2 7840 220 0 1788864681 363549
0 8430 313 0 1788864681 363745
3 7895 191 0 1788864681 367072
1 9823 285 0 1788864681 367567
0 8447 299 0 1788864681 368824
1 9830 310 0 1788864681 369523
3 7900 183 0 1788864681 370916
1 9838 281 0 1788864681 371842
0 8474 469 0 1788864681 376836
2 7900 447 0 1788864681 381687
3 7916 384 0 1788864681 381718
1 9874 284 0 1788864681 383364
3 7925 348 0 1788864681 385201
1 9880 552 0 1788864681 385852
2 7919 360 0 1788864681 388632
0 8509 409 0 1788864681 389601
1 9891 309 0 1788864681 389714
2 7926 371 0 1788864681 391436
2 7929 382 0 1788864681 392674
2 7930 380 0 1788864681 393058
0 8525 652 0 1788864681 396001
2 7938 506 0 1788864681 396270
1 9916 91 0 1788864681 398274
0 8533 518 0 1788864681 398822
0 8536 382 0 1788864681 399836
1 9920 214 0 1788864681 399867
1 9922 89 0 1788864681 400121
3 7979 201 0 1788864681 404580
2 7971 300 0 1788864681 406576
2 7972 320 0 1788864681 406920
0 8563 222 0 1788864681 406950
0 8564 285 0 1788864681 407238
0 8567 236 0 1788864681 407995
2 7981 674 0 1788864681 410318
0 8580 653 0 1788864681 412839
0 8582 388 0 1788864681 413624
3 8009 397 0 1788864681 416530
0 8588 406 0 1788864681 416743
1 9971 399 0 1788864681 418314
1 9975 580 0 1788864681 420957
3 8020 378 0 1788864681 422462
3 8024 366 0 1788864681 423592
2 8017 122 0 1788864681 425707
1 9992 196 0 1788864681 426114
0 8619 407 0 1788864681 428063
0 8625 750 0 1788864681 430702
1 10007 284 0 1788864681 431616
0 8628 478 0 1788864681 431700
2 8053 229 0 1788864681 433636
0 8637 152 0 1788864681 434525
3 8060 491 0 1788864681 436819
3 8064 386 0 1788864681 438637
1 10030 388 0 1788864681 439892
2 8073 374 0 1788864681 440367
0 8655 400 0 1788864681 441970
0 8657 379 0 1788864681 442851
3 8076 1940 0 1788864681 445083
1 10040 738 0 1788864681 446053
3 8081 302 0 1788864681 447803
2 8089 1032 0 1788864681 451696
0 8675 376 0 1788864681 454846
3 8094 93 0 1788864681 454991
3 8100 119 0 1788864681 456086
1 10061 294 0 1788864681 456199
3 8116 139 0 1788864681 457732
1 10070 1149 0 1788864681 459538
3 8136 277 0 1788864681 459929
0 8698 96 0 1788864681 460601
1 10078 281 0 1788864681 461908
0 8720 129 0 1788864681 463034
1 10082 230 0 1788864681 463043
2 8140 366 0 1788864681 466092
3 8163 112 0 1788864681 466101
0 8738 132 0 1788864681 466447
1 10105 130 0 1788864681 467247
1 10106 250 0 1788864681 467502
0 8747 78 0 1788864681 467854
3 8171 269 0 1788864681 468470
3 8175 277 0 1788864681 469560
0 8772 86 0 1788864681 470363
2 8156 244 0 1788864681 470533
3 8180 358 0 1788864681 471093
0 8788 93 0 1788864681 471960
0 8791 92 0 1788864681 472241
0 8830 91 0 1788864681 476233
1 10139 277 0 1788864681 477129
0 8844 90 0 1788864681 477537
0 8850 99 0 1788864681 479299
3 8214 280 0 1788864681 480320
1 10155 99 0 1788864681 481600
0 8866 276 0 1788864681 483533
3 8250 229 0 1788864681 484760
0 8874 96 0 1788864681 486087
3 8254 272 0 1788864681 486760
2 8225 243 0 1788864681 487052
0 8881 111 0 1788864681 487102
2 8239 344 0 1788864681 492109
0 8908 140 0 1788864681 498708
3 8282 290 0 1788864681 499444
1 10204 349 0 1788864681 501164
3 8288 338 0 1788864681 501682
1 10211 449 0 1788864681 503729
0 8922 351 0 1788864681 503996
2 8269 375 0 1788864681 505238
1 10219 339 0 1788864681 506608
3 8303 345 0 1788864681 507143
3 8304 343 0 1788864681 507491
2 8277 340 0 1788864681 508442
0 8937 364 0 1788864681 509335
3 8314 349 0 1788864681 510926
3 8316 370 0 1788864681 511653
3 8318 386 0 1788864681 512427
2 8293 369 0 1788864681 514249
1 10241 265 0 1788864681 514932
1 10248 352 0 1788864681 517692
2 8304 101 0 1788864681 518387
0 8966 237 0 1788864681 520564
2 8312 357 0 1788864681 521957
3 8358 264 0 1788864681 527747
3 8360 449 0 1788864681 528568
2 8333 579 0 1788864681 529728
3 8366 356 0 1788864681 530941
1 10292 463 0 1788864681 534088
3 8382 342 0 1788864681 537122
3 8387 340 0 1788864681 539936
0 9019 413 0 1788864681 540750
1 10312 415 0 1788864681 542035
2 8368 525 0 1788864681 542649
0 9031 382 0 1788864681 545930
1 10328 348 0 1788864681 547861
0 9038 322 0 1788864681 548361
0 9039 341 0 1788864681 548706
3 8419 350 0 1788864681 551040
0 9052 350 0 1788864681 553710
3 8427 360 0 1788864681 553888
2 8401 433 0 1788864681 555081
1 10352 224 0 1788864681 556693
3 8448 382 0 1788864681 563240
0 9077 356 0 1788864681 564248
2 8424 111 0 1788864681 565047
0 9084 163 0 1788864681 565652
3 8458 127 0 1788864681 565663
0 9094 395 0 1788864681 569988
0 9100 371 0 1788864681 572116
0 9106 352 0 1788864681 574748
1 10400 349 0 1788864681 575966
2 8454 340 0 1788864681 576397
1 10406 4031 0 1788864681 582682
2 8460 477 0 1788864681 583360
0 9120 341 0 1788864681 584156
2 8466 338 0 1788864681 585443
3 8509 337 0 1788864681 588116
1 10424 335 0 1788864681 589060
1 10425 337 0 1788864681 589401
3 8517 344 0 1788864681 591105
1 10441 350 0 1788864681 595187
3 8533 435 0 1788864681 596835
2 8499 347 0 1788864681 597097
0 9157 346 0 1788864681 597358
1 10448 354 0 1788864681 597625
1 10456 337 0 1788864681 600376
2 8512 363 0 1788864681 601577
1 10472 353 0 1788864681 606224
2 8527 365 0 1788864681 606861
2 8539 373 0 1788864681 611125
1 10490 599 0 1788864681 613051
3 8580 522 0 1788864681 614489
0 9214 340 0 1788864681 618572
1 10506 340 0 1788864681 619541
0 9226 333 0 1788864681 623061
0 9227 491 0 1788864681 623564
3 8615 0 0 1788864681 624760
3 8624 0 0 1788864681 625487
0 9232 270 0 1788864681 628116
1 10523 370 0 1788864681 628935
3 8668 213 0 1788864681 637682
2 8610 370 0 1788864681 640708
1 10557 280 0 1788864681 640800
3 8678 343 0 1788864681 641418
2 8613 348 0 1788864681 641594
3 8683 174 0 1788864681 643034
0 9275 360 0 1788864681 643132
2 8619 643 0 1788864681 644142
1 10573 359 0 1788864681 646592
0 9285 381 0 1788864681 646884
2 8630 348 0 1788864681 648139
0 9303 364 0 1788864681 653388
0 9310 353 0 1788864681 655830
3 8723 340 0 1788864681 657380
0 9315 348 0 1788864681 657557
3 8729 223 0 1788864681 659427
1 10617 338 0 1788864681 662019
2 8674 348 0 1788864681 663157
1 10623 346 0 1788864681 664035
2 8688 580 0 1788864681 668256
3 8760 346 0 1788864681 670237
1 10642 356 0 1788864681 670772
2 8697 248 0 1788864681 671286
2 8700 337 0 1788864681 672326
3 8768 332 0 1788864681 673096
3 8775 328 0 1788864681 675433
3 8776 344 0 1788864681 675781
1 10668 355 0 1788864681 679950
3 8790 347 0 1788864681 680556
0 9385 353 0 1788864681 681804
2 8731 350 0 1788864681 683131
2 8733 362 0 1788864681 683853
0 9401 345 0 1788864681 687473
3 8825 347 0 1788864681 693033
0 9428 82 0 1788864681 696883
2 8781 114 0 1788864681 700689
0 9440 237 0 1788864681 701183
0 9452 368 0 1788864681 705164
1 10746 399 0 1788864681 706897
1 10756 359 0 1788864681 710766
2 8821 331 0 1788864681 715009
3 8888 332 0 1788864681 715101
0 9481 357 0 1788864681 715279
1 10772 261 0 1788864681 716090
3 8891 265 0 1788864681 716268
2 8828 349 0 1788864681 717320
3 8899 353 0 1788864681 719184
1 10784 350 0 1788864681 720334
2 8836 353 0 1788864681 720428
0 9509 320 0 1788864681 724833
0 9511 198 0 1788864681 725370
1 10801 275 0 1788864681 725873
2 8857 166 0 1788864681 726910
3 8936 407 0 1788864681 731933
0 9531 259 0 1788864681 732338
0 9538 335 0 1788864681 734630
2 8894 269 0 1788864681 738788
0 9552 343 0 1788864681 739045
2 8899 328 0 1788864681 740501
0 9563 263 0 1788864681 742431
3 8970 270 0 1788864681 742918
1 10854 279 0 1788864681 743063
0 9574 262 0 1788864681 745507
2 8917 411 0 1788864681 745787
3 8988 292 0 1788864681 748020
1 10877 315 0 1788864681 749721
2 8933 350 0 1788864681 750880
1 10887 288 0 1788864681 752786
2 8943 277 0 1788864681 753827
0 9604 337 0 1788864681 754735
0 9609 261 0 1788864681 756302
1 10918 169 0 1788864681 761726
3 9041 416 0 1788864681 764576
0 9641 355 0 1788864681 765792
2 8985 382 0 1788864681 766794
1 10942 274 0 1788864681 771001
1 10944 291 0 1788864681 771594
2 9016 284 0 1788864681 777562
3 9095 265 0 1788864681 782280
1 10986 225 0 1788864681 783746
0 9705 371 0 1788864681 786428
1 11000 317 0 1788864681 787739
0 9711 269 0 1788864681 788162
2 9064 276 0 1788864681 791621
0 9734 402 0 1788864681 795240
2 9079 188 0 1788864681 795763
0 9747 272 0 1788864681 799212
2 9095 298 0 1788864681 800319
1 11058 268 0 1788864681 804519
2 9113 331 0 1788864681 805570
2 9119 265 0 1788864681 807100
1 11069 302 0 1788864681 807745
0 9781 265 0 1788864681 809155
2 9127 273 0 1788864681 809362
3 9193 300 0 1788864681 810561
3 9195 342 0 1788864681 811145
1 11095 348 0 1788864681 814844
1 11096 270 0 1788864681 815118
0 9808 291 0 1788864681 816541
3 9221 397 0 1788864681 818387
1 11109 275 0 1788864681 818594
1 11114 282 0 1788864681 819983
2 9165 280 0 1788864681 820123
2 9187 224 0 1788864681 826024
1 11144 330 0 1788864681 828340
3 9258 341 0 1788864681 828417
2 9197 207 0 1788864681 828694
3 9270 67 0 1788864681 831933
3 9273 287 0 1788864681 832776
3 9274 274 0 1788864681 833054
2 9215 231 0 1788864681 833742
3 9277 307 0 1788864681 833971
2 9216 303 0 1788864681 834049
0 9871 304 0 1788864681 834124
2 9225 262 0 1788864681 836534
0 9880 267 0 1788864681 836605
0 9890 267 0 1788864681 839263
3 9307 268 0 1788864681 842052
0 9910 205 0 1788864681 844963
3 9322 291 0 1788864681 846217
2 9264 273 0 1788864681 847432
1 11213 234 0 1788864681 847740
0 9927 143 0 1788864681 849497
3 9337 285 0 1788864681 850569
1 11227 274 0 1788864681 851764
2 9281 264 0 1788864681 852101
0 9942 266 0 1788864681 853802
1 11239 270 0 1788864681 855258
0 9964 102 0 1788864681 862414
1 11276 1581 0 1788864681 873934
0 9991 364 0 1788864681 879324
1 11296 474 0 1788864681 882905
0 10009 269 0 1788864681 884580
2 9358 267 0 1788864681 885546
2 9363 314 0 1788864681 887245
0 10021 296 0 1788864681 887914
1 11320 299 0 1788864681 889773
1 11322 267 0 1788864681 890345
2 9378 332 0 1788864681 891546
0 10037 333 0 1788864681 892695
1 11337 214 0 1788864681 895118
2 9392 280 0 1788864681 895473
1 11345 285 0 1788864681 897581
0 10058 292 0 1788864681 899038
1 11363 264 0 1788864681 902993
3 9485 228 0 1788864681 905919
0 10088 134 0 1788864681 908182
2 9432 233 0 1788864681 908346
1 11383 289 0 1788864681 908994
0 10092 279 0 1788864681 909347
3 9504 0 0 1788864681 912752
1 11409 1582 0 1788864681 913169
0 10104 153 0 1788864681 913548
1 11412 201 0 1788864681 913904
2 9450 300 0 1788864681 914120
1 11413 285 0 1788864681 914193
2 9457 274 0 1788864681 916165
1 11427 208 0 1788864681 918375
0 10122 293 0 1788864681 918744
0 10129 289 0 1788864681 920687
3 9536 282 0 1788864681 922092
2 9488 0 0 1788864681 925174
2 9494 190 0 1788864681 926693
3 9548 288 0 1788864681 927059
3 9549 280 0 1788864681 927343
2 9515 0 0 1788864681 932685
3 9567 208 0 1788864681 934066
3 9569 143 0 1788864681 934511
3 9574 283 0 1788864681 935959
0 10187 288 0 1788864681 936035
3 9575 287 0 1788864681 936250
0 10192 279 0 1788864681 937475
2 9542 281 0 1788864681 939861
0 10210 0 0 1788864681 941795
2 9570 279 0 1788864681 945957
0 10231 414 0 1788864681 946788
3 9604 274 0 1788864681 948349
3 9608 274 0 1788864681 949604
3 9611 281 0 1788864681 950452
2 9588 292 0 1788864681 950816
3 9614 216 0 1788864681 951343
3 9615 349 0 1788864681 951801
1 11553 271 0 1788864681 951998
0 10255 0 0 1788864681 952731
1 11564 0 0 1788864681 954184
1 11570 360 0 1788864681 955728
3 9627 87 0 1788864681 958521
0 10277 364 0 1788864681 959075
0 10294 0 0 1788864681 964573
0 10296 0 0 1788864681 964980
0 10305 0 0 1788864681 966422
3 9654 0 0 1788864681 966491
1 11601 156 0 1788864681 967998
3 9665 189 0 1788864681 968162
0 10317 306 0 1788864681 968308
1 11612 389 0 1788864681 971555
2 9672 329 0 1788864681 975590
3 9689 397 0 1788864681 976097
2 9675 493 0 1788864681 976796
2 9676 395 0 1788864681 977197
1 11631 282 0 1788864681 978044
1 11637 249 0 1788864681 979718
3 9702 274 0 1788864681 980212
2 9690 270 0 1788864681 981410
0 10360 279 0 1788864681 982114
2 9701 279 0 1788864681 984550
1 11655 398 0 1788864681 984878
3 9726 209 0 1788864681 986840
1 11666 293 0 1788864681 988123
0 10388 0 0 1788864681 989354
1 11678 269 0 1788864681 990736
1 11682 289 0 1788864681 991624
0 10404 272 0 1788864681 993378
1 11707 0 0 1788864681 998724
0 10449 305 0 1788864682 4337
1 11746 273 0 1788864682 8502
0 10475 359 0 1788864682 12080
3 9800 351 0 1788864682 13259
2 9818 343 0 1788864682 18743
1 11781 260 0 1788864682 19809
0 10500 158 0 1788864682 20532
3 9827 332 0 1788864682 21975
1 11789 334 0 1788864682 22724
1 11790 306 0 1788864682 23035
0 10508 295 0 1788864682 23183
1 11795 362 0 1788864682 24642
0 10513 368 0 1788864682 24828
3 9845 273 0 1788864682 28064
1 11809 401 0 1788864682 29745
1 11819 357 0 1788864682 33580
3 9861 355 0 1788864682 34043
1 11825 349 0 1788864682 35706
3 9871 315 0 1788864682 37619
0 10561 335 0 1788864682 41437
0 10574 338 0 1788864682 44288
0 10576 340 0 1788864682 44984
2 9911 282 0 1788864682 49993
0 10599 271 0 1788864682 51175
1 11878 275 0 1788864682 51315
2 9916 279 0 1788864682 51386
0 10601 334 0 1788864682 51793
3 9917 307 0 1788864682 53766
2 9929 128 0 1788864682 55273
3 9923 242 0 1788864682 55714
1 11893 262 0 1788864682 55981
3 9927 187 0 1788864682 57026
1 11901 0 0 1788864682 58184
0 10631 0 0 1788864682 61555
3 9945 0 0 1788864682 63060
2 9955 0 0 1788864682 63395
2 9957 0 0 1788864682 63815
3 9963 0 0 1788864682 66855
3 9965 0 0 1788864682 67478
3 9975 340 0 1788864682 69835
1 11926 166 0 1788864682 70258
0 10680 122 0 1788864682 71462
2 9994 263 0 1788864682 72384
3 9987 398 0 1788864682 72392
1 11942 0 0 1788864682 72471
0 10696 101 0 1788864682 73658
3 10007 125 0 1788864682 74939
3 10020 87 0 1788864682 76109
2 10025 99 0 1788864682 78853
1 11972 248 0 1788864682 79791
0 10723 241 0 1788864682 80186
3 10048 306 0 1788864682 81176
2 10037 372 0 1788864682 81330
3 10065 267 0 1788864682 83983
0 10746 181 0 1788864682 84670
3 10067 283 0 1788864682 84854
3 10072 210 0 1788864682 85901
2 10060 199 0 1788864682 86002
3 10079 263 0 1788864682 87488
1 12009 289 0 1788864682 87602
0 10777 89 0 1788864682 88350
1 12022 114 0 1788864682 90499
2 10090 223 0 1788864682 93544
2 10094 258 0 1788864682 94569
0 10816 243 0 1788864682 94927
2 10137 145 0 1788864682 102079
2 10138 152 0 1788864682 102237
2 10161 186 0 1788864682 106111
3 10226 178 0 1788864682 112059
3 10228 167 0 1788864682 112411
3 10240 191 0 1788864682 114550
3 10252 88 0 1788864682 120954
3 10265 83 0 1788864682 122218
3 10272 86 0 1788864682 122911
2 10210 8657 0 1788864682 123111
3 10275 115 0 1788864682 123256
2 10212 273 0 1788864682 125281
1 12055 1031 0 1788864682 126162
0 10842 0 0 1788864682 134402
0 10849 462 0 1788864682 137026
2 10241 1140 0 1788864682 140936
0 10857 0 0 1788864682 143440
2 10245 2661 0 1788864682 147621
1 12081 486 0 1788864682 149862
2 10250 368 0 1788864682 152244
3 10319 937 0 1788864682 152831
0 10877 1345 0 1788864682 158899
1 12103 0 0 1788864682 164011
3 10332 940 0 1788864682 164269
3 10335 1079 0 1788864682 166906
2 10266 460 0 1788864682 167194
3 10337 193 0 1788864682 167435
2 10272 182 0 1788864682 168750
3 10346 457 0 1788864682 169567
2 10279 89 0 1788864682 170465
3 10353 578 0 1788864682 171578
1 12144 69 0 1788864682 173408
0 10912 319 0 1788864682 173631
3 10362 72 0 1788864682 173665
0 10913 141 0 1788864682 173776
2 10292 145 0 1788864682 174075
2 10295 237 0 1788864682 174716
0 10920 437 0 1788864682 175778
0 10931 368 0 1788864682 179099
2 10313 1935 0 1788864682 184925
2 10314 347 0 1788864682 185278
1 12189 523 0 1788864682 196006
0 10958 409 0 1788864682 198465
1 12193 921 0 1788864682 198961
3 10408 615 0 1788864682 205129
1 12210 0 0 1788864682 210867
0 10979 1169 0 1788864682 220023
0 10985 644 0 1788864682 225971
0 10989 1658 0 1788864682 230852
0 10994 450 0 1788864682 235438
3 10448 892 0 1788864682 246938
1 12246 1021 0 1788864682 247420
0 11017 1193 0 1788864682 253124
1 12263 0 0 1788864682 268686
1 12264 0 0 1788864682 268965
2 10383 2442 0 1788864682 271468
1 12278 0 0 1788864682 276467
1 12304 0 0 1788864682 282331
1 12310 0 0 1788864682 283748
1 12325 0 0 1788864682 287699
1 12328 0 0 1788864682 288249
1 12343 346 0 1788864682 292646
3 10481 357 0 1788864682 292708
1 12356 0 0 1788864682 295468
3 10489 280 0 1788864682 297345
2 10400 505 0 1788864682 297546
1 12375 0 0 1788864682 298441
1 12378 0 0 1788864682 298906
3 10493 266 0 1788864682 298936
0 11047 485 0 1788864682 299424
1 12399 139 0 1788864682 302138
2 10410 449 0 1788864682 302970
1 12407 107 0 1788864682 303395
0 11066 612 0 1788864682 307243
1 12433 521 0 1788864682 307254
1 12441 108 0 1788864682 312056
1 12463 284 0 1788864682 317849
3 10532 732 0 1788864682 318200
2 10443 103 0 1788864682 318548
1 12506 164 0 1788864682 327734
2 10477 174 0 1788864682 329132
1 12518 155 0 1788864682 330715
2 10496 262 0 1788864682 333339
0 11134 289 0 1788864682 338920
1 12567 264 0 1788864682 342502
2 10529 250 0 1788864682 343421
1 12576 201 0 1788864682 344758
2 10542 292 0 1788864682 347118
3 10587 899 0 1788864682 349314
2 10554 405 0 1788864682 351409
2 10561 97 0 1788864682 353546
0 11173 206 0 1788864682 375078
3 10600 535 0 1788864682 375386
1 12621 465 0 1788864682 376564
0 11184 113 0 1788864682 377852
3 10624 320 0 1788864682 390519
3 10625 0 0 1788864682 390846
3 10654 0 0 1788864682 397794
3 10683 0 0 1788864682 407944
3 10711 0 0 1788864682 415338
3 10715 0 0 1788864682 416018
2 10590 373 0 1788864682 422717
1 12673 526 0 1788864682 427191
0 11229 829 0 1788864682 431359
1 12684 404 0 1788864682 431368
2 10606 255 0 1788864682 434359
2 10616 515 0 1788864682 438490
3 10763 168 0 1788864682 440171
0 11250 927 0 1788864682 444296
0 11251 1263 0 1788864682 445573
0 11255 266 0 1788864682 449259
1 12741 1750 0 1788864682 471087
1 12752 0 0 1788864682 488635
3 10813 0 0 1788864682 492673
3 10828 0 0 1788864682 511124
0 11293 291 0 1788864682 519741
1 12782 193 0 1788864682 520783
0 11300 1394 0 1788864682 524233
3 10843 340 0 1788864682 525186
1 12795 390 0 1788864682 526295
1 12800 1141 0 1788864682 529684
3 10864 647 0 1788864682 545952
1 12819 445 0 1788864682 549259
3 10874 528 0 1788864682 551075
1 12823 826 0 1788864682 552262
1 12825 566 0 1788864682 553641
1 12829 583 0 1788864682 555929
0 11360 805 0 1788864682 558487
2 10665 4483 0 1788864682 569259
1 12857 0 0 1788864682 569682
0 11377 398 0 1788864682 572645
2 10673 166 0 1788864682 574115
1 12867 524 0 1788864682 580469
3 10908 1476 0 1788864682 580917
0 11423 116 0 1788864682 582938
1 12874 762 0 1788864682 587340
1 12875 0 0 1788864682 587436
1 12881 242 0 1788864682 590742
0 11471 190 0 1788864682 591523
2 10748 192 0 1788864682 591849
2 10769 129 0 1788864682 596098
0 11505 139 0 1788864682 597468
0 11526 184 0 1788864682 601191
2 10801 161 0 1788864682 602369
2 10803 243 0 1788864682 602779
3 10961 170 0 1788864682 604819
0 11554 224 0 1788864682 606415
2 10822 179 0 1788864682 606648
2 10823 153 0 1788864682 606847
1 12911 0 0 1788864682 609570
0 11574 134 0 1788864682 610219
3 10985 144 0 1788864682 610250
1 12913 746 0 1788864682 610588
2 10850 197 0 1788864682 611908
2 10857 122 0 1788864682 612912
3 11006 168 0 1788864682 614319
3 11021 299 0 1788864682 617701
3 11027 166 0 1788864682 618899
2 10888 154 0 1788864682 619057
0 11628 137 0 1788864682 619370
0 11629 166 0 1788864682 619544
0 11635 151 0 1788864682 620657
3 11037 227 0 1788864682 621155
2 10904 152 0 1788864682 621908
3 11052 242 0 1788864682 624916
3 11056 247 0 1788864682 626325
0 11675 123 0 1788864682 629977
2 10952 129 0 1788864682 634321
2 10954 134 0 1788864682 634606
1 12960 0 0 1788864682 635420
3 11094 205 0 1788864682 637422
2 10984 168 0 1788864682 639634
3 11120 141 0 1788864682 644097
2 11006 138 0 1788864682 644355
2 11019 106 0 1788864682 646250
3 11136 291 0 1788864682 647321
0 11713 145 0 1788864682 647850
0 11727 317 0 1788864682 652023
3 11166 301 0 1788864682 652588
3 11167 132 0 1788864682 652780
3 11168 179 0 1788864682 652963
2 11061 149 0 1788864682 653344
0 11734 175 0 1788864682 653733
2 11067 122 0 1788864682 654280
3 11177 105 0 1788864682 654413
2 11073 196 0 1788864682 655243
3 11189 93 0 1788864682 656658
3 11190 116 0 1788864682 656779
3 11195 182 0 1788864682 657738
3 11201 116 0 1788864682 658617
0 11758 75 0 1788864682 659315
3 11221 174 0 1788864682 661604
2 11098 863 0 1788864682 662109
3 11243 140 0 1788864682 665784
0 11775 220 0 1788864682 668766
2 11120 306 0 1788864682 671762
3 11274 236 0 1788864682 673694
3 11275 279 0 1788864682 673978
0 11795 256 0 1788864682 674458
3 11287 188 0 1788864682 677148
3 11307 379 0 1788864682 681830
2 11152 336 0 1788864682 682640
0 11814 326 0 1788864682 683399
3 11314 285 0 1788864682 683717
2 11171 329 0 1788864682 690833
0 11849 252 0 1788864682 693066
3 11359 225 0 1788864682 694898
0 11859 283 0 1788864682 697454
0 11860 200 0 1788864682 697664
3 11381 208 0 1788864682 699272
0 11867 249 0 1788864682 699872
0 11875 130 0 1788864682 701168
0 11878 133 0 1788864682 701822
0 11882 220 0 1788864682 702755
0 11893 332 0 1788864682 705319
2 11214 362 0 1788864682 706704
0 11904 240 0 1788864682 707343
2 11217 312 0 1788864682 707787
2 11220 295 0 1788864682 708808
3 11440 167 0 1788864682 709891
0 11923 291 0 1788864682 711521
2 11230 313 0 1788864682 712516
1 13039 1318 0 1788864682 715012
2 11237 300 0 1788864682 715773
3 11477 148 0 1788864682 716380
0 11934 238 0 1788864682 716493
2 11240 400 0 1788864682 716753
3 11481 102 0 1788864682 717086
2 11241 360 0 1788864682 717117
3 11518 158 0 1788864682 724270
2 11273 421 0 1788864682 727161
2 11274 262 0 1788864682 727451
2 11275 686 0 1788864682 728166
3 11550 97 0 1788864682 730043
3 11568 201 0 1788864682 732768
1 13052 317 0 1788864682 734673
3 11601 124 0 1788864682 737756
3 11606 161 0 1788864682 738520
2 11301 574 0 1788864682 738816
2 11304 259 0 1788864682 739717
3 11617 92 0 1788864682 740001
1 13060 962 0 1788864682 741220
1 13064 1047 0 1788864682 744702
3 11646 159 0 1788864682 745646
3 11665 183 0 1788864682 749131
1 13073 683 0 1788864682 752054
2 11339 319 0 1788864682 752276
1 13075 840 0 1788864682 753734
2 11345 652 0 1788864682 755588
1 13080 914 0 1788864682 757117
2 11351 138 0 1788864682 757283
3 11709 95 0 1788864682 757768
3 11711 327 0 1788864682 758344
3 11713 163 0 1788864682 758685
0 12017 872 0 1788864682 758829
3 11717 278 0 1788864682 759818
2 11365 99 0 1788864682 761766
3 11732 144 0 1788864682 762836
3 11735 277 0 1788864682 763575
0 12026 867 0 1788864682 764473
2 11408 297 0 1788864682 774827
3 11750 483 0 1788864682 775966
3 11751 556 0 1788864682 776527
0 12052 1561 0 1788864682 780586
1 13108 755 0 1788864682 783247
0 12063 536 0 1788864682 787142
0 12076 200 0 1788864682 789693
1 13129 354 0 1788864682 793067
0 12111 193 0 1788864682 795811
3 11774 135 0 1788864682 796056
3 11778 215 0 1788864682 796815
0 12123 97 0 1788864682 797314
3 11785 106 0 1788864682 797898
1 13171 119 0 1788864682 801903
1 13172 103 0 1788864682 802030
1 13190 230 0 1788864682 804498
1 13193 238 0 1788864682 805221
0 12159 321 0 1788864682 807520
3 11817 283 0 1788864682 808346
3 11820 443 0 1788864682 809447
1 13243 713 0 1788864682 823464
0 12217 93 0 1788864682 824838
0 12225 0 0 1788864682 826923
0 12230 321 0 1788864682 828942
3 11902 1130 0 1788864682 830569
3 11904 206 0 1788864682 831350
3 11906 323 0 1788864682 831914
0 12241 216 0 1788864682 832640
0 12255 237 0 1788864682 838085
3 11923 444 0 1788864682 839542
2 11414 1160 0 1788864682 843834
2 11415 852 0 1788864682 844691
3 11936 258 0 1788864682 844988
2 11416 450 0 1788864682 845146
3 11938 276 0 1788864682 845522
0 12287 334 0 1788864682 856566
1 13328 360 0 1788864682 878132
1 13340 415 0 1788864682 882475
3 11996 373 0 1788864682 882759
1 13345 352 0 1788864682 884375
2 11471 259 0 1788864682 884738
3 12003 246 0 1788864682 885076
2 11480 266 0 1788864682 887307
0 12349 257 0 1788864682 888203
3 12019 201 0 1788864682 889708
3 12027 198 0 1788864682 891402
0 12372 201 0 1788864682 893474
2 11524 201 0 1788864682 897163
2 11529 201 0 1788864682 898264
2 11532 204 0 1788864682 898891
3 12070 260 0 1788864682 900364
2 11546 204 0 1788864682 903530
3 12075 2241 0 1788864682 903901
3 12078 175 0 1788864682 904295
3 12082 252 0 1788864682 905348
1 13357 436 0 1788864682 907528
0 12433 331 0 1788864682 908356
2 11562 259 0 1788864682 909316
1 13364 321 0 1788864682 910671
3 12098 576 0 1788864682 911667
1 13374 335 0 1788864682 914836
1 13396 1972 0 1788864682 929892
2 11590 2166 0 1788864682 930315
2 11596 221 0 1788864682 933264
0 12487 414 0 1788864682 935172
3 12143 356 0 1788864682 936978
1 13415 434 0 1788864682 938143
2 11611 274 0 1788864682 938325
3 12147 266 0 1788864682 938507
1 13427 335 0 1788864682 942329
3 12159 338 0 1788864682 942757
1 13431 202 0 1788864682 943536
3 12163 267 0 1788864682 944045
2 11630 355 0 1788864682 944488
2 11632 370 0 1788864682 945244
0 12522 171 0 1788864682 946974
0 12527 417 0 1788864682 948528
0 12532 208 0 1788864682 949656
0 12540 287 0 1788864682 951723
2 11659 192 0 1788864682 952987
1 13470 349 0 1788864682 954236
3 12224 87 0 1788864682 956539
3 12256 665 0 1788864682 976591
1 13504 264 0 1788864682 980370
0 12605 398 0 1788864682 982666
0 12607 449 0 1788864682 983575
0 12610 345 0 1788864682 984679
1 13524 339 0 1788864682 989399
2 11727 949 0 1788864682 990029
0 12627 864 0 1788864682 994390
0 12630 0 0 1788864682 995914
1 13541 703 0 1788864682 997198
1 13542 0 0 1788864682 997741
2 11738 680 0 1788864682 999078
3 12308 659 0 1788864682 999493
0 12638 976 0 1788864683 1857
2 11755 84 0 1788864683 13939
1 13559 511 0 1788864683 16037
3 12322 504 0 1788864683 16049
1 13565 249 0 1788864683 19095
1 13581 636 0 1788864683 30320
3 12341 497 0 1788864683 31227
0 12670 1097 0 1788864683 32038
1 13587 1920 0 1788864683 36254
2 11791 0 0 1788864683 38971
0 12680 7130 0 1788864683 48198
3 12357 637 0 1788864683 48214
2 11809 1145 0 1788864683 56255
0 12685 776 0 1788864683 56544
1 13615 495 0 1788864683 60904
2 11830 2570 0 1788864683 71319
0 12731 1291 0 1788864683 82705
1 13642 1326 0 1788864683 82713
3 12398 446 0 1788864683 83205
0 12733 132 0 1788864683 83341
2 11848 710 0 1788864683 84472
1 13647 1208 0 1788864683 86158
1 13650 703 0 1788864683 89064
3 12417 90 0 1788864683 89463
3 12427 95 0 1788864683 90641
0 12749 279 0 1788864683 92681
2 11869 297 0 1788864683 93706
2 11876 229 0 1788864683 95264
1 13672 342 0 1788864683 96880
0 12779 74 0 1788864683 98025
1 13679 170 0 1788864683 98246
2 11888 168 0 1788864683 98303
3 12464 234 0 1788864683 99124
3 12468 133 0 1788864683 99799
1 13690 138 0 1788864683 100076
2 11900 323 0 1788864683 100516
1 13693 311 0 1788864683 100832
0 12811 381 0 1788864683 102831
3 12478 391 0 1788864683 102932
1 13702 394 0 1788864683 104151
0 12820 89 0 1788864683 105458
2 11931 89 0 1788864683 110410
3 12515 98 0 1788864683 115536
2 11969 83 0 1788864683 116542
3 12540 1144 0 1788864683 128717
2 11993 535 0 1788864683 130974
0 12866 214 0 1788864683 134262
0 12867 927 0 1788864683 135198
1 13755 500 0 1788864683 135732
3 12549 0 0 1788864683 137956
0 12877 0 0 1788864683 140989
0 12885 1163 0 1788864683 148955
2 12011 2441 0 1788864683 148970
1 13778 317 0 1788864683 155494
3 12579 96 0 1788864683 158515
0 12901 522 0 1788864683 160540
2 12040 373 0 1788864683 161147
3 12588 0 0 1788864683 162009
1 13815 0 0 1788864683 171625
1 13816 785 0 1788864683 172685
2 12060 0 0 1788864683 173808
0 12932 172 0 1788864683 176210
2 12067 331 0 1788864683 177255
3 12624 391 0 1788864683 179342
2 12073 300 0 1788864683 179424
2 12074 390 0 1788864683 179819
2 12080 421 0 1788864683 181871
0 12956 122 0 1788864683 186163
0 12960 252 0 1788864683 189634
0 12961 161 0 1788864683 189809
2 12097 288 0 1788864683 190835
3 12658 360 0 1788864683 194196
3 12662 298 0 1788864683 195748
2 12115 212 0 1788864683 196291
1 13867 339 0 1788864683 198044
3 12673 515 0 1788864683 200138
0 13013 372 0 1788864683 205476
3 12695 393 0 1788864683 207854
0 13026 395 0 1788864683 210197
0 13037 154 0 1788864683 213004
2 12185 115 0 1788864683 214490
0 13041 1103 0 1788864683 215009
2 12195 117 0 1788864683 215661
2 12212 93 0 1788864683 217430
2 12221 92 0 1788864683 218397
0 13047 254 0 1788864683 219847
0 13052 222 0 1788864683 220996
2 12243 117 0 1788864683 221140
0 13064 230 0 1788864683 223775
3 12738 329 0 1788864683 223985
0 13067 218 0 1788864683 224319
2 12268 175 0 1788864683 227255
1 13987 278 0 1788864683 229070
2 12288 191 0 1788864683 231707
1 14001 944 0 1788864683 234793
0 13140 252 0 1788864683 241769
2 12331 94 0 1788864683 242376
3 12797 206 0 1788864683 242831
2 12342 0 0 1788864683 245463
2 12343 535 0 1788864683 246002
0 13160 343 0 1788864683 247633
3 12804 2271 0 1788864683 248044
3 12810 351 0 1788864683 252589
3 12819 756 0 1788864683 259776
0 13208 0 0 1788864683 264449
0 13230 218 0 1788864683 272488
0 13231 455 0 1788864683 272957
0 13236 343 0 1788864683 274362
1 14060 377 0 1788864683 275354
1 14065 362 0 1788864683 277682
3 12846 1335 0 1788864683 278030
0 13250 274 0 1788864683 278794
2 12427 363 0 1788864683 281332
0 13260 500 0 1788864683 282516
2 12429 723 0 1788864683 282777
1 14084 247 0 1788864683 284626
2 12441 0 0 1788864683 288952
3 12874 189 0 1788864683 290657
3 12890 215 0 1788864683 293846
2 12453 417 0 1788864683 294000
1 14119 208 0 1788864683 294768
1 14123 208 0 1788864683 295753
1 14126 597 0 1788864683 296958
2 12459 435 0 1788864683 296966
1 14134 259 0 1788864683 299704
2 12472 207 0 1788864683 302639
2 12477 315 0 1788864683 304606
0 13307 385 0 1788864683 304950
0 13315 276 0 1788864683 308149
3 12946 244 0 1788864683 308236
1 14164 223 0 1788864683 310324
1 14168 265 0 1788864683 311807
2 12497 435 0 1788864683 312724
2 12498 399 0 1788864683 313146
0 13330 319 0 1788864683 314447
0 13331 411 0 1788864683 314869
0 13332 80 0 1788864683 314966
2 12504 231 0 1788864683 315556
1 14189 0 0 1788864683 318667
0 13347 422 0 1788864683 322415
1 14198 741 0 1788864683 326903
3 12982 614 0 1788864683 334934
0 13374 297 0 1788864683 339089
0 13376 362 0 1788864683 340032
1 14239 259 0 1788864683 343769
1 14243 555 0 1788864683 346023
3 13002 370 0 1788864683 346887
2 12583 362 0 1788864683 347618
2 12585 363 0 1788864683 348290
0 13402 358 0 1788864683 349380
1 14250 346 0 1788864683 349388
0 13406 566 0 1788864683 350902
2 12599 0 0 1788864683 352558
0 13412 361 0 1788864683 353397
0 13413 316 0 1788864683 353725
3 13019 581 0 1788864683 357197
3 13021 812 0 1788864683 358961
1 14278 231 0 1788864683 359766
2 12627 0 0 1788864683 361600
2 12638 625 0 1788864683 366155
0 13442 0 0 1788864683 366559
0 13452 655 0 1788864683 372308
0 13465 477 0 1788864683 379204
0 13475 474 0 1788864683 384216
0 13476 550 0 1788864683 384775
3 13060 1179 0 1788864683 387276
0 13487 408 0 1788864683 391056
3 13072 1585 0 1788864683 396063
1 14347 624 0 1788864683 404333
3 13085 702 0 1788864683 406100
0 13520 460 0 1788864683 408067
0 13521 582 0 1788864683 408658
1 14364 320 0 1788864683 410915
0 13537 383 0 1788864683 415377
1 14378 2384 0 1788864683 418655
2 12748 224 0 1788864683 427011
1 14399 573 0 1788864683 435163
1 14403 762 0 1788864683 437231
1 14410 704 0 1788864683 441892
3 13163 121 0 1788864683 448000
1 14434 147 0 1788864683 451711
1 14442 335 0 1788864683 454858
0 13636 1123 0 1788864683 461468
0 13679 677 0 1788864683 478775
2 12823 740 0 1788864683 482426
0 13690 92 0 1788864683 482888
2 12826 311 0 1788864683 484417
1 14507 441 0 1788864683 486775
1 14515 388 0 1788864683 488922
3 13261 165 0 1788864683 492212
1 14527 513 0 1788864683 492810
0 13726 302 0 1788864683 493925
0 13741 227 0 1788864683 498217
2 12869 240 0 1788864683 501547
2 12885 444 0 1788864683 505990
2 12891 993 0 1788864683 508413
1 14577 578 0 1788864683 508803
3 13311 347 0 1788864683 510465
1 14586 394 0 1788864683 513283
3 13324 229 0 1788864683 514454
0 13791 570 0 1788864683 516415
0 13794 363 0 1788864683 517276
0 13795 226 0 1788864683 517510
0 13799 526 0 1788864683 518993
3 13340 417 0 1788864683 520168
0 13804 264 0 1788864683 521048
2 12939 997 0 1788864683 527603
1 14614 1000 0 1788864683 530831
0 13831 212 0 1788864683 530882
0 13832 0 0 1788864683 531107
3 13368 266 0 1788864683 531377
2 12965 364 0 1788864683 537690
1 14635 520 0 1788864683 542635
0 13869 187 0 1788864683 544962
0 13873 206 0 1788864683 545996
2 12989 239 0 1788864683 547000
3 13410 208 0 1788864683 549751
1 14658 331 0 1788864683 552009
2 12998 973 0 1788864683 552672
3 13422 302 0 1788864683 554310
1 14673 210 0 1788864683 557359
1 14676 736 0 1788864683 558675
1 14682 295 0 1788864683 560641
3 13445 276 0 1788864683 560653
0 13921 178 0 1788864683 562564
1 14692 288 0 1788864683 564247
2 13015 632 0 1788864683 564400
2 13017 662 0 1788864683 565992
1 14698 209 0 1788864683 568232
1 14699 868 0 1788864683 569104
3 13463 930 0 1788864683 569116
0 13936 662 0 1788864683 571366
1 14708 606 0 1788864683 574806
2 13028 597 0 1788864683 574815
1 14713 650 0 1788864683 578041
1 14718 582 0 1788864683 581156
2 13039 174 0 1788864683 581648
3 13491 477 0 1788864683 586608
0 13991 270 0 1788864683 594789
3 13514 401 0 1788864683 596170
3 13517 318 0 1788864683 597494
3 13521 356 0 1788864683 599039
3 13525 509 0 1788864683 601012
1 14770 400 0 1788864683 601882
0 14013 588 0 1788864683 602478
0 14017 717 0 1788864683 604682
1 14776 4195 0 1788864683 609736
3 13566 858 0 1788864683 623601
0 14035 421 0 1788864683 624536
3 13569 831 0 1788864683 627168
0 14050 623 0 1788864683 634203
3 13576 999 0 1788864683 634216
2 13143 299 0 1788864683 636647
0 14063 172 0 1788864683 637664
2 13145 332 0 1788864683 637675
3 13580 973 0 1788864683 638026
3 13589 512 0 1788864683 644305
0 14083 437 0 1788864683 644572
0 14086 548 0 1788864683 646406
0 14091 659 0 1788864683 648836
2 13177 113 0 1788864683 649808
2 13190 262 0 1788864683 653224
2 13192 254 0 1788864683 654286
3 13606 336 0 1788864683 654868
0 14109 483 0 1788864683 656258
2 13199 336 0 1788864683 657729
1 14852 293 0 1788864683 658851
0 14116 705 0 1788864683 660014
0 14117 839 0 1788864683 660869
3 13613 797 0 1788864683 660885
2 13210 0 0 1788864683 663046
0 14128 223 0 1788864683 666336
1 14867 93 0 1788864683 666819
3 13622 659 0 1788864683 668197
1 14878 246 0 1788864683 669676
1 14889 530 0 1788864683 673153
1 14900 254 0 1788864683 678117
1 14911 248 0 1788864683 682972
1 14923 242 0 1788864683 687195
1 14928 343 0 1788864683 688251
0 14191 326 0 1788864683 690638
1 14949 154 0 1788864683 695625
0 14211 254 0 1788864683 697271
3 13656 680 0 1788864683 697472
0 14223 385 0 1788864683 701166
1 14979 117 0 1788864683 701306
1 15006 177 0 1788864683 706700
1 15009 222 0 1788864683 707342
2 13322 192 0 1788864683 707794
2 13325 196 0 1788864683 708477
3 13682 341 0 1788864683 710328
3 13688 369 0 1788864683 712932
0 14275 188 0 1788864683 714027
3 13691 425 0 1788864683 714243
1 15051 255 0 1788864683 717153
0 14289 183 0 1788864683 717240
1 15053 267 0 1788864683 717681
0 14297 330 0 1788864683 719166
1 15062 255 0 1788864683 719878
2 13355 327 0 1788864683 720971
0 14307 212 0 1788864683 721458
0 14311 190 0 1788864683 722176
3 13712 397 0 1788864683 723251
2 13360 1613 0 1788864683 725085
2 13361 186 0 1788864683 725303
0 14330 149 0 1788864683 726092
2 13367 114 0 1788864683 726594
3 13727 109 0 1788864683 726601
1 15097 289 0 1788864683 729844
2 13379 224 0 1788864683 729850
2 13381 210 0 1788864683 730339
3 13741 368 0 1788864683 730795
2 13384 136 0 1788864683 733342
2 13385 202 0 1788864683 733574
3 13748 460 0 1788864683 734380
1 15116 413 0 1788864683 735467
3 13766 193 0 1788864683 739565
2 13406 268 0 1788864683 739622
1 15132 238 0 1788864683 739862
2 13410 196 0 1788864683 740526
2 13411 235 0 1788864683 740819
3 13775 285 0 1788864683 741513
1 15148 246 0 1788864683 743987
0 14406 181 0 1788864683 744484
0 14410 198 0 1788864683 745281
0 14416 174 0 1788864683 746287
3 13808 101 0 1788864683 748867
3 13816 79 0 1788864683 750764
3 13887 123 0 1788864683 763035
3 13888 1972 0 1788864683 765013
1 15211 139 0 1788864683 768712
0 14472 168 0 1788864683 769033
1 15219 158 0 1788864683 770520
3 13903 140 0 1788864683 771229
0 14490 125 0 1788864683 772002
1 15228 128 0 1788864683 772030
2 13461 861 0 1788864683 772331
0 14501 133 0 1788864683 773797
3 13922 163 0 1788864683 775885
3 13928 302 0 1788864683 777317
0 14505 1420 0 1788864683 780992
2 13473 773 0 1788864683 782032
3 13972 285 0 1788864683 789359
0 14515 812 0 1788864683 789871
3 13981 123 0 1788864683 791543
0 14517 1121 0 1788864683 791836
0 14527 121 0 1788864683 796662
2 13528 186 0 1788864683 796992
2 13532 1273 0 1788864683 799116
2 13540 289 0 1788864683 802328
2 13553 416 0 1788864683 806681
2 13561 419 0 1788864683 809367
0 14602 162 0 1788864683 809397
0 14605 173 0 1788864683 809865
1 15334 218 0 1788864683 809938
3 14039 359 0 1788864683 810102
2 13572 413 0 1788864683 813241
3 14048 686 0 1788864683 813755
1 15345 332 0 1788864683 814118
0 14619 400 0 1788864683 815172
0 14622 289 0 1788864683 816595
3 14059 275 0 1788864683 818661
1 15357 285 0 1788864683 818708
3 14060 356 0 1788864683 819043
0 14632 357 0 1788864683 820175
3 14065 526 0 1788864683 821244
1 15369 266 0 1788864683 822982
0 14642 347 0 1788864683 823627
0 14661 140 0 1788864683 829599
1 15402 237 0 1788864683 829712
0 14670 118 0 1788864683 830861
2 13616 256 0 1788864683 834538
1 15439 213 0 1788864683 835550
1 15443 91 0 1788864683 836227
1 15445 295 0 1788864683 836680
2 13633 338 0 1788864683 843865
1 15462 512 0 1788864683 846984
3 14114 594 0 1788864683 849049
1 15476 236 0 1788864683 854058
1 15496 349 0 1788864683 865407
1 15513 342 0 1788864683 878877
1 15519 357 0 1788864683 886519
1 15528 282 0 1788864683 889654
1 15618 123 0 1788864683 916325
1 15625 80 0 1788864683 916918
1 15629 2334 0 1788864683 919530
3 14163 1332 0 1788864683 919860
1 15643 293 0 1788864683 932021
0 14818 222 0 1788864683 932140
3 14175 610 0 1788864683 932248
0 14825 180 0 1788864683 933347
3 14178 497 0 1788864683 936231
1 15681 105 0 1788864683 940587
1 15705 87 0 1788864683 942750
3 14184 1487 0 1788864683 944895
3 14187 993 0 1788864683 948560
1 15768 79 0 1788864683 949176
1 15770 88 0 1788864683 949349
2 13718 2046 0 1788864683 956697
1 15792 2922 0 1788864683 958005
2 13725 98 0 1788864683 963939
2 13731 78 0 1788864683 964549
3 14201 139 0 1788864683 964666
2 13745 105 0 1788864683 966057
2 13747 92 0 1788864683 966265
3 14224 87 0 1788864683 967121
1 15805 275 0 1788864683 967689
1 15807 435 0 1788864683 968408
2 13757 383 0 1788864683 968991
2 13763 400 0 1788864683 971255
3 14246 84 0 1788864683 975953
1 15824 821 0 1788864683 976276
2 13778 421 0 1788864683 978565
0 14890 265 0 1788864683 980958
1 15836 263 0 1788864683 981428
1 15837 277 0 1788864683 981711
1 15839 284 0 1788864683 982251
1 15842 264 0 1788864683 983077
2 13797 287 0 1788864683 984403
0 14905 271 0 1788864683 985199
2 13801 295 0 1788864683 985593
0 14911 285 0 1788864683 986956
0 14912 298 0 1788864683 987260
1 15872 968 0 1788864683 993249
0 14933 477 0 1788864683 995624
3 14274 1084 0 1788864683 997747
2 13833 211 0 1788864684 68
2 13835 89 0 1788864684 560
0 14940 440 0 1788864684 792
2 13840 81 0 1788864684 1043
1 15883 444 0 1788864684 1128
3 14281 981 0 1788864684 1842
2 13849 75 0 1788864684 1865
0 14944 652 0 1788864684 3790
1 15888 465 0 1788864684 4006
2 13873 81 0 1788864684 4380
1 15892 315 0 1788864684 5705
3 14295 239 0 1788864684 7555
0 14960 165 0 1788864684 7697
2 13912 457 0 1788864684 15734
2 13919 730 0 1788864684 19574
3 14329 337 0 1788864684 23555
3 14332 803 0 1788864684 25903
0 15005 111 0 1788864684 26177
0 15019 285 0 1788864684 30803
2 13945 893 0 1788864684 34863
0 15039 550 0 1788864684 44638
3 14365 550 0 1788864684 47972
3 14366 770 0 1788864684 48746
2 13969 390 0 1788864684 52509
3 14375 551 0 1788864684 53904
2 13976 600 0 1788864684 56553
2 13993 288 0 1788864684 65997
2 13997 273 0 1788864684 67198
0 15084 532 0 1788864684 69174
3 14409 265 0 1788864684 70011
1 16025 415 0 1788864684 71385
2 14028 352 0 1788864684 84697
0 15117 330 0 1788864684 88257
1 16058 331 0 1788864684 89711
1 16063 367 0 1788864684 91550
3 14445 382 0 1788864684 91652
2 14047 574 0 1788864684 91937
3 14446 380 0 1788864684 92036
0 15129 562 0 1788864684 92312
1 16068 169 0 1788864684 93284
2 14056 439 0 1788864684 100705
0 15141 442 0 1788864684 102280
3 14460 390 0 1788864684 103602
2 14068 371 0 1788864684 105087
0 15152 357 0 1788864684 106364
0 15154 357 0 1788864684 107128
1 16092 268 0 1788864684 108032
3 14476 364 0 1788864684 109459
3 14478 370 0 1788864684 110211
0 15166 359 0 1788864684 111608
3 14483 290 0 1788864684 112004
1 16105 369 0 1788864684 112842
2 14089 366 0 1788864684 113310
1 16118 566 0 1788864684 117793
2 14104 358 0 1788864684 118573
0 15188 364 0 1788864684 119754
0 15194 367 0 1788864684 121949
0 15196 377 0 1788864684 122684
0 15199 356 0 1788864684 123900
0 15205 445 0 1788864684 125935
2 14125 466 0 1788864684 126214
2 14130 370 0 1788864684 128138
3 14528 359 0 1788864684 130097
3 14530 364 0 1788864684 130842
3 14532 358 0 1788864684 131559
2 14148 446 0 1788864684 135034
0 15231 355 0 1788864684 136299
1 16181 274 0 1788864684 142402
0 15252 0 0 1788864684 146285
0 15257 5183 0 1788864684 152761
0 15260 135 0 1788864684 155682
1 16203 216 0 1788864684 159285
3 14587 348 0 1788864684 161890
3 14595 318 0 1788864684 164779
0 15284 377 0 1788864684 165367
3 14605 378 0 1788864684 169016
1 16234 610 0 1788864684 172344
2 14222 404 0 1788864684 173085
0 15308 366 0 1788864684 175984
0 15313 372 0 1788864684 177819
0 15320 339 0 1788864684 180366
2 14267 367 0 1788864684 189694
1 16280 378 0 1788864684 189796
1 16282 348 0 1788864684 190520
1 16289 529 0 1788864684 193526
0 15358 371 0 1788864684 194639
2 14283 381 0 1788864684 195644
1 16299 361 0 1788864684 197367
0 15370 1003 0 1788864684 200382
1 16311 362 0 1788864684 203033
2 14302 368 0 1788864684 203942
0 15382 346 0 1788864684 204734
3 14698 457 0 1788864684 206105
0 15389 340 0 1788864684 207209
2 14314 361 0 1788864684 208482
3 14712 367 0 1788864684 211136
3 14720 1893 0 1788864684 217605
1 16351 341 0 1788864684 221608
1 16354 229 0 1788864684 222261
3 14754 227 0 1788864684 227061
3 14766 286 0 1788864684 230270
3 14768 266 0 1788864684 230771
2 14397 197 0 1788864684 235428
3 14794 199 0 1788864684 236511
3 14805 272 0 1788864684 239162
0 15409 535 0 1788864684 243301
1 16433 223 0 1788864684 245969
0 15440 109 0 1788864684 248310
0 15450 100 0 1788864684 249509
0 15462 79 0 1788864684 250549
0 15479 148 0 1788864684 252300
0 15482 87 0 1788864684 252915
0 15496 244 0 1788864684 255837
2 14445 212 0 1788864684 257426
1 16478 152 0 1788864684 260571
1 16481 267 0 1788864684 261269
2 14467 1523 0 1788864684 266779
0 15537 588 0 1788864684 267099
1 16487 385 0 1788864684 268065
1 16493 653 0 1788864684 270477
2 14489 307 0 1788864684 275861
2 14493 252 0 1788864684 279357
3 14890 181 0 1788864684 281969
3 14916 84 0 1788864684 285138
0 15582 321 0 1788864684 286646
3 14934 89 0 1788864684 287087
3 14954 602 0 1788864684 292870
2 14526 281 0 1788864684 294326
1 16540 214 0 1788864684 294354
0 15597 1761 0 1788864684 295672
3 14962 662 0 1788864684 296537
2 14533 106 0 1788864684 297524
1 16547 489 0 1788864684 297923
0 15604 383 0 1788864684 298020
2 14561 81 0 1788864684 300040
2 14582 83 0 1788864684 301914
1 16563 477 0 1788864684 303667
2 14609 78 0 1788864684 304486
0 15625 349 0 1788864684 307054
2 14613 1793 0 1788864684 308120
3 15001 193 0 1788864684 310395
1 16584 218 0 1788864684 313950
0 15640 172 0 1788864684 314213
1 16593 154 0 1788864684 316503
3 15006 1473 0 1788864684 316788
1 16603 215 0 1788864684 318959
1 16605 131 0 1788864684 319161
3 15010 146 0 1788864684 321705
2 14644 1552 0 1788864684 326701
0 15714 154 0 1788864684 332953
0 15720 187 0 1788864684 333924
0 15727 108 0 1788864684 337292
3 15030 407 0 1788864684 337391
0 15735 76 0 1788864684 338289
3 15037 1697 0 1788864684 343795
1 16691 346 0 1788864684 344148
3 15045 199 0 1788864684 348404
1 16716 201 0 1788864684 350533
1 16721 170 0 1788864684 351512
3 15067 764 0 1788864684 355204
1 16747 176 0 1788864684 364530
0 15819 191 0 1788864684 366085
0 15820 183 0 1788864684 366275
2 14702 134 0 1788864684 367994
0 15828 137 0 1788864684 368946
3 15094 193 0 1788864684 375325
1 16789 231 0 1788864684 375562
3 15096 142 0 1788864684 375618
2 14718 132 0 1788864684 375723
2 14723 166 0 1788864684 376677
1 16798 261 0 1788864684 377809
3 15109 103 0 1788864684 377967
0 15864 236 0 1788864684 378208
2 14745 126 0 1788864684 387081
0 15878 221 0 1788864684 387454
1 16815 184 0 1788864684 387556
1 16817 205 0 1788864684 387990
3 15128 411 0 1788864684 388230
2 14757 216 0 1788864684 389694
2 14760 245 0 1788864684 394876
1 16844 75 0 1788864684 400189
1 16856 107 0 1788864684 401313
1 16873 92 0 1788864684 402698
1 16889 83 0 1788864684 404057
1 16921 84 0 1788864684 406897
1 16923 78 0 1788864684 407064
1 16934 92 0 1788864684 409674
1 16941 79 0 1788864684 410251
1 16945 81 0 1788864684 410587
0 15894 138 0 1788864684 411526
0 15900 247 0 1788864684 412936
1 16965 229 0 1788864684 413741
1 16969 227 0 1788864684 414601
1 16973 197 0 1788864684 415521
1 16978 177 0 1788864684 416486
0 15921 180 0 1788864684 417154
0 15925 237 0 1788864684 417943
0 15938 172 0 1788864684 420576
3 15157 3991 0 1788864684 426580
0 15961 336 0 1788864684 427696
0 15980 0 0 1788864684 433423
1 17040 480 0 1788864684 433938
2 14781 137 0 1788864684 436992
3 15167 270 0 1788864684 438148
1 17058 340 0 1788864684 443180
0 16001 144 0 1788864684 443664
2 14818 156 0 1788864684 449028
0 16018 336 0 1788864684 449245
2 14829 186 0 1788864684 451306
0 16027 283 0 1788864684 452417
1 17100 248 0 1788864684 457266
2 14857 324 0 1788864684 458240
3 15249 174 0 1788864684 462010
0 16058 459 0 1788864684 462412
2 14882 213 0 1788864684 464053
3 15256 151 0 1788864684 464176
2 14883 132 0 1788864684 464281
1 17124 431 0 1788864684 465132
2 14887 290 0 1788864684 465141
1 17129 387 0 1788864684 466884
3 15272 132 0 1788864684 467075
2 14900 375 0 1788864684 467576
2 14904 762 0 1788864684 468847
3 15279 1089 0 1788864684 470848
3 15285 206 0 1788864684 472334
0 16089 227 0 1788864684 473372
2 14919 147 0 1788864684 473860
2 14934 153 0 1788864684 476226
2 14952 168 0 1788864684 480148
1 17168 278 0 1788864684 480453
1 17175 272 0 1788864684 481985
1 17181 216 0 1788864684 483308
3 15328 335 0 1788864684 484813
0 16129 218 0 1788864684 484992
0 16136 385 0 1788864684 486751
3 15336 145 0 1788864684 486943
3 15340 183 0 1788864684 487625
3 15350 115 0 1788864684 489660
0 16146 481 0 1788864684 490466
3 15364 1084 0 1788864684 493347
0 16159 137 0 1788864684 493864
1 17219 140 0 1788864684 493936
0 16161 134 0 1788864684 494145
3 15365 923 0 1788864684 494342
1 17222 204 0 1788864684 494436
3 15371 1033 0 1788864684 497746
1 17244 184 0 1788864684 498903
0 16184 196 0 1788864684 498980
2 15017 400 0 1788864684 503303
0 16220 314 0 1788864684 507740
1 17287 156 0 1788864684 508798
2 15022 2497 0 1788864684 510043
0 16233 323 0 1788864684 510268
0 16245 236 0 1788864684 513573
0 16255 190 0 1788864684 515996
0 16264 176 0 1788864684 517878
2 15065 94 0 1788864684 518066
1 17328 186 0 1788864684 518573
1 17331 573 0 1788864684 519731
3 15439 287 0 1788864684 521677
0 16290 467 0 1788864684 526263
2 15099 121 0 1788864684 527766
3 15468 181 0 1788864684 531034
3 15471 318 0 1788864684 531788
1 17376 432 0 1788864684 534099
0 16325 238 0 1788864684 536229
1 17395 425 0 1788864684 539274
3 15518 424 0 1788864684 545499
0 16359 177 0 1788864684 545779
0 16363 262 0 1788864684 546826
3 15525 303 0 1788864684 547302
0 16365 317 0 1788864684 547400
1 17440 381 0 1788864684 552403
3 15546 256 0 1788864684 553094
3 15550 245 0 1788864684 554127
0 16403 254 0 1788864684 557816
1 17466 341 0 1788864684 559301
0 16410 439 0 1788864684 559658
3 15583 242 0 1788864684 563002
1 17507 252 0 1788864684 570633
3 15617 257 0 1788864684 572579
1 17521 267 0 1788864684 574693
0 16468 210 0 1788864684 575330
3 15635 341 0 1788864684 577745
0 16493 562 0 1788864684 586008
0 16497 364 0 1788864684 587889
1 17569 297 0 1788864684 593119
0 16517 335 0 1788864684 594093
0 16520 322 0 1788864684 595046
0 16521 301 0 1788864684 595352
0 16523 305 0 1788864684 595985
1 17584 381 0 1788864684 597979
0 16530 351 0 1788864684 598244
1 17585 349 0 1788864684 598334
0 16532 375 0 1788864684 598969
2 15157 348 0 1788864684 599231
2 15161 353 0 1788864684 600660
0 16537 273 0 1788864684 600751
3 15695 331 0 1788864684 601526
3 15697 364 0 1788864684 602251
1 17600 388 0 1788864684 603935
2 15182 389 0 1788864684 608085
2 15191 339 0 1788864684 611571
1 17628 336 0 1788864684 614428
0 16578 302 0 1788864684 615967
3 15743 346 0 1788864684 618728
1 17643 340 0 1788864684 619529
3 15748 339 0 1788864684 620500
3 15756 645 0 1788864684 623718
0 16607 352 0 1788864684 626495
2 15233 336 0 1788864684 627190
3 15786 444 0 1788864684 634237
2 15260 346 0 1788864684 636765
2 15266 348 0 1788864684 638871
2 15267 166 0 1788864684 639042
0 16652 302 0 1788864684 642188
1 17708 822 0 1788864684 643095
0 16656 628 0 1788864684 644007
3 15815 367 0 1788864684 645209
3 15819 337 0 1788864684 646562
2 15296 281 0 1788864684 650110
3 15852 196 0 1788864684 660550
2 15332 337 0 1788864684 664461
3 15877 392 0 1788864684 669946
2 15347 382 0 1788864684 670125
0 16726 377 0 1788864684 671385
2 15351 385 0 1788864684 671480
2 15353 352 0 1788864684 672233
3 15885 365 0 1788864684 672796
2 15358 343 0 1788864684 674054
2 15360 283 0 1788864684 674683
3 15891 356 0 1788864684 674947
1 17796 152 0 1788864684 677071
2 15370 319 0 1788864684 678006
3 15901 304 0 1788864684 678159
0 16749 270 0 1788864684 679937
2 15382 339 0 1788864684 682428
1 17817 320 0 1788864684 684497
1 17819 379 0 1788864684 684958
0 16766 367 0 1788864684 685889
2 15403 298 0 1788864684 690132
0 16782 318 0 1788864684 691632
0 16787 207 0 1788864684 692987
3 15951 251 0 1788864684 695140
2 15423 2003 0 1788864684 695711
1 17873 249 0 1788864684 713522
0 16841 262 0 1788864684 719743
3 16013 275 0 1788864684 722620
0 16853 256 0 1788864684 722970
1 17907 307 0 1788864684 723106
2 15437 190 0 1788864684 724183
3 16022 293 0 1788864684 725481
3 16023 309 0 1788864684 725815
1 17917 549 0 1788864684 726488
2 15469 175 0 1788864684 729393
0 16874 317 0 1788864684 729834
2 15472 192 0 1788864684 729843
1 17929 325 0 1788864684 730515
2 15479 187 0 1788864684 731171
2 15492 112 0 1788864684 734803
1 17950 247 0 1788864684 739312
3 16061 290 0 1788864684 740481
0 16906 2249 0 1788864684 745363
1 17966 116 0 1788864684 752553
0 16916 483 0 1788864684 753268
2 15540 145 0 1788864684 754205
2 15545 97 0 1788864684 754822
3 16099 167 0 1788864684 760468
1 18004 364 0 1788864684 763949
1 18012 279 0 1788864684 766176
1 18017 275 0 1788864684 767701
1 18019 391 0 1788864684 768308
0 16972 257 0 1788864684 769790
3 16138 286 0 1788864684 771362
1 18035 243 0 1788864684 773086
0 16986 276 0 1788864684 774313
0 16993 324 0 1788864684 776327
0 17014 210 0 1788864684 781346
3 16177 218 0 1788864684 781493
0 17015 218 0 1788864684 781569
0 17017 363 0 1788864684 782232
3 16187 250 0 1788864684 784398
3 16188 256 0 1788864684 784660
0 17028 353 0 1788864684 785271
3 16191 314 0 1788864684 785526
1 18087 216 0 1788864684 786478
3 16197 191 0 1788864684 786994
1 18092 297 0 1788864684 787817
3 16201 227 0 1788864684 787969
0 17040 220 0 1788864684 788117
2 15601 99 0 1788864684 795988
0 17083 378 0 1788864684 808895
2 15645 201 0 1788864684 810071
1 18153 265 0 1788864684 813846
0 17107 354 0 1788864684 815957
1 18165 442 0 1788864684 817488
0 17114 248 0 1788864684 818001
0 17115 249 0 1788864684 818254
1 18170 88 0 1788864684 818617
3 16280 235 0 1788864684 819709
2 15667 110 0 1788864684 819824
2 15680 283 0 1788864684 821816
1 18184 413 0 1788864684 823071
1 18186 246 0 1788864684 823570
2 15685 106 0 1788864684 823965
1 18192 295 0 1788864684 825261
2 15714 120 0 1788864684 830863
1 18211 361 0 1788864684 831439
3 16317 334 0 1788864684 831683
2 15727 847 0 1788864684 834730
3 16328 322 0 1788864684 835182
3 16329 362 0 1788864684 835548
1 18230 280 0 1788864684 836959
0 17181 255 0 1788864684 838523
1 18237 251 0 1788864684 839301
3 16345 249 0 1788864684 840093
0 17188 162 0 1788864684 840593
0 17190 318 0 1788864684 841266
2 15745 123 0 1788864684 841295
1 18246 278 0 1788864684 841998
1 18255 251 0 1788864684 844523
3 16362 284 0 1788864684 845282
3 16365 175 0 1788864684 845970
1 18265 258 0 1788864684 847787
0 17213 269 0 1788864684 848230
0 17218 175 0 1788864684 849385
3 16379 218 0 1788864684 850327
0 17224 209 0 1788864684 850925
3 16402 189 0 1788864684 854946
3 16413 152 0 1788864684 856542
3 16422 263 0 1788864684 911184
2 15810 355 0 1788864684 912262
2 15821 374 0 1788864684 916387
1 18335 1378 0 1788864684 921058
3 16450 368 0 1788864684 922290
1 18340 361 0 1788864684 922743
0 17293 416 0 1788864684 925505
0 17307 356 0 1788864684 930533
1 18362 522 0 1788864684 930886
2 15859 351 0 1788864684 931065
0 17318 347 0 1788864684 934520
3 16489 82 0 1788864684 937037
3 16510 456 0 1788864684 943795
0 17352 496 0 1788864684 945519
2 15904 338 0 1788864684 947057
2 15905 514 0 1788864684 947576
3 16527 337 0 1788864684 950031
0 17368 317 0 1788864684 951160
0 17382 418 0 1788864684 962007
1 18434 374 0 1788864684 962475
0 17384 333 0 1788864684 962724
0 17396 340 0 1788864684 966843
3 16559 325 0 1788864684 967259
0 17402 360 0 1788864684 969007
1 18456 224 0 1788864684 969993
1 18460 307 0 1788864684 972161
3 16574 322 0 1788864684 973599
0 17418 153 0 1788864684 974584
0 17425 393 0 1788864684 981344
0 17426 426 0 1788864684 981778
2 15972 363 0 1788864684 982837
1 18486 649 0 1788864684 986876
1 18501 382 0 1788864684 992889
3 16619 82 0 1788864684 994071
2 16002 576 0 1788864684 994739
1 18513 361 0 1788864684 997355
1 18518 324 0 1788864684 999318
0 17473 554 0 1788864685 561
0 17485 315 0 1788864685 5400
2 16030 3133 0 1788864685 8782
3 16656 692 0 1788864685 19757
0 17494 286 0 1788864685 20127
1 18545 307 0 1788864685 20901
1 18546 216 0 1788864685 21121
1 18549 347 0 1788864685 22026
1 18557 329 0 1788864685 24626
0 17510 294 0 1788864685 25178
0 17511 302 0 1788864685 25485
0 17514 295 0 1788864685 26396
0 17515 313 0 1788864685 26713
1 18564 321 0 1788864685 26798
0 17520 285 0 1788864685 28309
3 16688 352 0 1788864685 30020
3 16692 0 0 1788864685 31198
0 17528 984 0 1788864685 31671
1 18580 0 0 1788864685 32353
3 16698 2190 0 1788864685 33756
0 17558 358 0 1788864685 40881
2 16095 374 0 1788864685 41081
1 18615 281 0 1788864685 44405
3 16745 300 0 1788864685 51388
2 16144 390 0 1788864685 59783
1 18665 261 0 1788864685 62803
0 17616 627 0 1788864685 63003
2 16162 443 0 1788864685 66366
3 16788 362 0 1788864685 67539
0 17630 170 0 1788864685 67807
0 17631 245 0 1788864685 68056
1 18682 210 0 1788864685 69014
3 16798 666 0 1788864685 71924
2 16180 337 0 1788864685 72778
0 17646 262 0 1788864685 73334
3 16810 64 0 1788864685 75038
3 16819 261 0 1788864685 77410
0 17667 496 0 1788864685 80204
2 16212 295 0 1788864685 82394
0 17681 341 0 1788864685 84129
0 17701 536 0 1788864685 91669
2 16240 295 0 1788864685 91870
3 16862 517 0 1788864685 91899
3 16865 350 0 1788864685 92857
1 18813 120 0 1788864685 120951
1 18842 83 0 1788864685 124510
1 18846 62 0 1788864685 124792
0 17710 344 0 1788864685 126296
2 16257 296 0 1788864685 129395
2 16260 371 0 1788864685 130412
1 18868 152 0 1788864685 131295
0 17728 340 0 1788864685 132024
2 16266 117 0 1788864685 132216
1 18875 435 0 1788864685 133643
2 16282 346 0 1788864685 139598
1 18886 406 0 1788864685 139846
2 16285 0 0 1788864685 140449
1 18901 394 0 1788864685 145252
2 16298 584 0 1788864685 145371
2 16301 1958 0 1788864685 147933
1 18918 325 0 1788864685 155252
0 17793 352 0 1788864685 159867
0 17808 402 0 1788864685 165176
2 16344 484 0 1788864685 165282
3 16980 299 0 1788864685 170496
2 16363 155 0 1788864685 171469
0 17827 360 0 1788864685 172007
0 17828 518 0 1788864685 172531
1 18975 371 0 1788864685 174685
1 18977 364 0 1788864685 175425
1 18978 364 0 1788864685 175794
2 16384 278 0 1788864685 178389
0 17848 318 0 1788864685 179150
3 17021 368 0 1788864685 184361
2 16404 342 0 1788864685 185582
0 17876 270 0 1788864685 189128
1 19018 338 0 1788864685 189557
2 16441 85 0 1788864685 197201
1 19054 366 0 1788864685 202093
1 19062 267 0 1788864685 204284
0 17929 305 0 1788864685 206290
3 17090 268 0 1788864685 207336
2 16483 312 0 1788864685 208983
3 17115 376 0 1788864685 215751
3 17127 272 0 1788864685 219306
3 17144 280 0 1788864685 224037
2 16533 266 0 1788864685 224443
1 19129 426 0 1788864685 225086
1 19134 270 0 1788864685 226355
0 17996 279 0 1788864685 226498
3 17172 270 0 1788864685 233615
3 17173 274 0 1788864685 233894
3 17176 280 0 1788864685 234623
1 19172 279 0 1788864685 238978
0 18037 268 0 1788864685 240288
1 19186 380 0 1788864685 243750
0 18050 657 0 1788864685 245395
1 19192 425 0 1788864685 246173
1 19195 417 0 1788864685 247363
2 16608 347 0 1788864685 250575
2 16617 339 0 1788864685 253975
3 17236 286 0 1788864685 255357
3 17243 140 0 1788864685 257338
1 19227 292 0 1788864685 258557
0 18088 321 0 1788864685 258806
3 17255 383 0 1788864685 261053
1 19236 321 0 1788864685 261131
3 17259 308 0 1788864685 262425
0 18101 326 0 1788864685 262669
2 16648 371 0 1788864685 263189
0 18103 309 0 1788864685 263272
1 19244 444 0 1788864685 263553
0 18105 306 0 1788864685 263719
0 18113 225 0 1788864685 266054
2 16670 403 0 1788864685 280985
3 17283 544 0 1788864685 281232
1 19279 447 0 1788864685 281335
0 18127 389 0 1788864685 282023
0 18133 413 0 1788864685 285510
1 19288 377 0 1788864685 286094
3 17292 380 0 1788864685 286193
1 19290 282 0 1788864685 286916
3 17297 511 0 1788864685 288402
3 17299 189 0 1788864685 289238
0 18144 814 0 1788864685 290373
0 18145 297 0 1788864685 290680
1 19300 390 0 1788864685 291455
3 17314 232 0 1788864685 295809
3 17316 260 0 1788864685 296201
1 19311 531 0 1788864685 297505
0 18164 183 0 1788864685 299468
3 17350 95 0 1788864685 307948
0 18201 153 0 1788864685 312500
3 17367 322 0 1788864685 312852
1 19344 188 0 1788864685 312973
3 17379 89 0 1788864685 314606
3 17410 101 0 1788864685 319069
1 19352 1208 0 1788864685 322843
3 17434 1519 0 1788864685 326302
1 19368 346 0 1788864685 331506
2 16829 74 0 1788864685 338509
1 19378 142 0 1788864685 339206
1 19396 69 0 1788864685 340754
2 16838 693 0 1788864685 342487
1 19420 76 0 1788864685 342593
1 19426 75 0 1788864685 343319
1 19435 70 0 1788864685 344173
1 19436 120 0 1788864685 344298
1 19460 103 0 1788864685 346642
0 18247 664 0 1788864685 346900
0 18250 861 0 1788864685 350132
1 19500 65 0 1788864685 350425
1 19514 90 0 1788864685 351569
1 19520 67 0 1788864685 352079
1 19521 68 0 1788864685 352151
0 18261 910 0 1788864685 360375
2 16877 711 0 1788864685 377927
3 17512 428 0 1788864685 388529
1 19581 852 0 1788864685 388732
1 19596 188 0 1788864685 391883
2 16909 83 0 1788864685 392277
1 19600 169 0 1788864685 392326
1 19604 231 0 1788864685 393716
0 18312 360 0 1788864685 393821
2 16916 406 0 1788864685 394335
3 17533 327 0 1788864685 395535
3 17538 368 0 1788864685 397424
1 19619 411 0 1788864685 399783
0 18329 367 0 1788864685 400713
0 18337 369 0 1788864685 403634
2 16942 366 0 1788864685 404101
3 17556 369 0 1788864685 404196
0 18340 375 0 1788864685 404758
1 19636 367 0 1788864685 406472
0 18344 390 0 1788864685 406961
3 17567 374 0 1788864685 408663
1 19643 370 0 1788864685 409134
0 18361 304 0 1788864685 424061
2 16974 385 0 1788864685 427116
3 17603 404 0 1788864685 433976
3 17608 402 0 1788864685 436205
3 17609 615 0 1788864685 436825
2 16993 718 0 1788864685 437029
1 19689 213 0 1788864685 439253
1 19692 1204 0 1788864685 441390
3 17626 399 0 1788864685 472497
1 19704 311 0 1788864685 475093
1 19709 671 0 1788864685 478265
3 17637 185 0 1788864685 479616
3 17638 759 0 1788864685 480381
0 18428 3972 0 1788864685 489018
0 18433 721 0 1788864685 495095
0 18445 0 0 1788864685 510371
0 18453 0 0 1788864685 518586
3 17655 22531 0 1788864685 519682
1 19761 355 0 1788864685 527923
2 17027 353 0 1788864685 528891
1 19772 350 0 1788864685 532509
0 18495 430 0 1788864685 537715
1 19785 1437 0 1788864685 539493
1 19789 472 0 1788864685 541279
1 19797 343 0 1788864685 544362
1 19804 356 0 1788864685 546859
1 19810 412 0 1788864685 549664
3 17738 2376 0 1788864685 556658
3 17742 661 0 1788864685 592693
0 18543 303 0 1788864685 593431
0 18544 791 0 1788864685 594227
1 19836 370 0 1788864685 595872
3 17749 367 0 1788864685 596058
1 19841 314 0 1788864685 597563
1 19844 350 0 1788864685 598618
3 17769 345 0 1788864685 603084
1 19858 422 0 1788864685 604039
0 18583 317 0 1788864685 608034
3 17788 352 0 1788864685 608342
3 17804 359 0 1788864685 612711
2 17177 854 0 1788864685 619746
1 19917 441 0 1788864685 620291
1 19923 471 0 1788864685 622136
3 17832 173 0 1788864685 622856
0 18640 0 0 1788864685 623466
2 17189 396 0 1788864685 623990
0 18642 380 0 1788864685 624375
2 17201 352 0 1788864685 627904
3 17847 86 0 1788864685 628850
1 19947 369 0 1788864685 630006
2 17221 340 0 1788864685 635529
0 18677 354 0 1788864685 635715
1 19972 345 0 1788864685 638811
3 17894 430 0 1788864685 645838
3 17895 466 0 1788864685 646309
0 18711 327 0 1788864685 648329
1 19998 444 0 1788864685 648947
0 18713 515 0 1788864685 649212
1 20003 918 0 1788864685 651798
2 17263 810 0 1788864685 652453
2 17264 355 0 1788864685 652813
2 17271 340 0 1788864685 655033
0 18736 425 0 1788864685 660458
2 17293 349 0 1788864685 664977
3 17948 354 0 1788864685 668773
0 18759 343 0 1788864685 669382
0 18762 340 0 1788864685 670342
2 17317 334 0 1788864685 673432
2 17320 335 0 1788864685 674393
1 20066 339 0 1788864685 676364
3 17973 339 0 1788864685 677254
0 18782 343 0 1788864685 677343
1 20070 352 0 1788864685 677785
2 17342 443 0 1788864685 683116
2 17347 356 0 1788864685 684873
1 20097 421 0 1788864685 689219
3 18028 411 0 1788864685 700460
3 18033 170 0 1788864685 702051
2 17393 342 0 1788864685 703435
1 20133 389 0 1788864685 703739
2 17394 393 0 1788864685 703832
1 20137 363 0 1788864685 706597
2 17398 903 0 1788864685 707319
1 20138 861 0 1788864685 707466
0 18862 360 0 1788864685 711129
1 20159 339 0 1788864685 715246
2 17422 341 0 1788864685 716023
3 18067 349 0 1788864685 716202
1 20164 735 0 1788864685 717378
2 17426 568 0 1788864685 717553
0 18889 344 0 1788864685 722673
3 18088 82 0 1788864685 724997
0 18900 334 0 1788864685 726448
3 18094 338 0 1788864685 727050
2 17452 371 0 1788864685 728025
2 17454 254 0 1788864685 728625
3 18099 500 0 1788864685 729219
0 18914 558 0 1788864685 731638
3 18112 451 0 1788864685 733711
0 18926 459 0 1788864685 735795
2 17497 216 0 1788864685 744351
2 17504 0 0 1788864685 749664
0 18961 1391 0 1788864685 750354
3 18174 0 0 1788864685 761192
1 20268 143 0 1788864685 762560
3 18180 82 0 1788864685 762606
2 17524 152 0 1788864685 763513
3 18187 234 0 1788864685 763777
2 17530 228 0 1788864685 764967
2 17539 0 0 1788864685 767589
3 18209 198 0 1788864685 769126
0 19021 171 0 1788864685 769647
3 18213 135 0 1788864685 769984
0 19027 522 0 1788864685 772121
2 17555 279 0 1788864685 772793
0 19035 638 0 1788864685 775908
1 20311 305 0 1788864685 776509
3 18236 312 0 1788864685 779848
1 20320 1475 0 1788864685 785621
2 17582 893 0 1788864685 792243
3 18255 1756 0 1788864685 806281
3 18256 0 0 1788864685 807461
0 19073 0 0 1788864685 812021
2 17598 1209 0 1788864685 815901
0 19084 0 0 1788864685 825467
3 18274 0 0 1788864685 836320
1 20369 838 0 1788864685 843512
0 19103 818 0 1788864685 845988
1 20379 1531 0 1788864685 855375
0 19119 8253 0 1788864685 869966
2 17636 0 0 1788864685 870764
3 18297 4937 0 1788864685 882216
3 18302 0 0 1788864685 886633
2 17640 12295 0 1788864685 891009
1 20414 2038 0 1788864685 913097
3 18318 602 0 1788864685 914625
2 17662 742 0 1788864685 919763
1 20429 0 0 1788864685 924485
1 20430 294 0 1788864685 925015
2 17666 0 0 1788864685 927905
1 20440 551 0 1788864685 931108
1 20447 292 0 1788864685 934201
3 18348 0 0 1788864685 940009
0 19182 0 0 1788864685 945403
2 17687 0 0 1788864685 951285
1 20477 1351 0 1788864685 966972
2 17712 703 0 1788864685 978077
0 19227 2844 0 1788864685 994983
1 20501 2431 0 1788864685 995398
2 17728 2077 0 1788864685 996787
1 20505 1150 0 1788864686 959
1 20507 0 0 1788864686 2656
2 17733 781 0 1788864686 5566
1 20518 568 0 1788864686 14475
0 19250 756 0 1788864686 16641
3 18410 861 0 1788864686 17038
3 18415 0 0 1788864686 21579
3 18416 0 0 1788864686 22803
0 19267 0 0 1788864686 33149
2 17762 0 0 1788864686 38525
0 19277 0 0 1788864686 45556
1 20557 0 0 1788864686 49580
2 17772 0 0 1788864686 53469
0 19296 731 0 1788864686 65199
1 20589 933 0 1788864686 73582
0 19317 1479 0 1788864686 85039
3 18455 2344 0 1788864686 98658
3 18467 1461 0 1788864686 119214
3 18474 1580 0 1788864686 130493
0 19376 710 0 1788864686 154047
3 18491 1495 0 1788864686 155925
0 19388 809 0 1788864686 163515
1 20645 1227 0 1788864686 169153
2 17871 250 0 1788864686 173364
3 18510 1777 0 1788864686 174454
2 17880 867 0 1788864686 183577
0 19423 358 0 1788864686 203826
0 19425 1070 0 1788864686 205968
1 20671 881 0 1788864686 206483
3 18546 762 0 1788864686 212791
1 20682 1342 0 1788864686 219626
3 18555 5910 0 1788864686 226131
1 20685 0 0 1788864686 226958
1 20693 657 0 1788864686 237968
0 19458 1523 0 1788864686 240415
0 19466 1387 0 1788864686 252406
2 17944 697 0 1788864686 252981
2 17946 821 0 1788864686 254541
0 19480 2093 0 1788864686 274631
3 18601 4341 0 1788864686 278008
2 17974 1252 0 1788864686 286028
3 18611 1232 0 1788864686 292667
2 17983 731 0 1788864686 299401
0 19501 1599 0 1788864686 311395
0 19504 646 0 1788864686 315649
2 18003 770 0 1788864686 326148
0 19531 696 0 1788864686 338166
0 19534 672 0 1788864686 340159
1 20773 591 0 1788864686 341551
2 18032 604 0 1788864686 345581
0 19544 447 0 1788864686 346326
3 18668 472 0 1788864686 347329
3 18675 252 0 1788864686 351198
0 19566 1076 0 1788864686 361994
2 18057 808 0 1788864686 362318
3 18694 1454 0 1788864686 373190
3 18698 225 0 1788864686 403809
3 18705 755 0 1788864686 409772
2 18074 642 0 1788864686 411964
0 19584 5126 0 1788864686 417682
2 18076 5510 0 1788864686 418325
3 18713 183 0 1788864686 419268
1 20831 403 0 1788864686 424620
3 18731 386 0 1788864686 426221
3 18737 386 0 1788864686 428578
0 19617 2337 0 1788864686 431910
1 20852 322 0 1788864686 437356
0 19635 1934 0 1788864686 441699
0 19637 431 0 1788864686 442637
0 19639 0 0 1788864686 443238
3 18756 554 0 1788864686 444806
0 19642 0 0 1788864686 445173
2 18125 1987 0 1788864686 447848
0 19656 703 0 1788864686 454871
2 18138 373 0 1788864686 455533
2 18140 483 0 1788864686 456571
1 20886 373 0 1788864686 460793
3 18785 566 0 1788864686 463225
0 19679 370 0 1788864686 465739
2 18198 363 0 1788864686 476278
1 20947 833 0 1788864686 480491
0 19738 466 0 1788864686 486836
0 19751 555 0 1788864686 492346
1 20976 483 0 1788864686 493271
3 18865 589 0 1788864686 495176
3 18866 271 0 1788864686 495454
0 19762 0 0 1788864686 496803
0 19799 0 0 1788864686 510227
0 19802 0 0 1788864686 511214
2 18275 929 0 1788864686 517832
1 21032 334 0 1788864686 529476
1 21034 284 0 1788864686 530117
0 19838 286 0 1788864686 531202
0 19841 1703 0 1788864686 534123
3 18927 1155 0 1788864686 546815
2 18327 618 0 1788864686 549122
0 19879 0 0 1788864686 550769
1 21091 451 0 1788864686 562963
0 19913 389 0 1788864686 565674
3 18971 306 0 1788864686 565683
0 19916 396 0 1788864686 567034
0 19923 348 0 1788864686 569779
0 19926 0 0 1788864686 570640
3 18984 359 0 1788864686 570745
1 21126 236 0 1788864686 576821
3 19008 406 0 1788864686 581816
3 19015 376 0 1788864686 584407
1 21149 377 0 1788864686 585358
3 19026 582 0 1788864686 589858
1 21161 553 0 1788864686 591817
0 19977 657 0 1788864686 594475
3 19034 242 0 1788864686 595088
2 18441 350 0 1788864686 596535
0 20001 531 0 1788864686 606866
3 19050 1546 0 1788864686 607727
2 18468 0 0 1788864686 614887
0 20016 699 0 1788864686 615260
2 18471 641 0 1788864686 616777
1 21210 390 0 1788864686 618358
2 18477 0 0 1788864686 621469
0 20038 669 0 1788864686 627989
3 19088 503 0 1788864686 633217
2 18500 402 0 1788864686 635083
2 18502 407 0 1788864686 635914
1 21244 0 0 1788864686 638720
0 20061 0 0 1788864686 639060
0 20066 0 0 1788864686 643888
2 18512 2344 0 1788864686 643928
3 19129 0 0 1788864686 662626
0 20079 0 0 1788864686 668042
2 18532 1646 0 1788864686 677205
2 18534 1254 0 1788864686 679755
2 18537 774 0 1788864686 682561
0 20112 777 0 1788864686 704136
1 21306 731 0 1788864686 708729
2 18563 886 0 1788864686 709303
1 21313 683 0 1788864686 714668
1 21318 462 0 1788864686 717670
3 19185 429 0 1788864686 719363
3 19187 0 0 1788864686 720244
0 20142 668 0 1788864686 723165
1 21330 546 0 1788864686 728023
3 19208 467 0 1788864686 735183
2 18612 468 0 1788864686 738413
3 19220 542 0 1788864686 741973
0 20174 502 0 1788864686 742449
1 21355 958 0 1788864686 743692
2 18624 486 0 1788864686 746852
1 21367 491 0 1788864686 751639
0 20188 671 0 1788864686 751920
3 19238 1092 0 1788864686 755152
2 18637 813 0 1788864686 755861
1 21375 668 0 1788864686 756717
1 21379 744 0 1788864686 759805
2 18644 278 0 1788864686 759907
0 20201 614 0 1788864686 760062
1 21380 502 0 1788864686 760313
2 18649 728 0 1788864686 763183
3 19257 413 0 1788864686 767095
2 18656 380 0 1788864686 768664
0 20226 361 0 1788864686 770005
0 20227 423 0 1788864686 770433
3 19262 410 0 1788864686 770871
2 18659 740 0 1788864686 771071
0 20231 448 0 1788864686 771978
3 19265 745 0 1788864686 772551
0 20243 265 0 1788864686 776956
1 21421 297 0 1788864686 777149
3 19289 790 0 1788864686 784097
1 21438 331 0 1788864686 787443
0 20268 655 0 1788864686 789059
2 18694 528 0 1788864686 789902
3 19319 459 0 1788864686 821943
1 21460 357 0 1788864686 822179
0 20303 217 0 1788864686 822505
2 18718 1738 0 1788864686 826159
1 21467 584 0 1788864686 827457
3 19327 691 0 1788864686 830366
1 21478 666 0 1788864686 836087
0 20328 390 0 1788864686 839517
0 20330 822 0 1788864686 840826
0 20364 10831 0 1788864686 863248
3 19387 451 0 1788864686 869410
2 18787 671 0 1788864686 870837
2 18790 189 0 1788864686 871395
3 19399 752 0 1788864686 890861
1 21493 764 0 1788864686 891345
2 18794 2126 0 1788864686 897006
1 21506 528 0 1788864686 898334
1 21522 237 0 1788864686 903164
0 20409 493 0 1788864686 903948
3 19427 641 0 1788864686 906168
2 18814 278 0 1788864686 907734
3 19432 764 0 1788864686 909505
1 21551 0 0 1788864686 912621
2 18829 390 0 1788864686 917776
2 18834 416 0 1788864686 919647
2 18838 431 0 1788864686 921116
0 20457 375 0 1788864686 922758
3 19457 368 0 1788864686 923035
0 20460 375 0 1788864686 923866
0 20462 357 0 1788864686 924590
1 21581 597 0 1788864686 926078
3 19468 0 0 1788864686 926775
1 21583 417 0 1788864686 926894
2 18854 229 0 1788864686 926901
3 19478 0 0 1788864686 930154
2 18862 403 0 1788864686 931402
1 21594 2303 0 1788864686 935822
3 19483 1419 0 1788864686 937413
1 21598 0 0 1788864686 938393
0 20491 0 0 1788864686 939190
2 18878 846 0 1788864686 945484
0 20522 1259 0 1788864686 962702
2 18904 106 0 1788864686 965009
1 21642 83 0 1788864686 967573
3 19522 571 0 1788864686 967583
2 18921 103 0 1788864686 969787
2 18925 93 0 1788864686 970300
2 18944 1358 0 1788864686 973401
3 19530 704 0 1788864686 973999
0 20541 735 0 1788864686 980641
1 21659 914 0 1788864686 981244
1 21662 624 0 1788864686 983216
3 19542 976 0 1788864686 989306
0 20555 470 0 1788864686 992019
3 19548 1015 0 1788864686 994744
0 20559 1202 0 1788864686 995259
3 19549 700 0 1788864686 995754
3 19554 0 0 1788864687 951
2 18983 622 0 1788864687 6790
1 21687 160 0 1788864687 10264
0 20582 303 0 1788864687 12791
2 18997 1174 0 1788864687 17781
2 19003 0 0 1788864687 21471
1 21706 759 0 1788864687 21833
0 20638 0 0 1788864687 45628
0 20644 937 0 1788864687 48609
1 21748 133 0 1788864687 49020
2 19043 0 0 1788864687 51270
1 21755 764 0 1788864687 53956
1 21766 755 0 1788864687 62039
3 19649 795 0 1788864687 64330
1 21780 655 0 1788864687 74031
2 19073 401 0 1788864687 79280
2 19075 881 0 1788864687 81354
3 19664 688 0 1788864687 82513
0 20714 875 0 1788864687 91685
2 19092 529 0 1788864687 93576
2 19101 626 0 1788864687 101985
0 20731 1058 0 1788864687 105774
1 21824 447 0 1788864687 109412
2 19110 606 0 1788864687 109622
3 19695 973 0 1788864687 110011
3 19696 163 0 1788864687 110181
0 20744 433 0 1788864687 115296
2 19118 759 0 1788864687 116340
0 20746 936 0 1788864687 116726
1 21838 754 0 1788864687 120149
0 20756 0 0 1788864687 122682
1 21854 803 0 1788864687 127726
2 19141 592 0 1788864687 139639
2 19146 850 0 1788864687 143586
1 21876 562 0 1788864687 147248
3 19735 662 0 1788864687 148435
0 20800 751 0 1788864687 150053
0 20813 0 0 1788864687 159003
1 21905 724 0 1788864687 175790
5 6 0 0 1788864677 285399
7 9 325 0 1788864677 292527
7 10 371 0 1788864677 293076
4 26 0 0 1788864677 297338
5 53 694 0 1788864677 318884
6 58 145 0 1788864677 321558
5 58 1709 0 1788864677 323104
6 106 239 0 1788864677 332057
6 116 124 0 1788864677 333999
5 76 585 0 1788864677 337650
6 135 0 0 1788864677 341410
4 96 1092 0 1788864677 347373
4 100 263 0 1788864677 349788
4 104 340 0 1788864677 351147
7 114 299 0 1788864677 352379
7 118 485 0 1788864677 354306
4 129 2307 0 1788864677 360973
4 134 474 0 1788864677 363158
7 138 494 0 1788864677 364161
4 146 78 0 1788864677 367509
7 147 259 0 1788864677 368319
6 224 0 0 1788864677 380244
6 228 452 0 1788864677 381569
6 237 195 0 1788864677 383628
6 247 170 0 1788864677 386793
6 250 303 0 1788864677 387527
7 215 173 0 1788864677 391529
7 229 217 0 1788864677 394656
7 248 178 0 1788864677 398559
4 257 329 0 1788864677 398892
7 251 131 0 1788864677 399052
6 300 146 0 1788864677 399090
6 311 130 0 1788864677 400912
7 265 103 0 1788864677 401679
4 274 164 0 1788864677 402982
7 273 164 0 1788864677 403229
4 281 222 0 1788864677 404290
7 282 724 0 1788864677 406574
6 343 108 0 1788864677 407952
4 303 159 0 1788864677 409820
4 306 205 0 1788864677 410468
4 319 538 0 1788864677 413769
4 331 574 0 1788864677 418473
7 324 184 0 1788864677 421562
4 359 129 0 1788864677 425730
4 368 130 0 1788864677 427877
7 344 169 0 1788864677 428027
6 396 345 0 1788864677 429465
5 172 963 0 1788864677 431924
6 403 195 0 1788864677 432289
7 373 295 0 1788864677 437780
7 387 134 0 1788864677 442585
6 435 472 0 1788864677 443397
4 418 4234 0 1788864677 445260
6 444 472 0 1788864677 449099
6 446 386 0 1788864677 450740
7 418 397 0 1788864677 461346
7 448 433 0 1788864677 480537
4 485 612 0 1788864677 481153
5 199 2682 0 1788864677 484668
5 200 1859 0 1788864677 486549
7 460 652 0 1788864677 487065
4 509 480 0 1788864677 490940
4 515 289 0 1788864677 495564
4 526 1171 0 1788864677 501282
6 561 406 0 1788864677 509934
4 566 407 0 1788864677 518526
6 587 258 0 1788864677 519033
4 572 339 0 1788864677 521559
6 614 455 0 1788864677 531672
4 610 363 0 1788864677 533467
4 611 373 0 1788864677 533845
4 612 196 0 1788864677 534051
5 231 618 0 1788864677 536978
6 630 481 0 1788864677 539504
4 636 127 0 1788864677 541089
5 236 1030 0 1788864677 541445
7 579 189 0 1788864677 541948
5 242 303 0 1788864677 546189
4 651 2185 0 1788864677 548177
7 596 409 0 1788864677 548208
5 253 540 0 1788864677 548846
5 263 276 0 1788864677 553110
5 264 244 0 1788864677 553369
6 659 229 0 1788864677 553380
6 660 135 0 1788864677 553573
5 277 113 0 1788864677 555439
6 678 0 0 1788864677 556706
7 606 1510 0 1788864677 556741
4 658 620 0 1788864677 556972
5 289 134 0 1788864677 558303
6 692 125 0 1788864677 558582
6 699 167 0 1788864677 560142
6 711 2919 0 1788864677 565608
4 667 1814 0 1788864677 567902
6 723 106 0 1788864677 570743
6 730 311 0 1788864677 573130
5 311 587 0 1788864677 573753
5 322 219 0 1788864677 577768
6 746 140 0 1788864677 577797
4 676 896 0 1788864677 578250
7 642 469 0 1788864677 578290
5 348 122 0 1788864677 582382
7 660 101 0 1788864677 583549
5 357 89 0 1788864677 583825
6 787 234 0 1788864677 587540
7 690 255 0 1788864677 588413
6 798 182 0 1788864677 589553
5 405 347 0 1788864677 591750
6 831 112 0 1788864677 594522
5 424 149 0 1788864677 595628
5 426 172 0 1788864677 596063
5 429 333 0 1788864677 596797
5 432 201 0 1788864677 597327
6 845 97 0 1788864677 597583
6 850 139 0 1788864677 598443
7 722 383 0 1788864677 599413
6 860 200 0 1788864677 600218
7 724 392 0 1788864677 600385
7 729 168 0 1788864677 601776
6 883 97 0 1788864677 603495
6 890 186 0 1788864677 604585
5 475 410 0 1788864677 606094
5 483 267 0 1788864677 608192
6 917 155 0 1788864677 609463
6 923 275 0 1788864677 610943
6 927 306 0 1788864677 612043
5 491 2414 0 1788864677 613057
6 931 351 0 1788864677 613241
5 498 251 0 1788864677 615203
5 499 196 0 1788864677 615529
7 767 953 0 1788864677 618147
6 966 460 0 1788864677 625206
6 975 318 0 1788864677 629136
5 559 250 0 1788864677 630634
5 565 564 0 1788864677 632414
6 997 136 0 1788864677 636226
5 581 287 0 1788864677 640812
7 784 1474 0 1788864677 642313
5 589 274 0 1788864677 642805
5 593 268 0 1788864677 643819
6 1025 229 0 1788864677 645314
7 793 1981 0 1788864677 656433
4 733 1252 0 1788864677 656710
6 1051 555 0 1788864677 656718
5 626 629 0 1788864677 656772
5 628 310 0 1788864677 657456
6 1064 256 0 1788864677 661447
7 802 487 0 1788864677 662656
4 757 304 0 1788864677 668060
5 651 357 0 1788864677 669686
6 1099 128 0 1788864677 672992
5 664 325 0 1788864677 675351
6 1110 343 0 1788864677 676212
4 802 235 0 1788864677 676740
4 813 268 0 1788864677 678991
7 818 1129 0 1788864677 679768
6 1138 258 0 1788864677 686313
6 1142 441 0 1788864677 688229
4 841 578 0 1788864677 689127
5 697 377 0 1788864677 689136
5 698 337 0 1788864677 689503
4 852 505 0 1788864677 692889
5 714 224 0 1788864677 694369
4 863 1195 0 1788864677 697456
5 736 532 0 1788864677 705099
6 1185 656 0 1788864677 706617
6 1187 514 0 1788864677 707921
6 1192 540 0 1788864677 710442
4 896 666 0 1788864677 712334
5 750 1024 0 1788864677 715606
6 1207 368 0 1788864677 716181
7 858 103 0 1788864677 717185
6 1212 267 0 1788864677 717328
7 881 96 0 1788864677 721327
5 760 464 0 1788864677 722036
6 1238 175 0 1788864677 724119
4 945 186 0 1788864677 726207
4 958 144 0 1788864677 728272
4 964 737 0 1788864677 729948
5 774 500 0 1788864677 730280
5 778 464 0 1788864677 734428
6 1298 347 0 1788864677 739779
6 1299 317 0 1788864677 740101
7 956 283 0 1788864677 741960
4 1005 162 0 1788864677 742561
5 788 385 0 1788864677 742802
6 1308 206 0 1788864677 743139
6 1312 351 0 1788864677 744364
6 1313 333 0 1788864677 744702
5 794 356 0 1788864677 747078
6 1318 480 0 1788864677 747866
6 1335 350 0 1788864677 755264
7 991 629 0 1788864677 756702
7 1014 193 0 1788864677 765405
7 1025 292 0 1788864677 769302
7 1026 103 0 1788864677 769410
4 1067 2324 0 1788864677 770344
4 1080 176 0 1788864677 773357
4 1084 192 0 1788864677 774496
7 1043 456 0 1788864677 776113
6 1382 253 0 1788864677 783535
5 844 129 0 1788864677 785994
7 1073 212 0 1788864677 790270
4 1123 164 0 1788864677 790747
6 1404 283 0 1788864677 791290
4 1131 350 0 1788864677 792150
6 1417 256 0 1788864677 795991
4 1151 251 0 1788864677 798049
6 1438 372 0 1788864677 803222
7 1109 259 0 1788864677 803897
6 1446 524 0 1788864677 806269
6 1448 424 0 1788864677 806850
7 1127 367 0 1788864677 810920
6 1460 269 0 1788864677 812004
4 1189 741 0 1788864677 821309
4 1191 243 0 1788864677 822143
5 898 463 0 1788864677 826286
4 1208 203 0 1788864677 826991
4 1209 137 0 1788864677 827134
4 1234 206 0 1788864677 832277
4 1250 250 0 1788864677 837359
4 1261 305 0 1788864677 840512
6 1565 263 0 1788864677 840902
6 1568 266 0 1788864677 841560
5 929 585 0 1788864677 842149
6 1575 187 0 1788864677 842895
7 1171 556 0 1788864677 843817
4 1278 216 0 1788864677 845282
6 1592 1145 0 1788864677 848682
4 1292 594 0 1788864677 851956
6 1619 0 0 1788864677 856047
6 1625 0 0 1788864677 857061
6 1649 504 0 1788864677 861657
6 1651 565 0 1788864677 864274
5 965 261 0 1788864677 865018
7 1190 572 0 1788864677 866727
6 1657 975 0 1788864677 868280
6 1664 2245 0 1788864677 876003
4 1315 2416 0 1788864677 876350
4 1322 610 0 1788864677 886033
6 1677 888 0 1788864677 890776
4 1331 944 0 1788864677 894416
4 1332 912 0 1788864677 895334
5 1007 811 0 1788864677 905763
5 1010 0 0 1788864677 907485
4 1349 632 0 1788864677 908520
5 1017 0 0 1788864677 912256
4 1356 1175 0 1788864677 913647
4 1360 279 0 1788864677 916506
4 1387 945 0 1788864677 938687
7 1270 701 0 1788864677 945277
4 1408 0 0 1788864677 956052
5 1070 0 0 1788864677 962396
5 1079 0 0 1788864677 966436
5 1105 0 0 1788864677 982331
6 1784 80 0 1788864677 992367
7 1322 202 0 1788864677 995675
6 1805 915 0 1788864677 998813
5 1127 760 0 1788864678 1996
7 1340 871 0 1788864678 6362
5 1133 850 0 1788864678 6550
5 1136 900 0 1788864678 9142
4 1490 811 0 1788864678 14401
7 1354 0 0 1788864678 15706
6 1828 528 0 1788864678 20620
6 1836 1246 0 1788864678 31865
5 1163 282 0 1788864678 39184
4 1521 282 0 1788864678 46982
6 1862 1003 0 1788864678 53822
4 1535 1285 0 1788864678 56525
5 1179 922 0 1788864678 59951
7 1396 0 0 1788864678 69723
5 1190 412 0 1788864678 70264
6 1887 188 0 1788864678 77849
6 1888 131 0 1788864678 78007
4 1580 658 0 1788864678 79087
6 1891 649 0 1788864678 79098
7 1431 302 0 1788864678 87787
5 1221 678 0 1788864678 90177
4 1605 390 0 1788864678 92195
6 1916 389 0 1788864678 92394
4 1608 341 0 1788864678 93690
4 1617 390 0 1788864678 101622
7 1456 390 0 1788864678 101822
6 1937 372 0 1788864678 104382
6 1940 429 0 1788864678 105685
7 1471 380 0 1788864678 107025
4 1641 378 0 1788864678 108358
5 1265 375 0 1788864678 110371
7 1483 648 0 1788864678 111912
4 1656 249 0 1788864678 113528
4 1664 211 0 1788864678 115137
7 1502 348 0 1788864678 116857
6 1983 176 0 1788864678 119214
4 1680 165 0 1788864678 119559
5 1297 303 0 1788864678 124682
6 2009 296 0 1788864678 125110
6 2010 185 0 1788864678 125321
4 1713 606 0 1788864678 131392
5 1318 608 0 1788864678 135998
4 1726 318 0 1788864678 138115
6 2047 799 0 1788864678 141085
6 2049 769 0 1788864678 142552
4 1735 437 0 1788864678 144080
7 1569 90 0 1788864678 145376
6 2062 119 0 1788864678 145641
7 1571 222 0 1788864678 145696
7 1577 166 0 1788864678 146958
4 1747 316 0 1788864678 148228
7 1592 342 0 1788864678 151566
5 1386 194 0 1788864678 152286
4 1759 0 0 1788864678 155062
5 1392 0 0 1788864678 155641
5 1399 135 0 1788864678 158356
4 1773 182 0 1788864678 159871
5 1407 93 0 1788864678 161115
5 1420 277 0 1788864678 164290
6 2111 242 0 1788864678 165244
7 1624 290 0 1788864678 166182
7 1630 357 0 1788864678 168454
4 1813 262 0 1788864678 172326
6 2136 186 0 1788864678 174076
7 1663 0 0 1788864678 184104
6 2159 906 0 1788864678 184354
4 1837 1117 0 1788864678 186317
4 1843 1524 0 1788864678 191096
5 1499 474 0 1788864678 198963
4 1875 272 0 1788864678 202705
7 1706 181 0 1788864678 202984
4 1880 291 0 1788864678 203829
6 2191 397 0 1788864678 203951
5 1508 223 0 1788864678 204730
7 1717 227 0 1788864678 205651
5 1509 2200 0 1788864678 206936
6 2196 436 0 1788864678 208198
5 1516 548 0 1788864678 211741
7 1745 136 0 1788864678 215577
5 1519 1656 0 1788864678 217142
6 2217 457 0 1788864678 223154
6 2220 290 0 1788864678 224644
5 1540 0 0 1788864678 226821
7 1794 1086 0 1788864678 261204
7 1804 327 0 1788864678 266913
6 2276 71 0 1788864678 272393
7 1826 340 0 1788864678 278303
6 2298 180 0 1788864678 280439
5 1603 1696 0 1788864678 284385
6 2328 157 0 1788864678 289083
5 1606 1943 0 1788864678 289861
6 2330 869 0 1788864678 290763
5 1607 1706 0 1788864678 291580
4 2038 105 0 1788864678 294587
5 1619 151 0 1788864678 298422
7 1887 427 0 1788864678 307959
4 2071 280 0 1788864678 308145
4 2079 185 0 1788864678 309618
4 2084 199 0 1788864678 310920
7 1899 242 0 1788864678 311801
4 2089 2968 0 1788864678 318237
5 1649 174 0 1788864678 326390
7 1918 267 0 1788864678 327000
5 1658 153 0 1788864678 328308
6 2401 402 0 1788864678 329603
5 1671 126 0 1788864678 330727
4 2119 293 0 1788864678 332675
6 2407 775 0 1788864678 333173
4 2121 417 0 1788864678 333491
7 1934 582 0 1788864678 334444
7 1936 767 0 1788864678 335592
7 1948 261 0 1788864678 339788
6 2419 485 0 1788864678 340383
5 1727 96 0 1788864678 340493
4 2141 217 0 1788864678 340603
5 1731 138 0 1788864678 340966
4 2145 152 0 1788864678 341312
6 2432 610 0 1788864678 345983
7 1968 401 0 1788864678 346929
5 1769 116 0 1788864678 347818
4 2174 202 0 1788864678 348484
7 1973 283 0 1788864678 349294
4 2183 221 0 1788864678 350949
7 1975 311 0 1788864678 351935
7 1979 239 0 1788864678 353038
7 1980 189 0 1788864678 353267
5 1815 117 0 1788864678 354641
5 1817 164 0 1788864678 354913
5 1818 99 0 1788864678 355036
4 2205 237 0 1788864678 355761
7 1990 218 0 1788864678 356024
7 1992 203 0 1788864678 356498
5 1841 130 0 1788864678 358359
5 1847 126 0 1788864678 359192
7 2004 273 0 1788864678 360100
5 1864 167 0 1788864678 362705
6 2463 453 0 1788864678 363339
7 2014 471 0 1788864678 364294
6 2466 690 0 1788864678 365280
6 2467 255 0 1788864678 365540
5 1894 272 0 1788864678 369105
5 1917 155 0 1788864678 373525
5 1920 234 0 1788864678 374220
5 1927 223 0 1788864678 376039
7 2024 124 0 1788864678 377329
6 2492 331 0 1788864678 378326
5 1960 112 0 1788864678 382317
7 2055 103 0 1788864678 382326
6 2502 367 0 1788864678 384307
7 2065 628 0 1788864678 384416
4 2303 232 0 1788864678 391897
6 2515 121 0 1788864678 392634
7 2082 91 0 1788864678 394200
7 2083 91 0 1788864678 394315
4 2324 109 0 1788864678 394427
5 2007 177 0 1788864678 394545
7 2086 173 0 1788864678 394760
7 2112 358 0 1788864678 399380
4 2358 315 0 1788864678 401296
7 2119 303 0 1788864678 401309
4 2363 306 0 1788864678 402969
7 2124 378 0 1788864678 403193
7 2130 649 0 1788864678 405506
7 2131 243 0 1788864678 405793
7 2155 264 0 1788864678 411655
4 2383 323 0 1788864678 411984
5 2056 324 0 1788864678 422971
7 2198 363 0 1788864678 424521
6 2568 383 0 1788864678 426658
4 2407 453 0 1788864678 427116
5 2076 244 0 1788864678 428898
6 2576 314 0 1788864678 429054
6 2577 222 0 1788864678 429280
4 2414 634 0 1788864678 430401
6 2580 239 0 1788864678 430452
7 2214 410 0 1788864678 431416
7 2217 413 0 1788864678 432898
6 2591 224 0 1788864678 436169
5 2102 328 0 1788864678 438599
5 2112 310 0 1788864678 441824
7 2247 255 0 1788864678 445048
5 2133 377 0 1788864678 449037
5 2140 412 0 1788864678 450785
7 2263 441 0 1788864678 451447
5 2147 303 0 1788864678 455494
4 2472 182 0 1788864678 456422
4 2477 734 0 1788864678 458529
7 2284 178 0 1788864678 459736
4 2483 659 0 1788864678 460811
7 2289 566 0 1788864678 461420
6 2666 221 0 1788864678 467474
6 2667 270 0 1788864678 467750
6 2670 130 0 1788864678 468172
7 2321 205 0 1788864678 469873
5 2176 375 0 1788864678 471627
5 2186 422 0 1788864678 476077
7 2339 368 0 1788864678 476878
4 2520 457 0 1788864678 476998
7 2340 237 0 1788864678 477157
7 2344 233 0 1788864678 478372
6 2748 199 0 1788864678 486274
7 2366 334 0 1788864678 486427
6 2753 153 0 1788864678 487083
4 2543 560 0 1788864678 490452
7 2383 106 0 1788864678 491591
4 2546 643 0 1788864678 492104
5 2216 1290 0 1788864678 492686
7 2391 319 0 1788864678 494078
5 2226 298 0 1788864678 499834
6 2769 173 0 1788864678 499845
7 2431 223 0 1788864678 505453
6 2777 303 0 1788864678 505510
7 2439 237 0 1788864678 507806
6 2791 266 0 1788864678 509215
6 2799 477 0 1788864678 513147
7 2458 366 0 1788864678 513414
5 2236 1904 0 1788864678 517637
6 2809 852 0 1788864678 517839
4 2579 643 0 1788864678 523329
5 2253 273 0 1788864678 525032
7 2496 415 0 1788864678 530676
5 2269 746 0 1788864678 531809
7 2509 590 0 1788864678 538752
5 2312 420 0 1788864678 541890
7 2521 263 0 1788864678 545567
7 2527 213 0 1788864678 547047
6 2872 560 0 1788864678 547803
4 2646 232 0 1788864678 550356
7 2537 0 0 1788864678 550711
4 2647 472 0 1788864678 550840
7 2545 143 0 1788864678 552392
5 2341 410 0 1788864678 554522
7 2557 173 0 1788864678 555517
5 2347 156 0 1788864678 555910
6 2885 206 0 1788864678 556149
6 2891 217 0 1788864678 558511
6 2892 150 0 1788864678 558834
7 2566 372 0 1788864678 559107
5 2361 219 0 1788864678 559566
4 2670 399 0 1788864678 559701
4 2674 542 0 1788864678 561977
6 2911 578 0 1788864678 566008
7 2596 372 0 1788864678 568712
7 2606 302 0 1788864678 571856
6 2920 347 0 1788864678 572828
5 2405 285 0 1788864678 574532
7 2618 475 0 1788864678 577220
5 2417 0 0 1788864678 578306
4 2714 632 0 1788864678 582115
4 2719 522 0 1788864678 584704
6 2946 199 0 1788864678 584713
5 2440 321 0 1788864678 587102
4 2725 983 0 1788864678 589161
6 2959 510 0 1788864678 589220
6 2962 0 0 1788864678 590137
7 2641 541 0 1788864678 591410
7 2644 583 0 1788864678 593172
6 2976 175 0 1788864678 596762
6 2987 347 0 1788864678 600536
4 2749 913 0 1788864678 602973
4 2751 365 0 1788864678 603863
6 2995 353 0 1788864678 603874
4 2757 805 0 1788864678 607824
5 2504 371 0 1788864678 607960
6 3006 281 0 1788864678 608855
4 2766 0 0 1788864678 609241
4 2769 0 0 1788864678 609935
5 2510 536 0 1788864678 610171
7 2674 597 0 1788864678 611958
4 2782 261 0 1788864678 614158
4 2783 369 0 1788864678 614532
6 3027 499 0 1788864678 618538
5 2540 363 0 1788864678 623559
5 2547 441 0 1788864678 626293
4 2824 0 0 1788864678 627324
6 3049 351 0 1788864678 628197
6 3059 580 0 1788864678 634105
6 3064 233 0 1788864678 636063
6 3065 600 0 1788864678 636726
4 2875 187 0 1788864678 641026
4 2876 489 0 1788864678 641529
4 2884 376 0 1788864678 644004
6 3084 309 0 1788864678 645502
6 3085 195 0 1788864678 645706
6 3086 227 0 1788864678 645937
4 2890 331 0 1788864678 646545
7 2734 313 0 1788864678 647014
6 3088 1555 0 1788864678 647687
4 2892 1259 0 1788864678 648088
6 3090 175 0 1788864678 648204
5 2593 223 0 1788864678 648671
6 3093 156 0 1788864678 648916
7 2750 323 0 1788864678 651976
4 2905 303 0 1788864678 652983
4 2908 297 0 1788864678 654131
6 3118 235 0 1788864678 655066
5 2624 274 0 1788864678 656373
6 3126 163 0 1788864678 657213
4 2924 272 0 1788864678 660832
5 2647 254 0 1788864678 662875
7 2797 326 0 1788864678 665715
6 3151 162 0 1788864678 666011
6 3158 258 0 1788864678 668129
4 2947 868 0 1788864678 669395
7 2815 354 0 1788864678 671720
5 2687 235 0 1788864678 673452
7 2821 287 0 1788864678 673626
6 3189 270 0 1788864678 676733
7 2854 256 0 1788864678 682660
7 2857 272 0 1788864678 683594
5 2719 336 0 1788864678 685166
6 3213 291 0 1788864678 686360
6 3218 193 0 1788864678 687595
5 2729 148 0 1788864678 687845
7 2876 200 0 1788864678 688367
6 3230 267 0 1788864678 690432
4 2987 388 0 1788864678 691620
6 3235 259 0 1788864678 691673
7 2889 236 0 1788864678 691885
4 2989 442 0 1788864678 692582
7 2895 242 0 1788864678 693397
7 2897 252 0 1788864678 694018
6 3252 93 0 1788864678 695773
7 2906 91 0 1788864678 695886
7 2918 334 0 1788864678 699556
5 2775 518 0 1788864678 702553
6 3274 494 0 1788864678 706087
4 3017 261 0 1788864678 706354
5 2800 328 0 1788864678 713059
4 3054 302 0 1788864678 717471
4 3066 230 0 1788864678 722455
5 2818 412 0 1788864678 722904
5 2828 368 0 1788864678 727891
6 3320 864 0 1788864678 728414
7 2955 881 0 1788864678 732327
6 3333 404 0 1788864678 735629
6 3351 278 0 1788864678 740740
4 3118 517 0 1788864678 740864
6 3363 215 0 1788864678 743492
4 3127 403 0 1788864678 744443
7 2988 348 0 1788864678 745233
5 2877 142 0 1788864678 746153
6 3376 300 0 1788864678 746771
5 2880 293 0 1788864678 746875
7 3003 366 0 1788864678 750302
6 3388 125 0 1788864678 750630
4 3145 492 0 1788864678 752829
4 3155 504 0 1788864678 756582
5 2922 335 0 1788864678 758921
5 2932 286 0 1788864678 760886
6 3437 220 0 1788864678 765745
6 3445 421 0 1788864678 769485
6 3448 255 0 1788864678 770629
5 2952 560 0 1788864678 772281
6 3454 850 0 1788864678 773886
6 3457 793 0 1788864678 775437
7 3079 111 0 1788864678 778863
7 3095 396 0 1788864678 799945
4 3216 1130 0 1788864678 800972
7 3105 426 0 1788864678 803206
7 3113 600 0 1788864678 806394
6 3496 376 0 1788864678 807592
4 3236 181 0 1788864678 808015
4 3237 200 0 1788864678 808223
4 3238 164 0 1788864678 808394
4 3252 203 0 1788864678 811432
4 3266 144 0 1788864678 814324
7 3143 398 0 1788864678 814698
6 3518 413 0 1788864678 818625
7 3162 248 0 1788864678 819929
5 3030 375 0 1788864678 821766
5 3034 249 0 1788864678 823093
4 3300 502 0 1788864678 824967
4 3302 260 0 1788864678 825622
4 3305 1106 0 1788864678 829903
4 3311 788 0 1788864678 831954
7 3209 160 0 1788864678 831962
6 3548 443 0 1788864678 835844
7 3232 193 0 1788864678 836721
4 3321 397 0 1788864678 836830
7 3236 228 0 1788864678 837552
4 3326 555 0 1788864678 839361
7 3247 230 0 1788864678 839743
5 3059 516 0 1788864678 840503
7 3251 155 0 1788864678 840535
7 3268 108 0 1788864678 843703
6 3561 545 0 1788864678 843872
4 3343 485 0 1788864678 851244
5 3075 506 0 1788864678 854319
7 3294 468 0 1788864678 857109
4 3362 154 0 1788864678 858996
4 3377 186 0 1788864678 863878
7 3314 266 0 1788864678 868128
7 3321 201 0 1788864678 869433
5 3086 2578 0 1788864678 873274
4 3472 123 0 1788864678 884846
7 3346 152 0 1788864678 884898
4 3486 138 0 1788864678 886712
4 3494 81 0 1788864678 887410
4 3498 79 0 1788864678 887810
4 3499 73 0 1788864678 887888
4 3521 80 0 1788864678 889826
4 3557 292 0 1788864678 895261
6 3622 333 0 1788864678 899280
7 3374 149 0 1788864678 900806
5 3147 178 0 1788864678 901402
6 3642 726 0 1788864678 909650
5 3199 93 0 1788864678 915185
5 3201 118 0 1788864678 915425
7 3399 793 0 1788864678 916007
6 3654 767 0 1788864678 917820
7 3416 90 0 1788864678 917829
4 3605 846 0 1788864678 918767
7 3427 89 0 1788864678 918983
7 3428 89 0 1788864678 919076
7 3430 90 0 1788864678 919261
5 3222 89 0 1788864678 924972
6 3679 105 0 1788864678 928092
4 3631 685 0 1788864678 931717
5 3242 741 0 1788864678 933703
6 3715 86 0 1788864678 935488
6 3716 94 0 1788864678 935604
6 3721 95 0 1788864678 936161
6 3725 81 0 1788864678 936547
7 3470 642 0 1788864678 937440
6 3753 107 0 1788864678 939646
7 3477 606 0 1788864678 941499
4 3648 637 0 1788864678 942044
5 3259 656 0 1788864678 943747
5 3260 634 0 1788864678 944386
4 3655 754 0 1788864678 946586
5 3271 609 0 1788864678 950801
7 3499 497 0 1788864678 956254
5 3279 2041 0 1788864678 960119
6 3795 583 0 1788864678 963431
7 3512 66 0 1788864678 965749
6 3802 680 0 1788864678 968366
5 3317 577 0 1788864678 968754
6 3804 481 0 1788864678 969445
5 3319 637 0 1788864678 970024
5 3328 371 0 1788864678 976752
5 3329 630 0 1788864678 977388
5 3331 545 0 1788864678 978391
7 3537 496 0 1788864678 978577
7 3546 503 0 1788864678 982561
4 3745 161 0 1788864678 983668
5 3361 483 0 1788864678 989705
6 3843 150 0 1788864678 989735
6 3848 179 0 1788864678 990815
7 3571 0 0 1788864678 994198
6 3867 0 0 1788864678 998224
4 3768 0 0 1788864679 8024
4 3772 1225 0 1788864679 10073
7 3596 384 0 1788864679 17373
4 3787 882 0 1788864679 18895
5 3403 1290 0 1788864679 20438
5 3406 580 0 1788864679 22977
6 3921 422 0 1788864679 24316
6 3925 0 0 1788864679 27348
4 3833 0 0 1788864679 39596
7 3611 0 0 1788864679 41783
7 3624 0 0 1788864679 53284
7 3629 0 0 1788864679 55664
7 3630 0 0 1788864679 55849
7 3648 0 0 1788864679 65750
5 3463 0 0 1788864679 66674
4 3875 5781 0 1788864679 68207
4 3880 0 0 1788864679 70882
5 3474 854 0 1788864679 74944
5 3475 1114 0 1788864679 76321
7 3667 757 0 1788864679 78564
5 3479 0 0 1788864679 81642
4 3893 1119 0 1788864679 82911
6 4004 416 0 1788864679 90534
7 3689 0 0 1788864679 94058
7 3698 378 0 1788864679 99245
4 3941 446 0 1788864679 108659
5 3531 0 0 1788864679 112124
4 3963 421 0 1788864679 120217
5 3549 0 0 1788864679 123517
6 4071 327 0 1788864679 129361
5 3570 568 0 1788864679 133097
7 3770 0 0 1788864679 135772
4 3997 611 0 1788864679 138643
7 3791 0 0 1788864679 148160
6 4120 0 0 1788864679 155300
6 4121 1419 0 1788864679 156723
6 4122 1569 0 1788864679 158605
5 3598 458 0 1788864679 160381
6 4135 402 0 1788864679 164210
7 3815 498 0 1788864679 165412
6 4138 0 0 1788864679 165624
7 3821 419 0 1788864679 167173
7 3823 265 0 1788864679 168145
6 4147 0 0 1788864679 170189
4 4062 307 0 1788864679 170927
5 3615 976 0 1788864679 171618
6 4155 0 0 1788864679 174019
6 4157 0 0 1788864679 174480
7 3845 422 0 1788864679 189973
6 4173 509 0 1788864679 191299
6 4179 0 0 1788864679 196868
5 3679 0 0 1788864679 202108
5 3684 0 0 1788864679 204329
7 3872 433 0 1788864679 211467
6 4214 0 0 1788864679 224535
4 4144 0 0 1788864679 230599
7 3904 0 0 1788864679 242244
4 4204 0 0 1788864679 244602
6 4240 329 0 1788864679 253991
7 3933 402 0 1788864679 267940
6 4263 446 0 1788864679 268430
4 4233 0 0 1788864679 269581
5 3772 254 0 1788864679 272503
4 4246 0 0 1788864679 274210
4 4252 367 0 1788864679 276267
5 3793 322 0 1788864679 279746
7 3962 298 0 1788864679 279758
7 3963 0 0 1788864679 280052
4 4272 537 0 1788864679 284036
4 4277 364 0 1788864679 285818
7 3978 179 0 1788864679 286021
7 3989 0 0 1788864679 290194
5 3815 542 0 1788864679 290329
7 3994 0 0 1788864679 292187
4 4295 466 0 1788864679 292877
7 4011 0 0 1788864679 299264
4 4320 0 0 1788864679 302647
7 4024 0 0 1788864679 304945
7 4032 0 0 1788864679 307684
7 4051 421 0 1788864679 315077
7 4057 134 0 1788864679 317872
7 4068 278 0 1788864679 321309
7 4078 261 0 1788864679 324062
6 4360 521 0 1788864679 331304
4 4405 126 0 1788864679 332827
4 4410 445 0 1788864679 334872
7 4108 337 0 1788864679 335451
7 4109 412 0 1788864679 335866
6 4374 556 0 1788864679 341258
4 4429 447 0 1788864679 342410
6 4375 1157 0 1788864679 342419
5 3890 984 0 1788864679 348215
4 4453 457 0 1788864679 353596
7 4150 376 0 1788864679 354207
4 4457 180 0 1788864679 355408
5 3902 344 0 1788864679 356028
7 4175 405 0 1788864679 365727
5 3921 580 0 1788864679 368734
6 4427 405 0 1788864679 370868
7 4186 531 0 1788864679 372063
5 3928 770 0 1788864679 373157
6 4440 463 0 1788864679 377471
7 4204 238 0 1788864679 380786
5 3941 537 0 1788864679 381667
4 4510 488 0 1788864679 382421
4 4511 498 0 1788864679 382923
7 4209 365 0 1788864679 383204
6 4455 501 0 1788864679 385744
6 4456 425 0 1788864679 386174
5 3955 409 0 1788864679 389541
6 4464 601 0 1788864679 390649
4 4531 640 0 1788864679 394171
5 3964 476 0 1788864679 394433
7 4242 597 0 1788864679 404233
5 3988 514 0 1788864679 405801
6 4497 570 0 1788864679 411581
4 4560 593 0 1788864679 411968
7 4258 500 0 1788864679 412649
6 4501 577 0 1788864679 413911
7 4265 474 0 1788864679 416551
6 4508 552 0 1788864679 417348
5 4013 704 0 1788864679 418056
6 4517 503 0 1788864679 423219
6 4534 1617 0 1788864679 434816
4 4597 663 0 1788864679 434944
5 4046 477 0 1788864679 435850
4 4621 573 0 1788864679 454399
7 4320 429 0 1788864679 455539
5 4083 442 0 1788864679 457524
5 4088 1659 0 1788864679 461583
6 4572 652 0 1788864679 462942
5 4091 618 0 1788864679 463042
4 4635 571 0 1788864679 464087
6 4575 704 0 1788864679 464700
4 4637 617 0 1788864679 465216
7 4347 952 0 1788864679 474634
5 4114 872 0 1788864679 478163
7 4350 1729 0 1788864679 479257
6 4607 120 0 1788864679 494117
6 4613 245 0 1788864679 496239
5 4161 594 0 1788864679 516366
4 4705 907 0 1788864679 516528
5 4170 483 0 1788864679 521129
7 4387 601 0 1788864679 525034
5 4180 869 0 1788864679 528368
7 4393 834 0 1788864679 529419
4 4734 462 0 1788864679 534730
4 4739 555 0 1788864679 537502
7 4408 579 0 1788864679 537983
6 4670 511 0 1788864679 539971
7 4420 683 0 1788864679 545037
6 4682 1319 0 1788864679 548751
7 4427 632 0 1788864679 550129
4 4763 420 0 1788864679 551980
6 4692 540 0 1788864679 553843
6 4704 379 0 1788864679 561090
4 4788 543 0 1788864679 567865
7 4460 559 0 1788864679 569822
4 4792 639 0 1788864679 570206
7 4461 516 0 1788864679 570362
6 4720 719 0 1788864679 570722
5 4261 235 0 1788864679 575345
5 4267 978 0 1788864679 578942
4 4805 520 0 1788864679 579855
6 4736 642 0 1788864679 582864
5 4299 267 0 1788864679 590232
4 4815 675 0 1788864679 593039
5 4305 480 0 1788864679 593924
7 4485 1728 0 1788864679 595043
5 4307 1129 0 1788864679 595421
5 4312 476 0 1788864679 599454
6 4758 519 0 1788864679 601077
4 4834 450 0 1788864679 602502
7 4505 465 0 1788864679 604218
6 4766 217 0 1788864679 604406
6 4774 379 0 1788864679 607709
5 4325 1167 0 1788864679 613156
4 4871 602 0 1788864679 618866
7 4546 442 0 1788864679 622033
7 4548 388 0 1788864679 622900
6 4817 290 0 1788864679 627212
4 4896 395 0 1788864679 629454
6 4828 612 0 1788864679 631994
6 4837 352 0 1788864679 635362
7 4583 490 0 1788864679 637340
5 4369 1806 0 1788864679 644459
7 4597 323 0 1788864679 644467
7 4602 343 0 1788864679 646301
6 4864 335 0 1788864679 647594
6 4866 2946 0 1788864679 650927
6 4870 379 0 1788864679 652206
5 4375 1983 0 1788864679 652696
7 4615 471 0 1788864679 653828
7 4622 360 0 1788864679 656135
6 4886 307 0 1788864679 657629
7 4630 924 0 1788864679 659465
5 4381 1256 0 1788864679 661879
7 4646 356 0 1788864679 665691
5 4384 888 0 1788864679 667784
6 4913 361 0 1788864679 667812
6 4929 329 0 1788864679 673211
6 4935 376 0 1788864679 675343
4 4939 429 0 1788864679 677750
7 4696 146 0 1788864679 688368
7 4699 655 0 1788864679 690418
7 4701 620 0 1788864679 691814
4 4967 756 0 1788864679 696642
7 4719 726 0 1788864679 704167
4 4977 694 0 1788864679 704662
5 4439 657 0 1788864679 709732
6 4994 1240 0 1788864679 713927
5 4445 721 0 1788864679 714223
5 4448 695 0 1788864679 716205
5 4456 546 0 1788864679 729931
6 5012 1168 0 1788864679 734278
7 4759 325 0 1788864679 737154
4 5016 270 0 1788864679 737196
5 4462 3341 0 1788864679 737468
7 4761 429 0 1788864679 737920
7 4763 214 0 1788864679 738407
6 5016 1286 0 1788864679 739072
7 4772 338 0 1788864679 741003
4 5036 293 0 1788864679 743306
5 4468 1276 0 1788864679 745399
7 4803 267 0 1788864679 751786
7 4809 242 0 1788864679 753595
7 4813 336 0 1788864679 754827
7 4832 629 0 1788864679 764102
6 5042 662 0 1788864679 766748
4 5107 682 0 1788864679 776308
7 4854 731 0 1788864679 780372
6 5062 704 0 1788864679 781007
4 5115 660 0 1788864679 781525
7 4864 630 0 1788864679 788542
5 4527 644 0 1788864679 793968
7 4878 605 0 1788864679 797460
5 4540 511 0 1788864679 802491
4 5146 878 0 1788864679 805883
6 5102 710 0 1788864679 810959
7 4905 739 0 1788864679 815799
5 4560 615 0 1788864679 816100
6 5120 443 0 1788864679 821825
4 5171 561 0 1788864679 822185
4 5176 662 0 1788864679 825015
7 4924 583 0 1788864679 826949
5 4585 528 0 1788864679 831525
6 5148 231 0 1788864679 832082
4 5198 565 0 1788864679 838445
5 4597 603 0 1788864679 838505
6 5178 268 0 1788864679 841394
4 5206 766 0 1788864679 844312
6 5214 166 0 1788864679 850858
4 5223 432 0 1788864679 857221
4 5226 433 0 1788864679 858446
6 5243 613 0 1788864679 866847
4 5238 1763 0 1788864679 867863
4 5242 813 0 1788864679 872276
7 4972 135 0 1788864679 877299
6 5266 416 0 1788864679 884689
5 4646 509 0 1788864679 886976
6 5281 423 0 1788864679 890953
7 5006 412 0 1788864679 891944
5 4659 346 0 1788864679 892387
7 5009 600 0 1788864679 893257
6 5292 359 0 1788864679 894869
6 5294 340 0 1788864679 895556
7 5017 488 0 1788864679 896265
7 5023 344 0 1788864679 898013
7 5024 344 0 1788864679 898362
6 5304 348 0 1788864679 898981
4 5300 268 0 1788864679 899770
6 5309 257 0 1788864679 900988
5 4684 342 0 1788864679 901421
4 5309 366 0 1788864679 903507
4 5313 82 0 1788864679 905178
5 4696 335 0 1788864679 906306
4 5318 359 0 1788864679 906930
4 5320 524 0 1788864679 907924
7 5048 660 0 1788864679 908240
6 5349 387 0 1788864679 916709
4 5351 349 0 1788864679 919780
6 5358 357 0 1788864679 919958
7 5088 339 0 1788864679 923524
4 5363 345 0 1788864679 923966
6 5370 378 0 1788864679 924171
5 4748 271 0 1788864679 926894
7 5108 356 0 1788864679 931924
7 5112 343 0 1788864679 933312
5 4771 345 0 1788864679 935153
4 5401 340 0 1788864679 938490
7 5129 361 0 1788864679 939469
4 5405 347 0 1788864679 940010
5 4789 356 0 1788864679 941702
6 5416 362 0 1788864679 941880
4 5412 341 0 1788864679 942486
6 5448 260 0 1788864679 954154
5 4826 349 0 1788864679 956283
4 5474 352 0 1788864679 961275
6 5474 79 0 1788864679 963881
6 5479 347 0 1788864679 965754
5 4854 364 0 1788864679 966638
7 5204 180 0 1788864679 967683
5 4864 534 0 1788864679 970330
7 5212 466 0 1788864679 970909
6 5502 357 0 1788864679 974779
7 5235 353 0 1788864679 980687
4 5544 468 0 1788864679 990788
5 4911 467 0 1788864679 992294
4 5554 81 0 1788864679 998293
7 5276 496 0 1788864680 4844
7 5281 354 0 1788864680 6700
5 4935 343 0 1788864680 7135
7 5283 425 0 1788864680 7475
7 5284 265 0 1788864680 7744
7 5286 256 0 1788864680 8430
6 5570 434 0 1788864680 9498
7 5291 329 0 1788864680 10355
4 5583 185 0 1788864680 11783
4 5601 0 0 1788864680 15690
7 5311 362 0 1788864680 18443
5 4957 492 0 1788864680 19894
5 4962 688 0 1788864680 23202
5 4972 0 0 1788864680 27562
7 5328 0 0 1788864680 27714
4 5624 0 0 1788864680 28694
4 5625 0 0 1788864680 28953
4 5629 341 0 1788864680 30246
7 5339 608 0 1788864680 32803
5 4994 427 0 1788864680 35598
6 5630 355 0 1788864680 37098
5 5002 576 0 1788864680 38622
5 5012 296 0 1788864680 41580
5 5014 292 0 1788864680 42184
6 5645 297 0 1788864680 42334
4 5664 293 0 1788864680 42554
4 5665 304 0 1788864680 42860
5 5018 288 0 1788864680 43370
4 5667 291 0 1788864680 43445
7 5369 295 0 1788864680 43594
6 5650 311 0 1788864680 43834
5 5022 293 0 1788864680 44601
4 5672 291 0 1788864680 44977
7 5374 292 0 1788864680 45126
7 5383 294 0 1788864680 47544
4 5683 298 0 1788864680 48525
6 5672 610 0 1788864680 51000
5 5046 301 0 1788864680 52361
7 5409 715 0 1788864680 57098
4 5710 346 0 1788864680 58358
6 5693 347 0 1788864680 58533
6 5696 351 0 1788864680 60972
7 5416 265 0 1788864680 61065
4 5717 2245 0 1788864680 65632
7 5446 342 0 1788864680 75527
6 5727 351 0 1788864680 75976
6 5729 350 0 1788864680 76678
5 5098 358 0 1788864680 76772
7 5450 366 0 1788864680 76951
7 5465 344 0 1788864680 82180
4 5767 423 0 1788864680 84104
7 5483 344 0 1788864680 88503
4 5780 372 0 1788864680 89058
6 5769 352 0 1788864680 90946
5 5141 433 0 1788864680 91898
7 5494 378 0 1788864680 92456
6 5775 340 0 1788864680 93153
5 5147 347 0 1788864680 94233
6 5784 346 0 1788864680 96512
7 5518 345 0 1788864680 101312
5 5166 350 0 1788864680 101404
6 5805 410 0 1788864680 104244
7 5539 347 0 1788864680 109146
4 5835 345 0 1788864680 109583
4 5838 86 0 1788864680 110105
7 5562 305 0 1788864680 115266
4 5870 219 0 1788864680 116589
7 5576 165 0 1788864680 117993
6 5852 718 0 1788864680 119426
5 5232 370 0 1788864680 121181
5 5240 197 0 1788864680 124746
5 5241 217 0 1788864680 124973
5 5246 87 0 1788864680 127036
6 5868 379 0 1788864680 127236
5 5247 383 0 1788864680 127427
6 5879 264 0 1788864680 130840
6 5881 158 0 1788864680 131257
6 5890 73 0 1788864680 133226
7 5625 725 0 1788864680 135498
5 5276 90 0 1788864680 136009
6 5904 82 0 1788864680 136119
7 5629 286 0 1788864680 136806
4 5944 280 0 1788864680 145053
7 5649 0 0 1788864680 146106
6 5930 283 0 1788864680 146680
4 5957 311 0 1788864680 148662
5 5312 349 0 1788864680 150575
4 5966 567 0 1788864680 151484
6 5955 106 0 1788864680 157793
7 5675 575 0 1788864680 158820
6 5963 83 0 1788864680 159975
6 5987 308 0 1788864680 167893
7 5696 534 0 1788864680 170370
6 6011 1006 0 1788864680 178872
7 5714 641 0 1788864680 182633
5 5368 1003 0 1788864680 188626
4 6021 805 0 1788864680 188977
7 5727 841 0 1788864680 190805
4 6029 912 0 1788864680 197744
5 5389 1328 0 1788864680 208162
6 6050 0 0 1788864680 213838
7 5756 281 0 1788864680 228975
5 5418 96 0 1788864680 231105
4 6071 419 0 1788864680 235062
5 5422 713 0 1788864680 235383
5 5430 138 0 1788864680 237065
4 6081 162 0 1788864680 237576
7 5779 153 0 1788864680 238032
4 6086 193 0 1788864680 238769
6 6086 296 0 1788864680 240405
5 5456 979 0 1788864680 244717
5 5458 122 0 1788864680 245809
5 5459 116 0 1788864680 245930
5 5465 99 0 1788864680 247267
5 5478 143 0 1788864680 255843
7 5842 177 0 1788864680 260277
7 5858 104 0 1788864680 264112
4 6142 141 0 1788864680 264726
4 6159 254 0 1788864680 267966
7 5885 123 0 1788864680 268599
5 5556 157 0 1788864680 271962
5 5563 163 0 1788864680 273216
6 6139 430 0 1788864680 275170
5 5580 167 0 1788864680 276043
7 5925 171 0 1788864680 276791
6 6145 306 0 1788864680 277174
7 5930 186 0 1788864680 277622
7 5945 122 0 1788864680 280975
4 6189 2805 0 1788864680 282608
6 6165 279 0 1788864680 286242
6 6169 272 0 1788864680 287419
4 6203 132 0 1788864680 288162
6 6172 276 0 1788864680 288232
4 6206 165 0 1788864680 288794
7 5992 88 0 1788864680 290227
6 6191 227 0 1788864680 292759
4 6229 161 0 1788864680 293069
7 6009 149 0 1788864680 293683
7 6022 170 0 1788864680 296021
5 5688 135 0 1788864680 297055
7 6031 186 0 1788864680 297672
7 6033 165 0 1788864680 297968
7 6034 131 0 1788864680 298102
5 5697 165 0 1788864680 298363
4 6258 190 0 1788864680 299990
5 5718 0 0 1788864680 301562
5 5726 247 0 1788864680 302790
4 6268 1596 0 1788864680 303340
6 6206 798 0 1788864680 304188
4 6273 197 0 1788864680 304251
4 6283 492 0 1788864680 306361
7 6094 159 0 1788864680 309631
4 6308 130 0 1788864680 311246
7 6117 146 0 1788864680 313862
6 6220 670 0 1788864680 316690
4 6347 214 0 1788864680 327146
5 5832 268 0 1788864680 327811
6 6249 0 0 1788864680 328734
5 5835 785 0 1788864680 329231
6 6254 471 0 1788864680 330854
7 6166 181 0 1788864680 331397
7 6169 163 0 1788864680 331942
5 5842 383 0 1788864680 332187
7 6170 252 0 1788864680 332198
7 6176 213 0 1788864680 334047
7 6179 320 0 1788864680 335012
7 6190 0 0 1788864680 337608
4 6376 1764 0 1788864680 341512
5 5857 379 0 1788864680 342308
7 6212 133 0 1788864680 342901
4 6382 314 0 1788864680 343220
6 6294 508 0 1788864680 352699
7 6235 202 0 1788864680 353469
6 6302 668 0 1788864680 357732
5 5907 374 0 1788864680 365990
6 6325 411 0 1788864680 373264
4 6471 248 0 1788864680 379190
4 6478 808 0 1788864680 383040
4 6484 182 0 1788864680 386075
5 5949 323 0 1788864680 386870
6 6357 401 0 1788864680 389446
6 6361 353 0 1788864680 390930
7 6295 815 0 1788864680 391792
4 6498 534 0 1788864680 392039
5 5960 119 0 1788864680 392427
5 5972 268 0 1788864680 397988
7 6319 228 0 1788864680 404784
6 6386 1552 0 1788864680 414193
5 5999 474 0 1788864680 415218
6 6404 1429 0 1788864680 442338
5 6031 258 0 1788864680 446253
4 6581 372 0 1788864680 449685
5 6054 270 0 1788864680 453930
5 6056 135 0 1788864680 454254
5 6057 273 0 1788864680 454531
6 6423 793 0 1788864680 463491
5 6088 237 0 1788864680 467709
4 6647 302 0 1788864680 474923
7 6409 173 0 1788864680 476953
5 6130 206 0 1788864680 477628
4 6660 135 0 1788864680 477771
5 6133 75 0 1788864680 478121
5 6140 124 0 1788864680 479272
5 6145 369 0 1788864680 480514
4 6678 342 0 1788864680 482560
4 6686 375 0 1788864680 486275
5 6165 288 0 1788864680 487221
7 6444 635 0 1788864680 487523
7 6463 130 0 1788864680 495018
7 6477 216 0 1788864680 498065
5 6196 510 0 1788864680 503091
7 6493 292 0 1788864680 504085
7 6500 268 0 1788864680 506234
4 6733 0 0 1788864680 509604
7 6518 292 0 1788864680 514608
7 6523 202 0 1788864680 516730
5 6254 291 0 1788864680 530305
6 6495 612 0 1788864680 531348
5 6260 366 0 1788864680 532389
4 6798 327 0 1788864680 532494
4 6805 247 0 1788864680 534874
6 6502 262 0 1788864680 535442
7 6581 367 0 1788864680 536063
4 6821 291 0 1788864680 540006
6 6515 260 0 1788864680 542153
5 6292 192 0 1788864680 543551
4 6837 288 0 1788864680 544508
5 6297 1114 0 1788864680 546422
6 6522 2366 0 1788864680 547360
7 6616 539 0 1788864680 548108
5 6309 241 0 1788864680 550885
4 6854 2889 0 1788864680 554179
4 6858 444 0 1788864680 556585
6 6542 3631 0 1788864680 603954
4 6882 190 0 1788864680 611347
4 6883 273 0 1788864680 611627
4 6887 553 0 1788864680 614185
6 6546 4735 0 1788864680 621559
5 6351 400 0 1788864680 623694
4 6897 404 0 1788864680 623750
4 6903 1942 0 1788864680 633146
5 6385 344 0 1788864680 651561
5 6399 338 0 1788864680 656630
6 6556 5017 0 1788864680 658870
4 6958 279 0 1788864680 661466
7 6717 258 0 1788864680 661824
4 6962 450 0 1788864680 662970
5 6418 246 0 1788864680 663504
7 6730 290 0 1788864680 667284
5 6433 322 0 1788864680 668800
7 6738 337 0 1788864680 669704
5 6437 473 0 1788864680 670181
5 6473 158 0 1788864680 681163
4 7029 145 0 1788864680 683131
4 7031 134 0 1788864680 683440
5 6491 194 0 1788864680 684547
7 6784 305 0 1788864680 684986
7 6787 218 0 1788864680 686109
6 6569 1405 0 1788864680 686551
7 6810 368 0 1788864680 695963
5 6525 415 0 1788864680 698961
4 7080 444 0 1788864680 702144
5 6534 315 0 1788864680 702401
5 6544 378 0 1788864680 706063
5 6547 358 0 1788864680 707193
5 6556 324 0 1788864680 711565
5 6566 390 0 1788864680 715343
5 6567 383 0 1788864680 715732
5 6573 370 0 1788864680 718081
7 6838 377 0 1788864680 718229
4 7129 426 0 1788864680 721366
6 6595 678 0 1788864680 722629
7 6844 945 0 1788864680 725387
7 6847 363 0 1788864680 727296
6 6599 883 0 1788864680 727466
6 6615 584 0 1788864680 739261
5 6635 374 0 1788864680 740782
7 6885 430 0 1788864680 743153
5 6639 262 0 1788864680 743180
7 6889 276 0 1788864680 744949
4 7191 204 0 1788864680 745969
5 6660 133 0 1788864680 750096
5 6663 313 0 1788864680 750882
7 6908 230 0 1788864680 750893
7 6909 151 0 1788864680 751086
7 6916 239 0 1788864680 753248
6 6643 393 0 1788864680 753646
4 7208 423 0 1788864680 754415
7 6922 180 0 1788864680 754785
7 6936 217 0 1788864680 758199
5 6698 150 0 1788864680 759008
7 6941 179 0 1788864680 759458
4 7235 303 0 1788864680 765974
4 7246 143 0 1788864680 768238
7 6978 208 0 1788864680 768421
4 7248 124 0 1788864680 768548
7 6986 300 0 1788864680 770682
7 6991 353 0 1788864680 771900
5 6757 271 0 1788864680 773036
6 6679 703 0 1788864680 773353
6 6682 1076 0 1788864680 775300
4 7260 586 0 1788864680 777664
7 7012 343 0 1788864680 777679
6 6692 986 0 1788864680 781113
7 7023 470 0 1788864680 781122
5 6790 182 0 1788864680 781463
5 6802 106 0 1788864680 783307
5 6818 109 0 1788864680 786227
5 6827 207 0 1788864680 788013
5 6832 166 0 1788864680 788750
4 7286 544 0 1788864680 794379
5 6867 408 0 1788864680 795837
5 6868 244 0 1788864680 796114
5 6871 126 0 1788864680 796576
5 6892 474 0 1788864680 803455
5 6900 143 0 1788864680 806012
5 6910 164 0 1788864680 807868
7 7073 554 0 1788864680 809152
4 7308 451 0 1788864680 809794
4 7309 456 0 1788864680 810255
7 7075 470 0 1788864680 810455
4 7319 610 0 1788864680 816157
5 6946 282 0 1788864680 816481
5 6948 265 0 1788864680 817150
4 7322 613 0 1788864680 817865
5 6970 1074 0 1788864680 828661
6 6761 530 0 1788864680 831438
6 6763 1404 0 1788864680 833770
7 7148 511 0 1788864680 842108
5 6989 514 0 1788864680 843698
5 6992 592 0 1788864680 846192
5 6996 734 0 1788864680 849629
7 7179 145 0 1788864680 856673
5 7020 273 0 1788864680 860750
5 7022 960 0 1788864680 862035
7 7192 687 0 1788864680 864820
4 7383 503 0 1788864680 870458
6 6799 785 0 1788864680 873590
5 7032 536 0 1788864680 875695
7 7216 353 0 1788864680 875919
4 7389 435 0 1788864680 876022
6 6805 1469 0 1788864680 880151
6 6809 89 0 1788864680 883330
7 7237 72 0 1788864680 892239
7 7239 117 0 1788864680 894935
7 7258 376 0 1788864680 912408
5 7065 367 0 1788864680 912587
4 7429 565 0 1788864680 915408
5 7077 465 0 1788864680 917544
4 7440 459 0 1788864680 920263
4 7444 413 0 1788864680 922918
5 7106 1848 0 1788864680 937266
4 7472 705 0 1788864680 943001
7 7310 412 0 1788864680 943508
6 6891 390 0 1788864680 947457
5 7124 160 0 1788864680 948466
7 7326 0 0 1788864680 990619
4 7502 470 0 1788864681 24003
4 7511 360 0 1788864681 28913
4 7515 608 0 1788864681 30696
5 7156 646 0 1788864681 34597
7 7358 0 0 1788864681 40363
5 7165 897 0 1788864681 40787
4 7530 312 0 1788864681 41624
5 7167 0 0 1788864681 42404
6 6934 0 0 1788864681 46592
7 7378 689 0 1788864681 51274
4 7545 667 0 1788864681 52525
4 7548 722 0 1788864681 54188
6 6953 0 0 1788864681 60945
4 7564 407 0 1788864681 66371
4 7568 219 0 1788864681 68709
6 6964 990 0 1788864681 69753
6 6965 861 0 1788864681 70624
7 7418 658 0 1788864681 76307
6 6975 452 0 1788864681 76962
7 7422 460 0 1788864681 78207
6 6990 217 0 1788864681 84994
7 7438 461 0 1788864681 86918
4 7585 4106 0 1788864681 89842
6 7003 617 0 1788864681 91669
7 7452 283 0 1788864681 94489
6 7009 791 0 1788864681 95188
7 7455 90 0 1788864681 96087
7 7458 499 0 1788864681 97608
4 7594 3803 0 1788864681 98839
7 7471 604 0 1788864681 106910
7 7482 282 0 1788864681 110827
7 7491 596 0 1788864681 116427
5 7257 0 0 1788864681 124620
6 7055 774 0 1788864681 140030
5 7273 0 0 1788864681 143801
4 7646 304 0 1788864681 144893
6 7063 180 0 1788864681 146267
7 7532 652 0 1788864681 151975
4 7669 1363 0 1788864681 153219
5 7292 1276 0 1788864681 153360
6 7080 1831 0 1788864681 153430
4 7678 277 0 1788864681 156203
5 7305 695 0 1788864681 161286
7 7551 120 0 1788864681 165546
4 7698 554 0 1788864681 167783
5 7333 97 0 1788864681 172889
5 7339 180 0 1788864681 175596
7 7573 502 0 1788864681 175603
5 7348 81 0 1788864681 177438
5 7353 96 0 1788864681 178177
6 7140 83 0 1788864681 181038
5 7363 2113 0 1788864681 181357
5 7364 1458 0 1788864681 182820
6 7146 735 0 1788864681 182827
6 7164 85 0 1788864681 189937
6 7168 76 0 1788864681 190300
6 7181 92 0 1788864681 193399
6 7193 512 0 1788864681 195700
7 7619 86 0 1788864681 196526
7 7621 86 0 1788864681 196750
4 7761 268 0 1788864681 200529
5 7398 469 0 1788864681 202224
4 7771 698 0 1788864681 203958
4 7775 562 0 1788864681 206628
5 7436 133 0 1788864681 208397
6 7222 123 0 1788864681 208988
7 7656 305 0 1788864681 210695
4 7786 368 0 1788864681 211774
4 7792 372 0 1788864681 214103
4 7798 388 0 1788864681 216198
7 7677 278 0 1788864681 217284
7 7686 293 0 1788864681 220486
4 7824 172 0 1788864681 224397
4 7835 142 0 1788864681 226332
4 7840 94 0 1788864681 227115
4 7857 163 0 1788864681 229978
5 7528 140 0 1788864681 231961
4 7873 119 0 1788864681 232619
7 7702 654 0 1788864681 232798
5 7534 168 0 1788864681 233044
4 7878 137 0 1788864681 233447
5 7537 836 0 1788864681 234312
5 7538 672 0 1788864681 234988
7 7711 293 0 1788864681 237145
6 7287 433 0 1788864681 239698
4 7902 370 0 1788864681 243303
5 7562 357 0 1788864681 245117
6 7305 418 0 1788864681 247367
6 7323 338 0 1788864681 255607
7 7725 356 0 1788864681 255776
4 7935 356 0 1788864681 258641
4 7937 488 0 1788864681 259594
5 7608 370 0 1788864681 265108
7 7748 574 0 1788864681 266765
6 7354 388 0 1788864681 267822
4 7962 544 0 1788864681 270459
7 7759 293 0 1788864681 271243
6 7373 320 0 1788864681 274411
4 7985 360 0 1788864681 279881
4 7989 752 0 1788864681 282131
5 7665 307 0 1788864681 284581
5 7670 298 0 1788864681 286477
4 8002 357 0 1788864681 288526
6 7412 266 0 1788864681 288631
7 7804 439 0 1788864681 292412
4 8012 381 0 1788864681 292535
4 8022 397 0 1788864681 297938
4 8025 454 0 1788864681 299679
4 8027 452 0 1788864681 300600
4 8036 1570 0 1788864681 306120
6 7458 613 0 1788864681 308048
6 7464 380 0 1788864681 309965
5 7735 261 0 1788864681 312879
7 7852 369 0 1788864681 316392
7 7854 396 0 1788864681 317238
6 7490 373 0 1788864681 318660
4 8067 388 0 1788864681 319150
6 7492 361 0 1788864681 319402
5 7757 378 0 1788864681 321840
5 7781 365 0 1788864681 330120
5 7783 350 0 1788864681 330776
7 7889 437 0 1788864681 332059
4 8099 534 0 1788864681 332241
5 7790 345 0 1788864681 333275
6 7530 338 0 1788864681 333802
6 7531 373 0 1788864681 334179
6 7532 387 0 1788864681 334570
6 7535 375 0 1788864681 335587
4 8109 446 0 1788864681 336716
7 7900 495 0 1788864681 337119
4 8111 329 0 1788864681 337564
6 7554 334 0 1788864681 341845
6 7560 361 0 1788864681 343834
6 7563 353 0 1788864681 344875
4 8141 412 0 1788864681 350469
4 8143 457 0 1788864681 351387
5 7844 339 0 1788864681 352174
7 7938 467 0 1788864681 353372
7 7943 390 0 1788864681 356013
6 7591 375 0 1788864681 356296
7 7955 454 0 1788864681 361097
6 7606 318 0 1788864681 361535
6 7629 299 0 1788864681 378597
6 7636 345 0 1788864681 381151
4 8195 407 0 1788864681 383121
6 7643 248 0 1788864681 383601
5 7906 326 0 1788864681 384593
6 7653 4133 0 1788864681 391003
7 8009 458 0 1788864681 395777
4 8222 1405 0 1788864681 400187
4 8224 420 0 1788864681 401250
4 8231 464 0 1788864681 403906
6 7683 312 0 1788864681 404245
7 8027 422 0 1788864681 406302
6 7693 332 0 1788864681 407723
6 7701 345 0 1788864681 410678
6 7711 350 0 1788864681 413882
5 7970 383 0 1788864681 414107
7 8077 87 0 1788864681 423520
7 8083 113 0 1788864681 424108
7 8095 116 0 1788864681 425319
7 8103 88 0 1788864681 426092
7 8108 89 0 1788864681 426607
7 8161 114 0 1788864681 432365
5 8008 568 0 1788864681 434131
7 8193 90 0 1788864681 436226
7 8209 90 0 1788864681 437838
6 7755 638 0 1788864681 438833
7 8223 88 0 1788864681 439218
7 8231 90 0 1788864681 440005
7 8236 87 0 1788864681 440509
7 8242 89 0 1788864681 441122
7 8246 79 0 1788864681 441542
4 8299 844 0 1788864681 442176
7 8260 150 0 1788864681 443369
5 8025 792 0 1788864681 445578
7 8311 87 0 1788864681 449593
5 8031 676 0 1788864681 449650
7 8312 120 0 1788864681 449748
7 8329 88 0 1788864681 451450
7 8335 89 0 1788864681 452025
4 8313 701 0 1788864681 452156
5 8046 536 0 1788864681 457737
7 8348 512 0 1788864681 457921
6 7781 389 0 1788864681 458501
6 7799 173 0 1788864681 467738
5 8064 496 0 1788864681 468623
7 8374 285 0 1788864681 470402
5 8077 579 0 1788864681 474579
6 7823 318 0 1788864681 476186
6 7827 491 0 1788864681 477761
6 7829 355 0 1788864681 478511
4 8375 450 0 1788864681 482999
6 7845 213 0 1788864681 483986
6 7847 157 0 1788864681 484302
5 8101 354 0 1788864681 487230
6 7866 170 0 1788864681 487428
5 8102 1515 0 1788864681 488754
6 7880 272 0 1788864681 489216
4 8393 2149 0 1788864681 498865
4 8394 345 0 1788864681 499229
5 8115 788 0 1788864681 499701
7 8435 536 0 1788864681 501583
6 7960 149 0 1788864681 505481
7 8451 612 0 1788864681 511727
6 8007 157 0 1788864681 513241
6 8016 156 0 1788864681 514656
6 8040 91 0 1788864681 517016
7 8463 1407 0 1788864681 525222
6 8139 95 0 1788864681 527666
4 8429 1251 0 1788864681 528800
6 8156 91 0 1788864681 529277
6 8205 89 0 1788864681 534450
6 8235 117 0 1788864681 537576
6 8242 90 0 1788864681 538233
4 8435 1597 0 1788864681 538524
4 8436 1231 0 1788864681 539762
6 8263 87 0 1788864681 540230
6 8269 90 0 1788864681 540775
6 8280 89 0 1788864681 541816
6 8294 93 0 1788864681 543635
6 8296 101 0 1788864681 543898
7 8477 1201 0 1788864681 547084
4 8444 681 0 1788864681 550329
4 8465 255 0 1788864681 562413
4 8467 214 0 1788864681 563072
5 8187 780 0 1788864681 571655
7 8513 964 0 1788864681 580038
6 8440 595 0 1788864681 614172
4 8553 667 0 1788864681 615109
7 8544 943 0 1788864681 625088
4 8583 782 0 1788864681 635717
4 8591 688 0 1788864681 641508
5 8248 1268 0 1788864681 644295
6 8485 693 0 1788864681 644911
7 8575 674 0 1788864681 650600
5 8257 615 0 1788864681 651085
6 8496 928 0 1788864681 651786
5 8258 870 0 1788864681 651977
4 8609 888 0 1788864681 652576
7 8585 691 0 1788864681 658756
7 8587 814 0 1788864681 660221
5 8273 562 0 1788864681 663712
7 8596 1172 0 1788864681 667421
4 8634 633 0 1788864681 668510
5 8315 219 0 1788864681 679554
5 8344 324 0 1788864681 686228
6 8546 326 0 1788864681 688380
6 8566 322 0 1788864681 694895
5 8371 322 0 1788864681 694995
6 8570 284 0 1788864681 696103
6 8579 320 0 1788864681 699369
6 8584 339 0 1788864681 700622
5 8393 114 0 1788864681 702186
5 8397 227 0 1788864681 703661
7 8635 2061 0 1788864681 709791
5 8430 623 0 1788864681 718499
6 8630 327 0 1788864681 719918
5 8436 364 0 1788864681 720840
5 8437 419 0 1788864681 721264
6 8641 356 0 1788864681 723829
6 8643 401 0 1788864681 724631
5 8447 302 0 1788864681 724729
5 8450 346 0 1788864681 725869
6 8663 327 0 1788864681 731674
6 8668 318 0 1788864681 733418
4 8680 18984 0 1788864681 734720
4 8684 742 0 1788864681 737014
5 8481 199 0 1788864681 739862
5 8499 184 0 1788864681 752138
4 8710 846 0 1788864681 754893
6 8705 637 0 1788864681 757904
6 8723 852 0 1788864681 770623
7 8701 723 0 1788864681 771583
4 8735 880 0 1788864681 773079
5 8529 642 0 1788864681 773478
4 8737 601 0 1788864681 774619
5 8531 896 0 1788864681 775135
7 8715 835 0 1788864681 783032
6 8746 335 0 1788864681 794917
5 8553 890 0 1788864681 798594
5 8559 1215 0 1788864681 804442
5 8572 863 0 1788864681 816903
5 8584 1084 0 1788864681 827970
6 8780 1139 0 1788864681 829007
4 8803 595 0 1788864681 835397
7 8782 282 0 1788864681 838877
4 8812 382 0 1788864681 839075
4 8819 401 0 1788864681 841900
5 8601 945 0 1788864681 844561
7 8811 326 0 1788864681 850334
7 8826 416 0 1788864681 856518
5 8617 871 0 1788864681 858843
4 8856 484 0 1788864681 858885
7 8829 337 0 1788864681 858987
4 8858 312 0 1788864681 859539
4 8860 364 0 1788864681 862205
5 8621 1680 0 1788864681 865203
6 8828 1395 0 1788864681 886131
4 8883 0 0 1788864681 910882
6 8841 0 0 1788864681 921699
6 8850 0 0 1788864681 929979
7 8895 0 0 1788864681 930282
7 8896 0 0 1788864681 930855
7 8907 590 0 1788864681 938483
5 8654 845 0 1788864681 939823
6 8866 0 0 1788864681 942100
4 8910 0 0 1788864681 943583
6 8873 0 0 1788864681 947779
5 8663 278 0 1788864681 954112
5 8674 139 0 1788864681 956476
4 8925 658 0 1788864681 956950
7 8923 702 0 1788864681 962596
5 8699 0 0 1788864681 975305
6 8907 0 0 1788864681 977046
7 8941 623 0 1788864681 980274
4 8950 1109 0 1788864681 980529
7 8943 667 0 1788864681 981362
6 8916 592 0 1788864681 983312
4 8957 693 0 1788864681 985125
6 8919 602 0 1788864681 985320
5 8718 729 0 1788864681 988069
6 8924 663 0 1788864681 988902
6 8929 627 0 1788864681 992751
7 8962 576 0 1788864681 995151
4 8973 856 0 1788864681 995916
7 8976 769 0 1788864682 7588
4 8992 753 0 1788864682 10854
5 8756 0 0 1788864682 14420
6 8960 0 0 1788864682 14605
5 8758 0 0 1788864682 15175
4 8994 13831 0 1788864682 25212
4 8997 978 0 1788864682 27986
6 8986 0 0 1788864682 45460
7 8998 0 0 1788864682 47771
5 8788 532 0 1788864682 48349
4 9022 878 0 1788864682 51094
5 8800 0 0 1788864682 59432
6 9000 0 0 1788864682 59663
6 9001 0 0 1788864682 60201
6 9002 0 0 1788864682 60808
6 9008 0 0 1788864682 64017
6 9014 0 0 1788864682 67304
5 8816 0 0 1788864682 68198
4 9047 0 0 1788864682 68588
4 9060 91 0 1788864682 77681
7 9027 415 0 1788864682 87840
4 9088 761 0 1788864682 114016
7 9042 2964 0 1788864682 119749
6 9060 1142 0 1788864682 119864
4 9094 2546 0 1788864682 121126
5 8869 1206 0 1788864682 125698
5 8871 792 0 1788864682 127282
4 9103 804 0 1788864682 128783
6 9072 876 0 1788864682 130743
5 8880 926 0 1788864682 133849
5 8884 547 0 1788864682 136339
7 9085 82 0 1788864682 137106
5 8889 102 0 1788864682 138095
6 9089 161 0 1788864682 141843
4 9125 235 0 1788864682 142083
7 9100 427 0 1788864682 143021
7 9102 633 0 1788864682 144328
7 9103 562 0 1788864682 145340
5 8907 1738 0 1788864682 151686
4 9145 228 0 1788864682 152790
7 9112 812 0 1788864682 154739
6 9120 179 0 1788864682 155180
5 8913 801 0 1788864682 155432
7 9117 609 0 1788864682 157446
6 9131 307 0 1788864682 158201
6 9139 125 0 1788864682 159712
7 9123 443 0 1788864682 161264
5 8924 761 0 1788864682 162548
5 8926 694 0 1788864682 163773
5 8929 782 0 1788864682 166076
5 8941 246 0 1788864682 172841
5 8945 0 0 1788864682 174361
6 9167 1217 0 1788864682 176734
6 9174 89 0 1788864682 178552
5 8957 454 0 1788864682 179394
6 9186 704 0 1788864682 186479
6 9188 523 0 1788864682 187518
5 8977 618 0 1788864682 188044
5 8983 396 0 1788864682 190921
6 9197 559 0 1788864682 191330
4 9245 382 0 1788864682 196767
5 8990 522 0 1788864682 197417
6 9202 105 0 1788864682 198000
4 9252 797 0 1788864682 200923
6 9209 804 0 1788864682 201364
5 8998 478 0 1788864682 202282
4 9255 512 0 1788864682 202537
4 9262 658 0 1788864682 206315
7 9205 449 0 1788864682 207318
7 9214 505 0 1788864682 211840
7 9215 489 0 1788864682 212335
7 9219 411 0 1788864682 213744
5 9023 606 0 1788864682 215480
4 9285 968 0 1788864682 222151
4 9295 91 0 1788864682 230252
5 9041 1248 0 1788864682 234324
7 9237 1223 0 1788864682 234337
7 9239 1189 0 1788864682 237885
6 9256 475 0 1788864682 237943
4 9303 913 0 1788864682 239719
6 9274 1075 0 1788864682 264636
5 9069 780 0 1788864682 266826
7 9271 490 0 1788864682 279288
7 9279 778 0 1788864682 285041
7 9280 329 0 1788864682 285374
6 9315 230 0 1788864682 294255
4 9375 723 0 1788864682 299047
5 9124 545 0 1788864682 302891
6 9336 587 0 1788864682 303455
4 9392 1316 0 1788864682 308176
4 9398 299 0 1788864682 311878
7 9341 227 0 1788864682 319593
6 9365 869 0 1788864682 334438
6 9366 622 0 1788864682 335563
4 9427 1203 0 1788864682 340106
7 9366 447 0 1788864682 342305
7 9370 465 0 1788864682 343967
7 9382 350 0 1788864682 348605
4 9437 799 0 1788864682 349808
7 9402 439 0 1788864682 355363
4 9448 460 0 1788864682 356763
7 9412 0 0 1788864682 361289
7 9426 199 0 1788864682 364463
7 9435 613 0 1788864682 379734
7 9440 252 0 1788864682 386305
6 9428 264 0 1788864682 391676
6 9429 262 0 1788864682 391943
7 9454 348 0 1788864682 392864
5 9236 265 0 1788864682 395015
7 9461 153 0 1788864682 395198
4 9514 303 0 1788864682 398573
4 9526 205 0 1788864682 401834
6 9465 360 0 1788864682 402527
5 9267 347 0 1788864682 404082
7 9485 326 0 1788864682 405379
6 9479 269 0 1788864682 410840
7 9501 204 0 1788864682 411748
4 9548 310 0 1788864682 412090
4 9553 276 0 1788864682 414027
6 9499 247 0 1788864682 416461
4 9561 2463 0 1788864682 418881
4 9576 484 0 1788864682 423846
4 9584 1774 0 1788864682 429824
5 9320 686 0 1788864682 431468
6 9532 609 0 1788864682 434394
5 9330 510 0 1788864682 437357
6 9544 268 0 1788864682 438002
4 9600 568 0 1788864682 442076
4 9602 396 0 1788864682 443226
4 9606 809 0 1788864682 447037
6 9554 0 0 1788864682 460935
7 9577 189 0 1788864682 462247
6 9570 2055 0 1788864682 470974
7 9588 1350 0 1788864682 472401
4 9663 201 0 1788864682 497021
7 9602 295 0 1788864682 497176
6 9593 373 0 1788864682 498731
4 9678 85 0 1788864682 502570
4 9690 206 0 1788864682 504660
6 9603 466 0 1788864682 508815
6 9607 666 0 1788864682 510979
6 9615 1358 0 1788864682 515896
4 9721 707 0 1788864682 517012
6 9617 690 0 1788864682 517022
4 9747 1108 0 1788864682 535065
6 9645 509 0 1788864682 540444
4 9761 715 0 1788864682 543773
4 9762 211 0 1788864682 543989
4 9767 485 0 1788864682 547252
4 9771 444 0 1788864682 549154
7 9654 3672 0 1788864682 550410
4 9774 1295 0 1788864682 551578
4 9777 473 0 1788864682 552579
6 9648 1970 0 1788864682 552739
4 9797 162 0 1788864682 564297
4 9803 130 0 1788864682 565343
6 9674 462 0 1788864682 574111
4 9817 368 0 1788864682 575419
6 9680 225 0 1788864682 575844
7 9697 208 0 1788864682 636325
7 9699 377 0 1788864682 637289
5 9448 0 0 1788864682 638824
6 9700 335 0 1788864682 640837
4 9834 492 0 1788864682 641337
5 9456 405 0 1788864682 642452
4 9842 495 0 1788864682 645194
6 9712 331 0 1788864682 646663
7 9720 262 0 1788864682 648411
6 9717 309 0 1788864682 649105
4 9858 0 0 1788864682 654179
5 9474 285 0 1788864682 654500
6 9740 370 0 1788864682 660075
4 9874 542 0 1788864682 663934
4 9882 390 0 1788864682 668063
4 9886 265 0 1788864682 669392
7 9765 322 0 1788864682 669880
4 9889 327 0 1788864682 670326
7 9767 313 0 1788864682 670516
5 9499 770 0 1788864682 670997
5 9515 301 0 1788864682 678328
5 9522 220 0 1788864682 680400
4 9924 289 0 1788864682 681243
5 9526 442 0 1788864682 681837
4 9926 462 0 1788864682 682066
4 9930 309 0 1788864682 683317
4 9935 223 0 1788864682 684760
6 9819 320 0 1788864682 690172
7 9834 411 0 1788864682 693966
7 9843 1160 0 1788864682 697964
6 9838 332 0 1788864682 698187
7 9847 436 0 1788864682 699115
6 9851 378 0 1788864682 704378
7 9863 272 0 1788864682 704388
5 9584 575 0 1788864682 705986
4 9995 203 0 1788864682 706927
7 9880 266 0 1788864682 709261
4 10004 266 0 1788864682 709624
6 9870 545 0 1788864682 714974
5 9601 432 0 1788864682 715297
4 10029 307 0 1788864682 719116
4 10038 221 0 1788864682 721845
5 9623 113 0 1788864682 723976
5 9644 114 0 1788864682 728467
4 10059 415 0 1788864682 728887
5 9652 208 0 1788864682 729916
6 9923 118 0 1788864682 729924
5 9656 146 0 1788864682 731427
4 10065 348 0 1788864682 731980
6 9932 266 0 1788864682 732719
7 9950 344 0 1788864682 734307
6 9939 222 0 1788864682 734429
6 9947 116 0 1788864682 735877
6 9957 237 0 1788864682 737863
6 9961 130 0 1788864682 738603
7 9962 124 0 1788864682 738617
7 9970 189 0 1788864682 741388
7 9974 212 0 1788864682 742134
6 9980 186 0 1788864682 745507
6 9984 165 0 1788864682 746468
4 10113 206 0 1788864682 747239
5 9729 191 0 1788864682 747636
6 9996 162 0 1788864682 748679
4 10124 151 0 1788864682 751405
7 10005 0 0 1788864682 751901
7 10007 398 0 1788864682 752796
6 10010 0 0 1788864682 757129
4 10144 9537 0 1788864682 770309
6 10019 0 0 1788864682 770888
4 10147 270 0 1788864682 771483
5 9791 280 0 1788864682 772541
6 10027 167 0 1788864682 773011
7 10032 185 0 1788864682 773460
6 10029 236 0 1788864682 773556
6 10031 199 0 1788864682 774030
6 10032 315 0 1788864682 774350
4 10159 206 0 1788864682 774380
7 10050 78 0 1788864682 776878
7 10053 159 0 1788864682 777504
7 10061 229 0 1788864682 779318
4 10193 104 0 1788864682 782263
4 10194 130 0 1788864682 782401
7 10088 115 0 1788864682 784270
7 10097 317 0 1788864682 785639
4 10230 182 0 1788864682 790447
4 10251 230 0 1788864682 793717
7 10163 166 0 1788864682 801709
7 10165 170 0 1788864682 801991
4 10300 189 0 1788864682 806093
4 10301 231 0 1788864682 806333
7 10202 194 0 1788864682 809423
7 10205 513 0 1788864682 810628
4 10335 397 0 1788864682 818826
7 10228 465 0 1788864682 819092
4 10339 391 0 1788864682 820387
7 10235 535 0 1788864682 822411
6 10085 161 0 1788864682 829743
4 10365 395 0 1788864682 831403
4 10367 356 0 1788864682 832250
7 10261 326 0 1788864682 832761
6 10099 265 0 1788864682 837288
6 10103 164 0 1788864682 839685
6 10106 610 0 1788864682 841249
6 10107 519 0 1788864682 841795
7 10277 1005 0 1788864682 844355
7 10278 494 0 1788864682 844855
6 10112 392 0 1788864682 844993
4 10394 445 0 1788864682 854840
6 10119 474 0 1788864682 855770
4 10410 106 0 1788864682 866776
4 10413 154 0 1788864682 867913
7 10304 175 0 1788864682 868893
4 10422 162 0 1788864682 869561
5 9848 162 0 1788864682 870740
6 10146 198 0 1788864682 870749
5 9850 155 0 1788864682 871196
5 9855 203 0 1788864682 873773
5 9859 0 0 1788864682 874900
7 10324 570 0 1788864682 876547
5 9873 242 0 1788864682 884511
7 10333 149 0 1788864682 884717
4 10458 159 0 1788864682 886086
6 10178 125 0 1788864682 886426
4 10473 189 0 1788864682 889641
7 10352 822 0 1788864682 889650
5 9898 184 0 1788864682 891944
7 10359 69 0 1788864682 891990
5 9899 399 0 1788864682 892348
4 10491 146 0 1788864682 892499
5 9904 215 0 1788864682 893405
6 10201 63 0 1788864682 894083
7 10369 378 0 1788864682 894440
4 10505 360 0 1788864682 895983
7 10374 408 0 1788864682 895998
4 10506 74 0 1788864682 896074
4 10526 135 0 1788864682 899331
4 10532 175 0 1788864682 900457
7 10403 375 0 1788864682 901581
5 9949 215 0 1788864682 902602
4 10537 161 0 1788864682 902684
6 10252 219 0 1788864682 904790
7 10419 221 0 1788864682 905152
6 10258 150 0 1788864682 906062
4 10547 191 0 1788864682 907414
5 9982 77 0 1788864682 908540
7 10440 215 0 1788864682 909130
7 10447 279 0 1788864682 911478
5 10001 371 0 1788864682 914071
7 10464 244 0 1788864682 918440
5 10015 92 0 1788864682 920155
7 10475 159 0 1788864682 922502
5 10039 603 0 1788864682 925138
7 10479 355 0 1788864682 925150
5 10046 0 0 1788864682 927850
5 10050 691 0 1788864682 929518
4 10634 0 0 1788864682 935733
4 10635 0 0 1788864682 936163
6 10350 0 0 1788864682 945193
5 10092 576 0 1788864682 951213
4 10669 512 0 1788864682 951869
7 10552 141 0 1788864682 956336
7 10568 140 0 1788864682 959201
7 10581 172 0 1788864682 962085
4 10674 8096 0 1788864682 962417
5 10156 354 0 1788864682 963264
7 10601 361 0 1788864682 969320
5 10167 1121 0 1788864682 969352
5 10168 199 0 1788864682 969554
6 10386 2158 0 1788864682 974023
4 10699 264 0 1788864682 974861
7 10609 87 0 1788864682 979552
6 10406 572 0 1788864682 982616
4 10718 298 0 1788864682 983351
5 10196 301 0 1788864682 983443
5 10206 126 0 1788864682 986170
4 10731 352 0 1788864682 987071
6 10432 521 0 1788864682 989318
5 10218 667 0 1788864682 990672
7 10642 0 0 1788864682 991405
4 10740 836 0 1788864682 992672
7 10653 0 0 1788864683 543
7 10660 0 0 1788864683 4543
7 10663 5882 0 1788864683 11867
6 10463 0 0 1788864683 15362
6 10468 812 0 1788864683 19939
7 10674 797 0 1788864683 22837
7 10675 0 0 1788864683 23293
5 10264 674 0 1788864683 25189
6 10498 748 0 1788864683 62462
4 10801 620 0 1788864683 65787
7 10736 0 0 1788864683 68441
6 10504 6256 0 1788864683 72487
4 10816 474 0 1788864683 85903
7 10768 1039 0 1788864683 90959
5 10341 1580 0 1788864683 110345
4 10846 0 0 1788864683 117230
5 10349 912 0 1788864683 118146
5 10351 299 0 1788864683 119097
4 10850 0 0 1788864683 121124
6 10591 426 0 1788864683 127292
4 10869 458 0 1788864683 127658
7 10801 583 0 1788864683 133512
4 10890 772 0 1788864683 142979
7 10810 1369 0 1788864683 143281
5 10385 1194 0 1788864683 143683
6 10617 289 0 1788864683 150955
6 10647 279 0 1788864683 162216
4 10929 382 0 1788864683 164707
7 10857 379 0 1788864683 167637
7 10861 381 0 1788864683 169151
6 10669 322 0 1788864683 170202
5 10445 1116 0 1788864683 177053
4 10957 1395 0 1788864683 179090
6 10683 476 0 1788864683 184825
5 10458 382 0 1788864683 188473
6 10694 986 0 1788864683 192775
6 10697 1008 0 1788864683 195379
7 10883 400 0 1788864683 195389
7 10892 1278 0 1788864683 208110
7 10893 687 0 1788864683 208819
5 10481 2017 0 1788864683 211579
6 10726 430 0 1788864683 213417
7 10906 1298 0 1788864683 217967
6 10740 590 0 1788864683 224607
7 10913 842 0 1788864683 226074
4 11037 0 0 1788864683 234670
4 11038 1179 0 1788864683 235943
5 10522 0 0 1788864683 237577
5 10525 584 0 1788864683 239284
7 10924 273 0 1788864683 239864
5 10535 587 0 1788864683 248053
4 11058 1047 0 1788864683 249681
7 10935 0 0 1788864683 252081
4 11065 814 0 1788864683 255625
6 10778 1095 0 1788864683 255634
6 10780 0 0 1788864683 256940
4 11068 1727 0 1788864683 259295
4 11070 1386 0 1788864683 262226
7 10945 1085 0 1788864683 266730
6 10799 0 0 1788864683 275603
6 10801 0 0 1788864683 276268
4 11085 0 0 1788864683 280259
6 10807 0 0 1788864683 283262
6 10808 0 0 1788864683 283767
6 10828 1310 0 1788864683 296701
5 10587 739 0 1788864683 300988
6 10841 848 0 1788864683 308016
5 10597 747 0 1788864683 309891
5 10598 694 0 1788864683 310589
4 11129 158 0 1788864683 315162
7 10972 1639 0 1788864683 315824
4 11145 131 0 1788864683 317114
6 10866 767 0 1788864683 319250
6 10872 297 0 1788864683 321525
4 11168 1845 0 1788864683 323166
6 10887 346 0 1788864683 326966
4 11203 114 0 1788864683 328254
6 10909 302 0 1788864683 337297
4 11242 304 0 1788864683 337398
5 10634 966 0 1788864683 341594
7 11035 399 0 1788864683 344164
4 11273 356 0 1788864683 348084
6 10950 475 0 1788864683 353728
6 10953 134 0 1788864683 355001
5 10649 943 0 1788864683 355505
4 11307 270 0 1788864683 359356
6 10968 271 0 1788864683 360305
7 11084 314 0 1788864683 360498
6 10976 371 0 1788864683 363086
7 11099 92 0 1788864683 366052
7 11100 99 0 1788864683 366155
7 11112 348 0 1788864683 370491
4 11334 369 0 1788864683 371152
7 11119 332 0 1788864683 373289
5 10666 788 0 1788864683 375907
6 11016 405 0 1788864683 381459
6 11019 343 0 1788864683 382537
7 11143 296 0 1788864683 384437
5 10678 712 0 1788864683 384564
7 11149 214 0 1788864683 385401
7 11151 205 0 1788864683 385804
4 11374 464 0 1788864683 389455
7 11189 253 0 1788864683 393313
7 11192 180 0 1788864683 393759
7 11195 249 0 1788864683 394567
4 11391 114 0 1788864683 394821
5 10693 626 0 1788864683 396304
5 10701 1100 0 1788864683 402850
5 10705 442 0 1788864683 405377
6 11058 910 0 1788864683 410112
5 10713 592 0 1788864683 410732
6 11059 767 0 1788864683 410926
6 11066 610 0 1788864683 415002
6 11076 518 0 1788864683 420343
6 11084 516 0 1788864683 424585
4 11453 332 0 1788864683 425270
5 10734 111 0 1788864683 425965
7 11256 693 0 1788864683 426284
7 11262 581 0 1788864683 430311
5 10741 690 0 1788864683 430731
5 10749 690 0 1788864683 434719
7 11285 771 0 1788864683 444310
7 11288 627 0 1788864683 446606
4 11487 783 0 1788864683 449200
7 11294 990 0 1788864683 451617
5 10774 583 0 1788864683 453023
5 10781 104 0 1788864683 454028
4 11499 758 0 1788864683 458558
5 10825 167 0 1788864683 461131
7 11306 1180 0 1788864683 462340
5 10836 85 0 1788864683 462937
4 11508 816 0 1788864683 464145
5 10844 270 0 1788864683 464514
4 11511 668 0 1788864683 465887
7 11313 908 0 1788864683 467916
5 10871 118 0 1788864683 467945
5 10888 95 0 1788864683 469751
5 10895 148 0 1788864683 470525
6 11154 705 0 1788864683 470812
4 11520 806 0 1788864683 473543
6 11162 531 0 1788864683 477214
4 11529 882 0 1788864683 480746
7 11348 370 0 1788864683 484821
7 11360 249 0 1788864683 486733
5 11026 382 0 1788864683 493344
5 11032 183 0 1788864683 495027
4 11559 305 0 1788864683 495242
5 11033 218 0 1788864683 495250
7 11388 360 0 1788864683 495446
4 11561 202 0 1788864683 495739
5 11036 291 0 1788864683 495936
4 11574 541 0 1788864683 499770
7 11406 249 0 1788864683 500466
4 11578 311 0 1788864683 500898
4 11587 150 0 1788864683 504221
6 11181 685 0 1788864683 511785
4 11600 350 0 1788864683 511840
7 11430 892 0 1788864683 512712
5 11082 723 0 1788864683 516109
6 11187 620 0 1788864683 516766
5 11090 579 0 1788864683 522279
4 11627 671 0 1788864683 526316
4 11631 477 0 1788864683 528618
6 11206 746 0 1788864683 530664
5 11109 873 0 1788864683 535345
4 11642 2184 0 1788864683 536363
5 11113 442 0 1788864683 538981
7 11482 321 0 1788864683 542004
4 11655 596 0 1788864683 542633
6 11224 261 0 1788864683 542933
7 11491 142 0 1788864683 545700
4 11672 187 0 1788864683 547972
6 11248 106 0 1788864683 548981
7 11505 321 0 1788864683 549690
4 11682 272 0 1788864683 551212
6 11260 212 0 1788864683 552552
7 11515 354 0 1788864683 553123
7 11517 317 0 1788864683 553796
6 11265 390 0 1788864683 554281
6 11270 158 0 1788864683 555447
7 11523 282 0 1788864683 555748
7 11524 388 0 1788864683 556141
4 11702 622 0 1788864683 558242
4 11703 252 0 1788864683 558503
5 11138 1177 0 1788864683 560960
7 11556 312 0 1788864683 565983
7 11560 76 0 1788864683 567103
6 11286 598 0 1788864683 568878
4 11742 183 0 1788864683 568990
4 11749 266 0 1788864683 570426
7 11582 173 0 1788864683 570884
7 11603 144 0 1788864683 575512
6 11298 458 0 1788864683 575671
7 11607 134 0 1788864683 576480
5 11164 460 0 1788864683 577850
5 11165 441 0 1788864683 578300
5 11166 626 0 1788864683 578932
4 11798 174 0 1788864683 581399
5 11175 184 0 1788864683 582979
6 11316 341 0 1788864683 583983
4 11812 350 0 1788864683 584985
7 11645 355 0 1788864683 586073
7 11650 0 0 1788864683 587055
5 11187 419 0 1788864683 588317
7 11655 164 0 1788864683 588324
7 11662 287 0 1788864683 590520
4 11834 349 0 1788864683 591082
4 11844 207 0 1788864683 593942
4 11845 266 0 1788864683 594216
4 11856 159 0 1788864683 597038
7 11686 257 0 1788864683 597434
4 11865 375 0 1788864683 599798
5 11201 917 0 1788864683 600210
4 11879 208 0 1788864683 603160
4 11882 235 0 1788864683 603721
7 11716 171 0 1788864683 604940
7 11731 503 0 1788864683 623276
7 11734 828 0 1788864683 624707
7 11735 205 0 1788864683 624931
4 11936 111 0 1788864683 626338
4 11949 470 0 1788864683 629925
6 11388 702 0 1788864683 632196
5 11232 834 0 1788864683 632590
7 11757 81 0 1788864683 635191
4 11973 274 0 1788864683 638524
7 11790 90 0 1788864683 639631
7 11793 137 0 1788864683 640055
7 11794 155 0 1788864683 640214
7 11819 343 0 1788864683 648479
4 12024 368 0 1788864683 657829
5 11271 609 0 1788864683 659162
6 11429 700 0 1788864683 661470
4 12035 210 0 1788864683 661874
4 12037 462 0 1788864683 662591
4 12038 401 0 1788864683 662997
7 11867 1411 0 1788864683 667838
4 12058 206 0 1788864683 668049
7 11872 233 0 1788864683 669174
5 11287 787 0 1788864683 669542
6 11443 724 0 1788864683 669902
7 11883 239 0 1788864683 671790
7 11885 273 0 1788864683 672323
7 11891 185 0 1788864683 673738
7 11892 236 0 1788864683 673979
6 11449 699 0 1788864683 674098
5 11296 340 0 1788864683 675718
7 11901 179 0 1788864683 676076
4 12092 227 0 1788864683 676213
5 11299 250 0 1788864683 677171
7 11907 233 0 1788864683 677428
6 11461 696 0 1788864683 682059
6 11469 715 0 1788864683 688727
5 11315 685 0 1788864683 689287
7 11965 174 0 1788864683 691791
6 11474 829 0 1788864683 692421
7 11970 0 0 1788864683 692917
5 11319 1323 0 1788864683 693119
7 11980 304 0 1788864683 695088
4 12200 0 0 1788864683 704416
5 11351 218 0 1788864683 710185
7 12037 241 0 1788864683 710789
4 12241 243 0 1788864683 714669
7 12060 291 0 1788864683 716931
7 12064 203 0 1788864683 717943
4 12276 77 0 1788864683 724109
7 12090 254 0 1788864683 726302
7 12101 254 0 1788864683 729025
5 11396 727 0 1788864683 731949
6 11510 2027 0 1788864683 741130
7 12160 319 0 1788864683 744859
7 12173 276 0 1788864683 748061
5 11418 812 0 1788864683 749105
7 12181 274 0 1788864683 750341
6 11517 1289 0 1788864683 751538
7 12194 288 0 1788864683 753778
4 12399 143 0 1788864683 755328
4 12407 153 0 1788864683 756699
7 12212 182 0 1788864683 757596
7 12217 154 0 1788864683 758408
7 12221 199 0 1788864683 759190
7 12233 154 0 1788864683 761358
5 11427 4906 0 1788864683 763734
7 12287 243 0 1788864683 774043
7 12289 255 0 1788864683 774555
7 12296 274 0 1788864683 776367
6 11547 692 0 1788864683 776764
5 11445 712 0 1788864683 777603
4 12504 241 0 1788864683 778089
6 11557 859 0 1788864683 783982
4 12534 283 0 1788864683 786201
5 11462 997 0 1788864683 790123
6 11566 626 0 1788864683 790476
7 12351 372 0 1788864683 790762
6 11582 316 0 1788864683 799325
4 12588 337 0 1788864683 799973
5 11477 970 0 1788864683 800752
6 11605 264 0 1788864683 804870
5 11486 800 0 1788864683 806551
6 11611 273 0 1788864683 806560
4 12613 185 0 1788864683 807185
7 12411 309 0 1788864683 807714
7 12426 184 0 1788864683 811130
7 12442 184 0 1788864683 814680
7 12443 280 0 1788864683 814965
7 12453 178 0 1788864683 817145
7 12458 183 0 1788864683 818161
4 12665 294 0 1788864683 818902
4 12667 177 0 1788864683 819314
6 11669 286 0 1788864683 821527
6 11676 268 0 1788864683 823533
5 11512 209 0 1788864683 825794
7 12515 234 0 1788864683 833289
6 11688 3055 0 1788864683 835808
7 12523 331 0 1788864683 836170
4 12741 222 0 1788864683 838562
4 12742 203 0 1788864683 838774
4 12745 223 0 1788864683 839442
7 12553 290 0 1788864683 842620
4 12765 450 0 1788864683 846772
4 12770 333 0 1788864683 848605
5 11545 647 0 1788864683 849288
4 12777 280 0 1788864683 851164
7 12578 195 0 1788864683 851456
7 12581 323 0 1788864683 852136
4 12782 124 0 1788864683 852326
7 12599 331 0 1788864683 857282
7 12600 318 0 1788864683 857606
6 11704 142 0 1788864683 858197
5 11558 488 0 1788864683 858305
5 11560 365 0 1788864683 858867
7 12606 475 0 1788864683 862860
6 11720 108 0 1788864683 864044
7 12610 274 0 1788864683 865822
7 12612 179 0 1788864683 866403
5 11576 167 0 1788864683 867134
6 11733 98 0 1788864683 867544
5 11579 5409 0 1788864683 872833
7 12628 571 0 1788864683 877284
7 12632 286 0 1788864683 878730
5 11592 215 0 1788864683 881474
7 12642 274 0 1788864683 887739
4 12845 276 0 1788864683 888380
7 12649 310 0 1788864683 889744
4 12887 107 0 1788864683 895425
4 12894 102 0 1788864683 896255
4 12897 83 0 1788864683 896540
4 12899 87 0 1788864683 896771
4 12903 172 0 1788864683 897255
7 12701 204 0 1788864683 897416
4 12912 90 0 1788864683 898230
4 12923 117 0 1788864683 899434
4 12930 81 0 1788864683 900117
7 12729 151 0 1788864683 900567
4 12934 153 0 1788864683 900642
7 12731 107 0 1788864683 900807
4 12938 101 0 1788864683 901123
7 12735 101 0 1788864683 901277
5 11631 400 0 1788864683 902567
7 12761 350 0 1788864683 909380
7 12762 291 0 1788864683 909695
4 12967 253 0 1788864683 909794
6 11794 629 0 1788864683 911386
6 11803 288 0 1788864683 914641
4 12981 187 0 1788864683 915009
5 11655 637 0 1788864683 918194
4 12998 284 0 1788864683 920161
4 13003 292 0 1788864683 921665
6 11826 300 0 1788864683 921769
4 13008 304 0 1788864683 923411
7 12809 414 0 1788864683 925993
4 13015 376 0 1788864683 926530
6 11845 485 0 1788864683 928673
6 11857 208 0 1788864683 935484
4 13035 415 0 1788864683 936108
7 12831 384 0 1788864683 936779
5 11687 375 0 1788864683 938465
4 13053 651 0 1788864683 943915
6 11879 424 0 1788864683 944766
4 13086 430 0 1788864683 956642
5 11733 415 0 1788864683 956859
7 12887 374 0 1788864683 959439
7 12890 513 0 1788864683 960740
4 13096 430 0 1788864683 960843
5 11769 538 0 1788864683 971576
4 13129 417 0 1788864683 977522
5 11787 388 0 1788864683 982624
5 11791 397 0 1788864683 984210
4 13146 384 0 1788864683 984694
4 13155 408 0 1788864683 988217
6 11981 406 0 1788864683 989721
7 12953 382 0 1788864683 990298
5 11812 427 0 1788864683 992227
5 11814 295 0 1788864683 993063
7 12963 280 0 1788864683 994233
5 11822 632 0 1788864683 996757
7 12969 2092 0 1788864683 998318
7 12971 444 0 1788864683 999108
4 13180 373 0 1788864684 106
5 11827 376 0 1788864684 203
7 12974 414 0 1788864684 336
6 12004 380 0 1788864684 815
6 12006 404 0 1788864684 1604
4 13189 345 0 1788864684 3719
5 11837 373 0 1788864684 4264
7 12990 487 0 1788864684 6856
7 12993 478 0 1788864684 8463
7 12999 553 0 1788864684 10938
6 12033 128 0 1788864684 15124
7 13005 290 0 1788864684 15857
7 13009 371 0 1788864684 17379
7 13011 1455 0 1788864684 19264
5 11867 588 0 1788864684 20228
7 13013 508 0 1788864684 20328
4 13233 510 0 1788864684 26244
6 12063 536 0 1788864684 29252
4 13245 677 0 1788864684 32702
4 13247 5493 0 1788864684 38517
7 13052 382 0 1788864684 43717
4 13261 361 0 1788864684 44177
7 13071 651 0 1788864684 51257
4 13279 528 0 1788864684 51729
5 11935 590 0 1788864684 54359
5 11940 728 0 1788864684 56951
4 13293 3443 0 1788864684 60639
5 11943 375 0 1788864684 61343
5 11944 314 0 1788864684 61661
6 12122 375 0 1788864684 63086
5 11949 308 0 1788864684 63796
7 13094 366 0 1788864684 64262
6 12126 804 0 1788864684 64886
7 13097 424 0 1788864684 65410
4 13306 410 0 1788864684 66070
4 13325 231 0 1788864684 73402
7 13128 263 0 1788864684 77391
7 13143 120 0 1788864684 82921
7 13150 89 0 1788864684 83742
7 13152 88 0 1788864684 83983
4 13358 86 0 1788864684 84768
7 13167 143 0 1788864684 86490
6 12194 299 0 1788864684 88637
5 12031 299 0 1788864684 96562
5 12039 311 0 1788864684 101302
6 12217 279 0 1788864684 101859
5 12047 269 0 1788864684 103525
4 13401 157 0 1788864684 104087
5 12053 1744 0 1788864684 106701
6 12229 1567 0 1788864684 106711
5 12076 99 0 1788864684 116957
6 12262 181 0 1788864684 119080
4 13453 2736 0 1788864684 124550
7 13254 3981 0 1788864684 125548
4 13455 179 0 1788864684 126265
6 12289 77 0 1788864684 127236
4 13462 248 0 1788864684 128097
6 12307 173 0 1788864684 132072
7 13275 257 0 1788864684 133219
7 13277 88 0 1788864684 133600
5 12129 88 0 1788864684 133736
6 12326 88 0 1788864684 136508
6 12331 98 0 1788864684 137163
7 13294 416 0 1788864684 142060
4 13495 307 0 1788864684 142752
5 12158 249 0 1788864684 143767
6 12351 178 0 1788864684 143855
7 13306 256 0 1788864684 145550
5 12173 127 0 1788864684 147689
5 12174 88 0 1788864684 147782
5 12179 79 0 1788864684 148425
5 12182 87 0 1788864684 148817
4 13520 221 0 1788864684 150089
4 13526 112 0 1788864684 151851
7 13330 396 0 1788864684 152443
4 13528 449 0 1788864684 152711
5 12203 117 0 1788864684 153045
6 12396 448 0 1788864684 172034
6 12403 87 0 1788864684 172675
6 12415 88 0 1788864684 173806
4 13545 193 0 1788864684 175088
6 12424 306 0 1788864684 175749
6 12430 1078 0 1788864684 179720
6 12436 331 0 1788864684 184722
5 12237 88 0 1788864684 185127
6 12439 269 0 1788864684 185447
5 12254 221 0 1788864684 189550
6 12453 219 0 1788864684 189983
5 12266 361 0 1788864684 195124
7 13398 355 0 1788864684 198174
5 12279 102 0 1788864684 199796
7 13405 243 0 1788864684 201439
7 13418 305 0 1788864684 204676
6 12510 427 0 1788864684 211172
5 12323 256 0 1788864684 214053
4 13648 366 0 1788864684 218909
6 12533 353 0 1788864684 221198
6 12538 483 0 1788864684 223481
7 13465 394 0 1788864684 224385
5 12350 843 0 1788864684 225325
6 12542 463 0 1788864684 226639
5 12355 266 0 1788864684 229331
4 13672 402 0 1788864684 231983
4 13673 327 0 1788864684 232316
5 12365 313 0 1788864684 232569
6 12562 649 0 1788864684 236023
7 13490 701 0 1788864684 236779
6 12567 241 0 1788864684 237995
6 12578 611 0 1788864684 243179
6 12587 344 0 1788864684 246161
6 12591 300 0 1788864684 247685
6 12594 363 0 1788864684 248987
4 13712 352 0 1788864684 249249
4 13713 291 0 1788864684 249544
6 12610 403 0 1788864684 254954
4 13734 966 0 1788864684 259061
5 12427 571 0 1788864684 259393
6 12617 5308 0 1788864684 264728
7 13553 178 0 1788864684 270188
4 13748 188 0 1788864684 270283
6 12640 433 0 1788864684 290687
4 13777 137 0 1788864684 292528
4 13778 246 0 1788864684 292778
4 13785 176 0 1788864684 296237
7 13583 558 0 1788864684 297011
6 12655 674 0 1788864684 298001
5 12482 128 0 1788864684 298249
7 13585 727 0 1788864684 298510
4 13794 520 0 1788864684 299634
7 13596 175 0 1788864684 301068
6 12663 1538 0 1788864684 305933
5 12512 323 0 1788864684 306146
7 13621 297 0 1788864684 307199
5 12518 89 0 1788864684 307959
7 13629 689 0 1788864684 311709
7 13635 508 0 1788864684 315189
4 13827 608 0 1788864684 315703
5 12533 507 0 1788864684 317724
4 13846 354 0 1788864684 323975
6 12706 705 0 1788864684 328703
4 13855 422 0 1788864684 328802
4 13859 469 0 1788864684 331387
6 12718 479 0 1788864684 337208
7 13685 567 0 1788864684 344306
6 12730 495 0 1788864684 345406
5 12585 1400 0 1788864684 347249
7 13708 435 0 1788864684 358398
6 12755 358 0 1788864684 359886
4 13907 418 0 1788864684 361183
4 13908 238 0 1788864684 361426
4 13910 510 0 1788864684 362456
4 13916 686 0 1788864684 366245
5 12630 860 0 1788864684 372382
5 12637 379 0 1788864684 375441
7 13753 458 0 1788864684 380621
4 13954 501 0 1788864684 384183
6 12807 477 0 1788864684 386793
5 12664 139 0 1788864684 388158
4 13962 717 0 1788864684 389306
5 12681 344 0 1788864684 393652
6 12828 261 0 1788864684 393886
7 13799 201 0 1788864684 397303
4 13989 532 0 1788864684 402181
7 13813 353 0 1788864684 402774
5 12702 518 0 1788864684 403031
5 12708 512 0 1788864684 405570
6 12863 1034 0 1788864684 405576
7 13826 519 0 1788864684 407842
5 12719 724 0 1788864684 412363
7 13835 620 0 1788864684 414411
6 12878 754 0 1788864684 416883
5 12731 1192 0 1788864684 422332
6 12886 430 0 1788864684 422571
7 13848 728 0 1788864684 423961
4 14042 983 0 1788864684 429385
6 12903 187 0 1788864684 432351
4 14048 832 0 1788864684 432814
4 14056 540 0 1788864684 436284
6 12929 692 0 1788864684 448396
7 13880 587 0 1788864684 450457
7 13892 174 0 1788864684 451773
7 13893 145 0 1788864684 451924
7 13902 88 0 1788864684 453007
7 13911 581 0 1788864684 456223
5 12790 181 0 1788864684 459247
7 13923 653 0 1788864684 459939
6 12956 476 0 1788864684 468308
5 12809 566 0 1788864684 473302
6 12966 602 0 1788864684 474353
7 13952 786 0 1788864684 475502
7 13955 250 0 1788864684 477839
4 14161 278 0 1788864684 480539
4 14166 374 0 1788864684 482412
7 13973 871 0 1788864684 485061
6 12991 0 0 1788864684 485857
5 12836 551 0 1788864684 488504
6 12998 0 0 1788864684 489290
4 14189 199 0 1788864684 490778
4 14195 312 0 1788864684 494333
6 13016 909 0 1788864684 501351
5 12855 697 0 1788864684 502387
4 14209 802 0 1788864684 504354
6 13025 841 0 1788864684 507983
4 14224 253 0 1788864684 515663
5 12874 1053 0 1788864684 516829
4 14232 0 0 1788864684 521760
4 14235 2247 0 1788864684 529431
7 14016 7780 0 1788864684 535956
4 14240 547 0 1788864684 537807
5 12937 206 0 1788864684 542223
4 14259 92 0 1788864684 545368
4 14266 436 0 1788864684 547715
4 14269 494 0 1788864684 548647
7 14041 515 0 1788864684 549212
7 14051 494 0 1788864684 555170
6 13078 226 0 1788864684 555950
6 13079 214 0 1788864684 556192
7 14059 1814 0 1788864684 562351
4 14289 635 0 1788864684 563228
6 13131 197 0 1788864684 564372
6 13133 90 0 1788864684 564561
6 13138 110 0 1788864684 565361
6 13152 184 0 1788864684 567461
5 12981 666 0 1788864684 568033
6 13158 0 0 1788864684 568421
6 13168 0 0 1788864684 569434
6 13170 0 0 1788864684 569620
6 13171 0 0 1788864684 569714
6 13175 160 0 1788864684 570221
4 14308 623 0 1788864684 572781
4 14318 314 0 1788864684 580430
4 14322 275 0 1788864684 582188
6 13200 415 0 1788864684 584653
4 14332 1062 0 1788864684 587746
6 13215 497 0 1788864684 594519
7 14120 225 0 1788864684 599403
7 14124 1071 0 1788864684 603272
5 13037 680 0 1788864684 606076
6 13228 829 0 1788864684 606514
6 13231 430 0 1788864684 609993
7 14130 880 0 1788864684 610235
4 14358 723 0 1788864684 610869
7 14133 273 0 1788864684 611854
6 13236 523 0 1788864684 612648
5 13056 862 0 1788864684 613964
4 14373 333 0 1788864684 619024
4 14391 530 0 1788864684 627198
5 13086 551 0 1788864684 628559
5 13094 432 0 1788864684 632188
7 14178 448 0 1788864684 633921
6 13283 446 0 1788864684 634727
4 14409 468 0 1788864684 635103
5 13101 372 0 1788864684 635292
5 13103 691 0 1788864684 636378
6 13290 516 0 1788864684 637689
5 13108 344 0 1788864684 638137
7 14190 470 0 1788864684 639413
7 14192 456 0 1788864684 640060
6 13295 704 0 1788864684 640413
6 13298 464 0 1788864684 641716
4 14426 431 0 1788864684 643060
7 14211 1550 0 1788864684 651333
5 13134 450 0 1788864684 652625
5 13139 465 0 1788864684 655087
5 13141 2295 0 1788864684 657886
5 13143 816 0 1788864684 658803
4 14452 1570 0 1788864684 660790
6 13334 477 0 1788864684 663355
5 13152 454 0 1788864684 664006
7 14241 374 0 1788864684 668202
4 14475 425 0 1788864684 670844
5 13175 652 0 1788864684 673492
5 13178 381 0 1788864684 674635
6 13375 571 0 1788864684 680346
5 13193 383 0 1788864684 680925
6 13378 188 0 1788864684 681307
5 13194 477 0 1788864684 681407
4 14502 372 0 1788864684 682068
6 13381 382 0 1788864684 682826
5 13199 389 0 1788864684 682927
4 14513 374 0 1788864684 686293
5 13211 313 0 1788864684 687684
5 13223 381 0 1788864684 692788
6 13417 404 0 1788864684 696702
5 13244 563 0 1788864684 700772
6 13430 378 0 1788864684 702021
5 13249 372 0 1788864684 702582
7 14334 374 0 1788864684 705133
6 13441 375 0 1788864684 706185
7 14343 373 0 1788864684 708579
7 14347 609 0 1788864684 710164
6 13459 394 0 1788864684 713460
4 14589 274 0 1788864684 716554
6 13475 702 0 1788864684 720680
7 14385 91 0 1788864684 725741
6 13489 384 0 1788864684 726700
5 13318 372 0 1788864684 730568
5 13347 468 0 1788864684 743470
6 13539 225 0 1788864684 747781
6 13541 383 0 1788864684 748705
5 13365 447 0 1788864684 750809
5 13368 536 0 1788864684 752186
6 13553 386 0 1788864684 753734
7 14452 333 0 1788864684 754167
4 14680 367 0 1788864684 754344
5 13375 503 0 1788864684 754946
5 13385 406 0 1788864684 758736
6 13579 186 0 1788864684 763570
5 13398 371 0 1788864684 764105
7 14478 375 0 1788864684 764204
7 14485 407 0 1788864684 767029
4 14713 385 0 1788864684 767706
7 14492 190 0 1788864684 769724
5 13421 386 0 1788864684 772579
6 13619 379 0 1788864684 779005
6 13642 372 0 1788864684 789450
4 14767 380 0 1788864684 789933
5 13471 375 0 1788864684 793161
4 14786 376 0 1788864684 797142
5 13486 388 0 1788864684 799547
6 13671 469 0 1788864684 800255
7 14571 400 0 1788864684 801976
5 13498 202 0 1788864684 803737
7 14573 1673 0 1788864684 804033
7 14575 393 0 1788864684 804604
7 14580 466 0 1788864684 806721
4 14821 392 0 1788864684 812595
7 14598 383 0 1788864684 813857
5 13524 384 0 1788864684 814054
7 14602 422 0 1788864684 815436
7 14608 384 0 1788864684 817780
6 13726 379 0 1788864684 821443
7 14619 376 0 1788864684 822309
5 13546 382 0 1788864684 822504
6 13729 389 0 1788864684 822606
7 14626 404 0 1788864684 825318
5 13554 387 0 1788864684 825901
6 13744 418 0 1788864684 828699
4 14869 379 0 1788864684 832265
6 13754 223 0 1788864684 832684
5 13579 381 0 1788864684 836045
6 13768 480 0 1788864684 837941
4 14885 761 0 1788864684 838803
4 14887 380 0 1788864684 839562
4 14905 493 0 1788864684 846217
5 13610 375 0 1788864684 847565
7 14700 386 0 1788864684 868020
4 14926 384 0 1788864684 869294
5 13637 303 0 1788864684 872852
5 13638 385 0 1788864684 873244
4 14936 416 0 1788864684 873567
5 13647 292 0 1788864684 877081
7 14729 375 0 1788864684 879292
4 14959 400 0 1788864684 882412
7 14743 414 0 1788864684 884870
7 14750 394 0 1788864684 887551
7 14756 355 0 1788864684 889926
4 14977 652 0 1788864684 890029
6 13869 380 0 1788864684 892144
4 14986 376 0 1788864684 893470
5 13691 385 0 1788864684 894723
6 13875 390 0 1788864684 894823
6 13879 380 0 1788864684 896376
5 13696 503 0 1788864684 896785
6 13881 386 0 1788864684 897076
4 15001 385 0 1788864684 898794
5 13712 379 0 1788864684 903171
4 15019 357 0 1788864684 905805
7 14798 186 0 1788864684 906150
4 15020 440 0 1788864684 906250
4 15021 379 0 1788864684 906633
5 13722 477 0 1788864684 906919
6 13913 283 0 1788864684 909123
7 14808 380 0 1788864684 910418
5 13740 386 0 1788864684 913967
4 15041 474 0 1788864684 914252
6 13927 384 0 1788864684 914928
6 13945 381 0 1788864684 921663
6 13946 475 0 1788864684 922144
5 13768 375 0 1788864684 924993
4 15081 378 0 1788864684 929637
4 15086 91 0 1788864684 931607
7 14863 378 0 1788864684 931715
4 15088 377 0 1788864684 932385
6 13980 373 0 1788864684 935129
7 14873 369 0 1788864684 935598
6 13988 380 0 1788864684 938077
5 13803 377 0 1788864684 938267
4 15103 382 0 1788864684 938366
7 14917 375 0 1788864684 952239
7 14919 378 0 1788864684 953139
6 14030 588 0 1788864684 954196
5 13846 344 0 1788864684 954733
5 13854 382 0 1788864684 958060
5 13863 374 0 1788864684 961308
7 14941 381 0 1788864684 961884
7 14946 470 0 1788864684 963897
4 15173 530 0 1788864684 965460
5 13882 379 0 1788864684 969048
5 13885 367 0 1788864684 970180
6 14072 373 0 1788864684 970463
7 14964 257 0 1788864684 970948
7 14966 385 0 1788864684 971713
4 15189 395 0 1788864684 971910
5 13901 410 0 1788864684 976097
5 13902 349 0 1788864684 976452
6 14091 408 0 1788864684 980914
4 15209 390 0 1788864684 982664
4 15216 386 0 1788864684 985417
6 14105 89 0 1788864684 986507
4 15223 377 0 1788864684 988302
4 15229 383 0 1788864684 990537
4 15233 370 0 1788864684 992379
5 13936 481 0 1788864684 992958
6 14125 376 0 1788864684 994194
7 15017 384 0 1788864684 994866
6 14128 469 0 1788864684 995436
4 15245 673 0 1788864684 997051
4 15250 87 0 1788864684 998567
7 15028 402 0 1788864684 999176
6 14147 383 0 1788864685 3070
4 15262 394 0 1788864685 3272
4 15268 373 0 1788864685 5480
6 14160 385 0 1788864685 7804
5 13978 182 0 1788864685 9508
7 15059 380 0 1788864685 11269
7 15064 376 0 1788864685 13380
4 15288 387 0 1788864685 13673
7 15067 376 0 1788864685 14527
7 15070 351 0 1788864685 15733
6 14183 189 0 1788864685 17473
7 15086 372 0 1788864685 23169
7 15091 392 0 1788864685 24932
4 15322 388 0 1788864685 27948
4 15323 378 0 1788864685 28331
4 15331 392 0 1788864685 31746
5 14039 394 0 1788864685 34923
4 15343 389 0 1788864685 35984
7 15125 762 0 1788864685 38462
7 15129 388 0 1788864685 39713
7 15132 451 0 1788864685 40903
5 14058 371 0 1788864685 42583
4 15362 377 0 1788864685 43729
7 15142 388 0 1788864685 44937
7 15148 379 0 1788864685 47236
7 15151 371 0 1788864685 48376
4 15383 370 0 1788864685 51598
7 15164 377 0 1788864685 53326
6 14277 380 0 1788864685 54405
5 14091 860 0 1788864685 55867
5 14098 375 0 1788864685 58537
7 15178 489 0 1788864685 59333
5 14107 387 0 1788864685 61874
4 15408 394 0 1788864685 61975
4 15415 371 0 1788864685 64395
7 15211 620 0 1788864685 72510
4 15439 357 0 1788864685 73416
7 15219 356 0 1788864685 75197
5 14143 419 0 1788864685 76098
6 14334 360 0 1788864685 76553
4 15467 356 0 1788864685 84298
6 14356 359 0 1788864685 85201
4 15471 365 0 1788864685 85387
4 15477 368 0 1788864685 87790
4 15508 368 0 1788864685 99152
7 15288 358 0 1788864685 101265
7 15291 362 0 1788864685 102465
6 14404 379 0 1788864685 102659
6 14414 181 0 1788864685 105960
7 15300 777 0 1788864685 106183
5 14226 630 0 1788864685 106909
5 14227 361 0 1788864685 107274
5 14229 359 0 1788864685 107978
6 14423 362 0 1788864685 109410
6 14436 361 0 1788864685 114266
6 14438 386 0 1788864685 115093
6 14439 362 0 1788864685 115460
7 15327 428 0 1788864685 116217
6 14447 595 0 1788864685 118983
4 15562 578 0 1788864685 119383
4 15572 360 0 1788864685 123046
5 14274 365 0 1788864685 124880
6 14467 359 0 1788864685 126144
5 14278 364 0 1788864685 126330
7 15358 629 0 1788864685 127918
6 14486 384 0 1788864685 132862
4 15598 353 0 1788864685 133034
7 15388 364 0 1788864685 138724
4 15629 363 0 1788864685 144064
5 14341 361 0 1788864685 149250
7 15421 359 0 1788864685 151234
5 14348 366 0 1788864685 151786
5 14355 358 0 1788864685 154523
6 14549 495 0 1788864685 156304
6 14553 266 0 1788864685 157587
7 15454 370 0 1788864685 163445
6 14598 366 0 1788864685 175206
4 15715 367 0 1788864685 176852
5 14414 366 0 1788864685 177857
5 14425 462 0 1788864685 182491
5 14427 469 0 1788864685 183261
7 15504 387 0 1788864685 183555
6 14621 339 0 1788864685 184117
6 14628 373 0 1788864685 186717
4 15744 372 0 1788864685 188119
7 15519 367 0 1788864685 189142
5 14458 87 0 1788864685 195028
6 14652 417 0 1788864685 195634
5 14462 795 0 1788864685 208740
4 15771 355 0 1788864685 210197
5 14481 607 0 1788864685 214881
4 15814 107 0 1788864685 216432
6 14670 614 0 1788864685 216829
4 15819 110 0 1788864685 216917
4 15831 104 0 1788864685 218100
4 15838 82 0 1788864685 218805
4 15899 100 0 1788864685 224891
4 15910 132 0 1788864685 226101
4 15917 81 0 1788864685 226789
4 15928 101 0 1788864685 227888
4 15939 343 0 1788864685 231596
7 15582 806 0 1788864685 236843
7 15583 797 0 1788864685 237748
6 14711 628 0 1788864685 239075
5 14517 1041 0 1788864685 242274
5 14518 992 0 1788864685 243272
4 15978 407 0 1788864685 253490
6 14735 625 0 1788864685 255082
7 15605 316 0 1788864685 259873
5 14539 304 0 1788864685 263096
4 16002 0 0 1788864685 267995
7 15630 678 0 1788864685 281384
5 14558 993 0 1788864685 281676
5 14567 1338 0 1788864685 289281
7 15643 3068 0 1788864685 292376
7 15665 85 0 1788864685 301524
7 15675 67 0 1788864685 302441
7 15680 86 0 1788864685 302853
6 14798 678 0 1788864685 306087
6 14836 1106 0 1788864685 335742
5 14601 1108 0 1788864685 338976
6 14846 1090 0 1788864685 346869
5 14608 1168 0 1788864685 347234
7 15733 1091 0 1788864685 348526
4 16083 1059 0 1788864685 350005
7 15735 1204 0 1788864685 350841
4 16093 1145 0 1788864685 363282
5 14624 1118 0 1788864685 366325
4 16106 620 0 1788864685 378125
5 14636 1282 0 1788864685 380218
4 16111 1709 0 1788864685 384858
6 14879 1111 0 1788864685 386088
4 16117 1775 0 1788864685 392879
4 16123 823 0 1788864685 397710
7 15780 750 0 1788864685 399814
5 14684 95 0 1788864685 400537
5 14697 93 0 1788864685 402142
7 15784 1340 0 1788864685 404111
5 14730 98 0 1788864685 406183
5 14733 92 0 1788864685 406466
7 15792 1302 0 1788864685 412198
4 16148 221 0 1788864685 418733
7 15808 155 0 1788864685 419960
7 15813 243 0 1788864685 423923
6 14917 1421 0 1788864685 423987
6 14919 410 0 1788864685 424842
7 15817 377 0 1788864685 427018
7 15818 860 0 1788864685 427883
6 14923 1311 0 1788864685 428441
7 15824 954 0 1788864685 434219
7 15826 960 0 1788864685 436167
5 14775 1304 0 1788864685 441167
7 15832 890 0 1788864685 442022
4 16195 1685 0 1788864685 443712
5 14781 0 0 1788864685 444343
5 14783 0 0 1788864685 445747
7 15839 304 0 1788864685 446107
7 15840 620 0 1788864685 446769
4 16206 361 0 1788864685 450034
5 14791 436 0 1788864685 451303
6 14951 546 0 1788864685 459413
4 16229 621 0 1788864685 472141
6 14968 803 0 1788864685 475793
6 14977 0 0 1788864685 484146
5 14852 0 0 1788864685 495484
5 14864 0 0 1788864685 497727
5 14928 0 0 1788864685 526090
5 14950 0 0 1788864685 534107
5 14977 0 0 1788864685 541505
5 14983 821 0 1788864685 544934
6 14991 0 0 1788864685 546673
5 14986 0 0 1788864685 547581
6 15005 0 0 1788864685 561939
5 15001 0 0 1788864685 563193
7 15922 0 0 1788864685 578564
6 15029 4101 0 1788864685 585040
5 15025 0 0 1788864685 587810
7 15928 0 0 1788864685 588358
4 16312 0 0 1788864685 592063
7 15938 0 0 1788864685 592685
5 15035 0 0 1788864685 598563
6 15040 411 0 1788864685 599322
5 15038 190 0 1788864685 599765
4 16328 476 0 1788864685 603018
5 15051 249 0 1788864685 604697
6 15056 445 0 1788864685 607534
6 15066 388 0 1788864685 611264
4 16348 516 0 1788864685 611888
4 16349 388 0 1788864685 612281
6 15071 141 0 1788864685 613759
4 16356 573 0 1788864685 614971
7 15996 436 0 1788864685 622278
4 16383 0 0 1788864685 624492
5 15102 185 0 1788864685 625574
7 16003 0 0 1788864685 625935
5 15104 174 0 1788864685 626134
6 15101 674 0 1788864685 626141
7 16004 375 0 1788864685 626417
4 16393 375 0 1788864685 627580
7 16013 465 0 1788864685 630133
4 16399 464 0 1788864685 630227
5 15151 280 0 1788864685 645306
4 16440 378 0 1788864685 647230
6 15163 307 0 1788864685 651969
5 15169 254 0 1788864685 652521
6 15169 1337 0 1788864685 655686
6 15174 180 0 1788864685 657367
4 16466 242 0 1788864685 660256
6 15180 347 0 1788864685 661277
7 16087 269 0 1788864685 661285
7 16089 355 0 1788864685 662105
7 16090 380 0 1788864685 662491
6 15188 383 0 1788864685 664874
5 15200 696 0 1788864685 667722
5 15203 481 0 1788864685 669262
6 15202 782 0 1788864685 672317
4 16494 679 0 1788864685 674024
7 16133 605 0 1788864685 690740
4 16524 744 0 1788864685 695305
4 16534 736 0 1788864685 702041
5 15257 650 0 1788864685 706904
6 15251 602 0 1788864685 707816
7 16181 0 0 1788864685 716621
7 16199 0 0 1788864685 718079
5 15271 0 0 1788864685 719921
4 16573 0 0 1788864685 727173
4 16576 0 0 1788864685 728580
5 15298 631 0 1788864685 735536
7 16232 944 0 1788864685 737837
6 15297 0 0 1788864685 742109
4 16609 0 0 1788864685 744300
5 15316 0 0 1788864685 747473
5 15320 0 0 1788864685 750538
7 16250 0 0 1788864685 752556
5 15326 0 0 1788864685 753419
7 16263 0 0 1788864685 758942
7 16266 0 0 1788864685 759884
7 16272 0 0 1788864685 760699
4 16633 362 0 1788864685 769280
5 15344 182 0 1788864685 770198
7 16287 132 0 1788864685 770803
5 15349 261 0 1788864685 772326
6 15335 328 0 1788864685 772479
4 16657 0 0 1788864685 780760
5 15365 839 0 1788864685 780973
5 15368 462 0 1788864685 782377
4 16683 533 0 1788864685 795276
4 16684 275 0 1788864685 795560
6 15381 585 0 1788864685 795567
5 15390 719 0 1788864685 797511
7 16357 600 0 1788864685 811535
5 15432 0 0 1788864685 814829
6 15440 468 0 1788864685 824149
5 15468 0 0 1788864685 827203
7 16387 0 0 1788864685 830683
4 16782 473 0 1788864685 832481
4 16792 227 0 1788864685 837382
5 15502 233 0 1788864685 840085
6 15475 0 0 1788864685 840678
4 16804 0 0 1788864685 841055
4 16809 425 0 1788864685 842709
6 15484 121 0 1788864685 843450
6 15485 126 0 1788864685 843581
6 15515 143 0 1788864685 847227
6 15525 147 0 1788864685 848484
6 15528 105 0 1788864685 848818
6 15534 105 0 1788864685 849639
5 15516 3664 0 1788864685 849916
6 15555 67 0 1788864685 851959
6 15572 178 0 1788864685 854252
6 15596 0 0 1788864685 857115
6 15666 73 0 1788864685 863559
5 15545 0 0 1788864685 882203
7 16445 0 0 1788864685 883096
5 15549 1153 0 1788864685 885573
5 15552 0 0 1788864685 886181
6 15687 0 0 1788864685 886460
4 16844 323 0 1788864685 892104
5 15594 0 0 1788864685 894008
5 15649 0 0 1788864685 899706
5 15670 0 0 1788864685 901498
5 15675 0 0 1788864685 901919
5 15702 0 0 1788864685 904198
5 15715 0 0 1788864685 905295
6 15751 414 0 1788864685 910606
5 15735 0 0 1788864685 911139
5 15739 363 0 1788864685 912486
6 15759 370 0 1788864685 913587
5 15745 269 0 1788864685 914504
7 16471 612 0 1788864685 914820
7 16488 0 0 1788864685 919489
5 15766 0 0 1788864685 920190
4 16898 0 0 1788864685 921155
6 15777 440 0 1788864685 927201
5 15794 240 0 1788864685 927446
4 16930 439 0 1788864685 931297
4 16933 265 0 1788864685 932013
5 15807 192 0 1788864685 932021
4 16941 0 0 1788864685 936055
4 16957 356 0 1788864685 940855
6 15807 375 0 1788864685 941694
6 15812 259 0 1788864685 943247
5 15836 281 0 1788864685 944201
6 15820 317 0 1788864685 946331
4 16978 365 0 1788864685 947865
7 16568 365 0 1788864685 949126
5 15857 107 0 1788864685 951586
4 16993 126 0 1788864685 952370
5 15867 382 0 1788864685 954784
5 15871 629 0 1788864685 956422
5 15873 0 0 1788864685 957061
4 17018 259 0 1788864685 965808
5 15890 539 0 1788864685 966778
4 17026 591 0 1788864685 969964
7 16613 0 0 1788864685 974281
5 15936 932 0 1788864685 996387
6 15910 639 0 1788864685 997061
5 15942 676 0 1788864686 552
4 17088 543 0 1788864686 3152
7 16652 2194 0 1788864686 6717
6 15926 1094 0 1788864686 7768
7 16661 964 0 1788864686 16965
4 17108 859 0 1788864686 18907
4 17111 0 0 1788864686 20755
6 15937 2504 0 1788864686 21015
5 15967 0 0 1788864686 21529
5 15971 352 0 1788864686 24062
6 15941 0 0 1788864686 28290
5 15983 417 0 1788864686 34564
4 17162 173 0 1788864686 39292
4 17168 87 0 1788864686 45257
6 15958 4275 0 1788864686 49025
7 16698 286 0 1788864686 49220
4 17204 493 0 1788864686 56336
5 16037 399 0 1788864686 57365
4 17210 515 0 1788864686 58476
6 15995 222 0 1788864686 61223
6 15999 426 0 1788864686 62736
5 16051 466 0 1788864686 63734
5 16052 297 0 1788864686 64037
5 16053 317 0 1788864686 64359
7 16738 289 0 1788864686 64423
5 16057 113 0 1788864686 65334
6 16009 192 0 1788864686 65791
4 17233 97 0 1788864686 66853
4 17235 80 0 1788864686 67217
6 16016 169 0 1788864686 67692
7 16767 167 0 1788864686 70869
7 16770 178 0 1788864686 71439
4 17265 286 0 1788864686 71817
7 16773 220 0 1788864686 72157
7 16785 273 0 1788864686 75407
7 16787 428 0 1788864686 76094
5 16103 1284 0 1788864686 77158
5 16107 89 0 1788864686 77893
5 16111 178 0 1788864686 78661
7 16798 379 0 1788864686 79980
6 16067 251 0 1788864686 82990
6 16068 193 0 1788864686 83229
6 16075 348 0 1788864686 85376
5 16134 420 0 1788864686 85546
6 16085 329 0 1788864686 89193
4 17318 744 0 1788864686 91186
6 16098 162 0 1788864686 94118
6 16100 250 0 1788864686 94722
7 16852 508 0 1788864686 98572
4 17361 368 0 1788864686 111945
4 17368 414 0 1788864686 114514
4 17373 0 0 1788864686 116572
6 16124 494 0 1788864686 117216
7 16873 697 0 1788864686 124299
4 17387 871 0 1788864686 126540
6 16138 856 0 1788864686 126961
7 16882 138 0 1788864686 130973
7 16886 755 0 1788864686 133242
5 16222 914 0 1788864686 135916
4 17399 843 0 1788864686 136608
7 16891 169 0 1788864686 137163
5 16224 656 0 1788864686 137462
5 16225 703 0 1788864686 138170
5 16237 86 0 1788864686 139428
6 16153 383 0 1788864686 140975
7 16910 291 0 1788864686 143844
6 16174 283 0 1788864686 148752
7 16926 291 0 1788864686 149625
7 16936 448 0 1788864686 153709
7 16938 266 0 1788864686 154078
6 16191 554 0 1788864686 155201
5 16291 256 0 1788864686 161176
7 16962 168 0 1788864686 163941
5 16318 165 0 1788864686 169576
5 16321 234 0 1788864686 170304
4 17432 301 0 1788864686 175340
4 17436 340 0 1788864686 177748
5 16337 338 0 1788864686 178636
5 16345 485 0 1788864686 194715
5 16347 906 0 1788864686 195966
6 16265 337 0 1788864686 196409
6 16268 485 0 1788864686 197832
6 16275 386 0 1788864686 200695
4 17463 365 0 1788864686 201245
4 17464 314 0 1788864686 201564
4 17465 485 0 1788864686 202054
6 16280 1550 0 1788864686 203833
6 16282 358 0 1788864686 204519
7 17025 444 0 1788864686 204701
5 16369 340 0 1788864686 206335
4 17474 399 0 1788864686 206648
7 17035 351 0 1788864686 209496
4 17492 347 0 1788864686 216050
5 16398 408 0 1788864686 223290
5 16400 588 0 1788864686 225598
7 17072 346 0 1788864686 231394
6 16329 354 0 1788864686 231490
5 16420 273 0 1788864686 234811
5 16422 486 0 1788864686 235729
6 16344 264 0 1788864686 237044
6 16360 430 0 1788864686 244617
5 16442 384 0 1788864686 245087
5 16446 442 0 1788864686 246547
4 17551 370 0 1788864686 247025
5 16449 311 0 1788864686 247620
5 16461 357 0 1788864686 259488
4 17565 368 0 1788864686 260111
4 17576 264 0 1788864686 263729
7 17139 377 0 1788864686 265776
4 17587 454 0 1788864686 269130
5 16487 369 0 1788864686 269967
4 17603 564 0 1788864686 275123
7 17167 403 0 1788864686 276607
5 16506 274 0 1788864686 276797
5 16509 168 0 1788864686 277382
7 17190 333 0 1788864686 281893
4 17619 343 0 1788864686 281986
7 17210 284 0 1788864686 289521
4 17642 278 0 1788864686 293213
4 17650 283 0 1788864686 298491
5 16559 493 0 1788864686 298806
7 17230 212 0 1788864686 309446
7 17232 158 0 1788864686 309812
7 17235 265 0 1788864686 310350
7 17237 253 0 1788864686 311419
7 17252 169 0 1788864686 315199
6 16488 319 0 1788864686 316213
6 16491 144 0 1788864686 316909
4 17667 315 0 1788864686 317126
7 17258 212 0 1788864686 317245
4 17677 138 0 1788864686 318483
4 17691 480 0 1788864686 346003
5 16593 644 0 1788864686 347987
4 17695 707 0 1788864686 348152
4 17698 594 0 1788864686 350213
4 17711 328 0 1788864686 359952
5 16624 444 0 1788864686 368196
7 17317 171 0 1788864686 371194
7 17319 481 0 1788864686 372199
5 16634 710 0 1788864686 373601
7 17326 603 0 1788864686 376071
5 16643 151 0 1788864686 378899
7 17330 1112 0 1788864686 379738
5 16648 413 0 1788864686 381322
7 17339 624 0 1788864686 383502
5 16654 486 0 1788864686 384140
7 17350 544 0 1788864686 389543
7 17352 753 0 1788864686 391876
7 17359 248 0 1788864686 395545
4 17779 498 0 1788864686 398696
5 16676 962 0 1788864686 398871
5 16704 113 0 1788864686 408896
7 17381 100 0 1788864686 409410
7 17382 92 0 1788864686 409507
4 17794 647 0 1788864686 409655
5 16718 679 0 1788864686 415913
7 17407 314 0 1788864686 417550
7 17408 597 0 1788864686 418154
4 17822 354 0 1788864686 422509
6 16576 499 0 1788864686 431653
7 17440 795 0 1788864686 433977
6 16589 0 0 1788864686 437399
4 17849 1173 0 1788864686 438079
4 17859 423 0 1788864686 446369
6 16595 290 0 1788864686 447064
6 16597 442 0 1788864686 448379
6 16603 186 0 1788864686 450739
7 17472 254 0 1788864686 455978
6 16620 335 0 1788864686 458775
5 16791 88 0 1788864686 458940
6 16624 151 0 1788864686 459672
6 16627 201 0 1788864686 460244
6 16652 788 0 1788864686 471922
7 17526 177 0 1788864686 472830
5 16850 1429 0 1788864686 482787
5 16856 0 0 1788864686 487886
4 17951 1612 0 1788864686 488583
7 17546 0 0 1788864686 494117
5 16864 0 0 1788864686 496662
5 16868 1098 0 1788864686 498664
4 17969 188 0 1788864686 504308
5 16875 862 0 1788864686 506989
7 17568 0 0 1788864686 514405
7 17570 102 0 1788864686 514817
5 16887 0 0 1788864686 518778
5 16889 0 0 1788864686 520003
4 17993 1071 0 1788864686 523253
6 16695 639 0 1788864686 529021
6 16696 1322 0 1788864686 530796
7 17587 189 0 1788864686 531713
5 16910 806 0 1788864686 538129
4 18019 925 0 1788864686 542385
6 16706 846 0 1788864686 543962
5 16918 692 0 1788864686 544680
7 17601 766 0 1788864686 544692
5 16925 404 0 1788864686 548664
5 16926 0 0 1788864686 549228
5 16931 227 0 1788864686 554173
6 16724 164 0 1788864686 554535
7 17613 397 0 1788864686 554541
4 18042 242 0 1788864686 555696
5 16939 1755 0 1788864686 561325
6 16734 1743 0 1788864686 561334
7 17649 437 0 1788864686 573419
4 18091 391 0 1788864686 578644
4 18094 314 0 1788864686 579779
7 17665 378 0 1788864686 580242
4 18097 445 0 1788864686 580897
7 17668 324 0 1788864686 581327
7 17693 407 0 1788864686 591655
7 17695 384 0 1788864686 592442
5 17015 347 0 1788864686 596398
4 18137 458 0 1788864686 596728
7 17713 464 0 1788864686 598679
6 16770 1412 0 1788864686 601018
7 17719 0 0 1788864686 602229
4 18151 414 0 1788864686 603217
7 17726 1138 0 1788864686 605523
4 18216 0 0 1788864686 619002
6 16794 967 0 1788864686 622833
6 16804 319 0 1788864686 627178
4 18238 382 0 1788864686 628564
4 18245 526 0 1788864686 631219
5 17095 369 0 1788864686 633781
6 16822 512 0 1788864686 636063
5 17102 318 0 1788864686 636386
5 17104 404 0 1788864686 637166
5 17112 0 0 1788864686 639952
4 18276 99 0 1788864686 643157
4 18289 0 0 1788864686 647368
5 17133 0 0 1788864686 648137
6 16845 474 0 1788864686 688823
7 17826 474 0 1788864686 689130
7 17839 617 0 1788864686 696968
7 17840 530 0 1788864686 697522
4 18339 499 0 1788864686 700792
7 17849 245 0 1788864686 702176
5 17187 522 0 1788864686 708943
5 17215 0 0 1788864686 721295
6 16860 1685 0 1788864686 728245
7 17904 385 0 1788864686 730578
5 17249 230 0 1788864686 735372
6 16884 105 0 1788864686 739155
7 17945 368 0 1788864686 743140
4 18449 242 0 1788864686 743450
4 18455 275 0 1788864686 745226
7 17955 350 0 1788864686 745851
6 16895 389 0 1788864686 746452
6 16897 391 0 1788864686 747549
4 18464 303 0 1788864686 747856
5 17301 213 0 1788864686 748856
4 18470 107 0 1788864686 749187
4 18471 312 0 1788864686 749508
5 17318 210 0 1788864686 752375
5 17320 243 0 1788864686 752840
7 18006 373 0 1788864686 756305
7 18010 261 0 1788864686 757283
5 17336 243 0 1788864686 758118
4 18504 294 0 1788864686 758218
5 17340 207 0 1788864686 760029
5 17346 203 0 1788864686 761396
4 18525 273 0 1788864686 764284
5 17363 0 0 1788864686 766407
4 18545 258 0 1788864686 769360
5 17385 141 0 1788864686 772975
7 18064 104 0 1788864686 772983
7 18065 186 0 1788864686 773191
7 18074 137 0 1788864686 774904
7 18077 307 0 1788864686 775617
7 18078 252 0 1788864686 775936
5 17412 206 0 1788864686 780892
7 18101 135 0 1788864686 781946
5 17417 311 0 1788864686 782102
4 18599 108 0 1788864686 782995
4 18600 116 0 1788864686 783117
7 18107 116 0 1788864686 783260
7 18113 109 0 1788864686 784067
5 17432 107 0 1788864686 784655
6 16939 9276 0 1788864686 785866
7 18123 264 0 1788864686 786004
4 18621 195 0 1788864686 787078
7 18134 253 0 1788864686 789249
5 17456 0 0 1788864686 791102
6 16951 373 0 1788864686 792238
6 16956 1151 0 1788864686 796653
4 18655 186 0 1788864686 797032
4 18662 525 0 1788864686 799165
4 18667 480 0 1788864686 800901
7 18169 426 0 1788864686 801663
7 18170 572 0 1788864686 802258
6 16979 104 0 1788864686 806467
7 18178 616 0 1788864686 806733
6 16981 117 0 1788864686 806854
4 18683 752 0 1788864686 810059
7 18189 649 0 1788864686 814596
6 17011 316 0 1788864686 814811
5 17505 614 0 1788864686 815544
6 17022 409 0 1788864686 821170
4 18701 1026 0 1788864686 822430
6 17024 534 0 1788864686 822443
6 17027 524 0 1788864686 824727
7 18214 1087 0 1788864686 831922
5 17530 587 0 1788864686 832387
7 18216 303 0 1788864686 833340
6 17051 135 0 1788864686 833581
5 17533 783 0 1788864686 834024
4 18722 297 0 1788864686 834676
5 17535 550 0 1788864686 835258
4 18723 1113 0 1788864686 835803
4 18733 512 0 1788864686 842237
7 18234 453 0 1788864686 844112
7 18237 519 0 1788864686 845977
7 18239 599 0 1788864686 847280
4 18751 433 0 1788864686 852938
4 18753 641 0 1788864686 854092
5 17565 574 0 1788864686 855880
6 17092 270 0 1788864686 865952
6 17093 404 0 1788864686 866363
5 17577 681 0 1788864686 867639
6 17098 1438 0 1788864686 868920
4 18772 1578 0 1788864686 869313
6 17114 403 0 1788864686 877604
7 18276 0 0 1788864686 878824
4 18784 0 0 1788864686 880573
7 18279 815 0 1788864686 880994
4 18786 845 0 1788864686 881810
5 17596 640 0 1788864686 883991
4 18794 570 0 1788864686 885343
5 17599 363 0 1788864686 885350
5 17604 581 0 1788864686 887639
5 17613 1424 0 1788864686 894792
7 18312 0 0 1788864686 896473
7 18318 1054 0 1788864686 899348
7 18331 533 0 1788864686 906704
4 18834 197 0 1788864686 908025
4 18880 0 0 1788864686 930807
6 17148 0 0 1788864686 934044
6 17155 790 0 1788864686 937602
4 18888 672 0 1788864686 938278
6 17157 907 0 1788864686 939083
6 17161 979 0 1788864686 942160
5 17685 363 0 1788864686 946158
4 18907 271 0 1788864686 950194
7 18402 119 0 1788864686 952493
7 18440 490 0 1788864686 963775
6 17193 546 0 1788864686 965497
5 17726 192 0 1788864686 970327
5 17731 366 0 1788864686 971774
6 17215 703 0 1788864686 972608
6 17217 468 0 1788864686 973597
6 17220 409 0 1788864686 974725
6 17227 0 0 1788864686 976514
7 18508 451 0 1788864686 985948
5 17769 398 0 1788864686 986466
7 18516 0 0 1788864686 991437
5 17780 684 0 1788864686 993030
4 19003 1381 0 1788864687 1907
6 17272 0 0 1788864687 4322
7 18531 638 0 1788864687 5930
4 19012 450 0 1788864687 6274
6 17279 256 0 1788864687 6815
6 17290 80 0 1788864687 8903
4 19025 239 0 1788864687 8987
6 17295 167 0 1788864687 9709
5 17798 3738 0 1788864687 10042
6 17301 0 0 1788864687 11790
4 19046 336 0 1788864687 17208
4 19047 267 0 1788864687 17485
5 17816 261 0 1788864687 17493
4 19049 253 0 1788864687 18690
5 17818 279 0 1788864687 18730
5 17820 357 0 1788864687 19425
4 19052 545 0 1788864687 19782
5 17825 450 0 1788864687 21705
4 19059 533 0 1788864687 22878
4 19066 481 0 1788864687 27888
4 19070 798 0 1788864687 30324
7 18567 1260 0 1788864687 34108
7 18570 1087 0 1788864687 36019
4 19076 2171 0 1788864687 37962
6 17348 0 0 1788864687 47024
6 17353 562 0 1788864687 49885
4 19107 0 0 1788864687 52241
4 19128 0 0 1788864687 67849
6 17375 784 0 1788864687 68638
5 17891 0 0 1788864687 71366
5 17894 216 0 1788864687 72900
7 18624 942 0 1788864687 76373
4 19152 849 0 1788864687 82309
6 17393 473 0 1788864687 85217
6 17394 1034 0 1788864687 86256
4 19161 477 0 1788864687 87998
7 18641 610 0 1788864687 90704
5 17920 999 0 1788864687 90901
7 18645 576 0 1788864687 93869
4 19170 503 0 1788864687 94902
5 17929 1107 0 1788864687 97200
5 17932 1103 0 1788864687 99951
5 17936 1016 0 1788864687 103505
7 18657 1080 0 1788864687 104821
4 19188 412 0 1788864687 109281
6 17423 788 0 1788864687 112801
4 19204 1377 0 1788864687 121695
6 17435 0 0 1788864687 122197
4 19206 0 0 1788864687 122576
7 18683 0 0 1788864687 123575
4 19210 0 0 1788864687 125040
7 18690 592 0 1788864687 127851
5 17965 610 0 1788864687 130070
5 17968 355 0 1788864687 132298
6 17449 905 0 1788864687 133683
4 19228 821 0 1788864687 138085
5 17976 382 0 1788864687 138094
4 19231 672 0 1788864687 140024
7 18711 0 0 1788864687 144754
4 19253 584 0 1788864687 156201
7 18737 0 0 1788864687 158727
7 18742 0 0 1788864687 160175
5 18015 481 0 1788864687 172426
7 18768 308 0 1788864687 177520
5 18023 1050 0 1788864687 177648
11 2 1954 0 1788864677 279001
8 31 87 0 1788864677 283927
11 19 92 0 1788864677 284869
10 7 171 0 1788864677 294828
10 14 310 0 1788864677 296994
8 90 672 0 1788864677 297248
8 91 475 0 1788864677 297733
10 18 161 0 1788864677 298537
10 23 127 0 1788864677 301118
10 30 147 0 1788864677 303881
8 106 803 0 1788864677 306817
8 110 617 0 1788864677 309623
9 95 850 0 1788864677 310867
11 66 821 0 1788864677 311927
10 52 466 0 1788864677 312092
9 113 553 0 1788864677 316465
9 116 171 0 1788864677 317317
10 77 325 0 1788864677 319742
8 137 847 0 1788864677 327548
11 103 584 0 1788864677 333035
11 104 346 0 1788864677 333386
10 93 3329 0 1788864677 334830
11 109 769 0 1788864677 336038
8 164 503 0 1788864677 340560
9 159 412 0 1788864677 340760
8 171 476 0 1788864677 345403
8 174 0 0 1788864677 347446
8 175 295 0 1788864677 347780
8 176 445 0 1788864677 348229
8 180 501 0 1788864677 349952
8 182 448 0 1788864677 350781
10 156 132 0 1788864677 355006
8 195 326 0 1788864677 357199
8 198 560 0 1788864677 358922
11 159 292 0 1788864677 361021
8 214 684 0 1788864677 365640
11 177 0 0 1788864677 371116
9 248 294 0 1788864677 371221
8 221 1371 0 1788864677 371778
10 206 440 0 1788864677 372036
8 223 327 0 1788864677 372278
10 208 486 0 1788864677 372882
8 225 531 0 1788864677 373463
8 233 434 0 1788864677 378037
8 237 594 0 1788864677 381147
10 267 240 0 1788864677 392756
11 216 764 0 1788864677 397961
10 310 292 0 1788864677 404651
8 266 788 0 1788864677 404912
9 371 128 0 1788864677 407985
11 228 972 0 1788864677 409474
9 381 107 0 1788864677 410510
11 237 556 0 1788864677 416086
9 407 117 0 1788864677 417055
8 283 334 0 1788864677 418697
9 430 492 0 1788864677 445939
8 289 2703 0 1788864677 449644
9 437 714 0 1788864677 450888
10 384 369 0 1788864677 451282
8 290 3707 0 1788864677 453357
9 460 297 0 1788864677 467271
9 471 445 0 1788864677 472401
10 428 384 0 1788864677 477831
10 444 265 0 1788864677 485661
10 447 730 0 1788864677 487599
11 261 1593 0 1788864677 489654
9 514 519 0 1788864677 490834
10 481 943 0 1788864677 506842
9 542 600 0 1788864677 507447
9 547 640 0 1788864677 509703
9 559 104 0 1788864677 515985
9 562 954 0 1788864677 517882
9 564 402 0 1788864677 519220
10 506 248 0 1788864677 520276
10 513 500 0 1788864677 523021
11 273 370 0 1788864677 526883
11 280 389 0 1788864677 533175
9 608 540 0 1788864677 534338
10 552 433 0 1788864677 536883
8 330 910 0 1788864677 540775
10 558 611 0 1788864677 540787
11 310 884 0 1788864677 550435
9 643 665 0 1788864677 551250
8 362 192 0 1788864677 551347
10 583 648 0 1788864677 552103
8 368 189 0 1788864677 552484
11 315 1402 0 1788864677 556879
8 399 164 0 1788864677 558210
10 609 2784 0 1788864677 566561
8 406 584 0 1788864677 570364
8 411 0 0 1788864677 574737
9 678 2386 0 1788864677 576265
10 619 145 0 1788864677 577493
8 419 134 0 1788864677 577525
9 682 665 0 1788864677 578211
10 622 481 0 1788864677 579014
8 432 437 0 1788864677 580328
8 449 116 0 1788864677 583163
8 452 77 0 1788864677 583594
8 472 146 0 1788864677 586154
8 484 84 0 1788864677 587711
9 726 90 0 1788864677 588099
11 342 1347 0 1788864677 589107
8 495 203 0 1788864677 590688
8 497 431 0 1788864677 591550
9 746 506 0 1788864677 593215
8 503 342 0 1788864677 593569
9 747 321 0 1788864677 593577
9 753 283 0 1788864677 595449
11 348 1554 0 1788864677 597073
8 533 233 0 1788864677 601618
10 678 256 0 1788864677 601902
11 352 1219 0 1788864677 603097
8 554 118 0 1788864677 605050
10 708 252 0 1788864677 610037
10 712 229 0 1788864677 611407
10 715 246 0 1788864677 612162
10 725 250 0 1788864677 615202
9 780 320 0 1788864677 616518
11 363 1136 0 1788864677 617127
8 628 193 0 1788864677 623581
9 803 231 0 1788864677 624260
8 633 180 0 1788864677 624658
9 807 292 0 1788864677 625451
9 808 441 0 1788864677 625921
11 372 1164 0 1788864677 627569
9 816 371 0 1788864677 630221
10 762 281 0 1788864677 631295
9 820 336 0 1788864677 631509
9 826 281 0 1788864677 633243
8 658 421 0 1788864677 635055
9 838 654 0 1788864677 638286
9 849 182 0 1788864677 641324
10 786 339 0 1788864677 645723
10 788 1686 0 1788864677 647873
8 693 237 0 1788864677 648486
8 709 152 0 1788864677 655710
10 808 338 0 1788864677 657693
9 912 709 0 1788864677 664295
9 926 1624 0 1788864677 676223
11 465 218 0 1788864677 681782
9 930 1007 0 1788864677 681837
8 771 322 0 1788864677 682111
11 474 219 0 1788864677 685131
8 786 284 0 1788864677 687459
10 849 454 0 1788864677 687492
8 788 321 0 1788864677 688017
11 492 360 0 1788864677 690909
8 798 291 0 1788864677 691310
8 803 358 0 1788864677 692734
8 807 390 0 1788864677 693907
11 501 429 0 1788864677 694578
11 505 217 0 1788864677 695883
11 507 0 0 1788864677 697900
8 818 809 0 1788864677 698096
11 509 703 0 1788864677 698710
10 878 742 0 1788864677 703952
11 524 690 0 1788864677 712751
8 851 0 0 1788864677 723307
9 975 309 0 1788864677 724158
9 976 239 0 1788864677 724418
9 977 434 0 1788864677 724859
9 980 264 0 1788864677 725986
9 981 249 0 1788864677 726363
9 985 491 0 1788864677 728059
9 987 311 0 1788864677 728651
10 938 605 0 1788864677 741129
10 944 288 0 1788864677 744549
8 881 913 0 1788864677 748322
8 884 809 0 1788864677 750469
9 1014 1222 0 1788864677 750478
10 953 1485 0 1788864677 754987
10 954 1346 0 1788864677 756342
9 1033 267 0 1788864677 762778
11 610 312 0 1788864677 762941
11 622 473 0 1788864677 768332
11 632 499 0 1788864677 772383
9 1067 658 0 1788864677 775443
8 918 259 0 1788864677 778785
9 1082 444 0 1788864677 785629
9 1087 380 0 1788864677 787508
10 1015 506 0 1788864677 791465
11 658 491 0 1788864677 791474
11 659 207 0 1788864677 791739
10 1017 100 0 1788864677 791863
9 1103 184 0 1788864677 792642
10 1020 247 0 1788864677 792725
9 1121 312 0 1788864677 802753
9 1131 269 0 1788864677 805927
9 1135 374 0 1788864677 808086
9 1145 284 0 1788864677 810773
9 1148 443 0 1788864677 814976
10 1070 431 0 1788864677 814984
8 977 482 0 1788864677 816873
9 1160 206 0 1788864677 819624
11 727 285 0 1788864677 820932
9 1167 249 0 1788864677 821186
11 728 237 0 1788864677 821194
10 1092 291 0 1788864677 821948
10 1108 247 0 1788864677 831524
9 1188 145 0 1788864677 833274
10 1117 224 0 1788864677 833777
11 753 229 0 1788864677 833823
11 758 492 0 1788864677 835518
8 1006 192 0 1788864677 836790
8 1010 736 0 1788864677 839669
10 1140 331 0 1788864677 840597
10 1148 307 0 1788864677 842667
10 1151 232 0 1788864677 843473
10 1168 420 0 1788864677 847788
8 1040 766 0 1788864677 855293
10 1183 641 0 1788864677 855306
8 1042 727 0 1788864677 856654
9 1222 712 0 1788864677 856662
11 851 409 0 1788864677 872837
10 1208 983 0 1788864677 880326
11 869 3249 0 1788864677 883733
9 1251 150 0 1788864677 884485
8 1072 434 0 1788864677 902074
11 885 303 0 1788864677 904407
11 889 271 0 1788864677 905564
11 901 218 0 1788864677 908256
9 1282 212 0 1788864677 908403
11 908 211 0 1788864677 910080
9 1296 473 0 1788864677 912373
9 1301 200 0 1788864677 913655
9 1305 87 0 1788864677 914067
8 1119 591 0 1788864677 915433
9 1314 940 0 1788864677 916558
9 1333 675 0 1788864677 919225
9 1336 378 0 1788864677 920887
11 939 372 0 1788864677 922330
8 1138 322 0 1788864677 924226
9 1346 333 0 1788864677 924439
8 1139 317 0 1788864677 924549
11 951 269 0 1788864677 925969
10 1253 1869 0 1788864677 925997
9 1352 389 0 1788864677 926270
8 1147 439 0 1788864677 927151
11 962 281 0 1788864677 930361
8 1156 290 0 1788864677 930463
8 1168 314 0 1788864677 933830
9 1378 304 0 1788864677 935974
9 1383 275 0 1788864677 938076
11 998 353 0 1788864677 942699
10 1280 288 0 1788864677 948361
8 1208 340 0 1788864677 949255
11 1016 437 0 1788864677 950558
9 1421 327 0 1788864677 952357
9 1422 292 0 1788864677 952655
11 1039 396 0 1788864677 958156
10 1311 356 0 1788864677 959403
9 1445 375 0 1788864677 959876
9 1447 471 0 1788864677 960758
10 1324 445 0 1788864677 963909
11 1059 373 0 1788864677 964759
9 1471 269 0 1788864677 972184
8 1268 201 0 1788864677 972291
10 1334 630 0 1788864677 974560
8 1274 737 0 1788864677 975652
9 1484 503 0 1788864677 978074
10 1343 598 0 1788864677 979089
9 1490 405 0 1788864677 980923
10 1347 498 0 1788864677 981147
8 1308 870 0 1788864677 989810
8 1310 922 0 1788864677 991579
9 1506 1353 0 1788864677 993790
9 1508 833 0 1788864677 995364
8 1318 531 0 1788864677 999265
8 1324 645 0 1788864678 2970
10 1376 501 0 1788864678 3579
9 1523 769 0 1788864678 5729
9 1526 637 0 1788864678 7672
11 1133 599 0 1788864678 8024
10 1385 561 0 1788864678 14008
11 1138 386 0 1788864678 14807
10 1396 158 0 1788864678 16963
11 1148 207 0 1788864678 20072
10 1414 90 0 1788864678 25908
8 1367 108 0 1788864678 27121
8 1373 92 0 1788864678 27860
9 1557 719 0 1788864678 27980
10 1429 820 0 1788864678 33159
8 1384 729 0 1788864678 40205
10 1442 199 0 1788864678 44998
11 1188 178 0 1788864678 53008
9 1583 571 0 1788864678 53586
9 1588 414 0 1788864678 54935
10 1465 303 0 1788864678 54944
10 1466 276 0 1788864678 55300
10 1467 335 0 1788864678 55638
8 1417 364 0 1788864678 57985
9 1600 809 0 1788864678 61456
10 1481 300 0 1788864678 62515
11 1217 3757 0 1788864678 69303
11 1221 191 0 1788864678 70999
10 1494 126 0 1788864678 71087
11 1222 339 0 1788864678 71345
10 1497 424 0 1788864678 72260
9 1632 0 0 1788864678 73759
10 1506 0 0 1788864678 74518
9 1637 282 0 1788864678 75196
10 1516 417 0 1788864678 79241
11 1250 395 0 1788864678 81350
10 1524 358 0 1788864678 82396
10 1526 437 0 1788864678 83168
9 1660 341 0 1788864678 84568
9 1664 181 0 1788864678 85643
8 1505 87 0 1788864678 87568
9 1677 274 0 1788864678 88467
10 1540 100 0 1788864678 88474
11 1269 160 0 1788864678 88975
8 1529 146 0 1788864678 93772
8 1536 378 0 1788864678 95621
11 1293 378 0 1788864678 96195
11 1298 383 0 1788864678 98228
9 1713 113 0 1788864678 99108
10 1576 282 0 1788864678 99451
9 1717 288 0 1788864678 100120
8 1551 405 0 1788864678 101199
9 1721 441 0 1788864678 101420
10 1584 97 0 1788864678 101789
11 1324 0 0 1788864678 109924
9 1753 246 0 1788864678 112195
11 1339 396 0 1788864678 112981
11 1347 147 0 1788864678 115485
10 1625 244 0 1788864678 117239
11 1372 381 0 1788864678 120186
11 1376 231 0 1788864678 121936
8 1632 121 0 1788864678 126334
8 1635 316 0 1788864678 127220
9 1807 285 0 1788864678 128191
9 1809 0 0 1788864678 128668
9 1813 846 0 1788864678 130101
9 1814 224 0 1788864678 130340
8 1647 118 0 1788864678 131058
11 1419 84 0 1788864678 132411
11 1425 94 0 1788864678 133308
8 1660 131 0 1788864678 133505
9 1831 406 0 1788864678 135083
8 1668 105 0 1788864678 135668
11 1433 213 0 1788864678 135798
10 1685 489 0 1788864678 135849
11 1439 0 0 1788864678 137288
8 1677 220 0 1788864678 138219
10 1713 92 0 1788864678 140599
8 1689 289 0 1788864678 141186
8 1692 209 0 1788864678 141758
11 1459 320 0 1788864678 141789
9 1863 223 0 1788864678 142548
10 1735 142 0 1788864678 144494
10 1737 221 0 1788864678 144842
11 1475 0 0 1788864678 147277
8 1714 771 0 1788864678 149696
8 1722 0 0 1788864678 153840
11 1495 390 0 1788864678 154906
10 1757 456 0 1788864678 156923
11 1501 0 0 1788864678 157804
11 1515 283 0 1788864678 161141
8 1750 216 0 1788864678 163603
8 1760 425 0 1788864678 166684
11 1527 343 0 1788864678 167120
8 1762 436 0 1788864678 167733
8 1772 158 0 1788864678 170742
9 1941 306 0 1788864678 173106
11 1539 214 0 1788864678 173550
9 1948 424 0 1788864678 183559
10 1814 422 0 1788864678 185430
10 1827 517 0 1788864678 195427
8 1805 286 0 1788864678 196048
9 1984 0 0 1788864678 205731
9 2015 0 0 1788864678 211115
11 1580 0 0 1788864678 212327
10 1848 0 0 1788864678 215213
11 1586 0 0 1788864678 215417
11 1588 0 0 1788864678 216145
10 1855 0 0 1788864678 217756
10 1857 550 0 1788864678 218904
10 1865 882 0 1788864678 225246
11 1604 1124 0 1788864678 226765
9 2027 722 0 1788864678 228971
8 1837 1170 0 1788864678 232191
8 1851 129 0 1788864678 234606
8 1857 102 0 1788864678 235454
10 1881 464 0 1788864678 236014
11 1622 441 0 1788864678 236966
9 2079 129 0 1788864678 241819
11 1635 540 0 1788864678 242246
8 1892 280 0 1788864678 242341
8 1920 248 0 1788864678 247874
8 1922 202 0 1788864678 248230
11 1650 425 0 1788864678 249474
9 2120 208 0 1788864678 249913
9 2122 175 0 1788864678 250292
8 1935 149 0 1788864678 250599
9 2131 323 0 1788864678 255128
10 1924 216 0 1788864678 256790
8 1961 70 0 1788864678 259549
11 1706 266 0 1788864678 261451
8 1989 480 0 1788864678 265637
9 2181 265 0 1788864678 274911
11 1737 659 0 1788864678 285077
9 2195 1697 0 1788864678 288461
10 1986 222 0 1788864678 289937
10 1990 859 0 1788864678 292867
11 1752 0 0 1788864678 294240
10 1996 160 0 1788864678 296095
10 2002 300 0 1788864678 297972
11 1766 339 0 1788864678 299030
11 1789 1015 0 1788864678 304701
10 2035 1328 0 1788864678 311551
8 2078 1302 0 1788864678 314906
11 1802 265 0 1788864678 315791
10 2061 482 0 1788864678 326595
10 2069 143 0 1788864678 329393
11 1829 283 0 1788864678 329627
11 1830 328 0 1788864678 329959
8 2108 264 0 1788864678 332335
9 2246 673 0 1788864678 333298
8 2110 545 0 1788864678 333504
9 2247 647 0 1788864678 333950
8 2113 539 0 1788864678 335821
8 2116 334 0 1788864678 337355
10 2081 480 0 1788864678 338080
8 2119 358 0 1788864678 339253
11 1847 354 0 1788864678 343576
10 2088 356 0 1788864678 343790
10 2095 593 0 1788864678 347086
9 2272 554 0 1788864678 347516
8 2144 641 0 1788864678 352764
11 1867 889 0 1788864678 353725
9 2283 669 0 1788864678 355442
8 2177 0 0 1788864678 384759
8 2182 158 0 1788864678 389254
10 2158 308 0 1788864678 390292
10 2171 235 0 1788864678 395886
10 2179 285 0 1788864678 398082
8 2198 282 0 1788864678 398485
8 2201 375 0 1788864678 399224
10 2186 280 0 1788864678 399549
10 2187 368 0 1788864678 399965
9 2338 459 0 1788864678 400038
11 1946 141 0 1788864678 401221
10 2195 280 0 1788864678 402501
11 1953 252 0 1788864678 403034
11 1991 231 0 1788864678 413089
11 1993 134 0 1788864678 413963
8 2251 273 0 1788864678 414841
8 2259 288 0 1788864678 417516
9 2396 256 0 1788864678 418598
8 2272 239 0 1788864678 420846
8 2273 295 0 1788864678 421149
9 2405 365 0 1788864678 421960
8 2280 187 0 1788864678 423328
9 2418 449 0 1788864678 427042
8 2295 312 0 1788864678 428705
10 2242 422 0 1788864678 433803
8 2311 664 0 1788864678 436644
8 2327 369 0 1788864678 444141
9 2461 328 0 1788864678 444196
11 2103 315 0 1788864678 451038
9 2489 299 0 1788864678 454332
9 2512 610 0 1788864678 461304
10 2276 1186 0 1788864678 462061
11 2122 313 0 1788864678 463058
8 2387 161 0 1788864678 465745
8 2398 221 0 1788864678 468132
9 2551 300 0 1788864678 472925
8 2420 281 0 1788864678 475105
8 2424 191 0 1788864678 476587
11 2152 357 0 1788864678 478697
9 2573 315 0 1788864678 479751
11 2162 521 0 1788864678 483946
10 2295 670 0 1788864678 485079
8 2454 225 0 1788864678 486555
11 2168 611 0 1788864678 486783
10 2302 560 0 1788864678 488733
8 2463 98 0 1788864678 488984
10 2307 377 0 1788864678 491427
10 2309 539 0 1788864678 492485
8 2479 388 0 1788864678 493703
9 2632 176 0 1788864678 496356
10 2317 607 0 1788864678 496706
8 2521 260 0 1788864678 507598
8 2531 227 0 1788864678 510390
11 2199 893 0 1788864678 519762
8 2558 632 0 1788864678 520182
8 2561 549 0 1788864678 521775
11 2204 274 0 1788864678 522097
10 2344 540 0 1788864678 524426
8 2569 519 0 1788864678 526506
11 2218 169 0 1788864678 526701
9 2726 459 0 1788864678 531429
10 2366 318 0 1788864678 534200
11 2240 179 0 1788864678 534589
9 2738 357 0 1788864678 539749
8 2597 592 0 1788864678 543640
8 2599 410 0 1788864678 545413
10 2402 529 0 1788864678 546518
10 2415 435 0 1788864678 552203
9 2765 329 0 1788864678 554913
10 2422 315 0 1788864678 555020
9 2767 280 0 1788864678 555745
11 2330 92 0 1788864678 556222
10 2428 446 0 1788864678 557630
8 2631 256 0 1788864678 558105
9 2771 478 0 1788864678 558113
9 2776 387 0 1788864678 560135
11 2350 228 0 1788864678 560678
11 2354 164 0 1788864678 561506
10 2439 379 0 1788864678 563582
10 2440 692 0 1788864678 564279
10 2441 798 0 1788864678 565101
11 2361 295 0 1788864678 565278
11 2372 315 0 1788864678 568302
10 2450 556 0 1788864678 570378
11 2385 330 0 1788864678 571733
10 2453 475 0 1788864678 571857
8 2684 239 0 1788864678 572199
8 2696 87 0 1788864678 574361
11 2402 285 0 1788864678 576169
9 2815 613 0 1788864678 580586
8 2759 107 0 1788864678 581086
8 2761 89 0 1788864678 581269
8 2773 112 0 1788864678 582544
8 2780 108 0 1788864678 583318
8 2783 133 0 1788864678 583655
8 2784 112 0 1788864678 583772
10 2476 478 0 1788864678 583821
8 2788 105 0 1788864678 584207
8 2805 130 0 1788864678 586112
8 2810 182 0 1788864678 586782
11 2442 205 0 1788864678 587587
11 2451 89 0 1788864678 589039
11 2454 206 0 1788864678 589487
8 2844 130 0 1788864678 590710
11 2473 269 0 1788864678 593483
8 2873 91 0 1788864678 593828
10 2495 450 0 1788864678 594998
8 2904 109 0 1788864678 596914
8 2910 97 0 1788864678 597484
8 2911 115 0 1788864678 597603
8 2913 126 0 1788864678 597857
9 2842 378 0 1788864678 598355
8 2928 443 0 1788864678 599780
11 2489 304 0 1788864678 600853
8 2943 114 0 1788864678 601506
11 2499 224 0 1788864678 603512
8 2984 121 0 1788864678 605884
8 3010 91 0 1788864678 608625
11 2518 311 0 1788864678 609642
8 3022 117 0 1788864678 609989
8 3053 92 0 1788864678 613195
8 3075 87 0 1788864678 615477
8 3081 89 0 1788864678 616078
10 2540 637 0 1788864678 617851
8 3098 132 0 1788864678 617943
8 3101 86 0 1788864678 618231
8 3113 108 0 1788864678 619791
11 2544 280 0 1788864678 620631
8 3136 84 0 1788864678 622235
10 2553 417 0 1788864678 623472
10 2556 478 0 1788864678 625000
8 3166 132 0 1788864678 625446
8 3167 108 0 1788864678 625562
11 2561 356 0 1788864678 626463
8 3205 164 0 1788864678 629488
9 2894 326 0 1788864678 630432
8 3217 109 0 1788864678 630753
8 3238 107 0 1788864678 633117
9 2900 486 0 1788864678 634208
9 2901 721 0 1788864678 634950
10 2575 577 0 1788864678 635261
8 3277 84 0 1788864678 637301
10 2585 115 0 1788864678 639226
8 3306 161 0 1788864678 642960
9 2929 246 0 1788864678 647428
8 3317 1286 0 1788864678 647791
9 2931 150 0 1788864678 647874
9 2937 277 0 1788864678 649667
11 2614 140 0 1788864678 650871
8 3325 898 0 1788864678 651236
11 2621 195 0 1788864678 652249
8 3329 97 0 1788864678 652547
9 2949 311 0 1788864678 653022
11 2626 224 0 1788864678 653446
9 2979 281 0 1788864678 661544
11 2661 230 0 1788864678 662127
11 2685 175 0 1788864678 668734
11 2701 201 0 1788864678 672679
8 3383 476 0 1788864678 673113
8 3388 409 0 1788864678 675430
8 3392 373 0 1788864678 677414
11 2721 1075 0 1788864678 679059
9 3053 223 0 1788864678 683625
9 3063 254 0 1788864678 685981
11 2740 262 0 1788864678 687033
10 2649 825 0 1788864678 689807
8 3439 1278 0 1788864678 703489
9 3118 376 0 1788864678 704527
11 2787 429 0 1788864678 705869
8 3450 287 0 1788864678 706713
8 3460 396 0 1788864678 709583
8 3461 354 0 1788864678 709942
8 3471 186 0 1788864678 712759
9 3146 572 0 1788864678 716347
8 3489 261 0 1788864678 717298
8 3498 226 0 1788864678 719731
8 3529 148 0 1788864678 726347
11 2842 439 0 1788864678 728113
8 3537 115 0 1788864678 728233
10 2695 616 0 1788864678 729821
11 2847 298 0 1788864678 730144
11 2877 201 0 1788864678 741831
10 2712 824 0 1788864678 743145
9 3178 206 0 1788864678 743843
8 3595 477 0 1788864678 745722
9 3187 240 0 1788864678 745729
9 3191 216 0 1788864678 746561
9 3196 251 0 1788864678 747465
8 3609 457 0 1788864678 751753
8 3618 262 0 1788864678 755016
8 3627 505 0 1788864678 761328
8 3634 361 0 1788864678 764145
8 3638 253 0 1788864678 765698
9 3272 207 0 1788864678 766328
9 3275 181 0 1788864678 766879
9 3276 101 0 1788864678 767008
8 3645 345 0 1788864678 768251
9 3283 198 0 1788864678 768260
10 2741 1422 0 1788864678 769385
8 3649 353 0 1788864678 770083
9 3293 283 0 1788864678 770417
10 2747 990 0 1788864678 773121
9 3321 201 0 1788864678 776451
9 3328 203 0 1788864678 777781
9 3338 209 0 1788864678 779835
11 2999 100 0 1788864678 786164
9 3389 156 0 1788864678 789441
11 3011 172 0 1788864678 789643
9 3393 195 0 1788864678 790209
8 3715 164 0 1788864678 791159
11 3015 361 0 1788864678 791228
8 3726 158 0 1788864678 793518
9 3421 139 0 1788864678 795830
10 2778 566 0 1788864678 801561
9 3469 259 0 1788864678 804617
9 3473 105 0 1788864678 805145
8 3750 290 0 1788864678 807992
10 2786 1790 0 1788864678 809814
11 3085 257 0 1788864678 819401
8 3769 968 0 1788864678 823936
9 3534 180 0 1788864678 825340
9 3540 281 0 1788864678 826949
11 3103 535 0 1788864678 827223
9 3554 458 0 1788864678 834292
9 3565 445 0 1788864678 838923
9 3566 0 0 1788864678 839024
11 3119 541 0 1788864678 840190
9 3574 383 0 1788864678 842200
10 2837 407 0 1788864678 844516
11 3125 668 0 1788864678 844796
9 3586 154 0 1788864678 846627
11 3135 107 0 1788864678 854651
9 3604 468 0 1788864678 855293
9 3605 336 0 1788864678 855636
10 2847 393 0 1788864678 855644
10 2852 1837 0 1788864678 861896
8 3828 858 0 1788864678 883407
11 3156 437 0 1788864678 884538
8 3832 488 0 1788864678 885295
9 3627 565 0 1788864678 885626
11 3161 524 0 1788864678 887547
11 3164 322 0 1788864678 889125
10 2879 549 0 1788864678 892030
11 3172 459 0 1788864678 893220
10 2883 445 0 1788864678 893690
9 3656 693 0 1788864678 899787
10 2897 274 0 1788864678 900637
10 2899 558 0 1788864678 901733
10 2900 608 0 1788864678 902346
9 3667 0 0 1788864678 904547
11 3196 97 0 1788864678 904974
9 3670 283 0 1788864678 905541
8 3875 606 0 1788864678 905708
9 3672 93 0 1788864678 905820
9 3683 94 0 1788864678 907156
10 2910 703 0 1788864678 907465
11 3212 94 0 1788864678 909237
9 3692 433 0 1788864678 909935
9 3714 565 0 1788864678 922325
11 3250 125 0 1788864678 922427
8 3906 137 0 1788864678 923225
9 3729 628 0 1788864678 929080
11 3265 590 0 1788864678 929929
8 3922 595 0 1788864678 931307
10 2961 91 0 1788864678 931563
9 3741 704 0 1788864678 933804
8 3927 612 0 1788864678 934323
8 3930 671 0 1788864678 936271
10 2985 98 0 1788864678 941066
11 3285 587 0 1788864678 941932
10 2999 77 0 1788864678 942389
8 3941 693 0 1788864678 942921
10 3018 86 0 1788864678 944114
9 3759 642 0 1788864678 944843
10 3059 1004 0 1788864678 948793
8 3950 606 0 1788864678 949410
11 3298 549 0 1788864678 951240
8 3961 635 0 1788864678 956464
11 3315 582 0 1788864678 962756
11 3317 1089 0 1788864678 964374
9 3788 392 0 1788864678 965549
8 3979 221 0 1788864678 969261
11 3343 137 0 1788864678 977741
11 3359 169 0 1788864678 980380
10 3130 109 0 1788864678 981743
8 4025 131 0 1788864678 984327
9 3822 354 0 1788864678 985476
11 3374 214 0 1788864678 986346
10 3142 191 0 1788864678 986482
8 4041 211 0 1788864678 986765
11 3380 271 0 1788864678 988103
10 3155 340 0 1788864678 990189
9 3850 337 0 1788864678 992708
10 3179 228 0 1788864678 997448
11 3406 563 0 1788864678 997457
11 3408 353 0 1788864678 998015
8 4096 0 0 1788864678 999867
9 3883 0 0 1788864679 223
8 4109 289 0 1788864679 2693
8 4110 172 0 1788864679 2870
10 3207 98 0 1788864679 3039
11 3425 253 0 1788864679 3046
9 3899 482 0 1788864679 4002
10 3211 333 0 1788864679 4010
8 4118 496 0 1788864679 6519
11 3435 0 0 1788864679 8458
9 3917 1423 0 1788864679 20872
11 3451 1103 0 1788864679 20881
8 4133 684 0 1788864679 21303
10 3234 723 0 1788864679 21311
11 3470 524 0 1788864679 33493
9 3948 443 0 1788864679 35449
10 3256 1051 0 1788864679 35457
11 3493 0 0 1788864679 48302
11 3530 0 0 1788864679 62036
8 4192 0 0 1788864679 64216
10 3285 0 0 1788864679 67025
9 3992 682 0 1788864679 72874
10 3312 1531 0 1788864679 93948
9 4037 1195 0 1788864679 100004
9 4039 0 0 1788864679 100777
11 3590 0 0 1788864679 101345
11 3591 0 0 1788864679 101824
8 4253 0 0 1788864679 104418
9 4049 0 0 1788864679 105622
8 4270 464 0 1788864679 113110
11 3622 226 0 1788864679 120185
10 3337 539 0 1788864679 122886
8 4301 0 0 1788864679 130356
8 4306 0 0 1788864679 132455
11 3647 0 0 1788864679 135354
8 4320 0 0 1788864679 138470
8 4325 472 0 1788864679 140804
9 4110 1158 0 1788864679 149551
9 4111 0 0 1788864679 150039
11 3667 0 0 1788864679 151283
8 4362 0 0 1788864679 154818
8 4367 0 0 1788864679 156682
11 3686 0 0 1788864679 158939
11 3692 678 0 1788864679 164765
8 4402 256 0 1788864679 166392
10 3373 262 0 1788864679 167057
8 4409 184 0 1788864679 168218
8 4416 349 0 1788864679 169787
10 3384 193 0 1788864679 171087
10 3386 288 0 1788864679 172080
10 3388 284 0 1788864679 172670
8 4430 167 0 1788864679 173284
8 4435 166 0 1788864679 174602
8 4460 253 0 1788864679 182744
9 4170 745 0 1788864679 183265
11 3746 289 0 1788864679 183466
11 3748 110 0 1788864679 183914
10 3413 466 0 1788864679 184528
10 3414 524 0 1788864679 185149
11 3779 0 0 1788864679 192417
8 4497 530 0 1788864679 194679
10 3436 761 0 1788864679 197872
11 3791 1035 0 1788864679 200801
11 3812 876 0 1788864679 218694
10 3451 806 0 1788864679 223810
9 4239 0 0 1788864679 224454
8 4541 1623 0 1788864679 225437
11 3852 463 0 1788864679 257725
9 4254 454 0 1788864679 259720
8 4580 545 0 1788864679 260718
10 3472 540 0 1788864679 262643
11 3862 796 0 1788864679 263502
9 4263 317 0 1788864679 264218
9 4275 371 0 1788864679 272289
10 3495 257 0 1788864679 273641
10 3507 278 0 1788864679 276629
10 3512 689 0 1788864679 278023
8 4607 408 0 1788864679 278436
10 3520 256 0 1788864679 280149
10 3522 238 0 1788864679 280569
9 4291 788 0 1788864679 283582
8 4616 1313 0 1788864679 284847
8 4617 1195 0 1788864679 286051
8 4621 89 0 1788864679 287065
11 3905 517 0 1788864679 292107
11 3912 710 0 1788864679 297508
11 3918 226 0 1788864679 301936
9 4316 256 0 1788864679 302217
9 4317 753 0 1788864679 302975
10 3619 209 0 1788864679 310254
9 4328 786 0 1788864679 310811
10 3646 309 0 1788864679 316581
9 4336 762 0 1788864679 316852
11 3940 0 0 1788864679 319290
10 3656 145 0 1788864679 320343
9 4341 672 0 1788864679 321019
11 3948 1951 0 1788864679 325319
10 3700 213 0 1788864679 326721
9 4348 745 0 1788864679 327471
9 4357 794 0 1788864679 333806
10 3741 127 0 1788864679 335149
11 3962 859 0 1788864679 335638
10 3748 180 0 1788864679 336529
10 3755 296 0 1788864679 337817
8 4691 692 0 1788864679 339315
9 4370 685 0 1788864679 342704
10 3806 117 0 1788864679 346947
10 3814 182 0 1788864679 348413
10 3821 584 0 1788864679 350130
9 4386 661 0 1788864679 353293
10 3831 236 0 1788864679 353302
9 4390 632 0 1788864679 356073
10 3860 171 0 1788864679 358140
11 3997 898 0 1788864679 359548
10 3898 162 0 1788864679 365885
9 4404 953 0 1788864679 366843
10 3924 122 0 1788864679 377124
10 3957 141 0 1788864679 386231
11 4028 484 0 1788864679 387621
8 4756 668 0 1788864679 387668
9 4429 656 0 1788864679 388801
10 3983 116 0 1788864679 389837
10 4002 161 0 1788864679 392990
10 4009 111 0 1788864679 393900
9 4443 676 0 1788864679 400358
10 4056 117 0 1788864679 402025
11 4047 750 0 1788864679 402227
10 4060 191 0 1788864679 402728
8 4776 937 0 1788864679 403287
10 4095 180 0 1788864679 409310
9 4464 828 0 1788864679 415270
9 4471 1524 0 1788864679 421277
10 4163 659 0 1788864679 421284
8 4804 840 0 1788864679 424099
9 4480 1022 0 1788864679 427759
10 4193 1383 0 1788864679 428722
11 4084 787 0 1788864679 432267
10 4224 149 0 1788864679 433590
10 4227 137 0 1788864679 433934
10 4239 106 0 1788864679 435655
10 4261 118 0 1788864679 438524
11 4098 1613 0 1788864679 448445
8 4832 821 0 1788864679 450379
8 4833 836 0 1788864679 451226
9 4509 849 0 1788864679 453792
8 4838 874 0 1788864679 455501
10 4306 2631 0 1788864679 460050
10 4310 167 0 1788864679 463372
10 4312 146 0 1788864679 463697
10 4322 132 0 1788864679 465036
11 4116 1035 0 1788864679 466527
9 4525 655 0 1788864679 469130
9 4527 404 0 1788864679 470089
9 4534 457 0 1788864679 476504
10 4365 264 0 1788864679 478528
8 4869 276 0 1788864679 480512
9 4552 417 0 1788864679 484783
10 4395 236 0 1788864679 487024
10 4398 155 0 1788864679 487690
9 4560 284 0 1788864679 487719
9 4562 540 0 1788864679 488584
8 4891 207 0 1788864679 489164
9 4568 306 0 1788864679 490558
8 4912 188 0 1788864679 493602
9 4584 180 0 1788864679 493819
9 4585 313 0 1788864679 494136
11 4183 182 0 1788864679 494938
11 4186 253 0 1788864679 495525
11 4191 236 0 1788864679 496520
8 4927 168 0 1788864679 496592
8 4939 511 0 1788864679 499622
8 4941 373 0 1788864679 500410
10 4455 217 0 1788864679 500775
10 4458 100 0 1788864679 501209
10 4460 157 0 1788864679 501549
10 4469 86 0 1788864679 503054
11 4214 1080 0 1788864679 503629
10 4481 154 0 1788864679 505112
10 4486 154 0 1788864679 505936
10 4597 89 0 1788864679 522380
10 4604 195 0 1788864679 523515
10 4614 215 0 1788864679 525193
10 4615 157 0 1788864679 525355
8 4964 1241 0 1788864679 525619
10 4627 181 0 1788864679 527076
9 4637 1118 0 1788864679 528715
8 4967 1394 0 1788864679 529259
10 4646 203 0 1788864679 530709
10 4647 624 0 1788864679 531338
11 4234 1231 0 1788864679 531469
10 4661 152 0 1788864679 533538
10 4662 192 0 1788864679 533736
10 4666 152 0 1788864679 534377
10 4689 156 0 1788864679 538001
11 4240 1274 0 1788864679 538647
10 4739 90 0 1788864679 545417
10 4743 89 0 1788864679 546048
11 4246 949 0 1788864679 546723
10 4748 220 0 1788864679 546919
11 4250 850 0 1788864679 550265
10 4801 154 0 1788864679 555179
10 4813 157 0 1788864679 556825
10 4816 154 0 1788864679 557279
10 4818 153 0 1788864679 557552
8 4999 398 0 1788864679 570712
10 4937 154 0 1788864679 575223
9 4678 918 0 1788864679 575500
10 4941 151 0 1788864679 575839
8 5010 816 0 1788864679 581126
10 4979 267 0 1788864679 583034
8 5030 196 0 1788864679 584635
10 4994 214 0 1788864679 585857
9 4692 811 0 1788864679 586043
10 5015 210 0 1788864679 589570
10 5019 192 0 1788864679 590289
10 5039 400 0 1788864679 596145
10 5067 196 0 1788864679 604454
10 5068 126 0 1788864679 604603
10 5077 181 0 1788864679 607580
10 5111 185 0 1788864679 616525
10 5115 87 0 1788864679 616986
10 5126 125 0 1788864679 618134
10 5136 87 0 1788864679 619297
9 4751 394 0 1788864679 620147
11 4344 173 0 1788864679 621154
10 5158 103 0 1788864679 621672
10 5160 86 0 1788864679 621908
10 5163 110 0 1788864679 622212
9 4760 451 0 1788864679 622862
10 5203 87 0 1788864679 626529
9 4776 271 0 1788864679 627447
10 5228 86 0 1788864679 629086
9 4785 298 0 1788864679 630492
9 4789 322 0 1788864679 631678
10 5256 98 0 1788864679 631973
11 4355 756 0 1788864679 632329
10 5262 158 0 1788864679 632697
11 4357 524 0 1788864679 633085
10 5279 108 0 1788864679 634467
9 4801 287 0 1788864679 635269
11 4361 988 0 1788864679 636913
10 5312 87 0 1788864679 637874
9 4809 495 0 1788864679 638085
11 4365 515 0 1788864679 639052
8 5123 663 0 1788864679 639223
10 5339 93 0 1788864679 640720
10 5346 106 0 1788864679 641472
10 5365 112 0 1788864679 643516
10 5372 86 0 1788864679 644192
10 5389 85 0 1788864679 645981
10 5397 84 0 1788864679 646806
10 5416 144 0 1788864679 649271
8 5136 2084 0 1788864679 651175
9 4873 189 0 1788864679 654072
9 4879 168 0 1788864679 655101
10 5472 129 0 1788864679 655864
9 4900 128 0 1788864679 658538
9 4905 132 0 1788864679 659451
10 5513 84 0 1788864679 660569
10 5517 107 0 1788864679 661083
10 5526 108 0 1788864679 662160
10 5530 159 0 1788864679 662638
10 5547 105 0 1788864679 664412
10 5562 84 0 1788864679 666020
10 5568 85 0 1788864679 666727
10 5571 84 0 1788864679 667070
9 4955 169 0 1788864679 668232
11 4394 970 0 1788864679 668277
9 4959 159 0 1788864679 668848
9 4964 178 0 1788864679 669978
8 5154 2735 0 1788864679 671110
9 4974 109 0 1788864679 671771
10 5621 84 0 1788864679 672540
10 5627 85 0 1788864679 673203
10 5629 104 0 1788864679 673399
9 4984 116 0 1788864679 674713
9 4993 148 0 1788864679 676254
10 5657 87 0 1788864679 676484
10 5659 86 0 1788864679 676733
9 4996 191 0 1788864679 677189
9 5006 208 0 1788864679 679021
10 5696 88 0 1788864679 681199
10 5699 101 0 1788864679 681515
9 5024 188 0 1788864679 682545
10 5710 99 0 1788864679 682817
9 5035 455 0 1788864679 685127
10 5740 115 0 1788864679 686936
9 5049 189 0 1788864679 687473
10 5754 104 0 1788864679 688482
9 5056 174 0 1788864679 688571
8 5174 729 0 1788864679 691175
10 5780 119 0 1788864679 691270
9 5072 183 0 1788864679 692016
9 5073 128 0 1788864679 692152
10 5793 142 0 1788864679 692711
10 5815 91 0 1788864679 694988
10 5840 88 0 1788864679 697742
10 5849 92 0 1788864679 698727
10 5867 103 0 1788864679 700653
11 4427 896 0 1788864679 701625
10 5898 74 0 1788864679 703564
10 5905 167 0 1788864679 704554
10 5931 121 0 1788864679 707604
10 5933 83 0 1788864679 707866
10 5943 83 0 1788864679 709004
10 5954 82 0 1788864679 710212
10 5959 105 0 1788864679 710768
10 5960 132 0 1788864679 710905
10 5983 107 0 1788864679 713316
10 5991 89 0 1788864679 714117
11 4439 1392 0 1788864679 714624
10 6001 86 0 1788864679 715220
9 5195 185 0 1788864679 715520
10 6007 91 0 1788864679 715855
9 5199 246 0 1788864679 716226
10 6024 86 0 1788864679 717843
10 6025 85 0 1788864679 717934
8 5199 2034 0 1788864679 718733
10 6036 133 0 1788864679 719205
10 6040 88 0 1788864679 719602
10 6073 104 0 1788864679 723271
8 5208 222 0 1788864679 724303
10 6086 130 0 1788864679 724736
10 6089 124 0 1788864679 725063
11 4455 298 0 1788864679 725472
10 6106 92 0 1788864679 726967
8 5211 1398 0 1788864679 727381
10 6111 93 0 1788864679 727587
9 5239 412 0 1788864679 727640
9 5241 255 0 1788864679 728508
9 5242 216 0 1788864679 728728
9 5247 196 0 1788864679 730892
10 6141 101 0 1788864679 731111
10 6142 170 0 1788864679 731331
10 6145 105 0 1788864679 731636
10 6173 128 0 1788864679 734962
10 6188 142 0 1788864679 736916
9 5275 218 0 1788864679 738560
10 6204 91 0 1788864679 738802
10 6207 99 0 1788864679 739157
9 5280 259 0 1788864679 739834
11 4502 262 0 1788864679 739882
11 4505 112 0 1788864679 740417
10 6272 104 0 1788864679 747253
11 4541 285 0 1788864679 749632
10 6300 112 0 1788864679 750401
10 6303 118 0 1788864679 750744
11 4555 362 0 1788864679 753968
9 5330 216 0 1788864679 754388
10 6367 83 0 1788864679 758236
10 6393 88 0 1788864679 761431
8 5264 641 0 1788864679 762154
10 6406 82 0 1788864679 762906
10 6408 150 0 1788864679 763167
11 4581 365 0 1788864679 763640
10 6420 84 0 1788864679 764521
8 5275 839 0 1788864679 765257
9 5363 313 0 1788864679 765703
9 5365 427 0 1788864679 766698
10 6444 107 0 1788864679 767327
11 4603 275 0 1788864679 771231
10 6484 102 0 1788864679 772334
10 6488 129 0 1788864679 772845
11 4613 254 0 1788864679 775520
9 5390 268 0 1788864679 775621
10 6515 108 0 1788864679 776089
10 6521 85 0 1788864679 776761
10 6529 143 0 1788864679 777702
9 5399 253 0 1788864679 778157
11 4621 110 0 1788864679 778384
8 5315 255 0 1788864679 779095
10 6543 139 0 1788864679 779342
10 6558 130 0 1788864679 781313
10 6569 81 0 1788864679 782453
10 6574 109 0 1788864679 782918
10 6604 134 0 1788864679 786357
10 6636 87 0 1788864679 790175
10 6637 87 0 1788864679 790288
10 6658 83 0 1788864679 792928
9 5438 198 0 1788864679 793635
10 6665 109 0 1788864679 793821
9 5439 399 0 1788864679 794039
10 6682 121 0 1788864679 795698
10 6691 89 0 1788864679 796728
10 6699 157 0 1788864679 797696
10 6723 109 0 1788864679 800475
10 6730 87 0 1788864679 801334
8 5379 682 0 1788864679 801809
9 5465 377 0 1788864679 802301
10 6743 81 0 1788864679 802895
10 6747 207 0 1788864679 803437
10 6752 109 0 1788864679 804097
11 4692 225 0 1788864679 804579
10 6759 105 0 1788864679 804943
10 6761 105 0 1788864679 805136
11 4694 287 0 1788864679 805143
9 5482 221 0 1788864679 807070
9 5488 295 0 1788864679 808795
10 6799 167 0 1788864679 809772
10 6800 89 0 1788864679 809865
8 5415 180 0 1788864679 812603
10 6825 88 0 1788864679 812615
10 6828 80 0 1788864679 812947
10 6837 75 0 1788864679 813940
8 5425 314 0 1788864679 815524
10 6859 125 0 1788864679 816367
11 4734 312 0 1788864679 816804
10 6867 83 0 1788864679 817215
11 4748 228 0 1788864679 821555
10 6916 124 0 1788864679 822790
10 6928 119 0 1788864679 824229
11 4759 356 0 1788864679 824713
8 5454 711 0 1788864679 825335
10 6942 110 0 1788864679 825657
10 6952 106 0 1788864679 826733
9 5556 309 0 1788864679 828793
10 6983 79 0 1788864679 830016
11 4779 297 0 1788864679 831798
10 7000 124 0 1788864679 831926
8 5478 247 0 1788864679 832176
11 4785 310 0 1788864679 833471
11 4788 404 0 1788864679 834421
10 7026 81 0 1788864679 834893
10 7065 102 0 1788864679 839351
10 7082 78 0 1788864679 841263
11 4811 305 0 1788864679 841271
10 7084 106 0 1788864679 841502
10 7090 139 0 1788864679 842199
11 4816 287 0 1788864679 842618
8 5515 233 0 1788864679 843031
9 5616 149 0 1788864679 847523
10 7122 393 0 1788864679 849395
11 4839 607 0 1788864679 849724
9 5628 185 0 1788864679 850970
10 7127 308 0 1788864679 851113
8 5547 239 0 1788864679 851589
10 7140 251 0 1788864679 854711
11 4857 398 0 1788864679 855395
9 5655 356 0 1788864679 859672
8 5575 291 0 1788864679 860736
10 7195 147 0 1788864679 867192
11 4891 3309 0 1788864679 876178
9 5685 1470 0 1788864679 882068
9 5699 0 0 1788864679 892176
9 5701 0 0 1788864679 892869
10 7238 0 0 1788864679 904898
11 4921 0 0 1788864679 904987
11 4927 1001 0 1788864679 910344
8 5644 1399 0 1788864679 912880
9 5726 1572 0 1788864679 912888
10 7250 0 0 1788864679 913487
11 4935 0 0 1788864679 918913
10 7255 0 0 1788864679 919178
11 4936 153 0 1788864679 919334
8 5653 2046 0 1788864679 921877
9 5740 0 0 1788864679 923414
8 5662 0 0 1788864679 927676
9 5751 348 0 1788864679 933571
11 4952 360 0 1788864679 933759
8 5670 367 0 1788864679 933852
11 4956 345 0 1788864679 935173
9 5756 349 0 1788864679 935350
10 7282 535 0 1788864679 937007
11 4963 856 0 1788864679 938185
8 5682 0 0 1788864679 938390
9 5778 393 0 1788864679 943418
8 5695 506 0 1788864679 944213
9 5785 108 0 1788864679 946064
11 4981 120 0 1788864679 946093
8 5703 829 0 1788864679 948708
9 5803 258 0 1788864679 950891
9 5804 281 0 1788864679 951177
11 4998 227 0 1788864679 951207
11 5000 201 0 1788864679 951598
11 5004 137 0 1788864679 952547
11 5007 279 0 1788864679 953381
9 5831 161 0 1788864679 958256
10 7344 0 0 1788864679 958968
9 5837 204 0 1788864679 959373
9 5841 198 0 1788864679 960067
9 5844 197 0 1788864679 960912
9 5847 344 0 1788864679 961721
11 5042 254 0 1788864679 962724
11 5057 230 0 1788864679 967800
8 5758 253 0 1788864679 969446
10 7386 354 0 1788864679 972126
9 5883 549 0 1788864679 972583
11 5074 767 0 1788864679 972719
8 5783 303 0 1788864679 977524
9 5899 360 0 1788864679 978372
9 5907 893 0 1788864679 981892
8 5796 300 0 1788864679 982762
11 5116 354 0 1788864679 987501
8 5811 407 0 1788864679 989817
10 7436 366 0 1788864679 991621
10 7462 80 0 1788864679 997479
10 7465 133 0 1788864679 997986
9 5958 83 0 1788864679 998255
9 5959 84 0 1788864679 998343
8 5845 255 0 1788864679 999653
10 7477 394 0 1788864680 591
8 5851 227 0 1788864680 1041
10 7498 99 0 1788864680 6195
11 5170 738 0 1788864680 8967
9 5993 346 0 1788864680 11402
8 5874 0 0 1788864680 12332
9 5997 192 0 1788864680 12528
9 6003 363 0 1788864680 14237
11 5201 211 0 1788864680 16189
8 5890 224 0 1788864680 16874
9 6012 294 0 1788864680 17011
10 7544 234 0 1788864680 17018
10 7545 170 0 1788864680 17212
9 6015 257 0 1788864680 17664
9 6017 649 0 1788864680 18683
8 5898 1149 0 1788864680 20245
10 7553 85 0 1788864680 20972
11 5235 215 0 1788864680 23963
11 5246 202 0 1788864680 26699
9 6033 70 0 1788864680 27257
11 5249 198 0 1788864680 27478
10 7561 438 0 1788864680 32127
8 5917 74 0 1788864680 32738
8 5926 275 0 1788864680 33969
8 5928 106 0 1788864680 34322
8 5936 535 0 1788864680 40879
8 5945 105 0 1788864680 42826
9 6081 115 0 1788864680 42855
11 5279 154 0 1788864680 43130
11 5290 106 0 1788864680 46829
8 5981 194 0 1788864680 47919
11 5300 211 0 1788864680 49087
10 7605 265 0 1788864680 49725
8 5999 127 0 1788864680 50877
10 7614 312 0 1788864680 51776
8 6042 117 0 1788864680 54926
11 5318 1397 0 1788864680 57570
9 6141 71 0 1788864680 57919
9 6155 76 0 1788864680 59074
9 6166 0 0 1788864680 60485
9 6169 154 0 1788864680 61013
11 5327 221 0 1788864680 61469
8 6073 83 0 1788864680 61515
10 7642 94 0 1788864680 62978
9 6191 131 0 1788864680 64458
11 5369 225 0 1788864680 68002
8 6127 222 0 1788864680 70083
9 6218 1026 0 1788864680 70708
9 6219 1293 0 1788864680 72046
8 6135 202 0 1788864680 73649
8 6139 94 0 1788864680 74466
8 6146 220 0 1788864680 75246
10 7691 228 0 1788864680 75710
8 6156 75 0 1788864680 76302
10 7697 78 0 1788864680 77061
8 6186 197 0 1788864680 79747
11 5421 112 0 1788864680 81059
10 7742 101 0 1788864680 83530
9 6282 154 0 1788864680 83640
9 6284 126 0 1788864680 83987
8 6219 220 0 1788864680 85326
10 7757 75 0 1788864680 85418
10 7763 69 0 1788864680 85948
11 5448 517 0 1788864680 87498
9 6297 81 0 1788864680 88101
9 6299 79 0 1788864680 88274
9 6315 89 0 1788864680 89804
10 7790 221 0 1788864680 93287
9 6348 96 0 1788864680 93688
11 5462 310 0 1788864680 93778
10 7795 210 0 1788864680 94581
9 6365 280 0 1788864680 96345
9 6369 176 0 1788864680 97173
11 5495 103 0 1788864680 97640
8 6254 1296 0 1788864680 98981
11 5500 320 0 1788864680 99606
11 5505 323 0 1788864680 101358
9 6387 0 0 1788864680 108389
9 6391 202 0 1788864680 108909
10 7870 347 0 1788864680 111708
8 6285 351 0 1788864680 113473
10 7882 217 0 1788864680 115123
8 6305 301 0 1788864680 117695
11 5549 350 0 1788864680 121988
8 6322 111 0 1788864680 125993
11 5564 268 0 1788864680 127112
9 6455 141 0 1788864680 128954
8 6342 85 0 1788864680 129351
8 6345 97 0 1788864680 129685
10 7922 264 0 1788864680 129907
9 6460 225 0 1788864680 130312
8 6352 81 0 1788864680 130344
11 5578 180 0 1788864680 130622
10 7932 519 0 1788864680 133262
10 7942 339 0 1788864680 137092
9 6480 359 0 1788864680 137545
11 5605 82 0 1788864680 139461
11 5606 77 0 1788864680 139562
11 5609 104 0 1788864680 139920
11 5615 570 0 1788864680 141394
8 6382 206 0 1788864680 141535
8 6391 100 0 1788864680 143241
9 6502 359 0 1788864680 145195
10 7969 406 0 1788864680 148214
8 6407 329 0 1788864680 148641
8 6413 213 0 1788864680 150180
9 6519 213 0 1788864680 150740
11 5642 250 0 1788864680 151598
8 6421 140 0 1788864680 151682
8 6427 283 0 1788864680 156300
9 6540 195 0 1788864680 159776
9 6545 468 0 1788864680 161329
9 6548 248 0 1788864680 162216
10 8022 406 0 1788864680 163049
10 8034 219 0 1788864680 167144
11 5682 326 0 1788864680 167809
10 8042 251 0 1788864680 169414
8 6462 447 0 1788864680 169590
8 6484 1010 0 1788864680 175918
9 6587 259 0 1788864680 176453
9 6593 370 0 1788864680 181131
8 6508 176 0 1788864680 184095
10 8081 87 0 1788864680 184740
8 6529 98 0 1788864680 187675
8 6540 254 0 1788864680 191109
9 6625 238 0 1788864680 191322
8 6546 215 0 1788864680 192474
11 5751 700 0 1788864680 194071
9 6640 560 0 1788864680 195399
9 6641 1856 0 1788864680 197261
8 6565 126 0 1788864680 198458
8 6569 134 0 1788864680 198978
8 6585 84 0 1788864680 204990
11 5771 188 0 1788864680 205372
10 8164 131 0 1788864680 208514
9 6674 651 0 1788864680 209944
10 8171 228 0 1788864680 209953
11 5795 636 0 1788864680 226793
9 6702 271 0 1788864680 236822
11 5812 259 0 1788864680 236833
10 8201 0 0 1788864680 239376
8 6646 0 0 1788864680 252175
11 5825 6085 0 1788864680 268128
10 8258 0 0 1788864680 273683
11 5834 0 0 1788864680 277629
10 8270 966 0 1788864680 286456
9 6728 1865 0 1788864680 290597
8 6690 212 0 1788864680 294843
8 6697 288 0 1788864680 296586
8 6703 103 0 1788864680 297747
8 6711 351 0 1788864680 299907
10 8301 600 0 1788864680 300244
8 6718 211 0 1788864680 300903
10 8307 176 0 1788864680 302035
10 8308 215 0 1788864680 302256
11 5867 267 0 1788864680 303884
10 8315 257 0 1788864680 304146
8 6735 255 0 1788864680 305594
8 6737 351 0 1788864680 306368
10 8338 269 0 1788864680 309798
10 8342 0 0 1788864680 310627
11 5887 465 0 1788864680 312340
9 6800 246 0 1788864680 314553
10 8359 281 0 1788864680 315180
8 6772 248 0 1788864680 315878
8 6780 277 0 1788864680 317673
10 8368 253 0 1788864680 317775
9 6843 251 0 1788864680 337554
9 6861 267 0 1788864680 343485
8 6821 566 0 1788864680 344148
8 6823 1356 0 1788864680 346000
10 8415 776 0 1788864680 350694
11 5948 353 0 1788864680 351505
9 6884 246 0 1788864680 354734
9 6897 176 0 1788864680 357199
8 6839 312 0 1788864680 360461
9 6914 279 0 1788864680 362161
9 6917 296 0 1788864680 363509
11 5978 286 0 1788864680 366072
8 6863 238 0 1788864680 366624
8 6888 382 0 1788864680 373865
9 6943 325 0 1788864680 374519
11 6005 357 0 1788864680 374567
8 6905 306 0 1788864680 378385
11 6026 201 0 1788864680 380353
9 6959 335 0 1788864680 380532
11 6029 359 0 1788864680 381127
8 6917 180 0 1788864680 382036
8 6921 232 0 1788864680 382947
9 6966 395 0 1788864680 383210
11 6039 293 0 1788864680 383728
8 6928 207 0 1788864680 384591
9 6983 360 0 1788864680 389370
8 6954 330 0 1788864680 391739
11 6073 411 0 1788864680 394261
10 8524 501 0 1788864680 398595
9 7017 460 0 1788864680 403181
8 7000 318 0 1788864680 406912
11 6114 279 0 1788864680 407995
9 7032 265 0 1788864680 408883
11 6129 358 0 1788864680 411900
9 7046 334 0 1788864680 413187
8 7027 335 0 1788864680 414212
8 7039 224 0 1788864680 417644
9 7060 294 0 1788864680 418081
11 6157 187 0 1788864680 419108
8 7054 430 0 1788864680 422224
10 8585 117 0 1788864680 425945
9 7097 223 0 1788864680 428490
8 7076 424 0 1788864680 429686
10 8598 280 0 1788864680 429697
8 7077 360 0 1788864680 430059
8 7089 268 0 1788864680 433776
10 8612 407 0 1788864680 435196
11 6213 361 0 1788864680 438625
11 6214 343 0 1788864680 438973
8 7106 367 0 1788864680 439888
9 7136 303 0 1788864680 440548
10 8625 439 0 1788864680 440555
8 7117 369 0 1788864680 443466
8 7127 347 0 1788864680 446934
10 8643 893 0 1788864680 448569
8 7131 82 0 1788864680 448773
8 7133 367 0 1788864680 449682
9 7166 293 0 1788864680 453216
10 8655 424 0 1788864680 454686
9 7198 115 0 1788864680 459700
11 6279 297 0 1788864680 463314
10 8680 323 0 1788864680 463429
9 7215 309 0 1788864680 463628
10 8686 176 0 1788864680 465400
9 7225 111 0 1788864680 466113
11 6295 354 0 1788864680 468761
9 7246 272 0 1788864680 471084
9 7261 313 0 1788864680 476145
11 6315 253 0 1788864680 476428
9 7265 237 0 1788864680 476845
11 6323 301 0 1788864680 479274
8 7186 279 0 1788864680 481288
8 7187 386 0 1788864680 481684
10 8735 683 0 1788864680 484101
9 7296 184 0 1788864680 485353
9 7308 292 0 1788864680 487811
11 6346 368 0 1788864680 488066
8 7213 253 0 1788864680 491269
10 8754 333 0 1788864680 491368
10 8761 0 0 1788864680 493865
10 8770 0 0 1788864680 497589
10 8776 311 0 1788864680 499533
11 6376 257 0 1788864680 499977
11 6378 284 0 1788864680 500575
11 6390 358 0 1788864680 504494
10 8791 344 0 1788864680 504751
8 7260 279 0 1788864680 506460
11 6397 362 0 1788864680 506918
11 6402 171 0 1788864680 508466
9 7367 245 0 1788864680 508833
11 6404 296 0 1788864680 509156
8 7283 206 0 1788864680 513041
11 6416 323 0 1788864680 513132
9 7383 193 0 1788864680 514047
11 6422 374 0 1788864680 515144
11 6427 275 0 1788864680 516776
11 6431 355 0 1788864680 518237
9 7398 251 0 1788864680 520546
9 7416 227 0 1788864680 526289
10 8856 363 0 1788864680 527147
8 7334 276 0 1788864680 527796
11 6458 153 0 1788864680 527804
8 7336 218 0 1788864680 528397
11 6460 344 0 1788864680 528496
11 6461 324 0 1788864680 528842
9 7427 308 0 1788864680 529355
10 8870 348 0 1788864680 532075
8 7361 475 0 1788864680 535918
9 7454 229 0 1788864680 536054
8 7362 240 0 1788864680 536162
11 6495 364 0 1788864680 540862
8 7388 274 0 1788864680 543424
9 7481 291 0 1788864680 544393
11 6507 234 0 1788864680 544831
9 7483 378 0 1788864680 545079
10 8910 294 0 1788864680 545944
11 6513 286 0 1788864680 546780
9 7493 463 0 1788864680 547289
8 7406 317 0 1788864680 548409
8 7415 420 0 1788864680 551106
9 7507 313 0 1788864680 551137
11 6528 353 0 1788864680 551585
11 6533 321 0 1788864680 553362
10 8934 303 0 1788864680 553895
8 7425 339 0 1788864680 553986
10 8943 379 0 1788864680 556720
11 6548 444 0 1788864680 558305
11 6551 86 0 1788864680 559003
8 7444 289 0 1788864680 559470
8 7445 143 0 1788864680 559621
11 6554 269 0 1788864680 559918
10 8970 88 0 1788864680 564561
11 6573 214 0 1788864680 565564
10 8987 255 0 1788864680 569364
9 7576 205 0 1788864680 570546
8 7491 282 0 1788864680 573256
9 7595 107 0 1788864680 573911
8 7503 387 0 1788864680 576801
9 7606 311 0 1788864680 577146
9 7620 724 0 1788864680 582445
9 7633 459 0 1788864680 586795
11 6631 275 0 1788864680 591657
9 7648 311 0 1788864680 592070
8 7535 300 0 1788864680 595495
10 9041 318 0 1788864680 596410
11 6646 384 0 1788864680 596929
11 6647 539 0 1788864680 597473
9 7688 118 0 1788864680 598092
8 7545 420 0 1788864680 599225
9 7702 113 0 1788864680 600000
8 7554 335 0 1788864680 602501
8 7555 436 0 1788864680 602946
10 9059 431 0 1788864680 603082
9 7725 131 0 1788864680 603704
8 7567 322 0 1788864680 607275
10 9072 346 0 1788864680 607764
9 7760 125 0 1788864680 609117
11 6682 315 0 1788864680 610020
10 9082 314 0 1788864680 611219
8 7582 227 0 1788864680 612270
9 7781 195 0 1788864680 613094
10 9091 329 0 1788864680 614137
10 9093 345 0 1788864680 614829
11 6698 519 0 1788864680 616014
9 7800 178 0 1788864680 617498
9 7818 238 0 1788864680 620578
9 7819 100 0 1788864680 620699
11 6713 535 0 1788864680 622438
9 7834 199 0 1788864680 624942
9 7864 186 0 1788864680 629824
10 9128 451 0 1788864680 630438
9 7871 166 0 1788864680 631324
10 9133 483 0 1788864680 632555
8 7632 419 0 1788864680 633316
9 7889 116 0 1788864680 635656
11 6742 637 0 1788864680 636057
9 7892 203 0 1788864680 636155
11 6744 316 0 1788864680 636885
10 9143 524 0 1788864680 637518
9 7907 119 0 1788864680 639083
11 6754 278 0 1788864680 641325
9 7920 244 0 1788864680 642790
11 6763 363 0 1788864680 645718
9 7936 175 0 1788864680 646629
8 7659 480 0 1788864680 646843
9 7946 113 0 1788864680 649337
8 7666 370 0 1788864680 649498
11 6772 453 0 1788864680 650208
9 7951 390 0 1788864680 650715
9 7953 363 0 1788864680 651475
8 7672 431 0 1788864680 652023
9 7956 337 0 1788864680 652465
10 9183 531 0 1788864680 655734
9 7965 361 0 1788864680 655838
8 7684 429 0 1788864680 657138
9 7980 200 0 1788864680 660161
9 7982 118 0 1788864680 660569
11 6798 406 0 1788864680 660882
9 7984 327 0 1788864680 661236
9 7992 226 0 1788864680 664051
10 9210 422 0 1788864680 667436
10 9213 450 0 1788864680 668768
8 7712 445 0 1788864680 669574
11 6819 362 0 1788864680 669783
9 8018 401 0 1788864680 672654
10 9237 441 0 1788864680 678803
8 7735 369 0 1788864680 678915
11 6846 402 0 1788864680 681094
10 9252 419 0 1788864680 685145
8 7755 184 0 1788864680 686705
11 6869 455 0 1788864680 691753
11 6872 332 0 1788864680 693347
11 6875 431 0 1788864680 694555
11 6881 582 0 1788864680 697217
9 8073 478 0 1788864680 697802
11 6891 503 0 1788864680 701053
9 8087 196 0 1788864680 703143
10 9298 471 0 1788864680 704678
11 6903 377 0 1788864680 706116
8 7802 606 0 1788864680 707155
8 7804 0 0 1788864680 708008
10 9305 615 0 1788864680 708110
8 7805 457 0 1788864680 708470
8 7812 392 0 1788864680 710987
9 8110 240 0 1788864680 711649
10 9314 671 0 1788864680 712104
9 8114 283 0 1788864680 712844
11 6921 399 0 1788864680 713364
9 8122 499 0 1788864680 715368
11 6931 458 0 1788864680 717588
9 8130 429 0 1788864680 718574
9 8136 298 0 1788864680 721270
9 8141 454 0 1788864680 723175
9 8147 450 0 1788864680 725414
8 7850 390 0 1788864680 726163
8 7854 522 0 1788864680 727803
9 8153 679 0 1788864680 728911
9 8173 360 0 1788864680 737172
8 7879 623 0 1788864680 737980
8 7885 455 0 1788864680 740511
9 8189 286 0 1788864680 781039
9 8191 556 0 1788864680 782207
9 8198 0 0 1788864680 785130
10 9399 584 0 1788864680 788409
10 9407 569 0 1788864680 792735
9 8251 98 0 1788864680 795735
11 7019 456 0 1788864680 799016
9 8265 178 0 1788864680 799296
11 7020 517 0 1788864680 799539
9 8287 195 0 1788864680 805967
9 8305 197 0 1788864680 809891
11 7033 626 0 1788864680 810296
9 8317 224 0 1788864680 812635
9 8321 97 0 1788864680 813148
9 8332 290 0 1788864680 816380
10 9445 788 0 1788864680 818722
9 8347 197 0 1788864680 820271
8 7956 557 0 1788864680 824150
9 8363 435 0 1788864680 824858
9 8387 129 0 1788864680 830196
9 8396 144 0 1788864680 831529
9 8409 109 0 1788864680 833435
9 8412 235 0 1788864680 834029
11 7074 524 0 1788864680 835035
10 9483 90 0 1788864680 839163
11 7086 434 0 1788864680 839918
10 9493 436 0 1788864680 844225
10 9497 490 0 1788864680 846176
11 7099 540 0 1788864680 846427
11 7100 474 0 1788864680 846906
11 7102 335 0 1788864680 847579
10 9504 383 0 1788864680 849156
9 8479 255 0 1788864680 851637
10 9514 433 0 1788864680 853821
11 7116 420 0 1788864680 854045
9 8499 866 0 1788864680 861905
10 9531 94 0 1788864680 862679
10 9549 119 0 1788864680 865930
9 8519 271 0 1788864680 866323
10 9562 154 0 1788864680 867280
9 8526 194 0 1788864680 868137
10 9576 84 0 1788864680 868700
10 9609 199 0 1788864680 871737
10 9617 100 0 1788864680 872688
10 9624 84 0 1788864680 873295
10 9630 876 0 1788864680 876474
9 8536 238 0 1788864680 876715
10 9631 630 0 1788864680 877126
11 7135 338 0 1788864680 877826
9 8542 498 0 1788864680 877971
8 8039 492 0 1788864680 878758
10 9637 2520 0 1788864680 882233
10 9640 792 0 1788864680 885135
8 8048 0 0 1788864680 885849
8 8049 0 0 1788864680 886207
11 7144 0 0 1788864680 888593
9 8560 0 0 1788864680 889436
10 9652 508 0 1788864680 891926
10 9656 429 0 1788864680 894329
10 9671 0 0 1788864680 905634
9 8584 561 0 1788864680 906557
8 8092 489 0 1788864680 909689
10 9692 1260 0 1788864680 916883
11 7189 675 0 1788864680 918685
9 8610 217 0 1788864680 922060
10 9705 0 0 1788864680 922751
8 8128 287 0 1788864680 926278
9 8647 0 0 1788864680 933192
10 9735 92 0 1788864680 933289
10 9741 181 0 1788864680 934603
10 9746 213 0 1788864680 935707
8 8158 0 0 1788864680 937557
9 8675 117 0 1788864680 940311
11 7262 154 0 1788864680 944251
10 9783 282 0 1788864680 945037
8 8199 207 0 1788864680 945561
9 8722 307 0 1788864680 949103
8 8231 136 0 1788864680 950426
9 8731 241 0 1788864680 953600
11 7300 92 0 1788864680 954541
8 8245 284 0 1788864680 954591
10 9825 91 0 1788864680 955757
8 8253 355 0 1788864680 956380
10 9829 106 0 1788864680 956386
10 9831 0 0 1788864680 956603
11 7313 253 0 1788864680 957186
10 9840 160 0 1788864680 958940
11 7321 335 0 1788864680 959090
8 8284 214 0 1788864680 963448
11 7337 201 0 1788864680 963456
10 9873 140 0 1788864680 964453
11 7348 120 0 1788864680 966455
8 8307 97 0 1788864680 967832
8 8320 103 0 1788864680 970082
8 8327 91 0 1788864680 971130
11 7369 173 0 1788864680 971588
10 9899 367 0 1788864680 971757
8 8333 219 0 1788864680 971954
9 8805 172 0 1788864680 972712
11 7374 228 0 1788864680 972718
11 7377 120 0 1788864680 973114
11 7381 257 0 1788864680 974605
9 8814 94 0 1788864680 975189
9 8815 150 0 1788864680 975345
8 8347 150 0 1788864680 975501
9 8829 329 0 1788864680 979695
8 8367 279 0 1788864680 982091
9 8845 95 0 1788864680 983065
11 7413 282 0 1788864680 983510
9 8884 137 0 1788864680 989258
11 7442 185 0 1788864680 989354
11 7444 273 0 1788864680 990014
10 9996 0 0 1788864680 994291
11 7459 138 0 1788864680 995700
11 7483 1405 0 1788864681 8967
8 8429 0 0 1788864681 21476
11 7499 524 0 1788864681 22473
11 7505 0 0 1788864681 24711
11 7515 0 0 1788864681 30532
9 8947 0 0 1788864681 34485
11 7524 0 0 1788864681 35106
11 7529 1188 0 1788864681 38509
11 7532 617 0 1788864681 40003
11 7533 719 0 1788864681 40726
8 8464 674 0 1788864681 40977
10 10038 677 0 1788864681 41145
9 8959 649 0 1788864681 42785
9 8986 0 0 1788864681 47251
9 8989 0 0 1788864681 47700
8 8470 0 0 1788864681 53978
9 9026 267 0 1788864681 55167
11 7541 2513 0 1788864681 57946
11 7556 0 0 1788864681 67528
11 7561 0 0 1788864681 68310
11 7575 469 0 1788864681 74190
9 9058 0 0 1788864681 75474
9 9061 0 0 1788864681 76444
9 9069 492 0 1788864681 80399
8 8510 651 0 1788864681 81471
10 10077 0 0 1788864681 84085
11 7586 0 0 1788864681 85431
11 7591 971 0 1788864681 92197
10 10088 446 0 1788864681 94635
8 8530 221 0 1788864681 97486
9 9107 0 0 1788864681 106366
11 7614 0 0 1788864681 107001
11 7617 570 0 1788864681 108424
8 8546 797 0 1788864681 108862
9 9118 0 0 1788864681 111887
9 9122 711 0 1788864681 114562
9 9131 0 0 1788864681 119492
9 9132 0 0 1788864681 119951
9 9157 0 0 1788864681 129794
10 10147 286 0 1788864681 130085
11 7638 702 0 1788864681 132921
9 9161 623 0 1788864681 133348
10 10153 612 0 1788864681 133356
8 8577 0 0 1788864681 136597
11 7650 0 0 1788864681 138720
11 7677 0 0 1788864681 149148
9 9176 750 0 1788864681 169271
10 10194 665 0 1788864681 175188
11 7686 660 0 1788864681 175197
10 10206 0 0 1788864681 180423
10 10208 526 0 1788864681 181406
10 10211 0 0 1788864681 182882
11 7704 632 0 1788864681 185827
10 10217 635 0 1788864681 186178
10 10218 0 0 1788864681 186678
11 7713 0 0 1788864681 189890
10 10222 0 0 1788864681 191243
10 10228 0 0 1788864681 194858
9 9232 0 0 1788864681 208566
8 8605 752 0 1788864681 213769
11 7749 629 0 1788864681 215770
8 8630 0 0 1788864681 226186
9 9269 0 0 1788864681 228031
8 8653 0 0 1788864681 233624
11 7759 558 0 1788864681 237460
9 9306 0 0 1788864681 243806
8 8681 529 0 1788864681 251411
8 8704 651 0 1788864681 264146
8 8713 0 0 1788864681 271022
11 7804 0 0 1788864681 275539
10 10344 827 0 1788864681 285925
8 8754 333 0 1788864681 297144
11 7843 685 0 1788864681 302206
10 10369 1107 0 1788864681 306403
10 10375 460 0 1788864681 309671
10 10377 1025 0 1788864681 310844
9 9423 713 0 1788864681 315052
8 8784 390 0 1788864681 316600
10 10389 358 0 1788864681 316607
8 8785 150 0 1788864681 316770
10 10390 399 0 1788864681 317056
9 9433 683 0 1788864681 319983
8 8825 193 0 1788864681 322457
8 8837 178 0 1788864681 324341
8 8846 93 0 1788864681 325679
9 9444 455 0 1788864681 326438
9 9447 664 0 1788864681 328388
8 8865 210 0 1788864681 328715
10 10410 657 0 1788864681 329075
8 8872 220 0 1788864681 329789
8 8875 197 0 1788864681 330236
8 8879 182 0 1788864681 330863
8 8880 160 0 1788864681 331030
11 7896 484 0 1788864681 331624
8 8886 204 0 1788864681 331966
8 8890 157 0 1788864681 332506
9 9456 606 0 1788864681 333741
8 8900 139 0 1788864681 334067
8 8920 86 0 1788864681 336844
8 8934 155 0 1788864681 338907
8 8950 179 0 1788864681 341216
9 9472 578 0 1788864681 343172
8 8968 141 0 1788864681 343989
9 9474 661 0 1788864681 345445
11 7923 799 0 1788864681 348205
8 8996 115 0 1788864681 348297
8 8999 192 0 1788864681 348745
10 10443 627 0 1788864681 348951
8 9006 147 0 1788864681 349909
9 9483 643 0 1788864681 351500
8 9022 100 0 1788864681 352214
11 7934 677 0 1788864681 354926
8 9040 184 0 1788864681 355022
9 9490 377 0 1788864681 356267
8 9048 174 0 1788864681 356356
8 9063 167 0 1788864681 358723
8 9072 139 0 1788864681 360005
9 9499 593 0 1788864681 362511
9 9502 269 0 1788864681 364106
9 9505 630 0 1788864681 366003
11 7957 567 0 1788864681 369405
8 9136 238 0 1788864681 370154
8 9141 182 0 1788864681 370884
8 9151 220 0 1788864681 372823
8 9157 156 0 1788864681 373781
11 7965 806 0 1788864681 374795
8 9165 149 0 1788864681 375057
9 9521 624 0 1788864681 375807
8 9170 192 0 1788864681 375908
8 9213 88 0 1788864681 381379
8 9256 130 0 1788864681 385924
8 9275 85 0 1788864681 387836
11 7993 684 0 1788864681 396849
9 9547 624 0 1788864681 396895
11 7998 607 0 1788864681 400188
8 9417 81 0 1788864681 401412
8 9435 88 0 1788864681 403311
11 8004 569 0 1788864681 404465
8 9448 103 0 1788864681 404573
8 9455 131 0 1788864681 405292
8 9458 87 0 1788864681 405581
11 8006 484 0 1788864681 405685
8 9461 108 0 1788864681 405904
9 9559 682 0 1788864681 406494
10 10533 491 0 1788864681 411170
8 9505 469 0 1788864681 412800
9 9586 494 0 1788864681 420248
11 8036 533 0 1788864681 421396
10 10555 464 0 1788864681 423132
8 9534 579 0 1788864681 427370
9 9604 599 0 1788864681 430358
8 9539 367 0 1788864681 430592
8 9556 692 0 1788864681 439055
10 10589 469 0 1788864681 441257
11 8074 565 0 1788864681 441430
11 8094 80 0 1788864681 446305
9 9630 3048 0 1788864681 446827
11 8108 107 0 1788864681 447701
11 8116 690 0 1788864681 449155
11 8127 88 0 1788864681 451046
11 8128 85 0 1788864681 451137
11 8137 121 0 1788864681 452053
11 8144 88 0 1788864681 452654
11 8154 92 0 1788864681 453487
11 8165 77 0 1788864681 454404
9 9637 498 0 1788864681 458017
11 8176 156 0 1788864681 461715
10 10604 2503 0 1788864681 464403
10 10613 476 0 1788864681 468473
10 10622 437 0 1788864681 473233
10 10626 552 0 1788864681 475123
9 9671 563 0 1788864681 478299
9 9676 1080 0 1788864681 483304
9 9679 876 0 1788864681 485215
8 9613 480 0 1788864681 485522
9 9697 998 0 1788864681 495767
8 9649 274 0 1788864681 519308
10 10673 1259 0 1788864681 519517
8 9653 306 0 1788864681 520529
10 10675 2182 0 1788864681 523026
8 9668 267 0 1788864681 525239
8 9678 233 0 1788864681 527940
8 9684 240 0 1788864681 529627
8 9696 299 0 1788864681 532710
8 9701 238 0 1788864681 533958
9 9722 1312 0 1788864681 534431
8 9706 264 0 1788864681 535298
8 9733 328 0 1788864681 542232
11 8264 1457 0 1788864681 547176
9 9735 1243 0 1788864681 550735
8 9782 334 0 1788864681 557879
8 9789 346 0 1788864681 559876
11 8280 966 0 1788864681 561380
8 9798 434 0 1788864681 562625
8 9799 322 0 1788864681 562955
8 9800 242 0 1788864681 563202
8 9818 184 0 1788864681 567388
8 9829 167 0 1788864681 569626
11 8290 755 0 1788864681 569868
8 9873 102 0 1788864681 577141
9 9771 847 0 1788864681 581419
8 9932 157 0 1788864681 585326
10 10737 902 0 1788864681 586048
8 9942 160 0 1788864681 586529
8 9950 127 0 1788864681 588306
8 9955 161 0 1788864681 589011
8 9959 98 0 1788864681 589485
9 9783 471 0 1788864681 592615
9 9787 1078 0 1788864681 596137
9 9788 1021 0 1788864681 597181
8 10037 109 0 1788864681 599736
8 10050 92 0 1788864681 601277
8 10076 99 0 1788864681 605084
8 10083 4630 0 1788864681 610419
8 10103 101 0 1788864681 615240
8 10129 155 0 1788864681 624630
8 10137 234 0 1788864681 625826
8 10149 109 0 1788864681 628414
11 8341 1029 0 1788864681 628900
8 10163 808 0 1788864681 633529
11 8353 674 0 1788864681 637435
10 10786 802 0 1788864681 641991
10 10788 753 0 1788864681 643134
8 10185 377 0 1788864681 645327
10 10793 686 0 1788864681 647268
11 8370 642 0 1788864681 650976
8 10209 117 0 1788864681 659856
10 10817 725 0 1788864681 665421
8 10230 3172 0 1788864681 672086
8 10232 134 0 1788864681 672352
11 8400 1019 0 1788864681 674575
9 9868 1080 0 1788864681 675558
11 8403 1050 0 1788864681 677942
10 10838 544 0 1788864681 686404
11 8413 1059 0 1788864681 688893
8 10270 199 0 1788864681 693092
9 9887 1020 0 1788864681 697183
8 10299 1359 0 1788864681 705163
11 8433 447 0 1788864681 707583
8 10304 916 0 1788864681 709297
11 8442 580 0 1788864681 711926
10 10863 872 0 1788864681 712961
11 8447 447 0 1788864681 714310
8 10330 106 0 1788864681 719263
8 10336 997 0 1788864681 722628
8 10341 995 0 1788864681 727626
9 9907 186 0 1788864681 735059
11 8482 747 0 1788864681 737131
10 10880 149 0 1788864681 743116
8 10391 295 0 1788864681 745090
9 9923 716 0 1788864681 746241
10 10887 432 0 1788864681 747546
8 10405 493 0 1788864681 748886
8 10411 313 0 1788864681 750428
10 10893 578 0 1788864681 751879
11 8505 603 0 1788864681 753519
11 8508 719 0 1788864681 755366
10 10901 392 0 1788864681 755885
9 9939 630 0 1788864681 757103
10 10907 487 0 1788864681 759111
9 9944 614 0 1788864681 760229
9 9953 88 0 1788864681 766896
11 8546 946 0 1788864681 785284
10 10960 402 0 1788864681 785586
9 9981 1281 0 1788864681 795445
10 10983 212 0 1788864681 798705
10 10985 218 0 1788864681 799463
8 10462 173 0 1788864681 802694
8 10469 147 0 1788864681 804455
10 11016 383 0 1788864681 814041
11 8571 797 0 1788864681 814676
8 10526 381 0 1788864681 820891
11 8578 852 0 1788864681 820990
9 10009 958 0 1788864681 821490
11 8582 769 0 1788864681 824361
8 10536 474 0 1788864681 824839
10 11036 816 0 1788864681 824847
9 10018 1014 0 1788864681 830253
10 11049 779 0 1788864681 834440
8 10567 246 0 1788864681 835534
8 10574 553 0 1788864681 837845
10 11055 1196 0 1788864681 840300
11 8617 379 0 1788864681 840779
8 10583 364 0 1788864681 841369
9 10032 956 0 1788864681 844036
11 8632 405 0 1788864681 846561
8 10600 558 0 1788864681 848187
10 11067 808 0 1788864681 851458
11 8648 373 0 1788864681 852747
10 11074 571 0 1788864681 857635
11 8660 1764 0 1788864681 858533
8 10627 3948 0 1788864681 860826
8 10629 305 0 1788864681 861534
9 10052 378 0 1788864681 867648
8 10665 143 0 1788864681 870272
11 8671 2270 0 1788864681 873979
8 10709 142 0 1788864681 876086
8 10747 74 0 1788864681 879417
8 10749 74 0 1788864681 879576
8 10753 87 0 1788864681 879939
8 10762 82 0 1788864681 880778
8 10771 79 0 1788864681 881532
8 10773 145 0 1788864681 881767
8 10783 148 0 1788864681 882756
8 10789 90 0 1788864681 883367
8 10798 85 0 1788864681 884308
10 11103 91 0 1788864681 894485
10 11104 96 0 1788864681 894586
9 10071 883 0 1788864681 894952
10 11109 89 0 1788864681 895070
11 8682 238 0 1788864681 896505
11 8683 396 0 1788864681 896906
10 11116 3658 0 1788864681 899259
10 11126 83 0 1788864681 902027
10 11133 186 0 1788864681 903180
8 10850 205 0 1788864681 903579
10 11139 230 0 1788864681 904731
11 8703 181 0 1788864681 905300
8 10860 172 0 1788864681 905576
8 10875 118 0 1788864681 907505
10 11157 611 0 1788864681 909471
11 8742 86 0 1788864681 910209
8 10908 166 0 1788864681 911269
11 8754 233 0 1788864681 911972
8 10916 461 0 1788864681 914087
8 10922 302 0 1788864681 915796
9 10115 277 0 1788864681 917745
9 10120 320 0 1788864681 919260
8 10935 214 0 1788864681 919595
10 11191 211 0 1788864681 920201
10 11194 247 0 1788864681 920897
11 8788 98 0 1788864681 922052
9 10142 254 0 1788864681 924446
10 11210 474 0 1788864681 925114
10 11214 225 0 1788864681 926016
11 8808 167 0 1788864681 927010
11 8812 311 0 1788864681 927990
9 10157 218 0 1788864681 928227
8 10977 91 0 1788864681 930205
9 10178 156 0 1788864681 931855
9 10183 0 0 1788864681 932753
10 11245 155 0 1788864681 934153
8 11006 155 0 1788864681 935357
11 8849 298 0 1788864681 938669
8 11033 262 0 1788864681 938832
11 8856 267 0 1788864681 940516
8 11047 202 0 1788864681 940722
10 11272 123 0 1788864681 940991
11 8871 89 0 1788864681 944133
11 8878 315 0 1788864681 946154
10 11300 230 0 1788864681 948640
8 11082 236 0 1788864681 949299
8 11083 97 0 1788864681 949405
9 10276 107 0 1788864681 952308
8 11102 169 0 1788864681 953225
10 11328 114 0 1788864681 954680
9 10289 359 0 1788864681 954868
8 11130 155 0 1788864681 960378
9 10314 178 0 1788864681 960574
11 8932 250 0 1788864681 961249
8 11139 93 0 1788864681 961346
10 11358 232 0 1788864681 963392
8 11152 240 0 1788864681 964243
11 8952 91 0 1788864681 964359
9 10343 114 0 1788864681 966752
8 11161 258 0 1788864681 968450
9 10370 110 0 1788864681 970172
11 8974 171 0 1788864681 972186
11 8975 279 0 1788864681 972470
11 8979 281 0 1788864681 973440
8 11185 231 0 1788864681 975468
11 8992 233 0 1788864681 977472
8 11194 245 0 1788864681 977766
10 11411 484 0 1788864681 977778
8 11196 95 0 1788864681 978131
11 9006 95 0 1788864681 980790
11 9009 121 0 1788864681 981131
9 10415 229 0 1788864681 981691
10 11427 186 0 1788864681 983492
11 9022 243 0 1788864681 985407
10 11442 163 0 1788864681 987869
10 11443 244 0 1788864681 988119
10 11445 219 0 1788864681 988622
8 11248 218 0 1788864681 989821
11 9054 0 0 1788864681 991299
8 11255 184 0 1788864681 991378
10 11459 272 0 1788864681 991799
8 11267 252 0 1788864681 994133
10 11471 146 0 1788864681 994806
10 11478 214 0 1788864681 996594
10 11479 306 0 1788864681 996906
8 11278 297 0 1788864681 997106
10 11484 205 0 1788864681 998180
10 11485 276 0 1788864681 998496
11 9098 455 0 1788864681 998919
11 9099 683 0 1788864681 999607
11 9114 167 0 1788864682 4000
10 11502 276 0 1788864682 4282
10 11503 234 0 1788864682 4522
9 10512 95 0 1788864682 4984
10 11505 197 0 1788864682 4991
11 9118 705 0 1788864682 5607
11 9132 428 0 1788864682 16646
9 10539 238 0 1788864682 20201
10 11535 93 0 1788864682 20583
11 9158 0 0 1788864682 22449
11 9160 216 0 1788864682 22818
9 10553 120 0 1788864682 23041
9 10560 153 0 1788864682 23819
10 11552 231 0 1788864682 25642
9 10580 231 0 1788864682 27865
10 11563 219 0 1788864682 28766
8 11388 174 0 1788864682 29675
11 9183 258 0 1788864682 29774
10 11578 862 0 1788864682 33433
8 11402 400 0 1788864682 33561
9 10601 390 0 1788864682 34923
11 9205 0 0 1788864682 35270
8 11409 193 0 1788864682 35756
9 10604 414 0 1788864682 35808
9 10605 0 0 1788864682 35921
8 11412 254 0 1788864682 36447
9 10611 102 0 1788864682 36689
8 11413 425 0 1788864682 36876
8 11419 163 0 1788864682 37598
9 10618 230 0 1788864682 38080
8 11431 83 0 1788864682 38984
11 9239 449 0 1788864682 45016
10 11626 424 0 1788864682 49928
10 11636 78 0 1788864682 51501
10 11648 83 0 1788864682 52912
9 10650 384 0 1788864682 53035
9 10666 224 0 1788864682 56066
8 11486 169 0 1788864682 57445
9 10677 196 0 1788864682 58230
9 10680 318 0 1788864682 59045
8 11498 207 0 1788864682 59200
10 11686 99 0 1788864682 60359
10 11705 292 0 1788864682 64964
8 11527 589 0 1788864682 65462
11 9315 189 0 1788864682 68395
8 11540 153 0 1788864682 69211
8 11543 223 0 1788864682 69750
10 11722 202 0 1788864682 70092
10 11726 293 0 1788864682 70896
11 9348 114 0 1788864682 75245
8 11581 208 0 1788864682 76142
10 11776 262 0 1788864682 80712
10 11781 256 0 1788864682 81935
8 11626 227 0 1788864682 85955
10 11807 270 0 1788864682 88424
8 11642 336 0 1788864682 89421
9 10819 101 0 1788864682 89428
11 9420 369 0 1788864682 90919
8 11647 352 0 1788864682 91001
9 10831 124 0 1788864682 92174
11 9427 177 0 1788864682 92735
11 9429 186 0 1788864682 93210
11 9430 165 0 1788864682 93394
10 11839 82 0 1788864682 95531
10 11847 360 0 1788864682 97018
9 10878 281 0 1788864682 101472
8 11691 273 0 1788864682 102400
11 9476 82 0 1788864682 103440
11 9477 84 0 1788864682 103529
11 9484 88 0 1788864682 104252
11 9493 145 0 1788864682 105116
11 9517 124 0 1788864682 108109
8 11732 184 0 1788864682 114246
11 9551 150 0 1788864682 114860
9 10913 716 0 1788864682 130576
11 9576 382 0 1788864682 130732
11 9577 607 0 1788864682 131344
8 11785 138 0 1788864682 137287
9 10922 236 0 1788864682 137896
10 11927 748 0 1788864682 148537
11 9604 709 0 1788864682 150409
10 11936 405 0 1788864682 153076
10 11945 294 0 1788864682 156636
8 11817 426 0 1788864682 156881
11 9633 354 0 1788864682 160619
11 9635 350 0 1788864682 161383
11 9642 0 0 1788864682 163112
9 10978 370 0 1788864682 167236
10 11974 734 0 1788864682 168142
8 11859 0 0 1788864682 174918
9 10988 0 0 1788864682 175429
11 9667 801 0 1788864682 177845
9 10993 185 0 1788864682 178464
10 11990 479 0 1788864682 179044
11 9669 683 0 1788864682 180936
10 11994 0 0 1788864682 181820
8 11872 0 0 1788864682 183287
10 12004 0 0 1788864682 188208
8 11880 729 0 1788864682 189839
10 12014 1346 0 1788864682 199180
8 11895 0 0 1788864682 200280
8 11899 923 0 1788864682 204408
11 9706 198 0 1788864682 218578
11 9707 272 0 1788864682 218857
8 11916 1389 0 1788864682 219864
11 9717 0 0 1788864682 220410
9 11042 927 0 1788864682 222704
10 12040 712 0 1788864682 223067
11 9730 187 0 1788864682 223075
11 9746 225 0 1788864682 230023
9 11050 227 0 1788864682 231237
10 12045 154 0 1788864682 231247
9 11055 611 0 1788864682 233253
10 12061 260 0 1788864682 239314
9 11067 433 0 1788864682 240596
10 12065 150 0 1788864682 240645
8 11949 595 0 1788864682 241349
11 9782 1208 0 1788864682 245801
11 9784 339 0 1788864682 246461
11 9789 643 0 1788864682 248488
8 11956 2106 0 1788864682 249064
10 12098 114 0 1788864682 258117
8 11967 376 0 1788864682 260907
11 9803 478 0 1788864682 264492
10 12127 205 0 1788864682 264526
9 11099 180 0 1788864682 265884
10 12135 127 0 1788864682 266258
8 11979 245 0 1788864682 266750
8 11982 1338 0 1788864682 268816
11 9818 296 0 1788864682 270884
8 11993 358 0 1788864682 272471
10 12167 131 0 1788864682 279033
9 11146 442 0 1788864682 279213
8 12030 269 0 1788864682 282186
9 11155 327 0 1788864682 282981
8 12038 572 0 1788864682 285067
10 12190 606 0 1788864682 287022
11 9868 259 0 1788864682 288051
9 11170 497 0 1788864682 288645
10 12198 363 0 1788864682 289446
9 11176 466 0 1788864682 290384
8 12055 452 0 1788864682 290670
9 11178 393 0 1788864682 291351
11 9879 207 0 1788864682 292039
11 9880 592 0 1788864682 292636
8 12064 1567 0 1788864682 295571
9 11205 276 0 1788864682 302792
10 12233 391 0 1788864682 304368
8 12093 494 0 1788864682 308889
11 9911 446 0 1788864682 309229
9 11219 286 0 1788864682 310871
9 11220 785 0 1788864682 311665
9 11221 602 0 1788864682 312304
9 11227 561 0 1788864682 315857
8 12122 353 0 1788864682 320352
8 12130 389 0 1788864682 323433
9 11252 648 0 1788864682 335965
11 9942 867 0 1788864682 336231
8 12154 732 0 1788864682 336941
8 12160 546 0 1788864682 343242
8 12166 166 0 1788864682 345155
9 11264 606 0 1788864682 346598
8 12172 261 0 1788864682 346864
11 9954 1340 0 1788864682 347234
8 12178 312 0 1788864682 348618
11 9964 738 0 1788864682 354389
9 11277 411 0 1788864682 373231
8 12205 546 0 1788864682 376982
10 12302 1302 0 1788864682 377426
11 9976 840 0 1788864682 378694
9 11287 735 0 1788864682 380192
10 12316 342 0 1788864682 386386
10 12326 497 0 1788864682 392987
10 12327 308 0 1788864682 393320
11 10002 578 0 1788864682 397093
9 11317 258 0 1788864682 402425
10 12358 309 0 1788864682 403024
10 12380 122 0 1788864682 409159
10 12392 109 0 1788864682 410854
9 11338 443 0 1788864682 412585
10 12398 545 0 1788864682 413100
11 10034 746 0 1788864682 415116
11 10040 181 0 1788864682 418711
11 10046 1040 0 1788864682 421628
9 11356 268 0 1788864682 424389
11 10052 356 0 1788864682 425652
8 12300 450 0 1788864682 427484
8 12303 505 0 1788864682 430174
10 12437 734 0 1788864682 433412
9 11379 366 0 1788864682 440601
10 12455 838 0 1788864682 446399
8 12324 428 0 1788864682 447990
10 12461 618 0 1788864682 449881
9 11398 164 0 1788864682 451854
11 10090 545 0 1788864682 453628
8 12342 2811 0 1788864682 462556
10 12476 1328 0 1788864682 463954
9 11424 991 0 1788864682 465665
11 10118 892 0 1788864682 472970
10 12489 419 0 1788864682 474734
9 11433 389 0 1788864682 475156
8 12360 243 0 1788864682 475405
11 10123 703 0 1788864682 476822
9 11447 475 0 1788864682 482812
10 12511 147 0 1788864682 485280
9 11454 278 0 1788864682 486147
8 12402 443 0 1788864682 491769
8 12403 282 0 1788864682 492064
10 12536 327 0 1788864682 496948
11 10162 825 0 1788864682 509937
9 11478 811 0 1788864682 511406
11 10166 699 0 1788864682 513607
11 10175 2393 0 1788864682 521341
11 10184 1296 0 1788864682 537234
8 12453 3273 0 1788864682 537831
8 12459 469 0 1788864682 543102
11 10192 421 0 1788864682 544127
9 11516 773 0 1788864682 547783
11 10198 1123 0 1788864682 548501
11 10199 1032 0 1788864682 549539
9 11527 299 0 1788864682 552887
9 11535 227 0 1788864682 562387
10 12598 469 0 1788864682 562671
8 12494 338 0 1788864682 567321
8 12511 1077 0 1788864682 580085
9 11562 805 0 1788864682 586398
8 12523 857 0 1788864682 590204
9 11576 1392 0 1788864682 597754
10 12638 775 0 1788864682 599712
10 12662 1013 0 1788864682 620224
11 10282 739 0 1788864682 623850
8 12569 1252 0 1788864682 629570
10 12672 1311 0 1788864682 629586
11 10293 0 0 1788864682 635572
8 12580 895 0 1788864682 638465
8 12582 782 0 1788864682 639795
9 11628 769 0 1788864682 639804
11 10300 1119 0 1788864682 640178
10 12687 849 0 1788864682 642415
9 11641 1247 0 1788864682 651236
9 11648 827 0 1788864682 656442
9 11649 718 0 1788864682 657165
11 10318 698 0 1788864682 658323
11 10322 840 0 1788864682 660814
11 10324 556 0 1788864682 662623
10 12714 545 0 1788864682 663762
8 12623 1354 0 1788864682 678197
9 11684 1376 0 1788864682 697684
11 10357 1749 0 1788864682 704470
11 10359 1302 0 1788864682 707090
8 12644 1856 0 1788864682 709483
9 11695 1424 0 1788864682 714929
11 10365 2936 0 1788864682 717104
11 10371 1722 0 1788864682 725781
11 10376 1055 0 1788864682 731671
10 12764 2008 0 1788864682 733220
10 12767 3994 0 1788864682 742758
11 10383 164 0 1788864682 745502
8 12684 264 0 1788864682 749846
10 12778 923 0 1788864682 750991
11 10390 1482 0 1788864682 753997
10 12787 1142 0 1788864682 758012
11 10395 222 0 1788864682 759748
9 11734 0 0 1788864682 767187
9 11737 975 0 1788864682 769239
8 12726 550 0 1788864682 770699
8 12731 871 0 1788864682 774076
8 12733 320 0 1788864682 774683
10 12800 2899 0 1788864682 777688
9 11757 835 0 1788864682 785802
8 12745 771 0 1788864682 786007
11 10457 353 0 1788864682 787859
8 12752 851 0 1788864682 791804
9 11787 461 0 1788864682 796199
11 10490 1265 0 1788864682 799460
10 12921 560 0 1788864682 813880
10 12939 180 0 1788864682 817562
9 11857 157 0 1788864682 818596
11 10552 200 0 1788864682 818828
10 12956 235 0 1788864682 821617
9 11877 183 0 1788864682 822449
9 11879 172 0 1788864682 822844
11 10573 147 0 1788864682 823340
10 12967 194 0 1788864682 823717
10 12968 145 0 1788864682 823866
11 10581 161 0 1788864682 824516
11 10584 263 0 1788864682 825680
11 10588 201 0 1788864682 827051
8 12801 442 0 1788864682 831240
11 10599 204 0 1788864682 832527
10 12995 211 0 1788864682 835887
9 11916 202 0 1788864682 836522
8 12816 748 0 1788864682 840148
11 10620 239 0 1788864682 841746
10 13012 271 0 1788864682 843568
10 13017 833 0 1788864682 846323
11 10637 140 0 1788864682 846838
9 11949 198 0 1788864682 847106
9 11951 138 0 1788864682 847472
9 11952 515 0 1788864682 847996
11 10642 504 0 1788864682 848004
11 10644 250 0 1788864682 848523
9 11965 87 0 1788864682 849862
8 12834 478 0 1788864682 851777
8 12835 477 0 1788864682 852310
9 11978 172 0 1788864682 852356
9 11983 352 0 1788864682 853401
11 10673 153 0 1788864682 853455
11 10682 589 0 1788864682 856234
9 11996 144 0 1788864682 858921
8 12849 326 0 1788864682 862750
10 13081 125 0 1788864682 876982
8 12852 7405 0 1788864682 878354
11 10702 183 0 1788864682 878724
8 12853 522 0 1788864682 878881
9 12016 259 0 1788864682 879498
11 10707 135 0 1788864682 879794
8 12861 252 0 1788864682 880557
9 12022 358 0 1788864682 880805
11 10711 115 0 1788864682 881151
10 13098 433 0 1788864682 885711
8 12884 438 0 1788864682 886819
9 12047 461 0 1788864682 888821
11 10747 263 0 1788864682 890376
8 12895 444 0 1788864682 891426
9 12057 362 0 1788864682 892734
8 12912 473 0 1788864682 899845
8 12914 535 0 1788864682 900923
11 10771 510 0 1788864682 902598
10 13140 345 0 1788864682 905883
10 13142 424 0 1788864682 907156
9 12086 426 0 1788864682 907411
8 12930 244 0 1788864682 908533
9 12094 456 0 1788864682 910889
10 13167 391 0 1788864682 919778
10 13182 409 0 1788864682 927924
9 12131 248 0 1788864682 929445
8 12973 0 0 1788864682 930089
8 12976 188 0 1788864682 930599
8 12977 222 0 1788864682 930855
10 13191 380 0 1788864682 931396
10 13192 368 0 1788864682 931852
9 12146 0 0 1788864682 932594
10 13193 780 0 1788864682 932870
9 12168 193 0 1788864682 942875
10 13213 91 0 1788864682 943332
10 13224 518 0 1788864682 950206
11 10865 715 0 1788864682 952233
10 13233 368 0 1788864682 962293
9 12192 0 0 1788864682 963101
10 13252 175 0 1788864682 969856
9 12214 510 0 1788864682 983904
10 13262 233 0 1788864682 983910
11 10899 0 0 1788864682 984438
9 12220 183 0 1788864682 985463
9 12221 226 0 1788864682 985695
8 13053 942 0 1788864682 994251
11 10935 1263 0 1788864683 6103
8 13087 437 0 1788864683 17874
11 10946 302 0 1788864683 18242
8 13089 552 0 1788864683 18798
8 13097 644 0 1788864683 21996
11 10957 618 0 1788864683 25490
8 13108 572 0 1788864683 26644
11 10960 0 0 1788864683 30465
8 13122 411 0 1788864683 31701
8 13131 0 0 1788864683 36365
9 12276 294 0 1788864683 39037
11 10971 514 0 1788864683 40217
8 13150 0 0 1788864683 46302
10 13349 0 0 1788864683 47429
11 10987 0 0 1788864683 48900
10 13371 0 0 1788864683 55590
10 13372 0 0 1788864683 55786
8 13152 0 0 1788864683 56334
8 13153 832 0 1788864683 57518
9 12305 0 0 1788864683 67874
10 13391 457 0 1788864683 68336
9 12313 91 0 1788864683 70510
8 13171 657 0 1788864683 70981
11 11042 1608 0 1788864683 81183
8 13193 0 0 1788864683 84352
9 12340 1141 0 1788864683 96023
10 13429 0 0 1788864683 101884
8 13217 614 0 1788864683 118628
8 13221 718 0 1788864683 122413
9 12372 259 0 1788864683 124222
9 12376 236 0 1788864683 124992
9 12383 91 0 1788864683 126807
9 12386 113 0 1788864683 127120
9 12391 545 0 1788864683 128103
9 12394 0 0 1788864683 130068
9 12395 576 0 1788864683 130827
8 13233 0 0 1788864683 132621
9 12411 406 0 1788864683 144886
8 13253 267 0 1788864683 149553
11 11105 877 0 1788864683 153262
8 13266 0 0 1788864683 161624
8 13271 2525 0 1788864683 167249
8 13272 1111 0 1788864683 168375
9 12430 625 0 1788864683 168975
9 12435 506 0 1788864683 172125
9 12464 451 0 1788864683 181131
10 13550 335 0 1788864683 181737
9 12470 284 0 1788864683 183012
9 12472 367 0 1788864683 183667
9 12473 729 0 1788864683 184404
10 13558 843 0 1788864683 184877
9 12480 0 0 1788864683 188846
9 12499 880 0 1788864683 201953
11 11199 255 0 1788864683 208371
10 13583 814 0 1788864683 210163
11 11204 894 0 1788864683 211835
10 13593 409 0 1788864683 219345
10 13595 505 0 1788864683 220413
11 11221 545 0 1788864683 220421
8 13361 1363 0 1788864683 221786
8 13362 1112 0 1788864683 222907
11 11240 214 0 1788864683 226694
9 12528 258 0 1788864683 227811
11 11247 675 0 1788864683 230810
10 13622 297 0 1788864683 232250
8 13385 277 0 1788864683 235055
11 11253 334 0 1788864683 235417
10 13634 670 0 1788864683 237552
9 12561 146 0 1788864683 241117
11 11273 160 0 1788864683 242118
11 11276 459 0 1788864683 243035
9 12568 302 0 1788864683 243084
11 11279 296 0 1788864683 243788
8 13407 153 0 1788864683 247663
9 12578 2030 0 1788864683 247920
9 12580 133 0 1788864683 248542
11 11295 255 0 1788864683 250755
9 12588 112 0 1788864683 250872
11 11301 273 0 1788864683 252561
8 13418 1144 0 1788864683 252784
11 11307 269 0 1788864683 254355
10 13676 303 0 1788864683 256932
10 13678 469 0 1788864683 257924
9 12618 262 0 1788864683 260494
9 12621 595 0 1788864683 261647
8 13427 189 0 1788864683 263420
9 12627 208 0 1788864683 263996
10 13689 397 0 1788864683 264005
10 13694 414 0 1788864683 266008
8 13453 209 0 1788864683 269879
11 11352 507 0 1788864683 270262
11 11354 324 0 1788864683 270887
8 13460 109 0 1788864683 271975
9 12663 150 0 1788864683 273536
8 13490 111 0 1788864683 277947
11 11416 154 0 1788864683 290744
9 12713 364 0 1788864683 291542
8 13567 162 0 1788864683 295880
8 13569 306 0 1788864683 296483
9 12727 458 0 1788864683 297666
8 13576 103 0 1788864683 297886
8 13588 232 0 1788864683 300716
8 13590 225 0 1788864683 301344
11 11467 98 0 1788864683 301938
8 13600 301 0 1788864683 303534
9 12743 461 0 1788864683 303814
11 11482 215 0 1788864683 305386
8 13611 132 0 1788864683 305838
9 12753 484 0 1788864683 308020
8 13625 87 0 1788864683 308570
8 13634 98 0 1788864683 310173
11 11503 179 0 1788864683 310382
9 12764 403 0 1788864683 312412
10 13782 394 0 1788864683 312421
8 13657 232 0 1788864683 314257
9 12774 0 0 1788864683 314786
8 13679 105 0 1788864683 318098
8 13685 168 0 1788864683 319507
8 13700 171 0 1788864683 321882
9 12804 216 0 1788864683 321892
9 12805 0 0 1788864683 322018
10 13804 359 0 1788864683 322089
8 13708 116 0 1788864683 323385
11 11519 1705 0 1788864683 324523
10 13813 372 0 1788864683 325469
9 12828 233 0 1788864683 329756
8 13734 482 0 1788864683 330292
10 13827 608 0 1788864683 334200
8 13764 92 0 1788864683 336120
9 12848 162 0 1788864683 336520
9 12850 85 0 1788864683 336832
11 11555 315 0 1788864683 338597
11 11558 193 0 1788864683 339662
8 13793 90 0 1788864683 340262
9 12881 234 0 1788864683 345417
9 12892 370 0 1788864683 349408
8 13840 177 0 1788864683 350215
8 13847 125 0 1788864683 351176
10 13873 471 0 1788864683 353519
8 13870 167 0 1788864683 354585
10 13877 295 0 1788864683 355499
9 12912 144 0 1788864683 355852
8 13889 130 0 1788864683 357199
8 13905 100 0 1788864683 359070
8 13908 68 0 1788864683 359337
8 13910 73 0 1788864683 359540
9 12930 165 0 1788864683 360123
11 11623 335 0 1788864683 361886
9 12937 290 0 1788864683 362132
9 12945 89 0 1788864683 366169
10 13902 499 0 1788864683 366390
8 13933 157 0 1788864683 368286
9 12958 120 0 1788864683 370978
10 13911 417 0 1788864683 372715
9 12971 154 0 1788864683 373251
10 13915 412 0 1788864683 374748
9 12988 209 0 1788864683 376464
10 13926 420 0 1788864683 378974
9 13022 147 0 1788864683 387129
9 13036 181 0 1788864683 389424
9 13039 124 0 1788864683 389806
11 11680 454 0 1788864683 391367
9 13050 165 0 1788864683 391836
10 13943 557 0 1788864683 393321
8 13962 197 0 1788864683 394933
9 13065 2404 0 1788864683 397497
10 13947 1028 0 1788864683 399313
8 13994 132 0 1788864683 403314
10 13953 637 0 1788864683 404658
8 14002 184 0 1788864683 406002
8 14013 158 0 1788864683 408150
8 14023 192 0 1788864683 409849
8 14031 131 0 1788864683 411717
8 14032 231 0 1788864683 411953
8 14035 770 0 1788864683 413700
8 14046 96 0 1788864683 417755
9 13102 264 0 1788864683 417866
10 13976 627 0 1788864683 418760
9 13107 140 0 1788864683 421180
10 13981 1147 0 1788864683 422939
8 14057 714 0 1788864683 423662
11 11734 647 0 1788864683 423675
11 11740 624 0 1788864683 427073
10 13993 655 0 1788864683 433901
9 13143 213 0 1788864683 436257
9 13146 171 0 1788864683 436901
9 13156 243 0 1788864683 438864
8 14112 298 0 1788864683 448415
11 11768 852 0 1788864683 450279
10 14019 688 0 1788864683 450630
8 14129 88 0 1788864683 451041
10 14023 597 0 1788864683 452725
9 13210 106 0 1788864683 452809
8 14150 161 0 1788864683 454349
10 14026 648 0 1788864683 454463
8 14152 289 0 1788864683 454726
11 11778 825 0 1788864683 458176
11 11779 1484 0 1788864683 459665
9 13248 399 0 1788864683 460004
8 14177 347 0 1788864683 460646
11 11782 632 0 1788864683 462377
9 13262 138 0 1788864683 464011
10 14038 446 0 1788864683 465633
8 14199 655 0 1788864683 468450
9 13275 118 0 1788864683 468743
9 13280 102 0 1788864683 469967
8 14211 389 0 1788864683 472601
9 13298 214 0 1788864683 473688
9 13309 136 0 1788864683 475658
8 14222 360 0 1788864683 476502
9 13314 165 0 1788864683 476687
10 14057 775 0 1788864683 480056
9 13334 240 0 1788864683 480954
10 14062 679 0 1788864683 483083
8 14252 108 0 1788864683 486522
11 11818 173 0 1788864683 488175
8 14259 319 0 1788864683 488206
8 14262 130 0 1788864683 488717
9 13364 213 0 1788864683 489075
9 13376 247 0 1788864683 492153
11 11833 375 0 1788864683 492317
9 13388 2651 0 1788864683 497638
8 14320 181 0 1788864683 498702
8 14321 233 0 1788864683 498940
8 14322 154 0 1788864683 499098
9 13405 185 0 1788864683 502208
11 11858 255 0 1788864683 502256
9 13410 212 0 1788864683 503346
8 14360 91 0 1788864683 504337
11 11869 215 0 1788864683 504604
9 13417 151 0 1788864683 504732
8 14366 118 0 1788864683 505204
8 14371 95 0 1788864683 505808
11 11882 293 0 1788864683 508996
10 14070 751 0 1788864683 509057
11 11885 212 0 1788864683 510101
10 14073 568 0 1788864683 510772
8 14407 164 0 1788864683 510888
10 14075 805 0 1788864683 512124
9 13438 602 0 1788864683 512165
9 13450 281 0 1788864683 514629
8 14422 114 0 1788864683 515079
8 14432 97 0 1788864683 516440
8 14449 121 0 1788864683 519616
8 14453 133 0 1788864683 520334
9 13478 392 0 1788864683 522178
11 11931 196 0 1788864683 523193
10 14101 911 0 1788864683 530218
8 14506 178 0 1788864683 530552
10 14102 749 0 1788864683 531006
8 14533 166 0 1788864683 537309
11 11999 331 0 1788864683 543494
9 13549 280 0 1788864683 543584
11 12004 221 0 1788864683 545043
9 13562 167 0 1788864683 547924
9 13564 346 0 1788864683 548574
10 14122 615 0 1788864683 549918
9 13573 312 0 1788864683 552747
9 13574 189 0 1788864683 552945
10 14126 944 0 1788864683 554728
9 13585 275 0 1788864683 556467
9 13594 359 0 1788864683 559134
8 14570 266 0 1788864683 560941
9 13609 154 0 1788864683 563599
8 14585 134 0 1788864683 564634
8 14586 466 0 1788864683 565104
10 14140 597 0 1788864683 568699
10 14142 581 0 1788864683 570038
8 14598 119 0 1788864683 570555
8 14599 256 0 1788864683 570815
9 13627 468 0 1788864683 571165
11 12076 269 0 1788864683 574191
11 12077 0 0 1788864683 574500
11 12080 0 0 1788864683 575328
9 13643 369 0 1788864683 576446
11 12083 342 0 1788864683 576453
9 13649 179 0 1788864683 578383
8 14622 2182 0 1788864683 578637
8 14626 98 0 1788864683 579305
8 14632 248 0 1788864683 580403
10 14178 795 0 1788864683 591526
8 14717 210 0 1788864683 597215
11 12141 423 0 1788864683 597658
8 14728 517 0 1788864683 599499
11 12156 651 0 1788864683 603274
11 12159 151 0 1788864683 603853
9 13737 278 0 1788864683 606566
10 14212 237 0 1788864683 609181
8 14772 141 0 1788864683 609300
9 13749 332 0 1788864683 609929
11 12183 354 0 1788864683 610673
10 14226 267 0 1788864683 614077
8 14792 209 0 1788864683 614290
9 13772 333 0 1788864683 619656
11 12205 271 0 1788864683 620931
10 14243 565 0 1788864683 621208
8 14823 160 0 1788864683 623673
11 12213 565 0 1788864683 624113
8 14828 148 0 1788864683 624288
8 14831 204 0 1788864683 625028
8 14835 287 0 1788864683 626371
11 12221 106 0 1788864683 627200
9 13799 546 0 1788864683 629698
8 14848 97 0 1788864683 631156
11 12236 475 0 1788864683 634466
11 12237 644 0 1788864683 635135
9 13811 1059 0 1788864683 636990
11 12243 752 0 1788864683 639207
9 13830 774 0 1788864683 648199
9 13835 518 0 1788864683 650990
10 14293 801 0 1788864683 655394
11 12282 508 0 1788864683 660722
10 14302 424 0 1788864683 661682
11 12285 547 0 1788864683 662073
9 13858 492 0 1788864683 662994
11 12296 407 0 1788864683 668352
10 14313 866 0 1788864683 669223
9 13869 511 0 1788864683 669415
11 12305 480 0 1788864683 672972
8 15011 268 0 1788864683 678652
8 15015 271 0 1788864683 680226
8 15029 370 0 1788864683 687600
11 12335 392 0 1788864683 691381
10 14344 554 0 1788864683 695015
11 12348 534 0 1788864683 698546
11 12350 1631 0 1788864683 700677
9 13928 282 0 1788864683 702860
8 15092 238 0 1788864683 710454
10 14367 349 0 1788864683 710713
8 15095 167 0 1788864683 711160
11 12378 404 0 1788864683 711302
11 12380 493 0 1788864683 712123
9 13970 350 0 1788864683 720000
10 14399 213 0 1788864683 722240
9 13980 265 0 1788864683 723568
9 13998 302 0 1788864683 730088
9 14050 887 0 1788864683 750383
8 15162 435 0 1788864683 752633
9 14064 2088 0 1788864683 764727
10 14446 390 0 1788864683 766760
11 12496 835 0 1788864683 768631
8 15175 902 0 1788864683 770340
11 12504 428 0 1788864683 774545
8 15184 701 0 1788864683 777210
10 14460 1038 0 1788864683 778063
10 14461 523 0 1788864683 778591
9 14084 1299 0 1788864683 781226
10 14467 760 0 1788864683 782986
11 12520 909 0 1788864683 786302
9 14095 611 0 1788864683 788130
9 14107 600 0 1788864683 799241
8 15214 778 0 1788864683 800363
11 12539 698 0 1788864683 801324
8 15218 733 0 1788864683 803796
8 15219 817 0 1788864683 804627
11 12545 378 0 1788864683 805788
11 12551 1091 0 1788864683 809807
9 14138 753 0 1788864683 818723
9 14143 1332 0 1788864683 822316
9 14148 1758 0 1788864683 826342
10 14528 632 0 1788864683 833240
11 12590 652 0 1788864683 837228
9 14168 920 0 1788864683 840231
10 14548 959 0 1788864683 848314
8 15277 107 0 1788864683 851684
9 14189 462 0 1788864683 853850
10 14552 261 0 1788864683 853858
8 15292 323 0 1788864683 853900
10 14555 296 0 1788864683 854839
10 14560 289 0 1788864683 856372
8 15310 273 0 1788864683 856650
8 15311 173 0 1788864683 856831
8 15326 997 0 1788864683 883381
8 15331 898 0 1788864683 889368
9 14206 2655 0 1788864683 893058
9 14208 713 0 1788864683 893872
9 14210 884 0 1788864683 895056
9 14214 2145 0 1788864683 900147
11 12642 877 0 1788864683 901128
8 15351 1102 0 1788864683 911332
11 12653 606 0 1788864683 911765
9 14230 974 0 1788864683 921160
10 14618 1221 0 1788864683 922940
8 15362 1239 0 1788864683 923874
11 12673 388 0 1788864683 926037
11 12676 465 0 1788864683 927439
9 14236 188 0 1788864683 931211
8 15373 268 0 1788864683 932110
8 15389 80 0 1788864683 934526
11 12687 373 0 1788864683 934578
8 15411 80 0 1788864683 936420
8 15413 92 0 1788864683 936622
10 14633 2112 0 1788864683 947366
11 12736 571 0 1788864683 968523
11 12754 625 0 1788864683 988518
9 14285 895 0 1788864683 989315
11 12757 511 0 1788864683 990335
8 15479 525 0 1788864683 993608
11 12766 823 0 1788864684 3315
8 15497 397 0 1788864684 11753
8 15498 1453 0 1788864684 13211
8 15501 1293 0 1788864684 16808
9 14312 1893 0 1788864684 19133
9 14316 780 0 1788864684 21399
9 14322 0 0 1788864684 34024
10 14698 815 0 1788864684 37604
10 14700 391 0 1788864684 39136
10 14702 589 0 1788864684 40390
11 12802 789 0 1788864684 45945
9 14336 770 0 1788864684 46625
10 14721 657 0 1788864684 54128
11 12847 100 0 1788864684 56221
10 14728 587 0 1788864684 58390
9 14355 956 0 1788864684 61648
8 15550 436 0 1788864684 63796
11 12872 156 0 1788864684 66888
11 12874 458 0 1788864684 67623
11 12889 554 0 1788864684 73521
10 14760 266 0 1788864684 75517
8 15590 384 0 1788864684 79562
11 12909 371 0 1788864684 80815
11 12911 351 0 1788864684 81546
9 14371 811 0 1788864684 85313
8 15603 597 0 1788864684 85816
9 14376 636 0 1788864684 88128
10 14798 386 0 1788864684 94582
11 12935 379 0 1788864684 97484
9 14399 630 0 1788864684 103130
10 14814 2093 0 1788864684 115006
9 14404 651 0 1788864684 116167
10 14822 278 0 1788864684 119710
10 14823 358 0 1788864684 120074
8 15649 353 0 1788864684 121167
10 14826 633 0 1788864684 121268
8 15664 429 0 1788864684 127711
9 14436 0 0 1788864684 130567
9 14441 0 0 1788864684 132334
9 14447 683 0 1788864684 135504
11 12994 652 0 1788864684 137237
8 15674 615 0 1788864684 138042
9 14451 625 0 1788864684 138142
10 14851 633 0 1788864684 138240
11 13000 930 0 1788864684 141363
11 13001 662 0 1788864684 142031
8 15680 1131 0 1788864684 142601
11 13013 1493 0 1788864684 151853
9 14471 864 0 1788864684 153216
8 15697 1439 0 1788864684 162894
10 14873 1295 0 1788864684 163526
10 14886 349 0 1788864684 175355
9 14495 1403 0 1788864684 183080
11 13040 1022 0 1788864684 184992
11 13047 1023 0 1788864684 192062
9 14510 751 0 1788864684 196862
8 15741 546 0 1788864684 203372
9 14541 745 0 1788864684 221203
9 14542 749 0 1788864684 221957
10 14951 922 0 1788864684 230102
9 14557 761 0 1788864684 234643
8 15779 692 0 1788864684 234947
10 14958 557 0 1788864684 235842
8 15783 749 0 1788864684 238075
9 14572 776 0 1788864684 246722
10 14977 845 0 1788864684 251883
11 13137 460 0 1788864684 267347
10 14993 774 0 1788864684 268836
10 14997 969 0 1788864684 284012
9 14598 1021 0 1788864684 284625
9 14607 175 0 1788864684 293037
10 15010 730 0 1788864684 297327
8 15835 799 0 1788864684 297516
11 13165 746 0 1788864684 302332
11 13170 756 0 1788864684 306097
10 15029 752 0 1788864684 309813
10 15036 440 0 1788864684 312038
9 14632 653 0 1788864684 312579
8 15863 683 0 1788864684 317417
11 13195 508 0 1788864684 322277
10 15069 378 0 1788864684 324015
10 15101 528 0 1788864684 335322
10 15104 344 0 1788864684 336537
8 15912 427 0 1788864684 347802
10 15134 456 0 1788864684 348235
8 15913 625 0 1788864684 348432
8 15919 433 0 1788864684 351399
9 14695 489 0 1788864684 351727
8 15931 1221 0 1788864684 359092
11 13254 908 0 1788864684 359276
8 15934 588 0 1788864684 360686
10 15172 460 0 1788864684 362407
9 14715 1310 0 1788864684 364278
11 13276 693 0 1788864684 374245
10 15211 352 0 1788864684 379666
8 15960 907 0 1788864684 380429
10 15255 186 0 1788864684 386112
10 15271 91 0 1788864684 388078
10 15276 193 0 1788864684 388786
9 14749 817 0 1788864684 391206
10 15297 141 0 1788864684 391873
10 15303 222 0 1788864684 392856
10 15305 100 0 1788864684 393092
10 15311 98 0 1788864684 394095
10 15313 100 0 1788864684 394306
10 15378 166 0 1788864684 406455
10 15379 98 0 1788864684 406558
10 15381 121 0 1788864684 406972
10 15414 155 0 1788864684 411861
10 15431 158 0 1788864684 413878
10 15454 119 0 1788864684 416864
10 15467 133 0 1788864684 418698
10 15482 124 0 1788864684 420850
10 15486 98 0 1788864684 421469
10 15488 135 0 1788864684 421772
8 16000 1172 0 1788864684 423016
10 15501 166 0 1788864684 423588
10 15525 115 0 1788864684 426717
10 15544 141 0 1788864684 429732
9 14784 754 0 1788864684 429778
10 15580 140 0 1788864684 435221
10 15597 134 0 1788864684 437607
9 14796 740 0 1788864684 438842
10 15614 207 0 1788864684 440596
11 13343 1478 0 1788864684 444095
8 16019 153 0 1788864684 444393
10 15638 191 0 1788864684 445946
10 15652 126 0 1788864684 448255
10 15654 91 0 1788864684 448463
9 14811 780 0 1788864684 450205
8 16029 1102 0 1788864684 452726
10 15685 150 0 1788864684 453029
10 15701 145 0 1788864684 455144
8 16034 1204 0 1788864684 457562
10 15724 95 0 1788864684 458567
10 15733 212 0 1788864684 459773
10 15754 140 0 1788864684 462666
10 15764 128 0 1788864684 463926
10 15771 98 0 1788864684 464829
9 14829 471 0 1788864684 465442
8 16043 740 0 1788864684 466067
10 15799 135 0 1788864684 468627
11 13372 817 0 1788864684 471818
11 13373 1224 0 1788864684 473047
8 16051 713 0 1788864684 473886
11 13374 1089 0 1788864684 474161
8 16053 1254 0 1788864684 476231
10 15876 150 0 1788864684 480356
10 15882 201 0 1788864684 481432
11 13381 1101 0 1788864684 482077
10 15887 118 0 1788864684 482200
8 16058 1008 0 1788864684 484597
10 15903 157 0 1788864684 484893
10 15904 102 0 1788864684 484999
11 13384 1404 0 1788864684 485125
10 15909 155 0 1788864684 485778
10 15915 137 0 1788864684 486531
8 16073 277 0 1788864684 496180
10 15960 104 0 1788864684 497617
10 15974 132 0 1788864684 499707
10 15975 135 0 1788864684 499847
11 13405 928 0 1788864684 505323
10 16014 101 0 1788864684 506492
10 16019 121 0 1788864684 507151
10 16028 163 0 1788864684 509261
10 16063 187 0 1788864684 516014
8 16090 967 0 1788864684 516893
10 16073 126 0 1788864684 517359
10 16074 88 0 1788864684 517451
8 16091 877 0 1788864684 517777
10 16089 142 0 1788864684 519973
10 16111 95 0 1788864684 522906
10 16115 241 0 1788864684 523562
11 13425 764 0 1788864684 526635
11 13428 1237 0 1788864684 529981
10 16156 97 0 1788864684 530236
10 16157 103 0 1788864684 530343
10 16163 122 0 1788864684 531159
10 16165 122 0 1788864684 531410
10 16178 91 0 1788864684 532742
10 16191 398 0 1788864684 535117
11 13437 495 0 1788864684 536297
10 16197 98 0 1788864684 536652
8 16114 863 0 1788864684 536970
9 14918 898 0 1788864684 543783
10 16260 555 0 1788864684 577444
10 16266 473 0 1788864684 579999
8 16187 536 0 1788864684 583248
8 16195 188 0 1788864684 588595
8 16196 296 0 1788864684 588896
11 13519 587 0 1788864684 589296
9 14968 508 0 1788864684 593413
9 14976 526 0 1788864684 598225
10 16301 526 0 1788864684 600159
9 14981 538 0 1788864684 600797
11 13545 451 0 1788864684 603523
11 13555 353 0 1788864684 607453
8 16233 289 0 1788864684 608120
11 13559 442 0 1788864684 609324
9 15008 188 0 1788864684 613088
11 13569 444 0 1788864684 613725
11 13573 382 0 1788864684 615492
10 16344 382 0 1788864684 619383
10 16350 376 0 1788864684 621600
10 16351 387 0 1788864684 621992
9 15030 382 0 1788864684 622280
10 16360 283 0 1788864684 625295
9 15042 529 0 1788864684 627305
9 15049 379 0 1788864684 629760
9 15059 1726 0 1788864684 636283
9 15064 387 0 1788864684 638643
9 15065 324 0 1788864684 638972
10 16380 1452 0 1788864684 639528
9 15082 369 0 1788864684 645521
9 15090 630 0 1788864684 649748
10 16389 2101 0 1788864684 654679
10 16393 2042 0 1788864684 662154
9 15132 1049 0 1788864684 680307
9 15138 786 0 1788864684 685824
10 16421 525 0 1788864684 686939
9 15140 990 0 1788864684 688583
10 16425 304 0 1788864684 689010
10 16426 513 0 1788864684 689527
9 15154 630 0 1788864684 700905
8 16359 914 0 1788864684 703640
11 13696 253 0 1788864684 715132
11 13701 204 0 1788864684 716762
11 13703 213 0 1788864684 717349
10 16458 1861 0 1788864684 724098
11 13726 293 0 1788864684 725507
9 15248 321 0 1788864684 733820
11 13753 346 0 1788864684 734198
11 13757 369 0 1788864684 736374
11 13774 476 0 1788864684 745939
8 16388 1717 0 1788864684 749955
11 13794 360 0 1788864684 754587
9 15295 405 0 1788864684 754996
11 13806 302 0 1788864684 759346
9 15311 256 0 1788864684 760580
9 15323 1432 0 1788864684 771378
8 16422 219 0 1788864684 774848
9 15341 881 0 1788864684 791147
8 16466 529 0 1788864684 796304
10 16552 623 0 1788864684 802333
8 16488 623 0 1788864684 809194
8 16503 546 0 1788864684 818538
11 13860 1623 0 1788864684 820537
9 15373 880 0 1788864684 823399
10 16586 718 0 1788864684 823702
11 13880 823 0 1788864684 833793
8 16526 770 0 1788864684 836894
10 16608 627 0 1788864684 841367
9 15402 1627 0 1788864684 848937
11 13902 779 0 1788864684 851091
8 16545 1074 0 1788864684 853148
8 16566 135 0 1788864684 859160
8 16577 101 0 1788864684 860441
9 15424 426 0 1788864684 860782
10 16642 148 0 1788864684 861128
9 15426 146 0 1788864684 861230
8 16584 138 0 1788864684 861806
10 16649 238 0 1788864684 863163
8 16607 89 0 1788864684 864450
8 16618 88 0 1788864684 865794
11 13937 1330 0 1788864684 867485
8 16640 90 0 1788864684 869373
8 16713 167 0 1788864684 878573
8 16727 92 0 1788864684 880132
8 16731 99 0 1788864684 880528
8 16735 111 0 1788864684 880952
8 16741 111 0 1788864684 881520
8 16752 125 0 1788864684 882846
8 16754 149 0 1788864684 883113
8 16794 87 0 1788864684 887515
8 16796 100 0 1788864684 887707
8 16815 319 0 1788864684 891252
10 16674 977 0 1788864684 892433
10 16684 643 0 1788864684 903026
9 15489 1368 0 1788864684 923416
9 15491 1018 0 1788864684 925515
8 16865 1398 0 1788864684 928334
9 15497 971 0 1788864684 931853
10 16723 974 0 1788864684 935159
10 16725 3731 0 1788864684 939833
11 14039 3243 0 1788864684 954863
9 15521 0 0 1788864684 956940
10 16744 1089 0 1788864684 961053
10 16754 2050 0 1788864684 972943
9 15537 1192 0 1788864684 976729
9 15557 1880 0 1788864685 3049
8 16937 2925 0 1788864685 12379
8 16939 628 0 1788864685 13106
11 14091 91 0 1788864685 16865
11 14099 1058 0 1788864685 25336
11 14104 1126 0 1788864685 30581
10 16806 473 0 1788864685 36356
11 14119 1035 0 1788864685 45548
8 16978 1771 0 1788864685 55325
8 16980 603 0 1788864685 56863
9 15609 780 0 1788864685 58726
11 14131 3890 0 1788864685 59979
10 16835 1169 0 1788864685 65724
11 14142 1048 0 1788864685 67980
10 16847 863 0 1788864685 76071
8 17005 859 0 1788864685 81590
8 17007 1112 0 1788864685 83601
11 14162 1071 0 1788864685 88045
9 15644 885 0 1788864685 91685
9 15648 953 0 1788864685 95042
8 17038 759 0 1788864685 109237
9 15669 747 0 1788864685 111734
8 17047 832 0 1788864685 116029
10 16903 745 0 1788864685 122052
8 17059 764 0 1788864685 124866
10 16908 1081 0 1788864685 126044
11 14222 638 0 1788864685 132126
10 16917 728 0 1788864685 132586
8 17071 768 0 1788864685 133731
9 15703 761 0 1788864685 136828
11 14233 743 0 1788864685 140258
8 17080 738 0 1788864685 140354
10 16935 752 0 1788864685 146093
8 17098 733 0 1788864685 153586
11 14253 738 0 1788864685 155244
9 15732 747 0 1788864685 158389
9 15734 731 0 1788864685 159859
9 15738 933 0 1788864685 163110
9 15739 436 0 1788864685 163556
9 15744 1434 0 1788864685 170511
8 17132 1209 0 1788864685 189449
11 14285 1274 0 1788864685 190997
10 16996 1581 0 1788864685 215758
11 14302 100 0 1788864685 220902
8 17153 339 0 1788864685 221788
10 17000 2933 0 1788864685 223106
9 15795 686 0 1788864685 241272
10 17026 988 0 1788864685 251061
11 14346 577 0 1788864685 268551
8 17220 617 0 1788864685 283603
8 17228 1406 0 1788864685 291950
9 15849 474 0 1788864685 293691
10 17072 1183 0 1788864685 295627
10 17074 668 0 1788864685 298487
10 17075 602 0 1788864685 299227
9 15871 868 0 1788864685 310303
10 17099 775 0 1788864685 316489
11 14406 154 0 1788864685 320356
9 15888 853 0 1788864685 324103
8 17275 502 0 1788864685 328729
11 14420 420 0 1788864685 329353
9 15901 333 0 1788864685 330284
11 14425 397 0 1788864685 330626
8 17289 94 0 1788864685 335583
9 15920 229 0 1788864685 337098
10 17161 371 0 1788864685 353337
9 15954 236 0 1788864685 354403
9 15957 1010 0 1788864685 359167
9 15961 483 0 1788864685 362933
9 15964 381 0 1788864685 364157
8 17346 371 0 1788864685 365792
9 15972 285 0 1788864685 367430
8 17351 388 0 1788864685 367917
10 17187 463 0 1788864685 370297
8 17381 385 0 1788864685 416502
8 17382 382 0 1788864685 416890
8 17387 299 0 1788864685 418879
10 17220 482 0 1788864685 419463
9 16019 397 0 1788864685 423572
11 14549 321 0 1788864685 427130
8 17407 397 0 1788864685 427732
8 17408 399 0 1788864685 428136
10 17244 195 0 1788864685 430063
10 17249 396 0 1788864685 432073
10 17250 476 0 1788864685 432555
9 16042 387 0 1788864685 433220
11 14570 391 0 1788864685 435404
9 16048 412 0 1788864685 435619
10 17264 586 0 1788864685 437977
11 14579 362 0 1788864685 438540
10 17271 385 0 1788864685 440441
10 17275 339 0 1788864685 441602
9 16085 419 0 1788864685 447044
8 17466 462 0 1788864685 451013
8 17467 416 0 1788864685 451435
10 17301 383 0 1788864685 452938
9 16099 545 0 1788864685 453390
10 17308 415 0 1788864685 457230
11 14623 374 0 1788864685 457515
11 14632 204 0 1788864685 461185
11 14634 282 0 1788864685 461800
11 14639 0 0 1788864685 463676
10 17328 0 0 1788864685 464374
8 17502 0 0 1788864685 466470
10 17344 356 0 1788864685 470641
10 17348 363 0 1788864685 472752
11 14659 1135 0 1788864685 472970
10 17349 845 0 1788864685 473619
11 14660 1012 0 1788864685 473986
10 17350 547 0 1788864685 474327
9 16147 593 0 1788864685 481073
8 17552 0 0 1788864685 518303
11 14713 0 0 1788864685 536072
10 17404 0 0 1788864685 537177
9 16206 0 0 1788864685 545037
10 17427 164 0 1788864685 558690
10 17452 0 0 1788864685 561854
10 17460 0 0 1788864685 562566
10 17476 0 0 1788864685 564000
10 17488 0 0 1788864685 567068
10 17491 485 0 1788864685 568425
8 17617 0 0 1788864685 570580
8 17622 0 0 1788864685 571489
8 17627 0 0 1788864685 572422
10 17516 293 0 1788864685 574828
10 17523 151 0 1788864685 577287
9 16287 131 0 1788864685 578054
9 16295 137 0 1788864685 579874
8 17684 106 0 1788864685 583570
8 17691 0 0 1788864685 584436
9 16305 173 0 1788864685 584775
11 14777 392 0 1788864685 586508
11 14778 333 0 1788864685 586863
8 17731 90 0 1788864685 589933
10 17549 308 0 1788864685 589962
8 17741 121 0 1788864685 591034
9 16314 967 0 1788864685 591471
10 17552 706 0 1788864685 591642
8 17748 146 0 1788864685 591900
8 17758 0 0 1788864685 593021
8 17763 1158 0 1788864685 595079
8 17771 86 0 1788864685 595985
9 16325 445 0 1788864685 596161
9 16330 175 0 1788864685 598416
10 17567 227 0 1788864685 598785
8 17789 88 0 1788864685 599077
10 17570 510 0 1788864685 600135
8 17812 832 0 1788864685 602625
8 17825 84 0 1788864685 604177
10 17590 332 0 1788864685 610578
10 17599 383 0 1788864685 613738
8 17850 638 0 1788864685 614758
9 16372 150 0 1788864685 616554
10 17614 0 0 1788864685 618086
8 17873 0 0 1788864685 625491
8 17875 273 0 1788864685 626102
9 16399 231 0 1788864685 628765
8 17895 445 0 1788864685 631447
9 16413 454 0 1788864685 633725
9 16424 606 0 1788864685 638681
8 17919 639 0 1788864685 641040
9 16441 246 0 1788864685 643359
10 17679 145 0 1788864685 643910
11 14874 548 0 1788864685 645311
9 16456 208 0 1788864685 648773
10 17698 573 0 1788864685 651483
9 16478 389 0 1788864685 655332
10 17723 305 0 1788864685 660013
10 17724 359 0 1788864685 660380
8 17970 474 0 1788864685 660954
10 17728 272 0 1788864685 661728
9 16496 188 0 1788864685 661977
9 16499 214 0 1788864685 662787
11 14917 887 0 1788864685 670155
11 14923 678 0 1788864685 673719
11 14932 486 0 1788864685 680462
9 16538 0 0 1788864685 681317
9 16551 278 0 1788864685 687353
9 16552 311 0 1788864685 687671
8 18037 682 0 1788864685 689886
8 18039 440 0 1788864685 690582
11 14952 699 0 1788864685 694663
10 17800 285 0 1788864685 695753
11 14955 489 0 1788864685 696364
8 18062 307 0 1788864685 697711
8 18066 207 0 1788864685 698548
10 17812 257 0 1788864685 698931
8 18082 211 0 1788864685 701720
10 17836 184 0 1788864685 703821
10 17837 191 0 1788864685 704018
10 17852 210 0 1788864685 707023
10 17856 361 0 1788864685 707996
8 18121 176 0 1788864685 709586
8 18127 152 0 1788864685 711218
8 18131 183 0 1788864685 712415
8 18147 0 0 1788864685 715171
8 18173 0 0 1788864685 719701
8 18178 0 0 1788864685 720186
10 17913 0 0 1788864685 722078
8 18204 0 0 1788864685 723783
10 17933 0 0 1788864685 726720
8 18227 0 0 1788864685 727075
10 17944 0 0 1788864685 730188
9 16641 0 0 1788864685 730930
9 16646 0 0 1788864685 731820
10 17955 0 0 1788864685 732262
10 17969 0 0 1788864685 734731
10 17983 964 0 1788864685 738907
11 15004 229 0 1788864685 741676
11 15007 465 0 1788864685 743120
9 16688 166 0 1788864685 745291
8 18288 0 0 1788864685 749807
8 18300 0 0 1788864685 753853
9 16702 250 0 1788864685 755439
11 15021 278 0 1788864685 756360
9 16704 461 0 1788864685 756527
8 18312 297 0 1788864685 756996
8 18313 296 0 1788864685 757338
8 18316 0 0 1788864685 758207
8 18318 552 0 1788864685 759051
11 15042 208 0 1788864685 764768
10 18027 524 0 1788864685 765251
9 16729 140 0 1788864685 765712
8 18347 112 0 1788864685 765829
8 18350 0 0 1788864685 766130
9 16753 465 0 1788864685 777160
8 18403 143 0 1788864685 777708
11 15072 276 0 1788864685 777892
9 16763 252 0 1788864685 780626
8 18438 125 0 1788864685 781492
8 18442 127 0 1788864685 781947
8 18461 0 0 1788864685 783903
8 18482 102 0 1788864685 787421
8 18494 108 0 1788864685 788727
9 16776 231 0 1788864685 788987
8 18500 0 0 1788864685 789413
8 18515 101 0 1788864685 791281
8 18534 123 0 1788864685 794505
11 15119 880 0 1788864685 795921
8 18562 143 0 1788864685 797502
11 15130 576 0 1788864685 804075
8 18617 83 0 1788864685 804841
8 18631 224 0 1788864685 806449
8 18635 97 0 1788864685 806914
8 18651 93 0 1788864685 808687
9 16847 256 0 1788864685 811169
8 18695 126 0 1788864685 813141
8 18697 97 0 1788864685 813328
8 18709 115 0 1788864685 814511
8 18719 101 0 1788864685 815532
9 16868 279 0 1788864685 816976
11 15152 227 0 1788864685 819245
9 16881 376 0 1788864685 822012
8 18797 110 0 1788864685 826882
10 18143 651 0 1788864685 828617
8 18817 106 0 1788864685 828833
9 16902 192 0 1788864685 829787
8 18826 83 0 1788864685 830298
8 18842 103 0 1788864685 831965
8 18873 121 0 1788864685 837534
8 18882 519 0 1788864685 839076
8 18890 121 0 1788864685 842132
8 18892 86 0 1788864685 842400
11 15178 1368 0 1788864685 843166
8 18919 83 0 1788864685 845934
8 18924 104 0 1788864685 846488
9 16956 237 0 1788864685 846985
9 16959 89 0 1788864685 847485
9 16966 150 0 1788864685 848422
8 18952 102 0 1788864685 850024
9 16979 88 0 1788864685 850336
8 18966 84 0 1788864685 853479
8 18982 82 0 1788864685 855149
10 18165 1146 0 1788864685 858184
10 18166 1525 0 1788864685 859733
8 19017 175 0 1788864685 864346
9 17033 446 0 1788864685 865752
9 17065 0 0 1788864685 887724
11 15214 0 0 1788864685 890887
10 18184 0 0 1788864685 894334
10 18185 0 0 1788864685 896270
11 15218 5128 0 1788864685 897101
8 19049 922 0 1788864685 898029
8 19064 0 0 1788864685 915107
10 18195 866 0 1788864685 915325
10 18202 399 0 1788864685 918918
11 15235 220 0 1788864685 919044
8 19084 691 0 1788864685 930258
8 19090 331 0 1788864685 934046
11 15256 475 0 1788864685 935525
8 19099 508 0 1788864685 937326
8 19109 341 0 1788864685 942177
9 17129 440 0 1788864685 945639
8 19122 252 0 1788864685 948307
8 19124 0 0 1788864685 948663
9 17145 0 0 1788864685 952151
9 17146 0 0 1788864685 952438
11 15290 0 0 1788864685 953509
8 19139 0 0 1788864685 953596
9 17157 1047 0 1788864685 962930
9 17168 84 0 1788864685 965113
8 19164 195 0 1788864685 965262
11 15302 163 0 1788864685 965481
11 15311 214 0 1788864685 967668
9 17179 348 0 1788864685 967894
8 19186 521 0 1788864685 969826
9 17192 385 0 1788864685 971060
8 19194 266 0 1788864685 972113
8 19221 0 0 1788864685 978660
8 19237 0 0 1788864685 982000
8 19270 0 0 1788864685 985124
9 17204 282 0 1788864685 986700
9 17213 1129 0 1788864685 995977
9 17214 466 0 1788864685 996569
11 15361 529 0 1788864686 1534
11 15366 0 0 1788864686 6152
10 18304 1129 0 1788864686 6852
10 18309 872 0 1788864686 12095
9 17236 1162 0 1788864686 14810
8 19316 0 0 1788864686 16747
10 18318 0 0 1788864686 19082
10 18333 109 0 1788864686 28846
8 19330 1078 0 1788864686 31898
11 15392 425 0 1788864686 38240
10 18403 80 0 1788864686 42157
10 18422 83 0 1788864686 43846
11 15404 109 0 1788864686 45466
11 15430 84 0 1788864686 47876
10 18428 639 0 1788864686 50886
10 18434 3426 0 1788864686 59982
10 18436 110 0 1788864686 60541
8 19368 346 0 1788864686 70571
9 17300 460 0 1788864686 74159
8 19383 343 0 1788864686 76035
9 17311 362 0 1788864686 78146
8 19392 357 0 1788864686 79310
9 17316 360 0 1788864686 79955
11 15490 363 0 1788864686 80146
9 17318 367 0 1788864686 80704
8 19402 363 0 1788864686 82958
10 18483 357 0 1788864686 83593
11 15507 349 0 1788864686 86282
11 15514 360 0 1788864686 88782
10 18499 350 0 1788864686 89486
10 18505 366 0 1788864686 91713
10 18507 348 0 1788864686 92423
8 19430 351 0 1788864686 92602
10 18509 354 0 1788864686 93160
8 19432 356 0 1788864686 93342
10 18518 366 0 1788864686 96310
11 15537 358 0 1788864686 96858
8 19444 368 0 1788864686 97675
9 17365 373 0 1788864686 97861
8 19445 362 0 1788864686 98042
8 19446 360 0 1788864686 98406
10 18530 379 0 1788864686 101698
10 18531 380 0 1788864686 102084
8 19455 352 0 1788864686 103015
9 17378 367 0 1788864686 103295
10 18536 2916 0 1788864686 106499
10 18540 3115 0 1788864686 115937
10 18546 486 0 1788864686 130526
10 18548 550 0 1788864686 131470
11 15564 581 0 1788864686 131858
9 17394 391 0 1788864686 132826
10 18555 384 0 1788864686 133973
10 18558 377 0 1788864686 135121
11 15582 306 0 1788864686 138312
9 17419 144 0 1788864686 141182
10 18579 255 0 1788864686 142383
10 18584 242 0 1788864686 144094
11 15599 265 0 1788864686 145272
9 17436 799 0 1788864686 147784
10 18605 708 0 1788864686 154882
8 19545 569 0 1788864686 157568
11 15632 1747 0 1788864686 166534
11 15652 1387 0 1788864686 183140
9 17486 1060 0 1788864686 184028
10 18644 232 0 1788864686 184811
9 17510 5892 0 1788864686 224738
11 15677 4118 0 1788864686 224926
10 18664 341 0 1788864686 225535
10 18667 510 0 1788864686 226899
9 17530 247 0 1788864686 232802
9 17532 227 0 1788864686 233202
11 15697 321 0 1788864686 233577
9 17541 374 0 1788864686 236199
11 15707 664 0 1788864686 237292
9 17545 694 0 1788864686 237748
10 18714 197 0 1788864686 238246
10 18723 237 0 1788864686 239426
11 15715 4855 0 1788864686 246219
9 17561 309 0 1788864686 246759
9 17565 267 0 1788864686 247963
11 15717 3257 0 1788864686 250821
8 19670 166 0 1788864686 258897
8 19671 146 0 1788864686 259050
9 17594 152 0 1788864686 261343
9 17598 88 0 1788864686 261946
10 18787 173 0 1788864686 264948
11 15764 112 0 1788864686 265826
11 15767 113 0 1788864686 266247
10 18809 170 0 1788864686 268582
10 18811 152 0 1788864686 268912
10 18812 144 0 1788864686 269060
10 18830 151 0 1788864686 273579
9 17656 1147 0 1788864686 275644
11 15830 925 0 1788864686 276655
8 19765 160 0 1788864686 281850
9 17675 817 0 1788864686 285126
8 19777 181 0 1788864686 287602
9 17686 388 0 1788864686 288261
10 18868 261 0 1788864686 289694
10 18870 239 0 1788864686 290335
10 18883 335 0 1788864686 293635
11 15873 0 0 1788864686 293974
8 19824 549 0 1788864686 302195
8 19833 159 0 1788864686 304269
10 18923 212 0 1788864686 306470
9 17752 163 0 1788864686 307987
10 18934 217 0 1788864686 309463
10 18943 161 0 1788864686 311112
8 19865 153 0 1788864686 311425
9 17773 143 0 1788864686 311663
11 15945 91 0 1788864686 312340
8 19877 131 0 1788864686 314035
10 18966 132 0 1788864686 315959
10 18967 157 0 1788864686 316122
8 19896 139 0 1788864686 317395
9 17808 486 0 1788864686 320126
11 16005 337 0 1788864686 324270
11 16008 483 0 1788864686 325231
10 18989 964 0 1788864686 326200
9 17823 367 0 1788864686 329228
10 18995 422 0 1788864686 329238
8 19929 344 0 1788864686 331757
8 19932 493 0 1788864686 333235
11 16026 253 0 1788864686 334150
9 17861 428 0 1788864686 346768
9 17863 562 0 1788864686 348266
9 17864 528 0 1788864686 348832
11 16055 500 0 1788864686 348844
11 16090 1543 0 1788864686 378313
11 16105 188 0 1788864686 384466
8 19974 176 0 1788864686 395416
11 16158 124 0 1788864686 406488
9 17889 403 0 1788864686 406731
11 16165 136 0 1788864686 407923
11 16174 369 0 1788864686 410030
11 16183 213 0 1788864686 411820
10 19066 708 0 1788864686 412532
10 19070 412 0 1788864686 417741
8 20009 472 0 1788864686 424224
10 19084 415 0 1788864686 424237
8 20020 570 0 1788864686 429692
11 16273 221 0 1788864686 436215
11 16274 139 0 1788864686 436399
10 19109 289 0 1788864686 436532
9 17941 369 0 1788864686 438636
10 19115 505 0 1788864686 438857
11 16294 124 0 1788864686 440454
11 16301 185 0 1788864686 441733
10 19123 435 0 1788864686 442315
10 19131 273 0 1788864686 445062
8 20060 273 0 1788864686 447250
10 19144 354 0 1788864686 452813
8 20083 257 0 1788864686 455492
10 19152 644 0 1788864686 457513
8 20095 809 0 1788864686 461623
11 16348 1174 0 1788864686 466940
9 17997 662 0 1788864686 479854
10 19175 1089 0 1788864686 483751
11 16363 1166 0 1788864686 484996
10 19184 1145 0 1788864686 493293
8 20130 88 0 1788864686 494079
10 19191 716 0 1788864686 500269
11 16380 1520 0 1788864686 501859
11 16384 1555 0 1788864686 506630
9 18033 813 0 1788864686 516159
8 20160 777 0 1788864686 517037
9 18040 507 0 1788864686 521973
10 19215 689 0 1788864686 526006
10 19219 745 0 1788864686 529633
8 20182 852 0 1788864686 531817
9 18056 713 0 1788864686 534246
8 20191 667 0 1788864686 539646
8 20193 754 0 1788864686 540513
9 18077 304 0 1788864686 547462
11 16445 234 0 1788864686 550931
10 19260 181 0 1788864686 552179
9 18095 360 0 1788864686 556634
8 20251 341 0 1788864686 558488
11 16475 194 0 1788864686 561526
8 20264 261 0 1788864686 562776
8 20266 362 0 1788864686 563526
9 18115 240 0 1788864686 566836
9 18121 341 0 1788864686 568671
11 16492 419 0 1788864686 569551
8 20272 4178 0 1788864686 581879
10 19328 787 0 1788864686 581888
10 19337 251 0 1788864686 587372
11 16534 1579 0 1788864686 590420
10 19348 306 0 1788864686 592641
8 20294 273 0 1788864686 593407
10 19351 359 0 1788864686 593842
8 20296 376 0 1788864686 594227
9 18174 334 0 1788864686 596195
11 16550 534 0 1788864686 598491
10 19365 679 0 1788864686 602124
10 19368 538 0 1788864686 604054
8 20322 231 0 1788864686 606677
10 19379 338 0 1788864686 611220
10 19382 430 0 1788864686 612474
11 16573 455 0 1788864686 614797
10 19388 289 0 1788864686 616232
10 19390 427 0 1788864686 617150
9 18219 1753 0 1788864686 622654
10 19412 258 0 1788864686 628237
8 20372 557 0 1788864686 630336
8 20375 663 0 1788864686 632185
8 20386 513 0 1788864686 637453
9 18227 3146 0 1788864686 643258
10 19444 418 0 1788864686 646923
8 20414 311 0 1788864686 648254
9 18239 398 0 1788864686 649111
9 18241 288 0 1788864686 649755
11 16603 585 0 1788864686 649767
8 20421 91 0 1788864686 650409
8 20424 566 0 1788864686 651889
11 16610 30959 0 1788864686 685975
8 20446 276 0 1788864686 692726
9 18286 175 0 1788864686 697018
9 18296 964 0 1788864686 700847
9 18304 229 0 1788864686 702905
9 18313 229 0 1788864686 706559
8 20479 280 0 1788864686 708347
8 20482 81 0 1788864686 708977
8 20490 171 0 1788864686 710685
8 20493 265 0 1788864686 711270
9 18340 156 0 1788864686 714000
9 18358 418 0 1788864686 719531
9 18370 85 0 1788864686 723243
11 16645 635 0 1788864686 723832
10 19560 1950 0 1788864686 725755
8 20534 1080 0 1788864686 732359
10 19573 410 0 1788864686 734872
8 20540 744 0 1788864686 736516
10 19580 403 0 1788864686 737776
9 18433 0 0 1788864686 737902
9 18435 221 0 1788864686 738365
8 20544 739 0 1788864686 739299
9 18440 325 0 1788864686 739597
11 16659 241 0 1788864686 741774
8 20553 607 0 1788864686 745690
11 16683 173 0 1788864686 751389
11 16688 162 0 1788864686 752490
10 19608 666 0 1788864686 757067
11 16711 194 0 1788864686 757979
10 19617 1072 0 1788864686 764416
10 19633 279 0 1788864686 768766
9 18488 222 0 1788864686 768963
10 19643 257 0 1788864686 772656
11 16756 625 0 1788864686 773042
10 19645 808 0 1788864686 773874
11 16764 447 0 1788864686 777191
8 20574 338 0 1788864686 778272
9 18527 104 0 1788864686 778327
9 18529 146 0 1788864686 778604
8 20580 355 0 1788864686 780519
9 18539 136 0 1788864686 780679
10 19666 273 0 1788864686 781128
10 19673 249 0 1788864686 783839
10 19683 222 0 1788864686 786594
11 16797 234 0 1788864686 787241
8 20608 100 0 1788864686 787559
9 18570 116 0 1788864686 791627
9 18585 135 0 1788864686 794814
11 16810 238 0 1788864686 796914
8 20639 108 0 1788864686 801737
10 19727 393 0 1788864686 805153
9 18620 266 0 1788864686 807134
8 20660 404 0 1788864686 810520
8 20662 1699 0 1788864686 812830
9 18637 316 0 1788864686 813185
10 19736 237 0 1788864686 815569
11 16850 364 0 1788864686 818456
8 20680 543 0 1788864686 820928
10 19757 205 0 1788864686 822078
8 20687 497 0 1788864686 824431
9 18689 263 0 1788864686 827743
8 20691 493 0 1788864686 830040
10 19769 864 0 1788864686 830960
9 18716 243 0 1788864686 833968
9 18721 369 0 1788864686 836293
11 16886 529 0 1788864686 839873
11 16888 340 0 1788864686 841078
9 18739 119 0 1788864686 841203
8 20741 173 0 1788864686 854713
8 20744 0 0 1788864686 855416
9 18795 186 0 1788864686 855640
10 19788 717 0 1788864686 895914
11 16899 721 0 1788864686 899152
11 16902 323 0 1788864686 900535
9 18832 1392 0 1788864686 906834
9 18840 1013 0 1788864686 918956
9 18841 846 0 1788864686 919808
11 16922 324 0 1788864686 927315
9 18847 853 0 1788864686 927667
8 20805 115 0 1788864686 928990
8 20806 102 0 1788864686 929099
8 20808 94 0 1788864686 929281
8 20811 94 0 1788864686 929597
8 20829 94 0 1788864686 931508
11 16936 1143 0 1788864686 939487
10 19836 280 0 1788864686 941169
11 16940 1063 0 1788864686 944009
9 18888 83 0 1788864686 946181
8 20850 403 0 1788864686 948940
9 18920 260 0 1788864686 952066
10 19857 0 0 1788864686 952263
9 18926 273 0 1788864686 953206
8 20870 152 0 1788864686 953867
9 18941 695 0 1788864686 963347
11 16970 460 0 1788864686 964268
9 18950 684 0 1788864686 968001
8 20892 533 0 1788864686 968538
9 18953 2106 0 1788864686 971307
8 20897 743 0 1788864686 973118
10 19889 4717 0 1788864686 977867
9 18958 277 0 1788864686 978278
10 19890 261 0 1788864686 978287
8 20928 0 0 1788864687 1439
8 20933 347 0 1788864687 4024
10 19942 376 0 1788864687 21512
10 19947 2172 0 1788864687 26104
8 20966 400 0 1788864687 27084
11 17039 387 0 1788864687 28716
9 19032 394 0 1788864687 32091
8 20976 393 0 1788864687 32589
9 19042 94 0 1788864687 33970
9 19060 444 0 1788864687 41576
9 19064 283 0 1788864687 43018
10 19983 371 0 1788864687 43676
8 21001 362 0 1788864687 44324
11 17077 429 0 1788864687 46896
10 19992 437 0 1788864687 46997
10 20001 385 0 1788864687 50685
9 19087 190 0 1788864687 51734
8 21023 382 0 1788864687 52973
10 20007 377 0 1788864687 53073
9 19095 584 0 1788864687 54981
11 17098 477 0 1788864687 55174
11 17100 387 0 1788864687 55981
10 20026 87 0 1788864687 62496
10 20028 592 0 1788864687 63483
11 17122 379 0 1788864687 67163
8 21058 280 0 1788864687 69057
8 21066 452 0 1788864687 72428
9 19143 372 0 1788864687 76395
10 20066 1154 0 1788864687 79480
8 21084 456 0 1788864687 80507
10 20072 557 0 1788864687 81921
9 19158 374 0 1788864687 82490
11 17168 438 0 1788864687 85817
11 17173 377 0 1788864687 87758
11 17186 332 0 1788864687 93357
8 21118 347 0 1788864687 94766
11 17194 351 0 1788864687 96583
11 17201 614 0 1788864687 100451
11 17204 615 0 1788864687 102072
8 21136 884 0 1788864687 104629
9 19204 785 0 1788864687 104930
8 21139 570 0 1788864687 106952
8 21141 488 0 1788864687 107878
9 19217 824 0 1788864687 115907
8 21155 883 0 1788864687 118389
8 21167 0 0 1788864687 124031
10 20142 3063 0 1788864687 124066
8 21172 3456 0 1788864687 130907
8 21188 626 0 1788864687 143755
11 17256 83 0 1788864687 144858
11 17269 308 0 1788864687 154158
8 21202 793 0 1788864687 154844
10 20177 668 0 1788864687 155771
11 17271 615 0 1788864687 156354
8 21210 2308 0 1788864687 161377
9 19266 1070 0 1788864687 162525
8 21213 1708 0 1788864687 165038
10 20187 1417 0 1788864687 166256
9 19271 1762 0 1788864687 168073
10 20192 0 0 1788864687 169355
8 21225 732 0 1788864687 174502
8 21226 0 0 1788864687 174867
9 19278 960 0 1788864687 177196
11 17295 837 0 1788864687 179774
12 5 734 0 1788864677 279651
14 6 785 0 1788864677 281039
14 9 3800 0 1788864677 285239
15 11 405 0 1788864677 290492
13 27 382 0 1788864677 290851
14 19 493 0 1788864677 291588
15 21 429 0 1788864677 298006
14 41 144 0 1788864677 308624
15 44 739 0 1788864677 313112
12 53 685 0 1788864677 313347
13 72 496 0 1788864677 314405
14 55 1784 0 1788864677 320336
12 68 496 0 1788864677 327300
15 63 468 0 1788864677 329567
14 69 801 0 1788864677 331702
15 68 473 0 1788864677 332076
13 95 527 0 1788864677 334269
15 74 409 0 1788864677 334701
12 78 1173 0 1788864677 337789
13 102 693 0 1788864677 338965
14 86 390 0 1788864677 339919
15 88 499 0 1788864677 341975
15 93 713 0 1788864677 344940
14 96 472 0 1788864677 345552
13 117 1439 0 1788864677 353236
14 127 339 0 1788864677 362374
12 105 1360 0 1788864677 363109
15 136 515 0 1788864677 371321
12 116 636 0 1788864677 373897
13 134 1172 0 1788864677 374460
12 121 1219 0 1788864677 378958
12 125 1111 0 1788864677 384459
13 145 1068 0 1788864677 386178
15 165 784 0 1788864677 390225
14 182 771 0 1788864677 402747
14 187 1209 0 1788864677 408200
12 148 1140 0 1788864677 408990
13 173 712 0 1788864677 415060
15 192 1165 0 1788864677 417722
14 206 686 0 1788864677 423424
13 188 405 0 1788864677 427191
14 223 625 0 1788864677 442107
13 205 2810 0 1788864677 446207
13 206 2186 0 1788864677 448399
13 217 2706 0 1788864677 478242
14 239 3112 0 1788864677 483086
13 219 2535 0 1788864677 484204
13 230 268 0 1788864677 515557
13 241 566 0 1788864677 519704
15 225 2867 0 1788864677 522079
12 212 1733 0 1788864677 523706
13 268 0 0 1788864677 524106
13 293 239 0 1788864677 528025
13 304 203 0 1788864677 530266
15 231 581 0 1788864677 532920
13 325 154 0 1788864677 534452
14 267 542 0 1788864677 537532
12 231 763 0 1788864677 544935
14 285 749 0 1788864677 547503
12 237 205 0 1788864677 548178
14 309 280 0 1788864677 568251
13 371 1054 0 1788864677 571629
14 321 929 0 1788864677 578662
12 268 1255 0 1788864677 580026
12 270 1233 0 1788864677 582046
13 431 93 0 1788864677 597076
14 336 2195 0 1788864677 599453
12 284 1735 0 1788864677 600078
13 452 92 0 1788864677 600402
14 344 579 0 1788864677 616463
12 304 1509 0 1788864677 629220
14 361 1607 0 1788864677 632147
13 487 1001 0 1788864677 633581
14 364 989 0 1788864677 635256
14 369 764 0 1788864677 640592
15 330 1165 0 1788864677 645446
13 503 1431 0 1788864677 651968
12 330 159 0 1788864677 659465
12 334 0 0 1788864677 661857
15 349 3302 0 1788864677 667401
14 399 2626 0 1788864677 673773
15 363 8176 0 1788864677 690491
13 538 794 0 1788864677 691634
12 361 200 0 1788864677 693373
15 377 1202 0 1788864677 698887
15 383 1321 0 1788864677 706296
15 392 975 0 1788864677 716769
15 398 0 0 1788864677 724051
14 471 916 0 1788864677 743854
15 423 403 0 1788864677 748221
14 482 584 0 1788864677 754008
12 437 763 0 1788864677 755633
12 443 285 0 1788864677 761403
14 492 568 0 1788864677 762157
14 500 416 0 1788864677 766765
13 626 1774 0 1788864677 768040
15 448 597 0 1788864677 769723
12 472 0 0 1788864677 782314
13 647 1436 0 1788864677 786963
13 666 832 0 1788864677 802529
15 488 589 0 1788864677 803781
12 507 341 0 1788864677 804290
12 513 455 0 1788864677 809251
13 678 720 0 1788864677 810980
14 553 771 0 1788864677 811227
14 573 659 0 1788864677 824327
15 514 865 0 1788864677 824551
13 699 624 0 1788864677 825918
14 589 666 0 1788864677 841767
14 595 0 0 1788864677 845544
13 736 0 0 1788864677 852317
13 753 0 0 1788864677 863320
13 772 160 0 1788864677 865053
13 786 98 0 1788864677 866792
14 618 242 0 1788864677 867519
13 797 100 0 1788864677 868381
13 817 103 0 1788864677 870755
14 636 445 0 1788864677 873002
15 555 646 0 1788864677 877107
13 844 491 0 1788864677 878911
13 848 577 0 1788864677 881413
14 664 410 0 1788864677 889638
13 861 722 0 1788864677 890255
12 595 929 0 1788864677 892916
12 607 383 0 1788864677 907224
14 682 325 0 1788864677 907840
15 613 1226 0 1788864677 924079
15 620 85 0 1788864677 926903
13 907 601 0 1788864677 928135
12 638 265 0 1788864677 930839
15 634 94 0 1788864677 931327
14 718 193 0 1788864677 932608
15 647 137 0 1788864677 932694
14 728 381 0 1788864677 937282
12 655 2696 0 1788864677 940077
13 929 414 0 1788864677 940724
13 935 190 0 1788864677 942890
13 939 465 0 1788864677 943991
13 943 959 0 1788864677 947740
15 674 798 0 1788864677 950283
15 675 1534 0 1788864677 951823
14 747 1502 0 1788864677 952484
12 676 0 0 1788864677 957718
13 952 622 0 1788864677 962639
15 687 1178 0 1788864677 964820
12 696 395 0 1788864677 968194
13 965 1014 0 1788864677 973373
14 773 1649 0 1788864677 978160
14 785 989 0 1788864677 989641
15 721 1087 0 1788864677 992746
13 982 938 0 1788864677 993418
13 986 82 0 1788864677 995596
13 992 192 0 1788864677 996333
15 726 876 0 1788864677 997470
14 795 1165 0 1788864677 998433
13 997 1083 0 1788864677 999301
12 759 89 0 1788864678 7409
15 742 90 0 1788864678 9053
12 776 71 0 1788864678 9107
14 809 886 0 1788864678 9350
14 815 279 0 1788864678 12776
14 818 121 0 1788864678 13630
15 762 1093 0 1788864678 32684
12 831 0 0 1788864678 32820
14 838 545 0 1788864678 34021
15 769 898 0 1788864678 36583
12 841 830 0 1788864678 38761
14 846 353 0 1788864678 39091
12 843 1380 0 1788864678 41868
15 776 759 0 1788864678 44123
13 1058 567 0 1788864678 49748
13 1067 183 0 1788864678 53511
12 877 181 0 1788864678 57241
15 785 7008 0 1788864678 57435
12 881 278 0 1788864678 58519
12 885 380 0 1788864678 60051
12 886 563 0 1788864678 60619
12 893 1016 0 1788864678 67848
13 1116 600 0 1788864678 73339
14 887 593 0 1788864678 78039
15 834 629 0 1788864678 91938
12 921 775 0 1788864678 93635
12 928 898 0 1788864678 98458
14 903 882 0 1788864678 98699
13 1147 563 0 1788864678 100005
12 932 772 0 1788864678 103745
15 849 722 0 1788864678 104706
15 864 492 0 1788864678 114013
15 868 783 0 1788864678 115841
14 927 662 0 1788864678 116107
15 870 733 0 1788864678 117336
13 1178 370 0 1788864678 122020
13 1179 831 0 1788864678 122872
13 1192 273 0 1788864678 131219
14 949 0 0 1788864678 132424
15 896 116 0 1788864678 135223
13 1202 266 0 1788864678 135512
12 1002 416 0 1788864678 137767
14 960 325 0 1788864678 138242
14 971 102 0 1788864678 140117
12 1018 105 0 1788864678 140685
13 1227 0 0 1788864678 141041
12 1019 1476 0 1788864678 142166
14 988 195 0 1788864678 143591
14 989 176 0 1788864678 143776
14 993 179 0 1788864678 144556
14 1000 0 0 1788864678 147800
13 1250 223 0 1788864678 148049
12 1044 896 0 1788864678 148761
12 1046 173 0 1788864678 149231
14 1014 91 0 1788864678 151524
14 1018 135 0 1788864678 152171
15 948 124 0 1788864678 153093
15 950 99 0 1788864678 153402
12 1065 106 0 1788864678 153431
14 1023 201 0 1788864678 153456
15 951 99 0 1788864678 153506
13 1274 89 0 1788864678 153790
12 1076 120 0 1788864678 154589
13 1285 144 0 1788864678 154998
14 1041 255 0 1788864678 155802
12 1105 127 0 1788864678 162215
14 1054 211 0 1788864678 162707
12 1109 111 0 1788864678 163019
13 1315 171 0 1788864678 165664
12 1125 443 0 1788864678 168003
14 1072 265 0 1788864678 168992
15 1010 0 0 1788864678 172906
15 1014 371 0 1788864678 174724
12 1147 1234 0 1788864678 183287
13 1342 507 0 1788864678 183391
12 1148 722 0 1788864678 184015
15 1020 1156 0 1788864678 185222
13 1347 515 0 1788864678 186393
13 1348 831 0 1788864678 187228
15 1029 580 0 1788864678 192531
15 1030 0 0 1788864678 192893
13 1358 0 0 1788864678 194151
14 1114 282 0 1788864678 198378
14 1116 609 0 1788864678 199963
13 1375 0 0 1788864678 206162
13 1377 0 0 1788864678 206968
13 1381 0 0 1788864678 208334
14 1137 0 0 1788864678 208805
14 1148 0 0 1788864678 210857
12 1179 175 0 1788864678 220117
15 1070 0 0 1788864678 232511
12 1222 148 0 1788864678 233604
12 1244 62 0 1788864678 236819
12 1250 108 0 1788864678 238356
14 1195 552 0 1788864678 239652
12 1252 3976 0 1788864678 242488
14 1203 523 0 1788864678 244661
14 1206 424 0 1788864678 245998
12 1256 124 0 1788864678 246093
14 1207 462 0 1788864678 246465
13 1444 445 0 1788864678 246567
12 1281 194 0 1788864678 250491
15 1102 550 0 1788864678 251667
14 1222 237 0 1788864678 252770
12 1289 340 0 1788864678 254469
14 1241 100 0 1788864678 256821
14 1255 141 0 1788864678 260090
13 1489 94 0 1788864678 262178
12 1318 232 0 1788864678 263582
15 1139 416 0 1788864678 263976
12 1323 618 0 1788864678 267144
13 1506 312 0 1788864678 267883
13 1508 87 0 1788864678 268290
13 1522 241 0 1788864678 270894
13 1527 1424 0 1788864678 273032
15 1162 401 0 1788864678 280344
12 1352 855 0 1788864678 285452
12 1367 404 0 1788864678 291868
14 1339 503 0 1788864678 293621
15 1172 1670 0 1788864678 297213
12 1397 281 0 1788864678 304222
13 1581 162 0 1788864678 308079
12 1408 356 0 1788864678 308312
15 1181 136 0 1788864678 308325
13 1584 180 0 1788864678 308571
15 1182 214 0 1788864678 308582
13 1601 160 0 1788864678 311984
14 1365 306 0 1788864678 312263
14 1384 323 0 1788864678 320191
15 1216 159 0 1788864678 326382
12 1441 857 0 1788864678 327593
14 1406 1413 0 1788864678 336774
15 1243 517 0 1788864678 343171
15 1246 614 0 1788864678 344577
14 1432 459 0 1788864678 349285
13 1666 1164 0 1788864678 352539
12 1517 397 0 1788864678 354252
13 1687 2436 0 1788864678 369169
14 1461 1560 0 1788864678 369924
13 1694 0 0 1788864678 381657
12 1562 116 0 1788864678 382330
13 1697 306 0 1788864678 382534
14 1480 335 0 1788864678 390396
13 1722 218 0 1788864678 396691
15 1316 237 0 1788864678 397048
13 1734 94 0 1788864678 399511
15 1341 98 0 1788864678 402476
15 1346 140 0 1788864678 403500
13 1750 2918 0 1788864678 406794
15 1355 544 0 1788864678 409313
12 1599 498 0 1788864678 412877
15 1381 284 0 1788864678 416323
15 1394 179 0 1788864678 418713
12 1618 543 0 1788864678 421559
14 1516 1176 0 1788864678 424328
14 1518 167 0 1788864678 424607
14 1524 120 0 1788864678 425461
15 1422 173 0 1788864678 426177
15 1425 355 0 1788864678 427153
13 1784 215 0 1788864678 428098
15 1438 170 0 1788864678 431952
14 1546 420 0 1788864678 433360
15 1452 173 0 1788864678 438938
12 1645 525 0 1788864678 439083
14 1557 501 0 1788864678 439802
12 1652 676 0 1788864678 443106
13 1842 361 0 1788864678 446111
13 1845 262 0 1788864678 446839
15 1477 227 0 1788864678 446847
15 1480 243 0 1788864678 447711
14 1580 209 0 1788864678 448533
15 1483 257 0 1788864678 448835
12 1662 464 0 1788864678 449066
13 1861 0 0 1788864678 456188
14 1592 1039 0 1788864678 458955
15 1492 1154 0 1788864678 459650
13 1869 343 0 1788864678 460031
14 1596 163 0 1788864678 460458
14 1616 222 0 1788864678 468223
14 1621 139 0 1788864678 471296
14 1632 150 0 1788864678 473247
13 1904 560 0 1788864678 474224
14 1644 0 0 1788864678 475783
15 1521 327 0 1788864678 476445
12 1714 283 0 1788864678 478011
13 1916 869 0 1788864678 479092
12 1717 290 0 1788864678 479627
13 1929 299 0 1788864678 483499
12 1733 396 0 1788864678 484811
14 1685 171 0 1788864678 486103
15 1542 455 0 1788864678 486864
12 1739 547 0 1788864678 488140
13 1941 765 0 1788864678 490052
15 1557 344 0 1788864678 499086
14 1704 498 0 1788864678 499214
13 1961 344 0 1788864678 502090
12 1774 986 0 1788864678 509778
12 1775 423 0 1788864678 510207
12 1776 368 0 1788864678 510580
13 1993 396 0 1788864678 525813
15 1622 143 0 1788864678 536709
15 1625 274 0 1788864678 540953
12 1824 503 0 1788864678 548329
15 1640 191 0 1788864678 549460
15 1648 321 0 1788864678 551439
15 1660 254 0 1788864678 556513
15 1662 238 0 1788864678 557429
14 1815 376 0 1788864678 558616
15 1671 255 0 1788864678 560514
15 1673 296 0 1788864678 561204
15 1674 169 0 1788864678 561398
12 1857 567 0 1788864678 562420
13 2041 376 0 1788864678 562748
15 1686 232 0 1788864678 566780
15 1689 250 0 1788864678 567514
15 1701 204 0 1788864678 570244
13 2057 320 0 1788864678 570459
13 2062 370 0 1788864678 572231
12 1881 345 0 1788864678 573209
14 1846 405 0 1788864678 573803
13 2074 1403 0 1788864678 578602
12 1892 539 0 1788864678 579281
14 1869 364 0 1788864678 583139
12 1900 406 0 1788864678 584142
13 2084 511 0 1788864678 584537
15 1747 854 0 1788864678 585268
13 2095 673 0 1788864678 594947
15 1766 207 0 1788864678 595290
13 2102 416 0 1788864678 599051
13 2104 749 0 1788864678 615570
14 1913 156 0 1788864678 618742
13 2114 209 0 1788864678 621919
13 2117 490 0 1788864678 623468
14 1931 192 0 1788864678 625017
14 1941 161 0 1788864678 627566
14 1964 133 0 1788864678 631628
15 1811 640 0 1788864678 632957
13 2137 500 0 1788864678 636351
12 1960 582 0 1788864678 639861
15 1840 190 0 1788864678 639953
15 1855 125 0 1788864678 643499
14 2018 124 0 1788864678 643597
14 2020 327 0 1788864678 644179
14 2025 473 0 1788864678 647640
15 1866 291 0 1788864678 648220
13 2156 228 0 1788864678 648321
15 1868 479 0 1788864678 649028
14 2033 441 0 1788864678 650361
14 2035 176 0 1788864678 651467
12 1984 500 0 1788864678 655208
13 2166 1180 0 1788864678 655371
14 2048 330 0 1788864678 656315
12 1998 682 0 1788864678 663724
14 2067 415 0 1788864678 664992
13 2183 538 0 1788864678 665022
15 1925 757 0 1788864678 675642
15 1927 340 0 1788864678 676247
15 1928 352 0 1788864678 676604
14 2094 437 0 1788864678 677750
14 2096 306 0 1788864678 678527
14 2101 379 0 1788864678 682275
15 1939 1235 0 1788864678 683643
13 2210 486 0 1788864678 684306
15 1946 320 0 1788864678 686195
14 2115 385 0 1788864678 688812
13 2220 1099 0 1788864678 691634
13 2225 1754 0 1788864678 696644
12 2045 216 0 1788864678 696866
14 2132 744 0 1788864678 697639
14 2138 941 0 1788864678 701636
14 2144 924 0 1788864678 705635
15 1982 349 0 1788864678 707662
15 1997 340 0 1788864678 720639
13 2255 465 0 1788864678 724703
14 2172 516 0 1788864678 725674
14 2179 452 0 1788864678 729233
12 2087 130 0 1788864678 730149
13 2283 202 0 1788864678 733551
13 2291 142 0 1788864678 734933
15 2049 191 0 1788864678 736252
12 2102 282 0 1788864678 738314
15 2062 338 0 1788864678 741425
13 2309 176 0 1788864678 741607
14 2219 239 0 1788864678 742877
13 2320 232 0 1788864678 743870
14 2225 360 0 1788864678 744539
13 2332 247 0 1788864678 746467
13 2336 103 0 1788864678 746991
13 2352 186 0 1788864678 749539
13 2357 211 0 1788864678 750530
12 2121 765 0 1788864678 750802
13 2376 111 0 1788864678 754179
12 2129 551 0 1788864678 755684
15 2082 827 0 1788864678 756563
14 2271 196 0 1788864678 756798
14 2277 176 0 1788864678 758020
14 2285 199 0 1788864678 759725
14 2286 169 0 1788864678 759986
15 2089 354 0 1788864678 760187
13 2415 271 0 1788864678 760817
15 2092 587 0 1788864678 761780
15 2093 292 0 1788864678 762078
13 2432 125 0 1788864678 763961
13 2439 407 0 1788864678 765776
14 2300 297 0 1788864678 767189
13 2451 283 0 1788864678 768135
13 2475 167 0 1788864678 772973
13 2477 158 0 1788864678 773231
15 2122 381 0 1788864678 774001
13 2496 95 0 1788864678 776623
13 2510 187 0 1788864678 779336
12 2161 682 0 1788864678 779628
13 2527 197 0 1788864678 782608
13 2543 180 0 1788864678 786271
13 2556 196 0 1788864678 789512
12 2180 614 0 1788864678 792382
13 2576 184 0 1788864678 792996
14 2377 251 0 1788864678 794087
12 2186 477 0 1788864678 796104
14 2384 257 0 1788864678 796442
12 2187 651 0 1788864678 796801
13 2598 241 0 1788864678 797787
12 2191 441 0 1788864678 799430
13 2606 135 0 1788864678 799438
13 2635 109 0 1788864678 803784
13 2641 81 0 1788864678 804477
13 2650 198 0 1788864678 805871
14 2408 331 0 1788864678 807001
14 2409 242 0 1788864678 807278
15 2204 680 0 1788864678 809142
13 2676 190 0 1788864678 809239
14 2417 227 0 1788864678 809940
13 2682 133 0 1788864678 810146
12 2208 735 0 1788864678 811260
15 2217 197 0 1788864678 813268
15 2224 336 0 1788864678 818476
14 2433 434 0 1788864678 818755
12 2229 377 0 1788864678 820599
13 2748 271 0 1788864678 821070
15 2237 110 0 1788864678 822466
15 2238 206 0 1788864678 822749
14 2447 308 0 1788864678 823624
13 2764 139 0 1788864678 823971
13 2770 134 0 1788864678 824739
13 2781 95 0 1788864678 826208
12 2240 635 0 1788864678 826553
13 2792 91 0 1788864678 827804
13 2794 101 0 1788864678 828053
13 2813 171 0 1788864678 831234
13 2832 150 0 1788864678 833757
13 2833 188 0 1788864678 833949
12 2255 544 0 1788864678 834054
13 2834 149 0 1788864678 834102
13 2862 229 0 1788864678 838796
15 2265 567 0 1788864678 840108
13 2884 174 0 1788864678 842529
13 2886 205 0 1788864678 842847
12 2276 534 0 1788864678 843291
13 2891 126 0 1788864678 843768
13 2893 205 0 1788864678 844244
15 2273 555 0 1788864678 845798
12 2284 403 0 1788864678 846005
13 2927 156 0 1788864678 849184
12 2347 205 0 1788864678 854832
12 2348 171 0 1788864678 855010
12 2396 66 0 1788864678 862174
12 2426 62 0 1788864678 864169
12 2435 68 0 1788864678 864810
12 2465 71 0 1788864678 867590
12 2469 63 0 1788864678 867868
15 2290 152 0 1788864678 870117
14 2498 471 0 1788864678 870351
15 2291 686 0 1788864678 870810
14 2499 1020 0 1788864678 871376
13 2948 203 0 1788864678 872251
13 2956 538 0 1788864678 875389
15 2297 1436 0 1788864678 878546
12 2522 563 0 1788864678 886078
12 2523 1743 0 1788864678 887828
15 2322 118 0 1788864678 894967
15 2334 89 0 1788864678 897071
15 2343 360 0 1788864678 899070
15 2363 326 0 1788864678 904648
13 3012 244 0 1788864678 905065
14 2553 174 0 1788864678 905340
14 2556 204 0 1788864678 906168
12 2564 312 0 1788864678 907658
14 2566 136 0 1788864678 907742
14 2572 311 0 1788864678 909256
15 2381 312 0 1788864678 909353
13 3040 278 0 1788864678 912055
15 2392 130 0 1788864678 912142
14 2583 155 0 1788864678 912246
14 2586 554 0 1788864678 913394
15 2403 89 0 1788864678 914144
14 2593 270 0 1788864678 915138
12 2611 387 0 1788864678 916873
15 2408 396 0 1788864678 917175
12 2613 260 0 1788864678 917539
15 2412 424 0 1788864678 918218
12 2628 88 0 1788864678 922042
13 3071 86 0 1788864678 922259
15 2439 384 0 1788864678 922796
12 2647 91 0 1788864678 924403
12 2652 334 0 1788864678 925341
14 2627 245 0 1788864678 925783
14 2631 242 0 1788864678 926925
14 2632 168 0 1788864678 927122
15 2469 537 0 1788864678 928083
15 2474 90 0 1788864678 928912
13 3100 376 0 1788864678 929748
15 2483 99 0 1788864678 930236
13 3108 1218 0 1788864678 932147
15 2492 275 0 1788864678 932656
12 2686 482 0 1788864678 934460
13 3118 107 0 1788864678 935019
14 2674 268 0 1788864678 938497
13 3150 202 0 1788864678 939012
13 3167 278 0 1788864678 941362
13 3177 156 0 1788864678 943901
14 2696 103 0 1788864678 944119
12 2729 382 0 1788864678 944381
14 2708 369 0 1788864678 947903
14 2714 90 0 1788864678 948910
13 3205 87 0 1788864678 951050
15 2568 271 0 1788864678 953301
12 2776 123 0 1788864678 953970
14 2757 325 0 1788864678 958729
14 2758 405 0 1788864678 959139
12 2821 103 0 1788864678 959856
13 3245 543 0 1788864678 961333
13 3247 89 0 1788864678 961540
13 3253 592 0 1788864678 966753
13 3254 344 0 1788864678 967104
14 2780 244 0 1788864678 967492
12 2846 207 0 1788864678 967903
14 2797 89 0 1788864678 971356
12 2867 256 0 1788864678 973619
14 2829 89 0 1788864678 976957
14 2837 325 0 1788864678 978916
12 2889 427 0 1788864678 979061
14 2845 293 0 1788864678 981943
15 2665 106 0 1788864678 981949
13 3308 250 0 1788864678 983124
14 2850 313 0 1788864678 983394
13 3314 421 0 1788864678 989234
13 3329 127 0 1788864678 992725
12 2931 4407 0 1788864678 994927
13 3348 111 0 1788864678 995863
14 2875 130 0 1788864678 996949
13 3362 79 0 1788864678 997987
13 3371 0 0 1788864678 998933
13 3376 77 0 1788864678 999452
14 2889 260 0 1788864678 999531
15 2733 347 0 1788864678 999993
15 2734 493 0 1788864679 509
13 3385 720 0 1788864679 4657
12 2958 423 0 1788864679 5086
13 3386 415 0 1788864679 5094
13 3387 389 0 1788864679 5672
13 3389 250 0 1788864679 6348
12 2968 247 0 1788864679 8271
14 2916 117 0 1788864679 9968
14 2919 215 0 1788864679 10968
15 2762 532 0 1788864679 13199
13 3411 237 0 1788864679 13354
15 2770 274 0 1788864679 15216
15 2771 232 0 1788864679 15453
15 2772 295 0 1788864679 15753
15 2773 101 0 1788864679 15859
15 2786 307 0 1788864679 20557
12 3013 383 0 1788864679 21053
15 2788 309 0 1788864679 21170
12 3016 422 0 1788864679 21901
12 3021 103 0 1788864679 22544
15 2796 489 0 1788864679 23663
13 3455 88 0 1788864679 24139
13 3465 230 0 1788864679 26455
14 2979 0 0 1788864679 29251
15 2807 471 0 1788864679 29288
13 3489 309 0 1788864679 35400
13 3490 88 0 1788864679 35492
14 2998 172 0 1788864679 36982
14 3006 91 0 1788864679 37876
15 2825 228 0 1788864679 40289
14 3031 499 0 1788864679 43496
15 2853 284 0 1788864679 47914
15 2862 439 0 1788864679 50254
13 3571 273 0 1788864679 51192
15 2870 309 0 1788864679 52631
12 3149 277 0 1788864679 53770
14 3073 0 0 1788864679 53891
12 3151 630 0 1788864679 54730
15 2874 847 0 1788864679 54741
13 3586 769 0 1788864679 56841
15 2884 283 0 1788864679 58396
13 3601 209 0 1788864679 60985
14 3093 357 0 1788864679 61104
15 2899 167 0 1788864679 62221
12 3196 241 0 1788864679 62366
12 3200 99 0 1788864679 63243
14 3103 170 0 1788864679 63864
13 3618 91 0 1788864679 65473
15 2916 239 0 1788864679 66113
14 3112 305 0 1788864679 66228
13 3635 217 0 1788864679 67785
14 3119 134 0 1788864679 67895
15 2925 272 0 1788864679 67977
12 3252 120 0 1788864679 75044
12 3254 116 0 1788864679 75404
12 3257 99 0 1788864679 75751
15 2959 90 0 1788864679 76305
13 3673 158 0 1788864679 77228
14 3155 292 0 1788864679 78052
15 2970 0 0 1788864679 78538
14 3159 199 0 1788864679 78956
13 3683 286 0 1788864679 79650
15 2979 0 0 1788864679 80182
13 3686 354 0 1788864679 80592
13 3694 298 0 1788864679 82542
12 3288 212 0 1788864679 82927
15 2998 177 0 1788864679 83179
14 3185 250 0 1788864679 85101
13 3710 351 0 1788864679 85807
13 3711 208 0 1788864679 86024
14 3201 287 0 1788864679 90867
14 3203 203 0 1788864679 91149
12 3317 95 0 1788864679 91249
14 3204 256 0 1788864679 91444
13 3730 158 0 1788864679 92229
13 3731 242 0 1788864679 92476
15 3036 115 0 1788864679 92680
12 3323 218 0 1788864679 92901
15 3051 87 0 1788864679 95155
14 3227 108 0 1788864679 96880
14 3229 87 0 1788864679 97141
13 3755 274 0 1788864679 98263
12 3347 260 0 1788864679 98725
13 3758 145 0 1788864679 99025
12 3359 166 0 1788864679 102767
12 3399 156 0 1788864679 115361
12 3410 356 0 1788864679 118775
15 3133 217 0 1788864679 122229
12 3424 0 0 1788864679 122879
15 3137 324 0 1788864679 124304
15 3139 441 0 1788864679 125482
12 3446 261 0 1788864679 131757
15 3159 0 0 1788864679 132809
14 3316 164 0 1788864679 132875
13 3866 552 0 1788864679 135464
15 3170 0 0 1788864679 136617
13 3870 838 0 1788864679 138648
12 3469 920 0 1788864679 140486
12 3472 319 0 1788864679 141678
12 3475 0 0 1788864679 143582
12 3480 115 0 1788864679 145821
15 3184 508 0 1788864679 146176
13 3885 208 0 1788864679 146531
13 3886 209 0 1788864679 146745
14 3351 80 0 1788864679 147859
12 3493 140 0 1788864679 148329
14 3358 271 0 1788864679 149165
12 3498 91 0 1788864679 149227
13 3902 272 0 1788864679 149380
12 3500 158 0 1788864679 149546
12 3501 393 0 1788864679 149946
15 3212 81 0 1788864679 151751
15 3218 66 0 1788864679 152411
15 3222 248 0 1788864679 152927
15 3228 124 0 1788864679 153678
14 3370 3244 0 1788864679 154386
12 3534 594 0 1788864679 164077
15 3261 317 0 1788864679 167278
14 3414 103 0 1788864679 167388
13 3945 2241 0 1788864679 169740
14 3421 289 0 1788864679 171555
15 3293 317 0 1788864679 177958
12 3580 275 0 1788864679 180316
14 3480 204 0 1788864679 184659
12 3597 274 0 1788864679 185346
15 3329 232 0 1788864679 189141
13 4009 253 0 1788864679 189564
15 3332 276 0 1788864679 189943
14 3511 274 0 1788864679 192997
12 3626 287 0 1788864679 193393
12 3628 298 0 1788864679 194016
13 4029 384 0 1788864679 195483
14 3526 279 0 1788864679 195790
15 3358 376 0 1788864679 197548
15 3363 261 0 1788864679 199172
14 3541 200 0 1788864679 201454
15 3384 252 0 1788864679 205141
12 3669 272 0 1788864679 206403
12 3675 302 0 1788864679 208096
12 3685 209 0 1788864679 211382
14 3586 504 0 1788864679 215767
14 3593 176 0 1788864679 219663
13 4116 148 0 1788864679 222035
13 4128 110 0 1788864679 223842
12 3739 0 0 1788864679 227315
14 3628 318 0 1788864679 236643
14 3632 157 0 1788864679 238070
12 3757 434 0 1788864679 239298
12 3759 147 0 1788864679 241058
12 3766 190 0 1788864679 247999
14 3645 147 0 1788864679 248450
12 3770 217 0 1788864679 248715
14 3648 80 0 1788864679 248954
12 3776 101 0 1788864679 250230
14 3657 261 0 1788864679 252354
12 3789 76 0 1788864679 252527
14 3662 187 0 1788864679 253369
14 3672 252 0 1788864679 255815
13 4230 354 0 1788864679 256950
15 3508 210 0 1788864679 258315
14 3685 242 0 1788864679 258683
14 3688 207 0 1788864679 259425
12 3848 130 0 1788864679 259870
14 3693 228 0 1788864679 260690
12 3853 247 0 1788864679 260798
12 3857 125 0 1788864679 261305
13 4259 113 0 1788864679 261313
14 3696 216 0 1788864679 261570
12 3865 102 0 1788864679 262500
13 4268 137 0 1788864679 262796
14 3712 206 0 1788864679 265325
14 3716 243 0 1788864679 266303
15 3543 222 0 1788864679 266893
14 3720 205 0 1788864679 267231
12 3905 103 0 1788864679 268250
15 3564 199 0 1788864679 271383
14 3740 174 0 1788864679 271478
12 3946 146 0 1788864679 273109
12 3954 175 0 1788864679 274265
12 3962 135 0 1788864679 275501
12 3973 168 0 1788864679 277093
15 3588 261 0 1788864679 277205
13 4342 153 0 1788864679 278668
12 3992 131 0 1788864679 279672
12 3994 97 0 1788864679 279971
14 3778 207 0 1788864679 280554
12 4002 204 0 1788864679 281167
13 4359 126 0 1788864679 282346
15 3615 206 0 1788864679 283728
15 3616 210 0 1788864679 283942
14 3795 190 0 1788864679 284684
14 3799 198 0 1788864679 285528
13 4369 215 0 1788864679 286754
14 3812 0 0 1788864679 287756
13 4376 189 0 1788864679 288755
13 4377 110 0 1788864679 288887
13 4378 173 0 1788864679 289068
14 3830 102 0 1788864679 290147
12 4062 209 0 1788864679 290508
14 3833 105 0 1788864679 290515
15 3650 137 0 1788864679 291054
12 4081 235 0 1788864679 293734
12 4082 258 0 1788864679 294000
12 4083 101 0 1788864679 294109
14 3864 0 0 1788864679 294324
15 3671 275 0 1788864679 296296
14 3891 119 0 1788864679 297680
14 3904 85 0 1788864679 299267
13 4431 176 0 1788864679 300470
15 3694 250 0 1788864679 301722
12 4122 253 0 1788864679 302962
14 3950 85 0 1788864679 305126
12 4134 115 0 1788864679 305567
14 3955 83 0 1788864679 305936
12 4139 143 0 1788864679 306793
14 3966 109 0 1788864679 307297
15 3720 215 0 1788864679 308506
13 4493 207 0 1788864679 311455
15 3732 358 0 1788864679 311729
14 4001 164 0 1788864679 311872
14 4005 111 0 1788864679 312353
14 4007 106 0 1788864679 312606
12 4172 231 0 1788864679 314070
14 4022 101 0 1788864679 314402
12 4192 160 0 1788864679 318017
13 4524 290 0 1788864679 318023
12 4195 222 0 1788864679 318634
15 3765 104 0 1788864679 318641
15 3769 109 0 1788864679 319142
13 4537 181 0 1788864679 320719
15 3787 115 0 1788864679 321619
13 4541 173 0 1788864679 321652
15 3798 81 0 1788864679 323380
14 4073 252 0 1788864679 323989
12 4221 199 0 1788864679 324288
12 4222 0 0 1788864679 324376
14 4080 94 0 1788864679 325510
12 4228 217 0 1788864679 325867
12 4232 217 0 1788864679 326608
15 3820 213 0 1788864679 327036
13 4570 126 0 1788864679 327501
13 4571 169 0 1788864679 327678
12 4241 98 0 1788864679 327867
12 4245 148 0 1788864679 328470
15 3830 220 0 1788864679 328735
12 4255 165 0 1788864679 329812
12 4257 138 0 1788864679 330106
13 4588 144 0 1788864679 330423
15 3844 150 0 1788864679 331185
12 4272 0 0 1788864679 332348
15 3860 130 0 1788864679 334365
14 4131 151 0 1788864679 335076
12 4291 153 0 1788864679 335172
12 4296 104 0 1788864679 335728
14 4141 164 0 1788864679 336764
12 4307 147 0 1788864679 337207
15 3882 149 0 1788864679 338554
14 4156 161 0 1788864679 339268
14 4160 195 0 1788864679 339978
14 4192 115 0 1788864679 345631
12 4373 82 0 1788864679 346531
13 4670 190 0 1788864679 346539
13 4674 133 0 1788864679 347142
12 4380 100 0 1788864679 347494
12 4391 140 0 1788864679 349030
15 3941 94 0 1788864679 349042
15 3945 200 0 1788864679 349710
14 4219 113 0 1788864679 350439
15 3956 109 0 1788864679 352418
15 3978 219 0 1788864679 356736
14 4253 200 0 1788864679 357287
14 4258 211 0 1788864679 358212
13 4714 897 0 1788864679 358416
14 4261 200 0 1788864679 358847
12 4472 220 0 1788864679 359907
15 4014 136 0 1788864679 361029
14 4294 128 0 1788864679 363722
15 4031 189 0 1788864679 363827
14 4297 79 0 1788864679 364024
14 4298 99 0 1788864679 364130
14 4299 124 0 1788864679 364257
14 4307 203 0 1788864679 365961
13 4735 1314 0 1788864679 367539
14 4311 470 0 1788864679 370546
14 4324 218 0 1788864679 375801
12 4528 143 0 1788864679 376242
12 4532 81 0 1788864679 377029
15 4078 79 0 1788864679 377946
14 4335 272 0 1788864679 378034
12 4546 261 0 1788864679 379951
13 4767 202 0 1788864679 380830
13 4768 184 0 1788864679 381022
12 4553 243 0 1788864679 381494
15 4126 89 0 1788864679 383097
15 4131 83 0 1788864679 383639
14 4359 248 0 1788864679 384169
14 4364 243 0 1788864679 385258
12 4569 268 0 1788864679 385617
14 4369 227 0 1788864679 386534
12 4579 188 0 1788864679 387536
15 4168 95 0 1788864679 387677
14 4381 206 0 1788864679 389181
14 4386 215 0 1788864679 390269
14 4390 82 0 1788864679 390915
14 4391 99 0 1788864679 391021
15 4199 278 0 1788864679 391822
14 4397 284 0 1788864679 392270
14 4407 211 0 1788864679 397136
12 4627 246 0 1788864679 399716
14 4428 137 0 1788864679 401051
15 4238 189 0 1788864679 401060
14 4431 147 0 1788864679 401619
15 4250 95 0 1788864679 402399
15 4252 101 0 1788864679 402770
12 4663 193 0 1788864679 405791
14 4459 187 0 1788864679 406274
15 4276 197 0 1788864679 407565
14 4480 174 0 1788864679 410760
14 4503 196 0 1788864679 415197
12 4715 135 0 1788864679 415383
13 4875 203 0 1788864679 415468
15 4336 75 0 1788864679 416170
13 4879 283 0 1788864679 416662
15 4343 86 0 1788864679 416917
12 4733 147 0 1788864679 418654
13 4893 222 0 1788864679 419685
12 4739 161 0 1788864679 419824
14 4530 239 0 1788864679 420458
13 4900 184 0 1788864679 421133
13 4904 274 0 1788864679 423924
13 4905 400 0 1788864679 424330
15 4390 175 0 1788864679 427626
15 4394 142 0 1788864679 428294
15 4402 220 0 1788864679 429842
13 4936 206 0 1788864679 431250
12 4783 277 0 1788864679 432705
13 4949 221 0 1788864679 434196
15 4421 227 0 1788864679 434600
14 4598 163 0 1788864679 435863
15 4426 376 0 1788864679 436097
14 4601 351 0 1788864679 436560
15 4435 284 0 1788864679 438969
13 4984 110 0 1788864679 442391
13 4985 185 0 1788864679 442581
13 4991 225 0 1788864679 443972
13 4992 208 0 1788864679 444202
15 4451 304 0 1788864679 444390
14 4639 304 0 1788864679 448761
13 5018 228 0 1788864679 450627
14 4646 92 0 1788864679 451003
13 5022 106 0 1788864679 451114
15 4473 366 0 1788864679 451121
12 4848 303 0 1788864679 452443
14 4651 310 0 1788864679 452540
15 4481 287 0 1788864679 453508
15 4484 267 0 1788864679 454389
12 4859 263 0 1788864679 455316
15 4490 228 0 1788864679 456055
15 4506 197 0 1788864679 459222
14 4679 133 0 1788864679 459258
14 4689 0 0 1788864679 460909
15 4519 179 0 1788864679 461548
12 4898 178 0 1788864679 462711
12 4917 151 0 1788864679 466403
15 4550 166 0 1788864679 467803
14 4739 241 0 1788864679 468178
12 4930 232 0 1788864679 468937
15 4557 196 0 1788864679 469403
14 4745 198 0 1788864679 469492
14 4751 248 0 1788864679 470725
14 4752 95 0 1788864679 470853
14 4774 188 0 1788864679 474717
15 4584 314 0 1788864679 475419
14 4777 275 0 1788864679 475597
12 4973 108 0 1788864679 476007
12 4976 95 0 1788864679 476779
12 4982 84 0 1788864679 477418
14 4798 297 0 1788864679 485917
12 5015 304 0 1788864679 486340
13 5078 251 0 1788864679 488176
14 4805 340 0 1788864679 488289
15 4621 638 0 1788864679 490474
12 5030 218 0 1788864679 491713
15 4625 528 0 1788864679 491836
15 4646 277 0 1788864679 498065
15 4650 329 0 1788864679 499384
15 4652 428 0 1788864679 500151
12 5079 278 0 1788864679 506937
12 5080 277 0 1788864679 507219
15 4676 280 0 1788864679 507316
15 4679 285 0 1788864679 508204
15 4683 279 0 1788864679 509541
12 5097 329 0 1788864679 513291
15 4694 325 0 1788864679 513418
14 4883 399 0 1788864679 513595
14 4907 284 0 1788864679 521887
15 4721 306 0 1788864679 522923
15 4722 305 0 1788864679 523232
13 5158 206 0 1788864679 526464
14 4924 331 0 1788864679 527328
15 4736 448 0 1788864679 527887
14 4928 283 0 1788864679 528706
13 5176 86 0 1788864679 531120
13 5177 120 0 1788864679 531246
13 5180 113 0 1788864679 531631
14 4943 510 0 1788864679 533652
14 4945 279 0 1788864679 534215
15 4767 274 0 1788864679 537502
15 4768 306 0 1788864679 537813
12 5185 284 0 1788864679 541755
12 5200 296 0 1788864679 546266
12 5201 276 0 1788864679 546547
14 4993 89 0 1788864679 548142
15 4807 330 0 1788864679 549571
12 5214 299 0 1788864679 550353
14 5002 282 0 1788864679 551031
12 5217 287 0 1788864679 551224
14 5005 179 0 1788864679 551756
13 5210 435 0 1788864679 552688
14 5009 186 0 1788864679 552977
15 4838 295 0 1788864679 558554
12 5242 530 0 1788864679 558882
15 4844 303 0 1788864679 560355
14 5039 329 0 1788864679 562273
12 5265 305 0 1788864679 566038
13 5233 516 0 1788864679 569496
13 5236 489 0 1788864679 571466
15 4879 395 0 1788864679 571680
13 5239 208 0 1788864679 572697
12 5290 312 0 1788864679 574028
12 5298 322 0 1788864679 576378
14 5086 383 0 1788864679 577200
12 5310 455 0 1788864679 580164
12 5321 300 0 1788864679 583396
13 5254 1356 0 1788864679 583492
14 5110 315 0 1788864679 584826
15 4923 277 0 1788864679 585311
12 5336 325 0 1788864679 588199
15 4933 328 0 1788864679 588648
15 4937 288 0 1788864679 589890
14 5133 403 0 1788864679 592291
13 5299 118 0 1788864679 593091
14 5137 193 0 1788864679 593334
13 5313 222 0 1788864679 595414
15 4951 391 0 1788864679 595422
14 5159 99 0 1788864679 597691
14 5164 142 0 1788864679 598409
13 5331 197 0 1788864679 600655
12 5381 312 0 1788864679 601211
12 5382 303 0 1788864679 601520
14 5180 82 0 1788864679 602880
14 5181 266 0 1788864679 603150
12 5389 240 0 1788864679 603506
14 5197 230 0 1788864679 607529
13 5364 215 0 1788864679 608170
14 5200 383 0 1788864679 608452
15 4990 295 0 1788864679 609290
14 5204 401 0 1788864679 610128
13 5379 180 0 1788864679 611519
13 5387 267 0 1788864679 614414
14 5216 320 0 1788864679 614845
14 5218 307 0 1788864679 615429
13 5399 91 0 1788864679 618826
12 5441 264 0 1788864679 620392
12 5451 86 0 1788864679 622951
15 5033 272 0 1788864679 623048
12 5459 173 0 1788864679 625131
12 5472 350 0 1788864679 628657
14 5267 264 0 1788864679 629544
12 5489 261 0 1788864679 633132
12 5491 173 0 1788864679 633572
13 5411 175 0 1788864679 639121
12 5514 287 0 1788864679 639889
13 5421 194 0 1788864679 641762
12 5527 298 0 1788864679 643795
14 5321 286 0 1788864679 644779
15 5113 282 0 1788864679 645155
13 5439 158 0 1788864679 645848
13 5440 223 0 1788864679 646079
14 5327 291 0 1788864679 646662
15 5123 258 0 1788864679 648114
13 5448 306 0 1788864679 648141
12 5544 374 0 1788864679 648961
12 5554 384 0 1788864679 652045
13 5463 278 0 1788864679 653210
15 5164 270 0 1788864679 660619
14 5376 290 0 1788864679 661484
13 5503 276 0 1788864679 661582
15 5172 315 0 1788864679 662863
13 5513 204 0 1788864679 663860
15 5178 279 0 1788864679 664855
15 5179 97 0 1788864679 664978
14 5407 291 0 1788864679 670816
12 5626 314 0 1788864679 673373
15 5208 285 0 1788864679 673955
15 5214 288 0 1788864679 675714
12 5638 307 0 1788864679 676806
15 5226 482 0 1788864679 679293
12 5664 264 0 1788864679 684197
15 5250 232 0 1788864679 685892
15 5265 304 0 1788864679 690353
13 5590 92 0 1788864679 690473
15 5274 314 0 1788864679 693151
13 5620 115 0 1788864679 694626
13 5629 97 0 1788864679 695683
13 5632 86 0 1788864679 696013
13 5635 85 0 1788864679 696333
13 5639 106 0 1788864679 696775
13 5648 112 0 1788864679 697781
13 5649 112 0 1788864679 697897
12 5714 284 0 1788864679 699376
13 5660 810 0 1788864679 706907
13 5669 179 0 1788864679 708353
12 5723 308 0 1788864679 708666
15 5312 400 0 1788864679 711678
13 5691 123 0 1788864679 712406
14 5529 269 0 1788864679 713594
13 5697 382 0 1788864679 714381
14 5540 263 0 1788864679 717078
13 5718 126 0 1788864679 717723
12 5755 273 0 1788864679 718700
12 5762 303 0 1788864679 720650
13 5724 377 0 1788864679 720747
12 5763 287 0 1788864679 720943
13 5726 105 0 1788864679 721231
13 5738 95 0 1788864679 722631
13 5745 108 0 1788864679 723438
13 5768 107 0 1788864679 726345
13 5771 112 0 1788864679 726682
12 5787 324 0 1788864679 729078
15 5374 266 0 1788864679 730986
13 5816 135 0 1788864679 732749
15 5380 323 0 1788864679 732960
12 5801 321 0 1788864679 733510
15 5382 311 0 1788864679 733626
13 5829 106 0 1788864679 734180
14 5603 265 0 1788864679 736518
14 5610 302 0 1788864679 738601
12 5819 335 0 1788864679 738724
13 5850 107 0 1788864679 739967
12 5823 323 0 1788864679 740076
12 5826 322 0 1788864679 741117
13 5885 112 0 1788864679 744031
13 5895 106 0 1788864679 745572
15 5420 323 0 1788864679 745807
13 5899 104 0 1788864679 746025
12 5841 313 0 1788864679 746342
13 5909 405 0 1788864679 747512
15 5426 313 0 1788864679 747962
13 5921 106 0 1788864679 749149
13 5928 84 0 1788864679 749931
14 5643 451 0 1788864679 750150
14 5647 317 0 1788864679 751308
15 5438 266 0 1788864679 751773
12 5858 265 0 1788864679 751950
12 5863 292 0 1788864679 753377
14 5658 264 0 1788864679 754410
12 5868 274 0 1788864679 754776
12 5871 103 0 1788864679 755449
14 5663 328 0 1788864679 755890
15 5473 293 0 1788864679 761987
13 5968 288 0 1788864679 762987
15 5487 280 0 1788864679 766061
15 5495 275 0 1788864679 768671
15 5508 195 0 1788864679 772583
12 5930 333 0 1788864679 773152
15 5514 264 0 1788864679 774566
13 6062 106 0 1788864679 778860
13 6066 86 0 1788864679 779288
13 6089 632 0 1788864679 782455
14 5751 312 0 1788864679 783014
12 5977 271 0 1788864679 787942
13 6112 117 0 1788864679 788709
15 5564 266 0 1788864679 790189
13 6126 89 0 1788864679 791138
13 6132 89 0 1788864679 791801
13 6175 104 0 1788864679 796800
14 5796 304 0 1788864679 797129
14 5798 308 0 1788864679 797777
13 6190 104 0 1788864679 798425
12 6011 331 0 1788864679 798869
15 5597 318 0 1788864679 800888
14 5813 409 0 1788864679 802555
13 6233 201 0 1788864679 806018
15 5613 434 0 1788864679 806028
15 5618 313 0 1788864679 807665
12 6043 443 0 1788864679 809076
14 5836 303 0 1788864679 810132
14 5837 297 0 1788864679 810451
14 5841 270 0 1788864679 811605
14 5842 280 0 1788864679 811894
14 5846 293 0 1788864679 812928
12 6060 302 0 1788864679 814578
14 5852 293 0 1788864679 815008
14 5859 256 0 1788864679 817103
12 6073 303 0 1788864679 818321
15 5652 295 0 1788864679 818433
14 5879 298 0 1788864679 822617
14 5884 319 0 1788864679 824183
15 5675 191 0 1788864679 825067
13 6368 120 0 1788864679 825588
13 6379 83 0 1788864679 826889
13 6386 93 0 1788864679 827608
12 6104 304 0 1788864679 827716
15 5687 316 0 1788864679 829029
15 5692 295 0 1788864679 830572
13 6411 106 0 1788864679 830682
14 5905 395 0 1788864679 831101
13 6431 99 0 1788864679 833087
15 5702 294 0 1788864679 833508
12 6123 315 0 1788864679 833615
15 5704 292 0 1788864679 834140
13 6447 121 0 1788864679 834935
14 5920 259 0 1788864679 835649
14 5932 445 0 1788864679 838821
12 6146 299 0 1788864679 840033
13 6474 99 0 1788864679 840546
13 6499 73 0 1788864679 843183
14 5948 182 0 1788864679 843461
14 5958 117 0 1788864679 845560
15 5746 223 0 1788864679 846080
12 6174 222 0 1788864679 846707
13 6528 99 0 1788864679 847928
15 5768 84 0 1788864679 849506
12 6184 370 0 1788864679 849917
15 5774 122 0 1788864679 850173
13 6546 696 0 1788864679 852568
15 5796 134 0 1788864679 854172
14 5988 294 0 1788864679 854799
13 6547 2252 0 1788864679 855006
12 6205 173 0 1788864679 855184
12 6206 239 0 1788864679 855426
13 6557 116 0 1788864679 856450
15 5815 191 0 1788864679 858488
14 6009 194 0 1788864679 859616
13 6567 110 0 1788864679 860625
15 5831 209 0 1788864679 862067
12 6236 196 0 1788864679 863420
15 5844 255 0 1788864679 866949
15 5858 341 0 1788864679 876361
14 6052 309 0 1788864679 878679
12 6272 294 0 1788864679 883170
12 6275 293 0 1788864679 884096
14 6064 316 0 1788864679 884744
14 6065 420 0 1788864679 885169
13 6625 428 0 1788864679 885428
13 6632 441 0 1788864679 888555
14 6102 303 0 1788864679 899647
13 6678 349 0 1788864679 905211
13 6680 354 0 1788864679 905916
14 6120 456 0 1788864679 906139
13 6682 325 0 1788864679 906541
13 6686 433 0 1788864679 907895
12 6338 390 0 1788864679 908054
14 6128 291 0 1788864679 908493
13 6694 341 0 1788864679 910639
14 6135 307 0 1788864679 910862
14 6139 289 0 1788864679 912279
14 6143 343 0 1788864679 913624
13 6703 352 0 1788864679 913801
12 6367 300 0 1788864679 917615
12 6368 349 0 1788864679 917969
15 5969 269 0 1788864679 918310
15 5971 293 0 1788864679 918851
12 6375 338 0 1788864679 920101
14 6162 401 0 1788864679 920246
15 5982 367 0 1788864679 922681
14 6173 594 0 1788864679 923765
14 6186 351 0 1788864679 927483
15 6004 272 0 1788864679 929363
13 6753 279 0 1788864679 929784
15 6008 274 0 1788864679 930584
13 6759 259 0 1788864679 931528
15 6012 333 0 1788864679 931932
15 6014 364 0 1788864679 932552
12 6416 320 0 1788864679 932704
13 6762 359 0 1788864679 932827
12 6424 295 0 1788864679 935579
13 6772 296 0 1788864679 936643
13 6776 312 0 1788864679 937817
13 6778 324 0 1788864679 938332
13 6780 326 0 1788864679 939009
12 6462 460 0 1788864679 953430
12 6475 473 0 1788864679 959291
14 6259 525 0 1788864679 959431
14 6267 498 0 1788864679 962476
12 6487 352 0 1788864679 963818
12 6489 337 0 1788864679 964505
12 6491 682 0 1788864679 965549
12 6492 347 0 1788864679 965901
15 6089 442 0 1788864679 966864
15 6091 349 0 1788864679 967990
12 6507 349 0 1788864679 971157
14 6293 352 0 1788864679 971773
15 6102 365 0 1788864679 972317
13 6859 361 0 1788864679 972767
12 6513 368 0 1788864679 972948
15 6106 550 0 1788864679 973887
13 6868 357 0 1788864679 975937
13 6872 389 0 1788864679 977296
15 6117 362 0 1788864679 977841
12 6534 182 0 1788864679 980776
13 6881 379 0 1788864679 980887
12 6536 379 0 1788864679 981569
14 6326 427 0 1788864679 984579
13 6891 412 0 1788864679 985572
15 6138 436 0 1788864679 985872
13 6897 362 0 1788864679 987517
15 6150 678 0 1788864679 991361
15 6152 389 0 1788864679 992283
13 6908 389 0 1788864679 992580
12 6562 469 0 1788864679 992956
14 6368 444 0 1788864680 4849
15 6180 334 0 1788864680 5005
12 6587 304 0 1788864680 5584
14 6381 286 0 1788864680 8427
12 6598 292 0 1788864680 8542
14 6386 204 0 1788864680 10009
12 6604 311 0 1788864680 10414
12 6613 0 0 1788864680 13450
12 6615 0 0 1788864680 14626
12 6629 4720 0 1788864680 23196
12 6633 467 0 1788864680 26106
12 6640 292 0 1788864680 28864
13 6995 549 0 1788864680 29299
15 6271 334 0 1788864680 33313
15 6273 405 0 1788864680 34075
14 6450 242 0 1788864680 34619
12 6656 396 0 1788864680 34717
12 6659 448 0 1788864680 35877
14 6465 412 0 1788864680 40129
12 6683 372 0 1788864680 45353
12 6686 81 0 1788864680 46059
15 6314 340 0 1788864680 49218
13 7049 1250 0 1788864680 50907
12 6698 477 0 1788864680 51204
12 6708 355 0 1788864680 54683
12 6709 421 0 1788864680 55109
14 6505 401 0 1788864680 55955
14 6511 341 0 1788864680 58160
14 6512 340 0 1788864680 58505
14 6513 354 0 1788864680 58863
13 7078 342 0 1788864680 61264
12 6725 349 0 1788864680 61356
15 6345 356 0 1788864680 61534
15 6361 369 0 1788864680 67171
12 6746 543 0 1788864680 68842
14 6541 405 0 1788864680 69191
12 6752 358 0 1788864680 70826
12 6754 346 0 1788864680 71525
13 7109 359 0 1788864680 72853
13 7117 350 0 1788864680 75659
15 6387 353 0 1788864680 76787
12 6776 277 0 1788864680 79355
14 6569 635 0 1788864680 79625
14 6570 87 0 1788864680 79716
13 7130 345 0 1788864680 80294
13 7132 347 0 1788864680 80997
12 6794 352 0 1788864680 87360
13 7155 357 0 1788864680 90934
14 6599 353 0 1788864680 91113
14 6600 344 0 1788864680 91462
14 6603 343 0 1788864680 92516
14 6604 351 0 1788864680 92871
12 6812 367 0 1788864680 93860
14 6609 372 0 1788864680 94960
12 6816 427 0 1788864680 96035
15 6442 175 0 1788864680 97747
14 6629 328 0 1788864680 102332
13 7186 358 0 1788864680 102999
15 6465 362 0 1788864680 111455
13 7200 371 0 1788864680 114894
14 6650 383 0 1788864680 116062
12 6869 989 0 1788864680 132094
12 6871 369 0 1788864680 132557
13 7224 362 0 1788864680 133764
12 6877 591 0 1788864680 134975
15 6503 360 0 1788864680 136160
14 6679 352 0 1788864680 137891
15 6508 900 0 1788864680 138973
13 7235 438 0 1788864680 139500
15 6516 373 0 1788864680 142803
13 7250 348 0 1788864680 145274
12 6906 342 0 1788864680 146802
13 7256 340 0 1788864680 147778
13 7257 344 0 1788864680 148126
15 6532 863 0 1788864680 149167
15 6533 88 0 1788864680 149260
12 6914 511 0 1788864680 151829
13 7265 455 0 1788864680 152731
13 7269 888 0 1788864680 154700
15 6549 355 0 1788864680 156726
13 7276 347 0 1788864680 157254
14 6734 331 0 1788864680 162792
13 7293 340 0 1788864680 166216
15 6572 336 0 1788864680 167427
15 6573 349 0 1788864680 167781
12 6950 355 0 1788864680 167873
13 7303 616 0 1788864680 170928
13 7305 352 0 1788864680 171651
12 6958 361 0 1788864680 171833
15 6581 263 0 1788864680 172190
13 7311 346 0 1788864680 173761
12 6963 319 0 1788864680 173994
12 6969 418 0 1788864680 178336
12 6973 357 0 1788864680 179187
12 6983 833 0 1788864680 186317
15 6604 868 0 1788864680 186330
13 7330 0 0 1788864680 188880
12 6996 851 0 1788864680 196638
12 6997 1222 0 1788864680 197877
13 7352 1161 0 1788864680 201068
13 7354 273 0 1788864680 202172
14 6797 257 0 1788864680 202182
15 6622 436 0 1788864680 204244
13 7361 223 0 1788864680 205426
15 6625 354 0 1788864680 206852
12 7024 507 0 1788864680 213091
13 7372 437 0 1788864680 214545
13 7375 535 0 1788864680 215852
13 7388 146 0 1788864680 221942
14 6841 100 0 1788864680 222227
15 6663 125 0 1788864680 223127
15 6665 112 0 1788864680 223426
13 7401 307 0 1788864680 223873
12 7057 0 0 1788864680 224458
15 6669 439 0 1788864680 224575
15 6694 536 0 1788864680 230898
15 6698 103 0 1788864680 232000
15 6705 447 0 1788864680 235362
12 7092 761 0 1788864680 235878
14 6889 0 0 1788864680 240204
15 6714 267 0 1788864680 241176
13 7453 13332 0 1788864680 266021
15 6735 316 0 1788864680 271149
14 6914 548 0 1788864680 273060
15 6742 474 0 1788864680 274848
13 7480 283 0 1788864680 276573
15 6753 495 0 1788864680 280529
12 7146 312 0 1788864680 281202
14 6941 510 0 1788864680 286711
15 6766 553 0 1788864680 287579
12 7167 526 0 1788864680 292847
12 7168 520 0 1788864680 293374
13 7580 251 0 1788864680 303520
13 7582 267 0 1788864680 304223
14 6973 363 0 1788864680 305136
14 6988 410 0 1788864680 313686
13 7626 113 0 1788864680 314973
15 6822 515 0 1788864680 318630
13 7641 90 0 1788864680 319101
13 7647 125 0 1788864680 320385
13 7651 307 0 1788864680 321393
13 7663 454 0 1788864680 325528
14 7010 731 0 1788864680 325783
14 7011 485 0 1788864680 326271
15 6842 542 0 1788864680 330030
13 7680 214 0 1788864680 330269
14 7021 680 0 1788864680 331877
15 6848 391 0 1788864680 333275
13 7703 159 0 1788864680 335513
15 6857 434 0 1788864680 338261
14 7035 352 0 1788864680 340046
15 6863 464 0 1788864680 341353
14 7052 404 0 1788864680 349047
13 7762 281 0 1788864680 351070
15 6886 331 0 1788864680 351604
12 7282 288 0 1788864680 352203
12 7285 392 0 1788864680 353042
14 7071 312 0 1788864680 354623
13 7800 245 0 1788864680 359331
13 7803 269 0 1788864680 360169
13 7819 589 0 1788864680 370747
15 6928 2011 0 1788864680 372638
14 7126 289 0 1788864680 384870
12 7348 319 0 1788864680 385569
15 6953 182 0 1788864680 385961
14 7142 297 0 1788864680 389650
15 6971 283 0 1788864680 391406
15 6974 197 0 1788864680 392227
13 7861 492 0 1788864680 392617
12 7381 275 0 1788864680 395315
12 7386 294 0 1788864680 398130
14 7178 262 0 1788864680 401554
12 7400 356 0 1788864680 402036
12 7407 290 0 1788864680 404012
14 7191 285 0 1788864680 405245
12 7412 291 0 1788864680 405449
13 7886 448 0 1788864680 405721
13 7887 450 0 1788864680 406192
15 7018 261 0 1788864680 406482
15 7027 287 0 1788864680 409065
15 7028 271 0 1788864680 409362
15 7031 273 0 1788864680 410360
15 7037 291 0 1788864680 412130
13 7904 293 0 1788864680 412899
15 7041 266 0 1788864680 413285
13 7914 360 0 1788864680 416113
15 7056 436 0 1788864680 417776
15 7058 290 0 1788864680 418434
15 7062 318 0 1788864680 419820
14 7245 284 0 1788864680 421449
15 7074 263 0 1788864680 422999
14 7251 290 0 1788864680 423382
15 7078 284 0 1788864680 424173
12 7476 292 0 1788864680 424378
14 7256 289 0 1788864680 424867
15 7082 288 0 1788864680 425269
12 7484 300 0 1788864680 426883
12 7493 285 0 1788864680 429960
12 7502 261 0 1788864680 432458
15 7118 281 0 1788864680 436454
14 7294 266 0 1788864680 436547
15 7123 301 0 1788864680 437907
15 7127 293 0 1788864680 439124
15 7138 269 0 1788864680 442548
14 7317 301 0 1788864680 443699
14 7327 265 0 1788864680 446501
13 8016 381 0 1788864680 446528
14 7339 468 0 1788864680 449916
13 8030 285 0 1788864680 451865
13 8037 263 0 1788864680 453387
13 8042 313 0 1788864680 454708
13 8055 107 0 1788864680 457487
14 7362 300 0 1788864680 458043
15 7188 317 0 1788864680 458592
13 8064 89 0 1788864680 459173
13 8065 105 0 1788864680 459286
15 7194 267 0 1788864680 460390
15 7197 259 0 1788864680 461343
13 8076 219 0 1788864680 461761
13 8077 267 0 1788864680 462032
15 7200 290 0 1788864680 462234
12 7597 307 0 1788864680 462343
14 7381 288 0 1788864680 463601
14 7382 285 0 1788864680 463928
12 7603 386 0 1788864680 464210
12 7607 301 0 1788864680 465406
14 7397 277 0 1788864680 468318
13 8113 173 0 1788864680 469399
15 7225 506 0 1788864680 469933
15 7226 495 0 1788864680 470452
13 8120 378 0 1788864680 471282
14 7415 577 0 1788864680 479285
15 7240 670 0 1788864680 479520
14 7421 862 0 1788864680 483844
13 8181 250 0 1788864680 484736
13 8182 173 0 1788864680 484914
14 7426 652 0 1788864680 486957
13 8196 218 0 1788864680 487508
15 7254 508 0 1788864680 489746
15 7258 362 0 1788864680 491759
12 7653 872 0 1788864680 491982
14 7439 256 0 1788864680 494167
12 7660 277 0 1788864680 494355
13 8222 262 0 1788864680 495866
12 7675 1904 0 1788864680 501088
15 7277 437 0 1788864680 502033
15 7278 265 0 1788864680 502303
12 7682 508 0 1788864680 503906
12 7687 430 0 1788864680 506046
14 7467 706 0 1788864680 506662
15 7290 728 0 1788864680 507814
15 7291 586 0 1788864680 508405
13 8259 428 0 1788864680 512791
12 7705 414 0 1788864680 514577
13 8268 413 0 1788864680 516380
15 7320 425 0 1788864680 520571
12 7720 361 0 1788864680 521274
13 8281 327 0 1788864680 522480
12 7724 507 0 1788864680 522571
15 7330 566 0 1788864680 525967
14 7515 563 0 1788864680 529329
12 7743 608 0 1788864680 532752
15 7352 0 0 1788864680 537996
13 8309 327 0 1788864680 538088
14 7535 308 0 1788864680 541323
13 8318 648 0 1788864680 543535
12 7764 262 0 1788864680 546673
12 7772 84 0 1788864680 550462
13 8331 404 0 1788864680 552506
12 7776 529 0 1788864680 552788
13 8333 512 0 1788864680 553459
15 7388 369 0 1788864680 556944
15 7400 271 0 1788864680 560006
15 7406 289 0 1788864680 561852
13 8355 278 0 1788864680 563140
15 7416 446 0 1788864680 564952
12 7820 198 0 1788864680 567742
15 7430 384 0 1788864680 570802
13 8378 499 0 1788864680 572158
13 8397 380 0 1788864680 581263
14 7630 352 0 1788864680 582049
12 7867 310 0 1788864680 585393
15 7475 267 0 1788864680 590108
15 7477 181 0 1788864680 590603
15 7490 367 0 1788864680 594152
14 7668 459 0 1788864680 595351
15 7494 470 0 1788864680 595639
14 7685 372 0 1788864680 602192
13 8453 376 0 1788864680 602289
14 7689 444 0 1788864680 604544
14 7693 366 0 1788864680 608166
12 7926 1580 0 1788864680 612112
13 8464 3366 0 1788864680 612123
14 7697 2211 0 1788864680 612129
15 7527 526 0 1788864680 618052
15 7530 349 0 1788864680 619249
13 8479 588 0 1788864680 622314
15 7538 469 0 1788864680 622952
14 7714 529 0 1788864680 623770
15 7546 363 0 1788864680 626410
13 8501 358 0 1788864680 632133
14 7736 581 0 1788864680 633618
14 7756 614 0 1788864680 644516
13 8537 1901 0 1788864680 652427
15 7602 430 0 1788864680 656332
14 7779 580 0 1788864680 657721
13 8548 494 0 1788864680 657822
13 8549 377 0 1788864680 658203
14 7785 508 0 1788864680 661202
14 7799 513 0 1788864680 667994
14 7804 348 0 1788864680 670155
12 8042 435 0 1788864680 674149
14 7819 507 0 1788864680 677810
14 7822 611 0 1788864680 679344
12 8053 522 0 1788864680 679517
14 7827 535 0 1788864680 683174
15 7655 112 0 1788864680 685590
15 7657 1168 0 1788864680 686933
14 7834 291 0 1788864680 687352
14 7841 442 0 1788864680 689976
14 7849 640 0 1788864680 693642
15 7672 455 0 1788864680 693650
13 8624 151 0 1788864680 698630
13 8630 758 0 1788864680 707977
13 8633 2486 0 1788864680 714247
12 8105 341 0 1788864680 721328
15 7701 429 0 1788864680 722315
15 7703 509 0 1788864680 723273
13 8655 499 0 1788864680 728861
12 8120 456 0 1788864680 728987
15 7725 452 0 1788864680 734003
13 8668 521 0 1788864680 735658
14 7908 507 0 1788864680 737027
14 7919 215 0 1788864680 743010
15 7743 130 0 1788864680 743717
14 7925 82 0 1788864680 744465
13 8689 535 0 1788864680 745713
15 7755 419 0 1788864680 748436
13 8715 663 0 1788864680 754482
13 8719 568 0 1788864680 756252
12 8190 452 0 1788864680 757363
15 7776 686 0 1788864680 758444
14 7962 289 0 1788864680 761112
15 7786 299 0 1788864680 761507
12 8198 549 0 1788864680 761881
14 7967 472 0 1788864680 763307
12 8205 412 0 1788864680 764198
13 8744 284 0 1788864680 767392
14 7978 651 0 1788864680 767589
12 8215 459 0 1788864680 768151
12 8221 406 0 1788864680 770349
13 8752 424 0 1788864680 770460
15 7809 412 0 1788864680 770563
14 7989 386 0 1788864680 771824
12 8235 370 0 1788864680 776789
13 8774 424 0 1788864680 779831
15 7832 463 0 1788864680 780132
14 8022 763 0 1788864680 786019
13 8793 2568 0 1788864680 793117
12 8261 390 0 1788864680 793223
12 8265 461 0 1788864680 795066
14 8037 443 0 1788864680 797358
15 7859 482 0 1788864680 797587
15 7869 789 0 1788864680 801833
12 8280 711 0 1788864680 804070
14 8049 2158 0 1788864680 805840
15 7880 449 0 1788864680 810046
12 8291 450 0 1788864680 811246
15 7896 452 0 1788864680 817031
12 8307 438 0 1788864680 818469
14 8085 761 0 1788864680 825582
13 8854 457 0 1788864680 826269
13 8859 181 0 1788864680 828023
15 7918 122 0 1788864680 828118
12 8326 94 0 1788864680 828377
14 8109 279 0 1788864680 833377
13 8883 394 0 1788864680 836174
12 8344 537 0 1788864680 839110
12 8348 453 0 1788864680 842848
12 8350 423 0 1788864680 843841
12 8351 797 0 1788864680 844643
12 8354 655 0 1788864680 846712
14 8134 337 0 1788864680 847156
12 8360 531 0 1788864680 850001
15 7965 353 0 1788864680 850920
12 8366 217 0 1788864680 851707
14 8146 393 0 1788864680 852649
13 8916 503 0 1788864680 853805
12 8371 3217 0 1788864680 856698
13 8922 438 0 1788864680 863552
15 7979 451 0 1788864680 863668
15 7985 458 0 1788864680 866295
14 8165 324 0 1788864680 867896
15 7990 438 0 1788864680 868596
15 7992 331 0 1788864680 869291
14 8171 229 0 1788864680 870139
14 8176 497 0 1788864680 874586
15 8000 505 0 1788864680 874700
15 8006 463 0 1788864680 877692
13 8953 810 0 1788864680 881825
13 8961 1995 0 1788864680 894546
12 8421 3187 0 1788864680 902075
15 8037 0 0 1788864680 912059
12 8436 158 0 1788864680 912429
14 8216 199 0 1788864680 913890
13 8987 0 0 1788864680 914803
12 8451 194 0 1788864680 915031
13 8994 383 0 1788864680 917044
14 8228 323 0 1788864680 918715
12 8473 0 0 1788864680 922355
14 8236 0 0 1788864680 922855
12 8480 439 0 1788864680 924489
13 9021 177 0 1788864680 926144
14 8258 0 0 1788864680 931682
15 8091 0 0 1788864680 934156
12 8518 149 0 1788864680 940167
15 8102 0 0 1788864680 941922
12 8523 435 0 1788864680 942019
14 8298 219 0 1788864680 947930
12 8537 367 0 1788864680 948177
13 9070 143 0 1788864680 948182
13 9071 101 0 1788864680 948342
15 8124 296 0 1788864680 948347
15 8127 199 0 1788864680 949246
14 8307 319 0 1788864680 950990
15 8138 93 0 1788864680 952138
15 8140 0 0 1788864680 952360
13 9090 396 0 1788864680 952880
14 8322 138 0 1788864680 954465
13 9102 138 0 1788864680 955137
12 8574 238 0 1788864680 956932
12 8579 141 0 1788864680 957671
13 9116 169 0 1788864680 958135
15 8164 219 0 1788864680 958256
12 8588 173 0 1788864680 959145
12 8590 369 0 1788864680 959819
15 8173 238 0 1788864680 960623
15 8179 157 0 1788864680 961828
14 8356 201 0 1788864680 962051
12 8605 195 0 1788864680 962250
15 8183 323 0 1788864680 963157
12 8615 196 0 1788864680 964328
13 9143 98 0 1788864680 964501
12 8618 124 0 1788864680 964888
12 8621 202 0 1788864680 965496
15 8199 173 0 1788864680 967865
12 8631 0 0 1788864680 968297
15 8205 270 0 1788864680 969707
12 8639 116 0 1788864680 969829
13 9165 196 0 1788864680 970134
13 9169 120 0 1788864680 970993
15 8211 183 0 1788864680 971228
15 8221 0 0 1788864680 974048
13 9201 0 0 1788864680 977019
12 8686 128 0 1788864680 979670
12 8689 281 0 1788864680 980550
14 8437 236 0 1788864680 981427
12 8699 122 0 1788864680 981748
14 8440 244 0 1788864680 982239
15 8270 104 0 1788864680 984328
15 8274 276 0 1788864680 985271
12 8721 317 0 1788864680 986214
15 8279 238 0 1788864680 986661
12 8726 367 0 1788864680 987959
15 8284 236 0 1788864680 988288
13 9243 311 0 1788864680 988578
14 8466 321 0 1788864680 989670
14 8468 80 0 1788864680 990153
13 9259 92 0 1788864680 991254
15 8304 144 0 1788864680 993907
15 8306 159 0 1788864680 994301
14 8489 100 0 1788864680 994404
14 8492 104 0 1788864680 994845
14 8497 561 0 1788864680 996189
13 9283 414 0 1788864680 997556
14 8513 355 0 1788864681 1124
14 8516 194 0 1788864681 2025
12 8787 402 0 1788864681 3761
14 8537 342 0 1788864681 9944
12 8814 360 0 1788864681 12561
15 8363 379 0 1788864681 13141
15 8365 485 0 1788864681 14009
13 9337 374 0 1788864681 16311
13 9338 386 0 1788864681 16703
14 8570 0 0 1788864681 22011
14 8585 374 0 1788864681 26205
13 9376 0 0 1788864681 29820
15 8396 166 0 1788864681 30588
15 8397 166 0 1788864681 30967
12 8863 662 0 1788864681 31254
13 9394 248 0 1788864681 34032
14 8611 215 0 1788864681 34518
15 8432 257 0 1788864681 38496
12 8896 255 0 1788864681 38642
15 8435 116 0 1788864681 38987
14 8639 219 0 1788864681 39694
13 9425 401 0 1788864681 40991
15 8446 152 0 1788864681 41915
13 9429 150 0 1788864681 41969
14 8647 93 0 1788864681 42160
14 8651 0 0 1788864681 42677
15 8456 298 0 1788864681 47288
15 8458 513 0 1788864681 48106
14 8665 111 0 1788864681 48907
14 8668 91 0 1788864681 49211
14 8683 277 0 1788864681 52073
14 8686 221 0 1788864681 52986
14 8688 249 0 1788864681 53338
12 8943 0 0 1788864681 54606
15 8483 467 0 1788864681 56223
15 8484 757 0 1788864681 56985
12 8962 0 0 1788864681 61426
14 8725 224 0 1788864681 72354
12 8985 266 0 1788864681 72744
12 8988 118 0 1788864681 73142
13 9513 0 0 1788864681 74685
12 8995 202 0 1788864681 75105
14 8731 306 0 1788864681 75383
14 8738 464 0 1788864681 78308
12 9016 232 0 1788864681 83317
13 9536 301 0 1788864681 84001
12 9023 370 0 1788864681 85433
14 8755 387 0 1788864681 85728
14 8758 382 0 1788864681 86886
12 9034 195 0 1788864681 89546
14 8766 180 0 1788864681 90198
14 8768 185 0 1788864681 90845
13 9556 154 0 1788864681 91162
13 9568 651 0 1788864681 96690
13 9569 939 0 1788864681 97635
15 8571 889 0 1788864681 97956
12 9053 526 0 1788864681 98487
15 8595 341 0 1788864681 117149
14 8810 362 0 1788864681 117314
14 8811 562 0 1788864681 118117
12 9101 290 0 1788864681 123416
13 9618 2206 0 1788864681 124512
15 8621 584 0 1788864681 134734
13 9632 1093 0 1788864681 135346
12 9127 567 0 1788864681 136947
13 9650 0 0 1788864681 145569
13 9651 0 0 1788864681 145899
12 9136 0 0 1788864681 149105
12 9147 0 0 1788864681 153416
14 8861 0 0 1788864681 155638
12 9155 0 0 1788864681 157054
12 9164 692 0 1788864681 162972
15 8654 1076 0 1788864681 164503
14 8880 0 0 1788864681 165814
13 9663 0 0 1788864681 166381
15 8660 434 0 1788864681 170730
14 8897 0 0 1788864681 178953
15 8672 594 0 1788864681 180232
15 8682 0 0 1788864681 186298
12 9208 971 0 1788864681 201385
12 9212 667 0 1788864681 203797
12 9215 0 0 1788864681 204906
14 8939 738 0 1788864681 209537
13 9728 734 0 1788864681 211205
14 8951 458 0 1788864681 218320
14 8953 760 0 1788864681 219826
12 9236 652 0 1788864681 220016
13 9759 427 0 1788864681 246274
14 8972 226 0 1788864681 246975
13 9771 179 0 1788864681 249117
13 9776 189 0 1788864681 250139
12 9264 1000 0 1788864681 252324
13 9790 237 0 1788864681 253147
15 8752 696 0 1788864681 255131
14 9020 431 0 1788864681 257725
13 9816 199 0 1788864681 259219
13 9828 413 0 1788864681 262008
14 9039 254 0 1788864681 262171
14 9043 262 0 1788864681 263207
14 9052 339 0 1788864681 265607
12 9288 927 0 1788864681 270777
14 9086 238 0 1788864681 273496
14 9087 274 0 1788864681 273775
13 9881 185 0 1788864681 274764
13 9891 177 0 1788864681 277465
14 9103 183 0 1788864681 277560
13 9895 232 0 1788864681 278403
15 8782 817 0 1788864681 279607
14 9113 334 0 1788864681 280181
14 9127 180 0 1788864681 283666
14 9136 289 0 1788864681 286682
14 9143 237 0 1788864681 288424
13 9938 238 0 1788864681 289959
13 9962 1529 0 1788864681 300601
14 9176 782 0 1788864681 302349
12 9368 383 0 1788864681 303741
14 9180 287 0 1788864681 305007
13 9984 636 0 1788864681 315343
13 9991 510 0 1788864681 320875
15 8837 520 0 1788864681 323212
15 8839 718 0 1788864681 324237
13 10002 536 0 1788864681 326474
12 9402 299 0 1788864681 328726
13 10007 0 0 1788864681 329485
13 10008 630 0 1788864681 330326
15 8853 814 0 1788864681 335624
14 9224 728 0 1788864681 335956
12 9420 392 0 1788864681 337955
12 9433 363 0 1788864681 344157
12 9434 664 0 1788864681 344825
15 8868 537 0 1788864681 346779
14 9240 634 0 1788864681 347297
14 9244 777 0 1788864681 350281
12 9459 403 0 1788864681 354357
15 8888 453 0 1788864681 360426
14 9266 432 0 1788864681 365100
12 9497 91 0 1788864681 365736
14 9270 325 0 1788864681 366555
15 8902 1466 0 1788864681 370067
15 8903 157 0 1788864681 370287
12 9507 155 0 1788864681 370555
15 8905 327 0 1788864681 370909
12 9510 5626 0 1788864681 376834
13 10082 296 0 1788864681 377711
12 9516 512 0 1788864681 378711
13 10113 358 0 1788864681 391402
12 9575 95 0 1788864681 391901
12 9579 163 0 1788864681 392469
14 9314 292 0 1788864681 392787
12 9585 88 0 1788864681 393171
12 9598 116 0 1788864681 396970
13 10143 335 0 1788864681 401230
12 9613 241 0 1788864681 401354
12 9614 243 0 1788864681 401602
12 9619 301 0 1788864681 402846
12 9633 186 0 1788864681 405869
13 10160 342 0 1788864681 406116
12 9639 146 0 1788864681 407016
14 9338 523 0 1788864681 407067
12 9684 119 0 1788864681 412523
14 9349 632 0 1788864681 412743
12 9688 84 0 1788864681 412940
12 9689 124 0 1788864681 413076
13 10183 568 0 1788864681 414068
12 9725 88 0 1788864681 416762
12 9749 122 0 1788864681 419258
12 9757 89 0 1788864681 420132
12 9763 118 0 1788864681 420829
12 9776 110 0 1788864681 422126
13 10205 761 0 1788864681 423503
13 10209 719 0 1788864681 426600
14 9372 798 0 1788864681 427763
14 9379 375 0 1788864681 430868
12 9832 198 0 1788864681 431071
14 9382 221 0 1788864681 431778
12 9839 240 0 1788864681 432432
14 9386 214 0 1788864681 432856
15 9001 840 0 1788864681 433178
12 9845 205 0 1788864681 433480
14 9395 203 0 1788864681 434863
12 9852 200 0 1788864681 435188
13 10236 180 0 1788864681 435393
14 9398 203 0 1788864681 435503
13 10239 212 0 1788864681 436046
14 9402 213 0 1788864681 436602
15 9006 596 0 1788864681 436763
13 10244 186 0 1788864681 437105
13 10249 179 0 1788864681 438212
14 9411 255 0 1788864681 439027
15 9010 499 0 1788864681 439386
14 9413 257 0 1788864681 439524
15 9011 922 0 1788864681 440331
12 9896 118 0 1788864681 440676
14 9424 222 0 1788864681 443677
12 9926 125 0 1788864681 444171
12 9927 142 0 1788864681 444324
13 10276 213 0 1788864681 445693
12 9951 87 0 1788864681 447300
12 9957 88 0 1788864681 447992
13 10301 512 0 1788864681 453905
15 9038 547 0 1788864681 456657
12 10026 291 0 1788864681 460382
13 10346 484 0 1788864681 476247
12 10061 701 0 1788864681 477576
12 10063 665 0 1788864681 478670
14 9502 475 0 1788864681 478851
15 9084 593 0 1788864681 479158
13 10366 523 0 1788864681 489247
12 10081 584 0 1788864681 490684
15 9116 1501 0 1788864681 501144
15 9119 661 0 1788864681 502346
13 10394 479 0 1788864681 506726
13 10396 588 0 1788864681 507901
12 10112 300 0 1788864681 509852
15 9139 661 0 1788864681 513706
15 9140 721 0 1788864681 514433
14 9565 593 0 1788864681 518889
12 10131 786 0 1788864681 521769
15 9167 478 0 1788864681 531343
12 10150 0 0 1788864681 534536
14 9590 698 0 1788864681 534743
15 9182 610 0 1788864681 539878
13 10454 679 0 1788864681 543754
14 9614 602 0 1788864681 548946
14 9618 425 0 1788864681 551028
12 10182 587 0 1788864681 552375
15 9204 673 0 1788864681 552714
14 9624 681 0 1788864681 555106
13 10473 625 0 1788864681 555209
15 9210 261 0 1788864681 556281
13 10477 986 0 1788864681 558051
12 10195 595 0 1788864681 559950
12 10206 633 0 1788864681 566495
14 9652 612 0 1788864681 571840
15 9238 612 0 1788864681 573058
13 10503 570 0 1788864681 573260
12 10217 636 0 1788864681 573428
15 9244 618 0 1788864681 576387
15 9250 1088 0 1788864681 580602
12 10231 484 0 1788864681 581356
12 10236 559 0 1788864681 584268
15 9258 585 0 1788864681 585284
12 10243 511 0 1788864681 588314
13 10533 583 0 1788864681 590860
15 9272 511 0 1788864681 592767
15 9276 603 0 1788864681 595094
15 9278 574 0 1788864681 595964
15 9281 670 0 1788864681 597801
13 10560 718 0 1788864681 606526
12 10279 589 0 1788864681 608894
14 9717 683 0 1788864681 610026
15 9305 628 0 1788864681 612019
13 10570 543 0 1788864681 612467
12 10289 640 0 1788864681 614877
13 10587 261 0 1788864681 619004
14 9740 213 0 1788864681 620314
14 9741 200 0 1788864681 620520
13 10615 325 0 1788864681 627352
13 10622 259 0 1788864681 629124
15 9328 725 0 1788864681 630551
13 10628 240 0 1788864681 631772
14 9776 267 0 1788864681 632813
12 10333 286 0 1788864681 634259
13 10638 161 0 1788864681 635586
15 9335 203 0 1788864681 636587
13 10640 1012 0 1788864681 636827
13 10654 377 0 1788864681 642643
12 10355 373 0 1788864681 643217
12 10369 370 0 1788864681 648497
12 10375 420 0 1788864681 650871
13 10676 292 0 1788864681 651268
13 10680 380 0 1788864681 653001
14 9827 379 0 1788864681 653286
12 10383 674 0 1788864681 654667
12 10388 338 0 1788864681 656603
13 10699 369 0 1788864681 660489
15 9404 379 0 1788864681 664307
15 9417 372 0 1788864681 669334
14 9877 265 0 1788864681 672377
14 9893 291 0 1788864681 675699
13 10746 352 0 1788864681 676980
15 9443 306 0 1788864681 677704
13 10754 304 0 1788864681 680246
12 10457 378 0 1788864681 680630
14 9908 274 0 1788864681 680640
15 9460 161 0 1788864681 683338
14 9941 329 0 1788864681 691439
12 10499 336 0 1788864681 692996
15 9501 174 0 1788864681 694635
12 10520 301 0 1788864681 700551
15 9539 101 0 1788864681 701723
15 9555 164 0 1788864681 705386
15 9556 172 0 1788864681 705583
14 9989 282 0 1788864681 707424
14 9997 378 0 1788864681 711080
15 9575 440 0 1788864681 711404
13 10845 377 0 1788864681 711551
12 10554 323 0 1788864681 711644
14 10000 480 0 1788864681 712676
13 10857 400 0 1788864681 716830
12 10578 234 0 1788864681 721544
13 10871 299 0 1788864681 721952
15 9602 287 0 1788864681 722056
12 10588 419 0 1788864681 725037
14 10033 94 0 1788864681 725045
15 9615 230 0 1788864681 725856
12 10595 244 0 1788864681 727213
15 9624 459 0 1788864681 728517
14 10045 204 0 1788864681 729335
14 10051 305 0 1788864681 731320
12 10624 354 0 1788864681 734982
15 9652 137 0 1788864681 736206
14 10068 405 0 1788864681 737504
12 10631 378 0 1788864681 737593
13 10924 260 0 1788864681 738520
12 10649 223 0 1788864681 743305
12 10651 412 0 1788864681 744113
12 10653 243 0 1788864681 744585
14 10096 422 0 1788864681 746830
14 10097 292 0 1788864681 747145
15 9689 293 0 1788864681 747189
12 10670 207 0 1788864681 748293
12 10677 361 0 1788864681 750094
13 10969 341 0 1788864681 750233
14 10118 283 0 1788864681 753652
13 10987 259 0 1788864681 755289
13 10992 169 0 1788864681 756435
14 10130 252 0 1788864681 756570
14 10139 227 0 1788864681 758746
12 10712 128 0 1788864681 759900
14 10145 277 0 1788864681 760279
12 10720 179 0 1788864681 761628
13 11014 387 0 1788864681 762635
14 10159 376 0 1788864681 765168
12 10736 153 0 1788864681 765370
15 9754 405 0 1788864681 766923
14 10185 145 0 1788864681 772290
12 10769 177 0 1788864681 775009
12 10770 161 0 1788864681 775178
12 10772 179 0 1788864681 775577
12 10797 185 0 1788864681 780329
13 11076 365 0 1788864681 781370
15 9797 354 0 1788864681 783191
12 10809 223 0 1788864681 783311
13 11083 355 0 1788864681 784088
13 11085 282 0 1788864681 784832
14 10230 539 0 1788864681 787988
13 11100 390 0 1788864681 790923
12 10852 177 0 1788864681 791862
15 9822 359 0 1788864681 793193
13 11128 378 0 1788864681 801829
12 10888 0 0 1788864681 803684
14 10271 483 0 1788864681 804277
15 9854 566 0 1788864681 808470
12 10898 321 0 1788864681 809896
12 10902 662 0 1788864681 812349
13 11158 162 0 1788864681 819485
12 10920 572 0 1788864681 820585
12 10921 356 0 1788864681 820953
15 9884 122 0 1788864681 821572
13 11169 133 0 1788864681 821607
14 10305 323 0 1788864681 822823
13 11177 256 0 1788864681 823105
14 10311 1570 0 1788864681 826057
14 10315 598 0 1788864681 828251
15 9918 532 0 1788864681 832595
13 11206 747 0 1788864681 839318
13 11214 561 0 1788864681 843997
13 11220 568 0 1788864681 847514
15 9956 435 0 1788864681 853021
12 10992 646 0 1788864681 856420
14 10380 328 0 1788864681 859500
12 11000 422 0 1788864681 860117
15 9975 376 0 1788864681 861673
15 9977 426 0 1788864681 862463
14 10397 379 0 1788864681 866952
14 10402 737 0 1788864681 870039
15 9991 86 0 1788864681 870369
15 9993 84 0 1788864681 870547
14 10408 389 0 1788864681 873358
13 11275 198 0 1788864681 873961
13 11288 1925 0 1788864681 881158
12 11083 613 0 1788864681 882413
14 10435 883 0 1788864681 889745
14 10438 707 0 1788864681 891288
13 11311 2145 0 1788864681 891445
15 10042 613 0 1788864681 891735
15 10055 491 0 1788864681 899544
12 11113 2413 0 1788864681 906254
14 10484 322 0 1788864681 907625
14 10496 542 0 1788864681 915005
13 11365 324 0 1788864681 916272
12 11140 318 0 1788864681 918750
12 11145 398 0 1788864681 921158
14 10508 484 0 1788864681 921899
13 11397 581 0 1788864681 934012
12 11202 223 0 1788864681 941846
12 11242 83 0 1788864681 945764
15 10132 660 0 1788864681 947002
13 11430 635 0 1788864681 955080
12 11268 644 0 1788864681 959737
14 10604 313 0 1788864681 962880
15 10176 520 0 1788864681 964890
15 10181 214 0 1788864681 966494
13 11456 414 0 1788864681 967796
13 11465 531 0 1788864681 972752
14 10628 530 0 1788864681 975185
15 10197 987 0 1788864681 976276
13 11474 512 0 1788864681 977527
12 11321 815 0 1788864681 984452
12 11323 503 0 1788864681 985482
13 11490 518 0 1788864681 985907
12 11329 815 0 1788864681 988482
12 11330 404 0 1788864681 988892
15 10239 341 0 1788864681 995936
15 10255 535 0 1788864682 1746
15 10256 0 0 1788864682 2095
15 10259 223 0 1788864682 3431
12 11375 469 0 1788864682 4542
14 10690 228 0 1788864682 6450
15 10269 313 0 1788864682 7378
15 10279 0 0 1788864682 11314
13 11557 399 0 1788864682 12604
14 10705 408 0 1788864682 12822
15 10287 453 0 1788864682 14513
12 11415 456 0 1788864682 20142
12 11421 363 0 1788864682 22430
12 11422 338 0 1788864682 22773
12 11427 411 0 1788864682 24682
13 11579 6309 0 1788864682 26186
13 11582 524 0 1788864682 27769
13 11583 402 0 1788864682 28196
13 11584 379 0 1788864682 28580
13 11592 280 0 1788864682 31284
14 10741 289 0 1788864682 33664
15 10320 532 0 1788864682 34406
14 10746 262 0 1788864682 35161
15 10322 405 0 1788864682 35214
14 10763 384 0 1788864682 39697
12 11475 304 0 1788864682 40101
12 11476 291 0 1788864682 40396
12 11478 301 0 1788864682 40978
12 11486 259 0 1788864682 43242
15 10346 0 0 1788864682 47096
12 11509 184 0 1788864682 50569
12 11514 475 0 1788864682 53106
14 10803 629 0 1788864682 55481
13 11671 360 0 1788864682 56787
13 11702 190 0 1788864682 64908
12 11555 327 0 1788864682 67368
12 11556 228 0 1788864682 67605
15 10393 717 0 1788864682 69991
15 10399 442 0 1788864682 72719
13 11729 278 0 1788864682 73608
15 10408 269 0 1788864682 75708
13 11742 1233 0 1788864682 78422
12 11597 424 0 1788864682 82200
12 11604 176 0 1788864682 83538
15 10433 635 0 1788864682 87875
14 10886 177 0 1788864682 89114
13 11769 182 0 1788864682 89656
12 11623 566 0 1788864682 89739
15 10441 634 0 1788864682 91843
12 11628 660 0 1788864682 92303
13 11786 167 0 1788864682 93046
12 11630 226 0 1788864682 93588
12 11640 824 0 1788864682 125712
15 10461 236 0 1788864682 129841
13 11814 0 0 1788864682 132721
14 10949 390 0 1788864682 135511
15 10478 508 0 1788864682 136483
12 11669 264 0 1788864682 137157
15 10486 500 0 1788864682 139656
14 10978 213 0 1788864682 146080
13 11851 365 0 1788864682 146142
15 10493 191 0 1788864682 147964
13 11871 83 0 1788864682 150803
13 11897 235 0 1788864682 157343
14 11011 173 0 1788864682 158632
15 10525 288 0 1788864682 159658
15 10534 180 0 1788864682 162243
12 11735 147 0 1788864682 165880
12 11742 677 0 1788864682 168721
13 11946 0 0 1788864682 171506
12 11746 497 0 1788864682 171745
14 11060 185 0 1788864682 179427
14 11065 630 0 1788864682 182923
14 11068 789 0 1788864682 185112
12 11774 1735 0 1788864682 188068
14 11073 0 0 1788864682 190649
15 10579 770 0 1788864682 192471
14 11090 240 0 1788864682 208108
12 11806 0 0 1788864682 210341
13 11995 1147 0 1788864682 212981
13 12023 1037 0 1788864682 243262
15 10627 2042 0 1788864682 245757
12 11857 0 0 1788864682 264192
12 11864 0 0 1788864682 268264
12 11876 0 0 1788864682 273608
12 11891 0 0 1788864682 278467
12 11895 0 0 1788864682 279368
12 11915 0 0 1788864682 283527
12 11918 0 0 1788864682 284376
14 11150 267 0 1788864682 290423
14 11153 454 0 1788864682 292452
15 10646 373 0 1788864682 293195
13 12061 148 0 1788864682 298345
13 12062 418 0 1788864682 298965
14 11163 261 0 1788864682 299037
12 12020 0 0 1788864682 306537
12 12067 95 0 1788864682 312414
13 12091 275 0 1788864682 314980
13 12097 201 0 1788864682 316717
12 12127 166 0 1788864682 322003
12 12145 98 0 1788864682 323781
15 10717 353 0 1788864682 331936
12 12200 157 0 1788864682 332099
13 12143 1588 0 1788864682 333584
12 12214 126 0 1788864682 335435
12 12220 129 0 1788864682 336161
14 11209 627 0 1788864682 337990
15 10739 431 0 1788864682 338539
14 11214 189 0 1788864682 339843
12 12259 108 0 1788864682 340906
14 11224 189 0 1788864682 341950
12 12277 87 0 1788864682 343271
12 12278 113 0 1788864682 343389
14 11227 1048 0 1788864682 343792
12 12300 151 0 1788864682 345919
13 12189 221 0 1788864682 346956
12 12312 118 0 1788864682 347545
15 10776 238 0 1788864682 351482
12 12358 89 0 1788864682 352901
12 12367 117 0 1788864682 355569
12 12369 87 0 1788864682 355763
12 12370 105 0 1788864682 355875
12 12386 138 0 1788864682 357517
13 12229 361 0 1788864682 360416
12 12416 111 0 1788864682 361008
12 12424 87 0 1788864682 361974
13 12237 353 0 1788864682 363387
12 12443 106 0 1788864682 364104
12 12446 107 0 1788864682 364444
12 12453 80 0 1788864682 365318
15 10822 254 0 1788864682 365408
15 10823 120 0 1788864682 365549
15 10825 95 0 1788864682 365874
12 12470 87 0 1788864682 367068
12 12511 87 0 1788864682 370908
12 12515 87 0 1788864682 371296
14 11247 937 0 1788864682 374696
12 12584 120 0 1788864682 378688
14 11257 733 0 1788864682 381208
15 10843 379 0 1788864682 382101
15 10848 538 0 1788864682 383692
12 12630 89 0 1788864682 384011
14 11270 161 0 1788864682 384197
15 10850 322 0 1788864682 384497
15 10851 455 0 1788864682 384972
12 12649 135 0 1788864682 387223
12 12659 86 0 1788864682 388346
14 11289 453 0 1788864682 390279
15 10863 313 0 1788864682 391546
12 12692 0 0 1788864682 392288
12 12696 181 0 1788864682 392811
12 12703 0 0 1788864682 393604
14 11301 591 0 1788864682 395894
12 12725 124 0 1788864682 396275
12 12731 164 0 1788864682 397091
13 12319 137 0 1788864682 397099
15 10887 360 0 1788864682 399363
12 12762 0 0 1788864682 400787
12 12763 0 0 1788864682 400898
13 12347 181 0 1788864682 402356
13 12362 134 0 1788864682 405585
12 12808 194 0 1788864682 405750
12 12815 131 0 1788864682 406722
12 12821 179 0 1788864682 407491
15 10905 244 0 1788864682 407797
12 12826 115 0 1788864682 408460
12 12838 89 0 1788864682 409558
13 12393 141 0 1788864682 410223
13 12396 95 0 1788864682 410624
14 11330 403 0 1788864682 410771
12 12858 105 0 1788864682 411412
12 12864 171 0 1788864682 412046
12 12873 80 0 1788864682 412919
14 11335 371 0 1788864682 412961
13 12416 162 0 1788864682 413317
13 12418 0 0 1788864682 413799
12 12887 79 0 1788864682 414453
12 12903 81 0 1788864682 416034
13 12433 164 0 1788864682 416041
13 12454 2327 0 1788864682 425650
14 11350 192 0 1788864682 425890
12 12949 118 0 1788864682 428224
12 12987 105 0 1788864682 432309
15 10945 561 0 1788864682 432672
12 12998 86 0 1788864682 433489
12 13001 86 0 1788864682 433790
15 10948 342 0 1788864682 434478
15 10950 410 0 1788864682 435736
12 13022 89 0 1788864682 436070
12 13050 102 0 1788864682 439339
12 13053 102 0 1788864682 439748
12 13096 95 0 1788864682 444616
12 13113 112 0 1788864682 446275
12 13126 103 0 1788864682 448400
15 10977 132 0 1788864682 448588
12 13132 122 0 1788864682 449126
12 13135 114 0 1788864682 449447
12 13139 84 0 1788864682 449842
12 13157 104 0 1788864682 451566
13 12532 211 0 1788864682 456444
12 13217 108 0 1788864682 457739
12 13218 90 0 1788864682 457834
15 11002 234 0 1788864682 457882
12 13224 97 0 1788864682 458513
12 13231 397 0 1788864682 460221
14 11427 657 0 1788864682 464934
14 11430 956 0 1788864682 467430
12 13250 456 0 1788864682 469100
14 11449 95 0 1788864682 473855
13 12576 129 0 1788864682 474923
15 11037 408 0 1788864682 475819
14 11463 401 0 1788864682 477422
14 11467 232 0 1788864682 478712
15 11043 924 0 1788864682 479527
13 12590 0 0 1788864682 480193
13 12598 347 0 1788864682 489245
12 13276 1462 0 1788864682 491600
14 11489 175 0 1788864682 494710
13 12616 170 0 1788864682 495401
13 12628 184 0 1788864682 499074
13 12638 296 0 1788864682 501295
15 11077 166 0 1788864682 503252
13 12651 138 0 1788864682 504074
15 11085 109 0 1788864682 504728
13 12657 147 0 1788864682 505037
15 11088 114 0 1788864682 505345
12 13288 1197 0 1788864682 506363
14 11539 844 0 1788864682 514315
13 12672 706 0 1788864682 518678
15 11100 936 0 1788864682 520113
14 11555 411 0 1788864682 523794
15 11109 275 0 1788864682 527140
14 11580 893 0 1788864682 540031
14 11582 816 0 1788864682 541176
12 13341 399 0 1788864682 542841
14 11597 391 0 1788864682 549374
14 11599 583 0 1788864682 550451
13 12731 605 0 1788864682 565183
15 11162 377 0 1788864682 566363
15 11164 564 0 1788864682 567273
12 13398 0 0 1788864682 576241
12 13399 0 0 1788864682 576328
12 13400 139 0 1788864682 576470
15 11183 1423 0 1788864682 672489
15 11184 1237 0 1788864682 673732
14 11646 1471 0 1788864682 674579
13 12763 1273 0 1788864682 683981
15 11192 1882 0 1788864682 685129
13 12778 1729 0 1788864682 705257
14 11688 1066 0 1788864682 734452
14 11691 1206 0 1788864682 738080
13 12815 973 0 1788864682 750650
12 13479 825 0 1788864682 751126
13 12821 786 0 1788864682 755185
13 12823 733 0 1788864682 756658
14 11719 1232 0 1788864682 761891
15 11261 738 0 1788864682 763945
13 12834 522 0 1788864682 765168
13 12841 299 0 1788864682 767533
13 12853 447 0 1788864682 771644
12 13501 831 0 1788864682 772481
12 13505 646 0 1788864682 774975
12 13518 1019 0 1788864682 783905
12 13523 836 0 1788864682 788021
12 13525 1108 0 1788864682 789767
12 13533 1042 0 1788864682 797342
15 11296 978 0 1788864682 798293
12 13536 1249 0 1788864682 800811
12 13538 947 0 1788864682 803106
15 11300 1795 0 1788864682 807588
12 13544 1290 0 1788864682 809429
13 12905 1044 0 1788864682 817425
12 13569 393 0 1788864682 832992
12 13576 257 0 1788864682 835479
13 12927 639 0 1788864682 836569
13 12928 0 0 1788864682 836987
13 12929 967 0 1788864682 837972
13 12933 463 0 1788864682 839624
12 13587 668 0 1788864682 841132
14 11800 756 0 1788864682 841316
13 12938 415 0 1788864682 841577
15 11351 444 0 1788864682 845907
13 12950 479 0 1788864682 846484
15 11358 318 0 1788864682 850296
12 13609 1140 0 1788864682 856199
15 11370 566 0 1788864682 856673
14 11826 457 0 1788864682 857135
12 13612 499 0 1788864682 858581
12 13613 0 0 1788864682 858888
14 11832 0 0 1788864682 860174
14 11836 5718 0 1788864682 867005
12 13627 0 0 1788864682 868809
13 12992 0 0 1788864682 872378
14 11858 320 0 1788864682 879904
14 11865 246 0 1788864682 882046
14 11878 0 0 1788864682 885875
12 13676 269 0 1788864682 887093
12 13682 491 0 1788864682 889172
15 11454 177 0 1788864682 892656
14 11917 260 0 1788864682 897123
14 11919 266 0 1788864682 897674
15 11483 286 0 1788864682 900766
14 11933 255 0 1788864682 901469
12 13729 259 0 1788864682 902245
15 11491 262 0 1788864682 902996
12 13737 256 0 1788864682 904439
13 13044 694 0 1788864682 904447
12 13756 468 0 1788864682 909841
14 11966 236 0 1788864682 910716
14 11970 146 0 1788864682 911349
15 11527 183 0 1788864682 911811
12 13772 86 0 1788864682 912414
12 13782 242 0 1788864682 914764
13 13049 1121 0 1788864682 916140
12 13790 241 0 1788864682 916744
14 11992 341 0 1788864682 916751
12 13798 390 0 1788864682 919047
15 11554 353 0 1788864682 920369
12 13809 340 0 1788864682 923107
15 11567 241 0 1788864682 924422
14 12017 221 0 1788864682 924738
14 12026 356 0 1788864682 927302
14 12027 267 0 1788864682 927593
13 13091 212 0 1788864682 927690
13 13092 364 0 1788864682 928059
12 13835 375 0 1788864682 930109
14 12037 212 0 1788864682 930847
12 13842 476 0 1788864682 932429
13 13108 246 0 1788864682 933110
13 13114 559 0 1788864682 935066
12 13864 0 0 1788864682 936191
15 11608 300 0 1788864682 937345
15 11609 184 0 1788864682 937570
15 11611 233 0 1788864682 937964
12 13894 89 0 1788864682 943280
14 12075 171 0 1788864682 943286
12 13900 70 0 1788864682 943952
13 13145 125 0 1788864682 944105
15 11632 106 0 1788864682 944111
13 13148 104 0 1788864682 944380
12 13904 161 0 1788864682 945488
12 13907 209 0 1788864682 946167
12 13911 401 0 1788864682 947324
15 11648 96 0 1788864682 947994
13 13167 81 0 1788864682 948412
12 13918 115 0 1788864682 948966
14 12101 133 0 1788864682 948995
13 13171 376 0 1788864682 949675
12 13938 339 0 1788864682 956224
14 12133 344 0 1788864682 968387
13 13201 979 0 1788864682 969203
13 13206 0 0 1788864682 971890
14 12146 0 0 1788864682 973280
12 13967 176 0 1788864682 974571
15 11694 337 0 1788864682 978936
12 13975 300 0 1788864682 979221
14 12158 228 0 1788864682 979957
13 13228 349 0 1788864682 981176
14 12171 1666 0 1788864682 985929
15 11723 309 0 1788864682 991742
15 11724 109 0 1788864682 991856
15 11728 214 0 1788864682 993033
12 14018 2994 0 1788864683 4967
15 11740 591 0 1788864683 7303
14 12215 93 0 1788864683 12748
14 12223 209 0 1788864683 13804
13 13291 326 0 1788864683 14767
14 12233 676 0 1788864683 17818
13 13302 402 0 1788864683 18960
12 14039 664 0 1788864683 20081
14 12242 744 0 1788864683 24220
13 13322 653 0 1788864683 32157
12 14058 321 0 1788864683 33094
14 12253 630 0 1788864683 34957
15 11791 669 0 1788864683 46053
15 11812 1104 0 1788864683 58820
14 12283 1405 0 1788864683 60409
15 11813 1393 0 1788864683 60418
13 13348 454 0 1788864683 61192
12 14085 1054 0 1788864683 63014
13 13352 1090 0 1788864683 64963
14 12294 0 0 1788864683 71555
12 14095 3610 0 1788864683 72254
12 14098 1656 0 1788864683 75670
14 12299 913 0 1788864683 75679
12 14099 1441 0 1788864683 77126
15 11835 731 0 1788864683 82496
12 14106 1504 0 1788864683 84085
14 12317 1007 0 1788864683 98291
14 12319 1884 0 1788864683 104570
14 12322 1889 0 1788864683 111915
15 11857 1397 0 1788864683 118501
14 12333 168 0 1788864683 120126
14 12336 94 0 1788864683 120467
14 12349 254 0 1788864683 123485
13 13414 1024 0 1788864683 127009
14 12353 813 0 1788864683 128358
13 13420 891 0 1788864683 132684
15 11884 89 0 1788864683 133003
15 11892 1438 0 1788864683 137767
12 14179 794 0 1788864683 147685
14 12377 755 0 1788864683 148078
14 12379 345 0 1788864683 149171
12 14198 140 0 1788864683 167868
14 12396 648 0 1788864683 170231
12 14211 848 0 1788864683 180288
14 12410 523 0 1788864683 186467
15 11939 845 0 1788864683 192091
13 13491 915 0 1788864683 197336
15 11943 953 0 1788864683 197347
15 11958 792 0 1788864683 207804
12 14244 676 0 1788864683 208485
13 13509 0 0 1788864683 211696
15 11970 207 0 1788864683 215122
14 12452 1256 0 1788864683 217797
14 12453 1315 0 1788864683 219435
15 11977 0 0 1788864683 220727
14 12460 681 0 1788864683 225524
12 14274 0 0 1788864683 228077
13 13536 0 0 1788864683 229550
12 14277 713 0 1788864683 231748
12 14282 0 0 1788864683 234857
12 14302 0 0 1788864683 246862
15 12013 0 0 1788864683 247199
15 12019 340 0 1788864683 253118
12 14319 0 0 1788864683 261023
15 12024 0 0 1788864683 262120
12 14323 0 0 1788864683 264210
12 14328 0 0 1788864683 267814
14 12498 595 0 1788864683 276436
12 14349 0 0 1788864683 283593
14 12503 306 0 1788864683 288687
15 12044 540 0 1788864683 288696
15 12049 286 0 1788864683 290843
15 12059 415 0 1788864683 295696
13 13597 1041 0 1788864683 296082
14 12533 282 0 1788864683 318849
14 12539 1864 0 1788864683 323170
13 13636 531 0 1788864683 324239
12 14428 853 0 1788864683 335111
14 12574 369 0 1788864683 335986
14 12587 416 0 1788864683 340797
12 14436 846 0 1788864683 341995
15 12124 592 0 1788864683 342006
14 12599 190 0 1788864683 344944
15 12129 245 0 1788864683 346980
14 12611 467 0 1788864683 349502
13 13692 422 0 1788864683 351402
15 12137 904 0 1788864683 353896
13 13706 664 0 1788864683 357658
13 13713 547 0 1788864683 362561
13 13716 270 0 1788864683 363793
14 12666 378 0 1788864683 367005
14 12672 559 0 1788864683 369258
14 12678 307 0 1788864683 370766
13 13734 376 0 1788864683 374584
15 12157 759 0 1788864683 374593
14 12731 81 0 1788864683 388847
13 13764 700 0 1788864683 390860
13 13768 790 0 1788864683 393513
15 12182 765 0 1788864683 393523
13 13775 868 0 1788864683 398952
14 12780 356 0 1788864683 402233
14 12788 222 0 1788864683 404413
13 13785 579 0 1788864683 406490
12 14513 689 0 1788864683 409620
12 14522 864 0 1788864683 415530
15 12224 918 0 1788864683 423196
12 14541 651 0 1788864683 426517
14 12804 3929 0 1788864683 426801
13 13823 583 0 1788864683 432435
14 12816 457 0 1788864683 436463
14 12817 2895 0 1788864683 439363
12 14567 631 0 1788864683 441974
13 13841 1283 0 1788864683 445270
12 14581 244 0 1788864683 452129
13 13854 645 0 1788864683 453213
15 12274 259 0 1788864683 456574
15 12288 191 0 1788864683 460704
15 12296 93 0 1788864683 461997
14 12876 313 0 1788864683 462508
14 12879 188 0 1788864683 463223
13 13869 516 0 1788864683 464340
13 13870 805 0 1788864683 465153
13 13871 399 0 1788864683 465583
12 14612 463 0 1788864683 470340
13 13882 0 0 1788864683 471931
13 13890 526 0 1788864683 475679
12 14623 356 0 1788864683 476046
15 12340 269 0 1788864683 477839
14 12925 0 0 1788864683 479696
14 12928 333 0 1788864683 480880
12 14640 408 0 1788864683 484456
13 13913 525 0 1788864683 511079
13 13919 859 0 1788864683 515746
15 12392 0 0 1788864683 519519
15 12411 559 0 1788864683 525083
12 14675 664 0 1788864683 525942
14 12981 347 0 1788864683 527506
15 12421 271 0 1788864683 528132
15 12428 196 0 1788864683 529913
15 12429 280 0 1788864683 530198
15 12450 88 0 1788864683 537017
15 12460 171 0 1788864683 539215
13 13958 1117 0 1788864683 540789
15 12476 331 0 1788864683 545635
12 14707 1298 0 1788864683 551540
12 14712 801 0 1788864683 556489
14 13038 155 0 1788864683 559015
14 13055 245 0 1788864683 563053
12 14732 213 0 1788864683 565669
15 12516 118 0 1788864683 567548
15 12554 345 0 1788864683 579943
12 14763 1069 0 1788864683 585920
12 14765 393 0 1788864683 587305
14 13101 524 0 1788864683 588816
12 14769 705 0 1788864683 590550
15 12577 289 0 1788864683 590814
12 14771 958 0 1788864683 592074
14 13115 740 0 1788864683 594855
12 14775 903 0 1788864683 595538
12 14781 856 0 1788864683 600657
13 14042 617 0 1788864683 604408
12 14791 381 0 1788864683 605829
15 12608 454 0 1788864683 607521
13 14051 633 0 1788864683 608578
15 12612 407 0 1788864683 609012
12 14805 457 0 1788864683 611363
13 14060 566 0 1788864683 612680
12 14817 308 0 1788864683 616190
14 13154 391 0 1788864683 624275
15 12641 708 0 1788864683 626079
14 13165 0 0 1788864683 632260
14 13172 345 0 1788864683 635072
14 13179 301 0 1788864683 637908
13 14102 1042 0 1788864683 640383
14 13187 272 0 1788864683 640862
13 14103 778 0 1788864683 641170
13 14110 608 0 1788864683 646807
14 13213 326 0 1788864683 652552
15 12678 662 0 1788864683 653539
13 14121 637 0 1788864683 655696
15 12687 588 0 1788864683 658292
15 12690 604 0 1788864683 659816
12 14881 365 0 1788864683 661962
12 14882 364 0 1788864683 662335
14 13244 329 0 1788864683 663594
15 12699 292 0 1788864683 663862
12 14887 405 0 1788864683 664740
13 14138 233 0 1788864683 666260
13 14139 112 0 1788864683 666376
12 14893 175 0 1788864683 666646
14 13256 93 0 1788864683 667305
13 14143 337 0 1788864683 667764
13 14145 296 0 1788864683 668266
13 14147 256 0 1788864683 668811
14 13268 153 0 1788864683 669157
14 13284 191 0 1788864683 671788
15 12712 587 0 1788864683 671819
14 13291 171 0 1788864683 673600
15 12721 538 0 1788864683 676061
13 14174 240 0 1788864683 677540
12 14929 361 0 1788864683 678066
14 13323 189 0 1788864683 681983
12 14953 482 0 1788864683 687866
14 13361 185 0 1788864683 689704
15 12738 630 0 1788864683 689969
14 13363 336 0 1788864683 690214
13 14209 350 0 1788864683 691856
14 13391 271 0 1788864683 696049
14 13407 139 0 1788864683 699794
15 12755 1645 0 1788864683 700599
15 12756 181 0 1788864683 700850
14 13423 167 0 1788864683 702022
14 13428 180 0 1788864683 703023
14 13433 229 0 1788864683 704111
14 13450 195 0 1788864683 707507
14 13453 274 0 1788864683 708204
14 13470 255 0 1788864683 712128
14 13472 363 0 1788864683 712755
15 12789 424 0 1788864683 715190
15 12790 345 0 1788864683 715556
14 13485 311 0 1788864683 715894
15 12814 421 0 1788864683 725846
13 14240 350 0 1788864683 727359
15 12825 366 0 1788864683 729782
14 13542 244 0 1788864683 730031
14 13544 246 0 1788864683 730448
13 14246 1684 0 1788864683 735553
14 13565 308 0 1788864683 736101
15 12848 451 0 1788864683 739105
14 13593 108 0 1788864683 742530
15 12860 398 0 1788864683 743917
15 12869 930 0 1788864683 748557
14 13639 186 0 1788864683 750919
14 13640 98 0 1788864683 751020
14 13651 147 0 1788864683 752954
13 14259 498 0 1788864683 754097
14 13655 6445 0 1788864683 759880
15 12907 744 0 1788864683 779503
15 12908 681 0 1788864683 780206
14 13728 293 0 1788864683 786416
14 13736 129 0 1788864683 788582
14 13762 313 0 1788864683 796119
14 13765 315 0 1788864683 796947
12 15068 311 0 1788864683 797942
14 13770 114 0 1788864683 798158
14 13771 171 0 1788864683 798354
12 15070 197 0 1788864683 798511
14 13781 167 0 1788864683 800878
14 13785 275 0 1788864683 801959
14 13796 331 0 1788864683 805329
14 13798 168 0 1788864683 805969
13 14349 373 0 1788864683 806152
13 14361 317 0 1788864683 809094
14 13815 230 0 1788864683 810427
14 13816 314 0 1788864683 810747
12 15093 157 0 1788864683 810944
12 15106 164 0 1788864683 813089
12 15109 157 0 1788864683 813600
12 15111 107 0 1788864683 813877
12 15126 160 0 1788864683 816263
12 15136 196 0 1788864683 817980
12 15149 181 0 1788864683 820355
12 15166 138 0 1788864683 823468
12 15167 118 0 1788864683 823595
14 13858 252 0 1788864683 825718
13 14436 151 0 1788864683 828806
13 14437 144 0 1788864683 828955
15 12979 634 0 1788864683 830004
15 12981 607 0 1788864683 831156
12 15198 280 0 1788864683 831496
14 13892 372 0 1788864683 836366
15 12990 514 0 1788864683 836631
13 14462 212 0 1788864683 840968
12 15220 89 0 1788864683 841239
15 12996 1020 0 1788864683 841477
14 13938 110 0 1788864683 842550
14 13941 110 0 1788864683 843007
15 13001 499 0 1788864683 844749
14 13966 97 0 1788864683 846104
12 15251 235 0 1788864683 847926
13 14495 239 0 1788864683 848040
15 13011 435 0 1788864683 848738
14 13990 116 0 1788864683 849009
14 13999 87 0 1788864683 850065
14 14006 267 0 1788864683 853997
12 15270 278 0 1788864683 855208
14 14011 119 0 1788864683 855553
12 15283 137 0 1788864683 857829
12 15290 117 0 1788864683 858745
12 15294 130 0 1788864683 859308
13 14537 140 0 1788864683 859412
13 14542 113 0 1788864683 860176
14 14032 102 0 1788864683 860183
13 14565 116 0 1788864683 863765
12 15349 127 0 1788864683 869270
12 15351 171 0 1788864683 869579
14 14052 183 0 1788864683 870363
13 14624 298 0 1788864683 876588
12 15394 137 0 1788864683 877529
14 14107 115 0 1788864683 879692
14 14118 98 0 1788864683 880777
14 14126 111 0 1788864683 881620
13 14644 144 0 1788864683 882320
12 15414 86 0 1788864683 883104
14 14139 123 0 1788864683 883349
12 15422 141 0 1788864683 884234
12 15423 143 0 1788864683 884386
14 14146 133 0 1788864683 884397
14 14150 119 0 1788864683 885035
13 14677 292 0 1788864683 888857
15 13054 874 0 1788864683 888888
13 14681 386 0 1788864683 890083
15 13056 1562 0 1788864683 891282
12 15456 279 0 1788864683 892334
15 13063 1096 0 1788864683 900546
14 14183 2723 0 1788864683 901712
13 14722 577 0 1788864683 920601
12 15503 422 0 1788864683 929172
15 13103 512 0 1788864683 930051
15 13122 90 0 1788864683 942049
12 15525 709 0 1788864683 942932
12 15529 608 0 1788864683 945506
14 14251 1775 0 1788864683 948064
14 14252 648 0 1788864683 948717
13 14774 496 0 1788864683 955791
12 15543 576 0 1788864683 956267
15 13144 575 0 1788864683 957824
14 14267 562 0 1788864683 959345
15 13156 509 0 1788864683 968481
14 14281 524 0 1788864683 968688
14 14284 772 0 1788864683 970810
15 13161 994 0 1788864683 971221
15 13162 218 0 1788864683 971444
14 14296 3480 0 1788864683 986986
15 13180 500 0 1788864683 990570
15 13183 262 0 1788864683 994112
12 15591 687 0 1788864684 2379
15 13194 811 0 1788864684 8712
13 14830 2019 0 1788864684 12544
15 13197 2208 0 1788864684 14722
14 14323 1890 0 1788864684 18898
13 14838 540 0 1788864684 21055
12 15626 632 0 1788864684 44910
13 14858 587 0 1788864684 45686
15 13231 86 0 1788864684 51235
12 15638 529 0 1788864684 54778
14 14363 583 0 1788864684 59729
14 14367 1592 0 1788864684 63389
14 14375 432 0 1788864684 83360
14 14380 700 0 1788864684 86185
13 14902 566 0 1788864684 93501
12 15685 1111 0 1788864684 115627
14 14402 87 0 1788864684 115868
15 13304 585 0 1788864684 124314
13 14931 1433 0 1788864684 124866
13 14935 546 0 1788864684 128213
15 13329 0 0 1788864684 133245
13 14940 4337 0 1788864684 133961
14 14418 4230 0 1788864684 133969
14 14426 1051 0 1788864684 144226
13 14952 677 0 1788864684 144342
15 13363 1295 0 1788864684 163121
12 15750 1191 0 1788864684 184440
14 14466 1138 0 1788864684 186979
14 14467 1090 0 1788864684 188091
13 15014 835 0 1788864684 198633
12 15787 995 0 1788864684 218010
13 15036 748 0 1788864684 218572
14 14502 460 0 1788864684 220669
15 13427 632 0 1788864684 224885
13 15041 114 0 1788864684 225274
12 15809 743 0 1788864684 236769
12 15817 624 0 1788864684 244751
15 13458 849 0 1788864684 252019
15 13467 1029 0 1788864684 259564
15 13471 1081 0 1788864684 263087
15 13475 432 0 1788864684 267256
14 14576 653 0 1788864684 284959
14 14586 730 0 1788864684 292558
13 15124 749 0 1788864684 293969
15 13515 729 0 1788864684 298657
15 13517 1676 0 1788864684 301219
15 13518 85 0 1788864684 301309
14 14601 729 0 1788864684 303825
12 15893 766 0 1788864684 305817
12 15903 746 0 1788864684 314845
12 15906 1003 0 1788864684 317370
13 15155 832 0 1788864684 317931
15 13545 914 0 1788864684 322320
14 14621 857 0 1788864684 323635
12 15913 486 0 1788864684 323928
15 13552 982 0 1788864684 330819
13 15168 867 0 1788864684 332715
15 13560 725 0 1788864684 337120
14 14642 711 0 1788864684 341645
15 13572 735 0 1788864684 346336
12 15942 1289 0 1788864684 350633
14 14654 913 0 1788864684 352097
15 13579 827 0 1788864684 353120
12 15950 837 0 1788864684 356902
14 14661 825 0 1788864684 358020
14 14664 807 0 1788864684 360336
12 15955 649 0 1788864684 360894
13 15208 687 0 1788864684 362568
13 15212 516 0 1788864684 364232
12 15980 749 0 1788864684 378200
13 15232 910 0 1788864684 380176
14 14693 610 0 1788864684 380813
13 15244 1733 0 1788864684 391728
15 13635 734 0 1788864684 393971
12 16005 90 0 1788864684 398083
14 14720 905 0 1788864684 399298
14 14726 415 0 1788864684 401221
15 13652 808 0 1788864684 413608
12 16022 658 0 1788864684 417524
13 15268 1129 0 1788864684 419331
12 16030 941 0 1788864684 427681
14 14768 451 0 1788864684 430294
14 14770 99 0 1788864684 430699
13 15286 1037 0 1788864684 432738
15 13682 879 0 1788864684 438809
12 16058 459 0 1788864684 447854
13 15304 742 0 1788864684 451112
12 16063 685 0 1788864684 451547
12 16065 856 0 1788864684 453324
13 15308 910 0 1788864684 454921
12 16068 795 0 1788864684 455315
14 14813 701 0 1788864684 463530
12 16082 530 0 1788864684 465772
14 14818 629 0 1788864684 468084
13 15319 786 0 1788864684 469746
14 14824 997 0 1788864684 472491
13 15325 490 0 1788864684 474953
15 13717 292 0 1788864684 479065
12 16121 763 0 1788864684 494854
13 15344 704 0 1788864684 495029
14 14873 826 0 1788864684 511240
13 15367 2208 0 1788864684 523939
12 16160 942 0 1788864684 528056
14 14891 1172 0 1788864684 529379
14 14892 811 0 1788864684 530199
12 16164 1423 0 1788864684 532083
14 14897 1159 0 1788864684 535543
15 13779 654 0 1788864684 537943
15 13781 554 0 1788864684 539145
14 14901 2475 0 1788864684 541051
13 15442 130 0 1788864684 543305
13 15451 181 0 1788864684 544963
13 15473 225 0 1788864684 548850
13 15496 92 0 1788864684 553114
15 13808 750 0 1788864684 558135
14 14936 540 0 1788864684 564055
14 14937 445 0 1788864684 564509
15 13826 1502 0 1788864684 578207
13 15524 784 0 1788864684 580010
15 13831 1066 0 1788864684 582974
15 13840 727 0 1788864684 589231
13 15540 1067 0 1788864684 597038
14 14969 1038 0 1788864684 597430
14 14976 1194 0 1788864684 605643
13 15550 1193 0 1788864684 608715
13 15552 1192 0 1788864684 611111
13 15555 1164 0 1788864684 614620
15 13882 1166 0 1788864684 625404
13 15568 1464 0 1788864684 630438
13 15575 0 0 1788864684 634287
13 15589 287 0 1788864684 641763
13 15591 332 0 1788864684 642425
15 13897 1677 0 1788864684 645179
14 15009 1565 0 1788864684 645401
12 16281 1485 0 1788864684 672950
14 15032 411 0 1788864684 681129
13 15638 592 0 1788864684 698151
13 15641 651 0 1788864684 700115
15 13948 865 0 1788864684 714569
15 13949 431 0 1788864684 715003
14 15079 1534 0 1788864684 739292
13 15669 1193 0 1788864684 740494
14 15094 1240 0 1788864684 763624
12 16352 1071 0 1788864684 766368
15 13980 1281 0 1788864684 768688
12 16364 1427 0 1788864684 780123
13 15702 859 0 1788864684 784396
14 15117 915 0 1788864684 789408
13 15709 1258 0 1788864684 791204
14 15120 835 0 1788864684 792117
13 15712 953 0 1788864684 794065
15 14013 942 0 1788864684 802244
13 15723 955 0 1788864684 804469
12 16389 1140 0 1788864684 805137
13 15731 975 0 1788864684 812005
14 15150 774 0 1788864684 824234
13 15747 839 0 1788864684 825627
14 15152 936 0 1788864684 825821
12 16414 761 0 1788864684 826876
12 16418 798 0 1788864684 830085
12 16422 862 0 1788864684 833448
15 14051 719 0 1788864684 835345
12 16425 776 0 1788864684 835930
15 14055 86 0 1788864684 838529
12 16432 706 0 1788864684 841263
12 16435 1872 0 1788864684 844780
14 15184 831 0 1788864684 848624
12 16448 708 0 1788864684 854165
13 15786 0 0 1788864684 856551
13 15793 1637 0 1788864684 867492
13 15797 2066 0 1788864684 873348
15 14082 1124 0 1788864684 873552
14 15224 781 0 1788864684 899494
15 14102 1249 0 1788864684 900210
13 15825 965 0 1788864684 905371
14 15240 781 0 1788864684 913898
12 16500 491 0 1788864684 916176
12 16501 622 0 1788864684 916803
13 15844 626 0 1788864684 919471
15 14128 469 0 1788864684 920604
12 16512 536 0 1788864684 921517
12 16515 537 0 1788864684 922860
13 15862 578 0 1788864684 927816
12 16526 584 0 1788864684 927916
13 15870 511 0 1788864684 932062
13 15871 941 0 1788864684 933009
14 15276 580 0 1788864684 933691
12 16538 492 0 1788864684 934285
14 15283 944 0 1788864684 937821
13 15882 558 0 1788864684 939049
13 15890 439 0 1788864684 944871
12 16567 558 0 1788864684 950719
15 14195 449 0 1788864684 956885
13 15919 380 0 1788864684 959180
14 15331 565 0 1788864684 961855
12 16600 387 0 1788864684 965681
12 16601 382 0 1788864684 966068
12 16603 194 0 1788864684 966642
12 16606 295 0 1788864684 967698
12 16610 426 0 1788864684 969114
12 16619 378 0 1788864684 972585
12 16625 480 0 1788864684 974868
12 16632 378 0 1788864684 977381
12 16635 709 0 1788864684 979140
14 15385 282 0 1788864684 983052
12 16645 392 0 1788864684 983543
14 15391 369 0 1788864684 985390
13 16010 374 0 1788864684 994514
15 14301 376 0 1788864684 997555
14 15423 415 0 1788864684 998080
13 16027 735 0 1788864685 1957
14 15439 372 0 1788864685 4449
13 16043 382 0 1788864685 7705
15 14326 390 0 1788864685 7805
12 16711 283 0 1788864685 9137
12 16712 387 0 1788864685 9529
14 15453 473 0 1788864685 9908
13 16053 678 0 1788864685 11870
13 16077 91 0 1788864685 22946
15 14360 555 0 1788864685 23104
14 15489 389 0 1788864685 26630
14 15490 691 0 1788864685 27326
12 16750 546 0 1788864685 27979
14 15495 487 0 1788864685 29790
12 16756 507 0 1788864685 30948
14 15500 781 0 1788864685 32451
15 14386 649 0 1788864685 35868
12 16781 575 0 1788864685 44261
15 14406 675 0 1788864685 47859
15 14414 611 0 1788864685 52442
13 16131 1158 0 1788864685 53238
13 16139 591 0 1788864685 56986
13 16143 590 0 1788864685 59317
13 16146 580 0 1788864685 61068
12 16811 957 0 1788864685 62320
14 15553 186 0 1788864685 63175
13 16154 469 0 1788864685 65255
14 15558 485 0 1788864685 65549
15 14440 509 0 1788864685 67193
15 14451 564 0 1788864685 73739
12 16838 567 0 1788864685 76822
14 15589 551 0 1788864685 83454
14 15592 552 0 1788864685 85121
15 14472 622 0 1788864685 85483
13 16194 488 0 1788864685 88309
12 16861 525 0 1788864685 89695
15 14481 445 0 1788864685 90347
13 16199 432 0 1788864685 90980
13 16206 490 0 1788864685 95031
12 16871 586 0 1788864685 95521
15 14492 584 0 1788864685 96627
15 14505 760 0 1788864685 104400
13 16231 728 0 1788864685 110231
15 14522 739 0 1788864685 117233
12 16901 1008 0 1788864685 118946
13 16247 741 0 1788864685 122174
15 14529 699 0 1788864685 122688
15 14540 743 0 1788864685 132962
12 16918 181 0 1788864685 133422
13 16280 735 0 1788864685 147678
15 14562 739 0 1788864685 149335
15 14564 736 0 1788864685 150813
12 16950 752 0 1788864685 158296
13 16299 649 0 1788864685 162251
12 16954 1046 0 1788864685 162283
12 16963 1338 0 1788864685 170329
14 15711 1460 0 1788864685 172153
13 16310 1489 0 1788864685 174568
15 14594 1361 0 1788864685 180823
13 16319 248 0 1788864685 181354
15 14602 1350 0 1788864685 190394
14 15739 1283 0 1788864685 212576
12 16998 1311 0 1788864685 219693
14 15744 1194 0 1788864685 219795
15 14623 4217 0 1788864685 224739
13 16354 927 0 1788864685 232073
12 17012 752 0 1788864685 239548
14 15773 1099 0 1788864685 247866
12 17028 875 0 1788864685 254799
12 17030 846 0 1788864685 256838
12 17032 848 0 1788864685 258511
13 16393 1134 0 1788864685 272444
15 14676 0 0 1788864685 274533
13 16402 141 0 1788864685 277935
13 16418 77 0 1788864685 279914
14 15809 228 0 1788864685 282675
13 16436 850 0 1788864685 286025
12 17068 1594 0 1788864685 290380
15 14710 943 0 1788864685 290389
12 17082 719 0 1788864685 300626
15 14736 799 0 1788864685 303700
13 16468 598 0 1788864685 310816
14 15845 1324 0 1788864685 312015
15 14747 784 0 1788864685 312385
12 17101 443 0 1788864685 315490
15 14752 798 0 1788864685 316698
13 16476 848 0 1788864685 316730
14 15858 127 0 1788864685 318320
13 16479 721 0 1788864685 318575
14 15861 475 0 1788864685 319690
14 15881 252 0 1788864685 327294
13 16491 293 0 1788864685 332086
14 15905 372 0 1788864685 335025
13 16510 218 0 1788864685 337497
12 17128 215 0 1788864685 337552
14 15915 257 0 1788864685 338143
13 16526 84 0 1788864685 340214
12 17138 409 0 1788864685 341422
15 14796 155 0 1788864685 344554
14 15931 265 0 1788864685 344825
15 14799 91 0 1788864685 345250
15 14807 375 0 1788864685 347098
13 16560 1172 0 1788864685 349192
12 17163 855 0 1788864685 352087
14 15966 360 0 1788864685 359317
15 14836 381 0 1788864685 360175
12 17185 376 0 1788864685 360745
13 16602 501 0 1788864685 366339
12 17198 796 0 1788864685 366546
12 17207 369 0 1788864685 368628
13 16631 315 0 1788864685 375096
13 16641 188 0 1788864685 379063
12 17241 105 0 1788864685 381697
12 17249 185 0 1788864685 383154
15 14929 86 0 1788864685 384349
13 16658 231 0 1788864685 384399
15 14941 371 0 1788864685 389113
14 16065 411 0 1788864685 396891
14 16066 410 0 1788864685 397308
14 16071 395 0 1788864685 399382
12 17288 709 0 1788864685 399492
15 14970 393 0 1788864685 401218
14 16079 487 0 1788864685 403059
15 14976 510 0 1788864685 404080
13 16703 245 0 1788864685 404330
15 14979 200 0 1788864685 405065
14 16086 391 0 1788864685 406173
14 16094 414 0 1788864685 409452
14 16102 759 0 1788864685 413442
13 16729 0 0 1788864685 417804
14 16116 387 0 1788864685 422643
12 17343 401 0 1788864685 424494
15 15024 1384 0 1788864685 427485
14 16131 414 0 1788864685 429570
14 16132 486 0 1788864685 430062
15 15031 616 0 1788864685 431719
12 17361 317 0 1788864685 434946
15 15038 454 0 1788864685 435966
13 16771 0 0 1788864685 443029
14 16151 429 0 1788864685 443912
14 16155 830 0 1788864685 447659
13 16783 257 0 1788864685 451152
14 16161 363 0 1788864685 451845
14 16163 0 0 1788864685 452735
12 17405 529 0 1788864685 460828
12 17406 609 0 1788864685 461451
14 16184 675 0 1788864685 463437
12 17410 0 0 1788864685 463637
12 17414 0 0 1788864685 466370
14 16189 0 0 1788864685 467345
14 16190 261 0 1788864685 467822
12 17424 0 0 1788864685 472186
13 16826 170 0 1788864685 474026
12 17448 327 0 1788864685 481898
15 15097 380 0 1788864685 484747
12 17456 637 0 1788864685 485704
13 16860 0 0 1788864685 488036
15 15103 0 0 1788864685 489573
14 16259 0 0 1788864685 501744
15 15111 0 0 1788864685 503662
14 16273 0 0 1788864685 505235
14 16274 0 0 1788864685 505434
14 16284 0 0 1788864685 507563
14 16295 0 0 1788864685 509468
14 16300 0 0 1788864685 510374
14 16310 0 0 1788864685 512223
14 16335 0 0 1788864685 516806
13 16878 324 0 1788864685 521754
15 15151 446 0 1788864685 571838
15 15152 811 0 1788864685 572655
15 15154 658 0 1788864685 574158
12 17504 415 0 1788864685 578820
15 15164 0 0 1788864685 581258
15 15175 0 0 1788864685 583942
14 16395 281 0 1788864685 586359
12 17521 509 0 1788864685 589141
14 16403 678 0 1788864685 590397
15 15190 715 0 1788864685 590829
14 16409 0 0 1788864685 594560
15 15197 0 0 1788864685 594987
15 15198 740 0 1788864685 596004
14 16423 592 0 1788864685 602291
13 16979 796 0 1788864685 606350
15 15213 0 0 1788864685 607584
12 17567 360 0 1788864685 612860
14 16449 640 0 1788864685 615958
15 15226 817 0 1788864685 616878
14 16458 0 0 1788864685 621368
15 15239 322 0 1788864685 624090
13 17009 749 0 1788864685 624622
14 16464 0 0 1788864685 626244
12 17591 0 0 1788864685 627596
14 16472 477 0 1788864685 629735
13 17021 0 0 1788864685 630595
15 15258 239 0 1788864685 630996
12 17603 274 0 1788864685 631478
12 17611 317 0 1788864685 633885
15 15270 287 0 1788864685 634882
14 16489 277 0 1788864685 635278
15 15277 446 0 1788864685 637526
12 17627 303 0 1788864685 640187
15 15284 238 0 1788864685 640523
14 16509 315 0 1788864685 643764
12 17650 518 0 1788864685 649203
12 17657 259 0 1788864685 651855
13 17080 395 0 1788864685 652789
15 15333 374 0 1788864685 665145
13 17105 383 0 1788864685 665435
15 15346 895 0 1788864685 672592
15 15351 0 0 1788864685 675605
13 17138 0 0 1788864685 683868
12 17723 848 0 1788864685 685567
13 17146 1264 0 1788864685 689748
15 15370 1336 0 1788864685 690091
15 15372 415 0 1788864685 690913
15 15381 388 0 1788864685 696230
15 15382 140 0 1788864685 696376
13 17164 479 0 1788864685 698747
12 17768 480 0 1788864685 708537
13 17193 454 0 1788864685 712742
12 17779 0 0 1788864685 713669
13 17199 0 0 1788864685 714878
15 15424 0 0 1788864685 717169
12 17791 0 0 1788864685 718605
13 17210 0 0 1788864685 719291
13 17217 0 0 1788864685 720616
15 15439 0 0 1788864685 721073
14 16676 0 0 1788864685 728417
15 15448 4973 0 1788864685 728847
15 15457 0 0 1788864685 731015
15 15464 0 0 1788864685 732286
14 16691 0 0 1788864685 736040
12 17809 0 0 1788864685 737686
12 17811 0 0 1788864685 738318
14 16704 0 0 1788864685 739046
12 17819 0 0 1788864685 740172
15 15493 131 0 1788864685 740208
15 15500 228 0 1788864685 741833
13 17302 388 0 1788864685 744066
12 17845 0 0 1788864685 745528
14 16731 531 0 1788864685 745941
14 16740 0 0 1788864685 747598
15 15533 0 0 1788864685 749296
13 17319 0 0 1788864685 750405
12 17859 0 0 1788864685 756908
14 16753 305 0 1788864685 758031
13 17374 227 0 1788864685 758408
14 16757 16399 0 1788864685 775978
15 15575 144 0 1788864685 780899
15 15579 179 0 1788864685 781630
13 17381 172 0 1788864685 783869
15 15595 0 0 1788864685 788915
13 17399 464 0 1788864685 791681
14 16784 231 0 1788864685 792851
12 17910 683 0 1788864685 800842
15 15617 0 0 1788864685 803693
13 17430 362 0 1788864685 810277
15 15639 216 0 1788864685 812648
15 15643 409 0 1788864685 814198
15 15648 327 0 1788864685 816150
15 15658 231 0 1788864685 820530
14 16843 519 0 1788864685 820735
12 17969 246 0 1788864685 821965
14 16851 257 0 1788864685 823231
13 17459 508 0 1788864685 824877
15 15675 1149 0 1788864685 828524
14 16891 265 0 1788864685 836979
13 17482 384 0 1788864685 839547
12 18031 488 0 1788864685 842464
15 15731 263 0 1788864685 846012
14 16937 373 0 1788864685 851232
12 18068 188 0 1788864685 851426
12 18073 0 0 1788864685 852594
14 16946 109 0 1788864685 853375
15 15753 0 0 1788864685 854460
15 15754 0 0 1788864685 854548
13 17506 619 0 1788864685 854829
14 16956 276 0 1788864685 856726
14 16960 302 0 1788864685 857871
14 16969 581 0 1788864685 863705
13 17521 503 0 1788864685 865640
12 18111 0 0 1788864685 867616
13 17533 0 0 1788864685 871399
15 15811 0 0 1788864685 876402
15 15819 0 0 1788864685 877800
15 15851 0 0 1788864685 883416
15 15861 0 0 1788864685 885210
15 15863 0 0 1788864685 885571
15 15868 0 0 1788864685 886397
15 15876 0 0 1788864685 887791
12 18126 336 0 1788864685 891711
13 17548 167 0 1788864685 893187
13 17553 127 0 1788864685 893822
12 18131 158 0 1788864685 893985
15 15885 276 0 1788864685 893992
13 17578 71 0 1788864685 896527
15 15894 120 0 1788864685 897101
12 18172 0 0 1788864685 905733
13 17636 0 0 1788864685 916181
13 17640 0 0 1788864685 917666
14 17040 721 0 1788864685 918930
12 18210 181 0 1788864685 919237
13 17645 352 0 1788864685 919806
14 17042 435 0 1788864685 919984
15 15955 703 0 1788864685 925330
13 17659 467 0 1788864685 926370
12 18235 1319 0 1788864685 929894
14 17067 981 0 1788864685 932742
12 18246 427 0 1788864685 937735
13 17686 93 0 1788864685 942311
15 15975 175 0 1788864685 942321
14 17094 831 0 1788864685 949135
13 17702 303 0 1788864685 949807
12 18277 0 0 1788864685 951011
14 17098 728 0 1788864685 951208
12 18286 0 0 1788864685 955093
13 17715 4006 0 1788864685 960642
14 17110 595 0 1788864685 961675
13 17722 230 0 1788864685 965323
14 17127 693 0 1788864685 973899
13 17737 249 0 1788864685 975652
13 17784 110 0 1788864685 984327
15 16035 2430 0 1788864685 985241
12 18338 1013 0 1788864685 986282
13 17800 141 0 1788864685 988065
15 16046 102 0 1788864685 989298
14 17158 218 0 1788864685 990400
14 17165 317 0 1788864685 992534
13 17815 585 0 1788864685 993125
13 17817 432 0 1788864685 994367
13 17820 487 0 1788864685 995998
15 16067 300 0 1788864685 997810
14 17179 279 0 1788864685 998168
14 17186 284 0 1788864686 199
13 17845 283 0 1788864686 3219
12 18403 293 0 1788864686 3969
14 17206 136 0 1788864686 5195
14 17218 111 0 1788864686 7273
12 18420 209 0 1788864686 7657
14 17221 99 0 1788864686 7855
12 18428 150 0 1788864686 8638
12 18445 185 0 1788864686 12317
14 17258 430 0 1788864686 18293
12 18464 0 0 1788864686 21393
12 18477 0 0 1788864686 26058
15 16107 0 0 1788864686 46671
15 16121 0 0 1788864686 51730
13 17917 9605 0 1788864686 52670
15 16130 409 0 1788864686 63667
13 17933 0 0 1788864686 67956
12 18524 0 0 1788864686 69633
13 17935 0 0 1788864686 71069
12 18537 0 0 1788864686 82553
15 16172 1442 0 1788864686 128137
13 17993 1133 0 1788864686 152779
14 17349 892 0 1788864686 162565
12 18596 994 0 1788864686 168717
13 18014 2314 0 1788864686 172390
15 16203 540 0 1788864686 174040
13 18020 436 0 1788864686 179683
12 18606 749 0 1788864686 185085
14 17375 888 0 1788864686 194881
15 16241 1949 0 1788864686 216354
12 18633 839 0 1788864686 218664
14 17406 942 0 1788864686 236479
14 17422 1648 0 1788864686 254338
13 18081 649 0 1788864686 263935
13 18088 1587 0 1788864686 274267
12 18679 98 0 1788864686 291647
12 18689 1966 0 1788864686 304689
15 16292 920 0 1788864686 314900
14 17474 933 0 1788864686 326321
15 16316 1356 0 1788864686 330093
13 18137 0 0 1788864686 333165
12 18724 916 0 1788864686 333380
13 18139 479 0 1788864686 334908
14 17484 654 0 1788864686 335842
12 18746 341 0 1788864686 344421
15 16347 937 0 1788864686 357931
12 18769 528 0 1788864686 359708
13 18185 602 0 1788864686 369305
13 18186 2587 0 1788864686 371898
13 18188 596 0 1788864686 372938
13 18196 377 0 1788864686 376926
14 17537 501 0 1788864686 378269
12 18798 846 0 1788864686 381693
14 17541 708 0 1788864686 381916
13 18204 496 0 1788864686 382757
13 18210 1200 0 1788864686 388044
14 17572 717 0 1788864686 403947
12 18833 1230 0 1788864686 406396
13 18255 2333 0 1788864686 408148
13 18257 305 0 1788864686 409164
13 18274 444 0 1788864686 414893
14 17588 749 0 1788864686 416383
13 18282 411 0 1788864686 416938
15 16368 571 0 1788864686 417603
14 17592 333 0 1788864686 419023
14 17593 407 0 1788864686 419436
15 16379 480 0 1788864686 422706
12 18859 746 0 1788864686 432879
15 16406 668 0 1788864686 435804
14 17618 373 0 1788864686 437603
13 18325 695 0 1788864686 445625
15 16423 4240 0 1788864686 445634
15 16428 0 0 1788864686 446788
15 16439 189 0 1788864686 449840
12 18876 1125 0 1788864686 450970
15 16447 1027 0 1788864686 452970
14 17648 512 0 1788864686 453796
15 16470 991 0 1788864686 467456
13 18363 1059 0 1788864686 477517
15 16486 864 0 1788864686 487791
12 18924 1115 0 1788864686 495813
15 16495 757 0 1788864686 498291
12 18928 0 0 1788864686 498800
13 18383 927 0 1788864686 499730
15 16499 615 0 1788864686 502122
13 18392 290 0 1788864686 507416
15 16507 1053 0 1788864686 510040
13 18398 1171 0 1788864686 513325
15 16512 984 0 1788864686 515130
14 17706 754 0 1788864686 517297
14 17715 771 0 1788864686 524173
13 18421 814 0 1788864686 531344
12 18975 734 0 1788864686 535175
13 18429 770 0 1788864686 537525
15 16547 818 0 1788864686 543759
14 17741 665 0 1788864686 545213
14 17747 532 0 1788864686 550102
14 17752 603 0 1788864686 553058
13 18448 328 0 1788864686 553468
14 17762 736 0 1788864686 559601
12 19020 514 0 1788864686 561326
12 19024 331 0 1788864686 563074
15 16585 407 0 1788864686 568005
13 18487 244 0 1788864686 575865
12 19053 410 0 1788864686 578087
15 16608 411 0 1788864686 578532
12 19056 535 0 1788864686 579355
15 16621 1040 0 1788864686 585436
12 19070 531 0 1788864686 586413
12 19092 299 0 1788864686 595983
12 19097 332 0 1788864686 597975
13 18535 459 0 1788864686 598292
14 17810 198 0 1788864686 598446
13 18540 453 0 1788864686 600049
14 17826 305 0 1788864686 604168
12 19120 429 0 1788864686 607815
13 18568 234 0 1788864686 616982
12 19141 341 0 1788864686 620237
14 17868 440 0 1788864686 625179
14 17872 549 0 1788864686 628123
15 16714 389 0 1788864686 641103
15 16721 247 0 1788864686 644680
14 17907 266 0 1788864686 646007
13 18601 226 0 1788864686 647179
13 18604 495 0 1788864686 648136
13 18619 169 0 1788864686 651789
12 19198 171 0 1788864686 651971
15 16741 178 0 1788864686 652752
14 17929 221 0 1788864686 653126
15 16745 213 0 1788864686 653707
14 17934 241 0 1788864686 654811
14 17944 0 0 1788864686 656589
12 19214 346 0 1788864686 657560
14 17953 397 0 1788864686 661396
14 17958 502 0 1788864686 663375
12 19230 340 0 1788864686 664467
13 18657 228 0 1788864686 665341
13 18660 131 0 1788864686 665763
14 17968 401 0 1788864686 667537
12 19240 119 0 1788864686 667625
14 17981 348 0 1788864686 671758
14 17982 422 0 1788864686 672185
14 17986 234 0 1788864686 673133
15 16800 146 0 1788864686 675044
13 18692 98 0 1788864686 675262
12 19259 1163 0 1788864686 677817
13 18718 178 0 1788864686 684602
12 19264 2099 0 1788864686 691920
12 19270 0 0 1788864686 708297
13 18734 2564 0 1788864686 715218
15 16836 1410 0 1788864686 716719
15 16845 453 0 1788864686 724414
14 18030 1790 0 1788864686 729727
15 16855 664 0 1788864686 731000
14 18052 457 0 1788864686 753880
12 19319 1595 0 1788864686 757741
13 18803 3267 0 1788864686 760353
13 18813 195 0 1788864686 766840
15 16894 290 0 1788864686 767593
13 18822 160 0 1788864686 769574
12 19346 311 0 1788864686 772760
15 16919 3405 0 1788864686 794078
14 18061 1287 0 1788864686 794967
13 18866 142 0 1788864686 801260
15 16939 133 0 1788864686 804111
15 16942 199 0 1788864686 804733
13 18878 199 0 1788864686 806637
12 19363 264 0 1788864686 807483
13 18893 364 0 1788864686 813226
14 18121 230 0 1788864686 815462
14 18139 170 0 1788864686 818583
15 16956 592 0 1788864686 820773
12 19380 520 0 1788864686 822136
13 18919 375 0 1788864686 823259
14 18152 409 0 1788864686 823268
13 18926 509 0 1788864686 826402
14 18181 587 0 1788864686 842113
14 18207 324 0 1788864686 851181
14 18208 574 0 1788864686 851761
14 18210 479 0 1788864686 852976
13 18975 1241 0 1788864686 853708
13 18978 1006 0 1788864686 856096
14 18242 450 0 1788864686 865393
15 16986 433 0 1788864686 867518
15 16997 244 0 1788864686 869677
14 18255 320 0 1788864686 871404
13 19006 262 0 1788864686 871538
13 19010 236 0 1788864686 872596
13 19011 272 0 1788864686 872872
14 18268 0 0 1788864686 875412
15 17031 226 0 1788864686 875716
15 17034 179 0 1788864686 876318
15 17044 203 0 1788864686 878111
15 17045 360 0 1788864686 878518
12 19389 317 0 1788864686 883110
12 19391 465 0 1788864686 883735
12 19392 132 0 1788864686 883876
12 19400 542 0 1788864686 885637
12 19403 128 0 1788864686 887125
15 17103 74 0 1788864686 890391
15 17105 99 0 1788864686 890577
15 17106 572 0 1788864686 891153
12 19410 1246 0 1788864686 893208
13 19050 1172 0 1788864686 894443
15 17121 1488 0 1788864686 899660
12 19426 438 0 1788864686 902861
14 18308 1220 0 1788864686 911547
14 18317 2137 0 1788864686 922606
13 19075 1071 0 1788864686 927943
12 19450 675 0 1788864686 933835
14 18339 663 0 1788864686 942747
13 19098 805 0 1788864686 947744
12 19468 615 0 1788864686 948913
13 19110 567 0 1788864686 957923
15 17218 530 0 1788864686 980960
12 19509 946 0 1788864686 981801
12 19511 95 0 1788864686 982525
12 19513 299 0 1788864686 983153
14 18402 359 0 1788864686 988174
14 18415 130 0 1788864686 991923
15 17244 121 0 1788864686 992095
13 19174 461 0 1788864686 993706
12 19554 549 0 1788864686 999622
13 19194 207 0 1788864687 123
12 19555 821 0 1788864687 450
12 19567 0 0 1788864687 5833
14 18444 459 0 1788864687 6938
14 18448 863 0 1788864687 9372
13 19209 2871 0 1788864687 10367
13 19222 161 0 1788864687 14699
13 19243 0 0 1788864687 21575
15 17290 463 0 1788864687 22732
14 18485 166 0 1788864687 29172
12 19606 728 0 1788864687 31222
12 19646 621 0 1788864687 55189
15 17351 870 0 1788864687 59881
13 19332 91 0 1788864687 69446
13 19360 89 0 1788864687 72155
12 19668 902 0 1788864687 76106
12 19669 380 0 1788864687 76532
12 19670 536 0 1788864687 77071
13 19372 1206 0 1788864687 77397
13 19376 87 0 1788864687 77810
13 19389 88 0 1788864687 80936
12 19679 894 0 1788864687 83143
13 19413 89 0 1788864687 83329
15 17382 688 0 1788864687 86388
14 18568 493 0 1788864687 90605
15 17389 702 0 1788864687 93777
12 19695 698 0 1788864687 96502
13 19440 362 0 1788864687 97027
12 19712 82 0 1788864687 98343
14 18590 186 0 1788864687 100095
13 19460 95 0 1788864687 102310
15 17418 598 0 1788864687 103888
13 19466 293 0 1788864687 104389
12 19754 1632 0 1788864687 106125
14 18609 109 0 1788864687 107794
13 19476 88 0 1788864687 110036
15 17433 198 0 1788864687 110403
13 19480 93 0 1788864687 110469
15 17435 94 0 1788864687 110729
13 19482 331 0 1788864687 110911
12 19785 76 0 1788864687 112426
12 19788 1000 0 1788864687 113654
14 18635 403 0 1788864687 115120
14 18640 208 0 1788864687 116339
12 19800 127 0 1788864687 116818
12 19807 214 0 1788864687 118424
15 17464 242 0 1788864687 119073
12 19812 2755 0 1788864687 122421
14 18662 665 0 1788864687 124579
12 19821 425 0 1788864687 125735
15 17489 0 0 1788864687 128152
15 17501 336 0 1788864687 130329
15 17503 247 0 1788864687 130778
15 17505 756 0 1788864687 131923
15 17512 399 0 1788864687 133994
15 17516 287 0 1788864687 134937
15 17528 97 0 1788864687 136934
14 18704 399 0 1788864687 139424
12 19886 403 0 1788864687 141004
12 19888 335 0 1788864687 141655
15 17554 174 0 1788864687 144751
14 18731 496 0 1788864687 145097
13 19594 563 0 1788864687 146276
12 19904 296 0 1788864687 146704
14 18737 182 0 1788864687 146712
15 17562 393 0 1788864687 147494
15 17567 381 0 1788864687 149536
15 17568 359 0 1788864687 149902
15 17580 1561 0 1788864687 155975
12 19939 437 0 1788864687 162843
15 17597 506 0 1788864687 163845
14 18781 399 0 1788864687 164345
13 19647 375 0 1788864687 169547
12 19960 382 0 1788864687 172529
15 17617 468 0 1788864687 173108
16 4 73 0 1788864677 269260
17 3 107 0 1788864677 269320
18 1 2113 0 1788864677 269345
19 2 89 0 1788864677 269391
19 4 141 0 1788864677 269606
19 6 82 0 1788864677 270158
18 10 70 0 1788864677 270886
18 13 90 0 1788864677 271116
17 16 95 0 1788864677 272525
17 19 363 0 1788864677 273432
17 27 287 0 1788864677 275536
19 19 562 0 1788864677 275719
19 26 164 0 1788864677 278694
19 28 317 0 1788864677 279173
18 29 462 0 1788864677 280688
19 29 1519 0 1788864677 280696
19 38 431 0 1788864677 285915
18 47 95 0 1788864677 287086
16 52 245 0 1788864677 288810
17 53 136 0 1788864677 288975
19 55 119 0 1788864677 289828
18 64 102 0 1788864677 290441
17 68 203 0 1788864677 298724
17 71 151 0 1788864677 299115
18 105 142 0 1788864677 299122
18 107 67 0 1788864677 299321
18 116 136 0 1788864677 300896
17 79 92 0 1788864677 301116
16 88 95 0 1788864677 302183
18 135 65 0 1788864677 303296
18 141 64 0 1788864677 303913
18 142 79 0 1788864677 303996
18 153 134 0 1788864677 306996
17 122 140 0 1788864677 308918
16 131 140 0 1788864677 310310
18 191 202 0 1788864677 316557
17 161 803 0 1788864677 317916
16 168 1223 0 1788864677 319855
17 165 621 0 1788864677 321669
17 168 231 0 1788864677 322778
19 129 1285 0 1788864677 326717
16 185 272 0 1788864677 330720
19 143 319 0 1788864677 331124
16 194 245 0 1788864677 333408
19 154 232 0 1788864677 334108
17 192 185 0 1788864677 335137
19 159 343 0 1788864677 335760
17 204 191 0 1788864677 338216
16 217 149 0 1788864677 338567
19 169 461 0 1788864677 339851
19 170 334 0 1788864677 340225
18 250 338 0 1788864677 344343
17 231 161 0 1788864677 345013
16 243 269 0 1788864677 345324
16 246 241 0 1788864677 345825
17 242 399 0 1788864677 347347
16 255 209 0 1788864677 347561
16 258 96 0 1788864677 348006
18 267 135 0 1788864677 348526
19 191 508 0 1788864677 350382
18 279 80 0 1788864677 350607
16 275 284 0 1788864677 352177
18 288 183 0 1788864677 352388
16 285 177 0 1788864677 354908
17 273 257 0 1788864677 355374
17 286 172 0 1788864677 359482
18 316 655 0 1788864677 360209
19 209 92 0 1788864677 360276
17 291 229 0 1788864677 360480
17 295 149 0 1788864677 362505
17 298 300 0 1788864677 363326
18 335 138 0 1788864677 364354
18 339 85 0 1788864677 364773
16 327 117 0 1788864677 366265
17 314 282 0 1788864677 367028
16 341 222 0 1788864677 369662
18 387 240 0 1788864677 371706
19 233 680 0 1788864677 375445
18 423 140 0 1788864677 380518
18 426 84 0 1788864677 380898
18 456 219 0 1788864677 385378
17 398 109 0 1788864677 388409
16 418 201 0 1788864677 388856
16 427 362 0 1788864677 391127
16 430 396 0 1788864677 392080
17 420 172 0 1788864677 393003
16 442 186 0 1788864677 394604
17 431 214 0 1788864677 395328
18 515 107 0 1788864677 395803
16 448 158 0 1788864677 395988
16 449 238 0 1788864677 396230
16 450 247 0 1788864677 396485
18 526 163 0 1788864677 397931
18 528 183 0 1788864677 398249
18 530 174 0 1788864677 398618
18 534 597 0 1788864677 399783
17 461 226 0 1788864677 402031
17 464 184 0 1788864677 402680
16 506 271 0 1788864677 408535
18 590 178 0 1788864677 409519
17 500 199 0 1788864677 410073
18 597 201 0 1788864677 410745
16 519 249 0 1788864677 411186
18 600 76 0 1788864677 411191
18 624 143 0 1788864677 414707
19 257 2539 0 1788864677 417144
17 543 126 0 1788864677 418918
16 560 129 0 1788864677 419283
16 568 125 0 1788864677 420226
16 579 124 0 1788864677 421497
16 584 0 0 1788864677 422015
18 671 157 0 1788864677 423479
18 673 136 0 1788864677 423787
18 683 153 0 1788864677 425567
16 596 243 0 1788864677 427653
18 733 62 0 1788864677 433383
18 740 152 0 1788864677 434483
16 607 297 0 1788864677 439047
18 801 72 0 1788864677 445079
18 815 85 0 1788864677 446221
17 598 89 0 1788864677 450025
17 599 116 0 1788864677 450145
17 601 141 0 1788864677 450460
16 630 165 0 1788864677 451105
18 860 125 0 1788864677 452415
19 289 1040 0 1788864677 453837
18 873 172 0 1788864677 454143
19 291 208 0 1788864677 454199
19 293 775 0 1788864677 455225
16 651 106 0 1788864677 455337
17 628 463 0 1788864677 455988
19 295 440 0 1788864677 456085
18 898 376 0 1788864677 460732
18 904 90 0 1788864677 462261
18 906 342 0 1788864677 463044
19 315 374 0 1788864677 463092
18 917 200 0 1788864677 465989
17 663 205 0 1788864677 466037
18 920 198 0 1788864677 466714
17 666 267 0 1788864677 466764
19 331 273 0 1788864677 467989
19 342 182 0 1788864677 470680
18 956 289 0 1788864677 473889
16 729 214 0 1788864677 476416
18 978 279 0 1788864677 478848
19 377 170 0 1788864677 479326
16 745 198 0 1788864677 480106
17 717 253 0 1788864677 480201
18 990 394 0 1788864677 481805
19 390 293 0 1788864677 482582
16 762 213 0 1788864677 483859
17 734 283 0 1788864677 484170
18 998 331 0 1788864677 484302
17 737 228 0 1788864677 484861
18 1001 106 0 1788864677 485091
16 777 255 0 1788864677 488161
18 1015 323 0 1788864677 488948
19 421 318 0 1788864677 491085
16 787 281 0 1788864677 491179
17 762 428 0 1788864677 491638
16 790 1203 0 1788864677 492715
17 763 1082 0 1788864677 492724
17 764 335 0 1788864677 493082
18 1038 230 0 1788864677 494748
18 1049 92 0 1788864677 496135
17 770 442 0 1788864677 497604
18 1061 141 0 1788864677 498111
17 773 1164 0 1788864677 499867
18 1099 165 0 1788864677 505209
18 1122 53 0 1788864677 508974
18 1132 146 0 1788864677 510631
16 817 679 0 1788864677 513122
17 795 644 0 1788864677 515522
18 1171 349 0 1788864677 518071
16 828 517 0 1788864677 519505
17 803 804 0 1788864677 520481
18 1184 336 0 1788864677 522751
18 1186 444 0 1788864677 523430
16 852 483 0 1788864677 531031
16 855 212 0 1788864677 531844
16 857 319 0 1788864677 532539
16 858 539 0 1788864677 533083
17 831 277 0 1788864677 533710
16 868 287 0 1788864677 536463
17 840 295 0 1788864677 536887
19 508 419 0 1788864677 540904
18 1231 171 0 1788864677 542101
19 511 586 0 1788864677 542362
19 513 305 0 1788864677 543105
19 519 370 0 1788864677 550529
18 1250 1411 0 1788864677 565733
19 540 362 0 1788864677 566957
17 889 648 0 1788864677 567896
19 549 300 0 1788864677 569521
17 899 316 0 1788864677 573235
19 563 130 0 1788864677 573278
17 902 160 0 1788864677 573736
19 569 239 0 1788864677 575291
16 951 85 0 1788864677 577582
18 1275 559 0 1788864677 578074
19 581 229 0 1788864677 579379
17 933 353 0 1788864677 582155
16 992 270 0 1788864677 595440
16 1002 465 0 1788864677 599139
19 621 235 0 1788864677 600147
16 1006 0 0 1788864677 600394
19 631 392 0 1788864677 605013
16 1035 306 0 1788864677 611521
16 1040 335 0 1788864677 612861
16 1048 209 0 1788864677 615252
16 1051 601 0 1788864677 617196
17 1014 128 0 1788864677 618311
17 1022 603 0 1788864677 620425
17 1027 107 0 1788864677 621224
19 678 486 0 1788864677 625667
19 680 325 0 1788864677 626441
16 1080 199 0 1788864677 626936
19 693 267 0 1788864677 629768
16 1091 305 0 1788864677 629931
18 1343 204 0 1788864677 631587
17 1066 305 0 1788864677 631927
19 706 509 0 1788864677 634911
17 1074 186 0 1788864677 636007
19 710 269 0 1788864677 636132
17 1077 110 0 1788864677 636762
18 1374 202 0 1788864677 637444
18 1390 196 0 1788864677 640821
17 1103 310 0 1788864677 643037
17 1107 226 0 1788864677 643963
19 723 466 0 1788864677 645021
19 728 687 0 1788864677 648524
18 1428 199 0 1788864677 648633
17 1132 183 0 1788864677 653575
19 742 279 0 1788864677 654138
17 1137 161 0 1788864677 654429
18 1465 197 0 1788864677 655673
16 1187 472 0 1788864677 659217
18 1473 380 0 1788864677 659627
18 1474 443 0 1788864677 660073
19 769 446 0 1788864677 664397
19 771 393 0 1788864677 665008
19 772 264 0 1788864677 665300
16 1206 400 0 1788864677 665924
19 776 371 0 1788864677 666742
17 1167 382 0 1788864677 669488
19 794 226 0 1788864677 672193
16 1226 365 0 1788864677 672226
19 807 309 0 1788864677 676090
18 1483 1429 0 1788864677 676748
18 1484 2189 0 1788864677 678960
19 818 113 0 1788864677 679539
19 822 224 0 1788864677 680280
16 1256 419 0 1788864677 681065
17 1197 286 0 1788864677 681546
19 828 270 0 1788864677 681868
17 1198 421 0 1788864677 681997
19 829 259 0 1788864677 682132
17 1200 304 0 1788864677 682579
19 831 1159 0 1788864677 683776
16 1270 210 0 1788864677 685814
19 840 339 0 1788864677 687427
18 1543 98 0 1788864677 692016
19 851 351 0 1788864677 692175
19 855 482 0 1788864677 693962
18 1563 133 0 1788864677 694552
16 1298 349 0 1788864677 694991
18 1567 126 0 1788864677 695093
19 880 655 0 1788864677 707155
17 1260 781 0 1788864677 709343
19 885 596 0 1788864677 709572
16 1355 277 0 1788864677 718189
16 1387 139 0 1788864677 725795
18 1647 251 0 1788864677 726710
18 1659 101 0 1788864677 729075
16 1410 183 0 1788864677 730474
17 1292 973 0 1788864677 730965
19 966 129 0 1788864677 731953
16 1426 83 0 1788864677 733378
18 1686 171 0 1788864677 735280
19 985 369 0 1788864677 738291
16 1452 299 0 1788864677 738342
19 993 369 0 1788864677 741192
19 997 341 0 1788864677 742467
16 1472 231 0 1788864677 744931
18 1729 209 0 1788864677 745619
18 1735 284 0 1788864677 747016
16 1484 133 0 1788864677 747253
18 1738 376 0 1788864677 747842
16 1488 161 0 1788864677 747935
17 1314 805 0 1788864677 747943
16 1489 215 0 1788864677 748164
18 1741 221 0 1788864677 748490
16 1505 216 0 1788864677 750962
18 1752 252 0 1788864677 751104
16 1516 237 0 1788864677 753437
19 1018 818 0 1788864677 754050
18 1767 397 0 1788864677 756976
18 1768 183 0 1788864677 757186
16 1536 125 0 1788864677 758009
16 1547 193 0 1788864677 759834
16 1556 184 0 1788864677 761323
16 1576 167 0 1788864677 765323
16 1577 120 0 1788864677 765454
19 1042 548 0 1788864677 766568
19 1043 297 0 1788864677 766870
16 1602 107 0 1788864677 770029
16 1624 178 0 1788864677 773912
19 1059 336 0 1788864677 775326
16 1656 421 0 1788864677 780913
18 1846 194 0 1788864677 786280
16 1670 603 0 1788864677 790349
19 1095 178 0 1788864677 793924
18 1877 190 0 1788864677 794023
18 1889 416 0 1788864677 796863
17 1366 443 0 1788864677 797508
19 1108 332 0 1788864677 797997
18 1905 219 0 1788864677 801212
17 1375 442 0 1788864677 802628
18 1931 166 0 1788864677 807327
18 1934 185 0 1788864677 807813
16 1723 388 0 1788864677 808232
18 1971 117 0 1788864677 813493
19 1160 284 0 1788864677 814853
17 1392 599 0 1788864677 814977
18 1985 204 0 1788864677 815676
19 1165 313 0 1788864677 816480
16 1752 197 0 1788864677 816579
19 1175 299 0 1788864677 818854
19 1177 178 0 1788864677 819219
16 1764 200 0 1788864677 819265
19 1180 315 0 1788864677 820073
18 2013 219 0 1788864677 821216
19 1189 477 0 1788864677 822626
19 1192 717 0 1788864677 825657
19 1196 177 0 1788864677 826438
16 1809 91 0 1788864677 828480
16 1814 175 0 1788864677 829144
16 1817 89 0 1788864677 829436
19 1212 219 0 1788864677 829681
16 1826 214 0 1788864677 831263
17 1411 179 0 1788864677 831725
16 1830 181 0 1788864677 832262
16 1834 285 0 1788864677 833356
19 1227 95 0 1788864677 835382
18 2102 312 0 1788864677 841216
16 1884 238 0 1788864677 845667
17 1435 181 0 1788864677 847419
18 2129 359 0 1788864677 849880
19 1318 1426 0 1788864677 861434
17 1473 279 0 1788864677 865447
17 1478 414 0 1788864677 868863
19 1333 1551 0 1788864677 870018
17 1480 783 0 1788864677 871064
19 1338 997 0 1788864677 874031
17 1490 3369 0 1788864677 885117
17 1496 937 0 1788864677 890264
17 1500 918 0 1788864677 893778
19 1360 1482 0 1788864677 899773
17 1533 842 0 1788864677 918488
16 1998 816 0 1788864677 925593
16 2003 841 0 1788864677 929688
17 1549 962 0 1788864677 929983
19 1393 857 0 1788864677 932043
16 2014 719 0 1788864677 939189
17 1561 1150 0 1788864677 940547
18 2238 1121 0 1788864677 944282
19 1419 877 0 1788864677 961451
16 2041 0 0 1788864677 963082
19 1437 188 0 1788864677 972995
16 2072 516 0 1788864677 977965
16 2078 336 0 1788864677 979863
16 2080 382 0 1788864677 980537
17 1618 295 0 1788864677 981672
19 1461 412 0 1788864677 982284
17 1621 303 0 1788864677 982689
18 2315 322 0 1788864677 984943
16 2099 251 0 1788864677 986694
16 2103 496 0 1788864677 987815
16 2116 438 0 1788864677 993177
17 1652 303 0 1788864677 993286
19 1495 145 0 1788864677 994005
18 2348 320 0 1788864677 997225
16 2131 302 0 1788864677 997329
17 1667 385 0 1788864677 998569
19 1510 351 0 1788864677 998728
17 1668 407 0 1788864677 998981
17 1670 358 0 1788864677 999608
17 1681 328 0 1788864678 3459
19 1528 0 0 1788864678 3762
17 1682 335 0 1788864678 3799
18 2370 421 0 1788864678 4813
16 2164 366 0 1788864678 9308
16 2186 0 0 1788864678 14734
17 1720 0 0 1788864678 15509
19 1562 470 0 1788864678 21354
18 2401 253 0 1788864678 21473
17 1727 310 0 1788864678 21598
16 2198 83 0 1788864678 21766
17 1737 391 0 1788864678 25031
18 2412 391 0 1788864678 25134
19 1578 367 0 1788864678 27090
18 2423 173 0 1788864678 28928
18 2436 124 0 1788864678 32461
19 1598 207 0 1788864678 32493
18 2449 232 0 1788864678 35436
17 1783 188 0 1788864678 38008
16 2263 481 0 1788864678 40829
17 1801 160 0 1788864678 41367
16 2281 209 0 1788864678 46204
16 2287 86 0 1788864678 47256
16 2295 125 0 1788864678 48191
17 1842 375 0 1788864678 51120
17 1846 253 0 1788864678 52075
16 2319 187 0 1788864678 53056
17 1852 294 0 1788864678 53525
16 2322 302 0 1788864678 53762
18 2519 346 0 1788864678 55607
19 1685 413 0 1788864678 58218
16 2351 324 0 1788864678 65353
19 1703 339 0 1788864678 65449
16 2354 371 0 1788864678 66426
17 1894 280 0 1788864678 69539
18 2570 413 0 1788864678 78085
17 1911 393 0 1788864678 78767
18 2573 565 0 1788864678 80385
17 1913 2323 0 1788864678 82590
17 1917 1517 0 1788864678 92217
18 2591 792 0 1788864678 98074
19 1761 2050 0 1788864678 101564
16 2426 0 0 1788864678 111601
17 1956 0 0 1788864678 111713
16 2441 315 0 1788864678 117688
16 2443 388 0 1788864678 118564
18 2635 327 0 1788864678 119760
19 1806 1535 0 1788864678 123504
17 1984 243 0 1788864678 125448
17 1992 180 0 1788864678 128250
17 1993 186 0 1788864678 128533
17 1999 0 0 1788864678 131482
16 2482 0 0 1788864678 134273
18 2662 931 0 1788864678 135209
16 2509 1415 0 1788864678 156525
18 2688 411 0 1788864678 157823
18 2692 574 0 1788864678 161348
18 2695 0 0 1788864678 162496
17 2044 0 0 1788864678 162734
16 2528 0 0 1788864678 163209
17 2045 387 0 1788864678 163291
17 2047 401 0 1788864678 164031
19 1857 0 0 1788864678 164391
17 2053 355 0 1788864678 166150
18 2702 670 0 1788864678 166159
17 2058 680 0 1788864678 168597
19 1866 212 0 1788864678 168605
16 2548 358 0 1788864678 170913
18 2720 197 0 1788864678 174248
16 2562 286 0 1788864678 174429
18 2730 241 0 1788864678 177059
18 2731 272 0 1788864678 177338
19 1891 324 0 1788864678 178674
19 1895 362 0 1788864678 180062
16 2587 250 0 1788864678 181140
17 2089 493 0 1788864678 182430
17 2096 138 0 1788864678 186099
19 1917 161 0 1788864678 190843
18 2768 334 0 1788864678 208428
19 1930 273 0 1788864678 209996
19 1932 265 0 1788864678 210555
18 2785 267 0 1788864678 213144
16 2635 269 0 1788864678 215432
18 2798 263 0 1788864678 217070
19 1958 266 0 1788864678 218116
16 2645 275 0 1788864678 218302
18 2806 259 0 1788864678 219196
19 1965 303 0 1788864678 220117
19 1971 284 0 1788864678 221980
17 2141 125 0 1788864678 223227
17 2152 195 0 1788864678 225107
19 1991 262 0 1788864678 228348
18 2844 337 0 1788864678 231285
19 2004 18173 0 1788864678 250420
19 2006 228 0 1788864678 251259
17 2182 586 0 1788864678 252644
16 2701 383 0 1788864678 256497
16 2720 197 0 1788864678 274160
17 2196 383 0 1788864678 274765
16 2738 162 0 1788864678 279788
16 2748 735 0 1788864678 282178
18 2912 0 0 1788864678 283229
16 2753 0 0 1788864678 284307
16 2755 163 0 1788864678 284983
19 2071 246 0 1788864678 287360
16 2780 282 0 1788864678 293222
18 2936 419 0 1788864678 294026
19 2081 502 0 1788864678 295178
17 2243 543 0 1788864678 297087
19 2091 168 0 1788864678 299256
18 2948 359 0 1788864678 299721
19 2125 151 0 1788864678 305195
16 2804 296 0 1788864678 312023
19 2149 180 0 1788864678 312175
17 2274 478 0 1788864678 312767
19 2157 162 0 1788864678 313728
19 2161 186 0 1788864678 314903
19 2162 0 0 1788864678 315117
19 2166 100 0 1788864678 315622
18 2981 257 0 1788864678 317386
19 2181 223 0 1788864678 322567
16 2823 266 0 1788864678 323555
16 2829 500 0 1788864678 325691
17 2288 430 0 1788864678 328218
19 2193 277 0 1788864678 329101
17 2296 558 0 1788864678 332900
17 2298 550 0 1788864678 334019
19 2204 470 0 1788864678 334268
17 2299 531 0 1788864678 334555
16 2860 389 0 1788864678 343316
19 2261 272 0 1788864678 356601
17 2341 436 0 1788864678 356747
19 2262 142 0 1788864678 356775
19 2265 280 0 1788864678 357738
16 2891 399 0 1788864678 357837
16 2892 2892 0 1788864678 360732
17 2351 4236 0 1788864678 368204
16 2910 192 0 1788864678 373498
17 2361 579 0 1788864678 374180
18 3063 484 0 1788864678 376238
19 2292 107 0 1788864678 378192
19 2296 171 0 1788864678 378773
19 2312 103 0 1788864678 380820
17 2376 504 0 1788864678 383037
16 2949 0 0 1788864678 383729
18 3076 0 0 1788864678 384830
16 2954 326 0 1788864678 384950
19 2332 349 0 1788864678 386002
16 2966 320 0 1788864678 388778
19 2346 492 0 1788864678 389930
17 2392 1345 0 1788864678 393964
16 2980 195 0 1788864678 394751
19 2362 233 0 1788864678 399571
18 3109 316 0 1788864678 408191
17 2419 196 0 1788864678 408849
17 2423 730 0 1788864678 410278
16 3001 2614 0 1788864678 413467
17 2434 458 0 1788864678 414185
19 2408 202 0 1788864678 414590
19 2421 176 0 1788864678 417405
18 3136 164 0 1788864678 419052
17 2448 484 0 1788864678 420201
16 3012 3390 0 1788864678 420230
18 3140 461 0 1788864678 420894
17 2450 888 0 1788864678 421442
17 2451 269 0 1788864678 421716
18 3145 686 0 1788864678 423599
16 3034 378 0 1788864678 428055
18 3152 571 0 1788864678 428440
19 2460 104 0 1788864678 429814
18 3155 598 0 1788864678 430200
19 2461 368 0 1788864678 430208
17 2487 424 0 1788864678 441974
16 3085 266 0 1788864678 443787
16 3092 210 0 1788864678 445246
16 3102 318 0 1788864678 447910
17 2497 449 0 1788864678 448171
18 3190 588 0 1788864678 450870
19 2523 345 0 1788864678 450880
19 2536 919 0 1788864678 461388
17 2509 1097 0 1788864678 470495
17 2513 619 0 1788864678 476031
17 2517 88 0 1788864678 478320
16 3160 343 0 1788864678 484464
17 2525 3092 0 1788864678 485341
16 3165 473 0 1788864678 487123
19 2594 667 0 1788864678 487252
19 2599 430 0 1788864678 489524
18 3232 452 0 1788864678 493102
19 2610 201 0 1788864678 493629
17 2547 502 0 1788864678 496956
17 2563 395 0 1788864678 520190
16 3194 295 0 1788864678 523887
17 2572 477 0 1788864678 524118
16 3214 1628 0 1788864678 530568
16 3216 219 0 1788864678 531194
17 2593 550 0 1788864678 533712
19 2665 564 0 1788864678 536561
18 3298 393 0 1788864678 536797
16 3252 177 0 1788864678 539215
18 3323 231 0 1788864678 543889
16 3282 112 0 1788864678 544451
16 3289 234 0 1788864678 547860
19 2707 93 0 1788864678 548183
18 3337 362 0 1788864678 548668
19 2710 110 0 1788864678 548676
16 3296 184 0 1788864678 549366
19 2716 246 0 1788864678 549737
16 3299 185 0 1788864678 550025
19 2721 94 0 1788864678 550487
18 3342 382 0 1788864678 550758
17 2625 448 0 1788864678 551280
16 3314 227 0 1788864678 553709
17 2632 460 0 1788864678 554905
19 2743 296 0 1788864678 555066
16 3324 223 0 1788864678 555784
19 2746 321 0 1788864678 556010
19 2752 271 0 1788864678 557782
16 3340 281 0 1788864678 559238
17 2640 531 0 1788864678 559586
17 2642 165 0 1788864678 560068
17 2654 510 0 1788864678 565251
19 2784 317 0 1788864678 566833
19 2786 392 0 1788864678 567506
18 3386 472 0 1788864678 570637
16 3381 220 0 1788864678 570862
16 3383 234 0 1788864678 571361
17 2671 480 0 1788864678 573710
18 3407 668 0 1788864678 580598
18 3413 514 0 1788864678 583862
19 2825 696 0 1788864678 585200
16 3428 170 0 1788864678 585415
16 3461 230 0 1788864678 591766
19 2844 464 0 1788864678 597510
16 3477 120 0 1788864678 599099
18 3442 979 0 1788864678 600056
18 3478 310 0 1788864678 614639
18 3482 235 0 1788864678 615672
18 3494 422 0 1788864678 619224
17 2759 550 0 1788864678 619397
18 3496 390 0 1788864678 619808
16 3537 560 0 1788864678 621399
16 3542 138 0 1788864678 623251
18 3504 457 0 1788864678 623682
18 3506 462 0 1788864678 624343
18 3519 350 0 1788864678 631078
18 3528 483 0 1788864678 635520
17 2810 872 0 1788864678 646529
17 2816 1345 0 1788864678 651481
18 3556 782 0 1788864678 654405
17 2832 877 0 1788864678 663122
19 2962 313 0 1788864678 663131
17 2833 502 0 1788864678 663634
17 2842 1312 0 1788864678 671125
19 3004 179 0 1788864678 673326
18 3582 903 0 1788864678 674777
19 3017 154 0 1788864678 676041
18 3588 439 0 1788864678 679433
17 2858 1174 0 1788864678 684679
17 2859 827 0 1788864678 685511
17 2863 1531 0 1788864678 689377
17 2864 808 0 1788864678 690188
16 3660 714 0 1788864678 694503
16 3666 796 0 1788864678 699486
19 3057 970 0 1788864678 699759
16 3676 477 0 1788864678 707540
18 3629 674 0 1788864678 714446
18 3636 891 0 1788864678 719684
18 3647 732 0 1788864678 728447
19 3105 811 0 1788864678 737487
18 3662 815 0 1788864678 739525
17 2926 769 0 1788864678 740103
17 2935 772 0 1788864678 747334
17 2937 564 0 1788864678 748758
19 3121 888 0 1788864678 751848
16 3739 842 0 1788864678 757734
19 3129 824 0 1788864678 757861
18 3690 848 0 1788864678 762851
19 3141 1213 0 1788864678 767813
19 3155 881 0 1788864678 779779
16 3767 248 0 1788864678 782094
18 3719 887 0 1788864678 788626
19 3165 883 0 1788864678 789808
17 2994 631 0 1788864678 798543
16 3785 647 0 1788864678 799616
18 3731 581 0 1788864678 800037
16 3815 327 0 1788864678 820505
19 3210 309 0 1788864678 827440
19 3213 142 0 1788864678 829161
16 3843 438 0 1788864678 831699
19 3220 628 0 1788864678 834507
16 3849 529 0 1788864678 834674
17 3042 392 0 1788864678 834905
16 3854 424 0 1788864678 837123
16 3856 430 0 1788864678 837983
18 3787 218 0 1788864678 839457
18 3791 454 0 1788864678 841000
19 3233 646 0 1788864678 841386
18 3797 342 0 1788864678 843816
17 3075 233 0 1788864678 855026
19 3255 808 0 1788864678 855257
17 3084 1307 0 1788864678 859698
18 3826 389 0 1788864678 860117
17 3103 403 0 1788864678 869683
18 3848 92 0 1788864678 874392
18 3850 527 0 1788864678 875321
17 3113 382 0 1788864678 875422
18 3855 407 0 1788864678 877544
17 3118 710 0 1788864678 877710
16 3936 694 0 1788864678 881746
19 3318 834 0 1788864678 885521
16 3958 340 0 1788864678 891147
18 3890 419 0 1788864678 892355
16 3970 964 0 1788864678 896560
16 3971 112 0 1788864678 896693
19 3359 561 0 1788864678 902361
16 3995 540 0 1788864678 906301
16 4006 377 0 1788864678 911286
17 3204 384 0 1788864678 913690
17 3215 377 0 1788864678 918031
18 3955 368 0 1788864678 919197
19 3403 578 0 1788864678 920736
18 3974 367 0 1788864678 925648
18 3980 0 0 1788864678 927662
19 3418 0 0 1788864678 928361
19 3435 281 0 1788864678 934504
19 3443 321 0 1788864678 937567
16 4076 579 0 1788864678 937647
16 4077 275 0 1788864678 937926
18 4025 360 0 1788864678 944600
18 4030 360 0 1788864678 946556
19 3472 381 0 1788864678 948266
17 3285 448 0 1788864678 949287
19 3478 521 0 1788864678 951119
16 4139 386 0 1788864678 965619
17 3320 383 0 1788864678 966552
18 4073 396 0 1788864678 966654
18 4076 739 0 1788864678 968407
18 4077 560 0 1788864678 969098
19 3524 409 0 1788864678 972434
18 4087 358 0 1788864678 973185
18 4088 358 0 1788864678 973548
17 3340 372 0 1788864678 974696
16 4166 1452 0 1788864678 977504
16 4170 219 0 1788864678 978319
16 4173 137 0 1788864678 978903
19 3543 338 0 1788864678 979814
19 3546 251 0 1788864678 980843
16 4185 285 0 1788864678 981982
17 3365 279 0 1788864678 984295
18 4121 378 0 1788864678 984411
19 3566 277 0 1788864678 987096
19 3568 279 0 1788864678 987748
19 3572 215 0 1788864678 988948
17 3381 294 0 1788864678 990415
16 4235 0 0 1788864679 4098
16 4240 0 0 1788864679 6398
16 4244 0 0 1788864679 7795
18 4187 242 0 1788864679 17483
18 4190 673 0 1788864679 19686
17 3420 0 0 1788864679 21953
17 3424 213 0 1788864679 23641
18 4201 346 0 1788864679 23650
16 4284 0 0 1788864679 25300
16 4304 0 0 1788864679 32544
18 4233 185 0 1788864679 36481
18 4234 221 0 1788864679 36891
18 4235 270 0 1788864679 37252
19 3679 444 0 1788864679 40810
19 3681 180 0 1788864679 41442
18 4262 283 0 1788864679 46535
17 3501 1780 0 1788864679 50835
17 3503 709 0 1788864679 52169
17 3527 0 0 1788864679 66772
17 3528 0 0 1788864679 67328
18 4293 580 0 1788864679 69693
17 3540 368 0 1788864679 78449
17 3552 0 0 1788864679 88928
18 4317 478 0 1788864679 91201
17 3558 0 0 1788864679 92883
16 4427 345 0 1788864679 94794
16 4430 1088 0 1788864679 96985
18 4325 1073 0 1788864679 96999
18 4328 0 0 1788864679 99525
19 3751 1169 0 1788864679 99639
17 3578 525 0 1788864679 103959
17 3589 986 0 1788864679 112903
17 3591 0 0 1788864679 113607
19 3774 0 0 1788864679 116090
17 3599 1979 0 1788864679 119925
17 3603 457 0 1788864679 122678
19 3795 208 0 1788864679 126585
18 4365 621 0 1788864679 126933
18 4377 221 0 1788864679 133425
16 4500 221 0 1788864679 133536
16 4503 0 0 1788864679 134565
17 3640 0 0 1788864679 136181
19 3822 263 0 1788864679 138970
17 3657 304 0 1788864679 140566
18 4415 317 0 1788864679 144847
16 4539 259 0 1788864679 146048
18 4429 0 0 1788864679 150530
19 3874 670 0 1788864679 160953
17 3739 0 0 1788864679 170748
19 3892 491 0 1788864679 172419
19 3894 306 0 1788864679 174219
16 4623 880 0 1788864679 178271
16 4625 0 0 1788864679 179245
19 3918 0 0 1788864679 183677
19 3921 0 0 1788864679 184288
19 3928 0 0 1788864679 185520
19 3937 630 0 1788864679 193521
17 3773 634 0 1788864679 196974
16 4646 948 0 1788864679 199319
17 3782 0 0 1788864679 202237
19 3946 710 0 1788864679 203414
17 3790 891 0 1788864679 207825
19 3965 468 0 1788864679 222018
19 3969 635 0 1788864679 225807
16 4703 0 0 1788864679 232324
16 4721 0 0 1788864679 235666
18 4542 220 0 1788864679 239209
18 4543 499 0 1788864679 239736
17 3824 458 0 1788864679 240470
16 4751 0 0 1788864679 244510
19 3994 991 0 1788864679 244751
17 3835 3635 0 1788864679 250687
17 3839 144 0 1788864679 253692
18 4566 261 0 1788864679 255443
16 4764 623 0 1788864679 255765
16 4765 433 0 1788864679 256203
18 4583 199 0 1788864679 259064
19 4020 198 0 1788864679 259365
16 4784 99 0 1788864679 259990
17 3869 204 0 1788864679 260246
16 4799 279 0 1788864679 264048
16 4802 351 0 1788864679 264906
18 4606 651 0 1788864679 266328
17 3911 428 0 1788864679 274539
17 3918 459 0 1788864679 277269
18 4645 0 0 1788864679 281454
17 3933 534 0 1788864679 282623
16 4863 252 0 1788864679 285045
17 3943 738 0 1788864679 286465
17 3947 449 0 1788864679 287992
18 4667 0 0 1788864679 289920
17 3960 447 0 1788864679 292975
16 4892 257 0 1788864679 295054
16 4893 222 0 1788864679 295287
16 4897 455 0 1788864679 296802
19 4109 518 0 1788864679 296817
18 4685 0 0 1788864679 297032
17 3973 289 0 1788864679 297597
17 3976 453 0 1788864679 299128
17 3994 370 0 1788864679 318020
18 4770 463 0 1788864679 321587
18 4771 294 0 1788864679 321885
18 4782 251 0 1788864679 324660
18 4800 433 0 1788864679 331005
18 4802 359 0 1788864679 331782
19 4140 624 0 1788864679 335312
17 4014 745 0 1788864679 340113
18 4825 340 0 1788864679 340941
19 4158 1211 0 1788864679 347833
18 4843 264 0 1788864679 347974
17 4030 638 0 1788864679 352675
16 4958 738 0 1788864679 352802
16 4968 694 0 1788864679 359053
18 4865 646 0 1788864679 359279
19 4182 628 0 1788864679 363915
17 4046 578 0 1788864679 364958
17 4052 115 0 1788864679 369449
16 4991 665 0 1788864679 374483
16 5001 396 0 1788864679 380232
17 4073 622 0 1788864679 381040
19 4212 504 0 1788864679 381405
17 4083 602 0 1788864679 386868
16 5024 459 0 1788864679 392515
16 5043 386 0 1788864679 401392
18 4948 638 0 1788864679 402802
19 4262 585 0 1788864679 406301
16 5058 1145 0 1788864679 409581
17 4133 425 0 1788864679 413047
17 4137 450 0 1788864679 414989
19 4285 481 0 1788864679 417707
16 5076 457 0 1788864679 418550
17 4144 108 0 1788864679 418687
19 4287 675 0 1788864679 418887
18 4975 200 0 1788864679 419273
18 4985 578 0 1788864679 424684
18 4986 605 0 1788864679 425314
17 4164 920 0 1788864679 430494
18 4997 698 0 1788864679 432243
16 5108 463 0 1788864679 435711
19 4351 413 0 1788864679 452201
16 5146 482 0 1788864679 455383
18 5036 520 0 1788864679 459716
16 5155 1462 0 1788864679 461664
16 5164 599 0 1788864679 466554
16 5168 418 0 1788864679 468615
17 4238 215 0 1788864679 471950
18 5059 2188 0 1788864679 477007
18 5063 244 0 1788864679 478127
18 5064 235 0 1788864679 478366
19 4412 1444 0 1788864679 505082
18 5102 416 0 1788864679 506510
19 4424 284 0 1788864679 510144
19 4426 670 0 1788864679 511083
16 5224 348 0 1788864679 514558
16 5225 253 0 1788864679 514819
18 5111 566 0 1788864679 516968
16 5231 892 0 1788864679 518231
18 5118 515 0 1788864679 521526
17 4282 708 0 1788864679 524992
17 4286 575 0 1788864679 526844
17 4288 562 0 1788864679 528308
18 5132 941 0 1788864679 530402
17 4297 500 0 1788864679 534155
19 4471 482 0 1788864679 535901
19 4479 669 0 1788864679 540155
18 5150 123 0 1788864679 540770
19 4482 447 0 1788864679 541245
19 4484 493 0 1788864679 542286
19 4485 517 0 1788864679 542831
17 4314 610 0 1788864679 544084
18 5157 653 0 1788864679 544768
16 5282 761 0 1788864679 546907
17 4319 619 0 1788864679 547246
18 5161 194 0 1788864679 547598
19 4496 819 0 1788864679 548789
19 4506 517 0 1788864679 555046
17 4341 299 0 1788864679 561192
18 5185 711 0 1788864679 561974
19 4516 481 0 1788864679 562324
18 5189 733 0 1788864679 564498
17 4348 599 0 1788864679 565635
17 4349 812 0 1788864679 566452
17 4358 584 0 1788864679 571978
18 5202 600 0 1788864679 572236
17 4364 779 0 1788864679 577469
19 4544 513 0 1788864679 578343
16 5341 551 0 1788864679 582901
19 4555 399 0 1788864679 584037
16 5346 235 0 1788864679 584667
16 5357 291 0 1788864679 587776
16 5363 234 0 1788864679 589188
18 5228 463 0 1788864679 597543
17 4399 150 0 1788864679 600162
18 5237 434 0 1788864679 601989
17 4433 152 0 1788864679 607069
16 5386 2117 0 1788864679 607746
18 5257 328 0 1788864679 610988
18 5258 379 0 1788864679 611374
17 4454 241 0 1788864679 612038
17 4463 175 0 1788864679 613980
16 5394 1175 0 1788864679 614792
16 5395 399 0 1788864679 615200
18 5268 1158 0 1788864679 616027
19 4610 460 0 1788864679 616855
17 4469 906 0 1788864679 617116
19 4612 2231 0 1788864679 619920
16 5411 713 0 1788864679 625022
18 5320 1582 0 1788864679 638775
18 5322 276 0 1788864679 639468
17 4493 187 0 1788864679 640518
17 4511 249 0 1788864679 645464
17 4554 220 0 1788864679 658345
17 4565 221 0 1788864679 661118
16 5449 1045 0 1788864679 661389
18 5384 262 0 1788864679 664845
16 5452 1278 0 1788864679 666420
16 5456 1653 0 1788864679 671832
18 5411 270 0 1788864679 674117
17 4627 234 0 1788864679 676225
16 5460 1574 0 1788864679 677153
16 5469 196 0 1788864679 681620
16 5475 172 0 1788864679 682758
16 5517 107 0 1788864679 689365
16 5544 156 0 1788864679 694170
16 5553 142 0 1788864679 695509
16 5601 195 0 1788864679 703559
16 5605 191 0 1788864679 704315
18 5463 733 0 1788864679 706374
16 5645 476 0 1788864679 711827
19 4726 794 0 1788864679 713885
16 5659 190 0 1788864679 714674
16 5663 148 0 1788864679 715686
16 5669 190 0 1788864679 716674
16 5682 156 0 1788864679 718170
16 5710 102 0 1788864679 721230
16 5728 66 0 1788864679 722929
16 5737 92 0 1788864679 723536
16 5743 64 0 1788864679 723944
16 5762 223 0 1788864679 725415
18 5482 572 0 1788864679 728707
16 5784 552 0 1788864679 730107
19 4742 317 0 1788864679 734668
19 4743 232 0 1788864679 734925
17 4690 217 0 1788864679 736957
17 4707 259 0 1788864679 742458
17 4711 275 0 1788864679 743893
17 4721 304 0 1788864679 746720
17 4739 330 0 1788864679 752627
19 4798 333 0 1788864679 752778
18 5506 1299 0 1788864679 755299
19 4813 230 0 1788864679 757261
16 5832 155 0 1788864679 764431
16 5842 130 0 1788864679 766169
16 5846 129 0 1788864679 766974
18 5520 1201 0 1788864679 768767
19 4833 580 0 1788864679 769541
19 4835 656 0 1788864679 770820
16 5880 81 0 1788864679 773012
16 5918 87 0 1788864679 779090
16 5931 202 0 1788864679 781160
17 4792 1582 0 1788864679 786745
18 5552 753 0 1788864679 791065
16 6033 89 0 1788864679 798310
16 6036 130 0 1788864679 798827
18 5569 629 0 1788864679 802034
19 4879 646 0 1788864679 802301
17 4818 642 0 1788864679 803398
18 5578 636 0 1788864679 808081
16 6090 197 0 1788864679 808534
18 5580 906 0 1788864679 809627
16 6099 171 0 1788864679 809922
16 6101 128 0 1788864679 810198
16 6108 134 0 1788864679 811128
17 4835 623 0 1788864679 814213
17 4836 603 0 1788864679 814837
16 6147 127 0 1788864679 817155
16 6148 214 0 1788864679 817374
19 4906 580 0 1788864679 819625
16 6161 206 0 1788864679 819836
19 4907 595 0 1788864679 820241
18 5614 656 0 1788864679 832526
16 6205 336 0 1788864679 835629
16 6214 344 0 1788864679 838478
18 5628 524 0 1788864679 840843
16 6226 169 0 1788864679 841883
16 6263 305 0 1788864679 851544
17 4886 90 0 1788864679 852533
16 6268 458 0 1788864679 853915
17 4899 362 0 1788864679 858304
18 5641 769 0 1788864679 862912
16 6287 874 0 1788864679 863972
19 4962 109 0 1788864679 868782
19 4964 478 0 1788864679 871117
16 6302 1105 0 1788864679 879776
18 5666 440 0 1788864679 880399
18 5668 468 0 1788864679 881360
18 5671 478 0 1788864679 882816
18 5678 478 0 1788864679 886020
17 4951 0 0 1788864679 893191
16 6335 0 0 1788864679 897389
17 4958 1385 0 1788864679 897865
17 4959 0 0 1788864679 898214
16 6339 0 0 1788864679 899648
19 5006 0 0 1788864679 900005
18 5701 1441 0 1788864679 900619
18 5704 557 0 1788864679 902686
17 4969 828 0 1788864679 904416
16 6353 697 0 1788864679 909600
19 5019 888 0 1788864679 910860
17 4980 883 0 1788864679 912536
19 5025 890 0 1788864679 915531
16 6361 606 0 1788864679 915875
18 5727 689 0 1788864679 919408
17 4989 694 0 1788864679 919592
17 4991 670 0 1788864679 921084
16 6369 699 0 1788864679 921697
19 5034 702 0 1788864679 922220
19 5047 827 0 1788864679 931403
18 5753 699 0 1788864679 938038
19 5062 781 0 1788864679 942388
19 5067 0 0 1788864679 946011
16 6406 0 0 1788864679 947073
18 5767 709 0 1788864679 949712
18 5772 701 0 1788864679 953284
18 5773 752 0 1788864679 954040
19 5084 1410 0 1788864679 956443
17 5050 507 0 1788864679 967948
17 5052 654 0 1788864679 969043
19 5115 0 0 1788864679 972836
19 5129 83 0 1788864679 981780
19 5131 84 0 1788864679 982935
17 5075 639 0 1788864679 985578
17 5092 110 0 1788864679 998691
16 6465 262 0 1788864679 999063
17 5098 282 0 1788864679 999429
17 5107 78 0 1788864680 221
17 5126 100 0 1788864680 2042
17 5152 165 0 1788864680 7211
17 5155 73 0 1788864680 7570
17 5203 84 0 1788864680 12806
18 5827 438 0 1788864680 13039
19 5153 114 0 1788864680 14265
19 5154 216 0 1788864680 14502
19 5155 190 0 1788864680 14714
16 6494 302 0 1788864680 15393
18 5834 507 0 1788864680 16921
18 5838 544 0 1788864680 19797
17 5220 548 0 1788864680 21072
18 5842 851 0 1788864680 22130
18 5843 128 0 1788864680 22533
18 5845 290 0 1788864680 23240
16 6524 616 0 1788864680 28848
16 6545 800 0 1788864680 55391
18 5872 0 0 1788864680 56516
16 6550 917 0 1788864680 58129
17 5267 364 0 1788864680 63803
18 5885 357 0 1788864680 66141
16 6564 386 0 1788864680 66332
16 6565 768 0 1788864680 67104
19 5205 1705 0 1788864680 67288
17 5274 599 0 1788864680 68145
17 5276 678 0 1788864680 69547
18 5895 0 0 1788864680 74027
19 5215 544 0 1788864680 74575
18 5899 680 0 1788864680 76183
16 6581 617 0 1788864680 78032
16 6583 705 0 1788864680 79463
17 5291 709 0 1788864680 79556
19 5223 691 0 1788864680 82180
19 5226 908 0 1788864680 84697
17 5317 713 0 1788864680 98941
18 5936 711 0 1788864680 102332
16 6618 911 0 1788864680 104615
19 5258 354 0 1788864680 106845
16 6624 721 0 1788864680 108763
19 5264 643 0 1788864680 110071
18 5947 301 0 1788864680 111600
18 5957 620 0 1788864680 114752
19 5280 4385 0 1788864680 124199
17 5354 638 0 1788864680 130538
18 5981 550 0 1788864680 136299
19 5303 748 0 1788864680 143196
17 5384 451 0 1788864680 152486
16 6691 144 0 1788864680 153742
16 6694 166 0 1788864680 154132
16 6695 0 0 1788864680 154240
16 6697 86 0 1788864680 154443
17 5389 494 0 1788864680 155069
19 5312 814 0 1788864680 155239
16 6702 528 0 1788864680 157266
18 6021 434 0 1788864680 160808
18 6032 289 0 1788864680 168728
16 6720 0 0 1788864680 169333
18 6070 0 0 1788864680 187512
19 5366 430 0 1788864680 192478
17 5456 370 0 1788864680 193709
18 6089 86 0 1788864680 194216
16 6781 193 0 1788864680 195157
18 6099 261 0 1788864680 196669
17 5465 453 0 1788864680 199699
17 5466 503 0 1788864680 200526
19 5386 903 0 1788864680 200947
18 6112 1192 0 1788864680 205972
19 5415 0 0 1788864680 214234
18 6130 177 0 1788864680 215441
16 6827 258 0 1788864680 217540
17 5502 312 0 1788864680 219767
16 6836 604 0 1788864680 221079
18 6161 131 0 1788864680 223935
18 6162 139 0 1788864680 224106
17 5522 99 0 1788864680 225071
16 6866 0 0 1788864680 226891
16 6879 818 0 1788864680 229894
17 5534 144 0 1788864680 230692
16 6885 190 0 1788864680 230816
16 6894 616 0 1788864680 235010
19 5474 499 0 1788864680 236101
18 6201 458 0 1788864680 238007
18 6208 392 0 1788864680 240776
19 5482 1587 0 1788864680 241947
16 6915 468 0 1788864680 252861
18 6220 277 0 1788864680 254182
18 6221 109 0 1788864680 265843
17 5563 353 0 1788864680 266566
17 5567 246 0 1788864680 267751
17 5572 390 0 1788864680 269717
16 6927 598 0 1788864680 270043
18 6235 265 0 1788864680 270690
17 5577 267 0 1788864680 271551
18 6255 88 0 1788864680 275220
19 5510 524 0 1788864680 275536
18 6259 338 0 1788864680 275995
16 6940 536 0 1788864680 276539
18 6270 123 0 1788864680 278775
18 6271 150 0 1788864680 278931
18 6279 186 0 1788864680 280130
18 6290 147 0 1788864680 282233
16 6953 514 0 1788864680 284246
18 6313 114 0 1788864680 287299
16 6961 379 0 1788864680 288745
18 6322 79 0 1788864680 288797
16 6969 255 0 1788864680 292703
19 5548 238 0 1788864680 293283
19 5549 223 0 1788864680 293683
19 5560 253 0 1788864680 297961
19 5567 253 0 1788864680 300164
19 5573 280 0 1788864680 303682
16 6991 360 0 1788864680 304432
18 6385 264 0 1788864680 305177
17 5694 285 0 1788864680 311806
19 5600 168 0 1788864680 313326
17 5712 194 0 1788864680 317620
19 5615 2376 0 1788864680 320937
17 5727 408 0 1788864680 322284
17 5729 196 0 1788864680 322875
18 6462 164 0 1788864680 324436
19 5625 387 0 1788864680 325216
16 7041 634 0 1788864680 332645
19 5657 145 0 1788864680 333832
18 6526 169 0 1788864680 337851
18 6529 136 0 1788864680 338295
18 6535 155 0 1788864680 339397
18 6559 271 0 1788864680 343779
17 5753 525 0 1788864680 344341
16 7061 1136 0 1788864680 344627
19 5684 272 0 1788864680 344768
18 6570 105 0 1788864680 345848
16 7064 640 0 1788864680 346494
18 6575 161 0 1788864680 346684
19 5696 286 0 1788864680 347112
18 6586 0 0 1788864680 349480
18 6591 0 0 1788864680 350627
18 6600 0 0 1788864680 353212
19 5712 138 0 1788864680 357184
17 5763 212 0 1788864680 357657
16 7078 287 0 1788864680 359344
18 6629 176 0 1788864680 368031
19 5737 428 0 1788864680 370487
18 6635 419 0 1788864680 370656
18 6637 383 0 1788864680 371465
16 7091 2151 0 1788864680 373212
19 5744 300 0 1788864680 373224
18 6649 292 0 1788864680 375859
18 6655 470 0 1788864680 378127
17 5801 339 0 1788864680 378224
17 5808 470 0 1788864680 381837
19 5767 153 0 1788864680 381846
18 6661 630 0 1788864680 382017
19 5768 276 0 1788864680 382144
17 5809 468 0 1788864680 382316
17 5812 501 0 1788864680 383944
17 5813 362 0 1788864680 384314
16 7105 550 0 1788864680 386123
18 6670 402 0 1788864680 386909
18 6673 305 0 1788864680 388241
17 5821 475 0 1788864680 388720
18 6674 559 0 1788864680 388822
18 6675 831 0 1788864680 389657
19 5792 324 0 1788864680 392265
19 5793 758 0 1788864680 393027
16 7119 248 0 1788864680 393373
18 6686 577 0 1788864680 395009
17 5838 446 0 1788864680 396465
19 5803 550 0 1788864680 397547
17 5856 481 0 1788864680 404891
19 5844 295 0 1788864680 412395
16 7159 495 0 1788864680 416212
19 5857 223 0 1788864680 417765
16 7162 250 0 1788864680 419094
19 5878 210 0 1788864680 424643
17 5908 572 0 1788864680 428798
16 7187 569 0 1788864680 428957
18 6751 359 0 1788864680 429439
17 5914 325 0 1788864680 430719
19 5905 502 0 1788864680 431954
19 5908 200 0 1788864680 432837
19 5911 469 0 1788864680 434270
16 7203 690 0 1788864680 435747
18 6770 380 0 1788864680 438630
18 6771 292 0 1788864680 438946
16 7211 347 0 1788864680 439875
19 5929 577 0 1788864680 440599
17 5940 403 0 1788864680 441702
16 7217 322 0 1788864680 442869
18 6781 286 0 1788864680 443449
16 7228 698 0 1788864680 448054
19 5958 365 0 1788864680 450767
18 6798 475 0 1788864680 452891
19 5967 311 0 1788864680 453263
17 5963 578 0 1788864680 453293
16 7238 827 0 1788864680 455751
19 5982 166 0 1788864680 456736
18 6806 812 0 1788864680 458347
18 6807 236 0 1788864680 458592
18 6809 369 0 1788864680 459318
19 6012 240 0 1788864680 463476
17 5999 379 0 1788864680 466599
17 6001 306 0 1788864680 467244
18 6834 818 0 1788864680 473391
18 6841 749 0 1788864680 477987
17 6030 344 0 1788864680 478512
17 6032 485 0 1788864680 479427
19 6082 290 0 1788864680 480592
19 6085 200 0 1788864680 481252
18 6847 623 0 1788864680 481508
19 6094 305 0 1788864680 483629
18 6852 699 0 1788864680 485494
19 6119 232 0 1788864680 488787
18 6857 723 0 1788864680 488958
19 6122 235 0 1788864680 489452
18 6858 602 0 1788864680 489567
16 7295 559 0 1788864680 490015
16 7306 188 0 1788864680 494033
17 6070 299 0 1788864680 495039
16 7315 193 0 1788864680 495893
16 7316 197 0 1788864680 496095
17 6077 115 0 1788864680 496721
16 7327 196 0 1788864680 498366
17 6090 425 0 1788864680 500899
16 7341 240 0 1788864680 501279
17 6092 285 0 1788864680 501589
17 6094 351 0 1788864680 502248
18 6907 269 0 1788864680 502256
17 6096 201 0 1788864680 503139
18 6913 225 0 1788864680 503700
18 6915 277 0 1788864680 504236
19 6165 431 0 1788864680 507345
17 6109 381 0 1788864680 507834
19 6171 203 0 1788864680 508894
19 6172 188 0 1788864680 509103
19 6176 198 0 1788864680 509953
17 6117 482 0 1788864680 510538
17 6130 384 0 1788864680 515251
16 7404 225 0 1788864680 516234
17 6133 379 0 1788864680 516242
18 6967 251 0 1788864680 516329
16 7408 270 0 1788864680 517137
16 7412 265 0 1788864680 517974
19 6197 546 0 1788864680 518913
16 7419 319 0 1788864680 519596
16 7427 282 0 1788864680 521322
18 6993 194 0 1788864680 521986
18 6994 277 0 1788864680 522269
18 6995 277 0 1788864680 522550
18 6999 247 0 1788864680 523571
17 6163 388 0 1788864680 527750
17 6164 279 0 1788864680 528033
19 6229 314 0 1788864680 529014
17 6183 369 0 1788864680 535754
19 6264 357 0 1788864680 538205
19 6269 285 0 1788864680 539584
17 6195 280 0 1788864680 540254
18 7062 218 0 1788864680 540720
19 6290 439 0 1788864680 545694
16 7531 88 0 1788864680 548927
19 6324 102 0 1788864680 552946
17 6233 360 0 1788864680 553495
19 6333 614 0 1788864680 555402
18 7111 1353 0 1788864680 556540
16 7555 583 0 1788864680 559098
19 6341 259 0 1788864680 560110
19 6345 515 0 1788864680 561767
18 7157 85 0 1788864680 563537
18 7188 85 0 1788864680 567222
18 7192 119 0 1788864680 567723
19 6369 116 0 1788864680 568703
16 7590 274 0 1788864680 572204
17 6293 392 0 1788864680 573627
19 6392 149 0 1788864680 574170
18 7223 262 0 1788864680 574407
18 7227 349 0 1788864680 575619
18 7233 310 0 1788864680 580311
18 7234 230 0 1788864680 580547
19 6413 320 0 1788864680 581321
19 6416 162 0 1788864680 581817
19 6419 117 0 1788864680 582405
17 6309 2154 0 1788864680 584093
19 6432 165 0 1788864680 584626
19 6444 94 0 1788864680 586357
17 6317 1781 0 1788864680 590109
19 6475 346 0 1788864680 591335
16 7648 1148 0 1788864680 592201
18 7274 493 0 1788864680 593750
18 7301 83 0 1788864680 598210
18 7321 109 0 1788864680 600999
18 7324 106 0 1788864680 601291
18 7331 106 0 1788864680 602223
19 6537 94 0 1788864680 602349
16 7678 274 0 1788864680 602908
18 7340 105 0 1788864680 603356
18 7350 69 0 1788864680 604591
19 6556 197 0 1788864680 605281
16 7685 321 0 1788864680 605652
16 7692 261 0 1788864680 607506
18 7375 91 0 1788864680 607773
16 7695 330 0 1788864680 608426
19 6577 127 0 1788864680 608526
16 7696 600 0 1788864680 609030
19 6578 495 0 1788864680 609042
18 7387 131 0 1788864680 609713
19 6603 120 0 1788864680 612935
19 6605 328 0 1788864680 613437
19 6607 281 0 1788864680 614061
18 7419 88 0 1788864680 614292
18 7420 135 0 1788864680 614435
16 7717 1309 0 1788864680 616940
18 7455 298 0 1788864680 621734
18 7476 183 0 1788864680 628206
16 7752 417 0 1788864680 628532
17 6360 641 0 1788864680 628541
16 7779 212 0 1788864680 634806
16 7790 178 0 1788864680 638318
17 6380 375 0 1788864680 638327
19 6714 192 0 1788864680 639397
18 7525 182 0 1788864680 640607
18 7526 231 0 1788864680 640853
16 7805 272 0 1788864680 641665
16 7806 207 0 1788864680 641881
16 7808 456 0 1788864680 642825
18 7535 214 0 1788864680 643185
18 7539 203 0 1788864680 644113
19 6733 119 0 1788864680 644259
19 6736 151 0 1788864680 644653
16 7829 201 0 1788864680 647888
19 6752 137 0 1788864680 649296
19 6754 186 0 1788864680 649600
17 6403 360 0 1788864680 649964
18 7570 486 0 1788864680 652478
18 7585 191 0 1788864680 655778
16 7863 211 0 1788864680 656317
17 6421 418 0 1788864680 658563
17 6429 363 0 1788864680 662670
19 6788 393 0 1788864680 663593
16 7894 182 0 1788864680 664222
16 7895 204 0 1788864680 664430
19 6790 584 0 1788864680 664529
16 7908 1171 0 1788864680 667986
16 7910 224 0 1788864680 668439
16 7930 210 0 1788864680 673234
19 6813 403 0 1788864680 674477
17 6455 410 0 1788864680 674591
18 7669 178 0 1788864680 677335
16 7950 185 0 1788864680 679021
18 7678 227 0 1788864680 679578
19 6853 197 0 1788864680 685343
17 6481 94 0 1788864680 686437
17 6483 199 0 1788864680 686778
18 7704 218 0 1788864680 687459
17 6492 389 0 1788864680 692105
17 6493 321 0 1788864680 692432
18 7706 106 0 1788864680 700515
19 6882 209 0 1788864680 701252
19 6883 378 0 1788864680 701636
18 7716 157 0 1788864680 702870
19 6897 267 0 1788864680 709939
17 6526 829 0 1788864680 710465
19 6899 413 0 1788864680 710647
18 7729 358 0 1788864680 710857
19 6909 373 0 1788864680 717534
17 6535 736 0 1788864680 718719
17 6539 393 0 1788864680 722027
16 8039 822 0 1788864680 726167
18 7761 254 0 1788864680 727393
16 8045 416 0 1788864680 727933
18 7762 813 0 1788864680 728216
16 8055 155 0 1788864680 732235
17 6561 576 0 1788864680 733670
19 6943 437 0 1788864680 737499
16 8067 485 0 1788864680 737717
19 6948 226 0 1788864680 739325
18 7796 326 0 1788864680 741365
18 7801 401 0 1788864680 743022
16 8086 231 0 1788864680 743557
19 6963 187 0 1788864680 744684
18 7813 206 0 1788864680 745483
18 7814 486 0 1788864680 745976
16 8105 218 0 1788864680 746988
19 6979 204 0 1788864680 748203
18 7827 305 0 1788864680 749072
18 7850 198 0 1788864680 758450
19 7004 192 0 1788864680 758553
16 8140 651 0 1788864680 759419
19 7010 114 0 1788864680 759888
16 8144 201 0 1788864680 760303
19 7023 272 0 1788864680 763008
18 7878 208 0 1788864680 767710
19 7040 114 0 1788864680 769128
16 8173 233 0 1788864680 769551
16 8174 211 0 1788864680 769770
19 7043 221 0 1788864680 769799
18 7893 259 0 1788864680 771732
19 7058 333 0 1788864680 773390
19 7065 186 0 1788864680 774902
19 7069 150 0 1788864680 775708
19 7082 319 0 1788864680 779826
18 7927 201 0 1788864680 780559
18 7933 506 0 1788864680 782106
16 8224 279 0 1788864680 782830
18 7944 416 0 1788864680 786844
18 7946 300 0 1788864680 787532
18 7960 1037 0 1788864680 795780
16 8266 406 0 1788864680 801340
19 7141 274 0 1788864680 804290
18 7986 261 0 1788864680 804968
18 7994 436 0 1788864680 809264
16 8285 504 0 1788864680 810000
16 8286 462 0 1788864680 810468
16 8287 383 0 1788864680 810856
19 7158 542 0 1788864680 812963
18 8015 370 0 1788864680 817935
16 8308 388 0 1788864680 819372
19 7187 217 0 1788864680 819915
16 8310 302 0 1788864680 820100
19 7190 166 0 1788864680 820592
18 8026 371 0 1788864680 822091
16 8321 408 0 1788864680 825515
18 8037 365 0 1788864680 827350
19 7217 357 0 1788864680 827950
19 7233 290 0 1788864680 830889
19 7238 97 0 1788864680 832370
16 8341 932 0 1788864680 833308
18 8056 511 0 1788864680 837332
19 7261 179 0 1788864680 837342
16 8348 800 0 1788864680 837819
18 8058 526 0 1788864680 838252
19 7266 190 0 1788864680 838260
18 8061 815 0 1788864680 841345
16 8354 604 0 1788864680 842550
18 8073 403 0 1788864680 847830
19 7310 159 0 1788864680 850171
16 8388 337 0 1788864680 855146
18 8095 190 0 1788864680 855155
19 7338 830 0 1788864680 862546
16 8403 389 0 1788864680 862729
19 7339 167 0 1788864680 862736
16 8419 387 0 1788864680 872204
16 8422 331 0 1788864680 873019
18 8132 199 0 1788864680 873908
18 8134 171 0 1788864680 874193
16 8429 326 0 1788864680 874820
19 7390 450 0 1788864680 875367
17 6706 450 0 1788864680 878522
16 8443 244 0 1788864680 878791
19 7404 246 0 1788864680 879099
19 7409 169 0 1788864680 880145
17 6712 443 0 1788864680 882216
17 6719 0 0 1788864680 885751
18 8158 2575 0 1788864680 887866
18 8172 1027 0 1788864680 896486
18 8173 0 0 1788864680 896903
16 8489 0 0 1788864680 900082
17 6748 457 0 1788864680 904899
16 8500 668 0 1788864680 906142
16 8506 485 0 1788864680 910064
16 8517 1421 0 1788864680 915898
16 8519 0 0 1788864680 916530
17 6769 230 0 1788864680 916764
16 8525 344 0 1788864680 918523
19 7485 0 0 1788864680 924060
17 6783 392 0 1788864680 924227
18 8215 529 0 1788864680 926088
18 8216 544 0 1788864680 926637
16 8551 282 0 1788864680 927715
17 6792 0 0 1788864680 928028
19 7496 314 0 1788864680 930340
17 6814 429 0 1788864680 947888
18 8250 290 0 1788864680 949711
19 7518 82 0 1788864680 951012
18 8254 427 0 1788864680 951270
16 8591 380 0 1788864680 953918
18 8265 439 0 1788864680 956695
18 8267 405 0 1788864680 958034
18 8270 377 0 1788864680 959201
18 8271 383 0 1788864680 959589
18 8272 386 0 1788864680 959980
16 8606 655 0 1788864680 961566
16 8611 174 0 1788864680 963320
19 7549 466 0 1788864680 964480
18 8326 217 0 1788864680 973952
18 8340 219 0 1788864680 977051
17 6910 223 0 1788864680 977570
18 8344 220 0 1788864680 977959
17 6926 215 0 1788864680 981203
16 8631 513 0 1788864681 18452
19 7574 1532 0 1788864681 24794
18 8382 587 0 1788864681 27208
18 8417 0 0 1788864681 33355
18 8439 0 0 1788864681 36691
16 8646 554 0 1788864681 38073
18 8445 713 0 1788864681 40635
18 8455 0 0 1788864681 45832
16 8665 0 0 1788864681 48366
19 7602 0 0 1788864681 49668
16 8677 0 0 1788864681 54212
17 6965 0 0 1788864681 54372
17 6971 0 0 1788864681 56408
18 8481 769 0 1788864681 61919
18 8490 0 0 1788864681 68229
16 8700 235 0 1788864681 69158
17 6991 540 0 1788864681 69251
19 7637 0 0 1788864681 72675
17 7002 0 0 1788864681 78866
19 7653 0 0 1788864681 79298
17 7015 1123 0 1788864681 91321
16 8734 779 0 1788864681 95331
19 7672 525 0 1788864681 98312
18 8531 458 0 1788864681 101051
17 7040 425 0 1788864681 105996
16 8756 363 0 1788864681 108696
16 8764 564 0 1788864681 113216
19 7689 1312 0 1788864681 114761
19 7717 0 0 1788864681 124929
19 7718 0 0 1788864681 125246
16 8803 0 0 1788864681 129056
19 7738 0 0 1788864681 136988
19 7742 0 0 1788864681 137590
16 8821 0 0 1788864681 142079
19 7770 0 0 1788864681 148623
18 8574 4071 0 1788864681 149331
19 7776 315 0 1788864681 149991
16 8841 356 0 1788864681 150352
18 8579 365 0 1788864681 151776
19 7791 194 0 1788864681 153545
19 7792 257 0 1788864681 153824
17 7111 236 0 1788864681 156895
18 8600 249 0 1788864681 156986
18 8602 235 0 1788864681 157461
18 8603 245 0 1788864681 157710
19 7808 252 0 1788864681 157796
19 7810 231 0 1788864681 158273
17 7135 265 0 1788864681 162805
18 8628 243 0 1788864681 163895
18 8631 235 0 1788864681 164694
18 8638 182 0 1788864681 166718
17 7158 184 0 1788864681 167842
18 8652 253 0 1788864681 170351
17 7179 669 0 1788864681 173556
19 7867 792 0 1788864681 174173
18 8667 233 0 1788864681 176980
17 7185 0 0 1788864681 178508
17 7190 771 0 1788864681 182334
17 7192 615 0 1788864681 183411
19 7881 461 0 1788864681 183777
18 8676 538 0 1788864681 184225
18 8677 547 0 1788864681 184777
18 8689 598 0 1788864681 198136
19 7901 912 0 1788864681 198881
18 8692 612 0 1788864681 200278
17 7232 685 0 1788864681 212206
17 7239 763 0 1788864681 217246
17 7245 729 0 1788864681 221579
19 7936 0 0 1788864681 223558
19 7953 0 0 1788864681 226269
19 7972 0 0 1788864681 229059
16 8937 1065 0 1788864681 250163
19 8037 0 0 1788864681 254207
18 8749 4338 0 1788864681 257744
17 7289 0 0 1788864681 268989
18 8773 0 0 1788864681 272832
17 7297 0 0 1788864681 273167
17 7303 0 0 1788864681 275443
19 8078 782 0 1788864681 277332
18 8786 0 0 1788864681 281706
17 7316 0 0 1788864681 285461
17 7330 402 0 1788864681 291298
16 9001 428 0 1788864681 293264
18 8812 698 0 1788864681 300054
16 9015 731 0 1788864681 302087
18 8819 699 0 1788864681 305682
17 7353 541 0 1788864681 308106
18 8825 597 0 1788864681 309498
16 9032 1009 0 1788864681 313768
16 9037 331 0 1788864681 316104
18 8844 622 0 1788864681 319828
19 8147 582 0 1788864681 320745
17 7388 277 0 1788864681 321786
17 7389 168 0 1788864681 321958
19 8152 638 0 1788864681 323318
17 7396 191 0 1788864681 323417
17 7398 115 0 1788864681 323849
18 8852 687 0 1788864681 324445
18 8854 756 0 1788864681 326438
17 7470 254 0 1788864681 339165
18 8878 574 0 1788864681 340473
17 7497 258 0 1788864681 344831
17 7529 203 0 1788864681 350933
18 8901 613 0 1788864681 353493
17 7544 105 0 1788864681 354052
17 7560 173 0 1788864681 357052
18 8910 513 0 1788864681 358711
16 9119 1243 0 1788864681 364619
16 9126 611 0 1788864681 368698
18 8926 439 0 1788864681 368886
16 9131 481 0 1788864681 371424
18 8932 633 0 1788864681 372534
16 9133 665 0 1788864681 372823
18 8937 662 0 1788864681 375545
18 8942 472 0 1788864681 378589
17 7667 940 0 1788864681 381618
19 8256 749 0 1788864681 386722
19 8261 680 0 1788864681 390137
17 7681 684 0 1788864681 390234
17 7684 4228 0 1788864681 395875
18 8969 1848 0 1788864681 401215
16 9178 742 0 1788864681 405683
16 9180 763 0 1788864681 406943
16 9184 506 0 1788864681 409328
18 8987 463 0 1788864681 411109
16 9194 473 0 1788864681 414420
18 8998 472 0 1788864681 416396
16 9201 494 0 1788864681 417771
18 9002 458 0 1788864681 418379
16 9210 520 0 1788864681 422069
16 9211 353 0 1788864681 422427
17 7748 1532 0 1788864681 437244
17 7753 806 0 1788864681 441283
19 8330 1460 0 1788864681 443589
16 9243 510 0 1788864681 457377
17 7765 557 0 1788864681 458802
18 9071 125 0 1788864681 460642
18 9073 81 0 1788864681 460839
18 9075 86 0 1788864681 461015
18 9082 94 0 1788864681 461867
19 8354 438 0 1788864681 469088
17 7780 402 0 1788864681 469352
18 9146 112 0 1788864681 470409
18 9151 168 0 1788864681 471228
17 7793 492 0 1788864681 475896
17 7798 528 0 1788864681 478397
18 9226 151 0 1788864681 481234
18 9233 125 0 1788864681 482257
17 7805 915 0 1788864681 484830
18 9250 134 0 1788864681 484839
18 9263 764 0 1788864681 487624
16 9295 733 0 1788864681 488894
19 8413 118 0 1788864681 489617
16 9300 1084 0 1788864681 492523
17 7818 1040 0 1788864681 494635
18 9283 244 0 1788864681 496742
18 9297 184 0 1788864681 499496
18 9306 164 0 1788864681 501276
18 9325 165 0 1788864681 504539
19 8491 174 0 1788864681 504806
19 8498 161 0 1788864681 506049
18 9336 174 0 1788864681 506519
19 8525 195 0 1788864681 510797
18 9389 211 0 1788864681 515877
16 9314 1228 0 1788864681 516978
18 9396 224 0 1788864681 517231
19 8597 223 0 1788864681 525109
19 8603 211 0 1788864681 526325
18 9444 247 0 1788864681 527769
19 8636 222 0 1788864681 533967
19 8650 207 0 1788864681 537190
18 9484 323 0 1788864681 537433
18 9496 216 0 1788864681 540186
18 9499 221 0 1788864681 540876
19 8690 340 0 1788864681 546469
18 9534 247 0 1788864681 549417
17 7853 998 0 1788864681 549728
19 8708 104 0 1788864681 551282
16 9344 566 0 1788864681 552933
17 7858 655 0 1788864681 553568
16 9348 425 0 1788864681 555006
18 9567 141 0 1788864681 556433
19 8741 139 0 1788864681 557439
18 9574 215 0 1788864681 557783
18 9578 312 0 1788864681 558703
18 9608 244 0 1788864681 565425
18 9620 238 0 1788864681 567730
19 8814 103 0 1788864681 569640
19 8823 84 0 1788864681 570487
19 8825 93 0 1788864681 570683
19 8830 87 0 1788864681 571185
18 9648 124 0 1788864681 572704
19 8838 84 0 1788864681 573236
18 9672 141 0 1788864681 576336
18 9681 111 0 1788864681 577743
19 8879 145 0 1788864681 579270
16 9386 896 0 1788864681 580663
18 9732 97 0 1788864681 585105
18 9733 103 0 1788864681 585217
18 9736 106 0 1788864681 585589
19 8924 95 0 1788864681 585596
16 9394 605 0 1788864681 586568
18 9756 89 0 1788864681 587851
18 9772 127 0 1788864681 589691
19 8981 92 0 1788864681 592491
18 9801 80 0 1788864681 593142
17 7905 1055 0 1788864681 597331
18 9827 132 0 1788864681 597708
19 9016 124 0 1788864681 598660
19 9026 111 0 1788864681 599887
19 9029 92 0 1788864681 600235
18 9851 103 0 1788864681 600595
19 9035 110 0 1788864681 600973
18 9865 125 0 1788864681 602237
19 9066 112 0 1788864681 604656
19 9080 79 0 1788864681 606338
19 9087 99 0 1788864681 607067
19 9109 122 0 1788864681 609655
19 9125 103 0 1788864681 612510
18 9946 100 0 1788864681 612662
16 9439 563 0 1788864681 613079
16 9441 591 0 1788864681 614378
18 9975 94 0 1788864681 616303
18 9978 138 0 1788864681 616633
18 9982 88 0 1788864681 617044
18 9990 105 0 1788864681 617823
18 10000 88 0 1788864681 618726
18 10007 89 0 1788864681 619411
19 9177 94 0 1788864681 620079
19 9204 226 0 1788864681 624061
18 10044 192 0 1788864681 624505
18 10048 124 0 1788864681 625035
17 7921 1113 0 1788864681 625592
18 10074 218 0 1788864681 630716
19 9228 231 0 1788864681 631085
18 10102 687 0 1788864681 639815
18 10104 609 0 1788864681 640982
18 10105 556 0 1788864681 641544
16 9478 619 0 1788864681 641895
16 9482 668 0 1788864681 645176
18 10113 384 0 1788864681 645896
16 9487 598 0 1788864681 648458
19 9270 579 0 1788864681 649401
18 10123 666 0 1788864681 651563
19 9299 218 0 1788864681 665601
17 7969 733 0 1788864681 668600
19 9310 225 0 1788864681 671191
16 9528 213 0 1788864681 672621
19 9315 623 0 1788864681 674191
16 9539 310 0 1788864681 675189
18 10171 411 0 1788864681 677733
18 10172 351 0 1788864681 678105
16 9552 206 0 1788864681 678411
16 9556 140 0 1788864681 679168
16 9560 187 0 1788864681 680015
16 9582 216 0 1788864681 684034
16 9588 97 0 1788864681 685066
18 10195 412 0 1788864681 690738
16 9606 304 0 1788864681 691568
16 9609 343 0 1788864681 692608
16 9614 295 0 1788864681 694499
19 9355 432 0 1788864681 696506
19 9360 480 0 1788864681 699206
19 9361 551 0 1788864681 699761
17 7998 1026 0 1788864681 702078
19 9366 455 0 1788864681 702252
18 10221 461 0 1788864681 704451
16 9642 547 0 1788864681 705003
16 9646 505 0 1788864681 706880
19 9376 458 0 1788864681 707366
17 8004 947 0 1788864681 710524
16 9666 720 0 1788864681 717054
16 9669 404 0 1788864681 718084
16 9670 355 0 1788864681 718444
16 9680 373 0 1788864681 723141
18 10274 317 0 1788864681 725066
19 9420 503 0 1788864681 729141
19 9423 555 0 1788864681 730359
18 10320 149 0 1788864681 733553
17 8013 411 0 1788864681 735624
19 9437 409 0 1788864681 736387
18 10338 242 0 1788864681 737838
18 10343 180 0 1788864681 739003
19 9460 389 0 1788864681 745161
17 8038 312 0 1788864681 782648
17 8040 480 0 1788864681 783335
18 10401 390 0 1788864681 784733
19 9496 107 0 1788864681 792210
19 9499 925 0 1788864681 796839
18 10422 355 0 1788864681 799944
18 10424 317 0 1788864681 800454
17 8069 544 0 1788864681 801771
17 8075 414 0 1788864681 804269
18 10438 371 0 1788864681 805064
19 9528 91 0 1788864681 807832
18 10447 332 0 1788864681 808765
17 8086 430 0 1788864681 810001
19 9540 295 0 1788864681 812876
18 10469 282 0 1788864681 816877
19 9560 269 0 1788864681 818713
16 9767 842 0 1788864681 819677
19 9564 286 0 1788864681 819939
17 8122 430 0 1788864681 827421
19 9613 311 0 1788864681 836753
19 9654 407 0 1788864681 850775
18 10573 158 0 1788864681 852115
19 9662 171 0 1788864681 853373
19 9663 372 0 1788864681 853750
19 9668 233 0 1788864681 855032
18 10585 239 0 1788864681 855434
19 9671 277 0 1788864681 855802
16 9840 395 0 1788864681 856310
16 9847 159 0 1788864681 861417
19 9686 511 0 1788864681 863949
17 8156 1099 0 1788864681 864930
16 9864 189 0 1788864681 865053
18 10608 1104 0 1788864681 870554
19 9696 2182 0 1788864681 874703
16 9873 666 0 1788864681 879804
18 10619 1614 0 1788864681 888790
16 9883 3503 0 1788864681 904713
17 8192 5623 0 1788864681 928488
17 8200 0 0 1788864681 934297
16 9898 9663 0 1788864681 938161
17 8208 1517 0 1788864681 940652
16 9903 0 0 1788864681 942834
17 8220 1451 0 1788864681 951944
19 9739 1324 0 1788864681 952871
18 10671 677 0 1788864681 958328
16 9931 591 0 1788864681 965639
18 10687 91 0 1788864681 970250
18 10692 720 0 1788864681 973813
18 10694 9423 0 1788864681 983949
16 9944 9452 0 1788864681 984077
17 8251 1220 0 1788864681 985552
16 9946 927 0 1788864681 986158
17 8254 897 0 1788864681 988199
19 9775 551 0 1788864681 989048
18 10700 582 0 1788864681 989244
19 9779 704 0 1788864681 992074
19 9788 887 0 1788864681 999489
18 10713 791 0 1788864681 999594
19 9793 769 0 1788864682 3393
17 8274 861 0 1788864682 6144
19 9797 856 0 1788864682 6644
17 8284 573 0 1788864682 12264
19 9813 423 0 1788864682 18423
19 9819 395 0 1788864682 20766
18 10747 347 0 1788864682 22024
16 9987 431 0 1788864682 24756
17 8310 99 0 1788864682 25652
19 9837 617 0 1788864682 28217
17 8328 98 0 1788864682 34030
16 9998 849 0 1788864682 35366
16 10002 484 0 1788864682 37704
19 9863 341 0 1788864682 38865
18 10790 201 0 1788864682 41150
17 8368 287 0 1788864682 43208
18 10799 292 0 1788864682 43685
17 8370 277 0 1788864682 43782
16 10019 681 0 1788864682 48151
19 9887 654 0 1788864682 48167
18 10812 381 0 1788864682 49827
18 10823 486 0 1788864682 60211
16 10066 0 0 1788864682 75206
16 10069 0 0 1788864682 75711
19 9910 746 0 1788864682 83294
18 10874 230 0 1788864682 86163
17 8413 742 0 1788864682 87759
16 10094 681 0 1788864682 88965
19 9920 577 0 1788864682 90892
17 8424 347 0 1788864682 94892
17 8429 702 0 1788864682 97570
18 10896 621 0 1788864682 100963
18 10897 590 0 1788864682 101560
16 10115 605 0 1788864682 101797
19 9943 687 0 1788864682 111593
18 10911 1437 0 1788864682 118845
16 10132 3665 0 1788864682 121885
18 10916 8982 0 1788864682 134450
19 9958 863 0 1788864682 136054
19 9968 268 0 1788864682 140425
18 10937 91 0 1788864682 140951
17 8468 348 0 1788864682 141075
19 9970 339 0 1788864682 141082
18 10952 0 0 1788864682 144939
18 10953 0 0 1788864682 145093
16 10162 298 0 1788864682 147310
19 9990 331 0 1788864682 153038
17 8492 389 0 1788864682 153718
19 9998 458 0 1788864682 156177
17 8511 367 0 1788864682 160798
16 10205 74 0 1788864682 165341
16 10210 100 0 1788864682 165937
19 10020 1235 0 1788864682 166039
17 8525 0 0 1788864682 166220
18 10996 611 0 1788864682 166863
18 11003 322 0 1788864682 170489
19 10029 287 0 1788864682 170634
16 10220 210 0 1788864682 170797
17 8544 133 0 1788864682 173144
16 10232 305 0 1788864682 174247
19 10043 323 0 1788864682 174800
18 11022 207 0 1788864682 175718
19 10050 614 0 1788864682 176840
17 8561 285 0 1788864682 176999
17 8566 260 0 1788864682 178588
16 10254 209 0 1788864682 180754
17 8575 0 0 1788864682 181212
19 10064 336 0 1788864682 181278
16 10267 270 0 1788864682 184114
19 10076 417 0 1788864682 186109
18 11055 600 0 1788864682 186818
19 10081 575 0 1788864682 188228
17 8607 307 0 1788864682 191184
16 10293 376 0 1788864682 192692
18 11076 373 0 1788864682 194020
16 10309 2332 0 1788864682 200661
18 11085 3221 0 1788864682 200675
16 10317 155 0 1788864682 203322
18 11091 415 0 1788864682 203551
17 8637 332 0 1788864682 204515
17 8638 344 0 1788864682 204864
18 11096 347 0 1788864682 205127
17 8642 420 0 1788864682 206416
17 8655 380 0 1788864682 211007
19 10134 295 0 1788864682 211202
18 11121 236 0 1788864682 213751
19 10148 259 0 1788864682 215318
18 11138 243 0 1788864682 218803
19 10151 0 0 1788864682 219178
18 11142 0 0 1788864682 220372
18 11143 0 0 1788864682 220454
18 11146 771 0 1788864682 221452
17 8687 365 0 1788864682 223408
17 8691 112 0 1788864682 224198
18 11161 231 0 1788864682 224407
16 10382 181 0 1788864682 225095
18 11175 233 0 1788864682 228067
19 10198 240 0 1788864682 228200
18 11179 189 0 1788864682 228919
16 10402 375 0 1788864682 229541
16 10412 79 0 1788864682 231324
18 11199 131 0 1788864682 232303
17 8740 278 0 1788864682 233814
19 10229 125 0 1788864682 234240
16 10436 179 0 1788864682 235649
17 8759 93 0 1788864682 237949
17 8763 231 0 1788864682 238790
16 10451 283 0 1788864682 239216
17 8765 347 0 1788864682 239419
18 11226 0 0 1788864682 239656
17 8766 252 0 1788864682 239701
17 8767 157 0 1788864682 239879
18 11241 391 0 1788864682 242455
18 11251 207 0 1788864682 244018
18 11261 131 0 1788864682 245194
16 10471 2027 0 1788864682 246050
18 11269 141 0 1788864682 246382
18 11298 131 0 1788864682 250827
19 10273 830 0 1788864682 251201
18 11327 81 0 1788864682 254072
18 11351 165 0 1788864682 256591
18 11364 137 0 1788864682 258561
16 10484 90 0 1788864682 260174
18 11382 791 0 1788864682 261599
16 10488 245 0 1788864682 262048
18 11386 138 0 1788864682 262215
18 11423 221 0 1788864682 269798
18 11438 89 0 1788864682 271316
19 10294 769 0 1788864682 273850
17 8851 158 0 1788864682 273897
16 10505 863 0 1788864682 274504
16 10507 670 0 1788864682 275798
18 11485 88 0 1788864682 276726
19 10298 824 0 1788864682 277162
17 8876 304 0 1788864682 280012
18 11512 96 0 1788864682 280020
16 10513 718 0 1788864682 280625
18 11539 191 0 1788864682 289327
18 11541 0 0 1788864682 289849
16 10536 716 0 1788864682 291477
18 11544 0 0 1788864682 291896
18 11546 0 0 1788864682 292717
19 10322 412 0 1788864682 295322
19 10332 511 0 1788864682 302007
17 8917 358 0 1788864682 303232
16 10569 397 0 1788864682 306696
17 8927 1136 0 1788864682 308783
18 11569 1241 0 1788864682 308793
16 10572 0 0 1788864682 308908
19 10344 611 0 1788864682 309640
17 8939 596 0 1788864682 314552
18 11591 163 0 1788864682 315663
19 10354 353 0 1788864682 315672
16 10593 251 0 1788864682 316048
19 10366 183 0 1788864682 321930
19 10367 369 0 1788864682 322305
16 10608 325 0 1788864682 323161
16 10610 321 0 1788864682 323867
18 11609 968 0 1788864682 325283
19 10373 379 0 1788864682 326741
19 10380 516 0 1788864682 332945
18 11624 657 0 1788864682 335093
19 10386 0 0 1788864682 338083
19 10397 672 0 1788864682 345481
19 10402 143 0 1788864682 346975
19 10407 292 0 1788864682 348784
17 8977 1009 0 1788864682 351158
16 10644 1133 0 1788864682 351930
19 10416 399 0 1788864682 352034
18 11644 1175 0 1788864682 352677
17 8980 890 0 1788864682 353271
19 10422 96 0 1788864682 354128
18 11646 742 0 1788864682 354268
19 10440 200 0 1788864682 360620
16 10669 166 0 1788864682 366301
18 11679 92 0 1788864682 367965
18 11697 183 0 1788864682 371753
18 11724 328 0 1788864682 379358
17 9007 187 0 1788864682 384289
19 10473 362 0 1788864682 385377
17 9022 1124 0 1788864682 392237
16 10708 779 0 1788864682 398356
17 9035 658 0 1788864682 401099
19 10500 0 0 1788864682 405670
16 10721 296 0 1788864682 407682
19 10512 2481 0 1788864682 410662
16 10725 688 0 1788864682 411356
18 11783 543 0 1788864682 414224
18 11787 473 0 1788864682 416167
18 11788 575 0 1788864682 416747
19 10526 811 0 1788864682 417395
19 10530 0 0 1788864682 418202
16 10744 789 0 1788864682 420373
17 9068 4149 0 1788864682 429136
18 11825 440 0 1788864682 435137
17 9083 513 0 1788864682 436432
16 10768 677 0 1788864682 454855
17 9097 2792 0 1788864682 457902
18 11851 1456 0 1788864682 459161
18 11856 938 0 1788864682 465173
19 10576 324 0 1788864682 467713
18 11862 526 0 1788864682 467817
17 9117 0 0 1788864682 473476
18 11883 522 0 1788864682 478983
17 9130 352 0 1788864682 479911
16 10815 0 0 1788864682 483040
17 9145 126 0 1788864682 486148
17 9147 153 0 1788864682 486467
18 11901 94 0 1788864682 487041
17 9175 315 0 1788864682 495538
18 11930 0 0 1788864682 496240
17 9185 284 0 1788864682 498342
18 11942 284 0 1788864682 499514
18 11943 378 0 1788864682 499918
16 10857 0 0 1788864682 508411
18 11947 0 0 1788864682 508805
18 11966 508 0 1788864682 520576
18 11969 502 0 1788864682 522261
17 9214 508 0 1788864682 522775
18 11985 230 0 1788864682 538141
16 10897 668 0 1788864682 542194
16 10916 219 0 1788864682 550463
16 10924 0 0 1788864682 555835
16 10931 1127 0 1788864682 562004
16 10934 405 0 1788864682 563492
19 10656 144 0 1788864682 566165
19 10663 508 0 1788864682 569572
19 10664 514 0 1788864682 570091
17 9265 947 0 1788864682 570547
19 10669 457 0 1788864682 573457
18 12043 583 0 1788864682 575805
17 9275 903 0 1788864682 582730
19 10689 204 0 1788864682 583600
18 12076 380 0 1788864682 590270
18 12087 342 0 1788864682 593949
16 11008 494 0 1788864682 599171
16 11013 328 0 1788864682 601347
17 9296 763 0 1788864682 602797
18 12107 358 0 1788864682 602938
17 9297 717 0 1788864682 603522
17 9301 659 0 1788864682 606467
19 10751 182 0 1788864682 607486
19 10753 356 0 1788864682 608183
18 12121 959 0 1788864682 609296
16 11034 1553 0 1788864682 610097
18 12122 808 0 1788864682 610111
18 12128 346 0 1788864682 612449
18 12132 439 0 1788864682 614219
17 9314 778 0 1788864682 618126
17 9319 564 0 1788864682 621714
17 9320 666 0 1788864682 622411
17 9321 1319 0 1788864682 623735
17 9324 236 0 1788864682 625406
16 11072 279 0 1788864682 626408
18 12164 370 0 1788864682 626915
17 9327 893 0 1788864682 627947
17 9332 409 0 1788864682 632344
16 11079 0 0 1788864682 632830
18 12183 700 0 1788864682 641767
19 10814 365 0 1788864682 642275
19 10819 196 0 1788864682 644051
16 11104 451 0 1788864682 649402
18 12208 604 0 1788864682 656655
16 11125 340 0 1788864682 658814
19 10842 1229 0 1788864682 660487
19 10846 916 0 1788864682 664586
16 11132 1925 0 1788864682 665571
18 12233 235 0 1788864682 671062
19 10859 336 0 1788864682 673573
17 9376 0 0 1788864682 677630
16 11161 256 0 1788864682 682640
18 12265 240 0 1788864682 682753
16 11162 318 0 1788864682 682965
18 12282 491 0 1788864682 687166
16 11175 194 0 1788864682 687194
19 10888 245 0 1788864682 688714
19 10900 253 0 1788864682 691911
17 9387 2224 0 1788864682 693205
19 10907 317 0 1788864682 693893
18 12313 223 0 1788864682 696899
18 12314 164 0 1788864682 697068
16 11230 232 0 1788864682 704217
16 11231 280 0 1788864682 704507
17 9396 1541 0 1788864682 706996
16 11240 211 0 1788864682 707441
19 10946 349 0 1788864682 707846
16 11244 371 0 1788864682 708345
19 10951 224 0 1788864682 708853
19 10952 130 0 1788864682 708987
19 10956 133 0 1788864682 710041
18 12344 346 0 1788864682 710236
19 10957 373 0 1788864682 710419
17 9400 1417 0 1788864682 712556
18 12357 210 0 1788864682 714328
18 12360 304 0 1788864682 715077
17 9405 662 0 1788864682 715961
16 11268 250 0 1788864682 716065
19 10970 260 0 1788864682 716118
16 11274 224 0 1788864682 717572
16 11284 246 0 1788864682 720006
17 9410 1483 0 1788864682 722639
16 11299 325 0 1788864682 723716
18 12385 0 0 1788864682 724795
18 12388 0 0 1788864682 725459
18 12415 0 0 1788864682 732845
18 12437 0 0 1788864682 743955
18 12454 0 0 1788864682 745410
19 11000 8070 0 1788864682 751045
16 11304 1422 0 1788864682 752473
18 12481 65 0 1788864682 753281
18 12482 264 0 1788864682 753549
18 12494 122 0 1788864682 754619
18 12501 174 0 1788864682 755287
18 12516 68 0 1788864682 756837
19 11008 611 0 1788864682 757122
17 9421 980 0 1788864682 757273
18 12555 86 0 1788864682 761547
17 9427 532 0 1788864682 761782
18 12572 104 0 1788864682 763662
18 12575 78 0 1788864682 763948
18 12579 224 0 1788864682 764371
18 12596 65 0 1788864682 766091
18 12606 64 0 1788864682 766831
18 12648 182 0 1788864682 770893
18 12650 69 0 1788864682 771039
17 9436 604 0 1788864682 773229
18 12682 196 0 1788864682 776898
18 12685 160 0 1788864682 777387
18 12698 149 0 1788864682 779573
18 12708 156 0 1788864682 781536
19 11041 454 0 1788864682 783763
16 11347 1023 0 1788864682 785675
18 12723 159 0 1788864682 786130
16 11351 474 0 1788864682 788156
19 11052 463 0 1788864682 789362
19 11055 614 0 1788864682 790815
18 12753 249 0 1788864682 792360
16 11360 439 0 1788864682 792805
19 11063 560 0 1788864682 794708
18 12796 167 0 1788864682 801989
19 11081 388 0 1788864682 802729
18 12812 118 0 1788864682 803715
19 11084 217 0 1788864682 803724
19 11091 314 0 1788864682 805855
18 12858 93 0 1788864682 809346
19 11107 281 0 1788864682 810132
19 11109 143 0 1788864682 810748
18 12878 147 0 1788864682 811680
18 12879 113 0 1788864682 811819
16 11426 394 0 1788864682 812935
16 11431 186 0 1788864682 813698
16 11443 210 0 1788864682 815755
19 11145 889 0 1788864682 818977
16 11458 178 0 1788864682 820037
19 11162 198 0 1788864682 822292
16 11479 199 0 1788864682 824390
17 9503 1046 0 1788864682 825465
18 12969 216 0 1788864682 829544
18 12970 201 0 1788864682 829793
18 12977 82 0 1788864682 830546
17 9514 469 0 1788864682 831837
18 12995 168 0 1788864682 834606
19 11222 834 0 1788864682 838953
18 13030 156 0 1788864682 842836
18 13031 110 0 1788864682 842978
16 11546 139 0 1788864682 844087
19 11240 105 0 1788864682 844967
16 11551 202 0 1788864682 845201
19 11265 0 0 1788864682 853166
18 13072 89 0 1788864682 857200
16 11588 1467 0 1788864682 858015
16 11593 1220 0 1788864682 863449
18 13091 88 0 1788864682 863887
17 9571 136 0 1788864682 864781
18 13101 0 0 1788864682 867217
17 9584 0 0 1788864682 868032
18 13105 1534 0 1788864682 870034
17 9595 224 0 1788864682 870516
18 13107 858 0 1788864682 871165
17 9604 89 0 1788864682 876150
16 11606 581 0 1788864682 877643
16 11620 395 0 1788864682 886434
19 11310 340 0 1788864682 893131
16 11644 854 0 1788864682 902505
17 9654 565 0 1788864682 915193
18 13165 493 0 1788864682 917591
19 11341 541 0 1788864682 919204
19 11349 487 0 1788864682 923028
19 11356 234 0 1788864682 925694
17 9675 455 0 1788864682 926533
19 11383 1685 0 1788864682 937434
17 9687 969 0 1788864682 938698
16 11700 844 0 1788864682 940211
19 11389 923 0 1788864682 942391
19 11390 976 0 1788864682 943460
17 9718 0 0 1788864682 958804
17 9724 1220 0 1788864682 972249
17 9749 358 0 1788864682 998275
18 13236 216 0 1788864682 998565
18 13242 1021 0 1788864683 1264
18 13248 198 0 1788864683 2576
18 13253 443 0 1788864683 4278
18 13256 270 0 1788864683 5219
16 11746 160 0 1788864683 6919
16 11749 88 0 1788864683 7214
16 11752 71 0 1788864683 7493
19 11429 186 0 1788864683 7630
18 13269 170 0 1788864683 8507
19 11435 464 0 1788864683 8891
17 9784 236 0 1788864683 8924
16 11767 142 0 1788864683 9004
16 11768 107 0 1788864683 9120
17 9786 135 0 1788864683 9281
16 11770 133 0 1788864683 9376
16 11771 124 0 1788864683 9510
16 11772 163 0 1788864683 9677
16 11783 93 0 1788864683 11072
18 13288 401 0 1788864683 12348
18 13297 253 0 1788864683 14644
18 13299 181 0 1788864683 15136
17 9814 81 0 1788864683 15297
16 11811 163 0 1788864683 16439
19 11473 194 0 1788864683 16572
18 13310 198 0 1788864683 16845
17 9841 351 0 1788864683 20460
17 9842 430 0 1788864683 20893
18 13327 361 0 1788864683 21038
19 11491 211 0 1788864683 22067
19 11500 322 0 1788864683 23848
16 11870 149 0 1788864683 26425
19 11512 121 0 1788864683 27061
17 9873 90 0 1788864683 28318
16 11889 124 0 1788864683 30233
16 11891 137 0 1788864683 30597
16 11905 185 0 1788864683 34016
17 9887 261 0 1788864683 34110
16 11910 0 0 1788864683 34573
19 11533 220 0 1788864683 34636
19 11534 137 0 1788864683 34816
16 11913 101 0 1788864683 35012
16 11924 134 0 1788864683 37436
16 11929 275 0 1788864683 38122
19 11549 289 0 1788864683 38188
19 11550 347 0 1788864683 38540
18 13400 211 0 1788864683 43190
17 9922 0 0 1788864683 46864
19 11564 505 0 1788864683 48032
16 11947 863 0 1788864683 49997
17 9933 610 0 1788864683 54091
17 9946 171 0 1788864683 57720
17 9951 0 0 1788864683 59740
19 11589 122 0 1788864683 61208
16 11974 770 0 1788864683 66869
16 11979 514 0 1788864683 68910
17 9969 884 0 1788864683 70031
16 11985 1416 0 1788864683 74142
16 12003 490 0 1788864683 88673
16 12004 339 0 1788864683 89022
19 11624 271 0 1788864683 90058
17 9995 182 0 1788864683 91884
18 13475 432 0 1788864683 92452
17 10001 228 0 1788864683 93216
19 11639 278 0 1788864683 95748
17 10011 300 0 1788864683 95947
16 12037 213 0 1788864683 96576
17 10028 0 0 1788864683 99996
18 13503 121 0 1788864683 100387
19 11655 212 0 1788864683 101438
18 13511 0 0 1788864683 103804
17 10042 0 0 1788864683 104455
18 13556 198 0 1788864683 118515
18 13558 0 0 1788864683 119171
17 10087 1000 0 1788864683 122375
18 13566 212 0 1788864683 124689
16 12102 697 0 1788864683 125850
17 10103 0 0 1788864683 128300
16 12130 376 0 1788864683 133636
17 10120 319 0 1788864683 133837
16 12134 1039 0 1788864683 135746
16 12138 366 0 1788864683 138156
17 10130 261 0 1788864683 139051
16 12142 261 0 1788864683 139412
18 13616 150 0 1788864683 143441
16 12159 375 0 1788864683 145360
16 12191 221 0 1788864683 155879
19 11763 168 0 1788864683 156388
16 12198 100 0 1788864683 156739
17 10188 293 0 1788864683 160099
16 12218 585 0 1788864683 161452
18 13666 349 0 1788864683 161464
16 12231 123 0 1788864683 164836
18 13676 167 0 1788864683 164917
18 13687 84 0 1788864683 166398
17 10215 183 0 1788864683 170943
18 13704 219 0 1788864683 171716
16 12262 238 0 1788864683 172319
16 12263 457 0 1788864683 172785
16 12269 687 0 1788864683 175027
17 10227 620 0 1788864683 175753
17 10233 117 0 1788864683 178898
19 11803 1015 0 1788864683 182558
17 10246 428 0 1788864683 186965
19 11813 2489 0 1788864683 190987
16 12306 0 0 1788864683 193646
19 11814 5338 0 1788864683 196555
18 13742 664 0 1788864683 200805
17 10267 264 0 1788864683 204150
18 13770 430 0 1788864683 217385
19 11839 611 0 1788864683 217799
16 12352 1102 0 1788864683 218603
16 12353 1365 0 1788864683 219986
16 12357 422 0 1788864683 222375
18 13778 955 0 1788864683 223304
19 11856 913 0 1788864683 226569
19 11861 610 0 1788864683 228966
18 13808 450 0 1788864683 240141
18 13816 336 0 1788864683 244280
17 10332 770 0 1788864683 246123
18 13835 0 0 1788864683 250137
18 13854 0 0 1788864683 256021
19 11909 371 0 1788864683 256397
17 10358 508 0 1788864683 261069
18 13886 0 0 1788864683 266861
16 12411 436 0 1788864683 269826
19 11934 410 0 1788864683 271588
16 12423 482 0 1788864683 275115
17 10386 512 0 1788864683 275666
16 12425 109 0 1788864683 275786
18 13908 587 0 1788864683 276405
18 13910 106 0 1788864683 276754
19 11949 459 0 1788864683 279136
17 10396 314 0 1788864683 280302
18 13922 467 0 1788864683 281926
17 10402 237 0 1788864683 282430
18 13923 461 0 1788864683 282438
16 12445 564 0 1788864683 285337
17 10415 393 0 1788864683 286407
19 11966 172 0 1788864683 287126
19 11967 303 0 1788864683 287535
16 12468 230 0 1788864683 291458
19 11978 428 0 1788864683 292368
16 12482 434 0 1788864683 294914
16 12483 253 0 1788864683 295172
17 10454 256 0 1788864683 297513
19 11990 505 0 1788864683 297777
18 13961 364 0 1788864683 298819
17 10460 181 0 1788864683 298921
19 11994 433 0 1788864683 299382
18 13966 395 0 1788864683 300782
19 12002 453 0 1788864683 303281
16 12525 157 0 1788864683 305194
18 13979 233 0 1788864683 307051
16 12537 312 0 1788864683 308364
16 12542 314 0 1788864683 309732
16 12543 274 0 1788864683 310015
16 12544 220 0 1788864683 310239
17 10524 0 0 1788864683 313180
19 12039 189 0 1788864683 320172
16 12559 297 0 1788864683 322193
17 10546 614 0 1788864683 322846
18 14016 2220 0 1788864683 324895
19 12054 500 0 1788864683 330794
17 10555 318 0 1788864683 331269
17 10558 406 0 1788864683 333132
16 12581 229 0 1788864683 335708
16 12583 705 0 1788864683 336893
19 12074 90 0 1788864683 338457
17 10578 309 0 1788864683 341408
17 10588 229 0 1788864683 344606
16 12604 431 0 1788864683 345578
19 12094 231 0 1788864683 347078
17 10595 373 0 1788864683 348182
16 12614 655 0 1788864683 349634
18 14070 158 0 1788864683 350239
18 14074 295 0 1788864683 351742
16 12638 388 0 1788864683 358746
17 10626 331 0 1788864683 360498
18 14095 318 0 1788864683 360506
18 14097 391 0 1788864683 361271
19 12127 316 0 1788864683 361343
19 12129 409 0 1788864683 362196
16 12658 437 0 1788864683 368724
19 12143 670 0 1788864683 370839
19 12150 295 0 1788864683 374418
18 14130 0 0 1788864683 376465
17 10640 1585 0 1788864683 376590
19 12162 247 0 1788864683 379796
16 12673 574 0 1788864683 380548
19 12169 417 0 1788864683 382595
16 12687 312 0 1788864683 387118
16 12690 489 0 1788864683 388336
16 12696 417 0 1788864683 391199
19 12186 472 0 1788864683 391746
16 12706 160 0 1788864683 396472
16 12711 188 0 1788864683 397697
19 12201 402 0 1788864683 399796
16 12740 273 0 1788864683 405015
17 10687 291 0 1788864683 408921
17 10689 699 0 1788864683 409786
18 14199 401 0 1788864683 411727
18 14202 659 0 1788864683 413336
19 12225 475 0 1788864683 413633
19 12229 478 0 1788864683 415715
18 14220 410 0 1788864683 420261
18 14227 225 0 1788864683 422411
19 12243 692 0 1788864683 426597
16 12771 839 0 1788864683 431982
18 14251 110 0 1788864683 432789
19 12260 860 0 1788864683 436083
19 12261 854 0 1788864683 436963
19 12262 928 0 1788864683 437932
16 12784 1017 0 1788864683 440433
17 10771 445 0 1788864683 444764
19 12272 698 0 1788864683 445513
18 14292 251 0 1788864683 449167
17 10781 333 0 1788864683 450916
19 12282 557 0 1788864683 452946
16 12806 1119 0 1788864683 457348
18 14315 388 0 1788864683 457780
18 14326 511 0 1788864683 462640
18 14330 0 0 1788864683 464146
18 14331 410 0 1788864683 464562
19 12304 936 0 1788864683 468200
16 12821 451 0 1788864683 469006
18 14353 301 0 1788864683 474639
17 10844 457 0 1788864683 478245
17 10853 313 0 1788864683 483976
18 14392 297 0 1788864683 487877
18 14399 470 0 1788864683 490091
17 10877 348 0 1788864683 490691
17 10885 272 0 1788864683 493542
18 14412 227 0 1788864683 494477
17 10889 199 0 1788864683 494525
18 14417 319 0 1788864683 495965
17 10895 428 0 1788864683 496401
18 14424 337 0 1788864683 498073
19 12396 132 0 1788864683 499129
18 14435 301 0 1788864683 501060
17 10914 247 0 1788864683 501602
17 10920 432 0 1788864683 503234
19 12431 201 0 1788864683 505137
19 12467 86 0 1788864683 509847
19 12468 135 0 1788864683 509988
18 14462 380 0 1788864683 510403
19 12473 92 0 1788864683 510521
19 12475 103 0 1788864683 510853
19 12477 85 0 1788864683 511034
16 12853 402 0 1788864683 512418
19 12498 98 0 1788864683 515481
18 14479 446 0 1788864683 516374
17 10964 527 0 1788864683 517437
18 14487 210 0 1788864683 518291
18 14492 272 0 1788864683 519649
16 12866 651 0 1788864683 520794
16 12868 603 0 1788864683 522283
17 10994 195 0 1788864683 524404
17 10995 229 0 1788864683 524706
16 12873 685 0 1788864683 525446
19 12566 178 0 1788864683 528371
16 12878 741 0 1788864683 528987
19 12571 250 0 1788864683 530063
19 12591 414 0 1788864683 536840
16 12890 831 0 1788864683 537677
19 12599 105 0 1788864683 538708
17 11043 291 0 1788864683 539197
16 12899 153 0 1788864683 541572
18 14573 244 0 1788864683 542893
18 14576 320 0 1788864683 543794
16 12913 287 0 1788864683 545676
18 14586 302 0 1788864683 547376
19 12636 967 0 1788864683 551932
17 11073 368 0 1788864683 554657
18 14612 146 0 1788864683 557153
19 12653 143 0 1788864683 557161
18 14614 444 0 1788864683 557916
19 12660 238 0 1788864683 558952
18 14636 112 0 1788864683 563918
18 14639 328 0 1788864683 564755
19 12681 287 0 1788864683 564760
18 14641 246 0 1788864683 565186
19 12699 250 0 1788864683 573156
19 12703 248 0 1788864683 573960
16 12972 324 0 1788864683 575585
17 11132 139 0 1788864683 577975
19 12714 348 0 1788864683 577983
18 14681 159 0 1788864683 579500
18 14685 239 0 1788864683 580731
19 12723 250 0 1788864683 581053
18 14687 301 0 1788864683 581434
16 12988 513 0 1788864683 582835
17 11143 783 0 1788864683 583769
19 12735 311 0 1788864683 585098
18 14704 360 0 1788864683 586963
19 12745 185 0 1788864683 587919
18 14719 226 0 1788864683 591293
18 14725 340 0 1788864683 593947
17 11188 192 0 1788864683 596538
18 14746 364 0 1788864683 601507
19 12784 176 0 1788864683 601730
16 13019 345 0 1788864683 602694
19 12790 105 0 1788864683 603229
17 11214 113 0 1788864683 606346
16 13039 184 0 1788864683 609049
18 14779 308 0 1788864683 611358
19 12820 337 0 1788864683 612159
16 13052 571 0 1788864683 613887
16 13063 427 0 1788864683 618116
18 14800 192 0 1788864683 620303
17 11228 146 0 1788864683 620457
17 11230 238 0 1788864683 621023
17 11232 162 0 1788864683 621431
19 12852 0 0 1788864683 621856
19 12864 93 0 1788864683 623732
19 12869 143 0 1788864683 624301
17 11245 277 0 1788864683 625280
16 13083 775 0 1788864683 629145
17 11262 296 0 1788864683 630032
19 12921 83 0 1788864683 630582
19 12937 84 0 1788864683 632580
19 12941 83 0 1788864683 633060
18 14834 439 0 1788864683 634297
19 12959 86 0 1788864683 635806
17 11290 374 0 1788864683 640246
17 11292 722 0 1788864683 641244
17 11304 129 0 1788864683 643296
17 11308 122 0 1788864683 643777
18 14851 595 0 1788864683 644975
17 11325 121 0 1788864683 646312
19 13037 259 0 1788864683 648759
19 13043 189 0 1788864683 649701
17 11366 132 0 1788864683 652152
19 13068 88 0 1788864683 654356
16 13120 1578 0 1788864683 655296
17 11386 108 0 1788864683 656031
17 11392 128 0 1788864683 656986
18 14870 301 0 1788864683 657847
19 13103 182 0 1788864683 660677
19 13115 213 0 1788864683 662351
17 11435 95 0 1788864683 663043
19 13133 239 0 1788864683 665046
16 13137 351 0 1788864683 666625
16 13139 560 0 1788864683 667794
17 11472 164 0 1788864683 669359
18 14890 468 0 1788864683 670187
19 13183 94 0 1788864683 672420
19 13194 202 0 1788864683 673973
17 11505 1546 0 1788864683 677668
17 11544 203 0 1788864683 686228
19 13273 111 0 1788864683 686883
17 11550 144 0 1788864683 687314
17 11554 230 0 1788864683 688106
19 13282 83 0 1788864683 688303
19 13292 168 0 1788864683 689723
17 11563 214 0 1788864683 689751
19 13293 119 0 1788864683 689846
19 13295 174 0 1788864683 690143
18 14923 451 0 1788864683 690300
19 13296 142 0 1788864683 690308
19 13301 144 0 1788864683 691028
19 13304 86 0 1788864683 691441
18 14930 1039 0 1788864683 694207
19 13331 177 0 1788864683 695483
18 14939 192 0 1788864683 707109
16 13190 248 0 1788864683 708051
19 13366 189 0 1788864683 709493
17 11624 243 0 1788864683 711133
19 13377 357 0 1788864683 713795
17 11640 317 0 1788864683 715548
19 13382 421 0 1788864683 715556
18 14960 351 0 1788864683 715723
16 13215 356 0 1788864683 717754
19 13388 345 0 1788864683 717762
16 13217 391 0 1788864683 718334
17 11652 288 0 1788864683 718729
17 11655 258 0 1788864683 720361
16 13220 581 0 1788864683 720459
17 11663 1365 0 1788864683 724815
18 14975 1675 0 1788864683 725037
17 11674 396 0 1788864683 727875
18 14987 192 0 1788864683 728107
19 13423 231 0 1788864683 729171
17 11689 224 0 1788864683 731292
18 14999 440 0 1788864683 733518
17 11701 222 0 1788864683 734774
17 11705 320 0 1788864683 735823
18 15007 163 0 1788864683 736387
17 11709 327 0 1788864683 736760
17 11722 247 0 1788864683 740821
18 15022 568 0 1788864683 741644
18 15023 436 0 1788864683 742085
17 11729 149 0 1788864683 742546
17 11738 289 0 1788864683 745419
19 13462 814 0 1788864683 746028
17 11757 179 0 1788864683 749178
17 11763 217 0 1788864683 750241
17 11774 240 0 1788864683 752668
18 15042 721 0 1788864683 754168
16 13266 698 0 1788864683 754456
17 11787 161 0 1788864683 755183
19 13476 1401 0 1788864683 755759
19 13483 735 0 1788864683 762711
19 13487 425 0 1788864683 764308
18 15059 679 0 1788864683 766570
17 11828 115 0 1788864683 767590
17 11830 274 0 1788864683 768121
17 11837 126 0 1788864683 769944
19 13499 658 0 1788864683 772730
18 15069 985 0 1788864683 774211
17 11860 192 0 1788864683 775751
19 13504 717 0 1788864683 776837
17 11873 269 0 1788864683 778434
17 11877 169 0 1788864683 779114
17 11879 98 0 1788864683 779586
17 11887 155 0 1788864683 782277
19 13512 679 0 1788864683 782397
17 11900 229 0 1788864683 785396
16 13294 817 0 1788864683 785963
16 13297 784 0 1788864683 788753
17 11919 557 0 1788864683 790713
18 15099 578 0 1788864683 797216
19 13533 396 0 1788864683 798353
18 15107 689 0 1788864683 801417
18 15128 566 0 1788864683 814564
17 11978 434 0 1788864683 816510
17 11981 477 0 1788864683 817823
18 15137 471 0 1788864683 819547
19 13578 505 0 1788864683 826132
19 13580 392 0 1788864683 826983
16 13348 1698 0 1788864683 828251
19 13588 965 0 1788864683 831834
19 13591 430 0 1788864683 833057
17 12013 290 0 1788864683 835237
17 12026 194 0 1788864683 838089
16 13362 733 0 1788864683 839360
18 15169 429 0 1788864683 839573
18 15179 372 0 1788864683 845505
18 15188 650 0 1788864683 849541
18 15198 424 0 1788864683 853791
19 13631 279 0 1788864683 854334
17 12060 875 0 1788864683 854672
18 15211 474 0 1788864683 861629
19 13649 2145 0 1788864683 867410
16 13415 206 0 1788864683 870699
16 13421 303 0 1788864683 872134
19 13655 5777 0 1788864683 877414
17 12065 797 0 1788864683 878961
16 13430 724 0 1788864683 885489
18 15225 1188 0 1788864683 885606
18 15229 600 0 1788864683 887089
16 13449 1185 0 1788864683 904936
18 15248 1603 0 1788864683 907969
17 12104 1328 0 1788864683 927450
19 13698 1433 0 1788864683 928217
19 13699 935 0 1788864683 929158
16 13466 1372 0 1788864683 929422
16 13469 1032 0 1788864683 932080
17 12112 1105 0 1788864683 937650
16 13491 3164 0 1788864683 961047
19 13730 1551 0 1788864683 971768
18 15308 861 0 1788864683 984244
18 15312 1006 0 1788864683 987763
17 12167 988 0 1788864684 703
17 12169 718 0 1788864684 2632
17 12172 330 0 1788864684 5704
18 15337 4351 0 1788864684 11446
17 12184 87 0 1788864684 12036
16 13539 1544 0 1788864684 13396
17 12205 89 0 1788864684 14029
17 12207 82 0 1788864684 14221
17 12224 102 0 1788864684 15831
19 13781 330 0 1788864684 19848
16 13552 383 0 1788864684 20807
16 13554 374 0 1788864684 21562
19 13790 322 0 1788864684 23102
16 13560 1239 0 1788864684 24539
19 13793 1554 0 1788864684 25996
17 12283 87 0 1788864684 26631
17 12290 82 0 1788864684 27260
17 12297 959 0 1788864684 35106
18 15376 599 0 1788864684 35770
17 12304 1061 0 1788864684 41789
19 13815 983 0 1788864684 47021
17 12317 653 0 1788864684 52165
18 15410 418 0 1788864684 63299
18 15412 406 0 1788864684 64140
16 13630 356 0 1788864684 72428
17 12348 941 0 1788864684 88563
18 15430 1136 0 1788864684 93899
18 15431 1137 0 1788864684 95040
17 12355 1075 0 1788864684 95481
19 13884 853 0 1788864684 107530
18 15445 999 0 1788864684 108635
16 13689 812 0 1788864684 109264
19 13888 364 0 1788864684 110825
18 15453 1041 0 1788864684 115874
16 13706 558 0 1788864684 126046
19 13908 739 0 1788864684 132333
17 12398 757 0 1788864684 134836
16 13717 825 0 1788864684 135477
18 15478 822 0 1788864684 139155
17 12411 643 0 1788864684 145867
17 12415 0 0 1788864684 150398
17 12420 834 0 1788864684 154213
19 13934 874 0 1788864684 155654
16 13750 851 0 1788864684 167159
19 13946 965 0 1788864684 169195
16 13753 584 0 1788864684 169683
19 13951 876 0 1788864684 175901
19 13952 908 0 1788864684 176814
17 12440 1699 0 1788864684 177917
18 15515 664 0 1788864684 178755
18 15517 556 0 1788864684 179954
17 12446 472 0 1788864684 181077
16 13764 395 0 1788864684 181171
17 12455 362 0 1788864684 184395
17 12457 379 0 1788864684 185147
19 13960 1092 0 1788864684 185965
19 13965 673 0 1788864684 191950
18 15545 750 0 1788864684 194608
17 12474 742 0 1788864684 196576
18 15548 750 0 1788864684 196770
19 13973 758 0 1788864684 197146
19 13985 912 0 1788864684 208632
18 15563 764 0 1788864684 210963
16 13808 837 0 1788864684 212180
19 13992 911 0 1788864684 215005
17 12494 468 0 1788864684 215288
19 13993 752 0 1788864684 215763
18 15576 646 0 1788864684 221864
18 15577 2279 0 1788864684 224147
19 14010 747 0 1788864684 230757
19 14011 835 0 1788864684 231597
18 15587 755 0 1788864684 232262
18 15594 1039 0 1788864684 237715
17 12536 775 0 1788864684 253253
19 14044 919 0 1788864684 260592
18 15625 1528 0 1788864684 267007
18 15627 699 0 1788864684 268278
19 14054 362 0 1788864684 271386
18 15633 690 0 1788864684 273010
18 15634 852 0 1788864684 273870
19 14057 869 0 1788864684 274072
17 12563 761 0 1788864684 276774
19 14063 955 0 1788864684 278771
16 13885 702 0 1788864684 282223
17 12573 657 0 1788864684 285056
18 15666 604 0 1788864684 299446
19 14112 743 0 1788864684 314470
18 15694 1044 0 1788864684 321228
19 14133 667 0 1788864684 334623
19 14135 728 0 1788864684 336497
19 14137 747 0 1788864684 338066
16 13956 826 0 1788864684 340688
17 12643 642 0 1788864684 343811
16 13962 664 0 1788864684 345143
18 15729 823 0 1788864684 353022
18 15730 1390 0 1788864684 354417
18 15734 803 0 1788864684 357381
16 13977 793 0 1788864684 358450
19 14164 836 0 1788864684 360990
19 14190 956 0 1788864684 379377
17 12695 710 0 1788864684 384652
18 15778 587 0 1788864684 388593
16 14014 1008 0 1788864684 388999
18 15779 745 0 1788864684 389343
18 15780 741 0 1788864684 390087
17 12704 741 0 1788864684 391300
18 15830 898 0 1788864684 416964
19 14264 1376 0 1788864684 426249
19 14270 830 0 1788864684 430936
18 15857 692 0 1788864684 439717
19 14281 667 0 1788864684 440492
19 14290 1084 0 1788864684 448210
19 14301 567 0 1788864684 455209
16 14086 584 0 1788864684 455412
18 15879 588 0 1788864684 457335
16 14089 681 0 1788864684 457520
18 15885 808 0 1788864684 462025
17 12779 1478 0 1788864684 464159
16 14104 729 0 1788864684 467881
17 12789 809 0 1788864684 473702
19 14331 851 0 1788864684 477958
18 15911 678 0 1788864684 480648
18 15924 676 0 1788864684 490196
18 15932 808 0 1788864684 496994
17 12810 580 0 1788864684 498153
17 12812 2594 0 1788864684 501038
16 14154 947 0 1788864684 505868
19 14376 801 0 1788864684 511582
18 15961 721 0 1788864684 523512
16 14174 1022 0 1788864684 525514
16 14176 724 0 1788864684 526886
18 15966 1140 0 1788864684 527769
17 12852 136 0 1788864684 538758
18 15979 927 0 1788864684 540860
17 12869 148 0 1788864684 541103
17 12880 95 0 1788864684 542496
17 12886 153 0 1788864684 543279
17 12920 965 0 1788864684 553563
18 15999 1040 0 1788864684 560500
17 12934 1070 0 1788864684 566421
18 16006 1129 0 1788864684 568110
16 14218 837 0 1788864684 569517
19 14436 1086 0 1788864684 573279
16 14225 1461 0 1788864684 577806
17 12947 1022 0 1788864684 581134
17 12949 1090 0 1788864684 583285
16 14236 1076 0 1788864684 589101
18 16028 1152 0 1788864684 592778
16 14261 576 0 1788864684 620814
18 16055 1167 0 1788864684 625208
17 12990 1236 0 1788864684 629723
17 12991 1516 0 1788864684 631245
16 14276 625 0 1788864684 633312
18 16065 507 0 1788864684 637534
18 16067 384 0 1788864684 638383
18 16074 326 0 1788864684 641031
18 16081 325 0 1788864684 643340
19 14536 315 0 1788864684 656444
18 16092 350 0 1788864684 663100
19 14568 466 0 1788864684 679921
19 14577 512 0 1788864684 684629
18 16117 430 0 1788864684 685686
17 13039 529 0 1788864684 687136
18 16126 506 0 1788864684 690362
17 13056 2139 0 1788864684 697364
19 14604 1313 0 1788864684 702621
18 16145 726 0 1788864684 703185
19 14606 927 0 1788864684 703857
16 14329 1095 0 1788864684 705061
18 16156 2899 0 1788864684 721905
19 14618 1708 0 1788864684 723645
19 14628 290 0 1788864684 733956
19 14659 360 0 1788864684 750060
16 14392 337 0 1788864684 752211
16 14405 329 0 1788864684 755951
16 14406 267 0 1788864684 756224
19 14676 0 0 1788864684 756983
16 14411 305 0 1788864684 758405
16 14416 521 0 1788864684 759930
19 14683 512 0 1788864684 759939
16 14426 711 0 1788864684 764506
17 13112 321 0 1788864684 768794
17 13115 202 0 1788864684 769795
16 14432 1169 0 1788864684 770425
17 13123 428 0 1788864684 772860
17 13127 369 0 1788864684 774369
18 16195 789 0 1788864684 777819
17 13139 559 0 1788864684 778861
16 14467 2035 0 1788864684 807825
18 16232 922 0 1788864684 813943
18 16236 800 0 1788864684 817256
19 14741 936 0 1788864684 818320
17 13199 545 0 1788864684 819273
18 16240 909 0 1788864684 820935
16 14490 790 0 1788864684 827002
16 14491 774 0 1788864684 827781
17 13209 100 0 1788864684 827907
19 14755 716 0 1788864684 829400
16 14501 651 0 1788864684 835516
17 13217 688 0 1788864684 836315
16 14503 580 0 1788864684 837182
18 16262 768 0 1788864684 837277
18 16264 789 0 1788864684 838753
19 14776 1156 0 1788864684 846139
16 14528 7729 0 1788864684 864118
18 16288 519 0 1788864684 865739
16 14539 2807 0 1788864684 879659
16 14545 2133 0 1788864684 892312
17 13270 1328 0 1788864684 898041
17 13273 765 0 1788864684 900397
18 16315 1065 0 1788864684 903633
16 14558 1012 0 1788864684 904300
18 16322 350 0 1788864684 911183
19 14837 775 0 1788864684 913427
17 13290 762 0 1788864684 915294
18 16330 89 0 1788864684 917714
19 14853 880 0 1788864684 930299
16 14595 961 0 1788864684 940028
16 14601 1089 0 1788864684 946005
19 14882 0 0 1788864684 959622
18 16369 1605 0 1788864684 959659
16 14619 1037 0 1788864684 965388
16 14622 1154 0 1788864684 968895
16 14628 1091 0 1788864684 976931
19 14904 2043 0 1788864684 986601
18 16393 1827 0 1788864684 990802
19 14910 1250 0 1788864684 993978
17 13365 1183 0 1788864684 996709
19 14919 1282 0 1788864685 5810
17 13376 584 0 1788864685 11116
17 13379 839 0 1788864685 14421
18 16419 541 0 1788864685 17508
18 16429 478 0 1788864685 22310
18 16431 501 0 1788864685 23302
18 16435 543 0 1788864685 25290
18 16443 481 0 1788864685 29399
18 16446 494 0 1788864685 30839
18 16452 493 0 1788864685 33754
17 13402 992 0 1788864685 39460
17 13406 694 0 1788864685 43763
17 13415 642 0 1788864685 52574
16 14706 589 0 1788864685 53342
16 14707 578 0 1788864685 53925
19 14965 2239 0 1788864685 56190
19 14966 161 0 1788864685 56356
18 16492 573 0 1788864685 57761
18 16500 0 0 1788864685 62701
19 14975 1054 0 1788864685 65257
18 16507 489 0 1788864685 65847
16 14725 0 0 1788864685 68384
17 13430 1205 0 1788864685 68721
17 13432 873 0 1788864685 70330
17 13436 794 0 1788864685 73782
17 13437 837 0 1788864685 74623
19 14992 979 0 1788864685 81521
17 13446 907 0 1788864685 82782
18 16541 571 0 1788864685 86804
16 14761 535 0 1788864685 87533
18 16560 599 0 1788864685 97097
19 15008 1740 0 1788864685 97661
16 14784 734 0 1788864685 101815
16 14785 754 0 1788864685 102573
16 14793 643 0 1788864685 108507
18 16582 751 0 1788864685 112290
19 15032 736 0 1788864685 117049
19 15046 747 0 1788864685 127343
19 15050 559 0 1788864685 132402
16 14839 748 0 1788864685 136767
17 13517 733 0 1788864685 140088
16 14849 738 0 1788864685 144052
19 15067 738 0 1788864685 144974
19 15070 755 0 1788864685 147217
16 14857 738 0 1788864685 149891
19 15075 742 0 1788864685 150909
17 13537 900 0 1788864685 155498
17 13538 747 0 1788864685 156250
17 13543 759 0 1788864685 159836
16 14874 336 0 1788864685 162489
17 13550 2379 0 1788864685 165677
18 16661 1323 0 1788864685 178468
17 13579 285 0 1788864685 196699
16 14907 5770 0 1788864685 207307
16 14911 177 0 1788864685 207865
18 16687 629 0 1788864685 213880
17 13619 175 0 1788864685 219341
16 14943 267 0 1788864685 220907
17 13642 340 0 1788864685 225623
16 14984 126 0 1788864685 232005
16 14995 123 0 1788864685 234713
16 15037 119 0 1788864685 241124
16 15054 141 0 1788864685 244225
16 15062 436 0 1788864685 247555
18 16760 808 0 1788864685 253176
17 13676 742 0 1788864685 254741
18 16769 747 0 1788864685 260007
17 13688 228 0 1788864685 264111
18 16777 694 0 1788864685 266022
17 13693 780 0 1788864685 268115
16 15090 727 0 1788864685 268245
16 15093 197 0 1788864685 269826
16 15099 509 0 1788864685 271854
19 15195 990 0 1788864685 278376
17 13707 1378 0 1788864685 280119
18 16796 989 0 1788864685 281830
17 13709 940 0 1788864685 281938
19 15208 1003 0 1788864685 287541
16 15193 187 0 1788864685 300347
16 15204 233 0 1788864685 302649
16 15209 280 0 1788864685 303766
16 15230 417 0 1788864685 309555
18 16828 1064 0 1788864685 313573
19 15262 103 0 1788864685 317174
17 13750 3737 0 1788864685 321768
19 15278 283 0 1788864685 322336
19 15299 92 0 1788864685 325903
17 13752 4994 0 1788864685 327859
18 16838 1296 0 1788864685 332991
16 15274 1013 0 1788864685 343727
18 16849 1139 0 1788864685 345191
16 15286 960 0 1788864685 355943
16 15288 1572 0 1788864685 358945
18 16863 1226 0 1788864685 362783
16 15293 816 0 1788864685 363486
16 15298 918 0 1788864685 370038
16 15301 750 0 1788864685 372995
18 16873 1071 0 1788864685 373757
16 15308 878 0 1788864685 379678
18 16881 1190 0 1788864685 383351
16 15327 174 0 1788864685 388802
16 15335 157 0 1788864685 390453
19 15354 2885 0 1788864685 391716
16 15342 902 0 1788864685 396246
16 15343 781 0 1788864685 397034
18 16898 1065 0 1788864685 401709
16 15352 904 0 1788864685 404909
17 13823 1406 0 1788864685 409033
17 13858 124 0 1788864685 419286
17 13866 82 0 1788864685 420086
16 15366 1269 0 1788864685 420405
19 15390 1198 0 1788864685 422493
18 16922 438 0 1788864685 423341
18 16924 412 0 1788864685 424208
18 16942 81 0 1788864685 426927
17 13915 583 0 1788864685 429301
18 16962 0 0 1788864685 429477
16 15377 791 0 1788864685 430114
18 16968 157 0 1788864685 430327
18 16970 93 0 1788864685 430580
18 16995 177 0 1788864685 433525
19 15404 962 0 1788864685 434882
19 15409 473 0 1788864685 439627
18 17031 0 0 1788864685 440403
17 13990 0 0 1788864685 440557
16 15402 126 0 1788864685 444531
18 17052 382 0 1788864685 445217
17 14017 251 0 1788864685 448093
19 15424 381 0 1788864685 448375
18 17070 187 0 1788864685 450282
18 17091 176 0 1788864685 453947
16 15422 596 0 1788864685 455394
18 17106 190 0 1788864685 456506
17 14066 185 0 1788864685 456843
17 14092 100 0 1788864685 460197
18 17130 119 0 1788864685 460292
17 14098 118 0 1788864685 461149
19 15461 1545 0 1788864685 461859
18 17149 0 0 1788864685 463211
18 17169 0 0 1788864685 466176
17 14129 175 0 1788864685 466752
17 14132 163 0 1788864685 467197
19 15476 277 0 1788864685 467443
17 14138 86 0 1788864685 467867
18 17182 127 0 1788864685 468154
18 17194 114 0 1788864685 469593
18 17199 130 0 1788864685 470895
18 17200 130 0 1788864685 471031
18 17203 270 0 1788864685 471937
17 14163 94 0 1788864685 473678
18 17220 118 0 1788864685 474715
17 14175 104 0 1788864685 475199
16 15474 620 0 1788864685 475941
17 14185 102 0 1788864685 476405
18 17239 131 0 1788864685 477071
17 14197 91 0 1788864685 478021
17 14202 129 0 1788864685 478576
17 14208 231 0 1788864685 479979
17 14247 84 0 1788864685 484239
18 17288 100 0 1788864685 484384
17 14250 251 0 1788864685 484730
17 14256 87 0 1788864685 485447
17 14257 149 0 1788864685 485601
18 17301 0 0 1788864685 485987
18 17310 0 0 1788864685 487093
18 17316 0 0 1788864685 488175
19 15515 470 0 1788864685 488335
17 14282 112 0 1788864685 488604
17 14297 272 0 1788864685 490540
17 14303 0 0 1788864685 491332
18 17351 0 0 1788864685 492938
17 14318 0 0 1788864685 493410
18 17363 0 0 1788864685 494306
16 15512 0 0 1788864685 494748
17 14368 0 0 1788864685 498591
18 17392 121 0 1788864685 502304
18 17398 115 0 1788864685 502917
17 14415 0 0 1788864685 503698
16 15517 326 0 1788864685 504465
19 15535 126 0 1788864685 504477
18 17415 0 0 1788864685 505403
18 17420 224 0 1788864685 506175
18 17429 0 0 1788864685 507163
18 17432 0 0 1788864685 507420
18 17437 0 0 1788864685 507875
18 17442 0 0 1788864685 508281
18 17457 186 0 1788864685 509633
19 15544 147 0 1788864685 510204
18 17473 0 0 1788864685 511398
17 14475 0 0 1788864685 514158
18 17493 0 0 1788864685 514281
18 17503 0 0 1788864685 515820
16 15558 159 0 1788864685 516128
16 15559 114 0 1788864685 516283
17 14493 0 0 1788864685 516430
16 15560 156 0 1788864685 516448
17 14499 130 0 1788864685 517456
17 14500 86 0 1788864685 517561
19 15572 165 0 1788864685 517852
19 15576 259 0 1788864685 518866
18 17527 0 0 1788864685 518996
16 15583 134 0 1788864685 520893
18 17542 178 0 1788864685 521310
16 15588 136 0 1788864685 521663
16 15591 99 0 1788864685 522291
18 17548 136 0 1788864685 522340
17 14544 112 0 1788864685 523174
16 15597 279 0 1788864685 523661
19 15603 1315 0 1788864685 526223
18 17578 85 0 1788864685 526505
18 17592 84 0 1788864685 528382
18 17600 0 0 1788864685 529206
19 15626 783 0 1788864685 532329
17 14604 0 0 1788864685 533731
17 14612 0 0 1788864685 535221
17 14637 486 0 1788864685 540990
17 14639 0 0 1788864685 541370
17 14642 0 0 1788864685 542087
16 15658 318 0 1788864685 543043
17 14674 267 0 1788864685 546772
18 17706 0 0 1788864685 550101
17 14691 0 0 1788864685 550503
17 14692 0 0 1788864685 550574
19 15664 437 0 1788864685 551698
17 14706 0 0 1788864685 556886
19 15670 142 0 1788864685 558090
17 14725 95 0 1788864685 559541
17 14735 0 0 1788864685 560832
17 14740 0 0 1788864685 561275
17 14741 0 0 1788864685 561367
17 14753 0 0 1788864685 562527
17 14783 88 0 1788864685 565377
19 15695 245 0 1788864685 568713
16 15715 424 0 1788864685 569028
16 15724 240 0 1788864685 575459
17 14838 827 0 1788864685 576177
19 15704 764 0 1788864685 576187
18 17754 0 0 1788864685 582573
18 17775 0 0 1788864685 584726
17 14871 0 0 1788864685 585875
17 14889 0 0 1788864685 587625
17 14916 311 0 1788864685 597384
17 14918 0 0 1788864685 597916
17 14919 188 0 1788864685 598109
19 15722 296 0 1788864685 600240
19 15723 433 0 1788864685 600763
18 17800 277 0 1788864685 601367
16 15747 841 0 1788864685 602457
18 17811 187 0 1788864685 604052
18 17834 214 0 1788864685 608661
18 17836 204 0 1788864685 609150
19 15736 880 0 1788864685 609843
18 17854 295 0 1788864685 613559
17 14992 211 0 1788864685 613883
18 17864 291 0 1788864685 616194
16 15769 1053 0 1788864685 617373
19 15748 420 0 1788864685 618694
17 15005 0 0 1788864685 618811
18 17870 0 0 1788864685 619606
18 17873 370 0 1788864685 620440
18 17874 290 0 1788864685 620754
18 17885 151 0 1788864685 625487
17 15040 241 0 1788864685 631280
17 15051 263 0 1788864685 634422
16 15810 485 0 1788864685 635909
17 15058 185 0 1788864685 636273
17 15060 231 0 1788864685 636818
19 15793 653 0 1788864685 638898
16 15818 407 0 1788864685 639452
18 17938 466 0 1788864685 640339
16 15821 742 0 1788864685 641379
19 15802 487 0 1788864685 643806
18 17953 502 0 1788864685 644885
18 17957 688 0 1788864685 646949
17 15094 282 0 1788864685 647567
16 15832 2608 0 1788864685 650206
17 15112 185 0 1788864685 653666
17 15113 184 0 1788864685 653856
17 15117 287 0 1788864685 654716
18 17992 259 0 1788864685 659133
18 17999 187 0 1788864685 660936
18 18001 184 0 1788864685 661357
19 15824 651 0 1788864685 663039
16 15851 2600 0 1788864685 666931
16 15853 180 0 1788864685 668365
18 18022 247 0 1788864685 668567
18 18023 203 0 1788864685 668774
17 15158 213 0 1788864685 668890
18 18038 94 0 1788864685 672052
18 18044 182 0 1788864685 674601
18 18045 324 0 1788864685 674932
17 15187 185 0 1788864685 676465
17 15192 400 0 1788864685 678660
18 18071 159 0 1788864685 683913
17 15210 249 0 1788864685 685050
18 18078 201 0 1788864685 685914
18 18087 226 0 1788864685 687833
16 15875 958 0 1788864685 687932
17 15240 254 0 1788864685 694899
18 18107 89 0 1788864685 695817
18 18122 0 0 1788864685 700355
17 15294 194 0 1788864685 709552
17 15321 0 0 1788864685 715682
18 18182 0 0 1788864685 716065
18 18204 0 0 1788864685 720250
18 18245 0 0 1788864685 728920
18 18257 0 0 1788864685 732913
19 15881 17093 0 1788864685 733162
18 18270 749 0 1788864685 744673
16 15917 161 0 1788864685 744842
17 15360 157 0 1788864685 745031
19 15893 387 0 1788864685 746702
19 15895 153 0 1788864685 747147
17 15369 0 0 1788864685 747339
16 15930 239 0 1788864685 748299
18 18289 111 0 1788864685 751979
19 15911 262 0 1788864685 754877
16 15965 0 0 1788864685 783898
19 15923 1973 0 1788864685 784923
19 15929 447 0 1788864685 792863
16 15992 0 0 1788864685 798346
17 15432 774 0 1788864685 799125
18 18343 1032 0 1788864685 799134
17 15435 349 0 1788864685 801438
17 15439 175 0 1788864685 805271
18 18358 181 0 1788864685 813143
18 18359 1557 0 1788864685 815008
18 18360 502 0 1788864685 816341
19 15970 0 0 1788864685 824719
17 15478 1048 0 1788864685 829316
16 16049 1075 0 1788864685 830815
17 15484 556 0 1788864685 833008
16 16064 553 0 1788864685 838797
19 15989 488 0 1788864685 839523
16 16069 902 0 1788864685 843120
18 18403 405 0 1788864685 844977
16 16080 486 0 1788864685 847981
19 16014 504 0 1788864685 854445
19 16024 1089 0 1788864685 861255
16 16110 539 0 1788864685 865438
18 18458 183 0 1788864685 865446
19 16036 1797 0 1788864685 868437
16 16131 0 0 1788864685 873468
16 16137 0 0 1788864685 874600
16 16140 0 0 1788864685 875216
18 18471 0 0 1788864685 879323
17 15583 0 0 1788864685 886153
19 16070 816 0 1788864685 893024
16 16153 373 0 1788864685 894958
18 18499 2168 0 1788864685 898850
18 18500 0 0 1788864685 899198
18 18503 497 0 1788864685 901336
17 15608 353 0 1788864685 902512
19 16088 359 0 1788864685 905075
19 16093 373 0 1788864685 907087
16 16179 380 0 1788864685 907279
19 16097 363 0 1788864685 908681
16 16183 534 0 1788864685 909031
19 16098 574 0 1788864685 909260
18 18524 1272 0 1788864685 910923
17 15629 384 0 1788864685 911724
18 18531 825 0 1788864685 913657
19 16108 276 0 1788864685 914108
17 15639 1602 0 1788864685 916870
19 16121 148 0 1788864685 921750
16 16212 407 0 1788864685 925231
16 16233 1248 0 1788864685 934397
17 15684 106 0 1788864685 935654
18 18593 174 0 1788864685 944151
19 16189 263 0 1788864685 946277
17 15722 285 0 1788864685 946386
17 15728 198 0 1788864685 947880
18 18608 204 0 1788864685 948769
17 15733 643 0 1788864685 952360
16 16265 172 0 1788864685 953418
16 16269 103 0 1788864685 953855
16 16283 655 0 1788864685 962868
17 15751 744 0 1788864685 964481
16 16293 728 0 1788864685 970059
16 16297 643 0 1788864685 972799
18 18671 133 0 1788864685 974659
18 18672 153 0 1788864685 974817
18 18678 67 0 1788864685 975286
16 16302 324 0 1788864685 976021
18 18685 70 0 1788864685 976114
18 18697 76 0 1788864685 977084
16 16304 743 0 1788864685 977382
19 16244 645 0 1788864685 979568
17 15773 567 0 1788864685 979794
18 18703 134 0 1788864685 979952
17 15774 987 0 1788864685 980785
19 16255 360 0 1788864685 984793
16 16321 400 0 1788864685 985358
16 16328 117 0 1788864685 986258
17 15781 243 0 1788864685 986307
18 18737 282 0 1788864685 989171
16 16347 270 0 1788864685 990327
19 16278 210 0 1788864685 992072
17 15820 367 0 1788864685 996713
19 16289 353 0 1788864685 997308
18 18757 784 0 1788864685 997715
18 18760 480 0 1788864685 999200
16 16367 3214 0 1788864686 4727
19 16317 145 0 1788864686 8724
18 18781 280 0 1788864686 9876
16 16373 8290 0 1788864686 14694
18 18798 511 0 1788864686 16117
18 18804 428 0 1788864686 18511
18 18807 175 0 1788864686 19547
18 18811 284 0 1788864686 20306
18 18839 161 0 1788864686 24706
19 16394 547 0 1788864686 26198
19 16396 82 0 1788864686 26526
19 16416 438 0 1788864686 32782
18 18873 95 0 1788864686 33423
16 16384 88 0 1788864686 35536
17 15857 390 0 1788864686 42348
19 16440 1032 0 1788864686 43171
19 16443 0 0 1788864686 44160
19 16444 0 0 1788864686 44435
16 16406 449 0 1788864686 57102
16 16416 1169 0 1788864686 67367
17 15880 777 0 1788864686 70624
16 16426 1232 0 1788864686 75501
19 16514 1025 0 1788864686 76504
16 16433 1063 0 1788864686 83850
16 16457 1695 0 1788864686 118333
19 16538 1658 0 1788864686 119895
19 16541 1627 0 1788864686 124709
19 16549 1604 0 1788864686 137657
18 18957 1262 0 1788864686 142894
19 16573 4185 0 1788864686 178793
16 16521 1110 0 1788864686 205266
18 19003 1207 0 1788864686 207584
17 15994 1347 0 1788864686 230486
17 15997 1624 0 1788864686 235687
17 16001 1059 0 1788864686 241157
18 19027 1660 0 1788864686 244413
18 19038 1117 0 1788864686 263058
19 16640 1399 0 1788864686 283277
16 16585 0 0 1788864686 302431
16 16592 701 0 1788864686 313294
18 19066 1312 0 1788864686 318303
18 19072 387 0 1788864686 320297
19 16668 198 0 1788864686 325156
19 16670 704 0 1788864686 326277
19 16671 694 0 1788864686 327001
19 16678 254 0 1788864686 329938
19 16679 388 0 1788864686 330351
16 16627 107 0 1788864686 332475
19 16691 339 0 1788864686 335028
16 16689 179 0 1788864686 351346
16 16701 170 0 1788864686 353179
19 16725 377 0 1788864686 353405
18 19125 88 0 1788864686 357056
16 16705 3708 0 1788864686 361241
18 19138 656 0 1788864686 364040
16 16707 5616 0 1788864686 368304
19 16746 729 0 1788864686 368717
17 16108 423 0 1788864686 368815
17 16120 733 0 1788864686 375179
19 16757 348 0 1788864686 377039
19 16758 594 0 1788864686 377640
17 16128 142 0 1788864686 380246
19 16762 938 0 1788864686 380648
17 16154 705 0 1788864686 385803
17 16159 613 0 1788864686 388121
17 16161 871 0 1788864686 389374
19 16777 412 0 1788864686 391621
16 16742 189 0 1788864686 392681
16 16748 145 0 1788864686 393928
16 16751 90 0 1788864686 394366
18 19188 585 0 1788864686 394978
17 16170 572 0 1788864686 395204
16 16756 1855 0 1788864686 396860
16 16765 155 0 1788864686 398453
18 19197 242 0 1788864686 404161
16 16789 113 0 1788864686 406620
16 16791 318 0 1788864686 407137
17 16203 179 0 1788864686 411143
16 16808 183 0 1788864686 411648
19 16810 390 0 1788864686 419289
19 16814 712 0 1788864686 425348
16 16819 569 0 1788864686 425922
16 16835 234 0 1788864686 431089
16 16839 288 0 1788864686 432063
17 16240 585 0 1788864686 432958
16 16844 115 0 1788864686 433518
17 16242 678 0 1788864686 434231
16 16850 219 0 1788864686 434825
16 16853 153 0 1788864686 435375
16 16860 377 0 1788864686 438263
19 16835 353 0 1788864686 438289
16 16861 4440 0 1788864686 442732
16 16868 1061 0 1788864686 449832
16 16875 425 0 1788864686 453019
16 16879 358 0 1788864686 454812
18 19283 178 0 1788864686 456853
17 16277 369 0 1788864686 458260
18 19297 0 0 1788864686 464120
17 16286 2427 0 1788864686 468428
17 16287 736 0 1788864686 469198
18 19302 689 0 1788864686 471206
17 16289 2605 0 1788864686 472876
19 16873 1075 0 1788864686 481391
18 19309 735 0 1788864686 482185
18 19312 0 0 1788864686 484140
18 19313 0 0 1788864686 484250
17 16299 2322 0 1788864686 487543
18 19327 0 0 1788864686 491443
18 19331 1453 0 1788864686 494275
19 16891 956 0 1788864686 515539
19 16893 625 0 1788864686 517544
17 16342 0 0 1788864686 521204
17 16343 0 0 1788864686 521667
17 16344 0 0 1788864686 522061
17 16352 1327 0 1788864686 527699
16 16956 450 0 1788864686 529131
16 16963 823 0 1788864686 533967
17 16371 0 0 1788864686 541574
17 16372 628 0 1788864686 542207
16 16981 844 0 1788864686 543586
16 16991 384 0 1788864686 547967
19 16926 878 0 1788864686 549792
17 16408 0 0 1788864686 557303
16 17011 544 0 1788864686 557744
17 16414 0 0 1788864686 559351
18 19429 192 0 1788864686 559547
18 19444 0 0 1788864686 563970
17 16430 476 0 1788864686 564101
17 16432 0 0 1788864686 564430
17 16450 431 0 1788864686 569230
18 19463 259 0 1788864686 569516
19 16970 273 0 1788864686 570873
17 16461 158 0 1788864686 572197
17 16465 286 0 1788864686 573433
17 16469 373 0 1788864686 574778
18 19483 0 0 1788864686 575284
18 19503 245 0 1788864686 579997
16 17056 596 0 1788864686 583014
19 16989 495 0 1788864686 583864
19 16992 273 0 1788864686 585308
18 19528 274 0 1788864686 588971
18 19536 339 0 1788864686 591196
19 17006 216 0 1788864686 594016
18 19546 293 0 1788864686 594273
18 19552 0 0 1788864686 595545
19 17008 867 0 1788864686 595867
17 16540 0 0 1788864686 596166
17 16547 410 0 1788864686 598100
17 16551 0 0 1788864686 599445
17 16568 336 0 1788864686 604470
16 17122 257 0 1788864686 614622
18 19621 226 0 1788864686 618153
17 16611 0 0 1788864686 619002
17 16625 1710 0 1788864686 626636
19 17049 400 0 1788864686 629188
17 16644 225 0 1788864686 634841
18 19668 1624 0 1788864686 638774
16 17143 15934 0 1788864686 639031
18 19682 250 0 1788864686 644349
19 17067 281 0 1788864686 645642
19 17070 164 0 1788864686 646836
16 17167 231 0 1788864686 648632
19 17077 643 0 1788864686 649555
16 17173 242 0 1788864686 649774
19 17079 386 0 1788864686 650199
16 17182 122 0 1788864686 651158
16 17186 3207 0 1788864686 655750
16 17189 499 0 1788864686 656776
17 16694 503 0 1788864686 659387
18 19708 369 0 1788864686 661724
16 17205 384 0 1788864686 662804
16 17217 246 0 1788864686 664774
18 19727 116 0 1788864686 664781
18 19756 123 0 1788864686 669728
19 17118 329 0 1788864686 670881
18 19790 96 0 1788864686 673617
16 17260 503 0 1788864686 674432
18 19795 325 0 1788864686 674710
19 17136 223 0 1788864686 676181
18 19813 127 0 1788864686 677453
19 17146 529 0 1788864686 679126
16 17294 126 0 1788864686 681639
16 17297 97 0 1788864686 681972
18 19847 85 0 1788864686 682291
16 17306 98 0 1788864686 682900
16 17309 153 0 1788864686 683254
16 17315 122 0 1788864686 683926
18 19870 113 0 1788864686 684847
19 17154 225 0 1788864686 685100
19 17155 151 0 1788864686 685271
18 19874 140 0 1788864686 685382
16 17329 109 0 1788864686 685729
18 19899 83 0 1788864686 688163
17 16718 89 0 1788864686 689166
18 19916 90 0 1788864686 691472
16 17365 120 0 1788864686 692303
19 17160 3664 0 1788864686 694649
16 17378 124 0 1788864686 695583
16 17382 123 0 1788864686 696502
16 17388 106 0 1788864686 697205
16 17393 81 0 1788864686 697711
16 17397 97 0 1788864686 698221
18 19969 123 0 1788864686 699938
18 19970 92 0 1788864686 700036
17 16728 102 0 1788864686 700141
18 19983 157 0 1788864686 701701
18 20004 141 0 1788864686 704840
18 20020 91 0 1788864686 706494
18 20027 336 0 1788864686 711082
16 17448 486 0 1788864686 711575
16 17461 128 0 1788864686 716419
19 17167 2015 0 1788864686 718343
17 16749 770 0 1788864686 718798
17 16751 759 0 1788864686 720630
18 20067 123 0 1788864686 721281
18 20079 267 0 1788864686 723041
17 16756 998 0 1788864686 723630
16 17508 110 0 1788864686 727463
18 20114 124 0 1788864686 733888
17 16792 164 0 1788864686 738108
16 17550 239 0 1788864686 738689
16 17551 186 0 1788864686 738883
17 16804 96 0 1788864686 739847
18 20162 117 0 1788864686 741095
16 17560 195 0 1788864686 741194
18 20171 114 0 1788864686 742202
18 20173 85 0 1788864686 742424
17 16830 133 0 1788864686 743852
18 20186 310 0 1788864686 743995
17 16832 145 0 1788864686 744144
17 16835 104 0 1788864686 744450
18 20202 94 0 1788864686 745717
19 17214 375 0 1788864686 746233
17 16859 110 0 1788864686 747859
19 17217 614 0 1788864686 747872
17 16861 236 0 1788864686 748333
18 20258 116 0 1788864686 751826
18 20264 75 0 1788864686 752401
18 20286 73 0 1788864686 754346
17 16893 138 0 1788864686 754957
18 20293 92 0 1788864686 755078
18 20330 112 0 1788864686 761316
16 17583 108 0 1788864686 761431
17 16923 256 0 1788864686 761719
18 20337 91 0 1788864686 762170
16 17589 109 0 1788864686 762397
17 16925 346 0 1788864686 762404
17 16926 235 0 1788864686 762668
17 16929 124 0 1788864686 763093
17 16941 271 0 1788864686 764891
18 20362 107 0 1788864686 764979
16 17605 119 0 1788864686 768463
19 17241 195 0 1788864686 770163
17 16974 238 0 1788864686 770892
19 17252 146 0 1788864686 772715
18 20467 0 0 1788864686 779647
17 17018 244 0 1788864686 779687
16 17674 582 0 1788864686 785850
18 20482 257 0 1788864686 787999
19 17267 759 0 1788864686 788979
18 20491 100 0 1788864686 789541
18 20501 255 0 1788864686 791720
18 20521 115 0 1788864686 795468
17 17055 161 0 1788864686 795991
16 17721 144 0 1788864686 796223
17 17060 231 0 1788864686 797299
19 17282 220 0 1788864686 797308
16 17730 137 0 1788864686 797990
17 17068 136 0 1788864686 798780
17 17070 149 0 1788864686 799155
18 20546 203 0 1788864686 802767
16 17751 98 0 1788864686 802971
18 20550 1335 0 1788864686 805104
18 20553 332 0 1788864686 806188
17 17089 239 0 1788864686 806665
17 17093 256 0 1788864686 807730
16 17776 233 0 1788864686 808626
17 17100 328 0 1788864686 809493
16 17781 118 0 1788864686 810001
18 20563 359 0 1788864686 810262
17 17108 356 0 1788864686 811337
18 20595 199 0 1788864686 817573
19 17320 357 0 1788864686 817582
18 20599 223 0 1788864686 818338
18 20601 157 0 1788864686 818640
17 17130 269 0 1788864686 819650
17 17140 307 0 1788864686 822752
18 20622 159 0 1788864686 822943
18 20630 398 0 1788864686 824908
16 17851 523 0 1788864686 826738
16 17854 101 0 1788864686 827479
17 17158 645 0 1788864686 828200
18 20675 92 0 1788864686 834928
18 20685 95 0 1788864686 836409
17 17193 262 0 1788864686 838019
18 20713 217 0 1788864686 841558
17 17219 330 0 1788864686 843865
18 20747 113 0 1788864686 847078
18 20771 296 0 1788864686 852121
16 17918 845 0 1788864686 854536
18 20782 205 0 1788864686 855446
17 17240 537 0 1788864686 855556
19 17388 940 0 1788864686 856530
18 20791 261 0 1788864686 857437
18 20793 326 0 1788864686 858051
18 20796 329 0 1788864686 859063
17 17245 331 0 1788864686 860023
18 20803 361 0 1788864686 861734
18 20804 377 0 1788864686 862117
19 17405 541 0 1788864686 863187
16 17930 510 0 1788864686 863537
17 17251 1586 0 1788864686 864804
18 20815 1085 0 1788864686 866826
18 20822 387 0 1788864686 869021
17 17260 315 0 1788864686 869151
17 17261 190 0 1788864686 869345
16 17950 264 0 1788864686 872565
17 17275 277 0 1788864686 873205
16 17957 220 0 1788864686 874297
18 20842 268 0 1788864686 874839
16 17959 371 0 1788864686 874964
19 17442 402 0 1788864686 879843
17 17299 310 0 1788864686 880263
19 17447 86 0 1788864686 884980
17 17323 377 0 1788864686 899423
17 17333 1088 0 1788864686 906628
18 20893 200 0 1788864686 907500
18 20897 1137 0 1788864686 910908
16 18018 203 0 1788864686 911121
16 18029 328 0 1788864686 915240
16 18042 296 0 1788864686 919457
17 17385 839 0 1788864686 931763
19 17530 798 0 1788864686 937360
19 17534 1356 0 1788864686 946125
17 17410 180 0 1788864686 950405
19 17548 450 0 1788864686 952918
18 20942 988 0 1788864686 953872
19 17553 1421 0 1788864686 961937
16 18096 1023 0 1788864686 964227
18 20960 5118 0 1788864686 978500
16 18109 310 0 1788864686 978816
17 17449 108 0 1788864686 981215
17 17458 88 0 1788864686 982280
17 17459 89 0 1788864686 982375
17 17464 95 0 1788864686 982921
17 17474 102 0 1788864686 983971
19 17574 2644 0 1788864686 984124
17 17478 99 0 1788864686 984450
17 17503 204 0 1788864686 987749
16 18133 261 0 1788864686 988016
18 21003 591 0 1788864687 2447
19 17614 425 0 1788864687 10296
18 21012 286 0 1788864687 11573
16 18173 829 0 1788864687 14155
19 17621 127 0 1788864687 14957
16 18178 521 0 1788864687 15736
18 21021 385 0 1788864687 16299
16 18186 213 0 1788864687 18923
16 18188 484 0 1788864687 20023
18 21031 463 0 1788864687 21620
18 21039 839 0 1788864687 29847
16 18207 0 0 1788864687 31233
19 17665 901 0 1788864687 35760
19 17667 301 0 1788864687 37636
19 17677 344 0 1788864687 43666
18 21067 0 0 1788864687 45678
19 17681 465 0 1788864687 47547
19 17690 368 0 1788864687 53203
18 21083 732 0 1788864687 54384
18 21096 314 0 1788864687 74300
19 17705 340 0 1788864687 77279
16 18267 0 0 1788864687 80998
19 17708 540 0 1788864687 81344
16 18277 662 0 1788864687 88252
17 17644 395 0 1788864687 99373
16 18295 265 0 1788864687 103867
16 18297 597 0 1788864687 105499
19 17747 1078 0 1788864687 118373
18 21162 110 0 1788864687 127183
18 21163 99 0 1788864687 127290
18 21164 92 0 1788864687 127386
17 17696 492 0 1788864687 141990
19 17808 656 0 1788864687 150963
17 17734 94 0 1788864687 153494
18 21227 92 0 1788864687 156204
19 17840 172 0 1788864687 156837
17 17768 154 0 1788864687 158418
18 21250 196 0 1788864687 159584
17 17779 110 0 1788864687 159923
19 17857 121 0 1788864687 159952
17 17781 90 0 1788864687 160159
18 21263 137 0 1788864687 164069
19 17876 203 0 1788864687 165825
17 17843 185 0 1788864687 167671
18 21282 182 0 1788864687 168278
18 21297 92 0 1788864687 170531
17 17879 183 0 1788864687 172362
17 17905 192 0 1788864687 175491
18 21332 230 0 1788864687 176783
17 17926 274 0 1788864687 178558
18 21341 238 0 1788864687 178722
18 21344 152 0 1788864687 179211
18 21346 153 0 1788864687 179549
21 8 244 0 1788864677 274211
20 14 112 0 1788864677 274946
23 3 463 0 1788864677 278721
23 8 2326 0 1788864677 284920
22 9 1127 0 1788864677 289052
20 48 475 0 1788864677 291710
22 13 547 0 1788864677 293883
21 33 247 0 1788864677 295407
20 60 660 0 1788864677 295855
22 18 786 0 1788864677 298448
20 72 0 0 1788864677 302171
20 84 1305 0 1788864677 310104
23 40 255 0 1788864677 311102
23 44 492 0 1788864677 312844
23 45 396 0 1788864677 313245
20 90 456 0 1788864677 313705
23 57 124 0 1788864677 318580
23 59 245 0 1788864677 319103
21 79 483 0 1788864677 320296
23 61 704 0 1788864677 320491
23 63 136 0 1788864677 320842
23 64 118 0 1788864677 320965
21 87 152 0 1788864677 321594
23 73 330 0 1788864677 322667
21 95 188 0 1788864677 323068
23 81 98 0 1788864677 324111
23 83 264 0 1788864677 325456
22 59 473 0 1788864677 330344
21 116 302 0 1788864677 331459
23 99 366 0 1788864677 332991
21 131 610 0 1788864677 336784
20 127 602 0 1788864677 340678
20 130 1094 0 1788864677 343324
20 132 641 0 1788864677 344513
22 85 369 0 1788864677 345180
22 88 699 0 1788864677 347641
20 142 1323 0 1788864677 354445
21 171 352 0 1788864677 354451
23 172 378 0 1788864677 368090
20 157 646 0 1788864677 371542
23 188 337 0 1788864677 373784
21 243 293 0 1788864677 381991
21 246 213 0 1788864677 382772
21 247 143 0 1788864677 382919
23 217 607 0 1788864677 384871
21 262 303 0 1788864677 387692
21 271 163 0 1788864677 390104
21 288 358 0 1788864677 393914
22 155 560 0 1788864677 400315
21 322 228 0 1788864677 401326
21 337 232 0 1788864677 404466
22 162 1531 0 1788864677 408069
22 164 708 0 1788864677 410143
20 196 367 0 1788864677 412291
22 167 1528 0 1788864677 413498
22 169 1030 0 1788864677 415288
22 172 433 0 1788864677 416938
21 375 388 0 1788864677 417791
21 376 1820 0 1788864677 419618
22 180 776 0 1788864677 421228
21 381 610 0 1788864677 425859
21 409 197 0 1788864677 452164
21 420 482 0 1788864677 457606
21 423 1193 0 1788864677 459860
23 281 200 0 1788864677 460541
23 291 182 0 1788864677 464633
23 295 782 0 1788864677 466907
21 461 175 0 1788864677 480404
20 222 3566 0 1788864677 481595
23 335 0 0 1788864677 485797
22 221 2909 0 1788864677 487762
21 484 399 0 1788864677 488744
23 342 242 0 1788864677 489015
21 487 488 0 1788864677 489841
21 500 401 0 1788864677 494754
23 354 602 0 1788864677 496667
22 226 1357 0 1788864677 498049
23 356 693 0 1788864677 498058
23 359 327 0 1788864677 499193
21 531 401 0 1788864677 506097
20 229 11557 0 1788864677 506320
23 382 356 0 1788864677 508045
21 540 214 0 1788864677 510002
20 237 812 0 1788864677 517943
21 577 506 0 1788864677 523212
21 584 351 0 1788864677 526902
21 586 407 0 1788864677 527709
20 242 1814 0 1788864677 529024
21 593 493 0 1788864677 532096
20 249 651 0 1788864677 534221
21 607 752 0 1788864677 539121
23 471 288 0 1788864677 540075
20 263 249 0 1788864677 541172
23 481 132 0 1788864677 541880
22 263 250 0 1788864677 541975
23 487 201 0 1788864677 542974
20 270 272 0 1788864677 543674
21 636 303 0 1788864677 547251
21 641 601 0 1788864677 549788
20 301 300 0 1788864677 553549
23 501 1002 0 1788864677 559494
21 662 1191 0 1788864677 560410
22 322 330 0 1788864677 560472
22 349 147 0 1788864677 566417
23 512 1176 0 1788864677 573920
20 358 275 0 1788864677 576292
22 366 313 0 1788864677 577361
20 366 280 0 1788864677 578662
20 385 852 0 1788864677 584853
20 389 614 0 1788864677 587754
20 395 268 0 1788864677 590245
22 397 357 0 1788864677 591294
21 708 418 0 1788864677 593497
21 715 367 0 1788864677 596619
22 413 332 0 1788864677 599652
22 432 532 0 1788864677 609242
21 751 379 0 1788864677 611029
22 440 247 0 1788864677 611886
20 445 422 0 1788864677 613980
20 448 369 0 1788864677 615127
22 445 970 0 1788864677 615298
20 451 142 0 1788864677 617038
23 544 1053 0 1788864677 618074
21 771 518 0 1788864677 619413
20 469 244 0 1788864677 621548
20 471 318 0 1788864677 622352
21 787 1584 0 1788864677 627442
21 789 356 0 1788864677 628449
21 793 282 0 1788864677 630150
20 498 494 0 1788864677 631725
22 459 1161 0 1788864677 631980
22 461 1241 0 1788864677 634475
20 515 266 0 1788864677 635967
20 522 182 0 1788864677 637294
21 843 237 0 1788864677 646418
21 846 258 0 1788864677 647619
20 562 468 0 1788864677 648521
21 848 915 0 1788864677 648942
22 472 1438 0 1788864677 651564
21 858 276 0 1788864677 653177
20 594 122 0 1788864677 654779
23 575 1234 0 1788864677 659274
20 607 102 0 1788864677 659565
23 578 69 0 1788864677 660957
20 615 122 0 1788864677 660987
21 884 303 0 1788864677 662569
20 622 124 0 1788864677 662851
22 531 306 0 1788864677 673914
23 634 114 0 1788864677 676053
23 636 81 0 1788864677 676421
21 939 273 0 1788864677 680169
21 941 170 0 1788864677 680535
20 706 419 0 1788864677 688039
22 567 310 0 1788864677 688133
22 572 353 0 1788864677 689985
23 673 277 0 1788864677 690934
21 964 593 0 1788864677 693028
21 969 103 0 1788864677 695800
21 973 254 0 1788864677 697566
23 688 1179 0 1788864677 697871
20 741 159 0 1788864677 700533
22 603 1693 0 1788864677 702977
20 750 489 0 1788864677 703221
22 612 126 0 1788864677 705960
22 623 237 0 1788864677 708332
22 628 405 0 1788864677 710778
23 737 467 0 1788864677 713230
20 777 192 0 1788864677 716120
23 742 536 0 1788864677 717845
20 780 264 0 1788864677 718114
20 783 540 0 1788864677 719395
23 751 388 0 1788864677 726196
21 1014 204 0 1788864677 726247
23 757 747 0 1788864677 730176
23 759 526 0 1788864677 732519
23 777 393 0 1788864677 742825
22 688 171 0 1788864677 744928
23 783 326 0 1788864677 745297
20 831 1314 0 1788864677 746551
22 700 147 0 1788864677 749865
21 1081 181 0 1788864677 750129
20 839 441 0 1788864677 750791
23 792 437 0 1788864677 750827
21 1096 107 0 1788864677 753057
21 1103 154 0 1788864677 754011
22 702 3116 0 1788864677 754868
21 1122 96 0 1788864677 757583
22 728 125 0 1788864677 761078
20 858 1435 0 1788864677 762135
21 1153 212 0 1788864677 763851
23 820 611 0 1788864677 764514
21 1162 144 0 1788864677 765524
21 1163 105 0 1788864677 765633
22 755 187 0 1788864677 771625
23 833 628 0 1788864677 772217
21 1222 334 0 1788864677 781633
22 768 337 0 1788864677 781915
23 881 331 0 1788864677 794474
22 796 376 0 1788864677 795342
23 884 249 0 1788864677 795406
21 1260 284 0 1788864677 797338
23 891 160 0 1788864677 797780
20 935 498 0 1788864677 798071
23 892 301 0 1788864677 798086
21 1266 530 0 1788864677 799682
21 1272 137 0 1788864677 801011
21 1279 372 0 1788864677 803607
20 953 369 0 1788864677 803816
21 1280 348 0 1788864677 803997
21 1281 291 0 1788864677 804292
22 810 347 0 1788864677 805483
23 910 425 0 1788864677 805869
23 914 334 0 1788864677 808388
21 1294 649 0 1788864677 811397
21 1296 168 0 1788864677 811964
22 827 332 0 1788864677 811992
23 939 559 0 1788864677 816449
22 844 251 0 1788864677 816724
22 847 204 0 1788864677 817498
22 866 368 0 1788864677 822440
20 985 5393 0 1788864677 830176
23 981 97 0 1788864677 831404
21 1319 250 0 1788864677 834259
21 1328 173 0 1788864677 835966
23 1006 191 0 1788864677 836905
20 1005 245 0 1788864677 837759
21 1341 89 0 1788864677 838682
21 1348 182 0 1788864677 840532
21 1357 0 0 1788864677 842386
21 1360 249 0 1788864677 843152
23 1029 178 0 1788864677 843970
20 1030 347 0 1788864677 844435
21 1371 248 0 1788864677 845710
22 936 106 0 1788864677 846725
21 1398 595 0 1788864677 854167
20 1060 1014 0 1788864677 861396
20 1070 113 0 1788864677 868535
22 967 1547 0 1788864677 869172
22 970 1230 0 1788864677 871278
20 1103 101 0 1788864677 876174
20 1126 112 0 1788864677 878642
20 1131 92 0 1788864677 879144
20 1134 135 0 1788864677 879425
21 1426 590 0 1788864677 885746
20 1147 175 0 1788864677 886577
20 1152 101 0 1788864677 887297
20 1161 468 0 1788864677 890816
22 985 1052 0 1788864677 893579
23 1106 0 0 1788864677 907981
21 1460 0 0 1788864677 913213
20 1191 135 0 1788864677 913592
20 1199 2087 0 1788864677 919033
21 1466 1980 0 1788864677 921408
21 1471 344 0 1788864677 926548
20 1207 1886 0 1788864677 929298
23 1132 336 0 1788864677 930807
22 1064 380 0 1788864677 932067
22 1065 373 0 1788864677 932445
22 1066 438 0 1788864677 932887
20 1219 344 0 1788864677 933746
22 1075 216 0 1788864677 935225
23 1146 287 0 1788864677 935572
21 1494 253 0 1788864677 935727
20 1242 238 0 1788864677 937351
20 1248 308 0 1788864677 938848
23 1161 91 0 1788864677 938975
21 1511 235 0 1788864677 939822
23 1167 198 0 1788864677 940399
21 1517 252 0 1788864677 941280
23 1179 0 0 1788864677 943149
21 1526 250 0 1788864677 943457
22 1121 181 0 1788864677 946589
23 1195 454 0 1788864677 946770
21 1554 87 0 1788864677 947483
22 1127 173 0 1788864677 947816
21 1583 85 0 1788864677 951417
21 1591 270 0 1788864677 953326
20 1329 165 0 1788864677 953965
20 1336 166 0 1788864677 954873
20 1345 110 0 1788864677 955783
21 1607 274 0 1788864677 957157
22 1163 302 0 1788864677 957375
21 1608 247 0 1788864677 957421
20 1358 97 0 1788864677 957682
20 1372 221 0 1788864677 960716
21 1614 223 0 1788864677 960816
22 1191 99 0 1788864677 962311
22 1197 157 0 1788864677 963726
23 1259 1241 0 1788864677 969556
20 1388 1525 0 1788864677 972729
22 1221 131 0 1788864677 972912
21 1642 109 0 1788864677 974078
21 1660 86 0 1788864677 977069
22 1248 73 0 1788864677 977100
23 1269 346 0 1788864677 977474
22 1251 0 0 1788864677 977655
22 1257 189 0 1788864677 978566
23 1273 769 0 1788864677 979485
20 1405 288 0 1788864677 980754
21 1694 679 0 1788864677 982958
20 1420 1386 0 1788864677 992315
20 1422 842 0 1788864677 994856
21 1709 808 0 1788864677 996651
22 1302 1177 0 1788864677 999603
20 1453 0 0 1788864678 7325
21 1728 1010 0 1788864678 13699
22 1318 648 0 1788864678 14763
22 1322 95 0 1788864678 15403
22 1324 218 0 1788864678 16412
23 1322 435 0 1788864678 17669
22 1348 231 0 1788864678 20090
22 1353 102 0 1788864678 20990
22 1354 245 0 1788864678 21262
22 1378 392 0 1788864678 30846
21 1786 378 0 1788864678 36052
21 1789 563 0 1788864678 37405
21 1790 403 0 1788864678 37813
21 1794 387 0 1788864678 39229
22 1409 432 0 1788864678 43812
21 1812 389 0 1788864678 46635
23 1404 397 0 1788864678 50775
23 1407 291 0 1788864678 51799
23 1411 0 0 1788864678 52651
20 1569 0 0 1788864678 53117
20 1578 0 0 1788864678 54784
21 1828 309 0 1788864678 55629
22 1431 634 0 1788864678 56042
20 1587 474 0 1788864678 61124
23 1435 1032 0 1788864678 64510
23 1436 482 0 1788864678 65027
20 1605 420 0 1788864678 73623
23 1450 0 0 1788864678 90901
23 1455 0 0 1788864678 93305
21 1865 0 0 1788864678 94181
23 1466 0 0 1788864678 102794
21 1879 287 0 1788864678 105275
20 1628 1047 0 1788864678 112835
21 1887 661 0 1788864678 112947
20 1631 1136 0 1788864678 115638
23 1482 0 0 1788864678 122371
21 1899 734 0 1788864678 124334
23 1493 924 0 1788864678 131282
23 1495 0 0 1788864678 133143
20 1651 2117 0 1788864678 134680
22 1490 561 0 1788864678 137795
23 1506 723 0 1788864678 139732
23 1507 659 0 1788864678 140588
22 1498 1502 0 1788864678 149449
23 1530 1016 0 1788864678 161119
22 1510 833 0 1788864678 166457
23 1535 818 0 1788864678 166463
21 1985 497 0 1788864678 175244
23 1560 325 0 1788864678 183571
21 2011 334 0 1788864678 185164
20 1749 0 0 1788864678 197707
20 1754 0 0 1788864678 198884
23 1568 0 0 1788864678 202200
21 2029 232 0 1788864678 212598
21 2040 0 0 1788864678 222510
21 2043 85 0 1788864678 223310
23 1590 380 0 1788864678 225755
23 1597 911 0 1788864678 229935
21 2051 526 0 1788864678 230486
22 1578 388 0 1788864678 234574
21 2059 346 0 1788864678 240044
21 2066 344 0 1788864678 242149
21 2068 270 0 1788864678 242742
20 1810 243 0 1788864678 243826
20 1812 300 0 1788864678 244426
20 1818 334 0 1788864678 246212
23 1617 219 0 1788864678 246477
22 1594 222 0 1788864678 246720
22 1601 731 0 1788864678 253018
22 1603 395 0 1788864678 254529
21 2097 301 0 1788864678 255184
23 1627 807 0 1788864678 255533
21 2099 117 0 1788864678 255561
21 2100 115 0 1788864678 255679
21 2112 148 0 1788864678 257794
21 2114 128 0 1788864678 258200
23 1666 491 0 1788864678 310051
21 2147 359 0 1788864678 313145
21 2150 541 0 1788864678 314365
21 2152 203 0 1788864678 314830
21 2155 342 0 1788864678 315400
21 2160 182 0 1788864678 316871
22 1651 1291 0 1788864678 320139
21 2169 483 0 1788864678 321953
21 2171 268 0 1788864678 322736
20 1913 516 0 1788864678 329495
22 1674 459 0 1788864678 331535
23 1709 367 0 1788864678 338629
20 1931 196 0 1788864678 343249
23 1723 395 0 1788864678 346836
23 1725 351 0 1788864678 347431
23 1736 230 0 1788864678 351082
22 1722 401 0 1788864678 351163
21 2218 582 0 1788864678 351989
22 1727 366 0 1788864678 352744
22 1729 346 0 1788864678 353527
23 1745 584 0 1788864678 354646
23 1747 352 0 1788864678 355440
20 1953 144 0 1788864678 356092
21 2235 646 0 1788864678 362279
22 1758 294 0 1788864678 363929
23 1775 323 0 1788864678 365818
22 1769 242 0 1788864678 368221
23 1782 192 0 1788864678 368331
23 1789 248 0 1788864678 370359
21 2269 355 0 1788864678 378259
22 1802 447 0 1788864678 379541
23 1845 330 0 1788864678 398326
23 1849 229 0 1788864678 399769
20 2011 1558 0 1788864678 401664
22 1842 483 0 1788864678 402404
20 2016 510 0 1788864678 405285
22 1861 1785 0 1788864678 420634
23 1882 322 0 1788864678 423479
20 2041 1204 0 1788864678 425088
21 2359 274 0 1788864678 428569
22 1879 262 0 1788864678 428577
22 1882 309 0 1788864678 429442
22 1885 285 0 1788864678 430180
20 2050 650 0 1788864678 430786
21 2365 229 0 1788864678 431094
23 1906 252 0 1788864678 431216
22 1892 284 0 1788864678 432332
20 2054 469 0 1788864678 432839
22 1902 492 0 1788864678 435015
21 2378 480 0 1788864678 436869
20 2063 628 0 1788864678 437502
22 1914 316 0 1788864678 438078
23 1940 415 0 1788864678 441824
22 1928 229 0 1788864678 441949
23 1943 333 0 1788864678 442676
22 1946 282 0 1788864678 447248
21 2398 585 0 1788864678 447477
21 2421 740 0 1788864678 455446
20 2087 4477 0 1788864678 458891
22 1958 1184 0 1788864678 460142
20 2090 1264 0 1788864678 464061
21 2435 184 0 1788864678 470312
21 2441 412 0 1788864678 473191
23 1993 265 0 1788864678 473224
21 2452 1206 0 1788864678 483113
20 2108 974 0 1788864678 486448
21 2459 629 0 1788864678 486457
20 2114 353 0 1788864678 489520
20 2119 730 0 1788864678 492441
21 2476 408 0 1788864678 494524
20 2123 396 0 1788864678 494582
21 2477 608 0 1788864678 495142
22 2038 442 0 1788864678 496863
21 2487 337 0 1788864678 500495
20 2147 439 0 1788864678 507758
23 2066 238 0 1788864678 509626
21 2514 607 0 1788864678 511543
21 2515 217 0 1788864678 511768
22 2083 182 0 1788864678 511774
20 2160 244 0 1788864678 512321
20 2169 1298 0 1788864678 516631
21 2539 259 0 1788864678 518127
20 2175 353 0 1788864678 518366
23 2103 308 0 1788864678 518525
22 2132 191 0 1788864678 524779
23 2122 341 0 1788864678 525520
23 2126 506 0 1788864678 527102
22 2142 279 0 1788864678 527991
23 2131 122 0 1788864678 528569
21 2565 177 0 1788864678 528804
22 2153 172 0 1788864678 531584
20 2207 546 0 1788864678 531942
21 2578 283 0 1788864678 531977
20 2210 660 0 1788864678 534232
22 2164 300 0 1788864678 536027
22 2167 387 0 1788864678 536956
23 2175 276 0 1788864678 551114
22 2190 366 0 1788864678 551377
20 2243 432 0 1788864678 551551
23 2179 626 0 1788864678 554183
21 2648 486 0 1788864678 557559
20 2256 331 0 1788864678 557867
22 2203 375 0 1788864678 558470
22 2216 755 0 1788864678 565846
20 2271 449 0 1788864678 565948
20 2278 235 0 1788864678 567676
22 2222 266 0 1788864678 568793
22 2231 289 0 1788864678 572376
20 2294 1123 0 1788864678 573708
22 2241 251 0 1788864678 575992
21 2688 534 0 1788864678 578180
22 2262 407 0 1788864678 581708
20 2315 555 0 1788864678 582415
22 2269 117 0 1788864678 584042
21 2705 698 0 1788864678 588489
23 2269 110 0 1788864678 592652
23 2273 175 0 1788864678 593661
20 2332 738 0 1788864678 594179
21 2714 576 0 1788864678 594566
21 2715 612 0 1788864678 595182
21 2718 664 0 1788864678 597127
20 2340 408 0 1788864678 598307
20 2348 594 0 1788864678 602147
21 2730 690 0 1788864678 605194
20 2360 503 0 1788864678 608927
23 2292 15651 0 1788864678 615235
20 2381 218 0 1788864678 619184
22 2314 203 0 1788864678 619983
22 2316 117 0 1788864678 621011
23 2316 275 0 1788864678 624248
23 2317 122 0 1788864678 624449
22 2369 390 0 1788864678 638286
20 2420 127 0 1788864678 639010
22 2374 512 0 1788864678 639966
20 2425 668 0 1788864678 640683
22 2380 183 0 1788864678 641711
22 2384 343 0 1788864678 642799
22 2393 110 0 1788864678 645383
22 2400 346 0 1788864678 648443
22 2401 288 0 1788864678 648759
23 2394 249 0 1788864678 649138
21 2811 197 0 1788864678 651544
23 2402 288 0 1788864678 652339
20 2441 598 0 1788864678 652678
23 2431 127 0 1788864678 662493
23 2437 410 0 1788864678 663876
23 2443 255 0 1788864678 665594
21 2855 335 0 1788864678 665966
21 2857 227 0 1788864678 666429
21 2867 286 0 1788864678 670884
23 2461 359 0 1788864678 672716
23 2464 289 0 1788864678 673559
22 2486 96 0 1788864678 676346
21 2886 333 0 1788864678 677255
23 2471 574 0 1788864678 677472
20 2469 914 0 1788864678 677598
21 2888 331 0 1788864678 677906
21 2894 239 0 1788864678 679504
22 2508 145 0 1788864678 684272
23 2491 698 0 1788864678 688800
20 2485 849 0 1788864678 691748
23 2497 487 0 1788864678 692132
21 2947 229 0 1788864678 692852
23 2515 467 0 1788864678 701968
22 2568 218 0 1788864678 703604
22 2576 408 0 1788864678 706999
20 2503 673 0 1788864678 709072
21 2994 307 0 1788864678 713354
23 2533 426 0 1788864678 715514
23 2537 542 0 1788864678 717218
22 2609 227 0 1788864678 721051
23 2549 334 0 1788864678 722829
23 2552 499 0 1788864678 724077
23 2556 575 0 1788864678 725906
22 2628 305 0 1788864678 729460
23 2566 193 0 1788864678 730911
23 2568 121 0 1788864678 731141
22 2632 865 0 1788864678 731410
22 2637 557 0 1788864678 733603
21 3031 349 0 1788864678 733991
23 2583 189 0 1788864678 734206
21 3045 386 0 1788864678 741087
23 2607 262 0 1788864678 741960
21 3048 518 0 1788864678 742508
23 2623 180 0 1788864678 745549
23 2632 171 0 1788864678 747085
20 2553 728 0 1788864678 751624
21 3070 377 0 1788864678 752033
23 2677 154 0 1788864678 755892
22 2679 448 0 1788864678 758718
23 2695 111 0 1788864678 760415
21 3092 416 0 1788864678 762407
21 3104 320 0 1788864678 768736
23 2740 177 0 1788864678 769415
23 2743 380 0 1788864678 770162
20 2573 1760 0 1788864678 770636
20 2576 477 0 1788864678 771959
21 3112 514 0 1788864678 772061
23 2775 204 0 1788864678 776690
20 2584 801 0 1788864678 778533
23 2794 159 0 1788864678 780066
21 3133 320 0 1788864678 780359
23 2797 185 0 1788864678 780881
23 2820 136 0 1788864678 785072
22 2760 247 0 1788864678 791991
23 2864 228 0 1788864678 794590
22 2772 293 0 1788864678 794937
20 2604 871 0 1788864678 795465
23 2871 203 0 1788864678 795954
23 2876 171 0 1788864678 796714
20 2611 769 0 1788864678 801823
20 2612 585 0 1788864678 802423
23 2903 205 0 1788864678 802870
23 2937 132 0 1788864678 810189
23 2950 79 0 1788864678 812125
23 2955 151 0 1788864678 812862
20 2626 1094 0 1788864678 813830
22 2818 388 0 1788864678 813904
23 2964 180 0 1788864678 814202
20 2628 1025 0 1788864678 815686
21 3194 245 0 1788864678 815988
21 3211 270 0 1788864678 820049
23 2997 164 0 1788864678 821404
23 3002 213 0 1788864678 822856
22 2836 372 0 1788864678 823232
23 3012 208 0 1788864678 824265
23 3015 122 0 1788864678 824645
23 3026 226 0 1788864678 826701
21 3239 392 0 1788864678 826830
23 3027 130 0 1788864678 826837
22 2844 435 0 1788864678 826890
21 3242 1094 0 1788864678 828501
20 2646 710 0 1788864678 829554
23 3054 99 0 1788864678 832391
21 3270 460 0 1788864678 836261
20 2660 345 0 1788864678 836925
22 2864 679 0 1788864678 838306
22 2865 487 0 1788864678 838797
21 3282 395 0 1788864678 840767
23 3100 96 0 1788864678 841193
20 2673 344 0 1788864678 842401
23 3106 213 0 1788864678 842746
20 2675 464 0 1788864678 843418
23 3122 202 0 1788864678 845906
22 2879 325 0 1788864678 846004
21 3300 320 0 1788864678 846762
23 3137 174 0 1788864678 848660
22 2891 545 0 1788864678 851319
23 3151 163 0 1788864678 853324
21 3330 204 0 1788864678 853533
21 3331 321 0 1788864678 853863
20 2702 905 0 1788864678 859383
20 2704 361 0 1788864678 860326
21 3346 349 0 1788864678 860334
21 3349 352 0 1788864678 861591
20 2712 1018 0 1788864678 866546
21 3367 0 0 1788864678 874969
20 2738 0 0 1788864678 884688
22 2917 836 0 1788864678 894694
22 2922 1118 0 1788864678 900486
20 2753 715 0 1788864678 903520
20 2754 0 0 1788864678 903791
23 3172 430 0 1788864678 907358
22 2929 1461 0 1788864678 908363
22 2934 858 0 1788864678 912242
22 2942 0 0 1788864678 919066
23 3185 627 0 1788864678 920148
20 2789 952 0 1788864678 927009
21 3428 957 0 1788864678 927111
20 2793 2033 0 1788864678 931453
21 3436 470 0 1788864678 934237
20 2820 728 0 1788864678 950944
21 3457 593 0 1788864678 952161
21 3459 862 0 1788864678 953356
20 2830 456 0 1788864678 957599
21 3468 2995 0 1788864678 963655
23 3233 780 0 1788864678 965289
22 2998 808 0 1788864678 965897
21 3473 737 0 1788864678 966731
22 3000 747 0 1788864678 967385
21 3488 0 0 1788864678 978726
21 3490 865 0 1788864678 980195
20 2864 259 0 1788864678 986056
20 2870 0 0 1788864678 990301
22 3033 212 0 1788864678 991345
22 3036 798 0 1788864678 993662
20 2879 0 0 1788864678 995654
20 2882 0 0 1788864678 998324
21 3518 479 0 1788864678 999946
20 2891 427 0 1788864679 2064
20 2896 110 0 1788864679 3691
20 2899 134 0 1788864679 4041
23 3291 282 0 1788864679 5004
20 2910 306 0 1788864679 5752
22 3064 167 0 1788864679 6670
22 3066 152 0 1788864679 7197
21 3558 364 0 1788864679 11317
20 2935 248 0 1788864679 11483
23 3325 335 0 1788864679 12209
22 3088 288 0 1788864679 13248
20 2941 220 0 1788864679 13333
23 3345 92 0 1788864679 16295
20 2956 252 0 1788864679 17219
23 3357 0 0 1788864679 18027
23 3391 294 0 1788864679 25326
20 3011 0 0 1788864679 31501
22 3139 428 0 1788864679 31656
21 3626 302 0 1788864679 32756
22 3141 770 0 1788864679 32765
20 3018 231 0 1788864679 32998
20 3022 267 0 1788864679 34352
23 3412 0 0 1788864679 35398
20 3032 433 0 1788864679 37400
21 3642 242 0 1788864679 38741
21 3647 328 0 1788864679 40703
21 3649 590 0 1788864679 41811
21 3657 402 0 1788864679 45294
21 3667 310 0 1788864679 49366
23 3445 452 0 1788864679 49599
21 3668 432 0 1788864679 49803
20 3067 334 0 1788864679 52465
21 3676 601 0 1788864679 53166
21 3689 413 0 1788864679 58524
20 3086 472 0 1788864679 60657
20 3090 402 0 1788864679 62713
20 3092 353 0 1788864679 63415
21 3711 576 0 1788864679 67402
23 3490 0 0 1788864679 69012
23 3497 613 0 1788864679 72847
23 3499 736 0 1788864679 73980
22 3244 728 0 1788864679 77990
20 3127 314 0 1788864679 79112
21 3746 1104 0 1788864679 85310
21 3747 860 0 1788864679 86205
23 3528 518 0 1788864679 88880
21 3752 536 0 1788864679 89186
20 3151 408 0 1788864679 92450
20 3155 320 0 1788864679 94167
23 3550 488 0 1788864679 99556
22 3290 400 0 1788864679 101359
23 3555 406 0 1788864679 101672
22 3291 407 0 1788864679 101771
23 3564 322 0 1788864679 106908
22 3306 680 0 1788864679 109467
21 3802 353 0 1788864679 112803
23 3575 688 0 1788864679 112815
22 3319 757 0 1788864679 117151
22 3320 332 0 1788864679 117573
23 3584 242 0 1788864679 118152
20 3204 0 0 1788864679 118977
21 3819 389 0 1788864679 121265
21 3845 427 0 1788864679 128272
22 3353 1757 0 1788864679 130681
20 3238 460 0 1788864679 131152
23 3613 688 0 1788864679 134162
23 3614 346 0 1788864679 134761
23 3617 363 0 1788864679 136790
22 3363 482 0 1788864679 137585
20 3250 588 0 1788864679 138142
23 3620 704 0 1788864679 139058
22 3367 358 0 1788864679 140226
23 3636 0 0 1788864679 148070
23 3637 0 0 1788864679 148422
20 3275 0 0 1788864679 149585
21 3887 543 0 1788864679 160736
20 3302 674 0 1788864679 161192
23 3685 180 0 1788864679 173972
23 3689 265 0 1788864679 176214
23 3693 377 0 1788864679 177799
22 3416 494 0 1788864679 178089
22 3418 304 0 1788864679 178908
21 3958 541 0 1788864679 196512
20 3396 210 0 1788864679 196627
20 3398 92 0 1788864679 196923
20 3408 106 0 1788864679 199145
22 3451 605 0 1788864679 200315
23 3733 0 0 1788864679 203732
20 3445 349 0 1788864679 210076
23 3755 439 0 1788864679 210375
23 3759 287 0 1788864679 211855
21 3984 606 0 1788864679 214133
22 3474 573 0 1788864679 215408
23 3781 203 0 1788864679 217832
23 3794 313 0 1788864679 221542
22 3494 0 0 1788864679 225919
22 3511 0 0 1788864679 229115
22 3520 0 0 1788864679 230079
22 3592 0 0 1788864679 236712
22 3617 0 0 1788864679 239926
22 3621 0 0 1788864679 240647
22 3637 0 0 1788864679 243084
22 3640 0 0 1788864679 243457
22 3701 0 0 1788864679 250309
22 3740 0 0 1788864679 268499
22 3745 0 0 1788864679 270322
22 3769 0 0 1788864679 281397
22 3784 0 0 1788864679 288216
22 3808 0 0 1788864679 298049
22 3838 0 0 1788864679 302283
22 3850 0 0 1788864679 303273
22 3856 0 0 1788864679 303775
22 3899 0 0 1788864679 307854
20 3507 510 0 1788864679 313602
23 3830 493 0 1788864679 334744
23 3835 701 0 1788864679 337894
20 3531 704 0 1788864679 338139
23 3839 1289 0 1788864679 341544
23 3852 443 0 1788864679 348885
20 3557 618 0 1788864679 355288
22 3974 439 0 1788864679 362014
21 4092 536 0 1788864679 364710
20 3578 442 0 1788864679 368849
23 3890 480 0 1788864679 373209
23 3891 610 0 1788864679 373823
22 4000 606 0 1788864679 377532
22 4005 524 0 1788864679 380108
22 4012 522 0 1788864679 384007
21 4131 419 0 1788864679 384271
22 4013 540 0 1788864679 384551
20 3609 542 0 1788864679 386382
23 3919 467 0 1788864679 388712
20 3618 493 0 1788864679 390665
21 4143 753 0 1788864679 391728
20 3623 347 0 1788864679 392764
22 4030 525 0 1788864679 395184
22 4032 681 0 1788864679 396501
23 3955 446 0 1788864679 404791
20 3651 450 0 1788864679 405406
23 3970 717 0 1788864679 412237
23 3971 492 0 1788864679 412733
23 3979 476 0 1788864679 416733
21 4189 489 0 1788864679 420225
21 4196 539 0 1788864679 424810
20 3692 337 0 1788864679 425153
22 4089 716 0 1788864679 432147
20 3712 508 0 1788864679 436008
20 3726 378 0 1788864679 440645
21 4219 617 0 1788864679 442293
22 4102 747 0 1788864679 442884
20 3740 92 0 1788864679 447109
23 4059 437 0 1788864679 453789
23 4067 446 0 1788864679 457592
21 4243 692 0 1788864679 460095
20 3790 242 0 1788864679 471434
20 3796 160 0 1788864679 474251
22 4146 318 0 1788864679 477779
22 4149 213 0 1788864679 478434
23 4106 9610 0 1788864679 491016
22 4161 343 0 1788864679 493370
22 4169 247 0 1788864679 495594
23 4107 5578 0 1788864679 496622
21 4269 2928 0 1788864679 499896
22 4183 1074 0 1788864679 505042
23 4114 776 0 1788864679 505289
22 4197 878 0 1788864679 518623
21 4298 629 0 1788864679 525210
23 4138 1069 0 1788864679 526366
21 4313 499 0 1788864679 534460
23 4158 568 0 1788864679 539906
22 4233 568 0 1788864679 541638
21 4332 513 0 1788864679 545517
22 4253 566 0 1788864679 553924
20 3884 571 0 1788864679 555282
23 4182 588 0 1788864679 555899
22 4266 691 0 1788864679 562729
22 4268 586 0 1788864679 563863
21 4362 1049 0 1788864679 566598
20 3903 582 0 1788864679 567829
23 4200 609 0 1788864679 568732
22 4301 143 0 1788864679 594172
22 4303 195 0 1788864679 594514
21 4398 506 0 1788864679 597757
21 4403 395 0 1788864679 599902
23 4243 398 0 1788864679 602566
23 4244 374 0 1788864679 602963
23 4249 419 0 1788864679 605487
21 4421 425 0 1788864679 608314
22 4369 218 0 1788864679 610686
20 3970 490 0 1788864679 610767
20 3977 451 0 1788864679 613699
20 3982 1188 0 1788864679 616338
20 3986 447 0 1788864679 617966
23 4284 448 0 1788864679 621383
20 3997 460 0 1788864679 623586
20 4000 82 0 1788864679 624922
20 4002 378 0 1788864679 625670
23 4307 378 0 1788864679 630928
20 4018 476 0 1788864679 633562
23 4315 339 0 1788864679 634437
21 4484 348 0 1788864679 635184
22 4411 205 0 1788864679 641125
23 4331 611 0 1788864679 642561
21 4504 263 0 1788864679 643882
22 4426 240 0 1788864679 644843
23 4337 713 0 1788864679 645600
22 4433 145 0 1788864679 646383
23 4339 383 0 1788864679 646390
22 4439 154 0 1788864679 647849
22 4445 491 0 1788864679 651515
22 4446 246 0 1788864679 651790
20 4062 301 0 1788864679 653905
22 4456 201 0 1788864679 654391
23 4352 349 0 1788864679 654398
22 4473 119 0 1788864679 658438
20 4078 254 0 1788864679 659855
22 4485 330 0 1788864679 661804
21 4547 362 0 1788864679 662582
21 4551 440 0 1788864679 663890
21 4558 419 0 1788864679 666181
23 4384 335 0 1788864679 667319
22 4513 269 0 1788864679 667894
21 4571 344 0 1788864679 670573
23 4393 366 0 1788864679 670724
23 4397 177 0 1788864679 672160
22 4535 243 0 1788864679 673657
22 4542 234 0 1788864679 675616
23 4413 1747 0 1788864679 679545
21 4611 649 0 1788864679 691247
22 4556 554 0 1788864679 692427
22 4558 627 0 1788864679 693705
23 4438 720 0 1788864679 697220
23 4443 493 0 1788864679 700371
21 4626 891 0 1788864679 701823
20 4163 408 0 1788864679 702331
22 4571 675 0 1788864679 702624
22 4573 610 0 1788864679 704023
22 4574 790 0 1788864679 704818
23 4452 890 0 1788864679 706998
22 4582 927 0 1788864679 710803
23 4476 651 0 1788864679 731058
21 4658 625 0 1788864679 731997
20 4190 336 0 1788864679 732338
20 4203 193 0 1788864679 736143
22 4605 983 0 1788864679 737107
22 4607 1360 0 1788864679 739601
20 4229 249 0 1788864679 744323
20 4233 248 0 1788864679 745432
20 4234 311 0 1788864679 745745
22 4617 1342 0 1788864679 752204
20 4257 263 0 1788864679 753320
20 4271 244 0 1788864679 757329
21 4679 2111 0 1788864679 760368
22 4631 711 0 1788864679 765190
22 4636 1128 0 1788864679 768991
21 4693 672 0 1788864679 769802
20 4292 627 0 1788864679 770636
22 4638 750 0 1788864679 770735
22 4643 739 0 1788864679 774036
22 4648 561 0 1788864679 777253
20 4320 803 0 1788864679 790896
21 4724 617 0 1788864679 791815
20 4359 731 0 1788864679 817795
22 4711 483 0 1788864679 820294
21 4771 877 0 1788864679 822995
20 4369 466 0 1788864679 823689
21 4776 753 0 1788864679 825822
22 4723 579 0 1788864679 828403
23 4600 742 0 1788864679 829366
21 4796 591 0 1788864679 839888
21 4857 272 0 1788864679 861273
23 4633 2131 0 1788864679 862861
22 4780 1012 0 1788864679 865606
21 4896 0 0 1788864679 879686
20 4432 680 0 1788864679 889067
22 4812 661 0 1788864679 889431
20 4436 969 0 1788864679 891973
22 4827 629 0 1788864679 898667
20 4451 0 0 1788864679 900713
22 4832 490 0 1788864679 901719
20 4454 894 0 1788864679 902846
23 4677 273 0 1788864679 905840
22 4840 464 0 1788864679 907794
21 4932 551 0 1788864679 908533
21 4943 732 0 1788864679 916994
21 4944 714 0 1788864679 917712
21 4945 810 0 1788864679 918526
22 4859 685 0 1788864679 922120
21 4957 704 0 1788864679 927442
23 4709 302 0 1788864679 931506
21 4969 515 0 1788864679 936169
23 4728 693 0 1788864679 943917
21 4987 284 0 1788864679 947703
20 4515 711 0 1788864679 947904
21 4999 860 0 1788864679 956812
21 5000 579 0 1788864679 957395
23 4754 626 0 1788864679 967116
23 4760 598 0 1788864679 971502
23 4762 724 0 1788864679 972958
21 5026 685 0 1788864679 978115
21 5027 729 0 1788864679 978849
21 5033 635 0 1788864679 984128
23 4787 216 0 1788864679 988402
20 4568 358 0 1788864679 988476
21 5041 279 0 1788864679 988824
21 5042 262 0 1788864679 989090
20 4572 281 0 1788864679 989574
20 4577 277 0 1788864679 990859
22 4958 259 0 1788864679 991452
23 4799 277 0 1788864679 991804
21 5055 279 0 1788864679 993154
21 5056 274 0 1788864679 993432
20 4592 302 0 1788864679 995116
22 4972 264 0 1788864679 995526
21 5069 506 0 1788864680 555
22 4984 457 0 1788864680 3211
20 4606 521 0 1788864680 4920
21 5077 647 0 1788864680 5179
20 4617 820 0 1788864680 16537
20 4620 104 0 1788864680 17141
21 5098 408 0 1788864680 19492
21 5101 410 0 1788864680 20518
23 4852 336 0 1788864680 21062
23 4858 324 0 1788864680 23734
20 4645 912 0 1788864680 24896
22 5019 543 0 1788864680 28664
20 4659 559 0 1788864680 33412
20 4669 0 0 1788864680 55496
20 4671 699 0 1788864680 57114
23 4889 749 0 1788864680 58494
22 5051 334 0 1788864680 64252
20 4687 852 0 1788864680 67434
21 5162 681 0 1788864680 67878
20 4690 689 0 1788864680 69651
23 4902 599 0 1788864680 69977
20 4693 818 0 1788864680 71953
21 5171 352 0 1788864680 74122
22 5078 601 0 1788864680 81222
23 4917 691 0 1788864680 81399
23 4920 834 0 1788864680 83535
20 4718 665 0 1788864680 89511
22 5091 713 0 1788864680 90691
21 5197 700 0 1788864680 91973
20 4738 814 0 1788864680 104079
23 4952 901 0 1788864680 107036
23 4953 722 0 1788864680 107762
20 4743 728 0 1788864680 107858
23 4956 758 0 1788864680 109885
20 4747 256 0 1788864680 110430
23 4963 605 0 1788864680 114601
23 4977 637 0 1788864680 128475
23 4982 945 0 1788864680 132758
22 5156 920 0 1788864680 145156
23 4997 333 0 1788864680 145164
21 5282 0 0 1788864680 150319
20 4796 615 0 1788864680 154819
21 5296 611 0 1788864680 158484
20 4832 0 0 1788864680 172782
22 5206 455 0 1788864680 176607
20 4846 385 0 1788864680 177773
21 5338 128 0 1788864680 186065
22 5234 0 0 1788864680 188453
22 5238 0 0 1788864680 189780
20 4870 412 0 1788864680 190295
20 4872 355 0 1788864680 190929
23 5066 118 0 1788864680 190936
21 5366 132 0 1788864680 197833
20 4887 560 0 1788864680 198055
22 5264 670 0 1788864680 201366
22 5266 271 0 1788864680 204210
22 5268 128 0 1788864680 204598
21 5384 395 0 1788864680 206192
23 5116 188 0 1788864680 209314
22 5299 412 0 1788864680 228510
20 4934 414 0 1788864680 233392
23 5148 317 0 1788864680 236656
23 5151 216 0 1788864680 238120
23 5163 203 0 1788864680 244890
20 4950 1324 0 1788864680 246219
21 5445 2846 0 1788864680 252036
20 4963 388 0 1788864680 256777
20 4977 225 0 1788864680 261750
22 5332 340 0 1788864680 264086
21 5464 306 0 1788864680 266182
23 5211 262 0 1788864680 266469
23 5222 264 0 1788864680 271473
20 5006 298 0 1788864680 271776
23 5227 278 0 1788864680 273480
21 5486 178 0 1788864680 274122
22 5380 368 0 1788864680 282053
21 5508 246 0 1788864680 282151
22 5381 232 0 1788864680 282290
21 5510 348 0 1788864680 282955
20 5037 584 0 1788864680 284353
21 5515 707 0 1788864680 286814
23 5249 230 0 1788864680 287503
20 5050 265 0 1788864680 289796
20 5052 374 0 1788864680 290416
23 5274 201 0 1788864680 292854
21 5521 831 0 1788864680 293912
20 5059 338 0 1788864680 294494
20 5070 426 0 1788864680 298723
21 5560 181 0 1788864680 302942
20 5084 477 0 1788864680 304014
23 5291 1120 0 1788864680 305017
21 5593 260 0 1788864680 310581
21 5594 124 0 1788864680 310732
20 5108 351 0 1788864680 313301
21 5606 198 0 1788864680 313403
20 5109 332 0 1788864680 313638
21 5613 196 0 1788864680 314684
20 5112 1261 0 1788864680 315860
22 5420 348 0 1788864680 317252
20 5124 355 0 1788864680 321807
20 5126 725 0 1788864680 322995
22 5431 0 0 1788864680 324113
21 5634 581 0 1788864680 325904
23 5328 358 0 1788864680 325914
23 5342 526 0 1788864680 332051
23 5343 217 0 1788864680 332311
23 5353 517 0 1788864680 335990
22 5466 124 0 1788864680 336936
22 5481 135 0 1788864680 340422
23 5369 134 0 1788864680 341237
21 5676 330 0 1788864680 343373
22 5494 178 0 1788864680 345314
23 5381 294 0 1788864680 346488
20 5152 450 0 1788864680 350229
23 5386 372 0 1788864680 350577
22 5517 149 0 1788864680 356283
20 5166 375 0 1788864680 359222
20 5170 543 0 1788864680 360803
21 5703 964 0 1788864680 364011
23 5413 3236 0 1788864680 365955
21 5714 279 0 1788864680 366473
22 5549 448 0 1788864680 368359
21 5717 1723 0 1788864680 369619
23 5418 1757 0 1788864680 371481
22 5556 960 0 1788864680 372011
22 5563 912 0 1788864680 375753
23 5424 2283 0 1788864680 378074
22 5586 515 0 1788864680 388052
23 5432 102 0 1788864680 388801
23 5440 128 0 1788864680 390310
20 5230 201 0 1788864680 392909
20 5231 454 0 1788864680 393371
23 5470 160 0 1788864680 394830
23 5473 77 0 1788864680 395189
21 5771 177 0 1788864680 395535
23 5486 149 0 1788864680 397083
23 5521 158 0 1788864680 402073
23 5524 175 0 1788864680 402490
23 5535 167 0 1788864680 404228
21 5807 252 0 1788864680 406025
20 5287 568 0 1788864680 418927
23 5583 149 0 1788864680 421464
22 5645 390 0 1788864680 422190
23 5608 119 0 1788864680 432321
20 5313 395 0 1788864680 437781
20 5315 407 0 1788864680 438565
22 5659 749 0 1788864680 439806
23 5639 131 0 1788864680 439964
23 5642 203 0 1788864680 440513
23 5656 0 0 1788864680 442799
20 5324 529 0 1788864680 443355
20 5326 192 0 1788864680 444700
21 5838 943 0 1788864680 445780
20 5343 697 0 1788864680 452620
23 5709 215 0 1788864680 453392
23 5723 1138 0 1788864680 459086
20 5360 489 0 1788864680 461296
21 5862 488 0 1788864680 464204
20 5372 382 0 1788864680 467385
20 5374 296 0 1788864680 468047
23 5759 319 0 1788864680 470238
22 5724 122 0 1788864680 471564
22 5728 92 0 1788864680 472286
23 5768 231 0 1788864680 473311
23 5770 284 0 1788864680 473935
22 5754 238 0 1788864680 476045
22 5755 180 0 1788864680 476262
23 5780 295 0 1788864680 476572
23 5786 161 0 1788864680 478337
23 5790 249 0 1788864680 479340
22 5774 145 0 1788864680 479704
22 5779 247 0 1788864680 480599
23 5795 270 0 1788864680 480646
20 5406 265 0 1788864680 482417
20 5407 290 0 1788864680 482716
20 5409 408 0 1788864680 483384
20 5415 294 0 1788864680 486424
22 5785 1105 0 1788864680 486729
20 5417 320 0 1788864680 487084
23 5814 312 0 1788864680 487092
21 5870 403 0 1788864680 494193
22 5804 556 0 1788864680 501313
20 5455 338 0 1788864680 501346
21 5893 330 0 1788864680 504816
20 5464 384 0 1788864680 505052
21 5910 148 0 1788864680 512664
20 5484 578 0 1788864680 515735
20 5487 507 0 1788864680 516930
22 5824 1183 0 1788864680 518496
20 5505 692 0 1788864680 524283
20 5514 605 0 1788864680 528098
21 5932 481 0 1788864680 528770
22 5850 420 0 1788864680 533248
23 5953 263 0 1788864680 543702
23 5959 304 0 1788864680 550392
22 5874 3668 0 1788864680 554307
21 5978 387 0 1788864680 556087
22 5887 0 0 1788864680 579901
23 5980 463 0 1788864680 582872
21 5992 0 0 1788864680 616707
22 5898 4659 0 1788864680 621702
23 5994 337 0 1788864680 623194
21 6012 99 0 1788864680 639571
23 6014 317 0 1788864680 645773
20 5611 168 0 1788864680 652874
23 6025 376 0 1788864680 652883
21 6024 907 0 1788864680 654092
22 5912 2059 0 1788864680 664719
21 6035 1971 0 1788864680 675723
22 5920 1960 0 1788864680 675731
20 5629 362 0 1788864680 676099
22 5923 991 0 1788864680 678755
20 5631 2062 0 1788864680 679803
23 6065 606 0 1788864680 684750
23 6066 544 0 1788864680 685318
20 5645 107 0 1788864680 687582
23 6076 485 0 1788864680 690828
22 5931 1307 0 1788864680 692278
22 5932 1459 0 1788864680 693743
20 5654 769 0 1788864680 695556
20 5672 369 0 1788864680 703401
23 6095 171 0 1788864680 705496
20 5681 329 0 1788864680 708710
20 5682 764 0 1788864680 709483
20 5700 850 0 1788864680 718627
23 6112 336 0 1788864680 721455
20 5730 457 0 1788864680 730210
20 5731 492 0 1788864680 730707
20 5737 669 0 1788864680 733354
21 6079 153 0 1788864680 735859
22 5974 650 0 1788864680 739729
22 5977 584 0 1788864680 741588
21 6098 332 0 1788864680 745208
23 6166 147 0 1788864680 748711
22 5984 266 0 1788864680 749316
23 6170 85 0 1788864680 749427
20 5768 333 0 1788864680 750348
23 6194 127 0 1788864680 755566
23 6197 712 0 1788864680 756802
23 6204 124 0 1788864680 757636
21 6123 141 0 1788864680 759309
22 5994 501 0 1788864680 763983
23 6232 219 0 1788864680 766710
23 6234 165 0 1788864680 767066
21 6142 437 0 1788864680 769026
23 6242 1701 0 1788864680 770586
22 6003 438 0 1788864680 772039
21 6151 656 0 1788864680 773950
23 6262 70 0 1788864680 777221
23 6271 525 0 1788864680 779534
22 6013 761 0 1788864680 783723
23 6283 615 0 1788864680 784790
21 6174 507 0 1788864680 785302
20 5864 202 0 1788864680 791275
23 6293 157 0 1788864680 791283
22 6028 555 0 1788864680 791666
20 5879 559 0 1788864680 798220
23 6323 172 0 1788864680 798792
20 5888 320 0 1788864680 801997
20 5890 392 0 1788864680 802817
23 6353 0 0 1788864680 804963
20 5899 633 0 1788864680 807330
23 6371 250 0 1788864680 809289
23 6378 219 0 1788864680 810894
23 6383 191 0 1788864680 811846
22 6064 330 0 1788864680 813022
22 6074 289 0 1788864680 816293
23 6395 467 0 1788864680 816491
22 6077 319 0 1788864680 817434
23 6397 787 0 1788864680 817918
20 5920 879 0 1788864680 819035
23 6400 380 0 1788864680 819122
23 6405 654 0 1788864680 821592
20 5925 462 0 1788864680 821744
22 6099 159 0 1788864680 822855
21 6222 1008 0 1788864680 823687
22 6106 751 0 1788864680 826160
22 6107 0 0 1788864680 826555
21 6230 507 0 1788864680 827956
21 6237 340 0 1788864680 831030
21 6249 363 0 1788864680 835223
23 6433 496 0 1788864680 836566
22 6136 111 0 1788864680 838987
21 6259 1043 0 1788864680 841044
22 6171 99 0 1788864680 842150
22 6188 89 0 1788864680 843679
22 6197 151 0 1788864680 846004
20 5933 498 0 1788864680 846250
22 6203 155 0 1788864680 847010
22 6205 165 0 1788864680 847259
22 6212 202 0 1788864680 848268
21 6266 994 0 1788864680 848875
22 6217 180 0 1788864680 849083
21 6267 5767 0 1788864680 854650
23 6451 536 0 1788864680 860207
22 6287 114 0 1788864680 869618
22 6320 89 0 1788864680 872543
22 6325 84 0 1788864680 873041
23 6459 588 0 1788864680 873376
22 6383 0 0 1788864680 880449
23 6466 0 0 1788864680 880542
22 6395 273 0 1788864680 882596
21 6302 0 0 1788864680 884132
22 6409 0 0 1788864680 884323
23 6488 117 0 1788864680 884630
21 6313 0 0 1788864680 885526
21 6326 146 0 1788864680 887942
23 6508 224 0 1788864680 890498
22 6440 174 0 1788864680 890910
21 6344 138 0 1788864680 891394
22 6443 220 0 1788864680 891542
22 6444 88 0 1788864680 891781
21 6348 88 0 1788864680 891965
23 6514 234 0 1788864680 892087
23 6515 131 0 1788864680 892221
22 6458 0 0 1788864680 894109
23 6532 135 0 1788864680 895363
23 6546 140 0 1788864680 897871
23 6550 174 0 1788864680 898586
22 6490 87 0 1788864680 898715
23 6554 0 0 1788864680 899242
22 6501 279 0 1788864680 901268
21 6443 85 0 1788864680 905360
23 6590 122 0 1788864680 906559
23 6595 185 0 1788864680 907217
21 6464 274 0 1788864680 907995
22 6544 444 0 1788864680 908808
20 5961 990 0 1788864680 914721
20 5968 103 0 1788864680 918441
21 6491 732 0 1788864680 920646
20 5984 493 0 1788864680 924437
22 6573 694 0 1788864680 924442
23 6634 223 0 1788864680 924780
21 6511 517 0 1788864680 925511
20 5989 116 0 1788864680 926367
23 6641 623 0 1788864680 927286
21 6516 773 0 1788864680 928362
23 6644 0 0 1788864680 928999
20 6001 570 0 1788864680 932445
20 6002 600 0 1788864680 933060
20 6006 15011 0 1788864680 952466
21 6528 1146 0 1788864680 953642
20 6014 574 0 1788864680 959203
20 6035 229 0 1788864680 974692
20 6038 225 0 1788864680 975359
20 6041 386 0 1788864680 976066
20 6042 232 0 1788864680 976302
20 6048 233 0 1788864680 977657
20 6060 221 0 1788864680 980414
20 6065 223 0 1788864680 981556
20 6083 92 0 1788864680 998067
20 6122 178 0 1788864681 2416
20 6128 91 0 1788864681 3233
20 6130 93 0 1788864681 3424
20 6143 92 0 1788864681 4632
20 6145 111 0 1788864681 4837
20 6199 88 0 1788864681 9971
20 6205 117 0 1788864681 10679
20 6219 88 0 1788864681 12000
20 6230 87 0 1788864681 13089
20 6237 92 0 1788864681 13743
20 6255 92 0 1788864681 15542
22 6613 270 0 1788864681 16157
23 6674 476 0 1788864681 18330
22 6632 0 0 1788864681 21253
21 6555 304 0 1788864681 22153
20 6311 368 0 1788864681 23966
20 6315 0 0 1788864681 25365
22 6655 114 0 1788864681 27062
23 6696 0 0 1788864681 31686
22 6660 0 0 1788864681 32273
20 6333 282 0 1788864681 32834
21 6575 1143 0 1788864681 35057
22 6667 692 0 1788864681 38297
22 6683 0 0 1788864681 46063
20 6368 0 0 1788864681 47283
22 6696 797 0 1788864681 49497
23 6728 181 0 1788864681 49506
22 6708 312 0 1788864681 56116
20 6385 423 0 1788864681 56445
22 6717 400 0 1788864681 64493
22 6720 341 0 1788864681 66163
21 6639 247 0 1788864681 68732
20 6407 448 0 1788864681 71023
20 6410 406 0 1788864681 72252
20 6411 0 0 1788864681 72414
23 6768 209 0 1788864681 75234
22 6738 1140 0 1788864681 76274
23 6771 209 0 1788864681 76283
22 6740 207 0 1788864681 76858
20 6427 0 0 1788864681 77561
20 6441 175 0 1788864681 84125
22 6757 185 0 1788864681 90237
20 6456 606 0 1788864681 90460
21 6700 711 0 1788864681 96858
23 6816 759 0 1788864681 98290
22 6779 0 0 1788864681 101997
22 6783 0 0 1788864681 103552
20 6487 0 0 1788864681 105624
22 6789 442 0 1788864681 107295
22 6791 314 0 1788864681 108114
21 6726 0 0 1788864681 110500
21 6729 500 0 1788864681 112179
23 6844 0 0 1788864681 116952
21 6736 279 0 1788864681 117053
21 6738 316 0 1788864681 117853
20 6518 344 0 1788864681 126060
22 6824 805 0 1788864681 132671
23 6866 976 0 1788864681 133334
22 6838 0 0 1788864681 143295
23 6877 0 0 1788864681 143490
22 6849 0 0 1788864681 149488
22 6851 0 0 1788864681 150637
20 6563 356 0 1788864681 161291
22 6869 682 0 1788864681 161487
20 6567 676 0 1788864681 164681
22 6874 495 0 1788864681 165642
21 6801 803 0 1788864681 170133
23 6914 839 0 1788864681 172917
21 6828 1874 0 1788864681 180497
21 6829 0 0 1788864681 180837
21 6841 0 0 1788864681 185850
22 6902 0 0 1788864681 186031
20 6592 0 0 1788864681 193069
20 6602 593 0 1788864681 198911
22 6925 665 0 1788864681 202240
20 6610 475 0 1788864681 203428
22 6927 633 0 1788864681 203970
20 6617 651 0 1788864681 208233
23 6948 648 0 1788864681 212331
22 6948 750 0 1788864681 220205
20 6635 878 0 1788864681 221994
21 6899 0 0 1788864681 222425
23 6961 584 0 1788864681 223013
21 6912 1898 0 1788864681 245952
22 6972 1074 0 1788864681 253233
23 6986 662 0 1788864681 254238
23 6987 593 0 1788864681 255143
21 6925 1043 0 1788864681 257243
23 6991 372 0 1788864681 258643
23 7006 163 0 1788864681 264105
20 6679 886 0 1788864681 265964
21 6941 713 0 1788864681 271100
23 7031 323 0 1788864681 273123
23 7039 587 0 1788864681 276247
22 7008 798 0 1788864681 282290
23 7058 275 0 1788864681 282592
20 6698 619 0 1788864681 283215
21 6959 855 0 1788864681 286225
23 7068 308 0 1788864681 286232
23 7070 318 0 1788864681 287109
23 7083 305 0 1788864681 290963
23 7089 186 0 1788864681 292594
22 7023 635 0 1788864681 294945
21 6974 191 0 1788864681 296489
20 6718 750 0 1788864681 300058
22 7073 216 0 1788864681 311558
21 7024 237 0 1788864681 312406
22 7083 146 0 1788864681 314248
21 7032 179 0 1788864681 314403
21 7034 354 0 1788864681 315157
22 7090 339 0 1788864681 317346
20 6751 586 0 1788864681 322371
20 6752 511 0 1788864681 322887
20 6760 0 0 1788864681 327248
23 7151 1111 0 1788864681 333298
21 7070 321 0 1788864681 336133
22 7118 690 0 1788864681 340003
22 7121 539 0 1788864681 341969
22 7125 308 0 1788864681 344257
21 7137 223 0 1788864681 352182
21 7145 227 0 1788864681 354323
22 7151 430 0 1788864681 360305
21 7159 393 0 1788864681 360443
21 7161 392 0 1788864681 361213
21 7162 350 0 1788864681 361571
20 6808 421 0 1788864681 361895
23 7194 517 0 1788864681 364087
21 7178 502 0 1788864681 367771
21 7179 177 0 1788864681 367975
22 7163 470 0 1788864681 367983
20 6825 482 0 1788864681 369151
23 7218 188 0 1788864681 372736
20 6836 424 0 1788864681 374482
21 7208 297 0 1788864681 379586
21 7216 297 0 1788864681 381782
21 7226 251 0 1788864681 384526
22 7188 651 0 1788864681 385504
21 7232 228 0 1788864681 385931
20 6879 217 0 1788864681 386439
21 7237 298 0 1788864681 387051
23 7250 336 0 1788864681 387888
21 7241 209 0 1788864681 388004
23 7258 525 0 1788864681 392087
20 6903 275 0 1788864681 392269
20 6912 216 0 1788864681 394373
23 7264 531 0 1788864681 396135
20 6957 291 0 1788864681 406868
22 7214 762 0 1788864681 406877
22 7219 102 0 1788864681 410204
21 7331 481 0 1788864681 412796
21 7339 297 0 1788864681 415207
22 7259 152 0 1788864681 416247
23 7302 593 0 1788864681 416460
22 7275 118 0 1788864681 418373
22 7292 125 0 1788864681 420646
20 7008 689 0 1788864681 426064
21 7378 194 0 1788864681 432544
23 7333 283 0 1788864681 433059
22 7332 611 0 1788864681 434594
23 7339 241 0 1788864681 434601
21 7395 401 0 1788864681 437165
21 7415 254 0 1788864681 443655
20 7048 367 0 1788864681 451414
20 7050 312 0 1788864681 452180
23 7413 590 0 1788864681 457983
20 7070 988 0 1788864681 461504
23 7424 417 0 1788864681 463103
22 7366 562 0 1788864681 464758
23 7433 554 0 1788864681 468975
21 7480 520 0 1788864681 469178
21 7481 590 0 1788864681 469772
21 7492 484 0 1788864681 475502
23 7445 491 0 1788864681 476399
23 7447 1000 0 1788864681 477720
20 7109 277 0 1788864681 481737
21 7507 521 0 1788864681 484274
22 7405 1194 0 1788864681 487328
22 7413 482 0 1788864681 492542
20 7122 1714 0 1788864681 493094
22 7417 455 0 1788864681 494647
23 7471 470 0 1788864681 495091
23 7482 574 0 1788864681 502056
23 7512 509 0 1788864681 521362
20 7175 188 0 1788864681 526573
23 7524 844 0 1788864681 529846
23 7525 674 0 1788864681 530526
21 7574 169 0 1788864681 532624
20 7187 548 0 1788864681 534219
22 7441 1435 0 1788864681 534384
21 7580 580 0 1788864681 536214
21 7586 482 0 1788864681 539697
23 7540 572 0 1788864681 539764
20 7201 503 0 1788864681 542765
20 7213 603 0 1788864681 549810
23 7564 630 0 1788864681 555594
22 7465 551 0 1788864681 556891
22 7476 547 0 1788864681 563975
22 7479 395 0 1788864681 565915
23 7585 618 0 1788864681 568874
20 7248 513 0 1788864681 575084
22 7495 595 0 1788864681 576107
20 7257 464 0 1788864681 580390
23 7606 800 0 1788864681 583655
21 7659 623 0 1788864681 585111
23 7610 837 0 1788864681 586241
23 7613 858 0 1788864681 588686
20 7277 610 0 1788864681 592195
23 7623 383 0 1788864681 594091
21 7677 669 0 1788864681 595647
23 7626 555 0 1788864681 596284
20 7288 448 0 1788864681 598569
20 7302 608 0 1788864681 608171
22 7549 592 0 1788864681 610177
20 7315 1197 0 1788864681 617050
20 7322 945 0 1788864681 622282
22 7568 714 0 1788864681 624570
21 7726 844 0 1788864681 630358
23 7678 445 0 1788864681 632357
21 7735 326 0 1788864681 637020
20 7342 248 0 1788864681 637170
20 7348 282 0 1788864681 638849
20 7353 240 0 1788864681 639883
20 7361 193 0 1788864681 641569
20 7375 176 0 1788864681 644446
21 7792 290 0 1788864681 649731
22 7608 743 0 1788864681 651058
20 7413 179 0 1788864681 653010
20 7416 153 0 1788864681 653534
21 7824 204 0 1788864681 656523
21 7833 195 0 1788864681 658314
21 7838 228 0 1788864681 659365
22 7623 579 0 1788864681 660205
22 7624 638 0 1788864681 660865
23 7741 114 0 1788864681 662444
20 7460 234 0 1788864681 662541
20 7463 200 0 1788864681 663204
20 7465 198 0 1788864681 663592
21 7864 185 0 1788864681 664645
23 7745 1922 0 1788864681 664745
20 7476 189 0 1788864681 665691
20 7484 90 0 1788864681 667544
22 7635 565 0 1788864681 667762
22 7636 563 0 1788864681 668329
23 7754 96 0 1788864681 668846
20 7504 272 0 1788864681 672693
21 7902 275 0 1788864681 675461
20 7520 297 0 1788864681 677669
22 7664 228 0 1788864681 677870
22 7666 199 0 1788864681 678331
22 7667 226 0 1788864681 678561
20 7533 186 0 1788864681 681319
20 7535 210 0 1788864681 681841
21 7923 92 0 1788864681 682122
20 7541 203 0 1788864681 683163
22 7688 302 0 1788864681 683695
21 7933 248 0 1788864681 686029
20 7552 245 0 1788864681 687696
22 7699 559 0 1788864681 689281
21 7944 425 0 1788864681 689370
21 7947 349 0 1788864681 690414
23 7785 127 0 1788864681 691357
23 7787 167 0 1788864681 691703
23 7797 94 0 1788864681 693145
23 7806 130 0 1788864681 694356
23 7818 90 0 1788864681 695933
20 7574 534 0 1788864681 696262
21 7979 415 0 1788864681 702278
21 8005 0 0 1788864681 717411
23 7840 185 0 1788864681 718380
20 7628 350 0 1788864681 721166
22 7773 228 0 1788864681 723992
22 7774 383 0 1788864681 724380
20 7641 150 0 1788864681 725331
22 7778 282 0 1788864681 725698
21 8038 115 0 1788864681 726715
22 7786 207 0 1788864681 729014
20 7664 162 0 1788864681 730767
22 7790 160 0 1788864681 730795
23 7908 376 0 1788864681 735751
23 7921 208 0 1788864681 738929
23 7930 240 0 1788864681 741237
23 7931 282 0 1788864681 741524
23 7932 269 0 1788864681 741817
21 8101 269 0 1788864681 742368
22 7810 1411 0 1788864681 744460
20 7716 219 0 1788864681 746719
23 7953 192 0 1788864681 747451
21 8131 276 0 1788864681 751074
21 8132 398 0 1788864681 751478
21 8133 294 0 1788864681 751776
20 7736 319 0 1788864681 752503
20 7748 216 0 1788864681 755680
21 8150 310 0 1788864681 756602
20 7758 215 0 1788864681 758424
21 8177 201 0 1788864681 763184
22 7842 1164 0 1788864681 766616
22 7846 871 0 1788864681 770143
20 7799 251 0 1788864681 771397
20 7801 136 0 1788864681 771859
20 7810 225 0 1788864681 773427
20 7814 272 0 1788864681 774468
21 8222 219 0 1788864681 775305
21 8229 84 0 1788864681 776385
23 7965 30273 0 1788864681 780547
20 7831 340 0 1788864681 781469
21 8286 175 0 1788864681 786297
21 8290 242 0 1788864681 787034
23 7993 95 0 1788864681 787775
23 7994 119 0 1788864681 787899
23 8000 212 0 1788864681 788788
21 8318 85 0 1788864681 792414
23 8007 834 0 1788864681 792513
23 8013 662 0 1788864681 795523
20 7867 517 0 1788864681 806476
23 8028 477 0 1788864681 809302
20 7873 80 0 1788864681 810284
23 8043 272 0 1788864681 815484
22 7882 1160 0 1788864681 816087
23 8046 253 0 1788864681 816366
20 7886 387 0 1788864681 817935
22 7884 1228 0 1788864681 818264
20 7889 117 0 1788864681 818718
20 7901 266 0 1788864681 823009
20 7903 280 0 1788864681 823467
20 7907 184 0 1788864681 824452
20 7919 169 0 1788864681 827792
23 8077 386 0 1788864681 830047
21 8390 106 0 1788864681 831103
20 7946 217 0 1788864681 833067
20 7958 213 0 1788864681 835075
23 8093 168 0 1788864681 835877
20 7968 85 0 1788864681 836240
21 8400 607 0 1788864681 836703
20 7976 87 0 1788864681 837350
21 8402 890 0 1788864681 838340
20 7993 89 0 1788864681 839181
22 7922 284 0 1788864681 840057
20 8023 103 0 1788864681 842787
21 8410 641 0 1788864681 843004
20 8030 101 0 1788864681 843540
20 8031 123 0 1788864681 843670
20 8032 114 0 1788864681 843789
23 8116 410 0 1788864681 844110
20 8048 112 0 1788864681 845585
20 8051 94 0 1788864681 845903
21 8419 608 0 1788864681 847743
20 8070 135 0 1788864681 847838
20 8071 87 0 1788864681 847929
20 8112 128 0 1788864681 852913
20 8116 82 0 1788864681 853599
23 8144 313 0 1788864681 854764
20 8128 82 0 1788864681 854955
20 8131 103 0 1788864681 855400
22 7959 412 0 1788864681 855839
22 7965 277 0 1788864681 859709
20 8170 158 0 1788864681 859963
23 8154 321 0 1788864681 862064
23 8158 855 0 1788864681 865924
21 8459 530 0 1788864681 867370
23 8165 141 0 1788864681 867419
21 8463 688 0 1788864681 869885
22 8004 176 0 1788864681 870259
22 8007 187 0 1788864681 870887
21 8467 456 0 1788864681 872083
23 8187 225 0 1788864681 873107
21 8469 505 0 1788864681 873249
22 8025 158 0 1788864681 874528
20 8211 319 0 1788864681 877054
23 8209 744 0 1788864681 882092
21 8494 460 0 1788864681 883603
22 8039 501 0 1788864681 887435
20 8229 518 0 1788864681 888566
21 8508 682 0 1788864681 892967
20 8238 802 0 1788864681 894826
20 8242 502 0 1788864681 897338
20 8243 573 0 1788864681 897916
20 8250 90 0 1788864681 899457
20 8268 83 0 1788864681 901297
20 8272 102 0 1788864681 901782
21 8549 89 0 1788864681 905593
22 8071 813 0 1788864681 910108
22 8098 116 0 1788864681 914904
22 8099 87 0 1788864681 914996
22 8100 0 0 1788864681 915092
22 8103 83 0 1788864681 915389
23 8261 438 0 1788864681 916013
22 8110 103 0 1788864681 916150
22 8118 76 0 1788864681 916965
23 8267 176 0 1788864681 919419
21 8625 533 0 1788864681 921044
22 8159 120 0 1788864681 923788
23 8274 91 0 1788864681 923912
22 8167 228 0 1788864681 926560
21 8640 752 0 1788864681 929483
23 8286 700 0 1788864681 930728
20 8326 630 0 1788864681 931877
20 8329 188 0 1788864681 933145
20 8348 523 0 1788864681 940743
23 8311 854 0 1788864681 945525
22 8222 139 0 1788864681 947656
22 8230 107 0 1788864681 948552
21 8687 134 0 1788864681 950130
23 8324 89 0 1788864681 951368
20 8396 90 0 1788864681 957198
20 8398 79 0 1788864681 957375
20 8404 90 0 1788864681 957943
22 8249 644 0 1788864681 958135
23 8344 658 0 1788864681 959348
23 8349 333 0 1788864681 962705
20 8442 0 0 1788864681 966126
22 8266 337 0 1788864681 966198
22 8274 703 0 1788864681 969936
23 8366 656 0 1788864681 970798
20 8456 214 0 1788864681 971822
22 8286 670 0 1788864681 976615
21 8755 207 0 1788864681 976945
21 8757 229 0 1788864681 977362
20 8486 200 0 1788864681 977849
21 8764 190 0 1788864681 978741
20 8496 269 0 1788864681 979904
20 8502 202 0 1788864681 981124
23 8385 486 0 1788864681 981132
21 8790 203 0 1788864681 984025
20 8517 190 0 1788864681 984122
21 8805 219 0 1788864681 987038
20 8533 203 0 1788864681 987447
21 8807 220 0 1788864681 987563
20 8535 183 0 1788864681 987850
20 8546 179 0 1788864681 990287
23 8405 532 0 1788864681 991707
22 8315 248 0 1788864681 991755
23 8411 508 0 1788864681 994653
23 8415 406 0 1788864681 996101
22 8329 344 0 1788864681 996838
23 8419 597 0 1788864681 998834
21 8851 0 0 1788864682 1555
21 8859 495 0 1788864682 4735
20 8590 377 0 1788864682 7659
21 8876 330 0 1788864682 11210
23 8452 201 0 1788864682 14028
23 8453 217 0 1788864682 14250
21 8886 499 0 1788864682 16009
20 8618 499 0 1788864682 18407
21 8892 663 0 1788864682 18970
23 8463 1034 0 1788864682 19242
21 8900 350 0 1788864682 22153
20 8642 406 0 1788864682 27624
21 8920 219 0 1788864682 30156
21 8923 449 0 1788864682 31273
20 8659 460 0 1788864682 35310
20 8663 753 0 1788864682 37265
20 8664 439 0 1788864682 37709
22 8435 628 0 1788864682 42743
23 8506 0 0 1788864682 44981
23 8508 407 0 1788864682 45956
21 8952 769 0 1788864682 46444
21 8964 0 0 1788864682 50494
23 8520 225 0 1788864682 52054
22 8454 442 0 1788864682 52747
21 8969 434 0 1788864682 53273
21 8976 358 0 1788864682 56007
22 8462 347 0 1788864682 56014
21 8978 241 0 1788864682 56552
23 8536 328 0 1788864682 57470
22 8474 184 0 1788864682 60515
20 8727 258 0 1788864682 60781
23 8549 345 0 1788864682 61445
21 9003 0 0 1788864682 64618
22 8500 386 0 1788864682 70687
20 8756 385 0 1788864682 71799
23 8583 267 0 1788864682 76087
23 8591 772 0 1788864682 79672
20 8776 354 0 1788864682 81171
22 8531 0 0 1788864682 82624
22 8533 227 0 1788864682 83110
22 8539 222 0 1788864682 84372
21 9052 274 0 1788864682 86082
23 8617 390 0 1788864682 91709
21 9067 594 0 1788864682 93170
20 8821 580 0 1788864682 94497
20 8827 351 0 1788864682 96551
22 8566 365 0 1788864682 96653
20 8829 347 0 1788864682 97274
21 9086 338 0 1788864682 101160
23 8639 341 0 1788864682 101250
20 8840 336 0 1788864682 101333
22 8586 331 0 1788864682 103704
23 8654 1136 0 1788864682 113704
23 8661 794 0 1788864682 123320
20 8869 250 0 1788864682 127681
22 8611 322 0 1788864682 128874
21 9115 607 0 1788864682 129043
20 8880 513 0 1788864682 131672
22 8623 335 0 1788864682 134783
21 9134 0 0 1788864682 135007
21 9137 198 0 1788864682 135964
23 8686 444 0 1788864682 136314
20 8918 0 0 1788864682 144721
23 8729 0 0 1788864682 145883
21 9175 106 0 1788864682 148652
23 8736 214 0 1788864682 148794
20 8940 810 0 1788864682 152951
23 8751 637 0 1788864682 156198
21 9192 795 0 1788864682 157696
21 9195 0 0 1788864682 159401
21 9200 1058 0 1788864682 164815
21 9214 81 0 1788864682 166901
22 8692 228 0 1788864682 167571
20 8961 409 0 1788864682 168290
21 9230 652 0 1788864682 171945
21 9250 192 0 1788864682 179898
22 8731 596 0 1788864682 182595
23 8811 107 0 1788864682 183990
21 9278 89 0 1788864682 185371
20 9034 113 0 1788864682 198166
23 8850 429 0 1788864682 198990
21 9322 129 0 1788864682 200024
22 8781 131 0 1788864682 200071
20 9038 1103 0 1788864682 200608
22 8791 210 0 1788864682 202417
23 8884 255 0 1788864682 206877
21 9362 210 0 1788864682 209134
20 9049 181 0 1788864682 209869
21 9367 212 0 1788864682 210399
21 9373 171 0 1788864682 211739
23 8908 131 0 1788864682 212353
21 9386 86 0 1788864682 213948
21 9388 77 0 1788864682 214270
21 9393 178 0 1788864682 214927
23 8924 140 0 1788864682 215225
23 8933 272 0 1788864682 218146
23 8935 0 0 1788864682 218725
23 8943 100 0 1788864682 221132
21 9431 474 0 1788864682 226317
21 9435 535 0 1788864682 227740
21 9440 366 0 1788864682 229190
23 8976 99 0 1788864682 230639
23 8988 135 0 1788864682 232184
23 8990 117 0 1788864682 232451
20 9124 344 0 1788864682 236558
23 9012 168 0 1788864682 237422
22 8882 456 0 1788864682 237901
22 8894 301 0 1788864682 241408
22 8900 235 0 1788864682 242930
22 8909 115 0 1788864682 245227
20 9164 397 0 1788864682 247252
23 9038 445 0 1788864682 247991
22 8926 183 0 1788864682 258159
20 9180 348 0 1788864682 259037
20 9199 0 0 1788864682 266774
22 8954 0 0 1788864682 269619
21 9477 636 0 1788864682 271060
22 9047 0 0 1788864682 287756
22 9049 0 0 1788864682 288102
23 9053 874 0 1788864682 293563
21 9485 278 0 1788864682 297510
22 9089 227 0 1788864682 298669
22 9113 942 0 1788864682 306122
20 9283 470 0 1788864682 312200
21 9521 334 0 1788864682 315063
21 9523 383 0 1788864682 315763
21 9525 250 0 1788864682 316539
22 9139 1273 0 1788864682 326703
21 9554 0 0 1788864682 331694
21 9568 650 0 1788864682 336593
20 9317 348 0 1788864682 340124
22 9157 315 0 1788864682 340717
21 9600 726 0 1788864682 347514
20 9331 394 0 1788864682 351125
21 9610 480 0 1788864682 351331
20 9341 189 0 1788864682 357677
21 9628 372 0 1788864682 358364
21 9637 588 0 1788864682 363503
23 9236 994 0 1788864682 368734
23 9244 110 0 1788864682 370055
21 9674 0 0 1788864682 376665
21 9690 0 0 1788864682 383181
23 9255 1222 0 1788864682 383817
21 9696 0 0 1788864682 385241
21 9704 0 0 1788864682 387915
22 9206 340 0 1788864682 389957
22 9207 949 0 1788864682 390938
21 9751 0 0 1788864682 401675
21 9759 0 0 1788864682 420210
20 9408 269 0 1788864682 422809
22 9225 440 0 1788864682 422823
23 9277 3504 0 1788864682 429502
22 9238 329 0 1788864682 430603
22 9257 345 0 1788864682 439512
20 9439 265 0 1788864682 440056
20 9443 429 0 1788864682 441781
21 9821 212 0 1788864682 442220
21 9824 314 0 1788864682 443230
22 9285 424 0 1788864682 462566
21 9870 156 0 1788864682 465414
21 9885 91 0 1788864682 467731
21 9896 235 0 1788864682 469562
21 9925 142 0 1788864682 474317
20 9488 515 0 1788864682 475132
22 9310 547 0 1788864682 476237
20 9492 603 0 1788864682 477233
22 9314 396 0 1788864682 478256
23 9323 209 0 1788864682 478371
22 9320 264 0 1788864682 480237
21 9958 346 0 1788864682 480301
21 9968 252 0 1788864682 482376
21 9976 228 0 1788864682 484159
21 9983 85 0 1788864682 485441
22 9347 190 0 1788864682 487281
22 9352 255 0 1788864682 488298
21 10002 146 0 1788864682 490829
20 9530 1700 0 1788864682 492759
21 10044 112 0 1788864682 504928
20 9541 1195 0 1788864682 505779
21 10051 125 0 1788864682 505934
21 10055 0 0 1788864682 506517
21 10057 187 0 1788864682 506825
23 9383 459 0 1788864682 508589
23 9389 501 0 1788864682 511882
22 9408 268 0 1788864682 515621
20 9598 145 0 1788864682 517277
21 10082 1149 0 1788864682 519426
23 9407 881 0 1788864682 521650
21 10110 138 0 1788864682 526567
20 9621 244 0 1788864682 527073
23 9426 720 0 1788864682 529938
21 10136 152 0 1788864682 530713
21 10163 126 0 1788864682 534584
20 9630 4690 0 1788864682 537319
23 9444 504 0 1788864682 539401
22 9450 841 0 1788864682 540477
23 9449 454 0 1788864682 541653
23 9474 253 0 1788864682 548241
22 9467 528 0 1788864682 549605
21 10195 1266 0 1788864682 550133
20 9682 990 0 1788864682 577636
20 9716 172 0 1788864682 586979
22 9541 135 0 1788864682 589275
20 9731 274 0 1788864682 589798
21 10280 107 0 1788864682 590504
21 10281 114 0 1788864682 590627
21 10282 123 0 1788864682 590779
23 9530 383 0 1788864682 595226
20 9765 177 0 1788864682 595542
23 9533 329 0 1788864682 596101
20 9769 179 0 1788864682 596212
20 9772 159 0 1788864682 596759
23 9542 162 0 1788864682 598443
22 9592 162 0 1788864682 598965
21 10335 156 0 1788864682 599417
20 9793 192 0 1788864682 600909
21 10344 164 0 1788864682 601103
22 9606 250 0 1788864682 602144
20 9800 270 0 1788864682 602485
22 9615 256 0 1788864682 604153
21 10366 158 0 1788864682 604798
21 10372 182 0 1788864682 605724
21 10380 96 0 1788864682 606719
22 9629 276 0 1788864682 607053
21 10393 91 0 1788864682 608447
20 9831 174 0 1788864682 608770
23 9599 122 0 1788864682 609186
22 9640 180 0 1788864682 609420
20 9837 244 0 1788864682 609968
21 10409 128 0 1788864682 610827
21 10413 83 0 1788864682 611231
23 9616 485 0 1788864682 613090
21 10421 96 0 1788864682 613608
20 9852 182 0 1788864682 613744
21 10429 100 0 1788864682 614522
22 9662 144 0 1788864682 614813
22 9665 131 0 1788864682 615352
21 10441 85 0 1788864682 616142
22 9670 122 0 1788864682 616292
20 9867 132 0 1788864682 616506
21 10461 317 0 1788864682 619017
21 10463 85 0 1788864682 619226
21 10468 103 0 1788864682 619697
21 10551 78 0 1788864682 632979
20 9942 91 0 1788864682 634807
20 9963 175 0 1788864682 640035
21 10615 168 0 1788864682 641914
22 9779 753 0 1788864682 645312
20 9991 1799 0 1788864682 658819
22 9795 276 0 1788864682 662044
20 10020 174 0 1788864682 670732
21 10670 358 0 1788864682 670867
22 9827 235 0 1788864682 672663
21 10696 127 0 1788864682 674891
22 9855 247 0 1788864682 680907
22 9869 256 0 1788864682 684230
22 9880 254 0 1788864682 687147
21 10780 127 0 1788864682 687654
21 10786 205 0 1788864682 688546
23 9786 239 0 1788864682 690316
23 9787 145 0 1788864682 690484
23 9790 368 0 1788864682 691416
23 9791 208 0 1788864682 691629
21 10828 109 0 1788864682 694565
22 9910 252 0 1788864682 695275
20 10112 248 0 1788864682 695368
21 10853 124 0 1788864682 698662
20 10125 175 0 1788864682 698693
22 9912 4209 0 1788864682 699818
21 10861 104 0 1788864682 700172
21 10866 121 0 1788864682 700817
20 10150 114 0 1788864682 702778
21 10883 110 0 1788864682 702925
21 10888 91 0 1788864682 703530
21 10904 93 0 1788864682 705367
21 10907 101 0 1788864682 705696
21 10915 117 0 1788864682 706791
20 10176 125 0 1788864682 707032
21 10918 132 0 1788864682 707137
21 10927 184 0 1788864682 708266
21 10943 91 0 1788864682 710121
20 10201 181 0 1788864682 711339
20 10202 119 0 1788864682 711467
20 10210 135 0 1788864682 712592
21 10962 125 0 1788864682 712600
20 10217 184 0 1788864682 713817
23 9838 241 0 1788864682 715882
20 10237 193 0 1788864682 716855
21 11001 112 0 1788864682 717353
21 11011 96 0 1788864682 718648
23 9851 140 0 1788864682 718843
20 10248 188 0 1788864682 718870
23 9863 219 0 1788864682 721335
20 10273 176 0 1788864682 723016
20 10278 158 0 1788864682 723988
22 9931 1551 0 1788864682 724862
21 11059 112 0 1788864682 725119
21 11062 116 0 1788864682 725503
20 10297 109 0 1788864682 727016
22 9934 677 0 1788864682 728518
21 11083 104 0 1788864682 728749
20 10309 90 0 1788864682 728940
21 11088 99 0 1788864682 729307
20 10311 457 0 1788864682 729525
21 11089 364 0 1788864682 729679
21 11115 91 0 1788864682 734487
21 11122 90 0 1788864682 735240
22 9940 1109 0 1788864682 735419
23 9904 95 0 1788864682 735797
21 11142 89 0 1788864682 737715
21 11143 91 0 1788864682 737833
20 10363 1095 0 1788864682 739664
20 10374 174 0 1788864682 746827
20 10398 271 0 1788864682 762592
23 9945 122 0 1788864682 763138
21 11190 94 0 1788864682 763645
21 11195 131 0 1788864682 765548
23 9955 105 0 1788864682 765682
21 11215 202 0 1788864682 768263
20 10417 213 0 1788864682 769156
20 10420 181 0 1788864682 769963
23 9989 124 0 1788864682 771333
20 10426 452 0 1788864682 772476
23 10006 188 0 1788864682 773742
23 10007 202 0 1788864682 773965
22 10002 542 0 1788864682 774544
21 11261 138 0 1788864682 774645
21 11285 108 0 1788864682 777583
21 11300 0 0 1788864682 779246
21 11304 90 0 1788864682 780909
21 11331 87 0 1788864682 783847
23 10044 406 0 1788864682 785112
23 10050 184 0 1788864682 787119
22 10022 922 0 1788864682 789876
23 10064 184 0 1788864682 790106
23 10089 218 0 1788864682 795060
21 11407 628 0 1788864682 796573
23 10109 137 0 1788864682 798699
22 10038 707 0 1788864682 801102
20 10476 697 0 1788864682 806839
22 10054 960 0 1788864682 814139
21 11445 490 0 1788864682 817586
21 11449 601 0 1788864682 820339
22 10064 205 0 1788864682 820582
22 10095 173 0 1788864682 826216
23 10186 334 0 1788864682 827746
22 10104 156 0 1788864682 828117
20 10496 681 0 1788864682 828802
23 10193 243 0 1788864682 829656
21 11480 299 0 1788864682 838193
20 10520 533 0 1788864682 841000
20 10521 415 0 1788864682 841423
23 10215 378 0 1788864682 841431
20 10524 464 0 1788864682 842688
21 11509 0 0 1788864682 848183
22 10164 2494 0 1788864682 853458
21 11525 2360 0 1788864682 860231
23 10295 0 0 1788864682 872313
21 11533 5250 0 1788864682 872357
20 10563 608 0 1788864682 876399
21 11544 0 0 1788864682 877817
20 10570 16460 0 1788864682 900285
22 10187 16655 0 1788864682 900296
23 10326 109 0 1788864682 913145
20 10578 1126 0 1788864682 916144
22 10208 1603 0 1788864682 922034
22 10210 416 0 1788864682 922801
22 10211 235 0 1788864682 923060
21 11584 0 0 1788864682 927754
23 10346 201 0 1788864682 930708
22 10231 141 0 1788864682 932040
23 10351 191 0 1788864682 932202
23 10353 0 0 1788864682 932735
20 10615 975 0 1788864682 937236
22 10244 198 0 1788864682 939470
22 10249 885 0 1788864682 944957
22 10265 0 0 1788864682 949766
22 10272 82 0 1788864682 950438
22 10284 84 0 1788864682 951659
22 10299 83 0 1788864682 953855
23 10379 0 0 1788864682 959305
23 10382 0 0 1788864682 969015
23 10383 1620 0 1788864682 970643
21 11623 1587 0 1788864682 971826
22 10329 85 0 1788864682 981088
22 10339 85 0 1788864682 981984
22 10342 86 0 1788864682 982268
20 10645 2327 0 1788864682 984205
22 10368 136 0 1788864682 984727
22 10369 87 0 1788864682 984819
22 10389 396 0 1788864682 987778
22 10396 111 0 1788864682 988441
21 11640 223 0 1788864682 989943
21 11643 265 0 1788864682 990662
23 10403 457 0 1788864682 992680
21 11661 90 0 1788864682 993587
21 11675 87 0 1788864682 995248
20 10683 0 0 1788864683 15847
22 10453 0 0 1788864683 18342
20 10694 556 0 1788864683 20403
20 10701 1197 0 1788864683 24028
20 10703 258 0 1788864683 24751
21 11724 0 0 1788864683 26530
20 10709 565 0 1788864683 32395
22 10487 0 0 1788864683 34866
20 10715 0 0 1788864683 36012
21 11740 0 0 1788864683 36259
22 10489 0 0 1788864683 36465
22 10490 686 0 1788864683 37553
20 10719 0 0 1788864683 38292
20 10728 608 0 1788864683 42674
20 10734 0 0 1788864683 46683
21 11762 0 0 1788864683 49177
23 10471 0 0 1788864683 49927
21 11767 0 0 1788864683 51957
21 11771 0 0 1788864683 54200
23 10484 941 0 1788864683 59690
22 10519 1018 0 1788864683 64039
22 10524 381 0 1788864683 67288
21 11792 633 0 1788864683 69381
22 10548 0 0 1788864683 81352
22 10549 592 0 1788864683 82162
20 10819 2078 0 1788864683 109498
21 11834 930 0 1788864683 114961
22 10572 864 0 1788864683 119243
22 10573 2190 0 1788864683 121478
21 11842 1397 0 1788864683 125436
22 10574 3738 0 1788864683 125446
21 11847 0 0 1788864683 130278
23 10552 126 0 1788864683 131356
20 10852 750 0 1788864683 134353
22 10584 0 0 1788864683 134730
23 10568 0 0 1788864683 145277
21 11869 478 0 1788864683 147890
20 10877 0 0 1788864683 154260
21 11896 570 0 1788864683 168552
21 11901 0 0 1788864683 173252
22 10617 1195 0 1788864683 177489
20 10898 605 0 1788864683 182982
20 10900 0 0 1788864683 184057
20 10909 612 0 1788864683 190879
22 10642 158 0 1788864683 191162
22 10644 83 0 1788864683 191351
22 10652 86 0 1788864683 192112
21 11935 1211 0 1788864683 197250
20 10923 0 0 1788864683 200556
20 10925 1163 0 1788864683 203046
21 11944 922 0 1788864683 203691
21 11950 1625 0 1788864683 209219
21 11953 0 0 1788864683 211055
23 10641 0 0 1788864683 211564
23 10645 0 0 1788864683 214835
21 11963 1281 0 1788864683 220824
21 11965 1224 0 1788864683 222724
23 10657 454 0 1788864683 227359
21 11980 734 0 1788864683 234196
23 10696 501 0 1788864683 242357
23 10726 131 0 1788864683 253368
23 10727 373 0 1788864683 253746
22 10736 265 0 1788864683 254263
20 11051 295 0 1788864683 254566
20 11054 331 0 1788864683 255365
23 10738 189 0 1788864683 256501
23 10746 270 0 1788864683 258935
20 11074 238 0 1788864683 259963
20 11079 290 0 1788864683 260933
22 10750 313 0 1788864683 261464
20 11089 144 0 1788864683 263193
23 10764 267 0 1788864683 264408
23 10766 345 0 1788864683 265167
21 12019 5210 0 1788864683 267527
23 10787 240 0 1788864683 270357
20 11119 205 0 1788864683 270798
22 10772 397 0 1788864683 270806
23 10788 429 0 1788864683 270812
23 10789 145 0 1788864683 270996
22 10775 263 0 1788864683 272008
20 11133 308 0 1788864683 274238
20 11141 278 0 1788864683 276297
23 10829 264 0 1788864683 293787
22 10811 553 0 1788864683 294345
21 12046 526 0 1788864683 294756
22 10817 596 0 1788864683 297528
20 11183 173 0 1788864683 298742
20 11189 137 0 1788864683 300300
22 10824 213 0 1788864683 301164
21 12060 453 0 1788864683 301816
21 12061 478 0 1788864683 302304
20 11204 342 0 1788864683 303924
20 11217 462 0 1788864683 308917
22 10841 807 0 1788864683 309627
20 11221 273 0 1788864683 310183
23 10888 510 0 1788864683 312755
22 10850 493 0 1788864683 316840
22 10852 861 0 1788864683 318275
20 11248 468 0 1788864683 321928
23 10904 318 0 1788864683 322945
20 11256 589 0 1788864683 325631
20 11263 295 0 1788864683 328892
22 10864 957 0 1788864683 329191
20 11268 468 0 1788864683 331019
21 12107 857 0 1788864683 337625
21 12108 696 0 1788864683 338348
23 10942 395 0 1788864683 340925
20 11296 593 0 1788864683 341844
22 10878 258 0 1788864683 342589
20 11304 614 0 1788864683 346037
20 11306 712 0 1788864683 347260
23 10959 283 0 1788864683 349346
20 11331 360 0 1788864683 355702
23 10983 294 0 1788864683 361695
22 10897 860 0 1788864683 363937
21 12133 997 0 1788864683 364178
20 11370 0 0 1788864683 371490
22 10907 826 0 1788864683 374090
21 12147 703 0 1788864683 376485
20 11400 128 0 1788864683 376903
20 11447 156 0 1788864683 388956
23 11002 230 0 1788864683 389688
21 12166 645 0 1788864683 390360
20 11459 322 0 1788864683 392112
23 11006 159 0 1788864683 393454
20 11467 145 0 1788864683 394627
23 11018 341 0 1788864683 396968
23 11029 212 0 1788864683 399853
20 11495 162 0 1788864683 401046
23 11048 191 0 1788864683 404088
23 11060 88 0 1788864683 407556
20 11518 176 0 1788864683 407862
20 11524 126 0 1788864683 408898
20 11534 119 0 1788864683 410513
22 10957 686 0 1788864683 410835
21 12206 916 0 1788864683 417139
22 10975 460 0 1788864683 421758
23 11098 226 0 1788864683 421823
23 11106 1107 0 1788864683 425953
20 11584 2991 0 1788864683 431561
23 11114 727 0 1788864683 433025
23 11126 681 0 1788864683 439674
22 11028 717 0 1788864683 455483
23 11164 390 0 1788864683 455941
22 11030 348 0 1788864683 456860
23 11175 308 0 1788864683 460440
20 11652 1111 0 1788864683 461937
23 11183 541 0 1788864683 463266
20 11665 213 0 1788864683 467498
20 11682 146 0 1788864683 472323
20 11707 292 0 1788864683 476936
23 11234 156 0 1788864683 479901
23 11238 150 0 1788864683 480838
22 11060 572 0 1788864683 480863
21 12297 633 0 1788864683 481080
23 11245 83 0 1788864683 481778
23 11265 88 0 1788864683 483662
23 11284 83 0 1788864683 485570
23 11299 93 0 1788864683 487282
23 11329 114 0 1788864683 490709
23 11348 187 0 1788864683 492700
23 11368 167 0 1788864683 495632
20 11799 177 0 1788864683 495723
23 11369 175 0 1788864683 495812
20 11806 182 0 1788864683 497222
20 11809 185 0 1788864683 497736
20 11821 136 0 1788864683 500428
20 11822 160 0 1788864683 500593
20 11843 100 0 1788864683 502916
20 11853 182 0 1788864683 504203
23 11420 138 0 1788864683 504430
20 11858 130 0 1788864683 504910
20 11861 138 0 1788864683 505381
21 12305 710 0 1788864683 507041
20 11875 203 0 1788864683 507726
23 11462 181 0 1788864683 511632
20 11900 148 0 1788864683 511878
23 11465 176 0 1788864683 512147
23 11466 166 0 1788864683 512336
20 11904 181 0 1788864683 512617
23 11473 171 0 1788864683 513660
20 11909 181 0 1788864683 513750
23 11478 205 0 1788864683 515573
20 11918 135 0 1788864683 516200
23 11483 141 0 1788864683 516392
23 11490 168 0 1788864683 517487
20 11934 113 0 1788864683 518836
23 11502 194 0 1788864683 519598
20 11944 82 0 1788864683 520209
23 11516 166 0 1788864683 522010
23 11527 148 0 1788864683 523595
23 11535 74 0 1788864683 524455
20 11972 164 0 1788864683 524787
22 11095 578 0 1788864683 524947
20 11973 267 0 1788864683 525059
23 11540 171 0 1788864683 525517
23 11541 207 0 1788864683 525728
23 11565 106 0 1788864683 532302
22 11104 1123 0 1788864683 532486
23 11577 286 0 1788864683 534550
20 12023 84 0 1788864683 534735
20 12042 175 0 1788864683 537798
20 12045 84 0 1788864683 538176
20 12048 172 0 1788864683 538666
23 11604 69 0 1788864683 539082
20 12054 290 0 1788864683 539728
21 12355 209 0 1788864683 540055
21 12362 348 0 1788864683 542522
20 12069 99 0 1788864683 542919
20 12075 191 0 1788864683 544343
20 12076 175 0 1788864683 544523
20 12080 202 0 1788864683 545537
20 12083 158 0 1788864683 546009
23 11651 149 0 1788864683 548564
20 12106 222 0 1788864683 550256
20 12117 177 0 1788864683 552384
21 12403 309 0 1788864683 553777
21 12406 440 0 1788864683 554760
20 12130 102 0 1788864683 555103
20 12132 222 0 1788864683 555544
21 12412 281 0 1788864683 556266
23 11688 139 0 1788864683 556274
20 12151 133 0 1788864683 558503
21 12419 938 0 1788864683 559222
23 11711 383 0 1788864683 559888
22 11137 558 0 1788864683 561234
21 12422 1222 0 1788864683 563052
20 12183 103 0 1788864683 565134
22 11148 420 0 1788864683 565787
20 12190 258 0 1788864683 566558
22 11150 355 0 1788864683 566673
20 12194 73 0 1788864683 566943
23 11742 196 0 1788864683 568731
20 12214 169 0 1788864683 569596
23 11766 115 0 1788864683 572665
20 12234 82 0 1788864683 574161
21 12440 419 0 1788864683 574687
20 12241 148 0 1788864683 575024
22 11163 825 0 1788864683 575189
23 11783 120 0 1788864683 575678
21 12444 407 0 1788864683 576360
20 12259 68 0 1788864683 577434
20 12272 94 0 1788864683 578736
23 11793 328 0 1788864683 579738
20 12280 185 0 1788864683 580961
20 12283 175 0 1788864683 581616
20 12284 260 0 1788864683 581881
23 11801 173 0 1788864683 581975
23 11802 212 0 1788864683 582191
21 12459 489 0 1788864683 583714
23 11821 266 0 1788864683 587922
20 12321 175 0 1788864683 591892
23 11840 131 0 1788864683 592409
20 12326 242 0 1788864683 592961
23 11846 145 0 1788864683 593438
20 12340 148 0 1788864683 595057
20 12343 136 0 1788864683 595461
23 11864 85 0 1788864683 596907
23 11867 147 0 1788864683 598096
23 11874 262 0 1788864683 600443
22 11207 581 0 1788864683 601425
20 12378 88 0 1788864683 602849
23 11921 133 0 1788864683 608596
23 11932 217 0 1788864683 610594
20 12468 83 0 1788864683 615866
23 12008 191 0 1788864683 623320
23 12029 86 0 1788864683 626571
20 12536 172 0 1788864683 627680
22 11240 605 0 1788864683 627688
23 12038 224 0 1788864683 628250
23 12040 165 0 1788864683 628642
21 12523 452 0 1788864683 628730
23 12050 206 0 1788864683 631477
23 12078 170 0 1788864683 637497
20 12579 178 0 1788864683 637592
23 12085 222 0 1788864683 638788
22 11257 893 0 1788864683 639372
23 12095 167 0 1788864683 640650
21 12542 951 0 1788864683 642347
20 12615 80 0 1788864683 644162
20 12643 151 0 1788864683 648599
20 12647 260 0 1788864683 649331
20 12649 240 0 1788864683 649679
20 12653 178 0 1788864683 650464
23 12159 173 0 1788864683 652218
21 12553 1227 0 1788864683 653150
23 12164 232 0 1788864683 654180
20 12682 178 0 1788864683 656621
21 12569 1074 0 1788864683 680673
23 12214 210 0 1788864683 683078
22 11300 401 0 1788864683 683385
20 12743 263 0 1788864683 690083
23 12236 234 0 1788864683 690414
21 12577 1408 0 1788864683 690629
23 12258 256 0 1788864683 696410
23 12276 315 0 1788864683 701531
20 12790 258 0 1788864683 704861
21 12592 1087 0 1788864683 706330
20 12842 235 0 1788864683 718193
23 12338 455 0 1788864683 721422
20 12851 239 0 1788864683 722980
21 12605 888 0 1788864683 724179
23 12351 594 0 1788864683 728115
20 12862 942 0 1788864683 730885
20 12865 935 0 1788864683 732971
22 11356 2008 0 1788864683 743883
20 12882 791 0 1788864683 746380
22 11362 970 0 1788864683 749363
21 12635 953 0 1788864683 764941
23 12394 739 0 1788864683 767761
21 12640 1032 0 1788864683 769454
21 12647 630 0 1788864683 774964
23 12409 618 0 1788864683 778963
20 12936 776 0 1788864683 793521
22 11423 549 0 1788864683 800413
22 11425 618 0 1788864683 801788
22 11427 631 0 1788864683 803760
23 12449 597 0 1788864683 806437
20 12958 773 0 1788864683 808296
20 12959 700 0 1788864683 809001
22 11437 573 0 1788864683 810291
20 12965 737 0 1788864683 813331
23 12461 1002 0 1788864683 816114
20 12969 733 0 1788864683 816286
20 12977 749 0 1788864683 822030
22 11458 664 0 1788864683 824508
22 11461 459 0 1788864683 826397
23 12483 640 0 1788864683 830805
21 12728 812 0 1788864683 834381
21 12735 756 0 1788864683 839093
20 13008 696 0 1788864683 842282
21 12763 369 0 1788864683 853332
23 12518 568 0 1788864683 855210
20 13027 469 0 1788864683 855368
21 12769 350 0 1788864683 856147
21 12771 484 0 1788864683 857005
23 12541 111 0 1788864683 859636
22 11520 2475 0 1788864683 864330
22 11523 344 0 1788864683 865508
23 12585 136 0 1788864683 867186
20 13062 0 0 1788864683 869202
22 11527 545 0 1788864683 871102
20 13093 111 0 1788864683 872715
23 12589 420 0 1788864683 873475
20 13099 266 0 1788864683 873746
20 13125 228 0 1788864683 883430
22 11547 120 0 1788864683 883940
21 12802 361 0 1788864683 884754
20 13135 350 0 1788864683 887600
23 12631 377 0 1788864683 893062
20 13149 569 0 1788864683 894530
21 12830 355 0 1788864683 898440
21 12831 290 0 1788864683 898736
20 13172 358 0 1788864683 903636
21 12849 364 0 1788864683 905702
23 12664 531 0 1788864683 907348
21 12859 2883 0 1788864683 912480
21 12861 454 0 1788864683 913019
20 13190 522 0 1788864683 913659
21 12868 495 0 1788864683 917589
23 12681 536 0 1788864683 919319
20 13201 464 0 1788864683 920255
23 12685 540 0 1788864683 921196
22 11637 451 0 1788864683 925818
22 11644 761 0 1788864683 932098
21 12896 891 0 1788864683 934116
20 13225 492 0 1788864683 934430
20 13227 388 0 1788864683 934987
22 11653 541 0 1788864683 935643
20 13233 292 0 1788864683 937496
20 13235 292 0 1788864683 938110
22 11661 286 0 1788864683 938475
22 11665 293 0 1788864683 940005
22 11682 470 0 1788864683 947720
22 11688 293 0 1788864683 950178
21 12938 291 0 1788864683 951062
23 12751 297 0 1788864683 951723
21 12941 300 0 1788864683 951949
22 11695 291 0 1788864683 952168
20 13273 375 0 1788864683 952978
22 11711 357 0 1788864683 957065
21 12957 292 0 1788864683 957460
20 13302 100 0 1788864683 960573
21 12971 155 0 1788864683 960930
21 12977 784 0 1788864683 962404
22 11730 276 0 1788864683 962813
20 13309 109 0 1788864683 962928
23 12813 395 0 1788864683 970960
20 13332 4393 0 1788864683 975822
22 11764 4486 0 1788864683 984813
22 11771 1242 0 1788864683 989481
22 11777 856 0 1788864683 992177
21 13031 701 0 1788864683 997495
23 12849 127 0 1788864684 384
21 13037 507 0 1788864684 1234
21 13043 383 0 1788864684 4554
22 11793 0 0 1788864684 9084
21 13049 1023 0 1788864684 13077
23 12867 103 0 1788864684 15478
20 13386 577 0 1788864684 16885
23 12882 93 0 1788864684 16911
21 13067 91 0 1788864684 18387
23 12894 202 0 1788864684 19694
22 11806 868 0 1788864684 20684
23 12899 304 0 1788864684 23313
20 13402 1511 0 1788864684 27856
21 13092 235 0 1788864684 31518
21 13097 395 0 1788864684 33167
22 11838 88 0 1788864684 34252
21 13101 575 0 1788864684 35751
20 13421 715 0 1788864684 36890
22 11865 91 0 1788864684 36916
22 11877 84 0 1788864684 37996
22 11889 80 0 1788864684 39020
20 13424 305 0 1788864684 41121
23 12934 84 0 1788864684 42553
23 12938 85 0 1788864684 42931
23 12940 86 0 1788864684 43096
23 12941 86 0 1788864684 43208
23 12944 85 0 1788864684 43471
22 11914 749 0 1788864684 43849
23 12955 82 0 1788864684 44481
22 11920 230 0 1788864684 47915
23 12999 85 0 1788864684 48573
23 13009 98 0 1788864684 51882
23 13010 88 0 1788864684 51975
20 13443 125 0 1788864684 53327
21 13125 539 0 1788864684 53440
22 11958 220 0 1788864684 54197
22 11959 175 0 1788864684 54376
22 11966 150 0 1788864684 55662
23 13035 173 0 1788864684 56233
21 13131 497 0 1788864684 56822
23 13043 199 0 1788864684 57883
22 11984 165 0 1788864684 59079
23 13061 678 0 1788864684 62950
21 13145 558 0 1788864684 63799
20 13466 275 0 1788864684 65451
23 13069 574 0 1788864684 67247
22 12007 517 0 1788864684 68549
23 13077 459 0 1788864684 70753
21 13165 283 0 1788864684 73072
20 13486 491 0 1788864684 74744
20 13493 196 0 1788864684 77697
23 13096 465 0 1788864684 79229
23 13104 353 0 1788864684 83433
20 13514 357 0 1788864684 86497
23 13122 363 0 1788864684 93728
20 13529 362 0 1788864684 95792
22 12072 357 0 1788864684 99092
21 13222 273 0 1788864684 100416
22 12084 366 0 1788864684 103627
23 13154 375 0 1788864684 105643
20 13556 371 0 1788864684 105916
23 13164 360 0 1788864684 109094
20 13565 365 0 1788864684 109188
23 13165 360 0 1788864684 109459
20 13568 357 0 1788864684 110308
21 13250 375 0 1788864684 110866
22 12106 417 0 1788864684 111932
20 13574 711 0 1788864684 112928
22 12114 389 0 1788864684 115391
23 13185 361 0 1788864684 117125
20 13587 460 0 1788864684 117772
23 13191 355 0 1788864684 119479
20 13594 355 0 1788864684 120382
23 13194 357 0 1788864684 120562
21 13279 366 0 1788864684 121471
22 12132 458 0 1788864684 122026
23 13199 368 0 1788864684 122303
22 12134 651 0 1788864684 123050
22 12135 370 0 1788864684 123425
20 13604 376 0 1788864684 123899
23 13211 359 0 1788864684 127491
21 13296 364 0 1788864684 128504
20 13617 323 0 1788864684 129389
23 13220 368 0 1788864684 131012
20 13627 361 0 1788864684 133135
22 12160 367 0 1788864684 133231
23 13229 272 0 1788864684 134212
22 12165 361 0 1788864684 135228
21 13320 358 0 1788864684 137385
20 13651 329 0 1788864684 153354
22 12184 339 0 1788864684 153963
22 12186 6142 0 1788864684 160446
23 13257 261 0 1788864684 164534
22 12192 690 0 1788864684 164879
20 13662 278 0 1788864684 165436
21 13343 837 0 1788864684 166116
22 12207 408 0 1788864684 170683
21 13358 187 0 1788864684 171960
23 13280 375 0 1788864684 173904
22 12217 355 0 1788864684 174443
23 13287 361 0 1788864684 176074
21 13373 364 0 1788864684 177262
23 13291 363 0 1788864684 177536
21 13381 635 0 1788864684 181887
20 13723 270 0 1788864684 191163
22 12257 362 0 1788864684 191346
23 13322 376 0 1788864684 191634
23 13331 374 0 1788864684 198456
22 12267 390 0 1788864684 198661
20 13737 384 0 1788864684 199806
23 13349 754 0 1788864684 206341
21 13435 373 0 1788864684 207467
22 12291 459 0 1788864684 208941
21 13440 363 0 1788864684 209213
21 13457 87 0 1788864684 215405
23 13362 2737 0 1788864684 216319
20 13766 1973 0 1788864684 217844
21 13482 114 0 1788864684 217853
21 13489 84 0 1788864684 218559
21 13497 84 0 1788864684 219385
23 13376 219 0 1788864684 223492
21 13522 274 0 1788864684 223867
20 13784 1484 0 1788864684 226021
20 13805 274 0 1788864684 235292
23 13420 82 0 1788864684 236431
23 13430 296 0 1788864684 238799
23 13449 2821 0 1788864684 251492
20 13839 2054 0 1788864684 259274
21 13590 626 0 1788864684 266346
20 13861 451 0 1788864684 283627
20 13862 511 0 1788864684 284147
20 13863 340 0 1788864684 284491
22 12345 480 0 1788864684 284798
23 13499 504 0 1788864684 291975
22 12358 640 0 1788864684 292365
23 13514 423 0 1788864684 296190
21 13633 338 0 1788864684 296891
22 12370 407 0 1788864684 298366
20 13896 2476 0 1788864684 302536
22 12376 4215 0 1788864684 305247
23 13536 1582 0 1788864684 310881
23 13546 171 0 1788864684 315318
23 13550 192 0 1788864684 316168
20 13913 413 0 1788864684 316477
23 13554 203 0 1788864684 316974
22 12402 173 0 1788864684 317796
21 13662 189 0 1788864684 326536
22 12405 421 0 1788864684 326649
20 13922 595 0 1788864684 328902
22 12415 193 0 1788864684 328929
20 13925 634 0 1788864684 330843
21 13682 143 0 1788864684 331167
21 13691 298 0 1788864684 333659
22 12445 625 0 1788864684 337450
21 13700 241 0 1788864684 337959
21 13702 269 0 1788864684 338583
21 13734 192 0 1788864684 345277
20 13956 508 0 1788864684 345504
23 13618 197 0 1788864684 348230
23 13625 166 0 1788864684 349569
21 13762 194 0 1788864684 351065
21 13767 243 0 1788864684 352021
23 13643 170 0 1788864684 353246
20 13973 580 0 1788864684 356132
21 13792 205 0 1788864684 357049
23 13662 79 0 1788864684 357235
21 13803 175 0 1788864684 361565
23 13676 288 0 1788864684 362411
23 13684 216 0 1788864684 363906
21 13824 462 0 1788864684 367584
20 14008 397 0 1788864684 370968
22 12500 427 0 1788864684 371179
22 12504 677 0 1788864684 373387
23 13718 340 0 1788864684 377489
20 14024 338 0 1788864684 377585
20 14037 283 0 1788864684 381961
21 13866 279 0 1788864684 382334
22 12523 490 0 1788864684 383856
23 13744 268 0 1788864684 385444
23 13746 479 0 1788864684 386215
23 13764 441 0 1788864684 393413
22 12556 305 0 1788864684 396783
22 12564 213 0 1788864684 398572
22 12572 273 0 1788864684 400491
21 13914 374 0 1788864684 401877
23 13781 994 0 1788864684 401950
22 12581 599 0 1788864684 405250
20 14097 412 0 1788864684 405666
22 12585 274 0 1788864684 406485
20 14103 244 0 1788864684 407407
22 12603 120 0 1788864684 412781
20 14113 1005 0 1788864684 414196
23 13839 106 0 1788864684 422018
23 13845 89 0 1788864684 423988
22 12611 360 0 1788864684 424546
23 13888 112 0 1788864684 429182
21 13962 607 0 1788864684 430303
23 13901 334 0 1788864684 431330
21 13967 568 0 1788864684 433017
23 13913 125 0 1788864684 433119
21 13971 505 0 1788864684 434924
23 13921 730 0 1788864684 436064
22 12655 528 0 1788864684 443491
21 13986 810 0 1788864684 444078
22 12676 259 0 1788864684 451258
21 13996 633 0 1788864684 451897
22 12682 293 0 1788864684 453606
23 13949 960 0 1788864684 455141
20 14169 123 0 1788864684 455791
20 14171 83 0 1788864684 455998
20 14192 1498 0 1788864684 465748
22 12727 334 0 1788864684 469556
20 14213 93 0 1788864684 470188
22 12729 572 0 1788864684 471439
21 14031 581 0 1788864684 473474
23 13986 468 0 1788864684 476986
23 13992 0 0 1788864684 480042
23 13999 248 0 1788864684 483176
20 14242 0 0 1788864684 485958
20 14247 456 0 1788864684 488355
20 14250 753 0 1788864684 490191
23 14012 513 0 1788864684 490502
22 12806 314 0 1788864684 505241
23 14053 1018 0 1788864684 534138
21 14124 367 0 1788864684 536413
20 14307 563 0 1788864684 538251
20 14310 459 0 1788864684 539820
22 12860 232 0 1788864684 540737
23 14075 341 0 1788864684 545126
21 14143 532 0 1788864684 545557
21 14152 524 0 1788864684 549369
23 14089 101 0 1788864684 552366
22 12896 191 0 1788864684 556275
20 14354 669 0 1788864684 557682
22 12913 215 0 1788864684 562593
23 14126 0 0 1788864684 569573
22 12932 264 0 1788864684 570632
20 14372 394 0 1788864684 572224
22 12940 217 0 1788864684 572790
22 12943 2167 0 1788864684 576204
20 14384 490 0 1788864684 579053
21 14201 263 0 1788864684 580591
21 14204 383 0 1788864684 581739
23 14152 379 0 1788864684 582252
21 14211 392 0 1788864684 584754
21 14212 702 0 1788864684 585460
20 14400 554 0 1788864684 586893
22 12960 664 0 1788864684 587315
21 14217 608 0 1788864684 588540
22 12969 1494 0 1788864684 592068
20 14411 636 0 1788864684 593412
20 14412 692 0 1788864684 594114
22 12978 150 0 1788864684 596475
20 14418 819 0 1788864684 598786
20 14429 196 0 1788864684 609398
20 14433 350 0 1788864684 610072
22 13026 713 0 1788864684 611958
20 14440 239 0 1788864684 612559
20 14452 1334 0 1788864684 617845
22 13035 490 0 1788864684 617978
22 13039 0 0 1788864684 620919
20 14455 2703 0 1788864684 621152
22 13055 348 0 1788864684 629583
22 13056 473 0 1788864684 630079
21 14282 412 0 1788864684 630298
22 13066 870 0 1788864684 635435
20 14492 1240 0 1788864684 636795
22 13070 1082 0 1788864684 638129
20 14509 371 0 1788864684 643511
21 14315 301 0 1788864684 644268
23 14265 1020 0 1788864684 646353
22 13084 697 0 1788864684 647552
23 14271 885 0 1788864684 649241
23 14274 1364 0 1788864684 651396
20 14529 524 0 1788864684 654205
23 14282 399 0 1788864684 655394
23 14286 320 0 1788864684 657116
21 14340 331 0 1788864684 657717
22 13097 956 0 1788864684 658437
21 14348 334 0 1788864684 660598
23 14297 431 0 1788864684 661167
21 14361 458 0 1788864684 665920
23 14308 425 0 1788864684 666687
22 13121 289 0 1788864684 671385
21 14373 466 0 1788864684 672490
22 13130 648 0 1788864684 675831
20 14580 560 0 1788864684 676966
21 14386 326 0 1788864684 678383
20 14588 491 0 1788864684 680382
21 14396 379 0 1788864684 682537
23 14343 496 0 1788864684 683574
22 13147 397 0 1788864684 683779
23 14345 183 0 1788864684 684151
23 14346 344 0 1788864684 684500
23 14354 529 0 1788864684 687575
23 14361 415 0 1788864684 690120
23 14366 241 0 1788864684 692371
20 14618 425 0 1788864684 692702
23 14370 532 0 1788864684 694072
23 14379 375 0 1788864684 698473
22 13184 284 0 1788864684 699104
22 13192 465 0 1788864684 702297
23 14393 297 0 1788864684 704489
20 14652 380 0 1788864684 706708
21 14454 386 0 1788864684 706808
23 14402 370 0 1788864684 708057
22 13214 381 0 1788864684 711206
22 13218 390 0 1788864684 712997
21 14479 283 0 1788864684 717243
23 14425 777 0 1788864684 717834
22 13232 410 0 1788864684 718833
22 13253 283 0 1788864684 728077
20 14704 477 0 1788864684 728178
20 14706 434 0 1788864684 728994
20 14708 98 0 1788864684 729697
20 14719 379 0 1788864684 733823
22 13268 398 0 1788864684 734128
22 13270 381 0 1788864684 734888
21 14523 113 0 1788864684 735198
21 14524 365 0 1788864684 735568
21 14525 391 0 1788864684 735967
21 14529 0 0 1788864684 737344
23 14477 184 0 1788864684 739175
22 13275 212 0 1788864684 739480
23 14482 461 0 1788864684 741532
20 14744 693 0 1788864684 742511
21 14551 432 0 1788864684 745252
21 14554 383 0 1788864684 746740
20 14758 367 0 1788864684 747788
21 14563 322 0 1788864684 750117
21 14566 425 0 1788864684 751414
22 13312 0 0 1788864684 754250
22 13331 301 0 1788864684 761686
21 14592 409 0 1788864684 762375
21 14593 350 0 1788864684 762730
22 13334 467 0 1788864684 762945
20 14796 396 0 1788864684 763442
21 14597 455 0 1788864684 764263
22 13340 408 0 1788864684 765175
23 14542 410 0 1788864684 765275
22 13346 257 0 1788864684 767627
20 14806 643 0 1788864684 767823
23 14549 384 0 1788864684 768112
22 13348 493 0 1788864684 768512
20 14814 385 0 1788864684 770756
22 13356 206 0 1788864684 771529
21 14616 370 0 1788864684 772097
22 13358 373 0 1788864684 772286
22 13360 510 0 1788864684 773645
23 14570 205 0 1788864684 776148
23 14573 373 0 1788864684 777317
20 14832 503 0 1788864684 778014
23 14577 405 0 1788864684 778896
22 13375 287 0 1788864684 779284
20 14836 284 0 1788864684 779380
22 13394 397 0 1788864684 786531
20 14857 377 0 1788864684 788179
23 14608 468 0 1788864684 791697
21 14685 194 0 1788864684 798535
20 14885 341 0 1788864684 799695
21 14689 606 0 1788864684 800403
21 14693 394 0 1788864684 801709
23 14647 411 0 1788864684 806881
22 13442 381 0 1788864684 807366
21 14708 429 0 1788864684 807897
21 14712 373 0 1788864684 809435
20 14926 217 0 1788864684 815951
20 14928 389 0 1788864684 816734
21 14736 275 0 1788864684 819258
22 13474 386 0 1788864684 819954
23 14691 414 0 1788864684 824518
21 14752 371 0 1788864684 825710
23 14707 391 0 1788864684 830896
23 14709 385 0 1788864684 831690
20 14978 486 0 1788864684 836704
21 14788 376 0 1788864684 840095
21 14791 266 0 1788864684 840971
20 14994 885 0 1788864684 843590
22 13533 386 0 1788864684 843695
22 13542 347 0 1788864684 847513
23 14750 416 0 1788864684 847837
22 13543 422 0 1788864684 847940
22 13544 430 0 1788864684 848418
20 15015 367 0 1788864684 851176
22 13552 424 0 1788864684 851418
21 14835 1019 0 1788864684 860924
21 14837 0 0 1788864684 862485
23 14778 357 0 1788864684 863430
20 15044 378 0 1788864684 864479
22 13584 380 0 1788864684 866867
21 14872 194 0 1788864684 876298
23 14812 466 0 1788864684 878724
23 14816 284 0 1788864684 880573
21 14886 0 0 1788864684 881115
23 14818 220 0 1788864684 881339
22 13624 688 0 1788864684 883598
23 14823 354 0 1788864684 883808
21 14893 356 0 1788864684 884168
20 15105 413 0 1788864684 886227
21 14900 523 0 1788864684 886846
22 13637 458 0 1788864684 888901
23 14835 440 0 1788864684 889006
23 14836 388 0 1788864684 889398
22 13639 437 0 1788864684 889741
23 14837 460 0 1788864684 889863
21 14908 381 0 1788864684 890443
22 13642 415 0 1788864684 890960
20 15125 400 0 1788864684 894270
23 14862 399 0 1788864684 899697
22 13667 375 0 1788864684 900364
23 14885 295 0 1788864684 908832
23 14887 684 0 1788864684 909923
23 14893 482 0 1788864684 912060
23 14894 276 0 1788864684 912341
22 13703 498 0 1788864684 914783
23 14904 515 0 1788864684 916372
23 14907 401 0 1788864684 917574
21 14977 376 0 1788864684 918174
22 13712 473 0 1788864684 918365
21 14978 379 0 1788864684 918557
22 13715 375 0 1788864684 919435
22 13716 409 0 1788864684 919850
21 14989 404 0 1788864684 923095
23 14922 384 0 1788864684 923382
20 15209 383 0 1788864684 928088
23 14934 408 0 1788864684 928307
23 14935 407 0 1788864684 928719
22 13741 92 0 1788864684 929785
21 15009 337 0 1788864684 930690
23 14950 371 0 1788864684 934401
23 14957 306 0 1788864684 937030
21 15027 500 0 1788864684 937724
22 13762 431 0 1788864684 938059
23 14966 372 0 1788864684 940570
22 13771 750 0 1788864684 941924
22 13772 306 0 1788864684 942234
22 13781 415 0 1788864684 945449
23 14982 381 0 1788864684 946893
22 13791 413 0 1788864684 949365
20 15276 481 0 1788864684 954669
21 15088 302 0 1788864684 961553
20 15305 187 0 1788864684 966056
20 15306 381 0 1788864684 966443
22 13837 376 0 1788864684 967627
23 15053 420 0 1788864684 975437
20 15331 299 0 1788864684 976238
22 13873 432 0 1788864684 982802
22 13875 393 0 1788864684 983564
23 15074 443 0 1788864684 984821
20 15352 390 0 1788864684 985515
21 15150 409 0 1788864684 986997
23 15086 420 0 1788864684 989339
21 15160 395 0 1788864684 991436
20 15374 363 0 1788864684 994419
20 15387 503 0 1788864684 999775
23 15116 368 0 1788864685 1100
20 15392 413 0 1788864685 1618
22 13925 480 0 1788864685 3762
22 13934 384 0 1788864685 7740
21 15208 397 0 1788864685 10558
20 15421 376 0 1788864685 13286
21 15214 381 0 1788864685 13480
20 15433 387 0 1788864685 18514
23 15160 428 0 1788864685 19054
23 15163 205 0 1788864685 20022
23 15175 392 0 1788864685 24865
22 13986 374 0 1788864685 28541
21 15255 380 0 1788864685 29425
20 15465 356 0 1788864685 31126
20 15469 411 0 1788864685 32986
20 15470 388 0 1788864685 33380
20 15486 380 0 1788864685 40118
23 15214 296 0 1788864685 40514
23 15216 383 0 1788864685 41298
22 14020 381 0 1788864685 42185
23 15220 290 0 1788864685 42947
20 15495 402 0 1788864685 43643
21 15296 423 0 1788864685 46027
23 15228 390 0 1788864685 46225
23 15235 686 0 1788864685 49270
21 15307 335 0 1788864685 50277
21 15311 386 0 1788864685 51884
22 14048 400 0 1788864685 53317
20 15522 547 0 1788864685 54447
21 15317 440 0 1788864685 54655
20 15523 402 0 1788864685 54853
22 14060 354 0 1788864685 57990
21 15333 376 0 1788864685 61209
21 15342 406 0 1788864685 64787
20 15554 300 0 1788864685 67255
20 15570 360 0 1788864685 73285
23 15297 364 0 1788864685 73381
20 15574 182 0 1788864685 74854
21 15375 680 0 1788864685 77717
23 15310 362 0 1788864685 78178
23 15312 521 0 1788864685 79063
20 15586 390 0 1788864685 79363
23 15321 590 0 1788864685 82206
21 15388 373 0 1788864685 82947
22 14126 356 0 1788864685 83597
22 14127 371 0 1788864685 83973
20 15605 364 0 1788864685 86622
23 15337 362 0 1788864685 88274
20 15613 165 0 1788864685 89846
23 15343 389 0 1788864685 90779
20 15619 411 0 1788864685 92037
20 15620 366 0 1788864685 92408
20 15621 393 0 1788864685 92806
20 15638 307 0 1788864685 99182
22 14174 358 0 1788864685 102296
23 15375 437 0 1788864685 103126
21 15446 202 0 1788864685 105020
23 15381 381 0 1788864685 105309
21 15450 401 0 1788864685 106570
21 15451 370 0 1788864685 106944
23 15386 364 0 1788864685 107218
20 15679 714 0 1788864685 115233
22 14209 361 0 1788864685 115331
23 15416 447 0 1788864685 118682
22 14219 271 0 1788864685 119159
22 14224 359 0 1788864685 120811
21 15488 355 0 1788864685 121262
23 15426 533 0 1788864685 122685
21 15492 395 0 1788864685 122757
23 15429 360 0 1788864685 123683
22 14231 622 0 1788864685 123743
23 15431 352 0 1788864685 124436
22 14250 353 0 1788864685 130601
20 15729 371 0 1788864685 133862
20 15738 366 0 1788864685 137052
23 15464 368 0 1788864685 137148
22 14273 383 0 1788864685 139659
21 15536 378 0 1788864685 139940
21 15545 361 0 1788864685 143243
21 15548 351 0 1788864685 144340
23 15485 291 0 1788864685 145167
20 15760 654 0 1788864685 145436
20 15763 358 0 1788864685 146375
20 15765 452 0 1788864685 147156
20 15774 364 0 1788864685 150686
21 15568 374 0 1788864685 151615
22 14306 354 0 1788864685 152066
22 14313 526 0 1788864685 154840
20 15801 363 0 1788864685 160784
22 14330 361 0 1788864685 161350
22 14343 329 0 1788864685 166012
20 15817 376 0 1788864685 166949
21 15619 364 0 1788864685 170836
20 15838 395 0 1788864685 175022
23 15572 304 0 1788864685 177682
20 15848 373 0 1788864685 178777
22 14386 310 0 1788864685 182294
22 14394 366 0 1788864685 185282
23 15599 371 0 1788864685 188400
22 14410 358 0 1788864685 191631
23 15610 343 0 1788864685 192186
22 14419 363 0 1788864685 195325
22 14424 388 0 1788864685 196987
21 15691 430 0 1788864685 198741
21 15696 297 0 1788864685 200439
20 15910 363 0 1788864685 203251
23 15649 422 0 1788864685 207119
21 15712 424 0 1788864685 207293
22 14464 308 0 1788864685 211494
20 15938 545 0 1788864685 215633
22 14484 559 0 1788864685 222653
20 15953 496 0 1788864685 223950
23 15684 556 0 1788864685 224973
20 15958 549 0 1788864685 226846
22 14511 866 0 1788864685 245065
21 15777 1073 0 1788864685 250852
20 15986 860 0 1788864685 252134
21 15779 831 0 1788864685 252495
22 14524 756 0 1788864685 255394
23 15722 874 0 1788864685 258361
22 14529 713 0 1788864685 258945
22 14530 604 0 1788864685 259554
20 16001 567 0 1788864685 263093
22 14535 630 0 1788864685 263340
22 14558 1004 0 1788864685 284130
21 15818 1367 0 1788864685 285675
22 14608 64 0 1788864685 299269
22 14613 102 0 1788864685 299669
22 14617 78 0 1788864685 300021
22 14618 70 0 1788864685 300095
22 14619 97 0 1788864685 300195
22 14631 755 0 1788864685 308748
21 15842 758 0 1788864685 308852
22 14633 551 0 1788864685 310221
22 14640 646 0 1788864685 315673
23 15798 102 0 1788864685 320123
20 16062 3274 0 1788864685 321710
23 15808 239 0 1788864685 321925
23 15811 162 0 1788864685 322444
23 15821 151 0 1788864685 324214
23 15829 153 0 1788864685 325115
23 15844 113 0 1788864685 327097
23 15845 90 0 1788864685 327193
23 15858 97 0 1788864685 328351
23 15861 68 0 1788864685 328600
23 15863 69 0 1788864685 328794
23 15894 69 0 1788864685 331115
23 15901 107 0 1788864685 331669
20 16067 936 0 1788864685 334422
23 15938 64 0 1788864685 334788
21 15867 1265 0 1788864685 343019
20 16078 769 0 1788864685 347740
23 15960 891 0 1788864685 348422
20 16082 1182 0 1788864685 351617
23 15980 1020 0 1788864685 372366
21 15900 1482 0 1788864685 382781
20 16117 58 0 1788864685 393386
20 16121 111 0 1788864685 393798
20 16136 206 0 1788864685 395665
20 16145 315 0 1788864685 401718
21 15933 130 0 1788864685 403048
20 16159 98 0 1788864685 404162
20 16164 0 0 1788864685 404632
20 16167 0 0 1788864685 404896
21 15937 1215 0 1788864685 406511
23 16012 203 0 1788864685 410359
21 15942 731 0 1788864685 411660
20 16182 102 0 1788864685 413764
20 16193 486 0 1788864685 423332
21 15961 166 0 1788864685 425138
21 15963 123 0 1788864685 425378
20 16196 1136 0 1788864685 425850
23 16031 1009 0 1788864685 426496
21 15977 675 0 1788864685 430240
23 16040 962 0 1788864685 435718
22 14747 998 0 1788864685 436992
23 16047 694 0 1788864685 442314
21 16002 636 0 1788864685 442836
23 16051 459 0 1788864685 445992
20 16219 750 0 1788864685 447239
20 16221 734 0 1788864685 448545
23 16061 295 0 1788864685 453249
23 16066 396 0 1788864685 455580
21 16023 509 0 1788864685 456201
21 16025 402 0 1788864685 456976
23 16072 388 0 1788864685 458361
22 14780 369 0 1788864685 458907
22 14790 0 0 1788864685 465160
21 16044 0 0 1788864685 466852
22 14798 943 0 1788864685 470377
22 14804 769 0 1788864685 473840
23 16101 725 0 1788864685 480218
21 16076 932 0 1788864685 486688
22 14864 0 0 1788864685 493251
22 14870 0 0 1788864685 493850
22 14884 0 0 1788864685 495100
22 14890 0 0 1788864685 495629
22 14915 0 0 1788864685 497818
22 14953 0 0 1788864685 501503
20 16284 17929 0 1788864685 504593
22 14980 9317 0 1788864685 513871
21 16105 0 0 1788864685 515279
23 16138 1910 0 1788864685 519551
20 16307 200 0 1788864685 519691
20 16314 0 0 1788864685 522277
21 16113 0 0 1788864685 522372
22 15004 0 0 1788864685 526433
21 16132 0 0 1788864685 527723
21 16157 0 0 1788864685 534525
21 16181 0 0 1788864685 540980
21 16182 0 0 1788864685 541248
21 16184 0 0 1788864685 541792
20 16386 0 0 1788864685 541972
22 15062 0 0 1788864685 542151
22 15066 0 0 1788864685 543885
20 16391 0 0 1788864685 544177
20 16402 0 0 1788864685 547865
20 16412 0 0 1788864685 550486
20 16424 0 0 1788864685 553320
20 16436 0 0 1788864685 555666
20 16441 0 0 1788864685 556873
20 16446 0 0 1788864685 559248
20 16452 0 0 1788864685 561470
21 16191 22045 0 1788864685 567414
21 16197 0 0 1788864685 576986
21 16199 0 0 1788864685 577862
20 16498 1144 0 1788864685 579404
23 16151 269 0 1788864685 579417
22 15081 0 0 1788864685 581718
23 16156 0 0 1788864685 585483
21 16214 0 0 1788864685 593257
21 16219 946 0 1788864685 596906
21 16222 0 0 1788864685 599674
21 16238 1884 0 1788864685 617417
21 16251 369 0 1788864685 638473
23 16208 1241 0 1788864685 642528
23 16210 984 0 1788864685 644914
21 16268 796 0 1788864685 656437
22 15153 1299 0 1788864685 656604
20 16588 1081 0 1788864685 665400
22 15170 838 0 1788864685 674773
22 15171 290 0 1788864685 675638
20 16611 0 0 1788864685 680305
21 16293 1694 0 1788864685 681289
22 15181 377 0 1788864685 685030
20 16620 0 0 1788864685 686009
22 15187 1113 0 1788864685 693968
22 15212 0 0 1788864685 717945
22 15248 0 0 1788864685 726034
22 15254 0 0 1788864685 727203
22 15258 0 0 1788864685 727927
22 15259 0 0 1788864685 728110
22 15277 0 0 1788864685 731368
22 15286 0 0 1788864685 734496
20 16654 340 0 1788864685 738188
20 16671 534 0 1788864685 749515
21 16352 145 0 1788864685 749696
23 16291 494 0 1788864685 751835
22 15337 106 0 1788864685 752456
22 15353 916 0 1788864685 757655
21 16387 154 0 1788864685 766495
23 16328 367 0 1788864685 768439
22 15362 621 0 1788864685 768895
22 15365 955 0 1788864685 770351
20 16723 349 0 1788864685 771735
23 16335 923 0 1788864685 772445
23 16345 856 0 1788864685 777929
21 16450 0 0 1788864685 808090
22 15404 828 0 1788864685 811032
23 16369 543 0 1788864685 814081
20 16781 710 0 1788864685 819648
21 16460 0 0 1788864685 823183
21 16464 552 0 1788864685 826181
22 15417 1020 0 1788864685 829787
23 16381 2710 0 1788864685 838067
21 16482 3694 0 1788864685 850706
21 16491 1118 0 1788864685 862255
20 16827 0 0 1788864685 870239
23 16400 503 0 1788864685 872274
22 15447 0 0 1788864685 884191
20 16838 0 0 1788864685 885057
23 16408 0 0 1788864685 887036
23 16411 0 0 1788864685 890774
21 16500 2475 0 1788864685 899249
21 16508 883 0 1788864685 913250
20 16853 385 0 1788864685 914466
22 15472 172 0 1788864685 915052
23 16429 349 0 1788864685 915059
23 16432 324 0 1788864685 916218
22 15484 217 0 1788864685 919210
23 16441 100 0 1788864685 919449
20 16874 216 0 1788864685 919668
21 16523 853 0 1788864685 920038
22 15508 378 0 1788864685 930521
23 16465 0 0 1788864685 940571
23 16481 1139 0 1788864685 957771
20 16940 0 0 1788864685 971414
21 16571 1338 0 1788864685 971446
23 16496 824 0 1788864685 978866
23 16501 828 0 1788864685 984567
22 15558 1088 0 1788864685 991916
20 16964 730 0 1788864686 849
23 16517 1790 0 1788864686 7495
22 15570 1004 0 1788864686 10253
23 16538 82 0 1788864686 14424
20 16976 897 0 1788864686 14636
23 16544 88 0 1788864686 15049
21 16617 335 0 1788864686 16421
20 16982 334 0 1788864686 16858
23 16562 109 0 1788864686 18153
22 15588 150 0 1788864686 18346
22 15589 148 0 1788864686 18497
21 16637 253 0 1788864686 20191
21 16641 272 0 1788864686 21418
20 17010 247 0 1788864686 22987
23 16587 74 0 1788864686 23606
22 15620 307 0 1788864686 27248
20 17029 451 0 1788864686 28569
23 16613 163 0 1788864686 31534
23 16623 0 0 1788864686 34747
23 16627 630 0 1788864686 35749
20 17053 185 0 1788864686 36306
23 16647 0 0 1788864686 47563
21 16713 0 0 1788864686 49046
20 17080 0 0 1788864686 49389
23 16653 0 0 1788864686 50845
20 17084 0 0 1788864686 51530
21 16727 0 0 1788864686 56258
20 17091 846 0 1788864686 56311
21 16733 1073 0 1788864686 61825
20 17099 1957 0 1788864686 63788
23 16666 2152 0 1788864686 63801
22 15671 1104 0 1788864686 67930
21 16752 1524 0 1788864686 88027
21 16753 1036 0 1788864686 89825
23 16687 0 0 1788864686 94616
23 16692 1122 0 1788864686 101143
22 15699 2165 0 1788864686 103739
20 17136 357 0 1788864686 109703
23 16700 181 0 1788864686 118136
23 16703 394 0 1788864686 121361
22 15714 1576 0 1788864686 128034
23 16730 878 0 1788864686 150374
21 16821 706 0 1788864686 167497
21 16828 810 0 1788864686 182107
21 16835 1866 0 1788864686 188597
21 16855 972 0 1788864686 211463
22 15773 190 0 1788864686 212456
22 15784 746 0 1788864686 218834
20 17239 832 0 1788864686 219082
22 15788 269 0 1788864686 221446
20 17245 500 0 1788864686 222659
20 17248 0 0 1788864686 224348
23 16807 381 0 1788864686 226013
21 16892 187 0 1788864686 237083
23 16825 379 0 1788864686 237184
23 16826 552 0 1788864686 237739
21 16894 577 0 1788864686 238141
20 17279 270 0 1788864686 242243
21 16918 749 0 1788864686 251838
23 16864 576 0 1788864686 260656
23 16872 1071 0 1788864686 268999
22 15863 85 0 1788864686 270047
23 16875 383 0 1788864686 270535
22 15869 163 0 1788864686 272144
22 15870 515 0 1788864686 272664
23 16881 489 0 1788864686 273579
22 15875 508 0 1788864686 275194
22 15890 487 0 1788864686 298371
22 15892 490 0 1788864686 299922
20 17355 1257 0 1788864686 304642
20 17357 1016 0 1788864686 310250
21 16980 928 0 1788864686 310818
23 16925 112 0 1788864686 318926
21 16996 887 0 1788864686 321238
22 15922 379 0 1788864686 321959
23 16938 391 0 1788864686 326563
20 17388 0 0 1788864686 328349
22 15939 901 0 1788864686 329255
22 15943 561 0 1788864686 330784
22 15949 447 0 1788864686 334021
23 16957 322 0 1788864686 335176
23 16967 412 0 1788864686 339315
23 16970 511 0 1788864686 340804
23 16975 470 0 1788864686 343373
21 17050 522 0 1788864686 346949
23 16985 385 0 1788864686 348383
21 17056 498 0 1788864686 349992
22 15998 812 0 1788864686 354854
23 17001 172 0 1788864686 356025
22 16004 570 0 1788864686 357596
21 17071 350 0 1788864686 357745
21 17074 401 0 1788864686 361551
22 16009 486 0 1788864686 361839
21 17075 482 0 1788864686 362039
22 16010 478 0 1788864686 362322
23 17012 483 0 1788864686 362913
22 16019 423 0 1788864686 366478
21 17093 475 0 1788864686 370026
20 17476 474 0 1788864686 370125
21 17106 470 0 1788864686 375834
21 17116 489 0 1788864686 380630
22 16051 487 0 1788864686 381332
22 16058 514 0 1788864686 384731
21 17130 1397 0 1788864686 390428
22 16076 453 0 1788864686 395213
21 17150 791 0 1788864686 403234
20 17536 937 0 1788864686 403641
23 17093 689 0 1788864686 407871
20 17543 595 0 1788864686 408215
20 17550 312 0 1788864686 413111
22 16103 360 0 1788864686 415257
23 17105 1059 0 1788864686 417234
21 17169 738 0 1788864686 417977
20 17558 209 0 1788864686 419073
20 17561 444 0 1788864686 420598
20 17566 1704 0 1788864686 424538
20 17567 672 0 1788864686 425215
22 16118 518 0 1788864686 426013
22 16119 756 0 1788864686 426774
20 17577 608 0 1788864686 431652
22 16131 794 0 1788864686 434763
20 17595 643 0 1788864686 443504
22 16143 907 0 1788864686 443514
23 17122 438 0 1788864686 447146
23 17129 318 0 1788864686 456382
23 17137 633 0 1788864686 464984
21 17240 0 0 1788864686 465837
23 17142 1756 0 1788864686 470275
21 17260 0 0 1788864686 472842
21 17262 1615 0 1788864686 474872
21 17268 0 0 1788864686 481702
20 17655 0 0 1788864686 485515
22 16193 569 0 1788864686 486751
23 17178 0 0 1788864686 496746
21 17285 1230 0 1788864686 497058
22 16206 1262 0 1788864686 497067
20 17689 0 0 1788864686 507159
21 17303 0 0 1788864686 507619
22 16224 0 0 1788864686 507811
21 17304 0 0 1788864686 508008
20 17698 0 0 1788864686 510554
22 16255 0 0 1788864686 519742
21 17343 0 0 1788864686 522436
23 17204 442 0 1788864686 526417
21 17364 492 0 1788864686 527992
23 17209 635 0 1788864686 528998
20 17749 263 0 1788864686 531391
21 17375 391 0 1788864686 532666
21 17383 0 0 1788864686 538065
21 17384 0 0 1788864686 538374
21 17387 806 0 1788864686 539824
21 17396 0 0 1788864686 542690
23 17242 0 0 1788864686 543505
20 17787 0 0 1788864686 544689
22 16291 2120 0 1788864686 550340
20 17798 491 0 1788864686 551651
22 16294 0 0 1788864686 552108
23 17259 0 0 1788864686 553177
22 16297 144 0 1788864686 554042
21 17437 0 0 1788864686 565598
23 17282 475 0 1788864686 567540
23 17290 573 0 1788864686 570806
21 17455 687 0 1788864686 574247
21 17467 0 0 1788864686 584661
23 17322 244 0 1788864686 592332
22 16326 164 0 1788864686 593838
20 17878 218 0 1788864686 598017
20 17879 299 0 1788864686 598322
20 17887 0 0 1788864686 600789
23 17352 339 0 1788864686 602760
23 17359 292 0 1788864686 608918
23 17365 104 0 1788864686 610572
22 16375 639 0 1788864686 617812
23 17370 717 0 1788864686 617909
22 16392 529 0 1788864686 627076
22 16393 546 0 1788864686 627630
20 17938 326 0 1788864686 629307
22 16399 3401 0 1788864686 634166
20 17950 3241 0 1788864686 643493
20 17956 0 0 1788864686 647072
22 16411 5547 0 1788864686 650978
20 17971 771 0 1788864686 659231
21 17581 0 0 1788864686 664628
23 17399 0 0 1788864686 666979
22 16423 613 0 1788864686 675968
22 16435 392 0 1788864686 681928
23 17407 3637 0 1788864686 681937
22 16452 401 0 1788864686 686984
20 17999 896 0 1788864686 694576
20 18012 773 0 1788864686 707346
23 17457 113 0 1788864686 708468
21 17625 868 0 1788864686 709342
23 17462 684 0 1788864686 710058
20 18026 0 0 1788864686 719466
21 17636 0 0 1788864686 720197
21 17639 1009 0 1788864686 722928
22 16500 960 0 1788864686 727469
22 16501 569 0 1788864686 728216
23 17499 190 0 1788864686 732067
23 17502 377 0 1788864686 733862
23 17503 183 0 1788864686 734215
20 18058 252 0 1788864686 743507
22 16527 458 0 1788864686 748037
21 17672 573 0 1788864686 748439
22 16532 726 0 1788864686 751370
21 17679 892 0 1788864686 753237
23 17538 507 0 1788864686 777252
20 18083 227 0 1788864686 778628
21 17688 324 0 1788864686 778638
23 17543 282 0 1788864686 780046
22 16547 0 0 1788864686 780893
21 17692 514 0 1788864686 782021
22 16560 0 0 1788864686 794470
20 18113 0 0 1788864686 798651
20 18127 1006 0 1788864686 807252
22 16582 935 0 1788864686 811595
21 17733 475 0 1788864686 812469
21 17739 799 0 1788864686 816554
21 17740 648 0 1788864686 817208
23 17579 334 0 1788864686 823356
22 16602 800 0 1788864686 825919
20 18160 482 0 1788864686 828474
22 16608 836 0 1788864686 829645
21 17765 796 0 1788864686 832493
22 16615 618 0 1788864686 834340
22 16616 783 0 1788864686 835127
22 16623 0 0 1788864686 839175
22 16624 0 0 1788864686 839547
21 17778 0 0 1788864686 840985
20 18193 610 0 1788864686 849031
21 17798 560 0 1788864686 852713
20 18230 409 0 1788864686 880007
22 16696 598 0 1788864686 890020
23 17594 0 0 1788864686 890270
20 18271 386 0 1788864686 907183
20 18276 213 0 1788864686 908571
22 16714 196 0 1788864686 909070
23 17613 601 0 1788864686 909078
23 17616 298 0 1788864686 910917
20 18286 0 0 1788864686 911653
23 17619 743 0 1788864686 913084
22 16727 293 0 1788864686 914130
23 17622 293 0 1788864686 914324
20 18298 392 0 1788864686 916334
20 18303 97 0 1788864686 917378
22 16738 347 0 1788864686 918105
20 18319 96 0 1788864686 919341
21 17918 295 0 1788864686 919494
20 18326 95 0 1788864686 920068
20 18339 0 0 1788864686 921771
22 16752 170 0 1788864686 922001
23 17647 241 0 1788864686 922325
22 16773 484 0 1788864686 929120
20 18371 457 0 1788864686 930260
23 17682 292 0 1788864686 930446
22 16783 0 0 1788864686 932700
20 18380 175 0 1788864686 932736
23 17690 234 0 1788864686 933018
20 18387 184 0 1788864686 934468
22 16794 0 0 1788864686 934728
23 17698 355 0 1788864686 935332
22 16808 328 0 1788864686 937569
20 18406 97 0 1788864686 937792
23 17717 279 0 1788864686 940603
21 18001 210 0 1788864686 943941
21 18016 105 0 1788864686 946467
23 17747 129 0 1788864686 947032
22 16842 170 0 1788864686 947497
22 16846 0 0 1788864686 948948
22 16853 0 0 1788864686 952570
23 17765 0 0 1788864686 953772
20 18452 0 0 1788864686 954344
23 17770 0 0 1788864686 959099
20 18460 1188 0 1788864686 964882
20 18465 0 0 1788864686 969048
23 17785 125 0 1788864686 972895
23 17787 115 0 1788864686 973113
23 17791 151 0 1788864686 973587
23 17815 82 0 1788864686 976201
21 18053 3336 0 1788864686 976928
22 16868 827 0 1788864686 978223
22 16874 835 0 1788864686 983256
23 17841 540 0 1788864686 994385
22 16889 544 0 1788864686 994678
21 18085 118 0 1788864686 996412
21 18093 120 0 1788864686 998503
21 18096 337 0 1788864686 999293
21 18099 282 0 1788864687 565
21 18102 551 0 1788864687 2935
22 16905 722 0 1788864687 3834
21 18105 849 0 1788864687 4958
23 17863 354 0 1788864687 5122
23 17867 217 0 1788864687 7037
21 18110 567 0 1788864687 7720
21 18114 885 0 1788864687 10558
23 17872 933 0 1788864687 10708
21 18119 570 0 1788864687 14354
21 18123 595 0 1788864687 16851
23 17891 397 0 1788864687 22903
22 16937 504 0 1788864687 26476
20 18553 113 0 1788864687 28244
20 18554 265 0 1788864687 28516
21 18145 873 0 1788864687 30003
20 18562 122 0 1788864687 30273
20 18583 151 0 1788864687 32573
20 18588 1533 0 1788864687 34624
21 18156 90 0 1788864687 36516
23 17914 445 0 1788864687 42790
22 16960 125 0 1788864687 43695
23 17919 872 0 1788864687 46271
21 18176 241 0 1788864687 48547
20 18621 680 0 1788864687 51123
20 18623 375 0 1788864687 52177
20 18630 92 0 1788864687 55747
20 18639 185 0 1788864687 56642
21 18195 193 0 1788864687 61865
23 17955 463 0 1788864687 61873
22 16997 566 0 1788864687 62563
21 18223 840 0 1788864687 65857
23 17960 632 0 1788864687 66547
23 17970 923 0 1788864687 76416
20 18685 675 0 1788864687 76900
21 18243 104 0 1788864687 79088
20 18692 634 0 1788864687 81757
21 18257 1403 0 1788864687 82688
22 17021 884 0 1788864687 82851
20 18696 671 0 1788864687 84559
21 18287 87 0 1788864687 87373
22 17028 4097 0 1788864687 90690
21 18327 124 0 1788864687 93140
21 18333 95 0 1788864687 93733
22 17038 99 0 1788864687 96166
20 18712 840 0 1788864687 98535
22 17045 885 0 1788864687 101802
20 18716 787 0 1788864687 102037
23 18003 906 0 1788864687 107756
21 18377 569 0 1788864687 111386
23 18008 374 0 1788864687 112053
21 18379 1313 0 1788864687 113176
21 18385 1274 0 1788864687 117809
22 17068 695 0 1788864687 118290
21 18386 602 0 1788864687 118684
20 18739 596 0 1788864687 120048
22 17076 261 0 1788864687 124178
21 18401 399 0 1788864687 133761
22 17094 781 0 1788864687 141750
22 17096 795 0 1788864687 143322
23 18039 116 0 1788864687 144097
23 18042 319 0 1788864687 146310
21 18418 896 0 1788864687 147601
20 18774 1014 0 1788864687 150532
20 18775 788 0 1788864687 151326
22 17110 801 0 1788864687 155252
20 18798 752 0 1788864687 165914
23 18065 513 0 1788864687 166499
22 17131 611 0 1788864687 173596
23 18072 1190 0 1788864687 174203
20 18811 563 0 1788864687 174770
20 18813 432 0 1788864687 176016
20 18816 570 0 1788864687 178402
24 4 396 0 1788864677 270259
25 5 255 0 1788864677 270547
24 8 106 0 1788864677 271644
25 12 85 0 1788864677 271849
25 13 805 0 1788864677 272672
26 2 2039 0 1788864677 275982
26 7 106 0 1788864677 278080
27 12 378 0 1788864677 281900
24 33 473 0 1788864677 282323
24 35 0 0 1788864677 283112
24 40 347 0 1788864677 284203
24 47 813 0 1788864677 287972
26 17 470 0 1788864677 287982
25 49 343 0 1788864677 295195
25 53 205 0 1788864677 297330
27 31 178 0 1788864677 299591
24 91 0 0 1788864677 305330
25 72 284 0 1788864677 307141
25 77 873 0 1788864677 310294
24 105 310 0 1788864677 312086
25 88 272 0 1788864677 315967
25 96 342 0 1788864677 318907
25 99 250 0 1788864677 319802
27 67 313 0 1788864677 320414
25 102 274 0 1788864677 320693
24 137 122 0 1788864677 327274
24 138 270 0 1788864677 327553
24 140 2367 0 1788864677 330224
24 150 464 0 1788864677 333675
24 154 255 0 1788864677 335052
27 96 167 0 1788864677 341092
24 176 281 0 1788864677 342037
24 183 286 0 1788864677 344378
24 184 268 0 1788864677 344657
27 121 311 0 1788864677 350441
25 155 324 0 1788864677 350741
24 207 283 0 1788864677 353683
27 132 0 0 1788864677 354506
27 138 266 0 1788864677 356264
25 178 280 0 1788864677 357747
24 231 72 0 1788864677 360179
25 189 249 0 1788864677 360868
25 195 1511 0 1788864677 364432
24 255 243 0 1788864677 365736
24 269 183 0 1788864677 371852
24 272 276 0 1788864677 372636
24 280 139 0 1788864677 374530
24 288 318 0 1788864677 376546
27 190 254 0 1788864677 377934
24 295 218 0 1788864677 378430
24 304 305 0 1788864677 380758
27 208 149 0 1788864677 381498
25 255 111 0 1788864677 382595
25 283 153 0 1788864677 387441
24 340 249 0 1788864677 390398
27 253 129 0 1788864677 391606
27 259 383 0 1788864677 392982
25 321 844 0 1788864677 397778
27 303 176 0 1788864677 400330
27 320 223 0 1788864677 403862
24 395 382 0 1788864677 404101
25 358 620 0 1788864677 406268
24 413 225 0 1788864677 407813
27 344 303 0 1788864677 408040
24 417 142 0 1788864677 408685
27 358 105 0 1788864677 410478
24 439 162 0 1788864677 413272
27 386 117 0 1788864677 414982
24 451 233 0 1788864677 415808
25 403 187 0 1788864677 416740
25 411 215 0 1788864677 418080
27 413 216 0 1788864677 419862
25 434 224 0 1788864677 422941
27 432 111 0 1788864677 424182
25 447 266 0 1788864677 427789
27 467 135 0 1788864677 429582
24 468 877 0 1788864677 432787
24 469 894 0 1788864677 433694
25 460 926 0 1788864677 433743
25 462 410 0 1788864677 434500
27 494 1093 0 1788864677 435729
27 498 156 0 1788864677 436627
27 500 289 0 1788864677 437001
25 466 1036 0 1788864677 437772
27 515 269 0 1788864677 439532
25 472 216 0 1788864677 439751
25 477 163 0 1788864677 441725
25 479 101 0 1788864677 442877
25 482 0 0 1788864677 443494
25 484 158 0 1788864677 443800
25 487 242 0 1788864677 444948
27 550 113 0 1788864677 448187
27 561 134 0 1788864677 449602
27 579 101 0 1788864677 452178
27 593 144 0 1788864677 454466
24 497 84 0 1788864677 455070
24 514 255 0 1788864677 459476
27 633 183 0 1788864677 460983
27 638 338 0 1788864677 461894
24 523 389 0 1788864677 461926
27 644 119 0 1788864677 462837
27 648 269 0 1788864677 463592
27 654 242 0 1788864677 464988
25 535 463 0 1788864677 466066
24 541 228 0 1788864677 466621
27 672 149 0 1788864677 468332
27 673 114 0 1788864677 468487
25 552 176 0 1788864677 469739
25 557 99 0 1788864677 470496
25 560 127 0 1788864677 471053
27 686 194 0 1788864677 471194
25 564 108 0 1788864677 471691
25 576 181 0 1788864677 474598
25 578 188 0 1788864677 475011
27 708 158 0 1788864677 475203
27 725 237 0 1788864677 478284
27 739 134 0 1788864677 480760
27 740 105 0 1788864677 480869
25 613 123 0 1788864677 481312
27 743 132 0 1788864677 481359
25 614 129 0 1788864677 481463
25 618 225 0 1788864677 482529
24 605 130 0 1788864677 483692
26 174 1395 0 1788864677 486438
24 616 250 0 1788864677 486831
25 634 102 0 1788864677 487295
24 621 188 0 1788864677 488076
27 787 116 0 1788864677 489517
24 627 251 0 1788864677 489707
27 799 143 0 1788864677 491367
27 802 201 0 1788864677 492172
26 180 1760 0 1788864677 498645
25 664 322 0 1788864677 500886
27 834 168 0 1788864677 502792
24 652 1067 0 1788864677 503655
24 653 605 0 1788864677 504272
27 837 194 0 1788864677 504291
25 671 965 0 1788864677 504663
27 867 307 0 1788864677 516646
25 695 290 0 1788864677 519286
27 877 195 0 1788864677 521011
27 888 181 0 1788864677 523094
24 675 474 0 1788864677 523132
25 711 968 0 1788864677 524634
24 682 1007 0 1788864677 528643
24 697 425 0 1788864677 537393
25 750 99 0 1788864677 541047
24 704 981 0 1788864677 541625
25 758 624 0 1788864677 544586
25 773 438 0 1788864677 549990
27 940 384 0 1788864677 555235
26 250 348 0 1788864677 555411
25 784 538 0 1788864677 555711
26 258 257 0 1788864677 557534
25 786 2620 0 1788864677 558720
26 263 155 0 1788864677 559807
24 751 1100 0 1788864677 561445
24 776 160 0 1788864677 568146
24 782 121 0 1788864677 568927
26 284 2552 0 1788864677 570782
24 795 492 0 1788864677 572157
24 796 521 0 1788864677 572688
26 286 372 0 1788864677 574507
26 310 166 0 1788864677 581687
25 818 1137 0 1788864677 583195
26 319 259 0 1788864677 583782
26 323 489 0 1788864677 585360
26 327 127 0 1788864677 585997
26 330 128 0 1788864677 586397
24 858 174 0 1788864677 588099
25 828 380 0 1788864677 588362
24 867 142 0 1788864677 589997
26 344 334 0 1788864677 590396
27 986 575 0 1788864677 591019
24 878 145 0 1788864677 592264
26 353 383 0 1788864677 594150
27 995 533 0 1788864677 594730
25 846 216 0 1788864677 595572
26 361 333 0 1788864677 597188
25 853 270 0 1788864677 597917
26 375 0 0 1788864677 601060
27 1014 478 0 1788864677 601097
24 910 295 0 1788864677 601440
24 914 314 0 1788864677 602478
26 389 249 0 1788864677 605131
25 878 321 0 1788864677 605817
26 395 209 0 1788864677 606571
27 1039 303 0 1788864677 608859
25 904 192 0 1788864677 612528
26 408 325 0 1788864677 613424
24 955 242 0 1788864677 614296
25 910 224 0 1788864677 614550
24 959 288 0 1788864677 615330
26 414 466 0 1788864677 615720
26 430 183 0 1788864677 618419
26 431 153 0 1788864677 618600
24 984 507 0 1788864677 623589
26 457 106 0 1788864677 624318
26 460 197 0 1788864677 624912
26 466 581 0 1788864677 626775
24 1001 150 0 1788864677 629895
25 960 283 0 1788864677 631046
24 1011 328 0 1788864677 632577
27 1101 373 0 1788864677 633187
27 1107 208 0 1788864677 634779
27 1113 2113 0 1788864677 638232
25 1012 245 0 1788864677 644512
24 1045 109 0 1788864677 647883
27 1140 150 0 1788864677 648156
27 1147 253 0 1788864677 650367
25 1038 218 0 1788864677 650999
25 1043 243 0 1788864677 652154
24 1076 203 0 1788864677 653496
24 1079 429 0 1788864677 654279
27 1157 418 0 1788864677 655510
27 1165 131 0 1788864677 657448
25 1081 364 0 1788864677 660410
25 1085 447 0 1788864677 661742
26 565 1111 0 1788864677 662907
26 577 282 0 1788864677 667579
26 581 178 0 1788864677 668642
25 1093 1174 0 1788864677 668819
26 582 434 0 1788864677 669081
26 584 330 0 1788864677 669686
26 589 394 0 1788864677 671333
26 590 365 0 1788864677 671711
26 599 348 0 1788864677 674950
25 1110 373 0 1788864677 681839
24 1113 216 0 1788864677 684251
26 625 483 0 1788864677 684817
24 1122 492 0 1788864677 687353
25 1135 471 0 1788864677 691484
24 1131 636 0 1788864677 691819
27 1208 465 0 1788864677 692449
25 1141 356 0 1788864677 694176
26 655 0 0 1788864677 694437
24 1139 416 0 1788864677 695194
24 1145 509 0 1788864677 697332
24 1150 1275 0 1788864677 700868
25 1154 152 0 1788864677 701055
25 1160 199 0 1788864677 702771
27 1224 163 0 1788864677 703997
25 1173 270 0 1788864677 708085
24 1166 690 0 1788864677 708489
25 1175 312 0 1788864677 709374
24 1168 599 0 1788864677 709646
26 698 173 0 1788864677 714247
26 704 93 0 1788864677 715097
25 1195 303 0 1788864677 716996
24 1189 326 0 1788864677 717169
27 1245 109 0 1788864677 718278
24 1196 380 0 1788864677 719686
24 1197 437 0 1788864677 720132
24 1219 209 0 1788864677 729161
27 1275 1672 0 1788864677 733979
24 1233 342 0 1788864677 734512
25 1242 506 0 1788864677 737637
26 744 1912 0 1788864677 737650
27 1295 127 0 1788864677 738010
27 1297 97 0 1788864677 738290
27 1319 617 0 1788864677 747463
24 1264 312 0 1788864677 747528
26 775 185 0 1788864677 748349
27 1322 483 0 1788864677 749164
25 1266 857 0 1788864677 751187
26 792 598 0 1788864677 758868
27 1345 496 0 1788864677 763435
24 1287 455 0 1788864677 763535
26 801 681 0 1788864677 763865
24 1304 505 0 1788864677 773294
25 1305 454 0 1788864677 774415
26 825 117 0 1788864677 774989
25 1322 179 0 1788864677 786321
26 858 263 0 1788864677 787880
24 1344 425 0 1788864677 793440
27 1422 117 0 1788864677 793927
24 1349 153 0 1788864677 796847
26 880 666 0 1788864677 797406
27 1429 281 0 1788864677 798173
27 1430 242 0 1788864677 798420
24 1356 313 0 1788864677 799208
27 1433 292 0 1788864677 799375
27 1435 1641 0 1788864677 801228
27 1452 228 0 1788864677 807038
25 1374 168 0 1788864677 807213
26 907 191 0 1788864677 807771
24 1374 348 0 1788864677 807910
26 911 199 0 1788864677 808655
26 915 266 0 1788864677 809627
24 1378 306 0 1788864677 810647
27 1481 211 0 1788864677 818878
26 945 337 0 1788864677 820940
27 1492 235 0 1788864677 820950
27 1497 228 0 1788864677 821937
26 964 266 0 1788864677 826780
27 1513 3457 0 1788864677 836684
27 1514 1878 0 1788864677 838654
25 1400 434 0 1788864677 839143
24 1405 378 0 1788864677 844196
25 1415 155 0 1788864677 851176
27 1521 2981 0 1788864677 851664
25 1421 637 0 1788864677 854636
25 1430 244 0 1788864677 857872
26 1007 1346 0 1788864677 860066
25 1451 439 0 1788864677 864606
25 1452 163 0 1788864677 864789
26 1025 226 0 1788864677 865183
25 1457 271 0 1788864677 866209
27 1551 0 0 1788864677 868476
25 1466 305 0 1788864677 873362
24 1458 396 0 1788864677 883949
26 1057 657 0 1788864677 891234
25 1487 707 0 1788864677 900259
24 1481 341 0 1788864677 900728
27 1602 90 0 1788864677 907906
26 1086 295 0 1788864677 908818
24 1501 479 0 1788864677 912034
27 1624 520 0 1788864677 913003
24 1507 206 0 1788864677 914102
27 1628 458 0 1788864677 915205
24 1517 180 0 1788864677 917065
27 1639 116 0 1788864677 918095
24 1522 303 0 1788864677 918701
27 1641 289 0 1788864677 918962
25 1540 123 0 1788864677 919953
25 1542 137 0 1788864677 920306
25 1544 454 0 1788864677 921130
24 1543 447 0 1788864677 926747
27 1665 764 0 1788864677 934814
27 1666 1843 0 1788864677 936664
27 1671 713 0 1788864677 939642
26 1140 68 0 1788864677 940958
26 1141 297 0 1788864677 941260
25 1575 377 0 1788864677 941489
25 1580 372 0 1788864677 943455
26 1147 390 0 1788864677 943621
26 1150 372 0 1788864677 944800
25 1586 260 0 1788864677 945763
26 1154 433 0 1788864677 946819
25 1595 498 0 1788864677 950016
24 1595 673 0 1788864677 958138
24 1599 696 0 1788864677 960628
25 1613 764 0 1788864677 961970
27 1703 91 0 1788864677 963540
25 1617 430 0 1788864677 964113
24 1612 157 0 1788864677 964885
24 1620 101 0 1788864677 965969
26 1188 201 0 1788864677 966143
24 1621 312 0 1788864677 966286
27 1722 156 0 1788864677 966415
27 1723 0 0 1788864677 966518
27 1725 0 0 1788864677 967139
26 1194 328 0 1788864677 968181
24 1627 531 0 1788864677 968717
25 1632 0 0 1788864677 971019
24 1638 662 0 1788864677 976160
26 1212 321 0 1788864677 980351
26 1216 158 0 1788864677 982585
25 1674 698 0 1788864677 997443
27 1769 612 0 1788864677 997633
24 1685 521 0 1788864678 3693
25 1687 735 0 1788864678 7422
24 1702 378 0 1788864678 13320
24 1703 532 0 1788864678 13857
25 1697 538 0 1788864678 14127
27 1788 310 0 1788864678 14139
24 1704 410 0 1788864678 14273
26 1267 0 0 1788864678 16879
27 1800 798 0 1788864678 18811
25 1708 410 0 1788864678 20096
27 1808 0 0 1788864678 25042
26 1278 0 0 1788864678 25713
26 1281 0 0 1788864678 26852
26 1283 0 0 1788864678 27634
26 1304 1131 0 1788864678 42483
27 1843 754 0 1788864678 44244
27 1845 487 0 1788864678 45502
25 1727 2147 0 1788864678 46768
25 1732 604 0 1788864678 54303
27 1858 531 0 1788864678 55087
25 1745 265 0 1788864678 63423
25 1746 465 0 1788864678 63899
25 1747 217 0 1788864678 64121
25 1748 587 0 1788864678 64742
25 1756 1100 0 1788864678 70512
25 1757 1207 0 1788864678 71749
24 1783 3044 0 1788864678 95342
26 1365 0 0 1788864678 99344
24 1789 1192 0 1788864678 105778
26 1378 1568 0 1788864678 110483
25 1779 627 0 1788864678 117870
24 1808 1365 0 1788864678 121119
26 1393 603 0 1788864678 122625
24 1811 264 0 1788864678 122893
24 1836 1611 0 1788864678 149698
26 1441 101 0 1788864678 154681
24 1843 860 0 1788864678 155463
25 1817 879 0 1788864678 157080
26 1447 181 0 1788864678 158153
26 1479 451 0 1788864678 171094
27 1966 464 0 1788864678 172603
27 1979 133 0 1788864678 182284
24 1883 761 0 1788864678 183984
26 1511 163 0 1788864678 187274
27 1996 128 0 1788864678 187428
24 1887 5187 0 1788864678 191476
26 1516 4417 0 1788864678 201293
27 2015 0 0 1788864678 207249
26 1524 445 0 1788864678 208480
25 1871 551 0 1788864678 209492
26 1526 671 0 1788864678 209500
26 1528 976 0 1788864678 210726
27 2023 1078 0 1788864678 213308
26 1536 962 0 1788864678 223098
24 1910 1158 0 1788864678 224263
25 1892 350 0 1788864678 228469
25 1894 829 0 1788864678 229620
27 2045 3120 0 1788864678 233869
26 1551 1829 0 1788864678 238854
26 1566 319 0 1788864678 243767
24 1935 324 0 1788864678 246410
24 1936 0 0 1788864678 246563
27 2062 185 0 1788864678 246816
24 1948 102 0 1788864678 248897
27 2068 946 0 1788864678 253928
24 1962 388 0 1788864678 257980
27 2081 707 0 1788864678 286532
26 1596 0 0 1788864678 287990
27 2104 354 0 1788864678 301328
27 2132 536 0 1788864678 310709
25 1997 0 0 1788864678 317247
25 2000 407 0 1788864678 319078
24 2022 549 0 1788864678 319635
24 2028 396 0 1788864678 322215
25 2012 403 0 1788864678 323398
25 2014 543 0 1788864678 324291
24 2043 719 0 1788864678 329410
27 2153 391 0 1788864678 329418
26 1653 786 0 1788864678 330564
25 2030 620 0 1788864678 333165
25 2033 673 0 1788864678 335063
27 2168 627 0 1788864678 335721
27 2171 714 0 1788864678 336917
26 1669 998 0 1788864678 343701
25 2042 430 0 1788864678 343840
27 2192 272 0 1788864678 346684
25 2047 571 0 1788864678 346964
27 2195 230 0 1788864678 347576
25 2062 532 0 1788864678 354875
27 2217 504 0 1788864678 354910
26 1696 450 0 1788864678 357865
25 2070 691 0 1788864678 359738
27 2240 343 0 1788864678 363175
27 2261 243 0 1788864678 370730
26 1711 2229 0 1788864678 373963
25 2098 442 0 1788864678 374644
27 2285 381 0 1788864678 379197
27 2305 104 0 1788864678 387986
27 2316 157 0 1788864678 393853
27 2322 266 0 1788864678 395454
27 2332 359 0 1788864678 400029
25 2143 358 0 1788864678 402188
25 2144 311 0 1788864678 402508
25 2149 264 0 1788864678 404212
27 2347 283 0 1788864678 405955
25 2160 462 0 1788864678 414590
27 2356 440 0 1788864678 414603
25 2179 110 0 1788864678 423622
25 2180 284 0 1788864678 423910
26 1773 1345 0 1788864678 425127
24 2184 200 0 1788864678 425430
24 2188 83 0 1788864678 425969
24 2197 478 0 1788864678 428836
25 2198 205 0 1788864678 429727
25 2199 257 0 1788864678 429988
24 2204 411 0 1788864678 431149
25 2214 342 0 1788864678 434394
27 2400 363 0 1788864678 435995
24 2213 602 0 1788864678 437559
24 2220 275 0 1788864678 439856
24 2231 310 0 1788864678 444789
26 1809 804 0 1788864678 446407
27 2443 385 0 1788864678 457297
25 2283 109 0 1788864678 460627
24 2284 1654 0 1788864678 470633
24 2294 275 0 1788864678 475257
24 2305 359 0 1788864678 477883
24 2323 306 0 1788864678 485360
26 1843 565 0 1788864678 488024
26 1849 558 0 1788864678 491889
27 2506 533 0 1788864678 495483
27 2513 574 0 1788864678 499086
27 2514 419 0 1788864678 499531
24 2349 229 0 1788864678 505064
24 2353 382 0 1788864678 506217
24 2362 345 0 1788864678 508497
25 2377 406 0 1788864678 510336
27 2548 221 0 1788864678 512665
27 2562 269 0 1788864678 516594
26 1919 421 0 1788864678 524029
27 2587 215 0 1788864678 526442
24 2399 369 0 1788864678 527418
26 1930 415 0 1788864678 528509
27 2595 340 0 1788864678 528516
27 2603 218 0 1788864678 530261
24 2407 344 0 1788864678 530967
25 2405 418 0 1788864678 533408
25 2419 153 0 1788864678 538323
25 2421 180 0 1788864678 538719
26 1949 401 0 1788864678 539897
26 1956 374 0 1788864678 543413
25 2446 174 0 1788864678 544970
26 1962 334 0 1788864678 545684
27 2659 522 0 1788864678 548929
25 2457 435 0 1788864678 549368
25 2465 125 0 1788864678 552398
24 2465 100 0 1788864678 557229
25 2496 376 0 1788864678 564588
27 2687 459 0 1788864678 564710
25 2498 228 0 1788864678 564913
27 2691 138 0 1788864678 566557
25 2505 682 0 1788864678 568411
25 2506 263 0 1788864678 568717
25 2511 375 0 1788864678 570643
24 2491 800 0 1788864678 573351
26 2029 412 0 1788864678 574693
26 2030 322 0 1788864678 575024
27 2709 622 0 1788864678 576417
26 2060 146 0 1788864678 581247
25 2530 101 0 1788864678 581752
27 2720 791 0 1788864678 582719
26 2070 93 0 1788864678 583180
25 2533 1097 0 1788864678 584003
26 2081 89 0 1788864678 584884
25 2538 300 0 1788864678 586263
24 2529 419 0 1788864678 587203
25 2540 552 0 1788864678 587256
25 2542 102 0 1788864678 587649
24 2534 267 0 1788864678 588458
25 2544 304 0 1788864678 588587
27 2730 641 0 1788864678 589076
26 2110 95 0 1788864678 589562
26 2131 186 0 1788864678 593515
27 2742 429 0 1788864678 596694
24 2558 574 0 1788864678 597071
24 2559 443 0 1788864678 597522
26 2164 170 0 1788864678 599339
26 2176 182 0 1788864678 601049
26 2202 143 0 1788864678 605960
26 2206 146 0 1788864678 606455
24 2602 217 0 1788864678 610980
26 2223 520 0 1788864678 611106
26 2233 334 0 1788864678 614958
27 2771 691 0 1788864678 614967
25 2606 730 0 1788864678 621629
24 2624 648 0 1788864678 622671
27 2783 848 0 1788864678 623704
24 2637 538 0 1788864678 627235
25 2620 740 0 1788864678 633267
26 2273 529 0 1788864678 633273
25 2621 800 0 1788864678 634075
25 2623 508 0 1788864678 635171
27 2806 705 0 1788864678 637636
26 2287 174 0 1788864678 639353
27 2821 198 0 1788864678 643976
25 2639 941 0 1788864678 644947
24 2675 229 0 1788864678 645301
24 2683 159 0 1788864678 648519
24 2701 299 0 1788864678 653823
26 2307 557 0 1788864678 653835
25 2660 578 0 1788864678 657179
27 2859 0 0 1788864678 659489
24 2732 305 0 1788864678 661832
24 2736 271 0 1788864678 662765
26 2323 566 0 1788864678 665149
25 2672 590 0 1788864678 665328
24 2752 228 0 1788864678 667628
24 2753 260 0 1788864678 667897
24 2757 290 0 1788864678 668850
25 2685 364 0 1788864678 671017
24 2776 204 0 1788864678 673503
27 2909 358 0 1788864678 678694
27 2910 204 0 1788864678 678905
27 2915 206 0 1788864678 680133
27 2920 177 0 1788864678 682520
26 2350 838 0 1788864678 686462
27 2940 159 0 1788864678 687115
27 2949 210 0 1788864678 689187
25 2717 674 0 1788864678 689301
27 2958 187 0 1788864678 690963
27 2960 176 0 1788864678 691318
26 2356 454 0 1788864678 691422
24 2840 267 0 1788864678 693144
25 2723 159 0 1788864678 693352
27 2977 278 0 1788864678 694923
24 2846 257 0 1788864678 695057
27 2984 243 0 1788864678 696455
27 2990 161 0 1788864678 697454
25 2739 425 0 1788864678 700888
25 2744 465 0 1788864678 703928
25 2745 3854 0 1788864678 707787
25 2757 248 0 1788864678 714752
27 3044 515 0 1788864678 715656
24 2896 456 0 1788864678 716574
25 2767 460 0 1788864678 719646
26 2402 751 0 1788864678 727976
25 2787 718 0 1788864678 728920
27 3055 4166 0 1788864678 734089
25 2807 494 0 1788864678 740501
27 3065 1898 0 1788864678 741132
24 2956 640 0 1788864678 743344
27 3088 189 0 1788864678 746456
24 2961 2496 0 1788864678 747724
26 2429 621 0 1788864678 748088
25 2817 617 0 1788864678 748394
27 3120 122 0 1788864678 753021
27 3137 126 0 1788864678 757630
24 2981 295 0 1788864678 760293
26 2445 1815 0 1788864678 761364
27 3197 161 0 1788864678 768868
27 3199 108 0 1788864678 769163
27 3217 128 0 1788864678 772457
27 3223 171 0 1788864678 773644
26 2460 1078 0 1788864678 773771
25 2853 653 0 1788864678 773998
27 3235 230 0 1788864678 775726
27 3246 197 0 1788864678 777906
26 2467 799 0 1788864678 779237
24 3027 821 0 1788864678 779943
27 3263 187 0 1788864678 780900
25 2864 829 0 1788864678 781975
24 3044 477 0 1788864678 787538
25 2877 631 0 1788864678 790496
27 3322 104 0 1788864678 791285
24 3082 477 0 1788864678 798686
25 2888 1427 0 1788864678 799718
27 3368 336 0 1788864678 801137
24 3093 378 0 1788864678 802309
27 3377 253 0 1788864678 803058
27 3382 115 0 1788864678 804054
24 3113 483 0 1788864678 812818
24 3126 497 0 1788864678 819499
27 3439 215 0 1788864678 820333
27 3455 203 0 1788864678 826058
27 3467 206 0 1788864678 828731
25 2940 341 0 1788864678 829194
27 3473 98 0 1788864678 831577
27 3483 397 0 1788864678 834252
26 2542 444 0 1788864678 836301
24 3155 471 0 1788864678 836351
24 3161 143 0 1788864678 839729
27 3501 251 0 1788864678 841101
26 2559 251 0 1788864678 843275
25 2964 597 0 1788864678 843605
26 2571 306 0 1788864678 847414
24 3184 471 0 1788864678 858470
27 3536 353 0 1788864678 858699
25 2996 203 0 1788864678 858907
25 2997 160 0 1788864678 859075
26 2594 392 0 1788864678 860805
24 3188 313 0 1788864678 861534
27 3559 0 0 1788864678 878908
24 3202 1856 0 1788864678 897832
25 3042 537 0 1788864678 902323
27 3592 753 0 1788864678 913687
24 3226 0 0 1788864678 915904
27 3598 423 0 1788864678 920254
24 3235 553 0 1788864678 921108
25 3072 1883 0 1788864678 927357
24 3244 961 0 1788864678 928322
25 3084 786 0 1788864678 937713
24 3258 656 0 1788864678 940250
24 3262 0 0 1788864678 942456
26 2679 0 0 1788864678 944434
25 3094 0 0 1788864678 944620
27 3626 1143 0 1788864678 946192
26 2685 759 0 1788864678 948245
26 2686 731 0 1788864678 948982
24 3271 699 0 1788864678 950758
26 2692 921 0 1788864678 953999
26 2699 0 0 1788864678 958503
27 3653 771 0 1788864678 970766
27 3657 734 0 1788864678 973545
26 2731 0 0 1788864678 984955
24 3319 240 0 1788864678 985928
25 3152 1176 0 1788864678 992021
24 3335 0 0 1788864678 994849
24 3341 1335 0 1788864678 998065
26 2748 82 0 1788864678 998122
27 3690 284 0 1788864679 5208
26 2760 477 0 1788864679 5857
24 3362 251 0 1788864679 7385
25 3181 260 0 1788864679 8008
26 2774 0 0 1788864679 13082
24 3391 192 0 1788864679 17134
24 3392 326 0 1788864679 17467
26 2793 0 0 1788864679 22056
24 3399 558 0 1788864679 23671
24 3401 721 0 1788864679 24921
24 3408 0 0 1788864679 28582
27 3750 0 0 1788864679 38004
24 3411 0 0 1788864679 41658
24 3413 0 0 1788864679 43110
26 2844 384 0 1788864679 52882
27 3784 187 0 1788864679 54558
26 2850 384 0 1788864679 55543
25 3265 399 0 1788864679 55851
26 2865 522 0 1788864679 62401
24 3457 244 0 1788864679 65195
24 3471 0 0 1788864679 69009
24 3478 0 0 1788864679 70998
25 3310 373 0 1788864679 74213
25 3319 87 0 1788864679 77329
27 3831 302 0 1788864679 78360
24 3502 360 0 1788864679 79926
25 3326 261 0 1788864679 80091
26 2904 509 0 1788864679 80175
26 2913 370 0 1788864679 83130
26 2919 376 0 1788864679 85405
26 2921 404 0 1788864679 86194
25 3348 297 0 1788864679 88760
26 2938 387 0 1788864679 93030
25 3360 377 0 1788864679 93601
26 2946 985 0 1788864679 99365
24 3545 648 0 1788864679 99900
24 3558 2294 0 1788864679 110124
25 3387 484 0 1788864679 111924
27 3898 0 0 1788864679 113874
24 3568 376 0 1788864679 117516
25 3409 0 0 1788864679 123727
25 3417 550 0 1788864679 127211
25 3422 0 0 1788864679 129450
26 2995 0 0 1788864679 130049
26 2996 0 0 1788864679 130244
24 3608 163 0 1788864679 132285
24 3609 291 0 1788864679 132586
24 3615 308 0 1788864679 134574
26 3011 599 0 1788864679 135150
24 3618 526 0 1788864679 136109
27 3955 0 0 1788864679 138787
26 3023 724 0 1788864679 141986
24 3644 524 0 1788864679 148354
26 3057 0 0 1788864679 151817
26 3062 0 0 1788864679 152307
25 3479 239 0 1788864679 152800
25 3483 364 0 1788864679 154534
26 3087 134 0 1788864679 157002
26 3096 219 0 1788864679 158688
24 3697 83 0 1788864679 159890
25 3508 225 0 1788864679 162154
24 3711 115 0 1788864679 162399
26 3127 120 0 1788864679 162659
24 3714 119 0 1788864679 162707
26 3134 0 0 1788864679 163470
26 3161 753 0 1788864679 166536
24 3738 157 0 1788864679 167590
25 3538 118 0 1788864679 168623
24 3744 164 0 1788864679 168793
26 3178 257 0 1788864679 170349
24 3750 251 0 1788864679 170686
25 3554 123 0 1788864679 172032
24 3758 0 0 1788864679 172949
26 3189 115 0 1788864679 173237
27 4045 569 0 1788864679 174314
25 3569 78 0 1788864679 176509
27 4048 2249 0 1788864679 179000
25 3588 164 0 1788864679 180566
24 3802 1076 0 1788864679 181752
27 4054 120 0 1788864679 182889
27 4056 1782 0 1788864679 184962
26 3204 508 0 1788864679 185192
26 3208 287 0 1788864679 186328
27 4065 242 0 1788864679 191474
24 3826 319 0 1788864679 193263
27 4070 312 0 1788864679 193483
24 3831 324 0 1788864679 195708
26 3227 245 0 1788864679 197408
25 3636 293 0 1788864679 199099
24 3844 257 0 1788864679 199922
26 3263 210 0 1788864679 210120
25 3656 161 0 1788864679 211795
26 3273 153 0 1788864679 212255
27 4131 207 0 1788864679 213638
26 3283 230 0 1788864679 214636
25 3662 397 0 1788864679 214718
24 3891 218 0 1788864679 215027
27 4137 205 0 1788864679 215388
26 3296 248 0 1788864679 220996
27 4149 255 0 1788864679 221641
24 3904 409 0 1788864679 221876
25 3675 146 0 1788864679 222877
25 3677 422 0 1788864679 223846
26 3311 296 0 1788864679 226128
25 3691 240 0 1788864679 227082
24 3922 302 0 1788864679 227795
24 3925 241 0 1788864679 228638
25 3705 329 0 1788864679 229741
26 3325 155 0 1788864679 230924
24 3934 162 0 1788864679 231368
24 3940 224 0 1788864679 232467
25 3733 83 0 1788864679 232924
26 3338 127 0 1788864679 233177
24 3952 362 0 1788864679 235635
27 4197 552 0 1788864679 236242
27 4223 148 0 1788864679 245284
27 4224 170 0 1788864679 245461
24 3984 106 0 1788864679 245493
24 3986 201 0 1788864679 245862
26 3380 159 0 1788864679 246122
24 3991 163 0 1788864679 246826
26 3386 246 0 1788864679 247440
25 3786 91 0 1788864679 249627
26 3406 87 0 1788864679 250677
26 3412 509 0 1788864679 254202
25 3802 183 0 1788864679 257001
27 4263 259 0 1788864679 257603
26 3427 220 0 1788864679 259272
24 4047 122 0 1788864679 260257
24 4057 121 0 1788864679 261465
25 3833 103 0 1788864679 261592
25 3841 122 0 1788864679 262682
25 3846 151 0 1788864679 263357
24 4069 210 0 1788864679 263592
25 3854 135 0 1788864679 264427
27 4301 162 0 1788864679 264745
25 3865 164 0 1788864679 266039
27 4317 149 0 1788864679 267005
27 4322 397 0 1788864679 267974
27 4327 282 0 1788864679 268780
24 4095 388 0 1788864679 272792
26 3477 194 0 1788864679 273219
24 4103 98 0 1788864679 274218
26 3489 144 0 1788864679 275391
26 3494 117 0 1788864679 276298
26 3498 164 0 1788864679 276927
26 3500 180 0 1788864679 277329
25 3919 114 0 1788864679 277739
26 3504 262 0 1788864679 278072
25 3923 193 0 1788864679 278697
24 4131 157 0 1788864679 278726
25 3924 114 0 1788864679 278816
24 4132 155 0 1788864679 278884
25 3929 177 0 1788864679 279707
25 3933 141 0 1788864679 280347
26 3517 136 0 1788864679 280728
27 4397 114 0 1788864679 283081
27 4403 107 0 1788864679 283694
24 4155 0 0 1788864679 286339
27 4435 129 0 1788864679 288472
24 4168 230 0 1788864679 288973
27 4440 109 0 1788864679 289261
25 3991 229 0 1788864679 293686
24 4179 166 0 1788864679 293757
24 4185 122 0 1788864679 294602
27 4464 96 0 1788864679 296808
27 4483 461 0 1788864679 299596
25 4017 200 0 1788864679 299941
26 3584 222 0 1788864679 300190
25 4022 128 0 1788864679 301041
24 4223 108 0 1788864679 301461
27 4497 112 0 1788864679 301737
27 4504 111 0 1788864679 302731
25 4039 226 0 1788864679 304773
26 3618 152 0 1788864679 305679
25 4052 223 0 1788864679 308219
27 4543 133 0 1788864679 308539
27 4548 85 0 1788864679 309177
26 3655 139 0 1788864679 312594
24 4287 160 0 1788864679 313524
26 3664 129 0 1788864679 314023
26 3675 126 0 1788864679 319430
26 3679 163 0 1788864679 320105
24 4310 204 0 1788864679 321794
27 4618 165 0 1788864679 322551
26 3692 190 0 1788864679 322746
24 4335 164 0 1788864679 326623
27 4634 214 0 1788864679 327136
27 4641 224 0 1788864679 328723
24 4352 213 0 1788864679 329713
24 4354 203 0 1788864679 330054
25 4137 204 0 1788864679 330607
27 4651 219 0 1788864679 330969
26 3740 219 0 1788864679 331439
27 4665 213 0 1788864679 334299
25 4154 249 0 1788864679 336094
24 4393 156 0 1788864679 338625
24 4395 123 0 1788864679 338926
27 4680 196 0 1788864679 339379
24 4399 823 0 1788864679 340245
24 4401 184 0 1788864679 340577
26 3797 125 0 1788864679 343962
24 4422 139 0 1788864679 344344
27 4697 221 0 1788864679 344547
25 4194 222 0 1788864679 346734
26 3821 125 0 1788864679 348217
27 4719 384 0 1788864679 351276
27 4725 2088 0 1788864679 354595
24 4494 195 0 1788864679 360692
24 4495 174 0 1788864679 360872
25 4229 275 0 1788864679 362082
25 4236 294 0 1788864679 364827
25 4239 273 0 1788864679 365693
27 4754 327 0 1788864679 366128
27 4755 376 0 1788864679 366509
24 4509 920 0 1788864679 367692
25 4247 290 0 1788864679 368008
24 4517 476 0 1788864679 370415
26 3883 259 0 1788864679 372341
25 4264 435 0 1788864679 374930
26 3890 438 0 1788864679 375277
25 4266 339 0 1788864679 375733
26 3897 109 0 1788864679 377123
24 4553 124 0 1788864679 377285
26 3907 179 0 1788864679 378403
25 4289 96 0 1788864679 380361
27 4795 184 0 1788864679 380464
25 4292 108 0 1788864679 380697
27 4804 213 0 1788864679 383878
27 4806 170 0 1788864679 384179
25 4327 86 0 1788864679 385582
26 3928 427 0 1788864679 386122
24 4597 210 0 1788864679 388249
25 4354 99 0 1788864679 388588
26 3939 203 0 1788864679 388595
24 4601 216 0 1788864679 389063
25 4371 76 0 1788864679 390280
24 4606 763 0 1788864679 391343
25 4405 121 0 1788864679 394276
27 4846 160 0 1788864679 394481
25 4418 100 0 1788864679 395959
25 4420 100 0 1788864679 396186
25 4439 117 0 1788864679 398339
25 4471 94 0 1788864679 401989
26 4006 238 0 1788864679 404043
26 4007 182 0 1788864679 404229
25 4525 68 0 1788864679 407449
25 4529 68 0 1788864679 407728
27 4893 216 0 1788864679 409967
25 4558 121 0 1788864679 410903
27 4898 221 0 1788864679 411041
24 4685 229 0 1788864679 411732
27 4903 129 0 1788864679 412012
24 4689 204 0 1788864679 412536
25 4582 98 0 1788864679 413833
25 4587 96 0 1788864679 414369
25 4590 100 0 1788864679 414688
24 4698 207 0 1788864679 414940
24 4718 215 0 1788864679 419886
24 4726 159 0 1788864679 421557
27 4943 188 0 1788864679 421623
25 4653 104 0 1788864679 422937
24 4737 141 0 1788864679 423361
24 4739 96 0 1788864679 423626
26 4073 238 0 1788864679 424087
26 4074 122 0 1788864679 424213
25 4687 86 0 1788864679 427145
25 4689 132 0 1788864679 427997
25 4701 111 0 1788864679 429422
25 4716 130 0 1788864679 431308
25 4717 81 0 1788864679 431413
26 4109 194 0 1788864679 433194
27 4992 229 0 1788864679 433467
25 4742 102 0 1788864679 434488
25 4743 108 0 1788864679 434622
26 4120 232 0 1788864679 435690
24 4797 227 0 1788864679 437268
24 4800 219 0 1788864679 438074
26 4132 311 0 1788864679 438539
25 4778 83 0 1788864679 438909
27 5013 232 0 1788864679 439399
25 4791 98 0 1788864679 440394
24 4809 277 0 1788864679 440482
27 5020 229 0 1788864679 441086
24 4824 227 0 1788864679 444351
26 4154 331 0 1788864679 444729
27 5033 303 0 1788864679 445186
25 4825 149 0 1788864679 445339
24 4838 324 0 1788864679 453164
26 4174 188 0 1788864679 455601
24 4856 246 0 1788864679 463356
26 4182 254 0 1788864679 463445
26 4184 2758 0 1788864679 466523
24 4859 496 0 1788864679 466912
27 5065 460 0 1788864679 467102
24 4864 393 0 1788864679 469846
24 4871 88 0 1788864679 472468
24 4883 138 0 1788864679 485284
25 4859 226 0 1788864679 485414
24 4884 395 0 1788864679 485688
25 4873 117 0 1788864679 487554
25 4881 104 0 1788864679 489087
27 5099 4259 0 1788864679 493777
25 4894 388 0 1788864679 499740
25 4911 89 0 1788864679 503724
25 4939 66 0 1788864679 506053
26 4223 435 0 1788864679 509967
25 4942 140 0 1788864679 510114
25 4949 125 0 1788864679 514775
24 4913 712 0 1788864679 518468
27 5120 192 0 1788864679 521592
24 4941 523 0 1788864679 535191
24 4942 505 0 1788864679 535703
26 4267 213 0 1788864679 538081
24 4947 529 0 1788864679 538183
24 4949 518 0 1788864679 539725
26 4278 593 0 1788864679 544127
25 4999 468 0 1788864679 546773
25 5001 1111 0 1788864679 548350
26 4283 119 0 1788864679 548674
25 5037 400 0 1788864679 569787
27 5199 624 0 1788864679 569901
24 4998 480 0 1788864679 570491
26 4326 367 0 1788864679 573305
25 5044 524 0 1788864679 573493
25 5049 501 0 1788864679 575901
26 4336 1713 0 1788864679 579949
27 5222 294 0 1788864679 584305
24 5024 260 0 1788864679 585140
26 4351 261 0 1788864679 586705
25 5070 264 0 1788864679 586762
25 5072 122 0 1788864679 587313
24 5032 256 0 1788864679 587472
24 5046 106 0 1788864679 589991
24 5062 374 0 1788864679 595316
25 5104 509 0 1788864679 596694
27 5274 372 0 1788864679 603052
27 5297 101 0 1788864679 609507
27 5303 359 0 1788864679 611510
24 5110 281 0 1788864679 614121
25 5149 288 0 1788864679 614324
24 5118 287 0 1788864679 618112
26 4451 238 0 1788864679 622017
24 5137 351 0 1788864679 623568
26 4461 340 0 1788864679 624979
25 5192 196 0 1788864679 628544
24 5166 200 0 1788864679 631284
26 4490 235 0 1788864679 635022
26 4492 207 0 1788864679 635527
24 5176 200 0 1788864679 636114
25 5229 391 0 1788864679 639764
24 5193 171 0 1788864679 640697
25 5238 300 0 1788864679 642363
26 4520 301 0 1788864679 643580
25 5246 306 0 1788864679 645170
26 4525 313 0 1788864679 645369
25 5248 294 0 1788864679 645757
27 5362 280 0 1788864679 645765
27 5369 301 0 1788864679 647756
27 5391 184 0 1788864679 656705
27 5400 362 0 1788864679 661031
27 5403 182 0 1788864679 661709
24 5244 360 0 1788864679 663745
27 5408 214 0 1788864679 663754
24 5250 285 0 1788864679 668207
24 5251 284 0 1788864679 668497
24 5259 291 0 1788864679 670769
25 5301 288 0 1788864679 671572
25 5308 279 0 1788864679 673608
25 5316 199 0 1788864679 675961
24 5281 83 0 1788864679 677078
25 5331 263 0 1788864679 680492
26 4613 280 0 1788864679 681263
25 5348 203 0 1788864679 687581
25 5356 173 0 1788864679 689373
25 5366 144 0 1788864679 691965
26 4655 92 0 1788864679 693287
26 4662 84 0 1788864679 694137
25 5373 313 0 1788864679 694246
24 5335 381 0 1788864679 694739
27 5485 112 0 1788864679 694966
25 5383 293 0 1788864679 697622
26 4696 848 0 1788864679 698812
26 4701 447 0 1788864679 701871
25 5397 172 0 1788864679 702447
24 5358 131 0 1788864679 703962
26 4713 382 0 1788864679 704938
24 5368 126 0 1788864679 705593
26 4720 131 0 1788864679 705960
27 5526 194 0 1788864679 707003
26 4724 129 0 1788864679 707137
25 5420 230 0 1788864679 707581
27 5533 98 0 1788864679 708636
25 5428 224 0 1788864679 709413
26 4738 236 0 1788864679 710342
26 4743 190 0 1788864679 711423
26 4753 453 0 1788864679 714163
24 5428 250 0 1788864679 714875
26 4756 201 0 1788864679 714991
25 5454 333 0 1788864679 716373
27 5561 309 0 1788864679 716593
24 5447 102 0 1788864679 717530
27 5568 1076 0 1788864679 719418
24 5466 104 0 1788864679 722485
24 5474 99 0 1788864679 723525
27 5578 454 0 1788864679 724173
24 5484 134 0 1788864679 724734
24 5491 101 0 1788864679 725590
24 5496 101 0 1788864679 726394
24 5504 100 0 1788864679 727367
25 5486 306 0 1788864679 729016
26 4796 307 0 1788864679 729892
25 5495 496 0 1788864679 732112
25 5499 299 0 1788864679 733342
26 4809 322 0 1788864679 734112
24 5558 88 0 1788864679 734227
25 5510 388 0 1788864679 738034
24 5568 98 0 1788864679 738795
25 5512 445 0 1788864679 738803
24 5588 103 0 1788864679 741064
25 5521 500 0 1788864679 741804
26 4842 312 0 1788864679 745842
27 5645 318 0 1788864679 746714
26 4849 193 0 1788864679 748011
26 4850 292 0 1788864679 748328
26 4858 294 0 1788864679 750957
26 4859 295 0 1788864679 751258
27 5663 1638 0 1788864679 753794
27 5709 85 0 1788864679 759345
27 5712 79 0 1788864679 759603
27 5719 107 0 1788864679 760272
25 5578 234 0 1788864679 760862
26 4890 242 0 1788864679 761752
27 5734 82 0 1788864679 762056
25 5585 287 0 1788864679 762616
27 5744 110 0 1788864679 763248
26 4911 166 0 1788864679 765279
24 5705 298 0 1788864679 765390
26 4919 83 0 1788864679 766881
25 5618 311 0 1788864679 774661
24 5729 350 0 1788864679 774890
25 5619 364 0 1788864679 775032
26 4971 107 0 1788864679 776553
25 5632 539 0 1788864679 779468
26 5006 87 0 1788864679 780793
26 5015 91 0 1788864679 781773
26 5021 110 0 1788864679 782953
27 5820 287 0 1788864679 790833
24 5772 310 0 1788864679 790948
26 5047 94 0 1788864679 791068
26 5050 92 0 1788864679 791404
27 5823 343 0 1788864679 791883
26 5065 88 0 1788864679 793064
26 5072 108 0 1788864679 793852
26 5076 125 0 1788864679 794289
26 5088 110 0 1788864679 795784
26 5090 87 0 1788864679 795999
26 5095 94 0 1788864679 796637
26 5102 89 0 1788864679 797391
26 5104 112 0 1788864679 797614
26 5107 107 0 1788864679 797936
25 5684 321 0 1788864679 798582
26 5115 88 0 1788864679 798808
27 5850 342 0 1788864679 800826
27 5852 535 0 1788864679 801669
25 5701 321 0 1788864679 806059
24 5828 311 0 1788864679 810816
26 5194 85 0 1788864679 810927
26 5201 105 0 1788864679 812257
26 5204 82 0 1788864679 812551
25 5726 315 0 1788864679 814095
25 5727 294 0 1788864679 814397
24 5842 317 0 1788864679 815150
27 5901 281 0 1788864679 818514
24 5855 172 0 1788864679 819052
25 5743 170 0 1788864679 819138
24 5863 253 0 1788864679 821230
26 5255 108 0 1788864679 821800
27 5914 272 0 1788864679 822261
26 5316 84 0 1788864679 828796
26 5317 80 0 1788864679 828899
26 5329 84 0 1788864679 830304
26 5330 84 0 1788864679 830410
27 5944 291 0 1788864679 831353
25 5785 306 0 1788864679 831866
26 5347 102 0 1788864679 832174
24 5898 304 0 1788864679 832276
25 5789 286 0 1788864679 833133
24 5909 424 0 1788864679 835852
27 5959 244 0 1788864679 836274
27 5962 246 0 1788864679 837022
25 5803 317 0 1788864679 837510
26 5371 110 0 1788864679 838100
27 5976 288 0 1788864679 841320
25 5816 305 0 1788864679 841524
24 5932 245 0 1788864679 842808
27 5984 297 0 1788864679 843828
25 5826 403 0 1788864679 844801
27 5998 309 0 1788864679 847808
24 5952 300 0 1788864679 848507
24 5954 309 0 1788864679 849175
24 5960 258 0 1788864679 850777
25 5849 248 0 1788864679 851119
25 5853 239 0 1788864679 852254
27 6020 208 0 1788864679 854132
25 5862 346 0 1788864679 855034
24 5980 415 0 1788864679 856541
24 5988 278 0 1788864679 858747
25 5878 280 0 1788864679 859762
25 5892 141 0 1788864679 865249
26 5526 277 0 1788864679 873190
24 6016 323 0 1788864679 873702
27 6064 340 0 1788864679 874275
24 6018 445 0 1788864679 874456
26 5534 313 0 1788864679 876271
27 6077 266 0 1788864679 880044
25 5913 117 0 1788864679 880770
26 5546 401 0 1788864679 881747
26 5549 475 0 1788864679 882878
25 5923 220 0 1788864679 884447
26 5554 136 0 1788864679 885056
24 6054 90 0 1788864679 888603
27 6105 260 0 1788864679 890214
27 6108 158 0 1788864679 890889
25 5943 373 0 1788864679 891016
25 5944 91 0 1788864679 891114
27 6110 162 0 1788864679 891226
24 6080 194 0 1788864679 891335
24 6082 103 0 1788864679 891527
26 5576 257 0 1788864679 891829
24 6105 83 0 1788864679 893554
24 6126 85 0 1788864679 895810
27 6132 227 0 1788864679 897016
25 5974 78 0 1788864679 897122
26 5610 245 0 1788864679 900217
24 6147 252 0 1788864679 900633
27 6159 245 0 1788864679 903822
27 6162 248 0 1788864679 904578
25 6029 84 0 1788864679 905404
26 5640 242 0 1788864679 907581
27 6176 256 0 1788864679 908234
24 6179 263 0 1788864679 908411
25 6068 75 0 1788864679 909163
25 6069 342 0 1788864679 909513
24 6185 289 0 1788864679 909847
25 6081 99 0 1788864679 910561
26 5652 213 0 1788864679 910691
24 6193 149 0 1788864679 911555
24 6198 231 0 1788864679 912756
24 6210 85 0 1788864679 914129
27 6210 1094 0 1788864679 917800
25 6108 496 0 1788864679 918093
24 6245 328 0 1788864679 922200
27 6224 454 0 1788864679 923703
25 6129 495 0 1788864679 926710
25 6130 351 0 1788864679 927068
26 5710 575 0 1788864679 928070
25 6147 357 0 1788864679 934483
27 6251 528 0 1788864679 935662
27 6258 1734 0 1788864679 939488
26 5740 362 0 1788864679 941097
27 6289 263 0 1788864679 949523
25 6196 371 0 1788864679 951301
24 6330 349 0 1788864679 952617
26 5789 81 0 1788864679 953093
27 6320 406 0 1788864679 959718
27 6326 420 0 1788864679 962224
24 6356 341 0 1788864679 962665
26 5821 255 0 1788864679 964587
25 6243 276 0 1788864679 965271
27 6360 362 0 1788864679 973522
25 6272 379 0 1788864679 977713
24 6395 382 0 1788864679 977810
24 6398 361 0 1788864679 978876
27 6387 329 0 1788864679 982108
27 6402 484 0 1788864679 991723
27 6412 827 0 1788864679 999237
25 6297 89 0 1788864680 2258
26 5880 413 0 1788864680 2793
24 6430 151 0 1788864680 4737
24 6439 340 0 1788864680 7475
27 6428 352 0 1788864680 7918
25 6320 793 0 1788864680 8882
24 6443 862 0 1788864680 9840
27 6432 2202 0 1788864680 12138
27 6443 322 0 1788864680 14985
27 6455 1868 0 1788864680 20205
25 6362 136 0 1788864680 21275
25 6363 234 0 1788864680 21577
25 6381 195 0 1788864680 25066
27 6465 432 0 1788864680 29335
27 6468 318 0 1788864680 30358
24 6489 340 0 1788864680 31558
24 6491 632 0 1788864680 32568
25 6408 277 0 1788864680 34179
26 5959 296 0 1788864680 34582
24 6503 81 0 1788864680 36358
26 5967 389 0 1788864680 36837
25 6422 261 0 1788864680 37721
26 5974 403 0 1788864680 38945
24 6524 199 0 1788864680 41072
24 6531 139 0 1788864680 41982
24 6532 79 0 1788864680 42065
24 6543 84 0 1788864680 43037
26 5992 251 0 1788864680 43592
25 6456 224 0 1788864680 50269
27 6541 595 0 1788864680 51801
26 6012 412 0 1788864680 53139
26 6034 0 0 1788864680 60883
27 6562 320 0 1788864680 61382
26 6055 78 0 1788864680 63362
25 6490 289 0 1788864680 63841
24 6643 294 0 1788864680 64865
26 6071 236 0 1788864680 67583
26 6076 250 0 1788864680 69402
24 6660 350 0 1788864680 70507
27 6599 352 0 1788864680 73552
24 6669 323 0 1788864680 74070
25 6527 256 0 1788864680 76003
26 6096 257 0 1788864680 76355
27 6609 282 0 1788864680 76467
27 6611 202 0 1788864680 77008
27 6618 253 0 1788864680 78987
24 6703 355 0 1788864680 79932
26 6114 330 0 1788864680 81632
25 6553 375 0 1788864680 83807
27 6634 172 0 1788864680 84406
27 6643 371 0 1788864680 87536
26 6135 463 0 1788864680 88837
27 6650 444 0 1788864680 89797
25 6576 207 0 1788864680 91424
26 6148 155 0 1788864680 92378
27 6659 265 0 1788864680 92436
24 6742 323 0 1788864680 92815
24 6745 83 0 1788864680 93083
25 6595 236 0 1788864680 96578
24 6775 98 0 1788864680 96682
26 6170 146 0 1788864680 96764
25 6599 271 0 1788864680 97529
27 6678 236 0 1788864680 97723
27 6680 201 0 1788864680 98128
25 6604 453 0 1788864680 98659
24 6788 1301 0 1788864680 100281
24 6789 201 0 1788864680 100491
26 6183 115 0 1788864680 100636
26 6184 82 0 1788864680 100721
25 6615 279 0 1788864680 101682
25 6632 128 0 1788864680 106849
25 6646 363 0 1788864680 113338
24 6825 360 0 1788864680 113522
24 6837 358 0 1788864680 117753
25 6661 566 0 1788864680 120317
26 6226 357 0 1788864680 121622
25 6666 1991 0 1788864680 125220
26 6244 1116 0 1788864680 140722
27 6758 183 0 1788864680 145758
24 6877 841 0 1788864680 149387
25 6711 145 0 1788864680 150795
27 6779 396 0 1788864680 151309
26 6270 2395 0 1788864680 154050
26 6277 900 0 1788864680 159572
25 6757 510 0 1788864680 167809
27 6814 760 0 1788864680 172714
25 6766 631 0 1788864680 173604
27 6820 0 0 1788864680 176003
27 6826 103 0 1788864680 176554
26 6307 518 0 1788864680 177634
25 6784 434 0 1788864680 183905
24 6942 609 0 1788864680 186841
27 6892 1122 0 1788864680 205022
24 6966 722 0 1788864680 207252
26 6348 927 0 1788864680 213423
24 6988 307 0 1788864680 227505
25 6833 288 0 1788864680 227513
26 6359 0 0 1788864680 230094
26 6362 0 0 1788864680 230511
25 6839 0 0 1788864680 232236
26 6366 386 0 1788864680 232852
25 6841 105 0 1788864680 233417
24 7011 232 0 1788864680 236139
24 7012 92 0 1788864680 236236
24 7020 288 0 1788864680 238381
25 6866 197 0 1788864680 238389
25 6873 80 0 1788864680 239085
25 6876 929 0 1788864680 240288
27 6936 193 0 1788864680 241366
24 7046 83 0 1788864680 246808
27 6953 118 0 1788864680 247752
27 6955 129 0 1788864680 248051
25 6927 321 0 1788864680 249712
27 6968 90 0 1788864680 250040
24 7075 78 0 1788864680 250823
24 7086 139 0 1788864680 252571
25 6952 83 0 1788864680 253094
24 7103 96 0 1788864680 254601
24 7104 183 0 1788864680 254799
25 6980 233 0 1788864680 256361
25 6981 135 0 1788864680 256504
24 7114 156 0 1788864680 256723
26 6421 348 0 1788864680 257412
24 7129 112 0 1788864680 259141
27 7010 96 0 1788864680 262773
25 7025 109 0 1788864680 263125
27 7012 747 0 1788864680 263676
24 7153 125 0 1788864680 264753
24 7155 156 0 1788864680 265049
25 7041 131 0 1788864680 265159
26 6453 218 0 1788864680 266118
25 7052 138 0 1788864680 266652
25 7060 105 0 1788864680 267574
25 7061 150 0 1788864680 267733
25 7063 128 0 1788864680 267973
25 7076 151 0 1788864680 269627
26 6465 408 0 1788864680 269770
25 7080 146 0 1788864680 270199
26 6468 333 0 1788864680 270675
24 7195 207 0 1788864680 271092
25 7089 110 0 1788864680 271347
26 6470 380 0 1788864680 271389
24 7205 147 0 1788864680 272652
25 7107 106 0 1788864680 273796
25 7130 81 0 1788864680 276841
27 7058 233 0 1788864680 277342
24 7238 167 0 1788864680 278242
25 7168 130 0 1788864680 281682
26 6504 551 0 1788864680 282830
25 7193 184 0 1788864680 284536
24 7268 164 0 1788864680 284979
24 7276 219 0 1788864680 286809
26 6516 267 0 1788864680 287306
24 7282 169 0 1788864680 288002
27 7088 261 0 1788864680 289751
24 7293 106 0 1788864680 292857
25 7232 0 0 1788864680 294180
26 6540 517 0 1788864680 302702
27 7111 506 0 1788864680 305657
26 6546 415 0 1788864680 306884
24 7331 317 0 1788864680 308057
25 7263 511 0 1788864680 308968
27 7119 430 0 1788864680 308976
24 7339 263 0 1788864680 310480
24 7341 289 0 1788864680 310978
25 7270 534 0 1788864680 312245
24 7347 238 0 1788864680 313357
27 7135 385 0 1788864680 316555
24 7367 197 0 1788864680 319916
27 7143 371 0 1788864680 322533
24 7376 453 0 1788864680 323641
27 7149 329 0 1788864680 324428
24 7381 350 0 1788864680 325333
25 7320 0 0 1788864680 325720
25 7334 81 0 1788864680 326814
25 7357 199 0 1788864680 329395
25 7366 114 0 1788864680 330775
27 7175 232 0 1788864680 330812
25 7368 135 0 1788864680 331064
24 7415 159 0 1788864680 333282
25 7383 152 0 1788864680 333512
27 7189 165 0 1788864680 333961
25 7388 108 0 1788864680 334144
25 7402 66 0 1788864680 335921
25 7420 123 0 1788864680 339140
24 7453 305 0 1788864680 343014
25 7442 148 0 1788864680 343278
24 7456 307 0 1788864680 343796
24 7463 174 0 1788864680 345578
27 7235 227 0 1788864680 346034
26 6595 297 0 1788864680 346151
25 7459 182 0 1788864680 346337
24 7469 365 0 1788864680 347056
27 7246 105 0 1788864680 348048
25 7480 319 0 1788864680 350077
25 7494 234 0 1788864680 352520
27 7269 273 0 1788864680 353900
25 7503 211 0 1788864680 354439
26 6607 451 0 1788864680 355185
27 7275 285 0 1788864680 355499
27 7276 2091 0 1788864680 357596
24 7510 319 0 1788864680 360455
25 7511 265 0 1788864680 360556
24 7511 235 0 1788864680 360696
26 6620 291 0 1788864680 364455
24 7518 1745 0 1788864680 365097
27 7290 623 0 1788864680 367814
25 7553 190 0 1788864680 370772
25 7567 288 0 1788864680 373988
27 7298 1113 0 1788864680 375852
24 7554 344 0 1788864680 377805
25 7590 219 0 1788864680 379603
25 7593 241 0 1788864680 380237
26 6664 265 0 1788864680 384919
24 7576 300 0 1788864680 385813
26 6672 518 0 1788864680 388491
27 7312 91 0 1788864680 389096
27 7313 116 0 1788864680 389216
25 7632 345 0 1788864680 389539
26 6678 509 0 1788864680 391263
27 7334 93 0 1788864680 391984
27 7340 165 0 1788864680 392745
26 6683 359 0 1788864680 393246
27 7346 92 0 1788864680 393433
26 6685 399 0 1788864680 394143
25 7652 346 0 1788864680 395829
25 7653 311 0 1788864680 396145
26 6690 602 0 1788864680 396313
27 7369 81 0 1788864680 396342
27 7398 92 0 1788864680 400008
25 7667 253 0 1788864680 400783
26 6725 421 0 1788864680 412376
25 7722 142 0 1788864680 415089
24 7656 497 0 1788864680 416915
25 7737 268 0 1788864680 418616
25 7740 278 0 1788864680 419499
27 7506 674 0 1788864680 425741
26 6761 245 0 1788864680 427568
24 7704 260 0 1788864680 429303
24 7708 172 0 1788864680 429982
26 6769 403 0 1788864680 430231
25 7774 287 0 1788864680 430759
27 7536 88 0 1788864680 431548
27 7555 116 0 1788864680 434032
27 7562 234 0 1788864680 434946
24 7724 331 0 1788864680 436089
27 7574 150 0 1788864680 436269
26 6785 316 0 1788864680 436721
27 7582 98 0 1788864680 437201
27 7598 116 0 1788864680 439183
25 7802 447 0 1788864680 439607
24 7737 183 0 1788864680 441170
25 7809 311 0 1788864680 441787
27 7630 111 0 1788864680 443240
27 7640 92 0 1788864680 444486
27 7643 153 0 1788864680 444911
26 6806 392 0 1788864680 445369
27 7662 96 0 1788864680 447358
27 7666 109 0 1788864680 447805
27 7708 308 0 1788864680 453420
25 7843 160 0 1788864680 455670
26 6830 329 0 1788864680 461885
24 7805 280 0 1788864680 465136
24 7812 0 0 1788864680 466415
24 7827 220 0 1788864680 469616
25 7870 382 0 1788864680 469902
27 7751 295 0 1788864680 471292
24 7851 199 0 1788864680 474518
24 7859 630 0 1788864680 479217
27 7769 284 0 1788864680 480528
26 6868 752 0 1788864680 480869
25 7892 357 0 1788864680 482193
26 6871 382 0 1788864680 482318
27 7774 267 0 1788864680 482324
26 6874 324 0 1788864680 483669
26 6877 793 0 1788864680 485268
25 7901 219 0 1788864680 486086
24 7890 194 0 1788864680 486732
26 6886 316 0 1788864680 488418
24 7898 135 0 1788864680 488446
26 6896 255 0 1788864680 491432
27 7814 179 0 1788864680 492509
26 6900 269 0 1788864680 492783
26 6910 0 0 1788864680 494997
25 7945 0 0 1788864680 497604
27 7818 655 0 1788864680 497994
27 7819 485 0 1788864680 498483
25 7953 244 0 1788864680 499600
27 7839 294 0 1788864680 506282
24 7931 362 0 1788864680 506530
26 6956 278 0 1788864680 506537
25 7991 290 0 1788864680 509598
27 7851 129 0 1788864680 509701
24 7939 434 0 1788864680 510693
25 7996 289 0 1788864680 510960
25 8011 259 0 1788864680 514924
26 6998 270 0 1788864680 517823
27 7874 431 0 1788864680 519292
27 7877 541 0 1788864680 520399
25 8037 277 0 1788864680 521967
26 7016 283 0 1788864680 522489
25 8047 165 0 1788864680 524516
25 8050 271 0 1788864680 525329
26 7027 295 0 1788864680 525440
24 7970 250 0 1788864680 525584
25 8053 209 0 1788864680 526098
25 8058 228 0 1788864680 527401
24 7979 455 0 1788864680 530616
26 7053 176 0 1788864680 532115
26 7056 365 0 1788864680 533006
25 8085 218 0 1788864680 534138
26 7068 207 0 1788864680 535947
24 7991 691 0 1788864680 537706
25 8101 292 0 1788864680 538517
27 7912 521 0 1788864680 539484
25 8116 265 0 1788864680 542243
25 8117 244 0 1788864680 542492
25 8119 273 0 1788864680 543043
25 8127 269 0 1788864680 545166
24 8013 530 0 1788864680 553437
26 7141 262 0 1788864680 554597
27 7938 532 0 1788864680 556161
24 8025 353 0 1788864680 557491
25 8184 293 0 1788864680 560005
27 7947 272 0 1788864680 561081
24 8041 280 0 1788864680 562759
24 8043 289 0 1788864680 563357
25 8196 277 0 1788864680 563364
27 7963 177 0 1788864680 565480
27 7965 268 0 1788864680 565978
27 7971 151 0 1788864680 567238
25 8213 264 0 1788864680 568110
27 7976 352 0 1788864680 568783
26 7195 296 0 1788864680 570110
25 8220 311 0 1788864680 570330
27 7989 185 0 1788864680 572044
27 8007 366 0 1788864680 575851
26 7217 278 0 1788864680 576592
27 8012 237 0 1788864680 577320
26 7222 268 0 1788864680 577889
26 7225 846 0 1788864680 579233
26 7243 130 0 1788864680 581712
26 7249 106 0 1788864680 582441
27 8036 186 0 1788864680 583157
27 8037 192 0 1788864680 583373
26 7257 137 0 1788864680 583515
27 8060 124 0 1788864680 598822
27 8065 1364 0 1788864680 603646
24 8104 1286 0 1788864680 604942
26 7280 1247 0 1788864680 604956
26 7281 2990 0 1788864680 608005
24 8117 481 0 1788864680 620562
25 8294 139 0 1788864680 620572
27 8104 270 0 1788864680 621786
25 8304 364 0 1788864680 623291
27 8112 219 0 1788864680 627785
24 8126 443 0 1788864680 628108
27 8113 369 0 1788864680 628160
27 8133 128 0 1788864680 632923
25 8387 110 0 1788864680 634897
25 8388 93 0 1788864680 634996
25 8393 121 0 1788864680 635699
26 7323 928 0 1788864680 637105
24 8141 980 0 1788864680 637780
25 8405 84 0 1788864680 638458
26 7326 467 0 1788864680 638643
27 8162 358 0 1788864680 640119
25 8424 166 0 1788864680 641717
25 8429 119 0 1788864680 642326
26 7337 490 0 1788864680 643472
27 8189 193 0 1788864680 648317
27 8204 369 0 1788864680 654974
24 8173 739 0 1788864680 658435
27 8223 296 0 1788864680 663016
26 7375 306 0 1788864680 663843
27 8226 152 0 1788864680 663851
25 8462 1546 0 1788864680 663981
27 8234 436 0 1788864680 666767
24 8187 475 0 1788864680 668368
24 8189 380 0 1788864680 669272
25 8469 731 0 1788864680 670590
27 8256 257 0 1788864680 673787
26 7406 454 0 1788864680 677481
24 8213 623 0 1788864680 682837
24 8214 814 0 1788864680 683660
24 8215 817 0 1788864680 684481
26 7424 465 0 1788864680 685384
27 8285 534 0 1788864680 687890
24 8227 617 0 1788864680 690309
27 8291 507 0 1788864680 690792
26 7445 347 0 1788864680 693526
24 8241 443 0 1788864680 698207
26 7459 402 0 1788864680 699835
25 8494 1118 0 1788864680 702482
26 7467 504 0 1788864680 703475
24 8256 508 0 1788864680 704184
26 7470 570 0 1788864680 704956
27 8318 201 0 1788864680 706568
24 8275 247 0 1788864680 712526
24 8295 422 0 1788864680 719462
25 8511 1109 0 1788864680 726124
26 7515 330 0 1788864680 726502
26 7516 435 0 1788864680 726963
26 7522 371 0 1788864680 729385
27 8341 266 0 1788864680 730804
24 8333 398 0 1788864680 734468
24 8334 334 0 1788864680 734807
27 8352 218 0 1788864680 737384
24 8346 364 0 1788864680 738838
24 8349 339 0 1788864680 739840
27 8361 829 0 1788864680 742782
24 8366 208 0 1788864680 745645
24 8370 279 0 1788864680 746464
27 8375 118 0 1788864680 747836
27 8376 163 0 1788864680 748004
27 8386 868 0 1788864680 750457
27 8403 208 0 1788864680 754023
24 8424 180 0 1788864680 760452
27 8437 308 0 1788864680 764905
25 8562 325 0 1788864680 772605
25 8563 538 0 1788864680 773153
27 8491 214 0 1788864680 779483
26 7558 801 0 1788864680 785013
25 8575 496 0 1788864680 785513
27 8505 279 0 1788864680 786038
24 8522 655 0 1788864680 786360
24 8523 597 0 1788864680 786964
27 8508 756 0 1788864680 787751
24 8534 459 0 1788864680 792346
25 8593 814 0 1788864680 795525
24 8545 150 0 1788864680 796151
27 8533 352 0 1788864680 802230
27 8546 523 0 1788864680 809076
27 8551 616 0 1788864680 811890
25 8615 987 0 1788864680 812104
24 8589 330 0 1788864680 816930
24 8592 274 0 1788864680 817787
24 8593 428 0 1788864680 818223
27 8570 309 0 1788864680 820855
24 8606 298 0 1788864680 821958
24 8609 263 0 1788864680 822886
27 8575 541 0 1788864680 823454
25 8628 578 0 1788864680 825496
24 8628 254 0 1788864680 826735
25 8630 620 0 1788864680 826910
24 8667 201 0 1788864680 836974
24 8677 360 0 1788864680 839855
26 7649 448 0 1788864680 845834
27 8590 437 0 1788864680 851286
25 8657 939 0 1788864680 851772
24 8709 333 0 1788864680 853489
24 8718 242 0 1788864680 855952
24 8719 301 0 1788864680 856260
27 8626 0 0 1788864680 912590
25 8689 706 0 1788864680 915144
27 8660 78 0 1788864680 916285
26 7699 841 0 1788864680 921165
24 8767 647 0 1788864680 925244
25 8720 1685 0 1788864680 942309
26 7719 1919 0 1788864680 942318
24 8786 575 0 1788864680 942895
25 8726 926 0 1788864680 946652
25 8734 1357 0 1788864680 964082
24 8802 1744 0 1788864680 966811
24 8803 1160 0 1788864680 967978
27 8706 948 0 1788864680 975025
25 8743 0 0 1788864680 978326
26 7745 124 0 1788864680 991828
26 7750 1693 0 1788864680 994321
24 8823 641 0 1788864680 999607
25 8761 532 0 1788864681 2007
24 8830 495 0 1788864681 7543
27 8726 0 0 1788864681 8937
25 8772 0 0 1788864681 10881
27 8739 751 0 1788864681 19001
27 8747 766 0 1788864681 25954
24 8854 994 0 1788864681 27298
24 8855 0 0 1788864681 27708
25 8800 0 0 1788864681 31742
26 7798 0 0 1788864681 32711
27 8757 439 0 1788864681 33817
24 8869 0 0 1788864681 36064
25 8811 508 0 1788864681 41424
27 8766 543 0 1788864681 42843
26 7835 0 0 1788864681 56525
27 8783 322 0 1788864681 57719
25 8845 0 0 1788864681 65068
26 7851 334 0 1788864681 66713
25 8852 310 0 1788864681 68394
27 8798 225 0 1788864681 71600
25 8856 1662 0 1788864681 73780
24 8931 725 0 1788864681 80403
25 8884 480 0 1788864681 88216
24 8944 638 0 1788864681 92278
27 8837 560 0 1788864681 92747
27 8842 625 0 1788864681 96183
25 8905 645 0 1788864681 100265
27 8851 667 0 1788864681 100645
26 7915 423 0 1788864681 106204
25 8913 395 0 1788864681 106396
26 7920 402 0 1788864681 108760
27 8854 5869 0 1788864681 108768
26 7935 0 0 1788864681 115727
25 8948 474 0 1788864681 122303
26 7958 94 0 1788864681 122354
24 8978 274 0 1788864681 122512
25 8950 302 0 1788864681 122975
27 8881 279 0 1788864681 123382
24 8983 303 0 1788864681 124338
24 8985 263 0 1788864681 124907
27 8901 465 0 1788864681 139823
24 9001 251 0 1788864681 143020
24 9005 112 0 1788864681 143585
24 9017 85 0 1788864681 145438
24 9020 747 0 1788864681 146539
27 8920 462 0 1788864681 146643
26 8038 756 0 1788864681 147205
25 8984 796 0 1788864681 147533
27 8929 649 0 1788864681 151718
24 9056 92 0 1788864681 161361
26 8062 746 0 1788864681 162822
24 9074 467 0 1788864681 165105
26 8071 350 0 1788864681 167671
25 9026 136 0 1788864681 169134
27 8960 248 0 1788864681 170331
27 8966 561 0 1788864681 173151
26 8083 560 0 1788864681 174395
26 8091 756 0 1788864681 178268
24 9102 175 0 1788864681 178446
27 8989 82 0 1788864681 184251
26 8105 87 0 1788864681 185776
25 9070 83 0 1788864681 187860
27 9010 612 0 1788864681 192168
25 9095 0 0 1788864681 198212
27 9024 181 0 1788864681 200037
25 9103 431 0 1788864681 201061
27 9033 239 0 1788864681 203380
24 9159 668 0 1788864681 208424
27 9061 154 0 1788864681 208690
24 9162 333 0 1788864681 209620
24 9165 452 0 1788864681 210750
26 8171 454 0 1788864681 216844
24 9185 362 0 1788864681 217890
27 9089 283 0 1788864681 219467
27 9093 309 0 1788864681 221240
24 9196 206 0 1788864681 221525
27 9114 133 0 1788864681 225470
24 9207 806 0 1788864681 226281
25 9156 716 0 1788864681 226805
27 9131 165 0 1788864681 228360
27 9138 166 0 1788864681 229524
27 9149 119 0 1788864681 231348
25 9163 801 0 1788864681 232654
27 9162 150 0 1788864681 233506
27 9168 84 0 1788864681 234211
27 9175 101 0 1788864681 236152
26 8217 293 0 1788864681 239798
26 8218 302 0 1788864681 240104
25 9190 404 0 1788864681 255368
25 9195 177 0 1788864681 256516
27 9213 339 0 1788864681 257746
24 9263 531 0 1788864681 259312
27 9222 440 0 1788864681 261509
25 9214 313 0 1788864681 261703
24 9268 566 0 1788864681 262049
26 8253 352 0 1788864681 263155
25 9222 363 0 1788864681 264293
26 8264 328 0 1788864681 267049
27 9235 345 0 1788864681 267241
27 9258 274 0 1788864681 275973
27 9259 328 0 1788864681 276307
26 8305 260 0 1788864681 285165
26 8317 337 0 1788864681 289091
25 9284 432 0 1788864681 289808
25 9291 368 0 1788864681 292579
24 9344 338 0 1788864681 293019
26 8327 434 0 1788864681 293550
26 8345 454 0 1788864681 300186
24 9366 226 0 1788864681 301814
24 9372 246 0 1788864681 304396
25 9322 398 0 1788864681 305340
26 8360 276 0 1788864681 306245
25 9326 398 0 1788864681 306453
27 9329 492 0 1788864681 306766
25 9336 149 0 1788864681 310455
27 9341 280 0 1788864681 311525
26 8380 511 0 1788864681 314741
25 9351 369 0 1788864681 316488
24 9403 644 0 1788864681 318428
24 9404 344 0 1788864681 318780
27 9370 360 0 1788864681 323115
25 9375 361 0 1788864681 324334
24 9419 318 0 1788864681 325155
27 9376 324 0 1788864681 325270
26 8411 225 0 1788864681 325499
25 9379 361 0 1788864681 325988
25 9391 407 0 1788864681 330937
27 9392 395 0 1788864681 331127
26 8435 334 0 1788864681 335684
26 8441 396 0 1788864681 337996
27 9418 321 0 1788864681 341037
25 9430 388 0 1788864681 347077
24 9482 364 0 1788864681 347552
24 9483 309 0 1788864681 347865
26 8465 177 0 1788864681 348214
26 8474 411 0 1788864681 352120
27 9453 896 0 1788864681 354140
25 9450 282 0 1788864681 355036
24 9500 405 0 1788864681 356156
27 9460 523 0 1788864681 357954
24 9505 713 0 1788864681 358341
24 9512 504 0 1788864681 360957
24 9525 279 0 1788864681 367965
26 8521 524 0 1788864681 369798
26 8536 203 0 1788864681 374496
24 9550 372 0 1788864681 384241
24 9554 342 0 1788864681 385703
24 9556 354 0 1788864681 386453
26 8589 390 0 1788864681 393725
27 9517 570 0 1788864681 394027
27 9519 463 0 1788864681 395165
27 9521 437 0 1788864681 395964
24 9571 357 0 1788864681 395995
26 8601 333 0 1788864681 398853
26 8607 349 0 1788864681 400660
27 9529 449 0 1788864681 401138
25 9581 491 0 1788864681 402828
27 9535 502 0 1788864681 403431
27 9541 462 0 1788864681 406155
26 8626 431 0 1788864681 408784
25 9597 448 0 1788864681 409464
25 9599 440 0 1788864681 410363
27 9567 328 0 1788864681 415685
25 9612 467 0 1788864681 416157
25 9615 431 0 1788864681 417438
24 9626 303 0 1788864681 418552
26 8658 678 0 1788864681 422787
26 8663 681 0 1788864681 425978
24 9661 427 0 1788864681 441225
27 9611 704 0 1788864681 442522
25 9662 859 0 1788864681 446347
26 8697 610 0 1788864681 448429
25 9667 606 0 1788864681 449722
24 9688 358 0 1788864681 456700
26 8714 358 0 1788864681 459708
25 9688 381 0 1788864681 459922
24 9703 276 0 1788864681 462047
24 9707 379 0 1788864681 463521
24 9708 451 0 1788864681 463980
27 9645 467 0 1788864681 465282
26 8729 345 0 1788864681 468501
26 8734 291 0 1788864681 470306
26 8736 353 0 1788864681 471052
27 9663 258 0 1788864681 473184
27 9669 364 0 1788864681 475282
27 9678 385 0 1788864681 478803
24 9741 491 0 1788864681 479065
26 8761 424 0 1788864681 480646
27 9691 435 0 1788864681 483669
24 9752 1458 0 1788864681 484582
27 9730 271 0 1788864681 492250
26 8786 641 0 1788864681 495808
27 9771 252 0 1788864681 503942
27 9778 257 0 1788864681 505472
25 9777 681 0 1788864681 505796
25 9779 635 0 1788864681 507060
27 9801 254 0 1788864681 510439
25 9786 638 0 1788864681 511501
24 9799 627 0 1788864681 513906
27 9824 668 0 1788864681 517501
25 9796 1459 0 1788864681 523644
24 9810 1274 0 1788864681 528146
24 9816 123 0 1788864681 538277
25 9809 1286 0 1788864681 542541
24 9821 1307 0 1788864681 543513
26 8845 855 0 1788864681 551358
24 9849 1023 0 1788864681 569388
27 9867 2140 0 1788864681 569498
27 9872 166 0 1788864681 573482
26 8874 653 0 1788864681 578952
24 9859 954 0 1788864681 580446
25 9877 557 0 1788864681 586409
24 9876 970 0 1788864681 594875
26 8892 1034 0 1788864681 596013
24 9880 1259 0 1788864681 598990
27 9907 849 0 1788864681 605625
26 8901 5402 0 1788864681 610824
25 9925 254 0 1788864681 614536
25 9943 616 0 1788864681 627782
26 8920 639 0 1788864681 636009
24 9912 905 0 1788864681 640714
26 8934 695 0 1788864681 647812
24 9926 727 0 1788864681 651473
25 9979 90 0 1788864681 652364
26 8941 833 0 1788864681 655432
27 9951 686 0 1788864681 656461
24 9940 989 0 1788864681 663118
27 9965 819 0 1788864681 669733
25 10019 1425 0 1788864681 679665
27 9985 626 0 1788864681 688262
26 8981 1343 0 1788864681 692015
27 9992 1184 0 1788864681 696690
25 10038 1069 0 1788864681 700909
24 9988 1124 0 1788864681 711819
24 9997 644 0 1788864681 736508
27 10022 712 0 1788864681 742346
26 9027 757 0 1788864681 749969
27 10035 675 0 1788864681 751265
24 10021 763 0 1788864681 752800
24 10023 328 0 1788864681 753488
26 9039 490 0 1788864681 756195
27 10050 557 0 1788864681 760839
24 10038 508 0 1788864681 761060
24 10046 444 0 1788864681 764894
24 10050 420 0 1788864681 766471
25 10111 315 0 1788864681 766885
24 10055 338 0 1788864681 768042
26 9067 348 0 1788864681 768492
25 10125 438 0 1788864681 772910
25 10132 270 0 1788864681 775129
27 10065 558 0 1788864681 775327
25 10134 346 0 1788864681 775874
26 9086 347 0 1788864681 775970
24 10079 395 0 1788864681 777143
24 10085 264 0 1788864681 779200
25 10152 321 0 1788864681 782229
26 9104 339 0 1788864681 782391
25 10156 357 0 1788864681 783779
25 10161 421 0 1788864681 785811
26 9115 441 0 1788864681 786705
26 9118 358 0 1788864681 787707
26 9123 188 0 1788864681 789050
27 10080 3307 0 1788864681 790130
25 10175 449 0 1788864681 790393
25 10181 343 0 1788864681 792676
24 10130 255 0 1788864681 796030
24 10134 178 0 1788864681 797317
26 9152 314 0 1788864681 800137
25 10208 489 0 1788864681 803270
26 9162 420 0 1788864681 804305
25 10211 342 0 1788864681 804492
25 10212 419 0 1788864681 804914
25 10213 424 0 1788864681 805342
26 9175 286 0 1788864681 809375
25 10227 341 0 1788864681 810848
25 10240 326 0 1788864681 816550
24 10191 332 0 1788864681 821300
26 9205 305 0 1788864681 822231
26 9222 1235 0 1788864681 829757
27 10118 751 0 1788864681 831291
25 10271 1020 0 1788864681 831464
25 10273 908 0 1788864681 833281
25 10281 945 0 1788864681 841139
25 10290 637 0 1788864681 849861
25 10291 1004 0 1788864681 850870
25 10292 896 0 1788864681 851771
25 10297 778 0 1788864681 856128
25 10310 1482 0 1788864681 876302
24 10255 4625 0 1788864681 884542
27 10159 88 0 1788864681 884958
27 10167 107 0 1788864681 885691
27 10182 93 0 1788864681 887135
27 10188 90 0 1788864681 887759
27 10212 79 0 1788864681 889841
24 10259 145 0 1788864681 890115
27 10219 309 0 1788864681 891005
27 10226 89 0 1788864681 892412
25 10355 108 0 1788864681 894708
25 10386 70 0 1788864681 897508
25 10409 85 0 1788864681 899222
25 10423 121 0 1788864681 900422
25 10428 152 0 1788864681 900982
26 9278 4629 0 1788864681 901322
27 10242 1247 0 1788864681 905486
25 10436 1656 0 1788864681 910768
27 10246 0 0 1788864681 913168
27 10250 1743 0 1788864681 917212
24 10277 0 0 1788864681 921819
26 9291 0 0 1788864681 922368
25 10454 0 0 1788864681 936877
26 9302 0 0 1788864681 942290
25 10465 0 0 1788864681 948752
24 10321 958 0 1788864681 966094
26 9329 861 0 1788864681 970165
24 10329 1316 0 1788864681 973376
25 10490 1597 0 1788864681 973386
26 9341 1162 0 1788864681 980987
25 10506 671 0 1788864681 984149
27 10318 922 0 1788864681 988731
26 9355 562 0 1788864681 991321
24 10358 766 0 1788864681 994676
27 10326 88 0 1788864681 995433
24 10359 1557 0 1788864681 996239
25 10524 1515 0 1788864681 997878
24 10368 717 0 1788864682 3594
26 9382 0 0 1788864682 10959
25 10545 0 0 1788864682 12662
27 10351 0 0 1788864682 14987
25 10552 0 0 1788864682 15270
27 10355 0 0 1788864682 16731
25 10557 0 0 1788864682 17327
24 10380 0 0 1788864682 25343
27 10367 904 0 1788864682 33674
24 10389 0 0 1788864682 33896
26 9395 1381 0 1788864682 38188
27 10373 636 0 1788864682 40920
27 10374 2015 0 1788864682 43495
27 10375 0 0 1788864682 44533
26 9401 0 0 1788864682 45301
24 10402 3941 0 1788864682 47164
26 9406 0 0 1788864682 48784
27 10387 0 0 1788864682 58045
26 9416 629 0 1788864682 58081
26 9417 697 0 1788864682 58971
24 10424 0 0 1788864682 62388
26 9432 498 0 1788864682 71258
24 10442 477 0 1788864682 72895
27 10425 741 0 1788864682 80877
25 10631 0 0 1788864682 91075
26 9460 1603 0 1788864682 96566
24 10490 1423 0 1788864682 108499
24 10491 475 0 1788864682 108979
27 10456 590 0 1788864682 108987
24 10495 0 0 1788864682 111449
24 10498 368 0 1788864682 113653
27 10482 125 0 1788864682 142913
25 10681 271 0 1788864682 143213
27 10485 616 0 1788864682 144502
26 9503 594 0 1788864682 145067
25 10696 583 0 1788864682 154813
24 10546 688 0 1788864682 161100
26 9526 532 0 1788864682 162173
25 10710 693 0 1788864682 163604
26 9530 845 0 1788864682 164740
25 10713 805 0 1788864682 165912
26 9545 375 0 1788864682 172745
27 10527 283 0 1788864682 172936
25 10737 442 0 1788864682 176513
24 10584 377 0 1788864682 179291
26 9577 328 0 1788864682 186505
27 10553 459 0 1788864682 190682
27 10554 548 0 1788864682 191235
26 9590 292 0 1788864682 193280
27 10561 114 0 1788864682 193323
27 10567 98 0 1788864682 194392
26 9597 293 0 1788864682 197286
27 10573 485 0 1788864682 197743
24 10627 1296 0 1788864682 201522
26 9605 0 0 1788864682 203025
27 10581 1108 0 1788864682 204138
26 9614 572 0 1788864682 206990
25 10788 561 0 1788864682 208414
25 10789 703 0 1788864682 209122
24 10650 676 0 1788864682 209335
25 10795 685 0 1788864682 213257
24 10663 436 0 1788864682 216781
24 10667 389 0 1788864682 218847
25 10807 340 0 1788864682 219223
27 10607 1883 0 1788864682 221364
24 10676 283 0 1788864682 222722
27 10621 521 0 1788864682 225850
24 10697 712 0 1788864682 231390
24 10698 0 0 1788864682 231744
27 10640 103 0 1788864682 233486
27 10651 120 0 1788864682 236764
24 10715 131 0 1788864682 237003
24 10722 235 0 1788864682 238115
26 9673 580 0 1788864682 238479
25 10859 1857 0 1788864682 242474
27 10663 1607 0 1788864682 244170
27 10677 338 0 1788864682 259788
27 10705 171 0 1788864682 266973
26 9691 610 0 1788864682 267090
25 10875 310 0 1788864682 269712
26 9699 674 0 1788864682 271791
27 10745 123 0 1788864682 273980
27 10763 101 0 1788864682 276944
25 10894 337 0 1788864682 277064
27 10767 119 0 1788864682 277444
24 10780 270 0 1788864682 280728
27 10795 98 0 1788864682 281202
27 10823 98 0 1788864682 284822
24 10793 353 0 1788864682 285180
26 9738 330 0 1788864682 285638
25 10918 494 0 1788864682 285897
24 10801 609 0 1788864682 288205
27 10842 101 0 1788864682 288334
24 10808 326 0 1788864682 290641
27 10869 93 0 1788864682 292275
27 10878 95 0 1788864682 293808
26 9768 501 0 1788864682 298572
27 10910 253 0 1788864682 299465
26 9780 513 0 1788864682 303956
27 10935 1111 0 1788864682 307577
24 10848 160 0 1788864682 309210
24 10850 568 0 1788864682 310706
27 10949 471 0 1788864682 310813
24 10852 274 0 1788864682 311619
25 10986 295 0 1788864682 313649
25 11003 274 0 1788864682 318828
25 11020 0 0 1788864682 330660
26 9850 839 0 1788864682 333271
25 11028 0 0 1788864682 335154
27 10987 904 0 1788864682 346932
24 10899 827 0 1788864682 347395
27 10988 1317 0 1788864682 348577
25 11071 245 0 1788864682 350663
26 9897 422 0 1788864682 352249
25 11078 0 0 1788864682 353930
27 10998 356 0 1788864682 356036
26 9907 539 0 1788864682 357286
27 11009 360 0 1788864682 361642
27 11018 354 0 1788864682 364942
26 9933 0 0 1788864682 370963
26 9945 0 0 1788864682 375806
25 11152 0 0 1788864682 391969
25 11159 0 0 1788864682 394471
26 9990 0 0 1788864682 395795
25 11164 0 0 1788864682 397576
26 10013 0 0 1788864682 418974
25 11181 0 0 1788864682 419874
25 11188 0 0 1788864682 420892
27 11045 260 0 1788864682 427184
27 11047 313 0 1788864682 428409
26 10044 257 0 1788864682 434307
24 10996 255 0 1788864682 434976
24 11002 680 0 1788864682 438186
26 10056 297 0 1788864682 438926
24 11005 687 0 1788864682 441915
24 11012 154 0 1788864682 445416
26 10073 308 0 1788864682 445880
25 11254 0 0 1788864682 447335
27 11076 5343 0 1788864682 454865
24 11028 292 0 1788864682 462141
25 11277 113 0 1788864682 462939
24 11037 376 0 1788864682 465225
25 11300 114 0 1788864682 465676
26 10104 145 0 1788864682 465724
26 10108 138 0 1788864682 466397
26 10113 185 0 1788864682 467595
25 11314 90 0 1788864682 467844
27 11100 442 0 1788864682 470025
25 11337 88 0 1788864682 470456
25 11340 129 0 1788864682 470841
26 10134 187 0 1788864682 472193
26 10146 269 0 1788864682 474541
27 11109 431 0 1788864682 475018
25 11383 91 0 1788864682 476151
26 10155 181 0 1788864682 476382
27 11112 574 0 1788864682 476390
27 11116 383 0 1788864682 478299
25 11410 109 0 1788864682 479418
25 11422 111 0 1788864682 480812
27 11125 226 0 1788864682 480851
26 10196 293 0 1788864682 485621
26 10206 124 0 1788864682 489217
25 11492 84 0 1788864682 491232
25 11494 78 0 1788864682 491394
25 11499 82 0 1788864682 491999
24 11105 415 0 1788864682 493821
24 11107 740 0 1788864682 494994
24 11110 419 0 1788864682 495986
24 11111 441 0 1788864682 496437
25 11543 82 0 1788864682 498383
25 11561 153 0 1788864682 501286
25 11567 284 0 1788864682 502383
25 11584 147 0 1788864682 505645
27 11167 224 0 1788864682 506383
26 10272 160 0 1788864682 507421
27 11185 129 0 1788864682 510256
27 11187 188 0 1788864682 510758
26 10281 180 0 1788864682 512449
26 10283 103 0 1788864682 512818
25 11614 226 0 1788864682 514646
25 11634 222 0 1788864682 518237
27 11197 974 0 1788864682 518763
24 11170 270 0 1788864682 524350
24 11176 225 0 1788864682 526483
26 10326 115 0 1788864682 526871
27 11217 295 0 1788864682 528221
25 11665 311 0 1788864682 529669
27 11222 461 0 1788864682 529836
25 11667 249 0 1788864682 530089
24 11190 339 0 1788864682 532530
27 11230 630 0 1788864682 532801
26 10371 138 0 1788864682 533590
27 11232 2098 0 1788864682 535204
25 11695 162 0 1788864682 536386
27 11236 259 0 1788864682 539834
24 11207 1026 0 1788864682 542343
25 11765 137 0 1788864682 546389
24 11230 82 0 1788864682 547367
25 11771 242 0 1788864682 547548
27 11247 580 0 1788864682 547557
25 11788 143 0 1788864682 551461
24 11253 370 0 1788864682 552590
25 11813 97 0 1788864682 554926
25 11828 115 0 1788864682 556477
25 11833 91 0 1788864682 556995
26 10409 1872 0 1788864682 557864
25 11841 290 0 1788864682 558045
24 11259 97 0 1788864682 558147
27 11270 723 0 1788864682 562250
24 11270 280 0 1788864682 569584
27 11288 421 0 1788864682 570323
24 11271 777 0 1788864682 570368
27 11306 320 0 1788864682 573867
27 11308 328 0 1788864682 574511
27 11323 130 0 1788864682 584382
25 11875 849 0 1788864682 586472
25 11876 824 0 1788864682 587304
24 11285 668 0 1788864682 587851
27 11348 214 0 1788864682 588902
25 11883 330 0 1788864682 593764
27 11381 83 0 1788864682 595196
27 11384 173 0 1788864682 595738
25 11893 245 0 1788864682 597299
25 11911 429 0 1788864682 604089
27 11416 231 0 1788864682 606582
24 11341 242 0 1788864682 607050
24 11345 190 0 1788864682 607898
24 11350 228 0 1788864682 609097
25 11925 255 0 1788864682 610309
27 11430 179 0 1788864682 611120
25 11927 423 0 1788864682 611170
24 11363 364 0 1788864682 611882
25 11931 209 0 1788864682 612407
25 11933 236 0 1788864682 612953
27 11450 113 0 1788864682 621688
25 11962 156 0 1788864682 629444
25 11963 94 0 1788864682 629546
24 11397 358 0 1788864682 631268
24 11401 370 0 1788864682 632771
26 10478 103 0 1788864682 635585
25 12006 249 0 1788864682 638758
27 11504 184 0 1788864682 638970
24 11428 283 0 1788864682 645357
27 11530 353 0 1788864682 645744
25 12037 237 0 1788864682 646860
26 10505 338 0 1788864682 647467
27 11541 329 0 1788864682 647850
27 11557 111 0 1788864682 650912
27 11563 0 0 1788864682 651894
27 11580 205 0 1788864682 655243
25 12075 264 0 1788864682 659182
25 12080 265 0 1788864682 660534
24 11486 112 0 1788864682 665324
27 11629 104 0 1788864682 665334
26 10556 446 0 1788864682 667993
27 11639 180 0 1788864682 668405
25 12099 422 0 1788864682 669289
27 11650 234 0 1788864682 671893
26 10570 294 0 1788864682 673376
27 11656 169 0 1788864682 673591
25 12115 115 0 1788864682 675258
27 11662 415 0 1788864682 675420
24 11511 405 0 1788864682 675780
26 10579 521 0 1788864682 676330
25 12130 354 0 1788864682 680308
25 12132 315 0 1788864682 680921
26 10585 211 0 1788864682 681566
27 11693 208 0 1788864682 682805
24 11538 257 0 1788864682 684411
25 12144 317 0 1788864682 684565
24 11545 347 0 1788864682 686558
27 11715 266 0 1788864682 688856
25 12171 162 0 1788864682 690534
26 10615 308 0 1788864682 690893
25 12176 195 0 1788864682 691660
25 12187 102 0 1788864682 693483
25 12204 164 0 1788864682 696104
27 11753 205 0 1788864682 697615
26 10634 455 0 1788864682 697975
26 10643 168 0 1788864682 700295
27 11770 196 0 1788864682 702483
26 10651 584 0 1788864682 704936
25 12257 192 0 1788864682 718443
27 11819 152 0 1788864682 719581
25 12272 182 0 1788864682 721192
25 12274 113 0 1788864682 721874
25 12275 222 0 1788864682 722106
25 12278 158 0 1788864682 722550
27 11835 182 0 1788864682 722778
27 11839 191 0 1788864682 723438
25 12289 119 0 1788864682 724341
26 10717 171 0 1788864682 726171
27 11855 157 0 1788864682 726183
26 10718 191 0 1788864682 726376
27 11857 154 0 1788864682 726595
26 10724 3053 0 1788864682 730652
25 12305 663 0 1788864682 733952
27 11878 359 0 1788864682 735639
24 11557 576 0 1788864682 738814
26 10736 647 0 1788864682 741458
27 11904 156 0 1788864682 744970
27 11917 274 0 1788864682 751554
27 11928 335 0 1788864682 755756
24 11575 771 0 1788864682 755986
24 11579 763 0 1788864682 758935
27 11942 375 0 1788864682 764251
26 10759 810 0 1788864682 764481
24 11584 527 0 1788864682 766896
26 10763 693 0 1788864682 768260
25 12342 1295 0 1788864682 773315
26 10795 518 0 1788864682 789527
25 12387 671 0 1788864682 796686
27 11988 1814 0 1788864682 800662
25 12395 331 0 1788864682 801308
27 11994 604 0 1788864682 803878
26 10829 420 0 1788864682 805044
25 12407 287 0 1788864682 807025
27 12000 643 0 1788864682 807815
26 10848 300 0 1788864682 810270
27 12005 838 0 1788864682 812303
27 12006 1009 0 1788864682 813317
24 11677 982 0 1788864682 818269
25 12432 527 0 1788864682 818923
26 10892 292 0 1788864682 820144
26 10903 214 0 1788864682 822750
26 10913 125 0 1788864682 824511
26 10941 172 0 1788864682 829978
25 12452 258 0 1788864682 831112
25 12455 311 0 1788864682 832203
26 10958 133 0 1788864682 832964
24 11710 269 0 1788864682 833505
26 10963 240 0 1788864682 833899
24 11738 267 0 1788864682 840833
26 10982 216 0 1788864682 841490
25 12475 209 0 1788864682 841723
26 10983 248 0 1788864682 841779
26 10995 548 0 1788864682 848024
25 12495 280 0 1788864682 848335
25 12502 297 0 1788864682 850688
24 11768 702 0 1788864682 850792
25 12504 247 0 1788864682 851256
25 12506 105 0 1788864682 853686
27 12069 828 0 1788864682 854382
25 12509 247 0 1788864682 854485
24 11773 736 0 1788864682 855530
24 11774 621 0 1788864682 856155
25 12520 423 0 1788864682 857375
26 11014 344 0 1788864682 857687
24 11790 0 0 1788864682 867338
24 11791 0 0 1788864682 867510
24 11794 0 0 1788864682 868034
24 11800 0 0 1788864682 869993
24 11802 0 0 1788864682 870342
27 12078 8080 0 1788864682 872563
26 11035 764 0 1788864682 879282
27 12092 844 0 1788864682 901757
25 12557 630 0 1788864682 903600
26 11054 0 0 1788864682 907686
24 11846 455 0 1788864682 908915
25 12574 404 0 1788864682 911204
27 12116 524 0 1788864682 913637
26 11071 287 0 1788864682 913948
24 11875 931 0 1788864682 921063
27 12127 946 0 1788864682 921679
27 12128 0 0 1788864682 922180
25 12601 431 0 1788864682 925359
27 12166 110 0 1788864682 937709
27 12197 86 0 1788864682 940722
24 11930 1250 0 1788864682 980575
27 12241 1466 0 1788864682 981321
25 12639 1434 0 1788864682 984723
27 12256 482 0 1788864682 996958
27 12265 369 0 1788864683 124
24 11973 201 0 1788864683 1283
24 11984 125 0 1788864683 2668
24 11995 152 0 1788864683 4689
25 12695 103 0 1788864683 5872
26 11141 412 0 1788864683 6014
24 12006 262 0 1788864683 6564
27 12282 442 0 1788864683 7220
24 12019 129 0 1788864683 9982
24 12026 352 0 1788864683 13181
24 12037 631 0 1788864683 19412
26 11166 608 0 1788864683 19859
27 12309 417 0 1788864683 20369
26 11169 314 0 1788864683 21095
27 12316 0 0 1788864683 23398
27 12317 0 0 1788864683 23736
25 12742 1998 0 1788864683 28758
26 11178 3615 0 1788864683 32598
24 12051 0 0 1788864683 35386
25 12753 0 0 1788864683 39315
24 12078 73 0 1788864683 48238
24 12096 105 0 1788864683 50161
24 12102 96 0 1788864683 50732
24 12122 89 0 1788864683 52587
26 11183 12266 0 1788864683 54264
24 12138 669 0 1788864683 58680
24 12148 3912 0 1788864683 70481
26 11202 0 0 1788864683 71781
24 12152 910 0 1788864683 74267
24 12154 0 0 1788864683 76033
24 12165 119 0 1788864683 84490
25 12789 194 0 1788864683 84501
25 12792 225 0 1788864683 85205
24 12174 244 0 1788864683 85740
26 11217 1227 0 1788864683 88467
27 12370 1436 0 1788864683 88875
26 11221 1445 0 1788864683 92115
26 11223 985 0 1788864683 96580
25 12823 1399 0 1788864683 109871
24 12228 493 0 1788864683 115388
24 12233 203 0 1788864683 116747
24 12241 181 0 1788864683 118470
27 12396 288 0 1788864683 118666
26 11262 0 0 1788864683 127133
27 12411 195 0 1788864683 134091
27 12414 286 0 1788864683 136052
27 12422 1404 0 1788864683 143092
25 12891 637 0 1788864683 153035
27 12435 0 0 1788864683 155062
27 12441 0 0 1788864683 158997
26 11292 5323 0 1788864683 165312
27 12446 1701 0 1788864683 168696
26 11319 292 0 1788864683 189500
26 11321 623 0 1788864683 191010
25 12932 626 0 1788864683 191111
27 12465 385 0 1788864683 194134
27 12469 0 0 1788864683 197351
26 11329 1285 0 1788864683 197568
24 12351 708 0 1788864683 203579
27 12478 101 0 1788864683 207951
25 12953 937 0 1788864683 208894
25 12958 0 0 1788864683 212503
24 12362 1195 0 1788864683 214357
24 12369 650 0 1788864683 220959
24 12387 1052 0 1788864683 236023
27 12543 216 0 1788864683 237015
24 12388 1368 0 1788864683 237402
26 11390 343 0 1788864683 245099
24 12399 282 0 1788864683 246256
27 12558 4341 0 1788864683 247259
26 11419 240 0 1788864683 254118
26 11423 445 0 1788864683 255304
25 13019 401 0 1788864683 258578
26 11452 144 0 1788864683 262240
24 12433 269 0 1788864683 263159
26 11464 222 0 1788864683 265078
27 12600 125 0 1788864683 269053
26 11509 222 0 1788864683 276582
27 12626 231 0 1788864683 276865
27 12634 179 0 1788864683 278421
27 12654 128 0 1788864683 282193
27 12658 145 0 1788864683 282807
25 13052 121 0 1788864683 283031
25 13053 139 0 1788864683 283199
25 13054 94 0 1788864683 283297
26 11548 135 0 1788864683 283627
24 12491 517 0 1788864683 287165
26 11562 485 0 1788864683 287180
25 13079 0 0 1788864683 287402
27 12685 254 0 1788864683 289839
26 11578 407 0 1788864683 290840
26 11602 263 0 1788864683 297061
25 13100 345 0 1788864683 301516
27 12730 168 0 1788864683 302441
26 11643 230 0 1788864683 306129
24 12537 427 0 1788864683 317986
24 12542 332 0 1788864683 320409
25 13124 1688 0 1788864683 321785
24 12551 426 0 1788864683 324709
24 12554 399 0 1788864683 326359
27 12809 263 0 1788864683 327648
26 11684 432 0 1788864683 331947
27 12816 483 0 1788864683 332711
26 11688 249 0 1788864683 333132
26 11693 795 0 1788864683 335877
26 11695 367 0 1788864683 336863
27 12829 690 0 1788864683 338677
26 11699 351 0 1788864683 339072
24 12578 700 0 1788864683 339470
26 11700 407 0 1788864683 339833
24 12588 364 0 1788864683 344873
24 12597 544 0 1788864683 348455
26 11727 343 0 1788864683 352674
27 12869 238 0 1788864683 357338
25 13169 794 0 1788864683 362871
25 13170 930 0 1788864683 363831
26 11753 209 0 1788864683 365952
24 12632 314 0 1788864683 367057
27 12882 809 0 1788864683 369366
24 12650 476 0 1788864683 377120
24 12659 441 0 1788864683 380656
24 12674 499 0 1788864683 389885
26 11831 317 0 1788864683 392333
27 12905 120 0 1788864683 393965
26 11847 240 0 1788864683 396102
26 11859 258 0 1788864683 399554
26 11879 183 0 1788864683 404562
27 12939 559 0 1788864683 407413
25 13229 617 0 1788864683 409295
27 12947 183 0 1788864683 409565
27 12956 374 0 1788864683 412722
27 12957 466 0 1788864683 413193
27 12968 321 0 1788864683 418765
27 12972 183 0 1788864683 420177
24 12723 585 0 1788864683 422224
24 12725 731 0 1788864683 423460
27 12981 462 0 1788864683 425615
25 13263 507 0 1788864683 431456
27 13002 620 0 1788864683 440523
25 13277 611 0 1788864683 440810
24 12753 485 0 1788864683 441873
26 11912 254 0 1788864683 444913
25 13284 341 0 1788864683 447367
27 13020 292 0 1788864683 448935
25 13294 273 0 1788864683 454042
25 13299 823 0 1788864683 458070
25 13310 373 0 1788864683 465301
25 13315 399 0 1788864683 467615
26 11990 0 0 1788864683 469115
26 12001 413 0 1788864683 473217
26 12005 0 0 1788864683 474911
27 13079 284 0 1788864683 476514
27 13082 302 0 1788864683 477696
25 13337 692 0 1788864683 478054
25 13342 519 0 1788864683 480440
26 12021 378 0 1788864683 480448
25 13347 524 0 1788864683 482677
25 13351 339 0 1788864683 484179
24 12826 362 0 1788864683 484553
25 13352 279 0 1788864683 484559
24 12828 364 0 1788864683 485505
27 13097 490 0 1788864683 507435
27 13098 418 0 1788864683 507949
25 13360 1200 0 1788864683 510304
26 12046 506 0 1788864683 513552
26 12051 516 0 1788864683 516103
26 12053 718 0 1788864683 517485
26 12054 243 0 1788864683 517736
27 13131 250 0 1788864683 519080
25 13381 500 0 1788864683 525454
27 13163 351 0 1788864683 527977
27 13166 226 0 1788864683 528962
26 12077 518 0 1788864683 530531
27 13174 120 0 1788864683 530837
25 13393 513 0 1788864683 533135
26 12086 255 0 1788864683 536432
24 12877 659 0 1788864683 537140
27 13214 276 0 1788864683 539176
26 12093 433 0 1788864683 539313
27 13228 145 0 1788864683 544621
26 12116 156 0 1788864683 545908
26 12126 532 0 1788864683 552391
26 12135 220 0 1788864683 554215
24 12897 1559 0 1788864683 558855
26 12158 200 0 1788864683 560919
27 13242 217 0 1788864683 565097
24 12904 1709 0 1788864683 567299
24 12907 0 0 1788864683 570511
27 13249 284 0 1788864683 571231
24 12909 683 0 1788864683 571946
27 13252 464 0 1788864683 572387
27 13267 462 0 1788864683 579715
25 13454 976 0 1788864683 584988
27 13287 321 0 1788864683 589743
26 12207 199 0 1788864683 590135
26 12213 459 0 1788864683 591544
26 12237 441 0 1788864683 598776
24 12949 898 0 1788864683 601262
27 13337 192 0 1788864683 607883
27 13362 866 0 1788864683 618748
24 12970 1233 0 1788864683 619986
27 13366 169 0 1788864683 620062
24 12973 480 0 1788864683 621436
26 12264 121 0 1788864683 621709
24 12974 545 0 1788864683 621990
27 13375 100 0 1788864683 622137
24 12977 450 0 1788864683 623411
25 13524 795 0 1788864683 624856
27 13395 156 0 1788864683 625510
27 13398 208 0 1788864683 625954
26 12290 251 0 1788864683 629020
26 12316 225 0 1788864683 638474
26 12318 364 0 1788864683 639181
27 13464 101 0 1788864683 639861
26 12323 188 0 1788864683 641016
26 12336 260 0 1788864683 645095
27 13489 168 0 1788864683 647539
26 12351 137 0 1788864683 647916
24 13019 1006 0 1788864683 651296
26 12370 210 0 1788864683 651831
24 13021 416 0 1788864683 652255
26 12376 184 0 1788864683 652907
24 13024 834 0 1788864683 654178
27 13518 1095 0 1788864683 654911
25 13568 755 0 1788864683 656018
24 13028 588 0 1788864683 656339
26 12408 139 0 1788864683 657954
27 13535 228 0 1788864683 658059
25 13573 771 0 1788864683 659741
26 12425 153 0 1788864683 660411
26 12437 240 0 1788864683 662299
25 13577 528 0 1788864683 662383
24 13039 327 0 1788864683 662482
26 12443 101 0 1788864683 663393
27 13548 183 0 1788864683 665002
27 13553 66 0 1788864683 665457
27 13565 71 0 1788864683 673267
27 13568 64 0 1788864683 673500
27 13573 69 0 1788864683 674065
27 13585 67 0 1788864683 675008
27 13596 68 0 1788864683 675967
27 13609 83 0 1788864683 677332
25 13595 140 0 1788864683 678413
27 13624 88 0 1788864683 679323
27 13634 90 0 1788864683 680548
24 13075 449 0 1788864683 681027
26 12495 214 0 1788864683 681035
27 13648 86 0 1788864683 682061
26 12506 226 0 1788864683 683480
27 13667 120 0 1788864683 684703
26 12516 169 0 1788864683 686084
25 13607 786 0 1788864683 688838
26 12527 250 0 1788864683 689146
26 12535 178 0 1788864683 691141
24 13104 2141 0 1788864683 695329
26 12549 288 0 1788864683 696165
24 13105 1708 0 1788864683 697055
27 13766 108 0 1788864683 699576
27 13784 91 0 1788864683 701636
27 13790 75 0 1788864683 702182
27 13791 133 0 1788864683 702321
26 12570 433 0 1788864683 702758
24 13112 1046 0 1788864683 705467
27 13813 88 0 1788864683 706088
26 12581 269 0 1788864683 706362
26 12586 285 0 1788864683 707871
24 13114 1365 0 1788864683 708071
27 13848 84 0 1788864683 710097
27 13854 173 0 1788864683 710773
26 12603 279 0 1788864683 713442
27 13889 85 0 1788864683 715070
27 13891 84 0 1788864683 715263
25 13652 397 0 1788864683 717159
26 12616 364 0 1788864683 717167
27 13912 85 0 1788864683 717381
26 12621 224 0 1788864683 718565
26 12624 262 0 1788864683 719424
27 13937 88 0 1788864683 719703
27 13961 97 0 1788864683 723123
26 12642 285 0 1788864683 726232
27 13975 257 0 1788864683 726779
25 13673 330 0 1788864683 728323
27 13991 316 0 1788864683 730855
27 13999 127 0 1788864683 732003
26 12661 324 0 1788864683 732552
27 14011 152 0 1788864683 733578
27 14015 92 0 1788864683 734297
26 12673 228 0 1788864683 736005
24 13135 1518 0 1788864683 736795
27 14031 97 0 1788864683 737411
27 14034 287 0 1788864683 739359
27 14050 255 0 1788864683 742219
27 14054 123 0 1788864683 742829
27 14079 90 0 1788864683 747341
27 14080 90 0 1788864683 747456
27 14082 94 0 1788864683 747662
27 14083 92 0 1788864683 747757
24 13141 1702 0 1788864683 747926
27 14108 89 0 1788864683 750404
26 12721 288 0 1788864683 751323
27 14146 83 0 1788864683 754775
26 12768 1858 0 1788864683 766862
25 13715 941 0 1788864683 769692
26 12782 193 0 1788864683 771740
26 12794 207 0 1788864683 774212
27 14215 212 0 1788864683 774705
27 14221 93 0 1788864683 775846
26 12807 189 0 1788864683 776883
24 13180 588 0 1788864683 780625
26 12829 181 0 1788864683 781280
26 12834 181 0 1788864683 782514
24 13184 659 0 1788864683 783397
27 14257 189 0 1788864683 783405
27 14276 177 0 1788864683 787130
26 12872 176 0 1788864683 793128
26 12901 227 0 1788864683 798928
24 13217 232 0 1788864683 801323
27 14346 229 0 1788864683 804060
26 12940 182 0 1788864683 807076
24 13254 195 0 1788864683 809588
24 13265 284 0 1788864683 812186
27 14391 209 0 1788864683 813455
26 12986 202 0 1788864683 816672
24 13292 269 0 1788864683 818607
27 14416 223 0 1788864683 818652
27 14428 179 0 1788864683 821063
24 13304 292 0 1788864683 822188
26 13016 179 0 1788864683 823021
27 14442 232 0 1788864683 823968
27 14448 198 0 1788864683 825214
26 13034 187 0 1788864683 826705
26 13036 180 0 1788864683 827073
26 13065 203 0 1788864683 832922
27 14502 168 0 1788864683 836016
27 14514 181 0 1788864683 838535
26 13099 264 0 1788864683 839837
27 14522 180 0 1788864683 840114
25 13812 586 0 1788864683 840300
26 13110 229 0 1788864683 842044
24 13329 198 0 1788864683 847200
27 14560 181 0 1788864683 848116
26 13143 192 0 1788864683 848793
26 13151 91 0 1788864683 850569
26 13165 576 0 1788864683 855627
24 13340 105 0 1788864683 858376
26 13180 425 0 1788864683 862304
24 13352 89 0 1788864683 863571
25 13851 310 0 1788864683 863836
26 13185 356 0 1788864683 863905
27 14598 331 0 1788864683 864215
27 14610 482 0 1788864683 873743
27 14612 272 0 1788864683 874314
27 14613 387 0 1788864683 874705
27 14624 169 0 1788864683 881066
24 13383 425 0 1788864683 883839
25 13886 930 0 1788864683 885666
25 13890 3987 0 1788864683 891399
26 13225 4765 0 1788864683 893152
27 14642 225 0 1788864683 893826
27 14650 106 0 1788864683 902693
25 13901 270 0 1788864683 902939
27 14655 372 0 1788864683 904245
25 13906 410 0 1788864683 904759
25 13913 517 0 1788864683 908993
26 13260 381 0 1788864683 914671
24 13420 390 0 1788864683 914773
27 14677 390 0 1788864683 917078
25 13931 471 0 1788864683 918451
25 13934 375 0 1788864683 919593
26 13273 390 0 1788864683 919702
24 13434 380 0 1788864683 920656
26 13280 384 0 1788864683 922294
26 13281 399 0 1788864683 922698
26 13288 417 0 1788864683 925516
25 13951 388 0 1788864683 926207
26 13292 379 0 1788864683 927448
24 13459 378 0 1788864683 930494
25 13967 1043 0 1788864683 933112
26 13306 384 0 1788864683 933816
25 13970 279 0 1788864683 934466
27 14726 373 0 1788864683 936621
25 13977 284 0 1788864683 937104
27 14733 91 0 1788864683 939129
24 13485 398 0 1788864683 941191
24 13501 316 0 1788864683 956715
24 13503 256 0 1788864683 957506
24 13505 268 0 1788864683 958107
26 13348 489 0 1788864683 958228
25 14012 238 0 1788864683 958981
24 13510 369 0 1788864683 959529
25 14017 378 0 1788864683 960605
24 13524 281 0 1788864683 967091
27 14776 487 0 1788864683 967199
26 13370 278 0 1788864683 968079
27 14786 393 0 1788864683 971623
25 14051 742 0 1788864683 975961
25 14052 629 0 1788864683 976599
24 13550 418 0 1788864683 976935
24 13565 386 0 1788864683 983211
24 13568 383 0 1788864683 984375
25 14080 90 0 1788864683 987513
24 13580 386 0 1788864683 988894
25 14089 512 0 1788864683 990925
24 13589 402 0 1788864683 992550
27 14840 386 0 1788864683 993424
25 14096 395 0 1788864683 993723
25 14097 391 0 1788864683 994119
24 13594 190 0 1788864683 995413
24 13600 1329 0 1788864683 999468
27 14850 527 0 1788864683 999895
26 13443 395 0 1788864684 192
24 13605 406 0 1788864684 1374
25 14117 614 0 1788864684 4670
27 14866 873 0 1788864684 8399
26 13459 484 0 1788864684 8521
26 13467 604 0 1788864684 15733
27 14878 216 0 1788864684 17180
24 13632 4554 0 1788864684 28388
24 13635 617 0 1788864684 29572
25 14136 5552 0 1788864684 31188
25 14140 1449 0 1788864684 33503
25 14145 186 0 1788864684 36978
25 14159 375 0 1788864684 42784
27 14909 448 0 1788864684 43772
24 13663 548 0 1788864684 43962
25 14168 576 0 1788864684 46256
27 14917 741 0 1788864684 47272
25 14171 401 0 1788864684 47778
27 14919 368 0 1788864684 48052
25 14173 368 0 1788864684 48606
25 14176 387 0 1788864684 49735
24 13681 359 0 1788864684 51308
24 13685 626 0 1788864684 52930
24 13694 363 0 1788864684 56265
24 13698 378 0 1788864684 57754
27 14954 445 0 1788864684 61173
24 13708 362 0 1788864684 61359
25 14209 443 0 1788864684 62080
24 13710 373 0 1788864684 62181
25 14223 357 0 1788864684 68303
27 14972 367 0 1788864684 68861
25 14227 455 0 1788864684 69877
27 14979 270 0 1788864684 71144
25 14232 390 0 1788864684 71723
27 14991 286 0 1788864684 76050
25 14243 443 0 1788864684 76335
26 13591 436 0 1788864684 78723
27 14998 3635 0 1788864684 82150
25 14264 0 0 1788864684 84729
26 13616 410 0 1788864684 88090
26 13617 329 0 1788864684 88425
24 13776 320 0 1788864684 93426
27 15030 366 0 1788864684 96078
25 14301 491 0 1788864684 97163
25 14309 373 0 1788864684 99706
25 14310 657 0 1788864684 100368
25 14314 246 0 1788864684 101751
27 15050 351 0 1788864684 102930
27 15057 204 0 1788864684 105181
27 15067 343 0 1788864684 108707
25 14340 432 0 1788864684 110352
27 15081 370 0 1788864684 113518
24 13835 316 0 1788864684 113909
24 13849 308 0 1788864684 118217
26 13711 329 0 1788864684 120515
27 15117 330 0 1788864684 125748
25 14391 454 0 1788864684 128188
27 15125 338 0 1788864684 128617
24 13877 350 0 1788864684 128794
26 13747 320 0 1788864684 133528
25 14411 331 0 1788864684 135025
26 13753 315 0 1788864684 135509
26 13757 365 0 1788864684 136852
27 15157 371 0 1788864684 139869
24 13917 439 0 1788864684 142966
27 15167 324 0 1788864684 143382
24 13922 406 0 1788864684 144710
26 13781 335 0 1788864684 145215
26 13783 336 0 1788864684 145979
24 13928 271 0 1788864684 147142
24 13933 262 0 1788864684 148497
24 13934 274 0 1788864684 148776
27 15185 261 0 1788864684 149175
24 13947 326 0 1788864684 153245
24 13954 272 0 1788864684 155321
24 13958 327 0 1788864684 156500
26 13818 446 0 1788864684 157575
24 13963 388 0 1788864684 158240
26 13829 94 0 1788864684 159487
25 14481 110 0 1788864684 159916
26 13833 180 0 1788864684 160261
26 13837 173 0 1788864684 161030
26 13841 106 0 1788864684 161686
25 14494 184 0 1788864684 162525
26 13847 281 0 1788864684 163005
27 15215 1405 0 1788864684 163136
26 13851 177 0 1788864684 163795
25 14512 167 0 1788864684 166156
27 15224 307 0 1788864684 166321
25 14519 88 0 1788864684 166837
25 14539 64 0 1788864684 168574
25 14540 104 0 1788864684 168683
25 14551 91 0 1788864684 169904
27 15250 521 0 1788864684 174631
26 13908 358 0 1788864684 181742
27 15276 353 0 1788864684 183808
25 14602 386 0 1788864684 185381
26 13934 344 0 1788864684 190809
27 15297 436 0 1788864684 191159
25 14622 348 0 1788864684 192898
26 13942 551 0 1788864684 193715
27 15307 210 0 1788864684 194595
24 14069 275 0 1788864684 198045
26 13961 354 0 1788864684 198808
25 14645 271 0 1788864684 199221
24 14078 267 0 1788864684 200579
26 13972 301 0 1788864684 201886
24 14084 262 0 1788864684 202221
26 13978 204 0 1788864684 203462
26 13984 270 0 1788864684 205151
27 15353 277 0 1788864684 207065
24 14102 293 0 1788864684 207442
25 14678 266 0 1788864684 208599
25 14683 202 0 1788864684 209940
26 14010 270 0 1788864684 212639
27 15373 285 0 1788864684 212784
25 14699 279 0 1788864684 214454
26 14016 282 0 1788864684 214527
25 14700 288 0 1788864684 214746
24 14131 193 0 1788864684 215988
25 14707 271 0 1788864684 216662
25 14723 314 0 1788864684 221356
25 14725 272 0 1788864684 221912
26 14045 292 0 1788864684 222551
24 14155 380 0 1788864684 222709
24 14161 263 0 1788864684 224405
27 15418 264 0 1788864684 225516
27 15421 269 0 1788864684 226281
25 14744 265 0 1788864684 227283
27 15434 267 0 1788864684 230068
25 14755 273 0 1788864684 230545
26 14076 293 0 1788864684 231290
25 14763 290 0 1788864684 232768
26 14092 275 0 1788864684 235791
24 14213 407 0 1788864684 239047
26 14105 274 0 1788864684 239254
25 14788 270 0 1788864684 239995
27 15474 337 0 1788864684 241257
26 14112 343 0 1788864684 241334
24 14232 263 0 1788864684 244377
25 14814 274 0 1788864684 247263
24 14243 351 0 1788864684 247408
24 14248 305 0 1788864684 248829
26 14141 349 0 1788864684 249647
27 15508 340 0 1788864684 250942
27 15515 285 0 1788864684 252850
26 14159 274 0 1788864684 254896
26 14162 307 0 1788864684 255764
26 14163 270 0 1788864684 256039
24 14274 268 0 1788864684 256241
24 14276 284 0 1788864684 256799
27 15534 327 0 1788864684 258340
27 15536 285 0 1788864684 258837
24 14284 304 0 1788864684 259074
27 15539 324 0 1788864684 259741
25 14882 0 0 1788864684 265313
27 15555 0 0 1788864684 266084
25 14892 0 0 1788864684 266706
25 14922 0 0 1788864684 268580
25 14928 0 0 1788864684 268980
25 14932 0 0 1788864684 269254
25 14936 0 0 1788864684 269516
26 14198 0 0 1788864684 270539
26 14214 0 0 1788864684 273515
26 14234 328 0 1788864684 278363
26 14241 404 0 1788864684 280754
27 15588 254 0 1788864684 280839
26 14242 324 0 1788864684 281083
24 14340 323 0 1788864684 281574
26 14245 297 0 1788864684 282056
27 15598 253 0 1788864684 283528
26 14253 235 0 1788864684 283941
25 14994 78 0 1788864684 284484
27 15603 230 0 1788864684 284733
24 14360 279 0 1788864684 286155
27 15610 229 0 1788864684 286558
27 15612 233 0 1788864684 287037
27 15613 217 0 1788864684 287270
26 14274 202 0 1788864684 288982
24 14376 197 0 1788864684 289877
25 15028 81 0 1788864684 290155
24 14389 248 0 1788864684 292971
25 15055 242 0 1788864684 293568
24 14394 218 0 1788864684 293982
27 15650 196 0 1788864684 295485
26 14310 211 0 1788864684 297130
27 15673 286 0 1788864684 300822
26 14331 328 0 1788864684 302371
24 14433 250 0 1788864684 303119
25 15083 344 0 1788864684 303375
27 15686 250 0 1788864684 304252
24 14449 277 0 1788864684 307305
27 15700 262 0 1788864684 307639
26 14357 189 0 1788864684 310333
26 14362 287 0 1788864684 312052
27 15713 0 0 1788864684 313469
24 14465 548 0 1788864684 313823
24 14487 434 0 1788864684 320898
26 14390 374 0 1788864684 321140
24 14488 362 0 1788864684 321265
26 14394 308 0 1788864684 322690
24 14500 250 0 1788864684 325192
26 14413 290 0 1788864684 328293
27 15769 295 0 1788864684 331559
25 15114 3710 0 1788864684 333846
25 15126 426 0 1788864684 336843
24 14533 477 0 1788864684 337174
26 14449 350 0 1788864684 341401
24 14551 372 0 1788864684 343448
26 14464 303 0 1788864684 346999
27 15818 474 0 1788864684 349336
24 14573 248 0 1788864684 351288
24 14578 146 0 1788864684 352550
25 15172 91 0 1788864684 354857
27 15835 290 0 1788864684 358064
24 14600 92 0 1788864684 358632
27 15850 278 0 1788864684 361731
27 15865 284 0 1788864684 367616
27 15868 269 0 1788864684 368550
26 14561 198 0 1788864684 380281
25 15239 319 0 1788864684 380494
25 15242 224 0 1788864684 381221
25 15247 224 0 1788864684 382461
27 15911 235 0 1788864684 382997
26 14587 122 0 1788864684 385504
25 15261 230 0 1788864684 385647
26 14592 78 0 1788864684 386120
27 15938 88 0 1788864684 387891
26 14613 250 0 1788864684 390670
25 15289 144 0 1788864684 391042
26 14615 181 0 1788864684 391203
24 14671 1205 0 1788864684 392210
26 14623 192 0 1788864684 392930
26 14625 206 0 1788864684 393367
26 14636 230 0 1788864684 395730
27 15979 204 0 1788864684 396449
27 15981 191 0 1788864684 396934
25 15327 106 0 1788864684 397169
25 15328 106 0 1788864684 397283
27 15988 235 0 1788864684 398492
26 14660 224 0 1788864684 400074
25 15351 168 0 1788864684 401604
25 15358 86 0 1788864684 402739
26 14683 161 0 1788864684 404244
26 14685 111 0 1788864684 404544
25 15382 228 0 1788864684 406071
25 15404 205 0 1788864684 410622
26 14731 257 0 1788864684 412776
26 14732 262 0 1788864684 413043
26 14734 328 0 1788864684 413651
25 15423 209 0 1788864684 415193
24 14692 712 0 1788864684 415221
25 15429 328 0 1788864684 416819
25 15431 221 0 1788864684 417230
25 15441 242 0 1788864684 419446
26 14759 231 0 1788864684 419537
25 15444 278 0 1788864684 420200
27 16087 197 0 1788864684 420861
27 16093 284 0 1788864684 422314
24 14705 531 0 1788864684 424450
27 16108 248 0 1788864684 425785
27 16110 254 0 1788864684 426213
26 14796 139 0 1788864684 427797
25 15481 260 0 1788864684 427946
27 16127 211 0 1788864684 429737
26 14812 111 0 1788864684 430282
25 15512 195 0 1788864684 434457
27 16156 240 0 1788864684 436001
25 15520 214 0 1788864684 436327
26 14850 114 0 1788864684 436560
25 15528 219 0 1788864684 439227
26 14862 148 0 1788864684 439797
24 14725 1034 0 1788864684 443740
26 14899 92 0 1788864684 444307
27 16190 230 0 1788864684 444802
26 14908 86 0 1788864684 445397
27 16199 248 0 1788864684 446825
25 15571 229 0 1788864684 449133
25 15576 206 0 1788864684 450304
25 15580 153 0 1788864684 451189
26 14944 115 0 1788864684 451444
25 15588 0 0 1788864684 452817
27 16227 139 0 1788864684 453087
25 15591 143 0 1788864684 453396
26 14963 226 0 1788864684 455186
27 16236 209 0 1788864684 455487
25 15606 223 0 1788864684 456538
25 15607 252 0 1788864684 456795
26 14974 235 0 1788864684 457578
24 14738 543 0 1788864684 458349
25 15633 305 0 1788864684 462736
27 16275 318 0 1788864684 463209
27 16278 245 0 1788864684 463950
26 15010 253 0 1788864684 465255
27 16288 235 0 1788864684 466261
24 14748 489 0 1788864684 466993
24 14749 1048 0 1788864684 468049
25 15656 213 0 1788864684 468191
26 15025 96 0 1788864684 468502
26 15033 97 0 1788864684 470316
25 15668 251 0 1788864684 470596
24 14752 1004 0 1788864684 470849
27 16318 0 0 1788864684 471751
25 15674 302 0 1788864684 472105
27 16324 237 0 1788864684 472715
26 15052 267 0 1788864684 474470
27 16332 258 0 1788864684 474568
26 15063 193 0 1788864684 477188
25 15701 229 0 1788864684 478003
24 14759 973 0 1788864684 478303
26 15070 237 0 1788864684 478908
26 15076 222 0 1788864684 480371
25 15714 139 0 1788864684 480918
26 15085 129 0 1788864684 482526
25 15722 225 0 1788864684 483998
26 15096 203 0 1788864684 484232
27 16374 255 0 1788864684 485061
26 15107 340 0 1788864684 486394
27 16385 272 0 1788864684 487682
27 16391 175 0 1788864684 489016
24 14769 1091 0 1788864684 489311
25 15750 241 0 1788864684 490550
27 16399 260 0 1788864684 491260
26 15133 280 0 1788864684 493004
27 16407 266 0 1788864684 493459
25 15772 135 0 1788864684 495910
25 15776 111 0 1788864684 496361
26 15153 270 0 1788864684 497756
26 15155 113 0 1788864684 497983
27 16430 206 0 1788864684 498738
26 15163 192 0 1788864684 499185
26 15165 246 0 1788864684 499566
26 15172 240 0 1788864684 501335
27 16445 279 0 1788864684 502477
27 16463 92 0 1788864684 506915
25 15831 0 0 1788864684 508091
27 16469 213 0 1788864684 508131
25 15833 93 0 1788864684 508328
26 15210 197 0 1788864684 509738
27 16487 209 0 1788864684 511824
27 16509 319 0 1788864684 516813
27 16517 210 0 1788864684 518584
27 16524 88 0 1788864684 519492
27 16525 119 0 1788864684 519616
26 15263 292 0 1788864684 521728
25 15920 239 0 1788864684 528125
27 16568 233 0 1788864684 531006
24 14810 1124 0 1788864684 531601
24 14815 658 0 1788864684 534615
27 16590 202 0 1788864684 538211
26 15329 295 0 1788864684 539122
26 15336 298 0 1788864684 541121
25 15974 279 0 1788864684 543480
27 16609 282 0 1788864684 543576
25 15975 274 0 1788864684 543759
26 15369 140 0 1788864684 549443
26 15394 303 0 1788864684 553159
25 16017 154 0 1788864684 554359
27 16654 181 0 1788864684 554594
25 16020 104 0 1788864684 554812
27 16677 170 0 1788864684 558586
26 15430 275 0 1788864684 558746
27 16678 376 0 1788864684 559082
26 15447 91 0 1788864684 562065
27 16691 184 0 1788864684 562349
26 15451 92 0 1788864684 562488
25 16070 183 0 1788864684 563491
25 16077 118 0 1788864684 564548
25 16080 0 0 1788864684 564835
27 16705 89 0 1788864684 565094
27 16732 143 0 1788864684 570323
25 16126 200 0 1788864684 572166
26 15523 157 0 1788864684 573584
27 16750 309 0 1788864684 574500
27 16753 229 0 1788864684 575054
26 15534 131 0 1788864684 575621
27 16761 0 0 1788864684 576361
27 16762 95 0 1788864684 576460
25 16160 120 0 1788864684 578182
26 15549 99 0 1788864684 578367
25 16174 226 0 1788864684 580179
26 15567 920 0 1788864684 584678
26 15578 123 0 1788864684 592204
25 16192 355 0 1788864684 592890
27 16821 212 0 1788864684 594351
25 16204 195 0 1788864684 595536
25 16215 226 0 1788864684 597738
26 15611 90 0 1788864684 598354
25 16222 92 0 1788864684 598812
25 16232 117 0 1788864684 600237
25 16236 0 0 1788864684 600723
26 15627 117 0 1788864684 600868
24 14904 371 0 1788864684 601782
25 16252 468 0 1788864684 603575
27 16881 116 0 1788864684 606430
27 16887 82 0 1788864684 607117
27 16895 83 0 1788864684 608023
27 16905 220 0 1788864684 609361
26 15679 206 0 1788864684 610692
25 16297 102 0 1788864684 611677
27 16917 198 0 1788864684 611785
27 16925 172 0 1788864684 613339
24 14927 464 0 1788864684 613932
26 15697 172 0 1788864684 614229
25 16326 89 0 1788864684 614527
27 16933 780 0 1788864684 615540
27 16946 127 0 1788864684 617363
25 16345 95 0 1788864684 617544
26 15723 176 0 1788864684 617852
26 15726 172 0 1788864684 618526
25 16372 93 0 1788864684 621300
24 14938 657 0 1788864684 622091
26 15739 90 0 1788864684 622228
26 15742 186 0 1788864684 622683
25 16384 89 0 1788864684 622978
26 15745 173 0 1788864684 623355
27 16976 195 0 1788864684 624536
25 16406 90 0 1788864684 625077
25 16409 89 0 1788864684 625372
24 14950 364 0 1788864684 627715
26 15769 174 0 1788864684 627921
26 15770 175 0 1788864684 628111
26 15771 174 0 1788864684 628311
27 17004 293 0 1788864684 630002
26 15792 173 0 1788864684 632245
26 15794 182 0 1788864684 632648
25 16491 149 0 1788864684 633778
25 16498 117 0 1788864684 634619
26 15817 104 0 1788864684 636987
25 16526 90 0 1788864684 637286
24 14974 397 0 1788864684 637978
25 16540 189 0 1788864684 639068
26 15828 174 0 1788864684 639568
25 16548 82 0 1788864684 639904
27 17055 193 0 1788864684 640209
27 17058 188 0 1788864684 640795
24 14981 397 0 1788864684 640890
25 16563 88 0 1788864684 641380
25 16564 90 0 1788864684 641475
26 15852 198 0 1788864684 644392
26 15860 226 0 1788864684 645923
24 14993 644 0 1788864684 646066
26 15865 160 0 1788864684 646920
27 17091 155 0 1788864684 647337
27 17100 201 0 1788864684 648883
26 15880 325 0 1788864684 649775
27 17132 280 0 1788864684 655662
25 16614 204 0 1788864684 655988
25 16618 326 0 1788864684 657363
25 16619 308 0 1788864684 657677
24 15015 370 0 1788864684 659087
27 17147 92 0 1788864684 659878
27 17150 179 0 1788864684 660402
26 15927 204 0 1788864684 660524
25 16638 98 0 1788864684 661094
27 17160 191 0 1788864684 662493
25 16653 90 0 1788864684 662587
26 15946 174 0 1788864684 664453
25 16684 110 0 1788864684 665660
26 15960 190 0 1788864684 667271
26 15965 185 0 1788864684 668260
27 17193 185 0 1788864684 668892
24 15038 850 0 1788864684 670115
27 17213 176 0 1788864684 672534
27 17215 268 0 1788864684 673000
26 15991 175 0 1788864684 673272
26 15992 185 0 1788864684 673481
25 16740 292 0 1788864684 673778
25 16745 90 0 1788864684 674268
25 16747 90 0 1788864684 674475
24 15048 463 0 1788864684 675380
25 16756 243 0 1788864684 675600
27 17231 113 0 1788864684 676033
25 16767 128 0 1788864684 677246
24 15056 315 0 1788864684 679174
27 17255 175 0 1788864684 679986
26 16030 119 0 1788864684 680085
26 16032 113 0 1788864684 680348
26 16034 121 0 1788864684 680620
26 16043 241 0 1788864684 682479
27 17276 272 0 1788864684 683475
24 15084 91 0 1788864684 684167
25 16819 208 0 1788864684 687013
24 15111 86 0 1788864684 687497
24 15112 161 0 1788864684 687667
27 17297 196 0 1788864684 687721
24 15119 87 0 1788864684 688463
24 15120 165 0 1788864684 688633
25 16832 79 0 1788864684 689298
25 16847 80 0 1788864684 690745
27 17314 133 0 1788864684 692027
25 16858 249 0 1788864684 692118
26 16092 130 0 1788864684 692850
25 16864 216 0 1788864684 693266
24 15149 124 0 1788864684 694873
26 16113 130 0 1788864684 696496
24 15161 264 0 1788864684 697165
27 17341 248 0 1788864684 697814
25 16909 79 0 1788864684 699016
24 15171 282 0 1788864684 699954
27 17358 132 0 1788864684 701473
26 16149 245 0 1788864684 703569
24 15196 282 0 1788864684 704692
24 15202 281 0 1788864684 706249
25 16965 111 0 1788864684 706476
24 15207 259 0 1788864684 707501
25 16976 100 0 1788864684 707650
25 16977 88 0 1788864684 707742
27 17391 262 0 1788864684 707864
25 17027 97 0 1788864684 712713
27 17409 267 0 1788864684 712960
25 17035 92 0 1788864684 713463
26 16189 266 0 1788864684 713874
24 15233 275 0 1788864684 714494
27 17418 276 0 1788864684 715370
25 17078 111 0 1788864684 717705
24 15251 89 0 1788864684 719285
25 17094 167 0 1788864684 719334
27 17445 277 0 1788864684 722208
26 16224 211 0 1788864684 722315
26 16226 145 0 1788864684 722707
24 15272 151 0 1788864684 723970
27 17454 222 0 1788864684 724244
27 17461 197 0 1788864684 725597
27 17466 233 0 1788864684 726614
25 17156 89 0 1788864684 727458
27 17472 197 0 1788864684 727911
25 17169 113 0 1788864684 729249
26 16261 266 0 1788864684 729769
25 17182 90 0 1788864684 730886
25 17183 93 0 1788864684 730983
25 17194 0 0 1788864684 733029
26 16278 269 0 1788864684 733427
27 17523 85 0 1788864684 737330
26 16300 283 0 1788864684 738445
26 16303 159 0 1788864684 739003
27 17537 129 0 1788864684 739331
27 17559 96 0 1788864684 742351
27 17567 0 0 1788864684 743080
26 16318 148 0 1788864684 746015
26 16319 130 0 1788864684 746151
27 17594 245 0 1788864684 746377
25 17256 105 0 1788864684 747397
25 17261 112 0 1788864684 748113
27 17606 126 0 1788864684 748287
24 15382 181 0 1788864684 749908
27 17617 197 0 1788864684 750414
27 17621 90 0 1788864684 750961
26 16342 206 0 1788864684 751059
25 17280 224 0 1788864684 751574
26 16346 168 0 1788864684 751635
24 15402 92 0 1788864684 752884
25 17285 280 0 1788864684 752986
26 16354 275 0 1788864684 753649
27 17631 289 0 1788864684 753756
24 15414 91 0 1788864684 754048
26 16356 273 0 1788864684 754242
25 17295 139 0 1788864684 755550
26 16369 103 0 1788864684 757168
27 17650 242 0 1788864684 757286
27 17651 204 0 1788864684 757514
24 15436 129 0 1788864684 757767
27 17656 232 0 1788864684 758766
26 16386 206 0 1788864684 761128
26 16387 248 0 1788864684 761381
24 15461 91 0 1788864684 762393
26 16397 267 0 1788864684 764317
24 15494 136 0 1788864684 766343
26 16405 333 0 1788864684 766352
26 16407 255 0 1788864684 766758
24 15504 132 0 1788864684 767682
26 16413 277 0 1788864684 768380
24 15510 130 0 1788864684 768514
27 17701 139 0 1788864684 768562
24 15540 93 0 1788864684 771929
25 17361 148 0 1788864684 772867
25 17368 133 0 1788864684 773792
25 17386 129 0 1788864684 776230
26 16443 141 0 1788864684 776843
24 15597 93 0 1788864684 779855
25 17418 140 0 1788864684 782369
27 17755 314 0 1788864684 782522
24 15627 91 0 1788864684 783244
27 17759 278 0 1788864684 783634
25 17428 153 0 1788864684 784459
25 17435 162 0 1788864684 785717
25 17437 215 0 1788864684 786091
27 17794 179 0 1788864684 788684
25 17457 123 0 1788864684 789546
24 15665 173 0 1788864684 789868
24 15667 128 0 1788864684 790119
24 15673 130 0 1788864684 790982
25 17468 131 0 1788864684 791157
24 15682 124 0 1788864684 792145
25 17500 130 0 1788864684 795504
27 17824 250 0 1788864684 795604
25 17519 1264 0 1788864684 800146
27 17874 84 0 1788864684 801472
27 17885 85 0 1788864684 802512
26 16553 235 0 1788864684 808401
27 17894 97 0 1788864684 808411
27 17905 99 0 1788864684 809704
24 15742 300 0 1788864684 810322
27 17914 94 0 1788864684 810915
24 15746 338 0 1788864684 811258
26 16576 375 0 1788864684 814938
27 17939 133 0 1788864684 816684
24 15773 218 0 1788864684 818152
27 17982 311 0 1788864684 822111
25 17590 294 0 1788864684 822702
24 15794 158 0 1788864684 822870
26 16614 220 0 1788864684 823455
24 15797 158 0 1788864684 823575
26 16616 204 0 1788864684 823880
27 17999 135 0 1788864684 824354
27 18028 1476 0 1788864684 830904
26 16642 1696 0 1788864684 831215
25 17623 412 0 1788864684 831428
25 17626 282 0 1788864684 832521
24 15832 155 0 1788864684 833850
25 17635 270 0 1788864684 834604
25 17649 178 0 1788864684 837662
27 18060 182 0 1788864684 838243
25 17654 163 0 1788864684 838527
26 16692 407 0 1788864684 838608
24 15859 212 0 1788864684 839692
27 18076 283 0 1788864684 842837
25 17672 370 0 1788864684 844068
26 16710 284 0 1788864684 844174
27 18091 275 0 1788864684 847540
24 15934 93 0 1788864684 848508
27 18099 130 0 1788864684 849429
25 17697 154 0 1788864684 850129
25 17699 290 0 1788864684 850560
24 15949 120 0 1788864684 851069
24 15953 94 0 1788864684 851471
24 15955 101 0 1788864684 851673
25 17703 290 0 1788864684 851679
24 15957 92 0 1788864684 851870
24 15975 97 0 1788864684 853625
26 16753 210 0 1788864684 855795
25 17728 90 0 1788864684 856128
27 18132 308 0 1788864684 857552
27 18136 216 0 1788864684 858501
24 16000 215 0 1788864684 858556
25 17741 812 0 1788864684 859447
27 18139 470 0 1788864684 859836
24 16023 299 0 1788864684 865524
27 18156 94 0 1788864684 866946
27 18158 281 0 1788864684 867518
24 16051 140 0 1788864684 868726
24 16058 94 0 1788864684 869542
24 16072 90 0 1788864684 870903
24 16082 191 0 1788864684 877468
24 16107 88 0 1788864684 880818
24 16138 97 0 1788864684 883801
24 16139 99 0 1788864684 883906
24 16159 104 0 1788864684 887844
26 16811 141 0 1788864684 888574
24 16167 390 0 1788864684 890164
27 18190 328 0 1788864684 892963
24 16181 278 0 1788864684 893529
24 16200 290 0 1788864684 897028
24 16204 93 0 1788864684 897425
26 16850 283 0 1788864684 897477
24 16209 82 0 1788864684 898005
24 16217 240 0 1788864684 899298
27 18217 0 0 1788864684 899999
25 17828 192 0 1788864684 900032
26 16867 252 0 1788864684 901547
24 16231 178 0 1788864684 902350
25 17838 93 0 1788864684 902401
27 18241 314 0 1788864684 903919
26 16888 116 0 1788864684 904388
26 16898 161 0 1788864684 905672
24 16251 355 0 1788864684 907106
26 16916 95 0 1788864684 907895
27 18269 181 0 1788864684 910705
27 18272 207 0 1788864684 911341
26 16941 222 0 1788864684 911722
26 16946 107 0 1788864684 912823
25 17880 251 0 1788864684 913290
24 16277 95 0 1788864684 913390
27 18283 260 0 1788864684 913845
25 17884 234 0 1788864684 914180
26 16961 91 0 1788864684 914602
26 16965 169 0 1788864684 915074
26 16974 127 0 1788864684 915999
26 16978 322 0 1788864684 917121
27 18297 230 0 1788864684 917485
25 17898 304 0 1788864684 917601
26 16981 309 0 1788864684 917977
26 16982 95 0 1788864684 918080
27 18303 277 0 1788864684 919082
25 17907 310 0 1788864684 919814
24 16327 169 0 1788864684 920305
26 16992 281 0 1788864684 920543
24 16341 135 0 1788864684 921742
24 16344 138 0 1788864684 922084
24 16346 286 0 1788864684 922622
25 17923 266 0 1788864684 923853
24 16360 84 0 1788864684 924233
24 16361 118 0 1788864684 924356
27 18327 244 0 1788864684 924405
24 16364 111 0 1788864684 924658
24 16366 87 0 1788864684 924963
26 17011 273 0 1788864684 925647
25 17935 264 0 1788864684 926821
24 16385 80 0 1788864684 927041
27 18338 256 0 1788864684 927195
27 18340 246 0 1788864684 927694
25 17939 385 0 1788864684 927904
24 16398 92 0 1788864684 928512
25 17948 324 0 1788864684 930247
24 16412 187 0 1788864684 930302
26 17035 278 0 1788864684 931499
27 18357 305 0 1788864684 931619
26 17040 289 0 1788864684 932838
25 17973 87 0 1788864684 933051
25 17975 81 0 1788864684 933293
24 16429 280 0 1788864684 934213
27 18367 309 0 1788864684 934429
25 17993 92 0 1788864684 935168
25 18007 88 0 1788864684 936516
25 18017 93 0 1788864684 937608
24 16439 226 0 1788864684 937885
27 18379 232 0 1788864684 938501
25 18027 86 0 1788864684 938842
25 18039 88 0 1788864684 940244
26 17074 245 0 1788864684 942079
26 17076 243 0 1788864684 942602
27 18401 278 0 1788864684 944074
24 16464 240 0 1788864684 944429
25 18080 155 0 1788864684 944815
26 17086 82 0 1788864684 945185
24 16473 307 0 1788864684 946698
26 17095 332 0 1788864684 946817
25 18097 94 0 1788864684 947309
26 17101 94 0 1788864684 948255
25 18110 76 0 1788864684 948836
27 18422 235 0 1788864684 949181
26 17105 329 0 1788864684 949414
24 16485 263 0 1788864684 949730
25 18124 93 0 1788864684 950789
27 18431 220 0 1788864684 951646
24 16493 246 0 1788864684 952035
24 16503 305 0 1788864684 954650
26 17126 282 0 1788864684 955035
26 17133 260 0 1788864684 957489
27 18453 363 0 1788864684 957495
25 18183 223 0 1788864684 957681
24 16516 281 0 1788864684 957850
25 18185 176 0 1788864684 957976
26 17137 152 0 1788864684 958250
24 16532 85 0 1788864684 960318
26 17153 286 0 1788864684 964745
25 18206 277 0 1788864684 965218
27 18487 93 0 1788864684 968368
25 18223 282 0 1788864684 969824
24 16623 199 0 1788864684 970673
24 16626 290 0 1788864684 971524
25 18233 306 0 1788864684 972201
25 18242 268 0 1788864684 974349
25 18264 226 0 1788864684 979462
24 16677 137 0 1788864684 980744
26 17227 279 0 1788864684 980838
26 17229 282 0 1788864684 981328
24 16686 81 0 1788864684 981882
24 16697 150 0 1788864684 983317
26 17238 326 0 1788864684 983663
27 18577 178 0 1788864684 987164
27 18587 185 0 1788864684 989835
24 16731 123 0 1788864684 989997
27 18592 244 0 1788864684 991339
26 17265 566 0 1788864684 992090
27 18596 249 0 1788864684 992372
26 17267 274 0 1788864684 992551
25 18327 250 0 1788864684 992757
26 17271 241 0 1788864684 993682
27 18603 299 0 1788864684 994287
25 18333 275 0 1788864684 994686
24 16792 92 0 1788864684 996569
27 18612 233 0 1788864684 996759
26 17282 264 0 1788864684 996978
24 16806 84 0 1788864684 997987
26 17286 275 0 1788864684 998058
24 16820 84 0 1788864684 999342
26 17296 421 0 1788864685 1046
24 16842 120 0 1788864685 1676
27 18632 292 0 1788864685 2342
26 17304 264 0 1788864685 3254
26 17317 79 0 1788864685 4902
27 18645 349 0 1788864685 5968
26 17356 104 0 1788864685 9090
27 18664 191 0 1788864685 12396
24 16904 363 0 1788864685 17753
24 16908 400 0 1788864685 19189
27 18689 387 0 1788864685 24616
24 16922 597 0 1788864685 27297
26 17395 453 0 1788864685 28043
25 18424 436 0 1788864685 28242
24 16934 397 0 1788864685 31616
27 18709 229 0 1788864685 32781
24 16939 98 0 1788864685 33040
27 18719 80 0 1788864685 36322
26 17413 4188 0 1788864685 37997
25 18444 390 0 1788864685 39018
24 16948 369 0 1788864685 40378
25 18450 302 0 1788864685 41557
25 18453 484 0 1788864685 42936
27 18750 379 0 1788864685 43814
26 17428 377 0 1788864685 44004
25 18462 584 0 1788864685 46496
27 18764 446 0 1788864685 49541
26 17443 235 0 1788864685 50030
25 18478 308 0 1788864685 52811
27 18781 284 0 1788864685 54239
24 16999 145 0 1788864685 54501
24 17000 87 0 1788864685 54594
27 18783 151 0 1788864685 54671
26 17462 84 0 1788864685 55245
25 18492 116 0 1788864685 56108
26 17468 242 0 1788864685 56258
27 18790 285 0 1788864685 56645
24 17012 286 0 1788864685 57578
27 18803 254 0 1788864685 60349
27 18806 320 0 1788864685 61003
27 18812 246 0 1788864685 62445
24 17035 248 0 1788864685 63770
25 18561 265 0 1788864685 66683
24 17070 109 0 1788864685 67261
25 18566 280 0 1788864685 68066
24 17090 83 0 1788864685 69104
24 17123 89 0 1788864685 72458
24 17135 147 0 1788864685 73696
26 17535 229 0 1788864685 74031
27 18858 145 0 1788864685 74319
24 17162 89 0 1788864685 76374
27 18866 268 0 1788864685 76513
24 17188 82 0 1788864685 79161
26 17557 227 0 1788864685 79652
24 17201 157 0 1788864685 80680
27 18884 233 0 1788864685 80779
24 17208 83 0 1788864685 81433
25 18622 153 0 1788864685 82060
25 18623 381 0 1788864685 82449
25 18635 88 0 1788864685 83721
24 17219 212 0 1788864685 83986
25 18639 84 0 1788864685 84161
24 17235 88 0 1788864685 86594
24 17249 111 0 1788864685 88055
24 17263 104 0 1788864685 89500
25 18671 101 0 1788864685 91342
27 18932 293 0 1788864685 91350
27 18947 462 0 1788864685 95261
26 17623 307 0 1788864685 95449
26 17625 312 0 1788864685 95916
27 18950 153 0 1788864685 95923
25 18695 209 0 1788864685 96134
27 18960 121 0 1788864685 97997
26 17648 98 0 1788864685 99659
24 17315 274 0 1788864685 100042
26 17658 313 0 1788864685 100921
25 18718 109 0 1788864685 101035
27 18974 271 0 1788864685 101536
26 17661 241 0 1788864685 101687
26 17662 219 0 1788864685 101910
25 18737 88 0 1788864685 103618
25 18751 158 0 1788864685 105341
24 17340 231 0 1788864685 105988
26 17679 232 0 1788864685 106176
25 18778 126 0 1788864685 108332
25 18779 115 0 1788864685 108452
27 19005 251 0 1788864685 110025
25 18794 76 0 1788864685 110054
25 18795 83 0 1788864685 110139
26 17692 274 0 1788864685 110476
25 18799 75 0 1788864685 110503
25 18800 78 0 1788864685 110584
25 18804 82 0 1788864685 111042
27 19009 233 0 1788864685 111069
26 17699 140 0 1788864685 112109
27 19017 279 0 1788864685 113126
27 19018 205 0 1788864685 113349
25 18830 174 0 1788864685 113914
26 17708 144 0 1788864685 114176
27 19022 281 0 1788864685 114376
27 19034 262 0 1788864685 117529
24 17408 88 0 1788864685 118343
26 17730 241 0 1788864685 119747
24 17421 113 0 1788864685 119774
24 17466 87 0 1788864685 124229
24 17468 86 0 1788864685 124407
24 17470 87 0 1788864685 124584
24 17474 72 0 1788864685 124931
26 17751 262 0 1788864685 125082
26 17768 73 0 1788864685 127296
26 17772 107 0 1788864685 127686
26 17777 119 0 1788864685 128314
25 18890 233 0 1788864685 128409
27 19079 196 0 1788864685 128804
24 17498 284 0 1788864685 129782
24 17500 244 0 1788864685 130244
25 18905 271 0 1788864685 132031
24 17513 238 0 1788864685 133308
26 17829 80 0 1788864685 133827
26 17839 138 0 1788864685 134966
24 17525 205 0 1788864685 136027
26 17849 319 0 1788864685 136245
27 19113 305 0 1788864685 137000
27 19116 162 0 1788864685 137639
27 19118 314 0 1788864685 138088
25 18935 241 0 1788864685 139000
27 19122 226 0 1788864685 139095
26 17880 265 0 1788864685 140515
25 18951 88 0 1788864685 141134
25 18959 85 0 1788864685 141854
27 19134 139 0 1788864685 142135
24 17559 239 0 1788864685 143211
24 17560 257 0 1788864685 143472
25 18985 88 0 1788864685 144417
25 18994 87 0 1788864685 145224
25 19012 199 0 1788864685 147507
26 17924 126 0 1788864685 149358
24 17590 243 0 1788864685 150786
25 19042 91 0 1788864685 152623
27 19189 250 0 1788864685 155982
25 19088 103 0 1788864685 157216
27 19224 86 0 1788864685 162198
25 19112 249 0 1788864685 165359
26 17981 280 0 1788864685 165369
26 17987 247 0 1788864685 166765
26 17990 286 0 1788864685 167607
24 17650 1154 0 1788864685 169705
25 19142 381 0 1788864685 173539
27 19269 425 0 1788864685 173770
24 17661 257 0 1788864685 174467
26 18012 88 0 1788864685 176307
25 19177 212 0 1788864685 179554
25 19179 253 0 1788864685 179939
26 18033 156 0 1788864685 180546
26 18036 303 0 1788864685 181528
24 17719 222 0 1788864685 183827
26 18044 149 0 1788864685 184540
26 18046 321 0 1788864685 185122
25 19206 148 0 1788864685 185508
26 18050 185 0 1788864685 185721
25 19208 146 0 1788864685 185822
24 17744 128 0 1788864685 187257
24 17746 149 0 1788864685 187568
27 19332 108 0 1788864685 189142
25 19230 175 0 1788864685 190143
25 19237 233 0 1788864685 191541
26 18093 110 0 1788864685 192996
27 19360 174 0 1788864685 193722
24 17777 278 0 1788864685 194004
25 19251 177 0 1788864685 194889
26 18112 154 0 1788864685 195371
27 19370 166 0 1788864685 195690
27 19371 84 0 1788864685 195796
24 17787 199 0 1788864685 195893
27 19378 87 0 1788864685 196836
27 19379 201 0 1788864685 197065
26 18129 161 0 1788864685 197952
27 19388 128 0 1788864685 198334
24 17799 279 0 1788864685 198835
26 18148 231 0 1788864685 201232
27 19401 185 0 1788864685 201240
25 19279 250 0 1788864685 201809
27 19404 354 0 1788864685 202046
27 19405 98 0 1788864685 202173
27 19406 181 0 1788864685 202359
27 19407 172 0 1788864685 202536
25 19285 224 0 1788864685 202861
27 19414 136 0 1788864685 204078
26 18163 141 0 1788864685 204712
25 19296 136 0 1788864685 205250
24 17839 83 0 1788864685 206247
26 18169 219 0 1788864685 206294
26 18172 223 0 1788864685 206867
26 18174 142 0 1788864685 207181
26 18175 234 0 1788864685 207419
26 18176 169 0 1788864685 207608
24 17849 135 0 1788864685 207705
24 17855 120 0 1788864685 208525
24 17873 265 0 1788864685 226040
27 19459 419 0 1788864685 227744
27 19460 1685 0 1788864685 229435
24 17882 542 0 1788864685 232043
27 19468 362 0 1788864685 233841
27 19479 338 0 1788864685 237616
24 17906 365 0 1788864685 240660
26 18233 326 0 1788864685 241736
27 19492 406 0 1788864685 241981
25 19368 326 0 1788864685 242554
26 18236 289 0 1788864685 242680
24 17913 421 0 1788864685 243186
25 19372 423 0 1788864685 243946
24 17919 420 0 1788864685 245406
24 17937 388 0 1788864685 248380
25 19398 253 0 1788864685 260103
26 18286 364 0 1788864685 270203
24 17979 0 0 1788864685 270731
24 17980 214 0 1788864685 270979
25 19423 100 0 1788864685 272454
24 17989 345 0 1788864685 273379
24 17990 649 0 1788864685 274035
25 19478 98 0 1788864685 282205
24 18042 83 0 1788864685 285872
26 18335 264 0 1788864685 285926
24 18053 225 0 1788864685 287368
25 19491 1251 0 1788864685 288414
24 18065 168 0 1788864685 289534
27 19607 273 0 1788864685 291594
25 19507 449 0 1788864685 294208
24 18085 139 0 1788864685 295298
25 19512 729 0 1788864685 298037
27 19636 230 0 1788864685 301833
27 19645 245 0 1788864685 304682
25 19525 637 0 1788864685 305554
26 18384 396 0 1788864685 308163
24 18109 299 0 1788864685 308469
24 18113 155 0 1788864685 309551
24 18131 118 0 1788864685 312856
25 19549 217 0 1788864685 313904
26 18393 501 0 1788864685 314050
27 19664 584 0 1788864685 314592
25 19592 571 0 1788864685 327391
25 19595 556 0 1788864685 329050
24 18181 956 0 1788864685 342878
24 18185 802 0 1788864685 345877
26 18444 803 0 1788864685 356004
27 19715 787 0 1788864685 357429
27 19724 818 0 1788864685 365376
26 18455 1036 0 1788864685 366104
27 19732 786 0 1788864685 373136
24 18216 641 0 1788864685 375223
24 18232 110 0 1788864685 386302
26 18483 107 0 1788864685 387383
24 18242 0 0 1788864685 387805
27 19755 232 0 1788864685 388092
27 19758 375 0 1788864685 389184
25 19670 1004 0 1788864685 389838
24 18248 2200 0 1788864685 391536
26 18496 400 0 1788864685 396369
26 18497 435 0 1788864685 396809
27 19767 427 0 1788864685 397133
27 19775 387 0 1788864685 400323
26 18508 396 0 1788864685 401397
24 18272 627 0 1788864685 404618
25 19698 342 0 1788864685 405807
27 19793 454 0 1788864685 410423
27 19794 411 0 1788864685 410839
25 19705 391 0 1788864685 411338
24 18291 535 0 1788864685 414952
24 18293 427 0 1788864685 415788
24 18296 452 0 1788864685 417038
25 19719 310 0 1788864685 417245
24 18298 447 0 1788864685 417829
27 19821 406 0 1788864685 422142
27 19823 2255 0 1788864685 424821
26 18554 510 0 1788864685 425166
27 19824 425 0 1788864685 425273
24 18318 749 0 1788864685 428450
27 19845 395 0 1788864685 434540
26 18585 272 0 1788864685 441336
26 18587 574 0 1788864685 442308
24 18346 559 0 1788864685 443071
24 18356 529 0 1788864685 448660
25 19789 621 0 1788864685 461867
25 19793 0 0 1788864685 463372
25 19795 0 0 1788864685 464345
24 18377 685 0 1788864685 468022
24 18387 739 0 1788864685 471835
24 18390 472 0 1788864685 473930
24 18393 608 0 1788864685 475900
27 19903 465 0 1788864685 478489
26 18629 537 0 1788864685 479278
26 18639 708 0 1788864685 485260
26 18643 609 0 1788864685 488106
24 18414 652 0 1788864685 490326
26 18646 391 0 1788864685 490338
24 18431 0 0 1788864685 496862
24 18454 0 0 1788864685 508174
24 18458 0 0 1788864685 508994
24 18490 0 0 1788864685 522893
24 18494 0 0 1788864685 524690
24 18499 0 0 1788864685 525994
24 18545 0 0 1788864685 540753
25 19836 0 0 1788864685 543301
25 19840 0 0 1788864685 545916
25 19861 0 0 1788864685 547775
27 19928 0 0 1788864685 549985
27 19929 0 0 1788864685 550262
26 18671 0 0 1788864685 553679
24 18577 0 0 1788864685 554713
26 18676 0 0 1788864685 555081
26 18682 199 0 1788864685 556882
24 18592 371 0 1788864685 559537
25 19889 187 0 1788864685 561706
27 19962 516 0 1788864685 561796
26 18695 0 0 1788864685 562046
27 19966 0 0 1788864685 562951
25 19896 0 0 1788864685 563628
27 19975 0 0 1788864685 565605
27 19990 0 0 1788864685 571373
24 18613 0 0 1788864685 571990
25 19921 0 0 1788864685 574164
26 18735 1691 0 1788864685 576800
25 19944 1469 0 1788864685 591388
26 18761 311 0 1788864685 602930
27 20022 523 0 1788864685 606880
24 18685 689 0 1788864685 611488
24 18697 0 0 1788864685 619532
26 18776 4161 0 1788864685 627158
24 18705 3796 0 1788864685 632855
26 18779 880 0 1788864685 634081
24 18713 600 0 1788864685 638286
25 19998 470 0 1788864685 642422
24 18732 1251 0 1788864685 654260
24 18737 1081 0 1788864685 658161
26 18809 771 0 1788864685 666453
24 18758 328 0 1788864685 669476
27 20070 465 0 1788864685 669485
24 18773 90 0 1788864685 672395
24 18802 88 0 1788864685 675978
24 18814 89 0 1788864685 677205
24 18836 137 0 1788864685 681024
27 20083 442 0 1788864685 681034
24 18845 90 0 1788864685 681969
24 18869 87 0 1788864685 685608
26 18838 305 0 1788864685 687408
24 18897 97 0 1788864685 688441
24 18913 118 0 1788864685 690621
25 20064 586 0 1788864685 691647
24 18924 118 0 1788864685 693205
27 20098 614 0 1788864685 693400
27 20099 770 0 1788864685 694194
24 18953 83 0 1788864685 697141
27 20112 543 0 1788864685 707586
26 18863 357 0 1788864685 708601
24 19014 102 0 1788864685 709500
24 19021 198 0 1788864685 710504
27 20116 820 0 1788864685 711169
24 19027 117 0 1788864685 711434
27 20117 1166 0 1788864685 712380
25 20090 665 0 1788864685 713211
24 19044 115 0 1788864685 713778
27 20120 311 0 1788864685 714116
25 20092 526 0 1788864685 714214
24 19049 133 0 1788864685 714351
24 19078 0 0 1788864685 721403
24 19083 0 0 1788864685 721995
24 19084 0 0 1788864685 722087
24 19086 0 0 1788864685 722369
27 20127 718 0 1788864685 722880
24 19094 0 0 1788864685 723668
25 20106 410 0 1788864685 725534
24 19111 0 0 1788864685 725773
26 18886 1457 0 1788864685 729934
24 19152 0 0 1788864685 731705
26 18892 1714 0 1788864685 733999
24 19168 0 0 1788864685 735060
24 19174 0 0 1788864685 735713
26 18900 658 0 1788864685 737683
25 20136 547 0 1788864685 739053
24 19192 268 0 1788864685 739647
27 20157 437 0 1788864685 741032
26 18908 220 0 1788864685 741293
27 20158 837 0 1788864685 741926
24 19202 0 0 1788864685 742452
24 19211 0 0 1788864685 744518
24 19216 0 0 1788864685 745797
24 19221 0 0 1788864685 748344
24 19233 0 0 1788864685 752508
24 19245 0 0 1788864685 754896
24 19260 0 0 1788864685 758889
24 19265 246 0 1788864685 760208
24 19271 353 0 1788864685 762104
24 19275 157 0 1788864685 763033
24 19278 372 0 1788864685 763902
27 20209 135 0 1788864685 774333
25 20207 132 0 1788864685 774835
27 20230 647 0 1788864685 782562
24 19324 389 0 1788864685 783092
26 18995 124 0 1788864685 784899
25 20272 135 0 1788864685 785587
27 20240 656 0 1788864685 785723
27 20241 703 0 1788864685 786430
25 20282 130 0 1788864685 787356
26 19016 214 0 1788864685 793790
26 19022 156 0 1788864685 794720
26 19024 346 0 1788864685 795355
24 19363 623 0 1788864685 796266
26 19040 119 0 1788864685 798382
26 19044 125 0 1788864685 799070
25 20353 168 0 1788864685 801250
25 20365 89 0 1788864685 803625
25 20370 96 0 1788864685 804278
24 19381 377 0 1788864685 805150
27 20326 146 0 1788864685 810916
27 20331 164 0 1788864685 811790
25 20397 364 0 1788864685 813150
27 20353 108 0 1788864685 816095
24 19401 687 0 1788864685 817875
25 20415 256 0 1788864685 818701
26 19131 208 0 1788864685 819650
26 19145 129 0 1788864685 822146
27 20388 179 0 1788864685 822776
25 20440 295 0 1788864685 826709
26 19178 123 0 1788864685 827990
27 20430 182 0 1788864685 830846
27 20448 220 0 1788864685 835414
27 20456 175 0 1788864685 836866
27 20463 203 0 1788864685 838158
26 19236 145 0 1788864685 839523
25 20485 406 0 1788864685 845790
27 20504 125 0 1788864685 846051
27 20520 268 0 1788864685 849317
26 19300 137 0 1788864685 852267
25 20502 367 0 1788864685 854172
26 19311 165 0 1788864685 854388
27 20553 155 0 1788864685 859622
25 20518 376 0 1788864685 861413
25 20521 354 0 1788864685 862349
25 20532 1499 0 1788864685 868421
27 20594 129 0 1788864685 870483
26 19375 941 0 1788864685 873471
26 19379 193 0 1788864685 874253
24 19466 599 0 1788864685 877756
24 19472 156 0 1788864685 878761
25 20568 180 0 1788864685 878809
24 19475 151 0 1788864685 879243
24 19507 217 0 1788864685 883724
27 20656 118 0 1788864685 884202
27 20663 0 0 1788864685 885015
24 19515 277 0 1788864685 885043
24 19527 270 0 1788864685 887430
24 19528 271 0 1788864685 887711
27 20689 92 0 1788864685 888482
25 20621 394 0 1788864685 891429
24 19540 279 0 1788864685 891973
24 19551 513 0 1788864685 897679
25 20635 273 0 1788864685 898052
27 20713 360 0 1788864685 899164
24 19556 360 0 1788864685 899622
26 19477 351 0 1788864685 901163
24 19561 362 0 1788864685 901436
26 19480 367 0 1788864685 902313
26 19485 352 0 1788864685 904115
25 20660 2349 0 1788864685 909619
27 20738 398 0 1788864685 910237
25 20670 363 0 1788864685 913231
26 19503 368 0 1788864685 913878
27 20758 331 0 1788864685 918016
27 20764 344 0 1788864685 920192
27 20765 346 0 1788864685 920541
25 20690 362 0 1788864685 920732
25 20700 359 0 1788864685 924436
24 19617 366 0 1788864685 924535
24 19622 368 0 1788864685 926279
27 20790 359 0 1788864685 929491
24 19634 460 0 1788864685 930909
24 19635 434 0 1788864685 931348
27 20794 810 0 1788864685 931447
25 20725 270 0 1788864685 933799
26 19560 354 0 1788864685 934695
27 20803 365 0 1788864685 934792
26 19571 358 0 1788864685 938666
27 20820 93 0 1788864685 940636
25 20755 363 0 1788864685 945155
27 20835 366 0 1788864685 946179
26 19597 177 0 1788864685 948164
25 20774 365 0 1788864685 952367
27 20852 286 0 1788864685 952854
26 19611 299 0 1788864685 953187
24 19709 0 0 1788864685 960295
26 19634 668 0 1788864685 967063
27 20878 611 0 1788864685 968664
25 20813 707 0 1788864685 974128
26 19651 564 0 1788864685 976318
24 19755 673 0 1788864685 983227
26 19666 719 0 1788864685 987135
25 20835 904 0 1788864685 988803
26 19700 80 0 1788864685 997048
24 19781 776 0 1788864685 997303
26 19706 77 0 1788864685 998299
27 20913 744 0 1788864686 1067
25 20861 236 0 1788864686 1186
27 20916 407 0 1788864686 2856
25 20869 0 0 1788864686 3552
26 19724 1135 0 1788864686 12518
24 19805 1241 0 1788864686 15707
27 20930 0 0 1788864686 19232
24 19815 0 0 1788864686 22711
26 19740 1339 0 1788864686 31153
27 20939 1164 0 1788864686 31306
24 19822 1111 0 1788864686 32878
26 19745 914 0 1788864686 34053
26 19780 398 0 1788864686 48368
24 19879 556 0 1788864686 52808
24 19882 274 0 1788864686 53650
26 19797 258 0 1788864686 54007
24 19884 212 0 1788864686 54124
25 20943 0 0 1788864686 56160
25 20949 180 0 1788864686 57132
25 20951 84 0 1788864686 57338
25 20957 105 0 1788864686 57955
24 19906 413 0 1788864686 59093
26 19815 558 0 1788864686 60153
27 20984 138 0 1788864686 60318
26 19821 230 0 1788864686 61435
26 19822 258 0 1788864686 61698
24 19922 384 0 1788864686 61877
26 19830 87 0 1788864686 63145
27 20999 159 0 1788864686 63692
27 21003 343 0 1788864686 64940
24 19941 79 0 1788864686 67065
25 20999 263 0 1788864686 67523
27 21011 257 0 1788864686 67684
26 19869 267 0 1788864686 69262
27 21022 74 0 1788864686 69290
27 21027 98 0 1788864686 69885
24 19959 242 0 1788864686 71021
27 21037 124 0 1788864686 71026
25 21016 269 0 1788864686 71595
27 21045 135 0 1788864686 71872
27 21046 86 0 1788864686 72031
24 19970 286 0 1788864686 75828
26 19909 268 0 1788864686 85557
26 19911 281 0 1788864686 86118
27 21094 87 0 1788864686 86415
24 20000 274 0 1788864686 86553
26 19925 0 0 1788864686 88249
27 21110 131 0 1788864686 89066
27 21113 327 0 1788864686 89821
24 20025 88 0 1788864686 90508
25 21076 84 0 1788864686 91351
27 21121 144 0 1788864686 92177
27 21130 256 0 1788864686 94434
26 19953 356 0 1788864686 94719
25 21113 354 0 1788864686 96119
25 21115 503 0 1788864686 96994
25 21120 359 0 1788864686 98702
24 20067 212 0 1788864686 101591
26 19977 207 0 1788864686 101968
26 19978 200 0 1788864686 102172
25 21141 250 0 1788864686 102777
24 20083 76 0 1788864686 105002
24 20086 96 0 1788864686 105370
27 21175 224 0 1788864686 115083
25 21158 243 0 1788864686 116056
24 20106 366 0 1788864686 117388
25 21160 613 0 1788864686 117435
24 20108 674 0 1788864686 118709
27 21184 550 0 1788864686 121863
25 21173 698 0 1788864686 127829
25 21174 515 0 1788864686 128350
27 21194 705 0 1788864686 129231
24 20128 887 0 1788864686 134475
25 21194 79 0 1788864686 137285
25 21201 1516 0 1788864686 139375
25 21207 395 0 1788864686 148454
26 20033 467 0 1788864686 155183
25 21252 793 0 1788864686 174175
27 21241 662 0 1788864686 175586
27 21244 752 0 1788864686 177886
24 20154 486 0 1788864686 183553
25 21282 320 0 1788864686 190751
27 21271 339 0 1788864686 191654
26 20088 346 0 1788864686 191752
24 20177 440 0 1788864686 192343
24 20198 392 0 1788864686 204579
24 20201 396 0 1788864686 205911
26 20117 366 0 1788864686 207507
26 20124 176 0 1788864686 210339
25 21322 366 0 1788864686 210619
27 21308 1226 0 1788864686 211941
26 20133 215 0 1788864686 214165
24 20220 214 0 1788864686 214433
27 21323 93 0 1788864686 217559
26 20149 422 0 1788864686 220152
26 20150 306 0 1788864686 220465
25 21352 163 0 1788864686 221822
24 20262 223 0 1788864686 225188
24 20265 196 0 1788864686 225859
24 20276 129 0 1788864686 227754
25 21386 191 0 1788864686 231460
25 21387 319 0 1788864686 231789
27 21390 191 0 1788864686 232034
27 21403 79 0 1788864686 233381
27 21410 86 0 1788864686 234070
26 20213 300 0 1788864686 234864
27 21421 81 0 1788864686 235255
24 20302 391 0 1788864686 236890
25 21406 236 0 1788864686 237421
26 20228 149 0 1788864686 237922
25 21411 193 0 1788864686 238403
24 20313 169 0 1788864686 239422
24 20323 194 0 1788864686 241078
24 20334 213 0 1788864686 243265
26 20271 147 0 1788864686 244312
26 20273 183 0 1788864686 244698
27 21489 149 0 1788864686 247657
24 20363 163 0 1788864686 248408
25 21467 235 0 1788864686 248551
27 21496 146 0 1788864686 248785
24 20367 243 0 1788864686 249233
27 21502 222 0 1788864686 249808
25 21477 220 0 1788864686 250937
27 21510 190 0 1788864686 251752
24 20384 347 0 1788864686 252481
26 20329 104 0 1788864686 254007
24 20401 213 0 1788864686 255757
27 21534 304 0 1788864686 256308
24 20406 153 0 1788864686 256936
27 21548 138 0 1788864686 258693
24 20427 120 0 1788864686 261109
24 20435 160 0 1788864686 262729
25 21549 158 0 1788864686 264896
25 21550 243 0 1788864686 265144
26 20414 146 0 1788864686 267208
27 21599 124 0 1788864686 268596
27 21610 159 0 1788864686 270191
25 21594 105 0 1788864686 271858
25 21625 122 0 1788864686 275956
26 20445 238 0 1788864686 276087
26 20446 242 0 1788864686 276355
25 21650 109 0 1788864686 279663
27 21688 131 0 1788864686 281087
26 20464 237 0 1788864686 281441
25 21667 133 0 1788864686 281844
24 20518 247 0 1788864686 282630
27 21701 136 0 1788864686 282811
27 21704 114 0 1788864686 283215
27 21705 118 0 1788864686 283355
25 21699 106 0 1788864686 286164
26 20487 260 0 1788864686 287775
25 21712 139 0 1788864686 287918
27 21744 98 0 1788864686 288565
27 21748 109 0 1788864686 289104
25 21721 133 0 1788864686 289145
26 20495 127 0 1788864686 290206
27 21758 108 0 1788864686 290487
27 21761 113 0 1788864686 291059
25 21737 130 0 1788864686 291501
25 21742 99 0 1788864686 292097
25 21749 221 0 1788864686 293140
27 21776 154 0 1788864686 293339
27 21777 153 0 1788864686 293496
26 20509 246 0 1788864686 293850
27 21779 179 0 1788864686 294006
24 20569 157 0 1788864686 294718
24 20577 204 0 1788864686 295898
24 20584 126 0 1788864686 296978
24 20589 247 0 1788864686 298218
26 20534 479 0 1788864686 298881
25 21783 155 0 1788864686 299347
25 21784 127 0 1788864686 299478
24 20602 133 0 1788864686 300027
24 20610 126 0 1788864686 301182
26 20550 138 0 1788864686 301619
26 20558 152 0 1788864686 303142
24 20625 123 0 1788864686 303492
24 20628 148 0 1788864686 303953
24 20640 242 0 1788864686 309120
27 21845 82 0 1788864686 309858
24 20653 163 0 1788864686 311494
24 20654 173 0 1788864686 311672
27 21871 165 0 1788864686 314559
24 20678 2416 0 1788864686 318174
25 21830 442 0 1788864686 319201
25 21832 708 0 1788864686 320731
24 20691 311 0 1788864686 323051
25 21839 86 0 1788864686 324177
25 21845 0 0 1788864686 327683
27 21907 0 0 1788864686 329411
26 20601 0 0 1788864686 330006
25 21850 372 0 1788864686 330469
25 21857 1506 0 1788864686 333958
25 21861 0 0 1788864686 336188
24 20721 0 0 1788864686 336918
27 21926 0 0 1788864686 341686
24 20739 0 0 1788864686 344589
25 21883 0 0 1788864686 346498
27 21939 373 0 1788864686 351362
24 20765 382 0 1788864686 362361
25 21912 275 0 1788864686 366478
27 21964 370 0 1788864686 369571
27 21965 1980 0 1788864686 373584
24 20789 337 0 1788864686 379776
25 21931 413 0 1788864686 380688
24 20798 178 0 1788864686 384931
27 21986 247 0 1788864686 384944
26 20701 138 0 1788864686 393583
27 22011 318 0 1788864686 393785
26 20703 1056 0 1788864686 394895
26 20716 222 0 1788864686 401101
24 20832 117 0 1788864686 401402
27 22030 379 0 1788864686 402253
24 20836 143 0 1788864686 402401
27 22040 300 0 1788864686 405690
26 20732 346 0 1788864686 405871
25 22007 224 0 1788864686 408227
24 20857 162 0 1788864686 408744
25 22011 219 0 1788864686 408914
26 20743 427 0 1788864686 410172
25 22023 209 0 1788864686 411298
26 20751 387 0 1788864686 412492
25 22035 177 0 1788864686 413843
27 22059 1249 0 1788864686 415810
26 20768 241 0 1788864686 416174
24 20875 175 0 1788864686 419586
25 22063 304 0 1788864686 420548
26 20788 363 0 1788864686 422059
26 20789 416 0 1788864686 422480
24 20886 157 0 1788864686 423535
26 20800 250 0 1788864686 425318
24 20894 208 0 1788864686 425414
25 22091 295 0 1788864686 426130
27 22083 263 0 1788864686 426892
25 22096 171 0 1788864686 427068
26 20817 333 0 1788864686 430736
26 20818 211 0 1788864686 430994
27 22098 518 0 1788864686 432735
24 20916 386 0 1788864686 432964
25 22124 143 0 1788864686 433502
26 20828 94 0 1788864686 434243
24 20922 259 0 1788864686 434367
27 22107 236 0 1788864686 435341
26 20837 257 0 1788864686 436625
25 22140 1142 0 1788864686 437730
27 22127 158 0 1788864686 441472
25 22158 373 0 1788864686 442393
25 22163 246 0 1788864686 443744
27 22138 219 0 1788864686 447557
26 20875 271 0 1788864686 451426
27 22145 390 0 1788864686 451844
27 22151 416 0 1788864686 453637
24 20979 323 0 1788864686 454378
26 20884 512 0 1788864686 454387
24 20997 0 0 1788864686 467169
24 20998 1519 0 1788864686 468753
27 22175 1052 0 1788864686 475650
24 21006 1151 0 1788864686 476806
25 22219 133 0 1788864686 488150
25 22226 586 0 1788864686 495599
26 20930 243 0 1788864686 498432
25 22231 1549 0 1788864686 499985
26 20931 1537 0 1788864686 499994
25 22234 889 0 1788864686 502947
25 22235 418 0 1788864686 503397
26 20936 1328 0 1788864686 503405
25 22240 852 0 1788864686 508828
27 22196 0 0 1788864686 515781
27 22198 0 0 1788864686 516451
27 22202 0 0 1788864686 517299
27 22206 337 0 1788864686 517999
27 22210 730 0 1788864686 520131
27 22217 102 0 1788864686 523443
24 21069 134 0 1788864686 524915
26 20973 134 0 1788864686 525653
27 22242 256 0 1788864686 528103
26 20986 299 0 1788864686 528379
24 21096 78 0 1788864686 529105
27 22252 100 0 1788864686 530041
26 20998 92 0 1788864686 530407
24 21103 147 0 1788864686 530440
24 21104 121 0 1788864686 530585
27 22261 163 0 1788864686 531407
24 21116 378 0 1788864686 533893
25 22305 2654 0 1788864686 536191
27 22274 294 0 1788864686 540061
27 22279 429 0 1788864686 542599
27 22283 315 0 1788864686 543835
25 22319 88 0 1788864686 545941
26 21038 228 0 1788864686 546275
25 22325 283 0 1788864686 546963
26 21047 346 0 1788864686 548765
24 21168 469 0 1788864686 552701
25 22349 835 0 1788864686 556681
26 21068 427 0 1788864686 561898
24 21213 374 0 1788864686 572135
24 21220 331 0 1788864686 575163
24 21242 536 0 1788864686 585719
26 21091 410 0 1788864686 593192
27 22345 367 0 1788864686 594136
25 22392 472 0 1788864686 598442
27 22355 349 0 1788864686 598451
27 22361 307 0 1788864686 601416
24 21277 453 0 1788864686 603074
26 21122 616 0 1788864686 606456
27 22381 392 0 1788864686 610878
25 22424 243 0 1788864686 611011
26 21138 273 0 1788864686 613938
24 21317 0 0 1788864686 620532
27 22405 333 0 1788864686 623169
25 22455 318 0 1788864686 624772
27 22408 666 0 1788864686 624932
27 22410 493 0 1788864686 625892
26 21165 636 0 1788864686 626684
26 21174 760 0 1788864686 631017
24 21340 380 0 1788864686 632183
25 22470 822 0 1788864686 632439
24 21346 534 0 1788864686 638311
26 21189 1002 0 1788864686 640154
24 21351 347 0 1788864686 641311
26 21193 654 0 1788864686 642487
25 22494 468 0 1788864686 644961
26 21213 173 0 1788864686 649561
26 21219 347 0 1788864686 651153
25 22516 242 0 1788864686 651918
26 21221 661 0 1788864686 652358
27 22464 375 0 1788864686 653626
26 21230 299 0 1788864686 655066
24 21401 156 0 1788864686 657167
27 22474 273 0 1788864686 657305
25 22539 421 0 1788864686 661729
27 22479 1119 0 1788864686 661743
24 21419 303 0 1788864686 664285
24 21420 328 0 1788864686 664626
24 21421 262 0 1788864686 664902
24 21422 986 0 1788864686 665893
25 22562 386 0 1788864686 668887
25 22565 89 0 1788864686 669445
24 21443 83 0 1788864686 670340
24 21447 125 0 1788864686 671128
25 22573 350 0 1788864686 671374
24 21450 300 0 1788864686 672128
27 22516 275 0 1788864686 673745
26 21277 327 0 1788864686 673846
25 22583 247 0 1788864686 673967
24 21459 147 0 1788864686 673997
24 21470 165 0 1788864686 675759
27 22530 300 0 1788864686 678926
25 22601 2790 0 1788864686 687647
27 22543 1877 0 1788864686 697633
27 22549 1337 0 1788864686 721632
26 21314 429 0 1788864686 723320
24 21524 286 0 1788864686 724884
24 21531 352 0 1788864686 728466
25 22627 407 0 1788864686 729895
27 22560 229 0 1788864686 730885
25 22630 1258 0 1788864686 732851
27 22564 1481 0 1788864686 736643
24 21544 784 0 1788864686 738200
24 21561 477 0 1788864686 749142
24 21563 1320 0 1788864686 752315
24 21564 962 0 1788864686 753297
27 22580 3480 0 1788864686 756837
24 21594 116 0 1788864686 766999
24 21625 186 0 1788864686 773248
25 22660 431 0 1788864686 799049
25 22664 390 0 1788864686 800379
24 21659 380 0 1788864686 801910
25 22669 0 0 1788864686 802155
25 22673 0 0 1788864686 803594
26 21363 379 0 1788864686 804138
24 21671 429 0 1788864686 807682
25 22683 563 0 1788864686 808119
26 21385 763 0 1788864686 817145
27 22616 396 0 1788864686 817363
26 21391 0 0 1788864686 819339
24 21705 335 0 1788864686 822062
24 21727 145 0 1788864686 826975
24 21730 166 0 1788864686 827787
26 21442 167 0 1788864686 829147
24 21752 200 0 1788864686 833444
24 21755 160 0 1788864686 834046
26 21479 96 0 1788864686 835975
26 21480 152 0 1788864686 836153
26 21491 128 0 1788864686 838384
26 21515 141 0 1788864686 843132
26 21516 150 0 1788864686 843341
26 21524 108 0 1788864686 845564
27 22660 141 0 1788864686 846118
26 21537 178 0 1788864686 847800
26 21538 175 0 1788864686 847983
26 21545 187 0 1788864686 849636
26 21565 219 0 1788864686 854243
26 21567 139 0 1788864686 857171
27 22680 330 0 1788864686 860563
26 21605 101 0 1788864686 865524
25 22787 1460 0 1788864686 867881
27 22695 318 0 1788864686 869435
25 22793 517 0 1788864686 870458
26 21643 332 0 1788864686 876664
24 21863 294 0 1788864686 880846
26 21667 93 0 1788864686 880995
26 21668 131 0 1788864686 881165
25 22830 3244 0 1788864686 886647
24 21870 4959 0 1788864686 892600
24 21873 805 0 1788864686 896069
25 22834 5509 0 1788864686 900887
24 21887 387 0 1788864686 903974
26 21697 1187 0 1788864686 912521
24 21901 1747 0 1788864686 918775
24 21903 751 0 1788864686 919771
24 21907 4963 0 1788864686 926257
24 21908 903 0 1788864686 927167
26 21709 749 0 1788864686 929149
25 22856 859 0 1788864686 932337
26 21735 850 0 1788864686 951046
25 22879 1011 0 1788864686 951511
24 21934 284 0 1788864686 953781
26 21742 678 0 1788864686 955237
25 22886 677 0 1788864686 957494
25 22888 561 0 1788864686 958636
24 21955 731 0 1788864686 968287
27 22802 456 0 1788864686 969704
25 22917 1208 0 1788864686 978676
26 21794 383 0 1788864686 990090
27 22843 390 0 1788864686 997338
24 21998 481 0 1788864686 999253
24 22001 579 0 1788864687 1719
26 21809 808 0 1788864687 5145
25 22961 471 0 1788864687 7092
27 22852 233 0 1788864687 7412
27 22854 164 0 1788864687 7878
24 22010 632 0 1788864687 8515
24 22017 795 0 1788864687 12016
25 22970 712 0 1788864687 12394
24 22018 620 0 1788864687 12645
27 22863 570 0 1788864687 13409
25 22978 93 0 1788864687 15387
27 22867 776 0 1788864687 15522
24 22026 388 0 1788864687 16422
24 22028 177 0 1788864687 17166
24 22034 388 0 1788864687 19276
25 23001 474 0 1788864687 30194
25 23008 0 0 1788864687 32957
27 22901 493 0 1788864687 36207
27 22905 209 0 1788864687 39151
26 21875 1668 0 1788864687 41728
26 21879 259 0 1788864687 43356
24 22078 196 0 1788864687 43784
26 21885 514 0 1788864687 46279
25 23033 240 0 1788864687 47227
24 22091 331 0 1788864687 50303
26 21931 514 0 1788864687 95622
27 22957 887 0 1788864687 96249
24 22145 0 0 1788864687 99523
25 23085 1033 0 1788864687 99918
26 21938 344 0 1788864687 101121
25 23094 773 0 1788864687 106436
25 23112 589 0 1788864687 119667
25 23116 1218 0 1788864687 122938
25 23123 742 0 1788864687 129847
25 23136 714 0 1788864687 140597
26 21985 840 0 1788864687 140826
25 23139 732 0 1788864687 143036
26 21992 1015 0 1788864687 146672
27 23031 93 0 1788864687 150955
27 23033 142 0 1788864687 151196
24 22217 183 0 1788864687 151486
27 23041 186 0 1788864687 152735
24 22232 179 0 1788864687 154548
27 23066 200 0 1788864687 157762
27 23072 180 0 1788864687 158897
27 23099 304 0 1788864687 164906
24 22288 181 0 1788864687 166241
24 22291 215 0 1788864687 167098
27 23116 180 0 1788864687 168428
24 22299 188 0 1788864687 168712
24 22315 192 0 1788864687 171796
24 22320 188 0 1788864687 172743
27 23138 183 0 1788864687 172837
27 23150 172 0 1788864687 175193
24 22338 168 0 1788864687 176292
24 22348 439 0 1788864687 179360
29 8 209 0 1788864677 278799
31 4 471 0 1788864677 280421
30 22 1226 0 1788864677 287859
30 29 322 0 1788864677 291539
31 24 479 0 1788864677 295947
29 51 235 0 1788864677 297863
29 55 151 0 1788864677 299096
28 38 475 0 1788864677 300276
30 47 245 0 1788864677 300906
29 78 314 0 1788864677 306996
31 71 79 0 1788864677 316416
31 92 0 0 1788864677 321111
29 114 279 0 1788864677 325262
31 127 262 0 1788864677 326293
29 122 244 0 1788864677 327801
28 82 511 0 1788864677 329678
29 135 484 0 1788864677 331409
29 136 260 0 1788864677 331674
29 146 267 0 1788864677 334495
28 93 367 0 1788864677 335345
30 98 1346 0 1788864677 336507
31 215 85 0 1788864677 338324
31 232 86 0 1788864677 340498
29 165 439 0 1788864677 342172
29 170 324 0 1788864677 344546
29 171 478 0 1788864677 345028
29 175 1471 0 1788864677 349059
29 184 538 0 1788864677 354790
28 144 534 0 1788864677 366921
31 285 965 0 1788864677 367331
28 146 456 0 1788864677 368597
31 291 1338 0 1788864677 374049
31 293 1284 0 1788864677 376034
31 313 169 0 1788864677 391254
31 326 183 0 1788864677 394359
31 333 256 0 1788864677 396113
28 185 406 0 1788864677 398525
31 342 551 0 1788864677 410312
30 176 492 0 1788864677 414841
28 204 708 0 1788864677 415911
28 208 726 0 1788864677 418358
30 183 396 0 1788864677 419721
28 210 1259 0 1788864677 420205
31 352 1018 0 1788864677 430383
31 363 1514 0 1788864677 440630
29 256 2173 0 1788864677 444948
29 261 2564 0 1788864677 454359
28 225 3657 0 1788864677 480864
30 226 2398 0 1788864677 487014
30 227 2174 0 1788864677 489193
31 381 2787 0 1788864677 490117
29 275 2018 0 1788864677 491316
29 283 3248 0 1788864677 512115
31 396 2226 0 1788864677 522844
31 415 399 0 1788864677 543022
30 262 1094 0 1788864677 548943
30 268 1140 0 1788864677 557488
29 326 1640 0 1788864677 567855
30 280 1045 0 1788864677 572095
28 285 1727 0 1788864677 572537
30 281 1093 0 1788864677 573193
28 298 936 0 1788864677 585215
28 299 812 0 1788864677 586037
29 351 1355 0 1788864677 597870
31 466 1422 0 1788864677 607680
29 365 2571 0 1788864677 617894
31 481 1180 0 1788864677 625425
29 375 1343 0 1788864677 628243
31 490 1156 0 1788864677 636051
30 346 1408 0 1788864677 651187
28 355 1058 0 1788864677 656716
29 402 1161 0 1788864677 659986
28 361 390 0 1788864677 662363
30 359 180 0 1788864677 662672
30 361 337 0 1788864677 663385
30 369 150 0 1788864677 665179
28 384 1034 0 1788864677 683124
31 542 531 0 1788864677 687203
29 440 954 0 1788864677 690001
29 442 1128 0 1788864677 691781
30 408 692 0 1788864677 697766
30 415 665 0 1788864677 704134
31 568 381 0 1788864677 706849
28 418 668 0 1788864677 707687
31 571 539 0 1788864677 708546
30 422 598 0 1788864677 709343
28 424 474 0 1788864677 710541
28 427 583 0 1788864677 713504
30 433 795 0 1788864677 717330
29 476 827 0 1788864677 717961
30 437 814 0 1788864677 720356
28 446 801 0 1788864677 724560
30 459 866 0 1788864677 735852
30 466 175 0 1788864677 739594
29 518 233 0 1788864677 740804
29 528 635 0 1788864677 744665
30 483 428 0 1788864677 748875
30 484 435 0 1788864677 749316
29 546 395 0 1788864677 753114
28 500 367 0 1788864677 754599
28 502 481 0 1788864677 755791
31 653 491 0 1788864677 757386
28 509 322 0 1788864677 758502
30 518 436 0 1788864677 762648
29 581 923 0 1788864677 768928
28 535 449 0 1788864677 770656
29 585 451 0 1788864677 770939
31 685 404 0 1788864677 771780
31 688 371 0 1788864677 773039
30 542 367 0 1788864677 773314
31 689 455 0 1788864677 773500
30 548 407 0 1788864677 775795
31 709 368 0 1788864677 783285
29 613 0 0 1788864677 785939
29 619 271 0 1788864677 787392
30 570 645 0 1788864677 789340
29 656 1738 0 1788864677 804878
29 661 471 0 1788864677 810124
28 627 427 0 1788864677 813513
31 767 375 0 1788864677 815311
31 769 414 0 1788864677 816591
29 681 659 0 1788864677 825004
30 637 3771 0 1788864677 838872
31 788 516 0 1788864677 851975
29 701 0 0 1788864677 852351
31 792 0 0 1788864677 854026
28 679 539 0 1788864677 865457
31 815 1186 0 1788864677 875507
30 678 3402 0 1788864677 876625
30 682 431 0 1788864677 882561
28 698 631 0 1788864677 885773
29 765 715 0 1788864677 898981
29 767 100 0 1788864677 899268
28 721 904 0 1788864677 902312
31 850 806 0 1788864677 905142
28 734 516 0 1788864677 909506
30 725 554 0 1788864677 910592
29 816 168 0 1788864677 912033
30 731 311 0 1788864677 913113
29 821 495 0 1788864677 915130
28 751 219 0 1788864677 917896
31 882 100 0 1788864677 919166
31 914 2716 0 1788864677 938245
28 785 150 0 1788864677 938720
28 822 87 0 1788864677 954172
28 838 102 0 1788864677 955998
31 952 654 0 1788864677 956858
28 846 92 0 1788864677 957141
28 849 83 0 1788864677 957437
28 856 97 0 1788864677 958247
28 865 89 0 1788864677 960186
28 891 85 0 1788864677 963198
31 972 403 0 1788864677 966929
29 921 334 0 1788864677 973331
30 852 871 0 1788864677 975286
28 926 552 0 1788864677 980246
30 861 560 0 1788864677 981360
29 940 702 0 1788864677 985850
30 873 287 0 1788864677 989465
31 1005 510 0 1788864677 992233
29 952 566 0 1788864677 993976
28 951 215 0 1788864677 996174
28 962 731 0 1788864678 3875
29 975 0 0 1788864678 9198
28 972 952 0 1788864678 9778
28 974 471 0 1788864678 11169
29 979 405 0 1788864678 11788
31 1034 265 0 1788864678 14364
30 907 250 0 1788864678 15245
28 985 326 0 1788864678 15792
28 986 258 0 1788864678 16063
30 911 1088 0 1788864678 17873
28 996 599 0 1788864678 21922
29 1011 0 0 1788864678 28333
28 1027 0 0 1788864678 36706
30 933 676 0 1788864678 44413
30 934 114 0 1788864678 44533
31 1073 689 0 1788864678 48151
31 1074 293 0 1788864678 48449
31 1078 699 0 1788864678 52076
30 948 683 0 1788864678 54499
30 951 1211 0 1788864678 57630
29 1050 1166 0 1788864678 61841
31 1095 829 0 1788864678 68870
31 1096 596 0 1788864678 69864
31 1109 0 0 1788864678 76960
28 1080 0 0 1788864678 97458
29 1080 0 0 1788864678 102054
28 1089 0 0 1788864678 103708
28 1092 0 0 1788864678 105114
30 977 525 0 1788864678 106074
30 979 924 0 1788864678 108809
30 983 633 0 1788864678 111888
31 1140 0 0 1788864678 125752
29 1103 3640 0 1788864678 130076
29 1108 575 0 1788864678 135085
31 1159 422 0 1788864678 149973
28 1168 794 0 1788864678 156047
31 1167 346 0 1788864678 157543
31 1171 0 0 1788864678 163573
31 1175 0 0 1788864678 167935
30 1045 0 0 1788864678 169712
28 1193 552 0 1788864678 173792
28 1202 0 0 1788864678 178206
30 1059 0 0 1788864678 178631
28 1211 562 0 1788864678 181843
30 1071 366 0 1788864678 185383
29 1193 671 0 1788864678 186712
31 1207 0 0 1788864678 201397
31 1208 362 0 1788864678 202033
28 1228 392 0 1788864678 202539
28 1238 369 0 1788864678 206913
30 1091 286 0 1788864678 207020
31 1227 280 0 1788864678 209765
29 1250 0 0 1788864678 214577
28 1259 0 0 1788864678 215242
29 1271 0 0 1788864678 220184
29 1274 0 0 1788864678 221180
28 1284 0 0 1788864678 222270
29 1278 0 0 1788864678 222420
30 1158 0 0 1788864678 226523
30 1174 0 0 1788864678 228370
30 1188 0 0 1788864678 230862
30 1196 0 0 1788864678 234409
29 1285 335 0 1788864678 240164
29 1299 269 0 1788864678 244903
28 1309 212 0 1788864678 245983
28 1311 271 0 1788864678 246439
29 1306 465 0 1788864678 247147
28 1331 14679 0 1788864678 272863
28 1336 301 0 1788864678 275284
29 1328 256 0 1788864678 275893
28 1352 302 0 1788864678 281364
28 1362 561 0 1788864678 288482
31 1287 314 0 1788864678 289811
31 1292 187 0 1788864678 291443
30 1261 217 0 1788864678 292129
30 1262 173 0 1788864678 292323
31 1301 129 0 1788864678 293259
31 1303 264 0 1788864678 293703
31 1315 255 0 1788864678 296911
31 1320 236 0 1788864678 298667
31 1321 922 0 1788864678 299594
29 1386 757 0 1788864678 301756
30 1296 357 0 1788864678 303019
31 1335 547 0 1788864678 305030
30 1312 439 0 1788864678 309630
31 1347 330 0 1788864678 310201
31 1352 413 0 1788864678 312147
30 1323 191 0 1788864678 313488
31 1357 462 0 1788864678 313918
28 1415 508 0 1788864678 314238
29 1409 589 0 1788864678 315053
31 1362 318 0 1788864678 315400
29 1410 559 0 1788864678 315621
28 1422 648 0 1788864678 319326
30 1343 492 0 1788864678 322370
29 1425 174 0 1788864678 327274
29 1426 0 0 1788864678 327433
29 1427 193 0 1788864678 327631
28 1443 365 0 1788864678 329630
29 1440 678 0 1788864678 334944
31 1397 545 0 1788864678 335973
30 1365 439 0 1788864678 336076
31 1405 773 0 1788864678 341339
29 1451 465 0 1788864678 341810
30 1387 499 0 1788864678 349394
28 1514 326 0 1788864678 353724
28 1516 367 0 1788864678 354382
29 1473 570 0 1788864678 354391
30 1400 424 0 1788864678 354930
28 1525 348 0 1788864678 358176
29 1480 3464 0 1788864678 361513
30 1416 448 0 1788864678 362199
30 1419 393 0 1788864678 363381
30 1422 271 0 1788864678 364524
30 1430 132 0 1788864678 366703
28 1562 339 0 1788864678 372090
28 1566 172 0 1788864678 373424
30 1450 266 0 1788864678 374369
30 1453 283 0 1788864678 375329
28 1575 295 0 1788864678 376422
30 1459 217 0 1788864678 377248
28 1583 448 0 1788864678 379359
29 1509 826 0 1788864678 382064
30 1475 326 0 1788864678 383473
30 1479 568 0 1788864678 385285
28 1596 1207 0 1788864678 386501
29 1526 987 0 1788864678 394148
28 1631 105 0 1788864678 397125
28 1648 184 0 1788864678 400219
28 1651 0 0 1788864678 400706
30 1539 929 0 1788864678 408080
31 1527 465 0 1788864678 413215
30 1554 750 0 1788864678 421419
31 1561 420 0 1788864678 423764
28 1693 376 0 1788864678 426658
29 1586 565 0 1788864678 427519
30 1576 515 0 1788864678 433245
29 1598 282 0 1788864678 434342
28 1718 246 0 1788864678 434621
29 1604 384 0 1788864678 437458
30 1592 294 0 1788864678 441080
31 1612 172 0 1788864678 444444
31 1629 695 0 1788864678 452029
28 1770 332 0 1788864678 455856
31 1635 368 0 1788864678 455867
28 1772 202 0 1788864678 456224
31 1640 278 0 1788864678 457840
28 1775 437 0 1788864678 458387
28 1778 799 0 1788864678 459817
28 1785 324 0 1788864678 461911
30 1612 1379 0 1788864678 462564
31 1654 272 0 1788864678 463258
31 1655 272 0 1788864678 463535
31 1662 364 0 1788864678 466367
31 1663 790 0 1788864678 467163
28 1829 769 0 1788864678 479470
30 1631 800 0 1788864678 481877
31 1706 472 0 1788864678 481887
31 1727 660 0 1788864678 491249
31 1738 249 0 1788864678 496710
28 1863 508 0 1788864678 498566
30 1652 628 0 1788864678 500219
28 1867 319 0 1788864678 500543
30 1659 322 0 1788864678 502954
31 1766 378 0 1788864678 507220
28 1888 1937 0 1788864678 513026
31 1787 269 0 1788864678 513036
31 1791 186 0 1788864678 514029
29 1703 505 0 1788864678 515865
31 1803 189 0 1788864678 517558
29 1709 377 0 1788864678 520470
29 1710 576 0 1788864678 521051
31 1815 223 0 1788864678 522058
29 1713 514 0 1788864678 523031
29 1716 326 0 1788864678 525872
29 1717 424 0 1788864678 526299
31 1833 188 0 1788864678 528768
30 1679 457 0 1788864678 529196
31 1847 197 0 1788864678 532292
30 1685 532 0 1788864678 532491
28 1915 278 0 1788864678 533463
30 1694 445 0 1788864678 536599
29 1733 3782 0 1788864678 540717
29 1737 105 0 1788864678 545807
30 1705 481 0 1788864678 547695
29 1744 401 0 1788864678 548943
29 1745 549 0 1788864678 549497
30 1712 387 0 1788864678 550949
31 1877 411 0 1788864678 555903
31 1891 381 0 1788864678 563104
28 1976 423 0 1788864678 568640
31 1910 369 0 1788864678 571750
30 1754 534 0 1788864678 572565
30 1757 424 0 1788864678 574025
28 2005 525 0 1788864678 584388
30 1778 566 0 1788864678 586249
28 2013 295 0 1788864678 587441
30 1780 649 0 1788864678 587872
30 1781 489 0 1788864678 588454
30 1794 459 0 1788864678 595758
28 2033 548 0 1788864678 596629
31 1949 683 0 1788864678 599287
29 1852 649 0 1788864678 602484
28 2044 891 0 1788864678 602622
30 1805 687 0 1788864678 602959
29 1860 301 0 1788864678 605946
30 1812 387 0 1788864678 606441
30 1814 484 0 1788864678 607473
29 1868 365 0 1788864678 608809
28 2061 79 0 1788864678 608987
29 1877 403 0 1788864678 612247
30 1826 496 0 1788864678 613356
30 1829 491 0 1788864678 615560
28 2077 454 0 1788864678 616794
30 1834 229 0 1788864678 616805
29 1885 575 0 1788864678 617036
31 1981 191 0 1788864678 623248
29 1900 445 0 1788864678 625196
30 1861 173 0 1788864678 626192
29 1902 595 0 1788864678 626330
28 2100 2495 0 1788864678 631809
30 1882 394 0 1788864678 632729
30 1887 120 0 1788864678 634257
28 2109 343 0 1788864678 636564
30 1900 102 0 1788864678 637499
31 2030 362 0 1788864678 648423
31 2055 290 0 1788864678 655729
29 1955 411 0 1788864678 658591
28 2151 500 0 1788864678 661084
31 2074 202 0 1788864678 662276
31 2077 227 0 1788864678 662928
31 2080 180 0 1788864678 663665
28 2157 373 0 1788864678 664355
29 1966 454 0 1788864678 665366
31 2097 580 0 1788864678 669823
29 1982 535 0 1788864678 672401
31 2112 186 0 1788864678 674185
31 2118 110 0 1788864678 675508
31 2123 263 0 1788864678 676512
31 2169 125 0 1788864678 685260
29 2008 502 0 1788864678 687902
28 2210 481 0 1788864678 692952
31 2215 145 0 1788864678 695438
30 2030 348 0 1788864678 697242
31 2231 2575 0 1788864678 701954
30 2045 1070 0 1788864678 709350
29 2042 701 0 1788864678 709790
31 2243 482 0 1788864678 711429
31 2247 481 0 1788864678 713184
30 2068 347 0 1788864678 719350
31 2260 590 0 1788864678 719749
28 2242 142 0 1788864678 721199
30 2076 352 0 1788864678 723105
29 2077 354 0 1788864678 725737
29 2088 504 0 1788864678 730812
29 2089 510 0 1788864678 731328
31 2264 2268 0 1788864678 732089
31 2288 179 0 1788864678 744307
30 2119 546 0 1788864678 745617
31 2319 161 0 1788864678 751325
28 2312 325 0 1788864678 753392
29 2129 687 0 1788864678 756054
28 2330 474 0 1788864678 760738
31 2360 211 0 1788864678 761813
31 2374 133 0 1788864678 764271
31 2380 217 0 1788864678 765308
30 2150 561 0 1788864678 767879
31 2403 221 0 1788864678 770118
31 2407 205 0 1788864678 770985
29 2148 1260 0 1788864678 771285
30 2156 691 0 1788864678 771890
31 2442 242 0 1788864678 777290
31 2445 220 0 1788864678 777848
29 2158 664 0 1788864678 778074
31 2466 104 0 1788864678 781867
31 2480 138 0 1788864678 784358
29 2173 509 0 1788864678 787664
30 2182 419 0 1788864678 789676
31 2536 240 0 1788864678 794698
28 2401 378 0 1788864678 802772
28 2402 256 0 1788864678 803036
31 2585 226 0 1788864678 803048
31 2604 122 0 1788864678 806585
29 2201 706 0 1788864678 807151
30 2219 477 0 1788864678 814956
29 2220 272 0 1788864678 817133
28 2468 243 0 1788864678 820129
30 2237 446 0 1788864678 821902
29 2239 619 0 1788864678 825726
28 2500 381 0 1788864678 827930
30 2250 490 0 1788864678 829068
31 2679 108 0 1788864678 829662
29 2253 533 0 1788864678 832695
28 2535 143 0 1788864678 835150
28 2547 174 0 1788864678 837194
28 2558 164 0 1788864678 839166
30 2274 382 0 1788864678 840506
29 2274 370 0 1788864678 842226
28 2577 191 0 1788864678 842525
31 2722 178 0 1788864678 844778
30 2286 339 0 1788864678 845354
29 2288 686 0 1788864678 847988
30 2295 295 0 1788864678 848627
31 2742 89 0 1788864678 850068
31 2756 316 0 1788864678 853037
31 2761 383 0 1788864678 854480
30 2308 403 0 1788864678 854641
30 2310 396 0 1788864678 855919
28 2611 490 0 1788864678 857473
28 2618 456 0 1788864678 860949
31 2781 471 0 1788864678 861920
31 2783 460 0 1788864678 862745
31 2787 386 0 1788864678 864010
31 2792 0 0 1788864678 866815
31 2793 0 0 1788864678 866978
29 2328 1165 0 1788864678 870206
30 2339 452 0 1788864678 874015
30 2342 664 0 1788864678 875437
31 2827 561 0 1788864678 890197
30 2359 542 0 1788864678 891215
31 2829 353 0 1788864678 891980
31 2831 366 0 1788864678 893223
29 2360 214 0 1788864678 893440
29 2377 483 0 1788864678 903365
30 2379 315 0 1788864678 903919
31 2857 685 0 1788864678 907036
29 2384 584 0 1788864678 907449
30 2406 0 0 1788864678 913430
31 2870 563 0 1788864678 914162
29 2401 203 0 1788864678 915702
29 2403 131 0 1788864678 916073
29 2407 93 0 1788864678 916496
29 2418 167 0 1788864678 917726
31 2885 415 0 1788864678 921823
30 2445 382 0 1788864678 927047
30 2447 383 0 1788864678 927811
31 2903 380 0 1788864678 928764
30 2473 270 0 1788864678 937935
29 2476 366 0 1788864678 940771
29 2481 359 0 1788864678 942591
28 2780 357 0 1788864678 946430
30 2501 357 0 1788864678 948193
30 2505 336 0 1788864678 949627
31 2959 615 0 1788864678 949817
28 2797 710 0 1788864678 953297
30 2514 561 0 1788864678 953737
31 2972 384 0 1788864678 954703
31 2975 603 0 1788864678 956019
28 2810 373 0 1788864678 957961
28 2812 273 0 1788864678 958503
28 2814 361 0 1788864678 959242
28 2822 360 0 1788864678 962233
29 2541 354 0 1788864678 965310
31 3004 364 0 1788864678 966847
28 2840 392 0 1788864678 968858
30 2556 293 0 1788864678 969056
31 3020 1747 0 1788864678 973999
28 2856 753 0 1788864678 977792
29 2572 489 0 1788864678 981455
31 3039 445 0 1788864678 982725
28 2866 704 0 1788864678 983683
28 2871 667 0 1788864678 986198
29 2585 0 0 1788864678 987505
28 2874 503 0 1788864678 987721
29 2587 305 0 1788864678 987995
30 2598 587 0 1788864678 990583
28 2883 1219 0 1788864678 993048
29 2600 409 0 1788864678 996373
30 2611 477 0 1788864678 997121
30 2612 459 0 1788864678 997585
29 2612 461 0 1788864679 2464
29 2613 0 0 1788864679 2914
31 3080 0 0 1788864679 9081
31 3091 0 0 1788864679 12992
30 2632 517 0 1788864679 14142
28 2929 602 0 1788864679 18416
30 2639 399 0 1788864679 18920
28 2934 796 0 1788864679 22354
30 2650 366 0 1788864679 25561
28 2954 0 0 1788864679 28836
31 3118 0 0 1788864679 30877
31 3124 533 0 1788864679 33380
30 2669 0 0 1788864679 34836
31 3133 1329 0 1788864679 41249
28 2989 0 0 1788864679 46794
28 2994 0 0 1788864679 49828
31 3146 0 0 1788864679 50199
31 3147 0 0 1788864679 50760
31 3156 0 0 1788864679 57167
30 2685 464 0 1788864679 59502
28 3019 0 0 1788864679 63376
29 2711 860 0 1788864679 70573
29 2715 737 0 1788864679 73156
30 2703 1011 0 1788864679 74066
28 3043 791 0 1788864679 74462
31 3178 433 0 1788864679 79648
31 3179 1199 0 1788864679 81169
28 3057 846 0 1788864679 82762
30 2717 1549 0 1788864679 86311
29 2739 973 0 1788864679 89168
28 3068 0 0 1788864679 89607
29 2740 256 0 1788864679 89875
29 2763 0 0 1788864679 106772
29 2770 379 0 1788864679 111403
30 2760 555 0 1788864679 116698
31 3227 561 0 1788864679 126310
30 2784 0 0 1788864679 132169
28 3141 898 0 1788864679 132732
28 3145 595 0 1788864679 135845
29 2810 0 0 1788864679 137112
28 3160 0 0 1788864679 145847
29 2824 1827 0 1788864679 146868
28 3163 566 0 1788864679 147309
30 2810 910 0 1788864679 147988
30 2816 0 0 1788864679 151377
29 2843 0 0 1788864679 156061
29 2846 0 0 1788864679 157179
29 2848 0 0 1788864679 157889
28 3188 2033 0 1788864679 169410
29 2883 949 0 1788864679 178438
28 3207 0 0 1788864679 182146
31 3289 3387 0 1788864679 183355
31 3291 0 0 1788864679 184671
28 3222 0 0 1788864679 190068
30 2871 528 0 1788864679 193416
30 2872 0 0 1788864679 193845
31 3300 564 0 1788864679 193881
28 3233 542 0 1788864679 195831
29 2916 0 0 1788864679 198678
31 3310 1318 0 1788864679 199336
30 2890 0 0 1788864679 202736
31 3328 0 0 1788864679 212009
28 3246 754 0 1788864679 217651
29 2945 2778 0 1788864679 223456
30 2916 0 0 1788864679 230916
30 2929 0 0 1788864679 250251
30 2946 311 0 1788864679 260628
31 3352 380 0 1788864679 261654
28 3286 501 0 1788864679 262409
30 2957 419 0 1788864679 265357
28 3293 693 0 1788864679 265653
30 2962 474 0 1788864679 267116
29 2990 517 0 1788864679 271351
29 2995 835 0 1788864679 275434
28 3308 0 0 1788864679 276225
28 3318 564 0 1788864679 282579
31 3380 343 0 1788864679 287763
31 3381 778 0 1788864679 288903
31 3386 413 0 1788864679 291239
30 2995 557 0 1788864679 292202
29 3046 0 0 1788864679 294413
30 2998 749 0 1788864679 295277
28 3345 658 0 1788864679 297392
29 3082 150 0 1788864679 299279
29 3107 87 0 1788864679 304005
29 3120 129 0 1788864679 305684
29 3132 184 0 1788864679 307312
30 3017 724 0 1788864679 308463
29 3165 195 0 1788864679 311589
29 3168 174 0 1788864679 312297
29 3176 138 0 1788864679 313363
29 3182 131 0 1788864679 314111
29 3187 117 0 1788864679 314746
28 3371 1187 0 1788864679 316974
29 3208 356 0 1788864679 321651
28 3385 248 0 1788864679 323218
29 3214 258 0 1788864679 323317
29 3215 247 0 1788864679 323567
29 3221 336 0 1788864679 324812
29 3229 385 0 1788864679 327247
28 3405 258 0 1788864679 329216
28 3409 224 0 1788864679 330436
29 3241 218 0 1788864679 331357
29 3242 362 0 1788864679 331724
30 3049 1265 0 1788864679 335383
28 3435 203 0 1788864679 338957
28 3453 276 0 1788864679 344359
30 3066 260 0 1788864679 347857
28 3476 328 0 1788864679 352244
28 3482 242 0 1788864679 354163
28 3485 341 0 1788864679 355031
29 3327 301 0 1788864679 358710
28 3500 245 0 1788864679 359157
30 3085 1176 0 1788864679 361621
28 3508 192 0 1788864679 364059
31 3485 567 0 1788864679 366699
28 3519 656 0 1788864679 367806
28 3526 438 0 1788864679 370330
28 3530 239 0 1788864679 371271
29 3361 217 0 1788864679 371621
28 3535 226 0 1788864679 374242
28 3538 356 0 1788864679 375718
30 3106 628 0 1788864679 377236
29 3379 248 0 1788864679 379367
29 3383 268 0 1788864679 380328
30 3110 739 0 1788864679 380953
29 3390 185 0 1788864679 382269
29 3391 265 0 1788864679 382543
31 3509 567 0 1788864679 385494
28 3576 348 0 1788864679 387163
28 3606 286 0 1788864679 396850
31 3522 862 0 1788864679 397311
28 3633 276 0 1788864679 404819
30 3153 916 0 1788864679 415758
29 3559 79 0 1788864679 419558
30 3158 779 0 1788864679 420113
31 3551 684 0 1788864679 420267
29 3569 84 0 1788864679 421758
29 3586 97 0 1788864679 424231
29 3588 186 0 1788864679 424564
29 3592 85 0 1788864679 425116
29 3602 106 0 1788864679 426220
29 3616 138 0 1788864679 427934
29 3621 105 0 1788864679 428452
29 3648 206 0 1788864679 432321
29 3660 91 0 1788864679 434180
28 3682 753 0 1788864679 435785
28 3685 716 0 1788864679 438178
29 3685 225 0 1788864679 438604
29 3688 270 0 1788864679 439635
31 3583 955 0 1788864679 454272
29 3711 813 0 1788864679 465523
28 3733 91 0 1788864679 468030
28 3736 158 0 1788864679 468503
29 3729 389 0 1788864679 477386
29 3731 1106 0 1788864679 479361
30 3234 1109 0 1788864679 483735
29 3744 474 0 1788864679 485433
28 3784 226 0 1788864679 486012
28 3799 157 0 1788864679 490188
29 3761 329 0 1788864679 498671
28 3809 544 0 1788864679 500433
31 3635 1203 0 1788864679 504625
28 3830 125 0 1788864679 506376
28 3837 216 0 1788864679 507949
28 3852 277 0 1788864679 511399
28 3858 318 0 1788864679 513099
28 3876 210 0 1788864679 518400
28 3915 156 0 1788864679 527421
29 3788 1383 0 1788864679 531336
28 3953 221 0 1788864679 535917
28 3981 242 0 1788864679 541801
28 3996 228 0 1788864679 545570
28 4004 280 0 1788864679 547332
28 4025 221 0 1788864679 552093
31 3677 801 0 1788864679 554744
28 4043 248 0 1788864679 556137
28 4047 253 0 1788864679 557047
28 4061 139 0 1788864679 560064
28 4067 308 0 1788864679 561372
30 3296 1005 0 1788864679 561775
28 4070 174 0 1788864679 562163
31 3684 1074 0 1788864679 562172
28 4073 193 0 1788864679 562969
28 4098 172 0 1788864679 569013
28 4101 215 0 1788864679 569739
28 4115 252 0 1788864679 572477
29 3827 284 0 1788864679 572647
28 4130 146 0 1788864679 576570
29 3830 967 0 1788864679 576893
28 4134 211 0 1788864679 577382
28 4139 115 0 1788864679 578426
28 4158 270 0 1788864679 582384
28 4162 132 0 1788864679 583375
28 4174 318 0 1788864679 586354
28 4211 192 0 1788864679 593476
28 4214 134 0 1788864679 593984
28 4215 217 0 1788864679 594206
28 4239 336 0 1788864679 599981
31 3729 385 0 1788864679 600682
28 4244 196 0 1788864679 600883
28 4249 156 0 1788864679 601626
28 4256 154 0 1788864679 602459
28 4263 577 0 1788864679 605020
28 4292 167 0 1788864679 609238
30 3365 446 0 1788864679 610722
28 4321 555 0 1788864679 615381
30 3377 373 0 1788864679 616274
30 3392 283 0 1788864679 621227
30 3396 340 0 1788864679 622545
31 3778 379 0 1788864679 622843
29 3917 312 0 1788864679 624735
31 3797 340 0 1788864679 628437
31 3801 293 0 1788864679 629623
30 3420 271 0 1788864679 630833
31 3805 278 0 1788864679 630969
30 3422 258 0 1788864679 631404
31 3820 238 0 1788864679 635380
29 3959 566 0 1788864679 637563
29 3964 468 0 1788864679 639503
28 4352 621 0 1788864679 641048
31 3841 413 0 1788864679 643703
31 3847 363 0 1788864679 645936
31 3849 332 0 1788864679 646539
30 3466 145 0 1788864679 647007
30 3473 174 0 1788864679 648422
31 3856 195 0 1788864679 648826
31 3862 273 0 1788864679 650811
31 3877 121 0 1788864679 653717
31 3885 185 0 1788864679 655279
31 3886 140 0 1788864679 655424
31 3890 152 0 1788864679 656328
30 3546 143 0 1788864679 661848
31 3920 152 0 1788864679 662184
30 3549 117 0 1788864679 662305
30 3556 116 0 1788864679 663415
31 3945 236 0 1788864679 666860
30 3578 115 0 1788864679 666980
30 3580 193 0 1788864679 667354
30 3602 121 0 1788864679 671188
30 3603 150 0 1788864679 671343
31 3969 147 0 1788864679 671516
28 4384 989 0 1788864679 672606
30 3620 109 0 1788864679 675470
30 3626 186 0 1788864679 676359
31 3999 176 0 1788864679 678175
30 3649 263 0 1788864679 680528
31 4015 132 0 1788864679 681139
30 3665 783 0 1788864679 684278
28 4402 1140 0 1788864679 690137
29 4029 2496 0 1788864679 692308
29 4030 371 0 1788864679 692688
30 3701 130 0 1788864679 692696
31 4100 301 0 1788864679 699274
31 4103 678 0 1788864679 700244
30 3737 257 0 1788864679 700434
30 3740 381 0 1788864679 701232
31 4128 148 0 1788864679 705118
29 4047 647 0 1788864679 707115
30 3771 115 0 1788864679 707849
31 4151 220 0 1788864679 709881
31 4162 155 0 1788864679 711647
31 4179 783 0 1788864679 715407
31 4196 326 0 1788864679 719377
29 4062 677 0 1788864679 721327
28 4436 880 0 1788864679 721778
30 3839 211 0 1788864679 722476
31 4209 119 0 1788864679 722505
31 4212 492 0 1788864679 723561
30 3846 228 0 1788864679 725341
31 4218 128 0 1788864679 726202
28 4450 648 0 1788864679 730068
28 4451 454 0 1788864679 730527
30 3883 241 0 1788864679 737091
30 3887 239 0 1788864679 737970
28 4461 848 0 1788864679 738918
28 4471 501 0 1788864679 746188
28 4475 572 0 1788864679 749404
28 4479 780 0 1788864679 752337
31 4303 280 0 1788864679 752367
29 4105 910 0 1788864679 752933
31 4306 192 0 1788864679 753030
30 3946 377 0 1788864679 755528
31 4324 537 0 1788864679 759285
30 3956 378 0 1788864679 759459
30 3968 354 0 1788864679 764062
28 4499 1821 0 1788864679 766012
31 4347 310 0 1788864679 766659
31 4356 422 0 1788864679 770424
28 4511 590 0 1788864679 773119
30 3995 1409 0 1788864679 774066
31 4380 221 0 1788864679 778907
31 4382 377 0 1788864679 779587
29 4154 636 0 1788864679 784398
30 4023 726 0 1788864679 785153
31 4396 464 0 1788864679 786429
31 4399 274 0 1788864679 787153
31 4407 390 0 1788864679 790006
28 4538 790 0 1788864679 790528
31 4426 247 0 1788864679 796675
31 4433 301 0 1788864679 798581
30 4070 263 0 1788864679 799743
31 4441 341 0 1788864679 801315
31 4446 298 0 1788864679 802749
29 4183 618 0 1788864679 803744
30 4092 393 0 1788864679 806911
31 4465 343 0 1788864679 808215
28 4570 956 0 1788864679 811544
31 4485 329 0 1788864679 814891
30 4120 320 0 1788864679 815001
30 4139 306 0 1788864679 821107
31 4505 320 0 1788864679 822127
30 4158 283 0 1788864679 827065
28 4596 558 0 1788864679 829371
30 4166 317 0 1788864679 829800
29 4227 617 0 1788864679 832251
31 4545 229 0 1788864679 834123
29 4239 640 0 1788864679 839939
30 4202 376 0 1788864679 840548
30 4203 227 0 1788864679 840783
31 4573 293 0 1788864679 843754
31 4595 282 0 1788864679 852586
29 4262 485 0 1788864679 853968
30 4251 470 0 1788864679 857767
29 4281 333 0 1788864679 860817
29 4283 333 0 1788864679 861504
28 4652 584 0 1788864679 861740
30 4263 343 0 1788864679 861964
28 4655 633 0 1788864679 863359
31 4636 326 0 1788864679 871757
29 4306 784 0 1788864679 877994
31 4652 523 0 1788864679 889465
28 4681 936 0 1788864679 890181
30 4295 513 0 1788864679 892430
28 4688 406 0 1788864679 892990
31 4667 346 0 1788864679 895903
29 4343 347 0 1788864679 898898
31 4677 341 0 1788864679 899417
28 4706 406 0 1788864679 899739
31 4686 358 0 1788864679 902681
28 4724 344 0 1788864679 905458
30 4335 179 0 1788864679 906633
30 4340 280 0 1788864679 908352
31 4695 269 0 1788864679 908360
28 4733 200 0 1788864679 909703
28 4735 0 0 1788864679 910009
29 4384 279 0 1788864679 910783
29 4392 250 0 1788864679 913334
30 4376 76 0 1788864679 919182
30 4379 83 0 1788864679 919454
28 4767 486 0 1788864679 922786
29 4412 418 0 1788864679 923385
30 4402 99 0 1788864679 923631
30 4403 172 0 1788864679 923807
30 4405 75 0 1788864679 924040
28 4774 313 0 1788864679 926209
28 4776 405 0 1788864679 927074
31 4739 732 0 1788864679 928682
30 4425 0 0 1788864679 930851
31 4746 577 0 1788864679 931753
29 4434 244 0 1788864679 933261
31 4753 415 0 1788864679 934649
29 4455 214 0 1788864679 938863
29 4458 182 0 1788864679 939713
29 4465 216 0 1788864679 941875
29 4470 412 0 1788864679 944893
31 4789 67 0 1788864679 944899
31 4806 631 0 1788864679 949161
29 4477 521 0 1788864679 949576
29 4492 759 0 1788864679 958964
30 4482 710 0 1788864679 962199
28 4853 700 0 1788864679 962727
28 4866 701 0 1788864679 971332
28 4868 726 0 1788864679 972767
28 4879 717 0 1788864679 980594
30 4509 574 0 1788864679 981665
28 4889 697 0 1788864680 608
30 4525 632 0 1788864680 6687
30 4531 448 0 1788864680 11277
30 4544 651 0 1788864680 15894
30 4547 709 0 1788864680 18038
28 4911 724 0 1788864680 18670
28 4920 377 0 1788864680 23404
31 4883 669 0 1788864680 23418
28 4928 1264 0 1788864680 28466
28 4938 1250 0 1788864680 35010
28 4940 0 0 1788864680 36077
29 4583 1046 0 1788864680 44084
31 4912 625 0 1788864680 44092
28 4966 318 0 1788864680 51440
31 4924 736 0 1788864680 54013
28 4983 718 0 1788864680 63417
31 4938 472 0 1788864680 66768
29 4629 931 0 1788864680 75535
29 4641 506 0 1788864680 83421
30 4634 659 0 1788864680 83910
28 5029 813 0 1788864680 88985
30 4661 708 0 1788864680 107644
31 4987 1364 0 1788864680 108710
28 5080 1767 0 1788864680 138456
28 5081 1171 0 1788864680 139636
30 4692 846 0 1788864680 140673
30 4703 894 0 1788864680 148753
30 4704 360 0 1788864680 149275
29 4726 0 0 1788864680 155499
28 5133 0 0 1788864680 172103
31 5054 1183 0 1788864680 187066
31 5057 2483 0 1788864680 192869
31 5058 941 0 1788864680 193857
29 4782 867 0 1788864680 194419
28 5176 0 0 1788864680 204727
31 5068 1314 0 1788864680 209318
31 5069 748 0 1788864680 210329
31 5071 1283 0 1788864680 213205
31 5072 1099 0 1788864680 215178
29 4802 605 0 1788864680 219457
29 4807 440 0 1788864680 226920
29 4819 459 0 1788864680 237103
28 5234 392 0 1788864680 244579
28 5242 0 0 1788864680 248453
29 4836 0 0 1788864680 249057
31 5115 270 0 1788864680 255344
31 5136 108 0 1788864680 260026
31 5138 80 0 1788864680 260206
29 4843 563 0 1788864680 260308
30 4829 302 0 1788864680 263860
30 4831 203 0 1788864680 264187
28 5285 303 0 1788864680 265590
31 5163 134 0 1788864680 266062
28 5288 368 0 1788864680 266667
30 4845 176 0 1788864680 267998
29 4865 167 0 1788864680 269448
28 5297 336 0 1788864680 269803
28 5298 213 0 1788864680 270027
28 5300 374 0 1788864680 270749
28 5314 422 0 1788864680 275700
30 4881 541 0 1788864680 279869
28 5339 992 0 1788864680 286007
31 5254 137 0 1788864680 287525
31 5260 177 0 1788864680 288383
31 5274 113 0 1788864680 290964
31 5286 108 0 1788864680 293456
29 4928 197 0 1788864680 294695
28 5372 854 0 1788864680 295973
29 4941 168 0 1788864680 297277
29 4945 188 0 1788864680 297948
31 5331 119 0 1788864680 304719
31 5335 108 0 1788864680 305376
29 4987 210 0 1788864680 305564
29 4998 178 0 1788864680 307461
31 5361 170 0 1788864680 310796
29 5025 135 0 1788864680 311802
30 4978 445 0 1788864680 317999
28 5399 3040 0 1788864680 321817
30 4986 186 0 1788864680 329495
28 5405 370 0 1788864680 330660
28 5408 131 0 1788864680 332049
30 5010 239 0 1788864680 333903
30 5016 100 0 1788864680 335214
29 5084 359 0 1788864680 337761
28 5443 146 0 1788864680 338567
30 5037 167 0 1788864680 339513
30 5041 309 0 1788864680 340492
30 5042 199 0 1788864680 340696
30 5044 959 0 1788864680 341978
28 5464 105 0 1788864680 343373
31 5460 255 0 1788864680 346608
30 5083 357 0 1788864680 351493
28 5516 227 0 1788864680 352908
31 5501 127 0 1788864680 354512
31 5506 112 0 1788864680 355234
28 5529 257 0 1788864680 355363
31 5507 122 0 1788864680 355388
28 5532 256 0 1788864680 356178
28 5538 109 0 1788864680 357182
30 5107 151 0 1788864680 358949
31 5526 232 0 1788864680 359531
28 5557 72 0 1788864680 360264
31 5529 513 0 1788864680 360824
31 5530 493 0 1788864680 361322
28 5565 161 0 1788864680 361487
28 5578 258 0 1788864680 364298
28 5579 275 0 1788864680 364578
29 5132 320 0 1788864680 366607
28 5601 280 0 1788864680 373977
28 5604 298 0 1788864680 375799
30 5156 543 0 1788864680 382742
29 5165 385 0 1788864680 383891
28 5643 341 0 1788864680 389975
31 5604 532 0 1788864680 391342
28 5647 429 0 1788864680 391511
30 5176 439 0 1788864680 392079
31 5608 358 0 1788864680 392919
29 5188 263 0 1788864680 395423
31 5616 416 0 1788864680 396182
31 5618 255 0 1788864680 396816
31 5624 389 0 1788864680 399204
31 5632 301 0 1788864680 402345
29 5215 262 0 1788864680 402784
30 5202 481 0 1788864680 404740
31 5643 363 0 1788864680 406903
31 5645 444 0 1788864680 407998
31 5652 324 0 1788864680 410241
30 5215 486 0 1788864680 412160
29 5241 444 0 1788864680 416679
28 5695 1009 0 1788864680 421026
31 5688 279 0 1788864680 421498
28 5698 202 0 1788864680 422535
30 5236 503 0 1788864680 422542
31 5710 337 0 1788864680 436973
29 5251 808 0 1788864680 440338
28 5711 788 0 1788864680 441232
28 5716 1975 0 1788864680 445291
29 5273 2401 0 1788864680 459919
29 5278 408 0 1788864680 462989
30 5289 718 0 1788864680 463538
28 5742 569 0 1788864680 463684
30 5296 194 0 1788864680 466745
31 5795 236 0 1788864680 468700
30 5303 284 0 1788864680 469640
31 5813 361 0 1788864680 474093
30 5315 528 0 1788864680 474810
31 5830 263 0 1788864680 478223
31 5850 343 0 1788864680 485401
30 5334 1544 0 1788864680 492057
29 5297 2009 0 1788864680 493579
29 5299 759 0 1788864680 495172
31 5874 611 0 1788864680 496711
29 5318 576 0 1788864680 506806
30 5358 679 0 1788864680 507395
30 5368 507 0 1788864680 513747
31 5917 546 0 1788864680 516415
29 5332 940 0 1788864680 516786
29 5333 1028 0 1788864680 517817
30 5373 806 0 1788864680 518345
31 5925 110 0 1788864680 520906
29 5336 1665 0 1788864680 521250
28 5804 341 0 1788864680 523275
30 5382 446 0 1788864680 524353
30 5407 326 0 1788864680 538300
30 5409 417 0 1788864680 539283
28 5837 423 0 1788864680 541174
29 5369 414 0 1788864680 541182
28 5848 707 0 1788864680 549560
29 5383 176 0 1788864680 550919
30 5434 90 0 1788864680 561413
28 5864 2534 0 1788864680 564907
28 5865 217 0 1788864680 565131
31 5993 421 0 1788864680 565671
31 5995 448 0 1788864680 567087
30 5454 260 0 1788864680 572699
30 5458 335 0 1788864680 573992
28 5898 1222 0 1788864680 623051
31 6029 3274 0 1788864680 627521
30 5487 6139 0 1788864680 658984
30 5490 3752 0 1788864680 663268
31 6065 976 0 1788864680 676663
31 6070 875 0 1788864680 680069
31 6080 839 0 1788864680 690195
30 5509 215 0 1788864680 690799
28 5934 180 0 1788864680 691458
28 5939 180 0 1788864680 692437
30 5518 185 0 1788864680 692534
28 5945 222 0 1788864680 693597
28 5947 202 0 1788864680 693999
28 5948 178 0 1788864680 694181
28 5959 298 0 1788864680 696713
30 5539 305 0 1788864680 697122
28 5987 298 0 1788864680 705196
29 5474 235 0 1788864680 707697
31 6121 750 0 1788864680 707706
30 5573 589 0 1788864680 707860
28 6011 498 0 1788864680 712535
31 6144 265 0 1788864680 714446
31 6145 179 0 1788864680 714647
29 5501 289 0 1788864680 716275
29 5513 277 0 1788864680 719967
31 6163 284 0 1788864680 721354
29 5529 357 0 1788864680 724753
29 5536 297 0 1788864680 726978
31 6196 423 0 1788864680 733241
28 6078 613 0 1788864680 733560
31 6202 214 0 1788864680 735644
30 5656 552 0 1788864680 737047
29 5560 396 0 1788864680 738237
31 6212 249 0 1788864680 740353
30 5664 576 0 1788864680 740934
29 5566 509 0 1788864680 741349
31 6215 516 0 1788864680 741607
28 6096 514 0 1788864680 743013
31 6220 291 0 1788864680 744117
30 5678 182 0 1788864680 749139
31 6232 458 0 1788864680 751720
30 5684 533 0 1788864680 752077
30 5685 598 0 1788864680 752773
28 6117 511 0 1788864680 753386
29 5607 419 0 1788864680 761376
30 5710 505 0 1788864680 764834
31 6255 269 0 1788864680 765005
29 5616 499 0 1788864680 765593
30 5724 177 0 1788864680 771922
31 6275 242 0 1788864680 774477
30 5729 541 0 1788864680 774579
31 6281 322 0 1788864680 776547
29 5642 184 0 1788864680 778664
28 6173 285 0 1788864680 781607
30 5758 505 0 1788864680 788823
29 5668 363 0 1788864680 791146
30 5765 402 0 1788864680 792095
31 6312 728 0 1788864680 792125
30 5767 520 0 1788864680 793333
29 5675 796 0 1788864680 795316
30 5777 193 0 1788864680 797426
30 5779 327 0 1788864680 797952
29 5680 625 0 1788864680 799211
31 6328 596 0 1788864680 801622
30 5825 403 0 1788864680 807638
30 5833 393 0 1788864680 810576
28 6229 418 0 1788864680 811808
28 6249 149 0 1788864680 818115
28 6267 210 0 1788864680 822517
29 5707 1486 0 1788864680 823198
30 5852 1420 0 1788864680 826224
29 5715 416 0 1788864680 828476
31 6361 476 0 1788864680 828998
30 5864 0 0 1788864680 829644
30 5866 0 0 1788864680 829945
30 5869 0 0 1788864680 830273
29 5728 184 0 1788864680 834089
29 5730 355 0 1788864680 834855
29 5731 347 0 1788864680 835207
30 5888 249 0 1788864680 836336
28 6290 338 0 1788864680 836405
30 5891 379 0 1788864680 837548
29 5752 420 0 1788864680 852573
28 6315 886 0 1788864680 861543
30 5918 3034 0 1788864680 868468
28 6319 1067 0 1788864680 869542
28 6320 253 0 1788864680 869805
31 6411 75 0 1788864680 875214
31 6412 868 0 1788864680 876087
28 6328 298 0 1788864680 878594
30 5928 228 0 1788864680 878992
30 5931 95 0 1788864680 879425
30 5932 127 0 1788864680 879557
28 6335 89 0 1788864680 881014
31 6425 481 0 1788864680 882973
29 5783 323 0 1788864680 883502
29 5786 695 0 1788864680 884974
30 5946 538 0 1788864680 885308
29 5815 256 0 1788864680 894569
28 6381 332 0 1788864680 897111
28 6384 338 0 1788864680 898425
28 6388 373 0 1788864680 899701
30 5990 314 0 1788864680 900176
28 6401 308 0 1788864680 908149
31 6488 750 0 1788864680 909254
31 6494 0 0 1788864680 913196
30 6013 0 0 1788864680 914462
31 6497 351 0 1788864680 915117
29 5863 106 0 1788864680 917230
30 6027 563 0 1788864680 920937
28 6432 620 0 1788864680 921637
28 6438 276 0 1788864680 924332
28 6439 331 0 1788864680 924670
31 6526 98 0 1788864680 926624
31 6532 181 0 1788864680 927382
28 6451 0 0 1788864680 931024
30 6050 0 0 1788864680 933970
28 6457 528 0 1788864680 934502
31 6543 645 0 1788864680 952816
31 6550 461 0 1788864680 959309
29 5916 889 0 1788864680 961973
31 6558 0 0 1788864680 971762
28 6483 1860 0 1788864681 11937
29 5932 584 0 1788864681 18209
31 6587 227 0 1788864681 26807
31 6591 96 0 1788864681 27356
29 5956 0 0 1788864681 29734
30 6099 3149 0 1788864681 31105
29 5967 398 0 1788864681 32457
28 6512 199 0 1788864681 33735
29 5970 1533 0 1788864681 36210
30 6124 85 0 1788864681 38781
28 6533 1094 0 1788864681 42271
28 6543 0 0 1788864681 45152
28 6555 0 0 1788864681 47181
30 6159 268 0 1788864681 49186
29 5998 0 0 1788864681 50725
29 6004 0 0 1788864681 51889
30 6171 0 0 1788864681 51981
28 6563 1760 0 1788864681 52247
29 6005 385 0 1788864681 52370
29 6011 0 0 1788864681 54786
30 6195 146 0 1788864681 59305
29 6044 214 0 1788864681 61385
30 6208 136 0 1788864681 61772
30 6214 230 0 1788864681 63134
28 6614 100 0 1788864681 63189
29 6063 204 0 1788864681 66097
28 6640 93 0 1788864681 66384
30 6229 187 0 1788864681 66905
29 6068 335 0 1788864681 67409
30 6246 92 0 1788864681 69295
29 6077 285 0 1788864681 69633
31 6711 91 0 1788864681 72022
28 6668 280 0 1788864681 72444
31 6718 0 0 1788864681 72692
29 6096 321 0 1788864681 73746
29 6102 96 0 1788864681 75039
30 6273 354 0 1788864681 75573
28 6682 271 0 1788864681 75774
31 6742 269 0 1788864681 76028
30 6277 184 0 1788864681 76456
29 6113 187 0 1788864681 77168
29 6120 263 0 1788864681 78577
31 6756 351 0 1788864681 79421
31 6758 244 0 1788864681 79928
29 6127 260 0 1788864681 80304
30 6296 110 0 1788864681 80989
28 6721 170 0 1788864681 81770
30 6302 257 0 1788864681 82111
30 6303 182 0 1788864681 82319
28 6732 106 0 1788864681 84190
31 6779 137 0 1788864681 85519
31 6791 142 0 1788864681 87984
29 6169 86 0 1788864681 88406
31 6793 227 0 1788864681 88437
29 6172 141 0 1788864681 88967
29 6183 187 0 1788864681 91294
31 6808 256 0 1788864681 91392
31 6820 256 0 1788864681 93863
28 6782 150 0 1788864681 94150
30 6374 148 0 1788864681 98322
29 6230 0 0 1788864681 100044
29 6233 78 0 1788864681 100417
28 6813 232 0 1788864681 100742
29 6240 89 0 1788864681 101978
30 6391 0 0 1788864681 102798
31 6867 168 0 1788864681 103926
28 6843 92 0 1788864681 105013
28 6850 135 0 1788864681 105798
31 6878 273 0 1788864681 107156
28 6863 92 0 1788864681 107348
30 6415 224 0 1788864681 108312
28 6889 699 0 1788864681 111927
29 6286 80 0 1788864681 117954
28 6895 274 0 1788864681 119414
30 6429 457 0 1788864681 119753
28 6907 151 0 1788864681 121492
30 6438 221 0 1788864681 121501
28 6909 248 0 1788864681 121873
30 6446 363 0 1788864681 124067
29 6311 387 0 1788864681 124361
30 6453 427 0 1788864681 126734
29 6319 223 0 1788864681 127405
28 6934 97 0 1788864681 129598
29 6334 444 0 1788864681 131943
30 6476 518 0 1788864681 134596
29 6347 355 0 1788864681 136693
28 6966 118 0 1788864681 137061
31 6960 261 0 1788864681 138118
30 6490 112 0 1788864681 138905
31 6965 366 0 1788864681 139345
29 6360 0 0 1788864681 139838
29 6367 691 0 1788864681 142671
29 6372 241 0 1788864681 147031
31 6985 730 0 1788864681 152833
31 6986 224 0 1788864681 153062
29 6389 201 0 1788864681 153774
29 6390 497 0 1788864681 154426
29 6397 453 0 1788864681 157333
31 7004 451 0 1788864681 161086
28 7035 412 0 1788864681 161789
31 7008 313 0 1788864681 162571
29 6419 233 0 1788864681 165286
30 6549 341 0 1788864681 165295
29 6420 196 0 1788864681 165651
28 7050 272 0 1788864681 167474
28 7054 264 0 1788864681 168568
29 6430 182 0 1788864681 168576
30 6567 451 0 1788864681 172445
29 6445 265 0 1788864681 174273
30 6573 0 0 1788864681 174870
28 7075 255 0 1788864681 175691
31 7040 434 0 1788864681 176803
28 7086 460 0 1788864681 179046
31 7048 622 0 1788864681 180932
29 6464 295 0 1788864681 181876
31 7051 471 0 1788864681 182249
28 7112 294 0 1788864681 187836
28 7116 195 0 1788864681 188932
31 7075 0 0 1788864681 192586
30 6632 376 0 1788864681 199165
28 7145 419 0 1788864681 199773
28 7161 423 0 1788864681 206074
28 7170 361 0 1788864681 209319
28 7175 433 0 1788864681 211214
30 6667 358 0 1788864681 212146
28 7178 269 0 1788864681 212238
31 7128 372 0 1788864681 212795
28 7180 554 0 1788864681 213158
29 6548 183 0 1788864681 213273
29 6555 568 0 1788864681 216320
28 7193 469 0 1788864681 218195
31 7145 494 0 1788864681 219525
29 6564 195 0 1788864681 219625
30 6687 495 0 1788864681 220385
29 6580 380 0 1788864681 225728
28 7214 363 0 1788864681 226275
29 6596 1024 0 1788864681 233385
28 7235 336 0 1788864681 237206
29 6610 393 0 1788864681 238947
30 6740 285 0 1788864681 242053
28 7249 475 0 1788864681 243412
30 6745 382 0 1788864681 244264
31 7206 262 0 1788864681 245493
28 7259 385 0 1788864681 247216
28 7261 794 0 1788864681 248861
29 6640 743 0 1788864681 254886
30 6760 1402 0 1788864681 254894
29 6645 545 0 1788864681 258476
28 7283 830 0 1788864681 265328
29 6663 751 0 1788864681 274198
30 6780 932 0 1788864681 274297
29 6672 1157 0 1788864681 281604
31 7269 692 0 1788864681 281619
31 7274 311 0 1788864681 283779
28 7306 983 0 1788864681 286017
31 7289 651 0 1788864681 290776
28 7315 679 0 1788864681 292194
31 7293 183 0 1788864681 292471
28 7316 847 0 1788864681 293049
28 7318 474 0 1788864681 293970
31 7298 407 0 1788864681 294585
28 7319 1380 0 1788864681 295359
29 6690 592 0 1788864681 297721
30 6856 207 0 1788864681 305165
30 6857 210 0 1788864681 305379
31 7324 222 0 1788864681 306141
28 7334 942 0 1788864681 306836
31 7326 149 0 1788864681 307105
30 6883 340 0 1788864681 310713
30 6900 167 0 1788864681 314479
30 6902 147 0 1788864681 314802
30 6910 86 0 1788864681 315933
30 6912 159 0 1788864681 316189
30 6932 84 0 1788864681 326535
30 6939 82 0 1788864681 327279
30 6958 176 0 1788864681 329687
30 6969 135 0 1788864681 331054
29 6726 823 0 1788864681 331269
31 7368 398 0 1788864681 333165
30 6995 87 0 1788864681 334304
31 7371 412 0 1788864681 334518
29 6731 787 0 1788864681 334917
30 7023 87 0 1788864681 338165
31 7382 734 0 1788864681 340719
28 7373 1001 0 1788864681 340968
30 7043 188 0 1788864681 341068
30 7047 186 0 1788864681 341689
28 7376 718 0 1788864681 343184
30 7064 152 0 1788864681 344114
30 7068 200 0 1788864681 344709
31 7391 527 0 1788864681 344802
31 7401 374 0 1788864681 348889
30 7145 106 0 1788864681 355788
31 7421 350 0 1788864681 357277
28 7394 778 0 1788864681 357605
31 7423 391 0 1788864681 358110
31 7424 403 0 1788864681 358517
31 7432 422 0 1788864681 362213
30 7184 179 0 1788864681 368124
28 7432 391 0 1788864681 372853
29 6798 258 0 1788864681 372860
28 7434 233 0 1788864681 373286
28 7436 406 0 1788864681 374022
30 7204 848 0 1788864681 376648
30 7212 842 0 1788864681 380476
30 7216 517 0 1788864681 382495
30 7221 354 0 1788864681 384945
28 7460 343 0 1788864681 386062
29 6829 381 0 1788864681 387593
29 6830 353 0 1788864681 387951
28 7468 763 0 1788864681 389939
30 7233 425 0 1788864681 390781
28 7476 443 0 1788864681 393911
28 7479 523 0 1788864681 395494
28 7480 516 0 1788864681 396014
31 7523 214 0 1788864681 399446
31 7524 339 0 1788864681 399790
30 7254 97 0 1788864681 401630
28 7493 524 0 1788864681 402429
31 7535 427 0 1788864681 404623
29 6863 565 0 1788864681 405158
31 7557 401 0 1788864681 414608
31 7570 199 0 1788864681 421020
30 7294 833 0 1788864681 424833
28 7533 670 0 1788864681 425159
29 6934 225 0 1788864681 426074
28 7548 424 0 1788864681 434460
31 7592 631 0 1788864681 438035
30 7318 578 0 1788864681 440949
29 6979 868 0 1788864681 444871
28 7569 771 0 1788864681 448995
29 6993 322 0 1788864681 452733
31 7619 190 0 1788864681 455195
28 7580 662 0 1788864681 455773
29 7009 279 0 1788864681 459764
29 7011 1082 0 1788864681 461784
29 7017 571 0 1788864681 465439
28 7602 461 0 1788864681 468627
30 7372 467 0 1788864681 470436
28 7610 498 0 1788864681 472916
30 7381 572 0 1788864681 475399
31 7663 335 0 1788864681 475626
31 7667 286 0 1788864681 477280
31 7675 480 0 1788864681 481123
28 7627 459 0 1788864681 481360
29 7051 400 0 1788864681 482922
30 7413 371 0 1788864681 488532
30 7414 378 0 1788864681 488915
28 7650 310 0 1788864681 490081
30 7421 414 0 1788864681 491586
31 7694 617 0 1788864681 493524
29 7081 383 0 1788864681 493912
28 7662 273 0 1788864681 494317
29 7101 320 0 1788864681 501956
28 7689 381 0 1788864681 505225
31 7723 702 0 1788864681 513909
31 7724 548 0 1788864681 514462
28 7721 384 0 1788864681 517508
28 7722 459 0 1788864681 517972
28 7723 420 0 1788864681 518397
28 7729 362 0 1788864681 520818
30 7499 363 0 1788864681 521503
29 7155 369 0 1788864681 522018
30 7501 358 0 1788864681 522119
30 7503 404 0 1788864681 522838
30 7507 308 0 1788864681 524220
30 7509 361 0 1788864681 524965
28 7756 368 0 1788864681 530253
29 7190 453 0 1788864681 535471
28 7770 95 0 1788864681 535755
29 7193 129 0 1788864681 536495
30 7549 271 0 1788864681 540371
30 7552 647 0 1788864681 541946
28 7794 397 0 1788864681 544924
29 7226 338 0 1788864681 548880
29 7230 394 0 1788864681 550646
28 7809 382 0 1788864681 550745
30 7579 337 0 1788864681 551968
30 7581 465 0 1788864681 552752
29 7244 371 0 1788864681 556021
28 7826 399 0 1788864681 557262
31 7771 500 0 1788864681 561598
28 7839 276 0 1788864681 562664
30 7607 875 0 1788864681 563920
29 7269 401 0 1788864681 567361
28 7853 481 0 1788864681 569646
29 7279 464 0 1788864681 571418
29 7286 538 0 1788864681 574441
30 7634 542 0 1788864681 575477
28 7872 282 0 1788864681 577003
28 7874 352 0 1788864681 577810
28 7880 320 0 1788864681 580273
30 7655 356 0 1788864681 583517
31 7804 715 0 1788864681 584342
29 7313 403 0 1788864681 584864
28 7898 395 0 1788864681 587122
29 7325 193 0 1788864681 589423
28 7918 745 0 1788864681 595994
28 7922 409 0 1788864681 597562
30 7690 393 0 1788864681 598191
31 7829 566 0 1788864681 599413
29 7352 575 0 1788864681 600589
30 7705 371 0 1788864681 603952
29 7363 287 0 1788864681 604804
28 7942 343 0 1788864681 604959
30 7714 329 0 1788864681 607373
30 7717 393 0 1788864681 608604
29 7380 424 0 1788864681 611518
30 7730 425 0 1788864681 613655
28 7968 457 0 1788864681 615384
31 7857 224 0 1788864681 619247
29 7396 1427 0 1788864681 619949
28 7981 373 0 1788864681 625195
30 7756 720 0 1788864681 632740
29 7427 549 0 1788864681 641995
30 7781 502 0 1788864681 644325
29 7434 445 0 1788864681 645282
29 7435 704 0 1788864681 645990
28 8014 354 0 1788864681 646601
30 7788 436 0 1788864681 647756
29 7441 566 0 1788864681 649173
30 7795 503 0 1788864681 651829
28 8025 122 0 1788864681 653042
29 7448 646 0 1788864681 653458
31 7906 567 0 1788864681 655036
31 7921 557 0 1788864681 663680
28 8052 553 0 1788864681 667708
28 8056 142 0 1788864681 669410
31 7931 608 0 1788864681 670042
31 7933 393 0 1788864681 671290
29 7500 467 0 1788864681 681448
30 7863 622 0 1788864681 689334
28 8098 579 0 1788864681 691988
28 8103 459 0 1788864681 694861
28 8110 541 0 1788864681 699023
30 7884 519 0 1788864681 700833
29 7542 514 0 1788864681 705833
28 8124 503 0 1788864681 706232
31 7966 651 0 1788864681 707433
29 7553 877 0 1788864681 711879
28 8138 538 0 1788864681 713463
30 7911 513 0 1788864681 715291
29 7562 427 0 1788864681 716335
30 7917 361 0 1788864681 717636
29 7566 244 0 1788864681 717727
29 7582 393 0 1788864681 723777
30 7934 412 0 1788864681 724288
29 7590 365 0 1788864681 726546
29 7594 320 0 1788864681 727925
29 7599 519 0 1788864681 729815
31 8019 272 0 1788864681 730113
28 8182 356 0 1788864681 730584
30 7955 364 0 1788864681 731775
28 8188 343 0 1788864681 732870
30 7958 188 0 1788864681 732968
28 8197 361 0 1788864681 735944
29 7621 358 0 1788864681 737488
29 7626 341 0 1788864681 739057
31 8039 699 0 1788864681 740130
29 7633 193 0 1788864681 741385
29 7637 177 0 1788864681 742908
31 8045 738 0 1788864681 744619
29 7646 346 0 1788864681 746238
30 8001 267 0 1788864681 747798
30 8006 354 0 1788864681 749735
28 8236 351 0 1788864681 750292
30 8015 239 0 1788864681 752330
30 8017 243 0 1788864681 752820
29 7668 333 0 1788864681 753402
29 7671 340 0 1788864681 754399
30 8030 264 0 1788864681 756788
30 8032 389 0 1788864681 757455
28 8265 282 0 1788864681 758443
28 8267 326 0 1788864681 759037
30 8044 263 0 1788864681 760688
28 8277 381 0 1788864681 761714
29 7705 271 0 1788864681 763591
28 8284 201 0 1788864681 763912
28 8297 236 0 1788864681 767015
29 7726 209 0 1788864681 768560
30 8081 277 0 1788864681 769959
30 8090 263 0 1788864681 772644
28 8321 252 0 1788864681 773435
28 8329 289 0 1788864681 775530
28 8337 223 0 1788864681 777422
29 7761 264 0 1788864681 777606
29 7772 89 0 1788864681 782498
30 8119 283 0 1788864681 783940
30 8129 1164 0 1788864681 792680
30 8130 457 0 1788864681 793141
29 7797 324 0 1788864681 795906
28 8376 356 0 1788864681 799152
30 8153 440 0 1788864681 801857
28 8387 337 0 1788864681 802670
30 8157 161 0 1788864681 802862
30 8162 171 0 1788864681 804175
30 8166 86 0 1788864681 804797
30 8177 140 0 1788864681 806223
30 8189 85 0 1788864681 807935
30 8206 317 0 1788864681 811860
30 8220 178 0 1788864681 815278
29 7860 267 0 1788864681 819352
28 8462 281 0 1788864681 825569
28 8463 283 0 1788864681 825858
28 8465 82 0 1788864681 826209
29 7882 351 0 1788864681 826303
29 7883 289 0 1788864681 826596
28 8470 302 0 1788864681 827886
28 8483 295 0 1788864681 831605
28 8488 271 0 1788864681 833079
28 8490 274 0 1788864681 833634
30 8282 364 0 1788864681 834453
30 8296 267 0 1788864681 838432
29 7930 270 0 1788864681 840297
29 7931 268 0 1788864681 840570
29 7938 265 0 1788864681 842548
28 8526 216 0 1788864681 843806
29 7945 1066 0 1788864681 845328
30 8318 487 0 1788864681 845630
29 7948 270 0 1788864681 846105
29 7950 275 0 1788864681 846652
29 7958 125 0 1788864681 867248
28 8544 163 0 1788864681 875482
28 8559 84 0 1788864681 878004
29 8006 85 0 1788864681 882453
30 8336 1686 0 1788864681 883054
29 8035 99 0 1788864681 885457
29 8045 109 0 1788864681 886830
29 8046 94 0 1788864681 886935
29 8051 93 0 1788864681 887405
28 8580 651 0 1788864681 894553
30 8350 532 0 1788864681 895805
30 8362 342 0 1788864681 904650
30 8365 297 0 1788864681 905715
30 8371 86 0 1788864681 908559
29 8081 366 0 1788864681 908702
30 8372 437 0 1788864681 909003
29 8093 367 0 1788864681 914303
30 8392 376 0 1788864681 917367
29 8101 377 0 1788864681 917654
29 8102 380 0 1788864681 918039
30 8395 368 0 1788864681 918509
31 8206 381 0 1788864681 922775
30 8420 385 0 1788864681 929038
30 8423 375 0 1788864681 930189
29 8140 381 0 1788864681 933707
31 8256 409 0 1788864681 943530
30 8469 386 0 1788864681 948814
29 8187 385 0 1788864681 952986
30 8480 385 0 1788864681 953086
30 8486 673 0 1788864681 956626
31 8289 846 0 1788864681 958594
28 8737 717 0 1788864681 971262
30 8512 9480 0 1788864681 984203
29 8221 89 0 1788864681 985960
31 8339 870 0 1788864682 6344
30 8541 745 0 1788864682 9528
28 8775 776 0 1788864682 10899
28 8777 777 0 1788864682 12562
31 8349 87 0 1788864682 14987
31 8350 714 0 1788864682 15706
28 8809 485 0 1788864682 29494
28 8824 0 0 1788864682 43392
31 8397 1271 0 1788864682 51844
29 8290 496 0 1788864682 52514
29 8296 0 0 1788864682 53644
28 8837 585 0 1788864682 55319
29 8308 203 0 1788864682 55434
30 8590 367 0 1788864682 55897
30 8608 0 0 1788864682 62853
30 8614 0 0 1788864682 65002
30 8615 0 0 1788864682 65367
31 8436 0 0 1788864682 67758
31 8438 0 0 1788864682 68466
28 8842 0 0 1788864682 70500
28 8847 0 0 1788864682 73660
31 8446 351 0 1788864682 74775
29 8326 544 0 1788864682 76387
30 8635 737 0 1788864682 77310
28 8855 856 0 1788864682 79021
28 8856 681 0 1788864682 79707
28 8866 0 0 1788864682 86660
28 8868 0 0 1788864682 88064
30 8651 916 0 1788864682 103374
31 8468 948 0 1788864682 108427
28 8877 588 0 1788864682 110191
29 8349 648 0 1788864682 110934
31 8473 754 0 1788864682 111879
29 8357 1652 0 1788864682 118339
31 8481 1086 0 1788864682 119206
28 8889 830 0 1788864682 122093
28 8891 649 0 1788864682 123547
30 8690 556 0 1788864682 136242
29 8383 671 0 1788864682 138486
28 8919 664 0 1788864682 149453
28 8926 729 0 1788864682 153359
31 8529 1019 0 1788864682 160025
29 8411 1335 0 1788864682 161261
28 8950 347 0 1788864682 168684
29 8427 449 0 1788864682 170432
31 8548 657 0 1788864682 173179
31 8558 192 0 1788864682 177444
28 8970 488 0 1788864682 178540
28 8972 493 0 1788864682 179418
30 8762 0 0 1788864682 183153
29 8455 358 0 1788864682 186603
30 8769 522 0 1788864682 187391
28 8997 1065 0 1788864682 190811
29 8472 491 0 1788864682 195026
28 9009 218 0 1788864682 195570
28 9012 292 0 1788864682 196367
30 8792 262 0 1788864682 198824
30 8801 428 0 1788864682 202881
31 8610 610 0 1788864682 206808
30 8809 740 0 1788864682 207523
28 9035 405 0 1788864682 208213
30 8811 644 0 1788864682 208758
28 9037 693 0 1788864682 209656
29 8506 1180 0 1788864682 214762
31 8629 243 0 1788864682 217747
28 9052 0 0 1788864682 219542
29 8513 0 0 1788864682 219790
29 8514 0 0 1788864682 219975
29 8520 300 0 1788864682 222067
29 8521 0 0 1788864682 222309
28 9059 0 0 1788864682 222556
28 9076 104 0 1788864682 227829
30 8838 223 0 1788864682 228187
31 8654 600 0 1788864682 232125
31 8656 525 0 1788864682 233694
29 8550 213 0 1788864682 234940
30 8856 3404 0 1788864682 247499
31 8692 103 0 1788864682 265813
31 8695 814 0 1788864682 267263
29 8597 306 0 1788864682 270882
31 8700 943 0 1788864682 271535
31 8702 1062 0 1788864682 273586
29 8613 293 0 1788864682 275529
29 8614 281 0 1788864682 275815
30 8908 324 0 1788864682 276047
29 8624 341 0 1788864682 278823
28 9179 309 0 1788864682 284000
29 8652 311 0 1788864682 287233
31 8722 489 0 1788864682 287317
31 8723 249 0 1788864682 287570
28 9226 277 0 1788864682 298495
28 9238 276 0 1788864682 302067
28 9248 298 0 1788864682 305019
28 9252 285 0 1788864682 306239
30 9010 303 0 1788864682 307023
28 9255 338 0 1788864682 307156
30 9012 318 0 1788864682 307672
31 8776 114 0 1788864682 307679
28 9258 346 0 1788864682 308268
30 9016 324 0 1788864682 309045
28 9268 602 0 1788864682 312315
31 8811 327 0 1788864682 318044
30 9035 708 0 1788864682 318169
28 9288 336 0 1788864682 320690
29 8752 385 0 1788864682 321188
31 8825 203 0 1788864682 321294
30 9045 383 0 1788864682 321681
30 9049 383 0 1788864682 323078
30 9054 482 0 1788864682 325223
31 8832 268 0 1788864682 325523
29 8764 391 0 1788864682 326160
28 9302 444 0 1788864682 326335
29 8767 209 0 1788864682 326707
29 8770 499 0 1788864682 327791
29 8772 363 0 1788864682 328391
30 9073 266 0 1788864682 331617
29 8790 382 0 1788864682 335381
29 8793 279 0 1788864682 336451
29 8795 446 0 1788864682 337226
31 8882 151 0 1788864682 337401
29 8798 216 0 1788864682 338132
30 9093 171 0 1788864682 339084
28 9341 258 0 1788864682 340445
29 8806 562 0 1788864682 340921
31 8889 2125 0 1788864682 340951
28 9346 284 0 1788864682 342297
31 8893 198 0 1788864682 342324
30 9105 400 0 1788864682 343094
29 8825 181 0 1788864682 347739
30 9120 379 0 1788864682 348574
28 9371 754 0 1788864682 352129
30 9128 440 0 1788864682 352210
30 9134 570 0 1788864682 355077
29 8850 388 0 1788864682 358500
31 8943 374 0 1788864682 358787
30 9156 395 0 1788864682 363220
29 8867 1195 0 1788864682 366256
30 9165 553 0 1788864682 367728
30 9171 352 0 1788864682 370272
30 9175 269 0 1788864682 371522
29 8891 321 0 1788864682 374382
28 9441 329 0 1788864682 378334
29 8906 254 0 1788864682 378343
28 9442 160 0 1788864682 378505
30 9208 279 0 1788864682 381341
28 9457 262 0 1788864682 381780
30 9214 276 0 1788864682 383151
28 9464 274 0 1788864682 383727
31 8992 273 0 1788864682 384074
31 8993 346 0 1788864682 384441
30 9221 236 0 1788864682 385241
28 9471 366 0 1788864682 386024
30 9229 0 0 1788864682 387730
29 8938 0 0 1788864682 388693
31 9007 274 0 1788864682 393024
28 9499 0 0 1788864682 393904
29 8956 655 0 1788864682 394094
30 9252 337 0 1788864682 395327
31 9015 279 0 1788864682 397353
28 9517 349 0 1788864682 399111
28 9520 0 0 1788864682 400350
30 9273 505 0 1788864682 401751
28 9527 163 0 1788864682 402100
29 9003 0 0 1788864682 405084
28 9544 0 0 1788864682 405671
30 9288 0 0 1788864682 407053
29 9012 0 0 1788864682 411243
28 9586 148 0 1788864682 414871
28 9588 190 0 1788864682 415377
30 9325 0 0 1788864682 416079
29 9045 235 0 1788864682 420011
28 9610 0 0 1788864682 420154
28 9614 0 0 1788864682 420810
31 9032 2827 0 1788864682 421819
28 9649 280 0 1788864682 430139
28 9660 371 0 1788864682 433637
30 9384 355 0 1788864682 434852
30 9387 441 0 1788864682 435924
30 9390 426 0 1788864682 436842
31 9059 666 0 1788864682 440939
29 9108 606 0 1788864682 441551
28 9675 834 0 1788864682 441681
28 9681 491 0 1788864682 444876
31 9076 93 0 1788864682 447244
31 9077 88 0 1788864682 447352
30 9410 326 0 1788864682 447462
31 9081 401 0 1788864682 448295
30 9415 235 0 1788864682 449143
29 9131 467 0 1788864682 450223
30 9426 270 0 1788864682 452172
31 9095 425 0 1788864682 455223
30 9437 412 0 1788864682 455539
31 9097 247 0 1788864682 455672
31 9103 207 0 1788864682 457024
30 9447 329 0 1788864682 459120
30 9466 82 0 1788864682 465350
28 9748 323 0 1788864682 466113
29 9182 319 0 1788864682 466573
29 9211 673 0 1788864682 477601
28 9783 304 0 1788864682 480656
29 9217 780 0 1788864682 481955
30 9511 692 0 1788864682 485348
30 9513 440 0 1788864682 486285
31 9181 159 0 1788864682 488052
29 9231 473 0 1788864682 489666
28 9805 403 0 1788864682 489972
31 9188 478 0 1788864682 492435
30 9538 412 0 1788864682 496109
30 9539 330 0 1788864682 496444
28 9825 179 0 1788864682 498157
31 9204 417 0 1788864682 499164
30 9545 714 0 1788864682 499387
29 9255 409 0 1788864682 500509
29 9257 444 0 1788864682 501523
28 9835 409 0 1788864682 502203
30 9556 360 0 1788864682 503787
28 9848 352 0 1788864682 507509
31 9210 583 0 1788864682 508004
31 9211 384 0 1788864682 508412
29 9275 429 0 1788864682 508673
28 9859 0 0 1788864682 512450
28 9880 366 0 1788864682 520593
29 9327 476 0 1788864682 528810
30 9625 413 0 1788864682 531726
30 9639 559 0 1788864682 539732
28 9928 308 0 1788864682 542506
28 9933 743 0 1788864682 544265
28 9944 217 0 1788864682 548189
29 9375 149 0 1788864682 548312
29 9380 125 0 1788864682 548852
29 9393 221 0 1788864682 552193
28 10006 80 0 1788864682 561952
28 10008 83 0 1788864682 562123
28 10010 87 0 1788864682 562301
31 9273 137 0 1788864682 570718
31 9286 171 0 1788864682 573886
28 10030 1124 0 1788864682 583230
30 9704 1135 0 1788864682 583683
31 9304 163 0 1788864682 584125
29 9415 794 0 1788864682 585294
31 9319 137 0 1788864682 586772
30 9708 804 0 1788864682 586924
31 9331 151 0 1788864682 588957
31 9358 195 0 1788864682 593723
31 9362 190 0 1788864682 594426
31 9368 117 0 1788864682 595507
28 10048 0 0 1788864682 595964
29 9433 294 0 1788864682 597024
30 9727 228 0 1788864682 597333
30 9733 513 0 1788864682 599359
28 10063 435 0 1788864682 601304
28 10064 416 0 1788864682 601733
30 9752 401 0 1788864682 608430
29 9469 512 0 1788864682 608969
30 9762 0 0 1788864682 612824
31 9425 449 0 1788864682 618200
31 9438 288 0 1788864682 621847
30 9776 659 0 1788864682 623698
30 9777 442 0 1788864682 624150
31 9454 216 0 1788864682 626572
30 9782 576 0 1788864682 626729
31 9461 282 0 1788864682 630329
28 10148 405 0 1788864682 635687
29 9524 368 0 1788864682 636267
31 9483 171 0 1788864682 642318
29 9539 0 0 1788864682 642640
31 9484 261 0 1788864682 642676
29 9545 298 0 1788864682 645009
29 9549 389 0 1788864682 646428
31 9491 122 0 1788864682 647002
29 9561 310 0 1788864682 650341
28 10193 314 0 1788864682 653132
30 9855 191 0 1788864682 654222
29 9584 266 0 1788864682 658058
28 10221 286 0 1788864682 662162
28 10225 314 0 1788864682 663188
29 9601 317 0 1788864682 663291
29 9604 91 0 1788864682 664005
28 10233 282 0 1788864682 665862
28 10239 355 0 1788864682 667839
29 9616 362 0 1788864682 667942
28 10240 295 0 1788864682 668140
31 9554 402 0 1788864682 670397
30 9914 331 0 1788864682 672930
31 9564 330 0 1788864682 674522
28 10270 290 0 1788864682 678084
28 10273 333 0 1788864682 678908
28 10275 311 0 1788864682 679630
28 10280 294 0 1788864682 681097
31 9576 2643 0 1788864682 681243
30 9940 368 0 1788864682 681367
28 10284 305 0 1788864682 682479
28 10289 393 0 1788864682 684260
30 9955 309 0 1788864682 686397
31 9607 716 0 1788864682 740906
31 9617 814 0 1788864682 751086
30 9984 924 0 1788864682 755292
28 10331 927 0 1788864682 759435
28 10332 849 0 1788864682 760293
29 9716 189 0 1788864682 768058
30 9997 572 0 1788864682 774308
31 9646 437 0 1788864682 779502
29 9755 148 0 1788864682 788125
28 10347 33188 0 1788864682 809344
28 10352 216 0 1788864682 811420
30 10042 868 0 1788864682 812396
31 9705 651 0 1788864682 820106
31 9708 703 0 1788864682 822382
31 9720 1428 0 1788864682 830732
31 9723 109 0 1788864682 833139
28 10386 157 0 1788864682 833485
28 10394 365 0 1788864682 837643
30 10076 0 0 1788864682 838600
28 10404 634 0 1788864682 843380
31 9747 643 0 1788864682 845062
29 9866 535 0 1788864682 853002
30 10104 576 0 1788864682 855857
30 10105 474 0 1788864682 856336
31 9779 233 0 1788864682 857306
28 10430 488 0 1788864682 858724
31 9794 95 0 1788864682 860377
28 10435 350 0 1788864682 860495
29 9891 413 0 1788864682 864792
31 9822 595 0 1788864682 878744
29 9900 707 0 1788864682 879964
31 9825 339 0 1788864682 880812
30 10137 1037 0 1788864682 882529
30 10140 467 0 1788864682 883621
29 9912 999 0 1788864682 888542
31 9839 568 0 1788864682 891746
29 9930 545 0 1788864682 898731
29 9932 463 0 1788864682 899747
31 9854 810 0 1788864682 901833
30 10169 559 0 1788864682 902299
29 9957 431 0 1788864682 910781
29 9959 425 0 1788864682 911658
30 10173 8283 0 1788864682 912783
30 10175 800 0 1788864682 914355
30 10188 362 0 1788864682 920187
31 9878 425 0 1788864682 921967
28 10510 490 0 1788864682 923670
31 9899 368 0 1788864682 930737
29 10005 164 0 1788864682 931507
30 10219 0 0 1788864682 931902
30 10221 266 0 1788864682 932629
30 10223 132 0 1788864682 933116
31 9910 458 0 1788864682 934544
28 10551 83 0 1788864682 940512
30 10253 170 0 1788864682 943735
31 9920 597 0 1788864682 943947
29 10026 941 0 1788864682 945148
30 10261 104 0 1788864682 945486
28 10563 2693 0 1788864682 945601
30 10274 87 0 1788864682 946880
29 10028 936 0 1788864682 946908
30 10277 1031 0 1788864682 950563
30 10279 1195 0 1788864682 954475
29 10036 1266 0 1788864682 956377
28 10578 1614 0 1788864682 975236
28 10585 1495 0 1788864682 985260
29 10055 1393 0 1788864682 985637
28 10586 1429 0 1788864682 986695
31 9943 1504 0 1788864682 990242
30 10305 819 0 1788864682 994252
31 9980 76 0 1788864682 997071
31 9982 71 0 1788864682 997232
31 9983 68 0 1788864682 997303
28 10607 83 0 1788864682 998817
28 10610 99 0 1788864682 999116
28 10627 202 0 1788864683 1379
31 10022 148 0 1788864683 1647
31 10032 103 0 1788864683 3160
28 10654 509 0 1788864683 7348
30 10317 355 0 1788864683 8776
30 10318 469 0 1788864683 9250
29 10081 393 0 1788864683 10639
31 10064 259 0 1788864683 14385
28 10678 115 0 1788864683 14858
31 10070 414 0 1788864683 16462
30 10353 343 0 1788864683 22371
28 10706 775 0 1788864683 25974
29 10124 665 0 1788864683 26028
30 10375 0 0 1788864683 27007
29 10131 342 0 1788864683 27825
30 10379 139 0 1788864683 28102
30 10380 117 0 1788864683 28224
30 10381 198 0 1788864683 28425
30 10385 604 0 1788864683 29930
29 10138 376 0 1788864683 31377
31 10103 505 0 1788864683 31793
31 10104 433 0 1788864683 32232
28 10733 240 0 1788864683 33748
28 10736 477 0 1788864683 34921
30 10405 363 0 1788864683 37695
29 10156 171 0 1788864683 38224
29 10158 295 0 1788864683 38931
28 10754 0 0 1788864683 40870
28 10755 1274 0 1788864683 42149
31 10129 432 0 1788864683 43151
29 10179 0 0 1788864683 45677
28 10772 727 0 1788864683 48048
31 10145 433 0 1788864683 48451
28 10777 624 0 1788864683 49574
31 10148 551 0 1788864683 50034
29 10192 92 0 1788864683 50150
30 10438 328 0 1788864683 50266
29 10196 346 0 1788864683 51371
29 10198 0 0 1788864683 52119
28 10789 417 0 1788864683 53376
31 10159 390 0 1788864683 53868
29 10206 406 0 1788864683 55083
30 10465 233 0 1788864683 58952
28 10808 283 0 1788864683 59177
29 10225 1027 0 1788864683 61333
29 10229 382 0 1788864683 62864
30 10474 378 0 1788864683 63054
29 10230 377 0 1788864683 63246
31 10186 495 0 1788864683 63966
29 10232 433 0 1788864683 64166
30 10477 313 0 1788864683 64416
31 10188 415 0 1788864683 64760
29 10234 409 0 1788864683 64934
30 10485 0 0 1788864683 66793
30 10490 181 0 1788864683 67716
28 10835 383 0 1788864683 68104
28 10844 74 0 1788864683 69074
29 10262 112 0 1788864683 75028
29 10266 0 0 1788864683 75666
28 10868 350 0 1788864683 76120
28 10876 119 0 1788864683 81673
31 10234 268 0 1788864683 82025
30 10527 204 0 1788864683 83217
31 10240 193 0 1788864683 83225
28 10890 108 0 1788864683 83600
30 10537 262 0 1788864683 85141
28 10913 239 0 1788864683 90787
28 10915 359 0 1788864683 91447
30 10560 533 0 1788864683 108365
30 10572 249 0 1788864683 111560
28 10927 953 0 1788864683 112224
29 10332 499 0 1788864683 113386
28 10930 139 0 1788864683 113488
29 10333 591 0 1788864683 113984
29 10343 359 0 1788864683 117737
28 10939 210 0 1788864683 117956
29 10350 1067 0 1788864683 122553
30 10617 216 0 1788864683 128561
31 10305 242 0 1788864683 128570
30 10619 0 0 1788864683 128778
29 10364 287 0 1788864683 128812
31 10311 83 0 1788864683 129889
28 10978 125 0 1788864683 130233
28 10980 108 0 1788864683 130455
28 10982 92 0 1788864683 130790
28 10991 334 0 1788864683 133791
31 10334 213 0 1788864683 135808
28 11001 533 0 1788864683 137633
28 11003 173 0 1788864683 138187
28 11006 374 0 1788864683 139425
29 10407 173 0 1788864683 141413
30 10672 338 0 1788864683 146306
28 11034 473 0 1788864683 147034
30 10680 1415 0 1788864683 151592
29 10434 0 0 1788864683 152866
29 10441 595 0 1788864683 155193
30 10704 236 0 1788864683 160097
31 10401 0 0 1788864683 161895
30 10713 590 0 1788864683 162229
30 10720 0 0 1788864683 165322
28 11097 469 0 1788864683 165416
29 10469 713 0 1788864683 165423
29 10476 0 0 1788864683 170409
28 11108 828 0 1788864683 171772
29 10486 864 0 1788864683 175562
31 10429 649 0 1788864683 179287
30 10743 743 0 1788864683 179747
29 10494 0 0 1788864683 180388
30 10749 0 0 1788864683 185085
29 10503 531 0 1788864683 185265
29 10516 0 0 1788864683 193349
30 10770 0 0 1788864683 197116
29 10527 316 0 1788864683 200034
29 10528 0 0 1788864683 200338
31 10459 367 0 1788864683 207761
28 11157 528 0 1788864683 208296
29 10548 589 0 1788864683 213120
31 10479 0 0 1788864683 224167
28 11194 0 0 1788864683 226047
28 11196 0 0 1788864683 226278
31 10488 743 0 1788864683 230155
29 10581 0 0 1788864683 233883
28 11213 942 0 1788864683 237984
28 11217 0 0 1788864683 239508
28 11225 0 0 1788864683 242532
31 10507 291 0 1788864683 245244
28 11232 381 0 1788864683 245429
30 10837 376 0 1788864683 246387
28 11236 351 0 1788864683 247009
28 11261 188 0 1788864683 256046
31 10529 429 0 1788864683 257150
31 10531 766 0 1788864683 259577
28 11273 283 0 1788864683 259865
29 10642 449 0 1788864683 261660
28 11282 190 0 1788864683 262621
28 11286 217 0 1788864683 263880
30 10893 0 0 1788864683 268662
28 11300 131 0 1788864683 269272
28 11315 312 0 1788864683 274498
28 11341 246 0 1788864683 283576
28 11344 362 0 1788864683 284869
31 10579 3408 0 1788864683 292861
30 10943 396 0 1788864683 293750
30 10946 353 0 1788864683 295056
28 11379 1091 0 1788864683 300245
28 11393 427 0 1788864683 306394
29 10749 842 0 1788864683 307406
30 10977 375 0 1788864683 308398
29 10762 585 0 1788864683 313528
30 10992 0 0 1788864683 314999
28 11423 333 0 1788864683 317936
28 11436 0 0 1788864683 327240
30 11019 0 0 1788864683 328096
29 10782 538 0 1788864683 328135
29 10791 476 0 1788864683 333956
30 11041 313 0 1788864683 339005
31 10628 332 0 1788864683 340182
28 11467 291 0 1788864683 341146
30 11049 452 0 1788864683 341955
28 11470 264 0 1788864683 342400
31 10639 295 0 1788864683 344868
29 10818 706 0 1788864683 348071
31 10646 304 0 1788864683 348444
29 10822 568 0 1788864683 349802
30 11070 346 0 1788864683 350200
29 10824 393 0 1788864683 350552
29 10829 239 0 1788864683 352396
30 11077 232 0 1788864683 352404
31 10659 299 0 1788864683 353543
30 11080 1160 0 1788864683 354379
28 11511 334 0 1788864683 358850
31 10677 362 0 1788864683 362051
29 10863 683 0 1788864683 371272
28 11538 609 0 1788864683 372046
28 11539 606 0 1788864683 372668
28 11545 499 0 1788864683 376055
28 11566 608 0 1788864683 385107
28 11577 436 0 1788864683 390390
29 10892 943 0 1788864683 391372
31 10719 433 0 1788864683 391383
28 11585 580 0 1788864683 394691
31 10728 256 0 1788864683 395350
29 10898 640 0 1788864683 396881
28 11599 632 0 1788864683 403146
28 11600 996 0 1788864683 404148
30 11179 820 0 1788864683 406308
30 11181 440 0 1788864683 407272
30 11196 569 0 1788864683 415720
30 11197 248 0 1788864683 415972
31 10767 396 0 1788864683 424739
29 10939 646 0 1788864683 427379
28 11650 301 0 1788864683 433127
30 11223 656 0 1788864683 434537
31 10785 726 0 1788864683 439551
31 10794 733 0 1788864683 443846
30 11252 810 0 1788864683 456918
28 11719 599 0 1788864683 458971
31 10810 686 0 1788864683 459108
28 11722 410 0 1788864683 459949
30 11259 897 0 1788864683 461600
29 11001 641 0 1788864683 468320
28 11741 160 0 1788864683 469578
28 11748 458 0 1788864683 471750
28 11754 268 0 1788864683 473699
28 11764 536 0 1788864683 477220
28 11768 304 0 1788864683 478365
29 11028 306 0 1788864683 480619
28 11799 426 0 1788864683 489103
28 11809 275 0 1788864683 491861
28 11812 236 0 1788864683 492574
30 11317 134 0 1788864683 494296
28 11822 175 0 1788864683 495148
28 11823 170 0 1788864683 495323
28 11828 467 0 1788864683 496770
29 11088 315 0 1788864683 498773
29 11095 293 0 1788864683 500626
30 11341 381 0 1788864683 500635
28 11843 304 0 1788864683 501135
28 11846 300 0 1788864683 501942
29 11101 235 0 1788864683 502257
30 11350 272 0 1788864683 503538
28 11857 298 0 1788864683 505013
31 10845 560 0 1788864683 507674
30 11363 569 0 1788864683 508022
28 11875 498 0 1788864683 515001
31 10871 688 0 1788864683 524058
28 11890 740 0 1788864683 526262
28 11893 579 0 1788864683 528059
29 11150 813 0 1788864683 530137
30 11399 1390 0 1788864683 532648
30 11412 944 0 1788864683 542009
31 10948 292 0 1788864683 558174
31 10949 541 0 1788864683 558741
30 11433 547 0 1788864683 561761
30 11435 386 0 1788864683 562571
30 11440 470 0 1788864683 564715
29 11185 981 0 1788864683 566240
31 10957 775 0 1788864683 568796
30 11451 560 0 1788864683 569999
31 10960 1220 0 1788864683 571637
31 10974 592 0 1788864683 582472
31 10978 1306 0 1788864683 586334
30 11491 354 0 1788864683 597141
31 11008 267 0 1788864683 599805
30 11506 982 0 1788864683 603410
29 11250 874 0 1788864683 603946
31 11017 998 0 1788864683 605603
31 11020 862 0 1788864683 607899
29 11256 1027 0 1788864683 608718
30 11513 838 0 1788864683 609213
28 12038 267 0 1788864683 617410
30 11545 432 0 1788864683 630359
29 11291 676 0 1788864683 637139
31 11065 898 0 1788864683 638934
28 12083 639 0 1788864683 645146
30 11567 808 0 1788864683 647933
30 11568 849 0 1788864683 648787
30 11576 784 0 1788864683 655544
30 11579 775 0 1788864683 657872
31 11091 812 0 1788864683 659727
30 11594 457 0 1788864683 669028
30 11603 576 0 1788864683 674861
30 11606 723 0 1788864683 678498
30 11607 529 0 1788864683 679032
28 12127 887 0 1788864683 680269
29 11353 2005 0 1788864683 683945
31 11144 418 0 1788864683 685482
28 12137 820 0 1788864683 688177
29 11360 1093 0 1788864683 689543
31 11152 461 0 1788864683 689551
29 11362 893 0 1788864683 690836
28 12141 725 0 1788864683 691250
29 11363 1245 0 1788864683 692086
30 11628 286 0 1788864683 695639
28 12153 340 0 1788864683 697260
28 12163 2099 0 1788864683 707246
28 12168 423 0 1788864683 709247
30 11653 366 0 1788864683 711952
29 11379 1399 0 1788864683 712083
28 12176 320 0 1788864683 712236
30 11654 423 0 1788864683 712380
31 11178 1127 0 1788864683 715894
28 12185 313 0 1788864683 715921
30 11667 310 0 1788864683 717277
28 12190 351 0 1788864683 717728
30 11678 336 0 1788864683 721258
30 11682 632 0 1788864683 722843
28 12212 779 0 1788864683 729268
30 11700 1209 0 1788864683 742197
28 12231 583 0 1788864683 745403
29 11410 674 0 1788864683 757210
28 12244 3274 0 1788864683 757905
29 11421 1306 0 1788864683 765958
31 11218 1282 0 1788864683 765972
31 11222 765 0 1788864683 771998
29 11430 794 0 1788864683 775936
31 11235 278 0 1788864683 781847
28 12270 602 0 1788864683 782482
29 11439 638 0 1788864683 783024
28 12286 494 0 1788864683 794554
29 11459 376 0 1788864683 799121
31 11273 235 0 1788864683 802828
31 11282 405 0 1788864683 805504
28 12302 652 0 1788864683 806256
30 11785 752 0 1788864683 812689
29 11502 109 0 1788864683 815282
31 11324 250 0 1788864683 816589
29 11510 249 0 1788864683 816812
31 11334 304 0 1788864683 819186
29 11524 141 0 1788864683 819332
28 12322 810 0 1788864683 820788
28 12329 725 0 1788864683 826963
31 11359 367 0 1788864683 836341
30 11821 655 0 1788864683 841393
29 11605 241 0 1788864683 847189
29 11606 369 0 1788864683 847563
29 11607 222 0 1788864683 847794
29 11611 277 0 1788864683 848642
29 11615 196 0 1788864683 849470
29 11621 181 0 1788864683 850784
30 11834 417 0 1788864683 850893
29 11638 183 0 1788864683 856886
30 11878 1491 0 1788864683 884658
30 11886 615 0 1788864683 891972
28 12390 1592 0 1788864683 893668
28 12392 1196 0 1788864683 896156
28 12404 1045 0 1788864683 907140
30 11900 1486 0 1788864683 908481
31 11404 1055 0 1788864683 908818
29 11674 2811 0 1788864683 911805
28 12411 201 0 1788864683 915509
29 11677 1719 0 1788864683 916772
28 12426 579 0 1788864683 922826
28 12428 168 0 1788864683 923266
28 12433 85 0 1788864683 923922
28 12438 78 0 1788864683 924358
28 12440 87 0 1788864683 924532
29 11683 1312 0 1788864683 924824
28 12449 81 0 1788864683 925342
28 12462 81 0 1788864683 926483
28 12465 82 0 1788864683 926742
28 12472 141 0 1788864683 927389
28 12476 84 0 1788864683 927857
31 11474 1445 0 1788864683 936896
31 11484 1357 0 1788864683 951625
31 11487 1321 0 1788864683 955181
30 11952 305 0 1788864683 965836
29 11718 1523 0 1788864683 972627
31 11508 953 0 1788864683 978416
29 11748 99 0 1788864683 979922
29 11765 79 0 1788864683 981397
29 11768 129 0 1788864683 981728
29 11782 106 0 1788864683 982978
29 11825 82 0 1788864683 986895
29 11832 85 0 1788864683 987561
29 11834 82 0 1788864683 987754
29 11836 82 0 1788864683 987924
31 11520 981 0 1788864683 989180
29 11849 347 0 1788864683 989965
29 11851 123 0 1788864683 990344
29 11852 0 0 1788864683 990433
29 11857 80 0 1788864683 990904
29 11891 84 0 1788864683 993982
29 11894 127 0 1788864683 994304
29 11900 122 0 1788864683 994901
29 11921 484 0 1788864683 997506
28 12554 894 0 1788864684 3443
29 11935 1188 0 1788864684 14023
30 11997 993 0 1788864684 14428
30 12000 1941 0 1788864684 18659
28 12565 0 0 1788864684 19049
31 11550 339 0 1788864684 28393
30 12007 1265 0 1788864684 31301
28 12601 76 0 1788864684 36365
28 12610 79 0 1788864684 37136
28 12627 88 0 1788864684 38647
31 11558 1990 0 1788864684 39967
30 12019 695 0 1788864684 40825
28 12639 111 0 1788864684 41937
28 12645 93 0 1788864684 42439
28 12673 85 0 1788864684 44746
31 11575 77 0 1788864684 45780
31 11591 73 0 1788864684 47142
28 12681 76 0 1788864684 49379
28 12686 71 0 1788864684 49877
28 12706 104 0 1788864684 51677
28 12713 97 0 1788864684 52299
28 12715 80 0 1788864684 52471
31 11616 920 0 1788864684 54007
28 12738 80 0 1788864684 58975
28 12741 73 0 1788864684 59201
29 11982 1153 0 1788864684 62390
31 11628 107 0 1788864684 64835
30 12052 678 0 1788864684 69403
28 12763 371 0 1788864684 69677
28 12778 1207 0 1788864684 85570
30 12067 286 0 1788864684 90270
29 12009 874 0 1788864684 93791
30 12075 972 0 1788864684 98252
28 12794 1029 0 1788864684 102022
28 12795 909 0 1788864684 102937
29 12019 704 0 1788864684 104091
29 12025 453 0 1788864684 108347
28 12804 753 0 1788864684 108908
30 12101 698 0 1788864684 121885
31 11709 156 0 1788864684 145569
31 11714 0 0 1788864684 151382
30 12144 1666 0 1788864684 163623
30 12145 948 0 1788864684 164575
29 12083 802 0 1788864684 165708
28 12863 916 0 1788864684 165939
31 11728 807 0 1788864684 166661
28 12868 1833 0 1788864684 170456
28 12881 182 0 1788864684 185275
30 12169 747 0 1788864684 190456
29 12111 747 0 1788864684 194699
28 12904 673 0 1788864684 204231
28 12907 889 0 1788864684 206526
29 12129 673 0 1788864684 208222
31 11779 757 0 1788864684 213100
31 11780 732 0 1788864684 213837
28 12922 118 0 1788864684 219150
28 12928 697 0 1788864684 223096
31 11801 839 0 1788864684 230757
31 11810 746 0 1788864684 237887
28 12947 746 0 1788864684 238449
28 12950 865 0 1788864684 240661
29 12173 1164 0 1788864684 243293
30 12244 704 0 1788864684 246925
31 11827 738 0 1788864684 251593
29 12188 899 0 1788864684 255134
31 11835 960 0 1788864684 261590
29 12199 949 0 1788864684 267647
28 12985 697 0 1788864684 286526
29 12208 85 0 1788864684 287002
29 12210 927 0 1788864684 288897
31 11864 744 0 1788864684 297740
31 11871 749 0 1788864684 302989
29 12231 771 0 1788864684 305529
28 13010 740 0 1788864684 308617
29 12247 424 0 1788864684 313111
28 13019 333 0 1788864684 313261
30 12308 690 0 1788864684 315001
29 12257 398 0 1788864684 316825
31 11893 586 0 1788864684 319351
29 12274 637 0 1788864684 324232
30 12328 617 0 1788864684 326916
28 13035 830 0 1788864684 329291
29 12291 392 0 1788864684 330039
29 12293 405 0 1788864684 330820
31 11916 574 0 1788864684 332443
28 13039 679 0 1788864684 332695
29 12301 400 0 1788864684 333782
29 12308 393 0 1788864684 336988
30 12344 1276 0 1788864684 337622
29 12311 324 0 1788864684 338221
28 13048 1547 0 1788864684 342831
30 12354 852 0 1788864684 343714
28 13056 398 0 1788864684 348471
29 12353 566 0 1788864684 357034
29 12354 560 0 1788864684 357598
31 11980 760 0 1788864684 373455
31 11989 660 0 1788864684 380298
29 12386 1137 0 1788864684 381414
31 12001 830 0 1788864684 389304
29 12396 379 0 1788864684 389515
29 12398 1339 0 1788864684 391839
29 12405 1863 0 1788864684 400424
28 13123 408 0 1788864684 400474
30 12434 871 0 1788864684 417737
29 12439 778 0 1788864684 430841
29 12441 1044 0 1788864684 433018
31 12061 915 0 1788864684 433253
28 13167 1342 0 1788864684 434699
28 13179 547 0 1788864684 443357
29 12455 1975 0 1788864684 448923
30 12474 1390 0 1788864684 453165
28 13208 585 0 1788864684 466245
29 12476 705 0 1788864684 469551
29 12485 1240 0 1788864684 479802
28 13231 703 0 1788864684 483936
30 12504 984 0 1788864684 484425
28 13232 623 0 1788864684 484564
29 12492 1448 0 1788864684 487367
31 12136 620 0 1788864684 490411
29 12503 1241 0 1788864684 496734
29 12509 982 0 1788864684 505155
28 13256 627 0 1788864684 505478
31 12155 763 0 1788864684 505983
29 12519 933 0 1788864684 516654
31 12164 1948 0 1788864684 517077
29 12533 1205 0 1788864684 529822
29 12539 372 0 1788864684 534311
29 12541 643 0 1788864684 535578
30 12563 553 0 1788864684 540733
31 12191 1414 0 1788864684 541465
30 12568 858 0 1788864684 545219
30 12570 787 0 1788864684 546576
30 12575 718 0 1788864684 549605
29 12566 1203 0 1788864684 558560
31 12221 1553 0 1788864684 572017
28 13323 89 0 1788864684 574801
29 12582 1234 0 1788864684 576143
31 12232 647 0 1788864684 584623
30 12640 3354 0 1788864684 594241
29 12599 1242 0 1788864684 595337
31 12242 1191 0 1788864684 595538
28 13346 1180 0 1788864684 599636
28 13352 1192 0 1788864684 606721
28 13353 1200 0 1788864684 607927
29 12610 1197 0 1788864684 608126
30 12657 1205 0 1788864684 610722
31 12255 412 0 1788864684 612792
28 13359 1163 0 1788864684 615299
30 12662 1175 0 1788864684 616667
30 12664 1225 0 1788864684 619059
31 12267 1164 0 1788864684 625107
30 12670 1166 0 1788864684 626084
28 13378 558 0 1788864684 633699
31 12291 359 0 1788864684 642835
31 12301 320 0 1788864684 647268
30 12688 1593 0 1788864684 648866
31 12306 289 0 1788864684 649181
31 12311 433 0 1788864684 653448
29 12656 2014 0 1788864684 656555
30 12695 1741 0 1788864684 660898
31 12343 667 0 1788864684 663930
30 12705 864 0 1788864684 675190
30 12720 997 0 1788864684 690060
28 13435 385 0 1788864684 695826
29 12695 853 0 1788864684 700804
31 12378 1082 0 1788864684 702456
31 12387 550 0 1788864684 707959
31 12403 277 0 1788864684 712463
31 12412 146 0 1788864684 714533
29 12707 1785 0 1788864684 715713
28 13458 1306 0 1788864684 717624
31 12440 176 0 1788864684 722281
31 12463 100 0 1788864684 728322
29 12714 1536 0 1788864684 729434
30 12758 1602 0 1788864684 734497
30 12760 1517 0 1788864684 737252
31 12504 416 0 1788864684 744710
31 12510 399 0 1788864684 748338
28 13476 1455 0 1788864684 748738
31 12515 537 0 1788864684 750988
31 12516 311 0 1788864684 751304
31 12523 351 0 1788864684 754103
31 12524 315 0 1788864684 754423
31 12530 303 0 1788864684 756797
29 12732 1741 0 1788864684 759223
31 12536 330 0 1788864684 759231
31 12540 380 0 1788864684 760799
30 12781 283 0 1788864684 764587
30 12784 213 0 1788864684 766061
30 12824 181 0 1788864684 772959
30 12826 158 0 1788864684 773270
28 13494 1512 0 1788864684 774379
29 12751 963 0 1788864684 781721
28 13511 522 0 1788864684 785249
30 12862 474 0 1788864684 786487
30 12868 542 0 1788864684 789395
30 12876 492 0 1788864684 793825
30 12879 284 0 1788864684 795541
29 12767 488 0 1788864684 798176
29 12799 573 0 1788864684 817536
30 12921 882 0 1788864684 822488
28 13579 2628 0 1788864684 829576
28 13584 768 0 1788864684 832584
30 12937 833 0 1788864684 835834
28 13590 1515 0 1788864684 838024
30 12942 672 0 1788864684 839688
30 12948 756 0 1788864684 844464
29 12836 871 0 1788864684 847024
31 12639 1397 0 1788864684 854676
29 12846 527 0 1788864684 854867
31 12644 2302 0 1788864684 859486
29 12864 581 0 1788864684 875777
31 12656 559 0 1788864684 875795
31 12681 415 0 1788864684 892032
29 12878 1466 0 1788864684 894458
29 12879 225 0 1788864684 894688
31 12686 505 0 1788864684 895406
29 12887 517 0 1788864684 898707
30 12999 184 0 1788864684 900192
30 13001 432 0 1788864684 901164
31 12702 610 0 1788864684 904349
29 12900 602 0 1788864684 906300
29 12903 597 0 1788864684 908284
29 12912 474 0 1788864684 914359
29 12915 920 0 1788864684 916912
30 13027 1085 0 1788864684 919567
29 12917 1061 0 1788864684 920811
31 12722 3308 0 1788864684 923033
30 13044 554 0 1788864684 934141
30 13046 637 0 1788864684 935324
29 12938 346 0 1788864684 940851
30 13061 562 0 1788864684 944021
28 13722 464 0 1788864684 948155
28 13728 696 0 1788864684 951700
31 12753 1558 0 1788864684 952538
28 13730 674 0 1788864684 952925
30 13076 587 0 1788864684 952933
28 13733 1243 0 1788864684 955076
31 12757 1163 0 1788864684 956484
31 12769 1063 0 1788864684 974691
29 12972 1306 0 1788864684 981461
30 13106 1196 0 1788864684 989491
31 12794 713 0 1788864685 1563
29 12993 1190 0 1788864685 8556
29 12999 113 0 1788864685 17996
29 13009 1114 0 1788864685 29657
31 12819 886 0 1788864685 31643
30 13145 1068 0 1788864685 35602
30 13146 939 0 1788864685 36547
31 12827 893 0 1788864685 39687
31 12843 871 0 1788864685 55718
31 12853 1136 0 1788864685 65830
31 12856 1824 0 1788864685 69708
29 13068 1104 0 1788864685 83496
30 13196 929 0 1788864685 84638
29 13070 846 0 1788864685 85293
28 13867 1774 0 1788864685 96913
29 13088 675 0 1788864685 100940
30 13215 756 0 1788864685 101314
31 12902 734 0 1788864685 109607
29 13105 819 0 1788864685 113600
31 12916 741 0 1788864685 119336
28 13898 743 0 1788864685 119621
30 13242 273 0 1788864685 121487
29 13119 731 0 1788864685 123818
28 13904 649 0 1788864685 124006
31 12923 648 0 1788864685 124284
30 13247 739 0 1788864685 125205
31 12927 726 0 1788864685 126411
28 13912 1318 0 1788864685 130506
30 13262 745 0 1788864685 136729
28 13928 781 0 1788864685 141556
28 13929 741 0 1788864685 142301
31 12951 751 0 1788864685 145817
28 13944 727 0 1788864685 153124
30 13294 741 0 1788864685 160508
28 13957 295 0 1788864685 161871
30 13303 1384 0 1788864685 168304
30 13305 1459 0 1788864685 171117
28 13968 1495 0 1788864685 175268
28 13977 921 0 1788864685 186432
29 13196 1356 0 1788864685 196806
29 13199 899 0 1788864685 201841
28 13994 1277 0 1788864685 211953
30 13335 1299 0 1788864685 213458
29 13211 1010 0 1788864685 220263
30 13343 848 0 1788864685 225481
28 14006 841 0 1788864685 232542
29 13227 324 0 1788864685 234278
31 13041 443 0 1788864685 234586
31 13045 671 0 1788864685 236600
29 13242 367 0 1788864685 242756
29 13244 498 0 1788864685 243891
30 13364 488 0 1788864685 245092
31 13061 433 0 1788864685 245953
30 13367 287 0 1788864685 248143
31 13074 0 0 1788864685 257171
28 14043 795 0 1788864685 258427
28 14046 543 0 1788864685 260317
30 13393 0 0 1788864685 267334
31 13087 1746 0 1788864685 268287
28 14059 612 0 1788864685 269378
31 13089 886 0 1788864685 270699
29 13286 941 0 1788864685 277709
31 13104 621 0 1788864685 281662
31 13113 477 0 1788864685 288449
29 13305 992 0 1788864685 289251
29 13308 2856 0 1788864685 303683
29 13309 795 0 1788864685 304483
28 14098 422 0 1788864685 308243
29 13321 0 0 1788864685 311710
29 13322 0 0 1788864685 311916
31 13127 527 0 1788864685 313346
29 13325 432 0 1788864685 313570
31 13132 629 0 1788864685 316629
28 14111 357 0 1788864685 318299
30 13445 123 0 1788864685 318400
30 13453 0 0 1788864685 319492
30 13460 145 0 1788864685 320350
28 14117 469 0 1788864685 320579
30 13472 329 0 1788864685 322866
28 14130 406 0 1788864685 326211
28 14132 399 0 1788864685 326997
30 13490 227 0 1788864685 330471
28 14150 375 0 1788864685 334373
28 14158 247 0 1788864685 337301
29 13387 393 0 1788864685 340955
29 13399 405 0 1788864685 344930
31 13202 383 0 1788864685 345541
31 13217 397 0 1788864685 351257
31 13221 302 0 1788864685 352705
28 14202 416 0 1788864685 353004
28 14212 304 0 1788864685 357102
28 14215 322 0 1788864685 358366
29 13437 385 0 1788864685 361427
29 13441 383 0 1788864685 363320
28 14225 395 0 1788864685 363620
29 13442 398 0 1788864685 363722
28 14228 388 0 1788864685 364786
30 13579 380 0 1788864685 365359
29 13448 382 0 1788864685 366301
31 13260 410 0 1788864685 369739
29 13465 294 0 1788864685 374545
29 13466 402 0 1788864685 374953
31 13272 393 0 1788864685 375950
28 14257 395 0 1788864685 378222
30 13612 411 0 1788864685 379990
28 14273 99 0 1788864685 384599
28 14275 932 0 1788864685 386129
29 13498 2548 0 1788864685 391421
28 14282 3126 0 1788864685 392878
30 13634 662 0 1788864685 399529
31 13306 427 0 1788864685 400188
30 13648 574 0 1788864685 406045
28 14302 743 0 1788864685 407102
31 13322 519 0 1788864685 407939
30 13656 405 0 1788864685 409559
31 13328 239 0 1788864685 409970
30 13660 127 0 1788864685 410669
31 13335 287 0 1788864685 411847
29 13537 384 0 1788864685 412948
28 14333 367 0 1788864685 414646
29 13543 357 0 1788864685 415066
28 14345 91 0 1788864685 419382
31 13356 483 0 1788864685 419486
30 13688 458 0 1788864685 420937
28 14350 276 0 1788864685 421483
31 13365 409 0 1788864685 424929
30 13698 721 0 1788864685 427051
28 14405 467 0 1788864685 436649
31 13386 1084 0 1788864685 440498
28 14409 527 0 1788864685 441031
30 13714 1220 0 1788864685 441042
29 13586 1103 0 1788864685 445302
28 14417 355 0 1788864685 448386
28 14424 108 0 1788864685 449501
31 13394 752 0 1788864685 449508
31 13407 698 0 1788864685 455876
28 14457 428 0 1788864685 466152
28 14468 0 0 1788864685 471488
29 13629 0 0 1788864685 472622
28 14478 531 0 1788864685 475213
30 13765 0 0 1788864685 475749
31 13446 340 0 1788864685 482636
29 13650 714 0 1788864685 485358
29 13653 0 0 1788864685 486694
30 13785 0 0 1788864685 488557
28 14502 1078 0 1788864685 489456
28 14504 0 0 1788864685 491823
28 14506 0 0 1788864685 493664
29 13664 0 0 1788864685 496062
31 13478 0 0 1788864685 496708
28 14520 0 0 1788864685 498250
28 14526 0 0 1788864685 499972
30 13794 0 0 1788864685 500576
29 13680 0 0 1788864685 501222
30 13796 0 0 1788864685 501313
31 13495 0 0 1788864685 502484
31 13512 0 0 1788864685 507293
28 14537 0 0 1788864685 513451
29 13705 22654 0 1788864685 544788
30 13819 1126 0 1788864685 545955
28 14568 0 0 1788864685 549253
29 13714 1061 0 1788864685 562354
30 13829 810 0 1788864685 564299
28 14576 838 0 1788864685 565308
31 13567 470 0 1788864685 577283
31 13569 351 0 1788864685 578114
29 13735 401 0 1788864685 578776
30 13876 695 0 1788864685 589858
31 13598 335 0 1788864685 590634
29 13771 0 0 1788864685 593217
31 13603 0 0 1788864685 595179
30 13885 775 0 1788864685 598862
31 13609 312 0 1788864685 601012
31 13611 418 0 1788864685 602128
31 13617 353 0 1788864685 605379
30 13901 503 0 1788864685 605781
30 13902 328 0 1788864685 606117
29 13802 276 0 1788864685 610787
29 13811 256 0 1788864685 616092
29 13815 1414 0 1788864685 618559
30 13929 287 0 1788864685 620402
28 14699 286 0 1788864685 622331
29 13834 0 0 1788864685 626700
29 13835 231 0 1788864685 626966
29 13837 389 0 1788864685 627719
28 14711 392 0 1788864685 627818
31 13654 1997 0 1788864685 630223
28 14719 259 0 1788864685 633176
29 13846 439 0 1788864685 634444
30 13964 287 0 1788864685 638456
28 14732 288 0 1788864685 638845
31 13678 238 0 1788864685 641268
28 14737 441 0 1788864685 642483
30 13970 432 0 1788864685 642657
30 13972 875 0 1788864685 644040
29 13871 201 0 1788864685 645429
28 14748 201 0 1788864685 645484
29 13877 0 0 1788864685 647389
31 13693 0 0 1788864685 647636
30 13982 824 0 1788864685 648763
30 13991 159 0 1788864685 654188
28 14766 352 0 1788864685 655374
28 14768 499 0 1788864685 656396
30 13996 439 0 1788864685 656584
28 14775 339 0 1788864685 659191
29 13905 273 0 1788864685 661797
29 13906 421 0 1788864685 662227
29 13907 532 0 1788864685 662764
28 14800 0 0 1788864685 672620
28 14809 741 0 1788864685 678815
30 14029 1041 0 1788864685 678825
31 13742 641 0 1788864685 684483
29 13946 673 0 1788864685 695498
30 14046 480 0 1788864685 695507
29 13960 1065 0 1788864685 712187
30 14060 784 0 1788864685 714207
29 13966 0 0 1788864685 715656
28 14865 0 0 1788864685 718275
28 14879 0 0 1788864685 719759
28 14883 0 0 1788864685 720103
28 14884 0 0 1788864685 720194
28 14895 0 0 1788864685 721142
30 14066 0 0 1788864685 723087
29 13985 0 0 1788864685 726006
29 13993 0 0 1788864685 727551
29 14001 0 0 1788864685 729165
30 14104 0 0 1788864685 730583
28 14904 8825 0 1788864685 730658
28 14907 0 0 1788864685 731605
28 14908 0 0 1788864685 731790
31 13798 0 0 1788864685 736222
29 14009 0 0 1788864685 740309
28 14955 384 0 1788864685 745385
29 14028 162 0 1788864685 747048
30 14128 206 0 1788864685 750168
31 13830 438 0 1788864685 751745
29 14048 379 0 1788864685 754006
28 14988 394 0 1788864685 756165
29 14055 208 0 1788864685 756400
30 14151 695 0 1788864685 758970
29 14062 21039 0 1788864685 780807
31 13853 1289 0 1788864685 783642
31 13870 470 0 1788864685 792924
30 14187 451 0 1788864685 793573
31 13875 424 0 1788864685 795504
29 14089 486 0 1788864685 795711
29 14097 630 0 1788864685 800109
29 14111 421 0 1788864685 807118
31 13900 471 0 1788864685 808240
30 14217 498 0 1788864685 809101
28 15051 283 0 1788864685 810077
31 13907 457 0 1788864685 811173
29 14126 236 0 1788864685 813475
28 15065 386 0 1788864685 815513
28 15066 493 0 1788864685 816014
29 14136 466 0 1788864685 817424
28 15075 445 0 1788864685 819685
28 15080 422 0 1788864685 821910
29 14155 404 0 1788864685 826377
28 15090 486 0 1788864685 826674
29 14161 231 0 1788864685 828919
28 15096 669 0 1788864685 830211
29 14167 172 0 1788864685 833690
29 14178 335 0 1788864685 838733
31 13969 387 0 1788864685 840951
31 13976 662 0 1788864685 845534
29 14204 521 0 1788864685 852706
31 14004 476 0 1788864685 859027
30 14286 543 0 1788864685 867731
29 14224 474 0 1788864685 870628
31 14013 204 0 1788864685 872067
29 14231 0 0 1788864685 878461
30 14313 1007 0 1788864685 902036
29 14254 4393 0 1788864685 910795
30 14319 932 0 1788864685 912783
30 14325 676 0 1788864685 917243
29 14263 791 0 1788864685 918697
30 14328 91 0 1788864685 919549
29 14266 1196 0 1788864685 920852
30 14331 263 0 1788864685 921898
29 14270 687 0 1788864685 923222
31 14071 0 0 1788864685 926490
31 14075 0 0 1788864685 929680
30 14345 0 0 1788864685 932108
29 14283 320 0 1788864685 932553
29 14285 982 0 1788864685 934366
28 15248 758 0 1788864685 955726
30 14369 839 0 1788864685 956268
30 14395 1389 0 1788864685 986344
31 14124 554 0 1788864685 988813
28 15285 1750 0 1788864685 999102
28 15292 0 0 1788864686 5315
28 15301 911 0 1788864686 10814
30 14424 84 0 1788864686 13832
31 14154 308 0 1788864686 15758
29 14354 0 0 1788864686 18138
29 14362 0 0 1788864686 21741
29 14365 0 0 1788864686 22913
31 14168 0 0 1788864686 36607
31 14169 0 0 1788864686 37278
29 14393 848 0 1788864686 43594
28 15337 0 0 1788864686 49680
30 14468 0 0 1788864686 72173
28 15365 556 0 1788864686 74575
29 14419 390 0 1788864686 75774
30 14472 417 0 1788864686 76531
30 14483 374 0 1788864686 80745
30 14491 526 0 1788864686 83789
30 14501 1187 0 1788864686 89367
28 15402 402 0 1788864686 90892
31 14224 362 0 1788864686 91441
31 14230 116 0 1788864686 93525
29 14484 355 0 1788864686 102194
30 14534 7614 0 1788864686 110079
31 14257 301 0 1788864686 111025
29 14490 174 0 1788864686 111292
29 14491 227 0 1788864686 111523
31 14261 181 0 1788864686 111817
30 14538 267 0 1788864686 113493
30 14541 262 0 1788864686 114324
31 14274 266 0 1788864686 115055
31 14275 187 0 1788864686 115247
31 14279 298 0 1788864686 116367
31 14281 639 0 1788864686 117404
29 14517 266 0 1788864686 118225
29 14529 1442 0 1788864686 122677
29 14531 336 0 1788864686 123111
30 14584 261 0 1788864686 127152
29 14550 262 0 1788864686 128355
31 14323 385 0 1788864686 130154
30 14596 272 0 1788864686 130527
29 14569 319 0 1788864686 134791
30 14618 259 0 1788864686 137031
31 14351 277 0 1788864686 138373
28 15455 1167 0 1788864686 144608
31 14361 1145 0 1788864686 145271
29 14593 1280 0 1788864686 148308
30 14641 1502 0 1788864686 158533
28 15470 1348 0 1788864686 164221
30 14646 1350 0 1788864686 164616
29 14614 1704 0 1788864686 176732
30 14661 1194 0 1788864686 186747
29 14621 467 0 1788864686 187746
30 14663 1957 0 1788864686 189932
30 14664 1315 0 1788864686 191253
29 14639 1242 0 1788864686 210062
29 14641 1269 0 1788864686 212619
30 14684 1013 0 1788864686 216607
29 14677 302 0 1788864686 263463
31 14442 3493 0 1788864686 272036
30 14716 2573 0 1788864686 273797
28 15550 1418 0 1788864686 282297
30 14728 1348 0 1788864686 294186
30 14733 2654 0 1788864686 301891
30 14740 1829 0 1788864686 310920
28 15568 2535 0 1788864686 312933
28 15573 354 0 1788864686 318175
30 14746 365 0 1788864686 319101
28 15588 1270 0 1788864686 330566
29 14731 756 0 1788864686 330574
29 14736 388 0 1788864686 332650
31 14495 0 0 1788864686 335954
28 15607 1043 0 1788864686 347378
29 14773 196 0 1788864686 349681
29 14783 129 0 1788864686 351069
31 14528 517 0 1788864686 361157
31 14529 530 0 1788864686 361729
30 14810 753 0 1788864686 368960
31 14546 201 0 1788864686 377904
31 14548 882 0 1788864686 379174
31 14554 674 0 1788864686 385305
30 14827 886 0 1788864686 386628
31 14558 197 0 1788864686 387897
31 14559 124 0 1788864686 388027
30 14842 1110 0 1788864686 392658
31 14572 640 0 1788864686 393848
28 15643 738 0 1788864686 407094
29 14808 791 0 1788864686 408065
29 14810 539 0 1788864686 409498
29 14818 626 0 1788864686 418607
29 14833 432 0 1788864686 425200
28 15673 658 0 1788864686 427344
29 14843 491 0 1788864686 429945
29 14850 444 0 1788864686 433256
31 14618 375 0 1788864686 434455
28 15705 412 0 1788864686 446894
28 15712 480 0 1788864686 449621
31 14653 372 0 1788864686 455866
28 15742 239 0 1788864686 460180
28 15745 330 0 1788864686 461007
29 14917 311 0 1788864686 462976
31 14658 1180 0 1788864686 463187
28 15755 178 0 1788864686 463334
30 14949 422 0 1788864686 463688
31 14663 662 0 1788864686 465467
29 14926 0 0 1788864686 466122
31 14665 72 0 1788864686 466709
28 15779 373 0 1788864686 472941
30 14976 0 0 1788864686 482103
29 14951 770 0 1788864686 483939
29 14963 412 0 1788864686 494141
29 14970 610 0 1788864686 497579
31 14697 336 0 1788864686 498502
31 14701 1351 0 1788864686 501736
29 14980 374 0 1788864686 503689
30 15013 444 0 1788864686 504190
29 14988 364 0 1788864686 507353
30 15026 227 0 1788864686 508487
28 15840 499 0 1788864686 509242
28 15848 481 0 1788864686 512943
30 15042 441 0 1788864686 514328
31 14725 348 0 1788864686 517658
29 15014 543 0 1788864686 519625
28 15866 501 0 1788864686 520138
29 15025 93 0 1788864686 524755
30 15065 299 0 1788864686 525694
29 15029 177 0 1788864686 526081
28 15880 275 0 1788864686 526767
30 15074 0 0 1788864686 529109
31 14750 343 0 1788864686 531632
30 15080 319 0 1788864686 531982
28 15908 445 0 1788864686 536818
29 15060 277 0 1788864686 540116
28 15926 389 0 1788864686 546101
29 15075 680 0 1788864686 547836
30 15114 668 0 1788864686 547845
28 15933 92 0 1788864686 550547
31 14798 381 0 1788864686 558052
28 15950 2037 0 1788864686 561061
30 15136 261 0 1788864686 563236
28 15956 294 0 1788864686 564190
31 14827 539 0 1788864686 575914
28 15979 579 0 1788864686 576119
31 14830 486 0 1788864686 577189
28 16007 287 0 1788864686 591086
29 15155 295 0 1788864686 591121
31 14868 616 0 1788864686 594624
30 15168 666 0 1788864686 595334
31 14883 399 0 1788864686 601935
28 16026 529 0 1788864686 602715
29 15175 694 0 1788864686 603362
31 14887 493 0 1788864686 603593
28 16028 670 0 1788864686 604037
31 14900 0 0 1788864686 609768
29 15190 308 0 1788864686 613713
29 15191 144 0 1788864686 613886
30 15204 881 0 1788864686 615882
31 14915 0 0 1788864686 619214
31 14924 546 0 1788864686 622735
31 14934 602 0 1788864686 626841
30 15235 547 0 1788864686 629686
30 15239 697 0 1788864686 632185
30 15245 488 0 1788864686 635322
31 14958 0 0 1788864686 638907
30 15253 1277 0 1788864686 639877
28 16083 575 0 1788864686 640458
30 15257 1711 0 1788864686 642886
29 15220 0 0 1788864686 647924
29 15221 0 0 1788864686 648438
29 15224 0 0 1788864686 649887
29 15225 0 0 1788864686 650372
29 15227 0 0 1788864686 651282
29 15235 0 0 1788864686 655182
31 14975 1426 0 1788864686 658222
29 15248 0 0 1788864686 662168
28 16097 647 0 1788864686 663424
29 15254 651 0 1788864686 666063
30 15275 594 0 1788864686 677570
30 15279 367 0 1788864686 680851
30 15284 396 0 1788864686 682821
30 15290 411 0 1788864686 684429
28 16139 114 0 1788864686 688566
31 15010 597 0 1788864686 689477
28 16142 0 0 1788864686 689597
30 15308 990 0 1788864686 695110
28 16169 228 0 1788864686 700237
28 16175 0 0 1788864686 703109
31 15028 547 0 1788864686 704253
28 16178 209 0 1788864686 704793
31 15037 154 0 1788864686 708288
28 16194 619 0 1788864686 712617
31 15045 689 0 1788864686 712632
28 16201 93 0 1788864686 719820
28 16202 2936 0 1788864686 722762
29 15323 4942 0 1788864686 736644
29 15325 265 0 1788864686 740178
31 15067 198 0 1788864686 746473
29 15358 178 0 1788864686 749676
29 15364 0 0 1788864686 750739
28 16225 712 0 1788864686 753051
29 15378 123 0 1788864686 753150
29 15405 0 0 1788864686 758216
29 15411 159 0 1788864686 759281
31 15113 201 0 1788864686 803226
30 15403 315 0 1788864686 806873
28 16280 323 0 1788864686 807737
31 15151 732 0 1788864686 818622
28 16305 474 0 1788864686 818850
29 15488 307 0 1788864686 822004
28 16335 241 0 1788864686 829005
31 15182 216 0 1788864686 829015
28 16338 462 0 1788864686 829986
31 15191 497 0 1788864686 833200
28 16345 515 0 1788864686 833607
28 16352 497 0 1788864686 838171
31 15205 333 0 1788864686 841735
31 15223 221 0 1788864686 848148
28 16399 389 0 1788864686 853540
31 15245 1573 0 1788864686 855768
28 16404 172 0 1788864686 855909
31 15246 928 0 1788864686 856793
31 15265 256 0 1788864686 863816
28 16435 230 0 1788864686 868537
28 16444 248 0 1788864686 869989
28 16451 161 0 1788864686 871251
30 15520 425 0 1788864686 873577
31 15291 380 0 1788864686 873932
30 15526 246 0 1788864686 877312
29 15500 813 0 1788864686 887824
30 15547 499 0 1788864686 890461
28 16545 294 0 1788864686 901958
30 15562 204 0 1788864686 901966
29 15517 709 0 1788864686 902564
30 15575 108 0 1788864686 904833
28 16560 286 0 1788864686 907023
29 15528 898 0 1788864686 910520
28 16566 3673 0 1788864686 920251
28 16570 411 0 1788864686 921752
30 15595 475 0 1788864686 924016
31 15344 493 0 1788864686 924638
28 16581 252 0 1788864686 927781
29 15550 702 0 1788864686 931478
31 15364 92 0 1788864686 937906
31 15370 102 0 1788864686 938668
29 15566 1034 0 1788864686 947036
28 16608 246 0 1788864686 949446
31 15428 182 0 1788864686 949902
31 15433 92 0 1788864686 950780
28 16621 1980 0 1788864686 956732
29 15588 0 0 1788864686 968952
30 15646 3039 0 1788864686 975906
28 16639 3048 0 1788864686 976473
28 16640 846 0 1788864686 977325
28 16651 1225 0 1788864686 987063
30 15663 611 0 1788864686 991048
28 16658 384 0 1788864686 992321
31 15468 709 0 1788864686 992838
29 15618 486 0 1788864686 995208
30 15672 287 0 1788864686 995786
30 15689 171 0 1788864687 1147
31 15494 429 0 1788864687 1751
29 15645 120 0 1788864687 3673
28 16703 491 0 1788864687 7035
31 15515 654 0 1788864687 14040
31 15516 685 0 1788864687 14810
30 15723 433 0 1788864687 23476
29 15689 106 0 1788864687 29518
30 15732 345 0 1788864687 30042
30 15738 356 0 1788864687 31949
28 16747 347 0 1788864687 32471
30 15740 648 0 1788864687 32949
30 15746 1217 0 1788864687 35510
29 15702 510 0 1788864687 35961
30 15748 362 0 1788864687 36149
31 15570 377 0 1788864687 40310
31 15575 195 0 1788864687 42029
28 16775 0 0 1788864687 43554
31 15583 0 0 1788864687 44508
31 15587 472 0 1788864687 46241
31 15589 355 0 1788864687 46943
29 15740 343 0 1788864687 49089
29 15743 395 0 1788864687 50181
29 15745 300 0 1788864687 50829
28 16799 95 0 1788864687 51676
29 15753 229 0 1788864687 52631
29 15757 328 0 1788864687 53548
30 15813 332 0 1788864687 57008
29 15770 302 0 1788864687 57471
31 15630 304 0 1788864687 57551
31 15643 277 0 1788864687 61567
30 15830 284 0 1788864687 61935
29 15788 303 0 1788864687 62589
30 15844 137 0 1788864687 65954
28 16855 305 0 1788864687 67673
29 15809 232 0 1788864687 68739
29 15812 276 0 1788864687 69687
30 15861 277 0 1788864687 70625
28 16873 317 0 1788864687 72786
31 15690 331 0 1788864687 75635
31 15694 282 0 1788864687 82388
31 15701 210 0 1788864687 84372
30 15890 309 0 1788864687 84833
28 16892 313 0 1788864687 84914
29 15846 306 0 1788864687 85066
31 15712 317 0 1788864687 88905
29 15858 248 0 1788864687 89997
30 15911 356 0 1788864687 94342
28 16917 391 0 1788864687 95131
31 15736 358 0 1788864687 98479
31 15740 166 0 1788864687 99970
30 15936 342 0 1788864687 103582
30 15938 400 0 1788864687 104249
30 15939 379 0 1788864687 104633
29 15901 4648 0 1788864687 110875
29 15904 113 0 1788864687 111256
29 15917 93 0 1788864687 112720
29 15936 88 0 1788864687 114444
29 15942 90 0 1788864687 115017
29 15971 95 0 1788864687 117702
29 16023 93 0 1788864687 123744
29 16030 94 0 1788864687 124455
29 16063 87 0 1788864687 128574
29 16091 111 0 1788864687 131210
29 16113 100 0 1788864687 133685
29 16147 92 0 1788864687 136713
29 16176 124 0 1788864687 139493
29 16180 107 0 1788864687 139963
29 16185 85 0 1788864687 140496
29 16192 95 0 1788864687 141154
29 16221 87 0 1788864687 143824
29 16226 90 0 1788864687 144295
29 16237 100 0 1788864687 145378
29 16242 399 0 1788864687 146194
29 16243 595 0 1788864687 146795
30 15957 399 0 1788864687 151444
31 15776 341 0 1788864687 153316
29 16266 250 0 1788864687 155101
30 15968 84 0 1788864687 155624
31 15784 262 0 1788864687 156327
29 16280 338 0 1788864687 162362
30 15986 806 0 1788864687 164915
29 16295 331 0 1788864687 168633
31 15815 96 0 1788864687 171553
31 15824 346 0 1788864687 175036
