pgbench (18.6 (Debian 18.6-1.pgdg13+2))
transaction type: /tmp/bench.sql
scaling factor: 1
query mode: prepared
number of clients: 1
number of threads: 1
maximum number of tries: 1
duration: 10 s
number of transactions actually processed: 276345
number of failed transactions: 0 (0.000%)
latency average = 0.036 ms
initial connection time = 6.478 ms
tps = 27652.161436 (without initial connection time)
===LOGS===
0 38 35 0 1788978082 856451
0 46 40 0 1788978082 856761
0 51 24 0 1788978082 856889
0 79 35 0 1788978082 857804
0 84 34 0 1788978082 857971
0 93 65 0 1788978082 858283
0 137 66 0 1788978082 860152
0 160 41 0 1788978082 861381
0 164 45 0 1788978082 861559
0 171 48 0 1788978082 861919
0 216 34 0 1788978082 863564
0 231 45 0 1788978082 864154
0 234 35 0 1788978082 864262
0 243 36 0 1788978082 864575
0 252 44 0 1788978082 864917
0 275 55 0 1788978082 865901
0 281 40 0 1788978082 866150
0 290 41 0 1788978082 866515
0 331 53 0 1788978082 868703
0 343 56 0 1788978082 869350
0 345 45 0 1788978082 869444
0 377 37 0 1788978082 871152
0 386 34 0 1788978082 871509
0 394 35 0 1788978082 871832
0 405 35 0 1788978082 872280
0 407 36 0 1788978082 872353
0 432 33 0 1788978082 873264
0 473 31 0 1788978082 874683
0 486 29 0 1788978082 875105
0 487 30 0 1788978082 875137
0 504 46 0 1788978082 875647
0 505 30 0 1788978082 875678
0 530 25 0 1788978082 876296
0 532 25 0 1788978082 876351
0 534 26 0 1788978082 876406
0 555 25 0 1788978082 876939
0 577 25 0 1788978082 877528
0 615 26 0 1788978082 878491
0 632 26 0 1788978082 878945
0 634 26 0 1788978082 878997
0 636 25 0 1788978082 879048
0 658 40 0 1788978082 879643
0 677 24 0 1788978082 880122
0 685 25 0 1788978082 880321
0 707 26 0 1788978082 880921
0 715 26 0 1788978082 881131
0 727 25 0 1788978082 881480
0 805 25 0 1788978082 883496
0 812 26 0 1788978082 883685
0 827 26 0 1788978082 884087
0 854 28 0 1788978082 884784
0 864 26 0 1788978082 885081
0 866 27 0 1788978082 885136
0 880 30 0 1788978082 885489
0 910 25 0 1788978082 886291
0 913 26 0 1788978082 886370
0 918 58 0 1788978082 886532
0 921 32 0 1788978082 886623
0 949 27 0 1788978082 887538
0 999 31 0 1788978082 889535
0 1038 31 0 1788978082 890838
0 1065 46 0 1788978082 891653
0 1074 39 0 1788978082 891936
0 1114 29 0 1788978082 893087
0 1123 33 0 1788978082 893402
0 1179 27 0 1788978082 894980
0 1196 26 0 1788978082 895443
0 1205 27 0 1788978082 895706
0 1209 26 0 1788978082 895812
0 1230 26 0 1788978082 896366
0 1299 54 0 1788978082 898297
0 1302 25 0 1788978082 898380
0 1318 26 0 1788978082 898810
0 1324 26 0 1788978082 898973
0 1333 27 0 1788978082 899215
0 1338 28 0 1788978082 899347
0 1362 26 0 1788978082 900004
0 1435 33 0 1788978082 901895
0 1437 32 0 1788978082 901963
0 1440 33 0 1788978082 902063
0 1449 32 0 1788978082 902362
0 1455 32 0 1788978082 902557
0 1473 29 0 1788978082 903148
0 1492 25 0 1788978082 903675
0 1509 24 0 1788978082 904112
0 1542 50 0 1788978082 905342
0 1563 45 0 1788978082 906338
0 1608 31 0 1788978082 907865
0 1624 32 0 1788978082 908380
0 1643 32 0 1788978082 909012
0 1655 31 0 1788978082 909404
0 1665 35 0 1788978082 909744
0 1677 32 0 1788978082 910143
0 1691 36 0 1788978082 910604
0 1709 34 0 1788978082 911244
0 1715 35 0 1788978082 911454
0 1736 34 0 1788978082 912186
0 1737 35 0 1788978082 912222
0 1802 32 0 1788978082 914390
0 1818 31 0 1788978082 914904
0 1871 32 0 1788978082 916728
0 1883 32 0 1788978082 917117
0 1885 31 0 1788978082 917182
0 1886 32 0 1788978082 917216
0 1902 31 0 1788978082 917740
0 1921 32 0 1788978082 918340
0 1923 32 0 1788978082 918406
0 1944 30 0 1788978082 919079
0 1993 47 0 1788978082 920694
0 2008 24 0 1788978082 921122
0 2023 36 0 1788978082 921554
0 2035 61 0 1788978082 922063
0 2086 30 0 1788978082 924284
0 2263 30 0 1788978082 932305
0 2292 30 0 1788978082 933210
0 2297 30 0 1788978082 933363
0 2321 27 0 1788978082 934140
0 2400 53 0 1788978082 937253
0 2428 55 0 1788978082 938629
0 2440 33 0 1788978082 939091
0 2458 39 0 1788978082 939808
0 2463 39 0 1788978082 940020
0 2470 36 0 1788978082 940308
0 2475 36 0 1788978082 940490
0 2488 37 0 1788978082 940970
0 2494 31 0 1788978082 941182
0 2505 29 0 1788978082 941506
0 2509 54 0 1788978082 941648
0 2510 31 0 1788978082 941680
0 2522 29 0 1788978082 942016
0 2571 32 0 1788978082 943507
0 2603 30 0 1788978082 944590
0 2617 30 0 1788978082 945039
0 2635 29 0 1788978082 945577
0 2643 28 0 1788978082 945827
0 2654 28 0 1788978082 946138
0 2658 28 0 1788978082 946253
0 2669 54 0 1788978082 946659
0 2681 37 0 1788978082 947137
0 2683 42 0 1788978082 947268
0 2704 34 0 1788978082 948037
0 2719 29 0 1788978082 948563
0 2725 28 0 1788978082 948741
0 2744 27 0 1788978082 949286
0 2780 34 0 1788978082 950931
0 2798 29 0 1788978082 951590
0 2826 31 0 1788978082 952429
0 2835 32 0 1788978082 952729
0 2865 43 0 1788978082 953884
0 2867 44 0 1788978082 953978
0 2870 45 0 1788978082 954145
0 2913 83 0 1788978082 955847
0 2937 44 0 1788978082 956879
0 2951 39 0 1788978082 957461
0 2975 37 0 1788978082 958303
0 2990 33 0 1788978082 958843
0 2999 48 0 1788978082 959231
0 3012 36 0 1788978082 959808
0 3015 35 0 1788978082 959914
0 3016 33 0 1788978082 959948
0 3017 35 0 1788978082 959984
0 3019 47 0 1788978082 960089
0 3035 36 0 1788978082 960748
0 3045 41 0 1788978082 961362
0 3047 40 0 1788978082 961446
0 3082 45 0 1788978082 963462
0 3084 43 0 1788978082 963550
0 3119 39 0 1788978082 964982
0 3161 32 0 1788978082 966706
0 3188 26 0 1788978082 967527
0 3205 26 0 1788978082 967983
0 3229 26 0 1788978082 968607
0 3240 23 0 1788978082 968876
0 3267 23 0 1788978082 969510
0 3274 30 0 1788978082 969697
0 3300 26 0 1788978082 970390
0 3305 26 0 1788978082 970532
0 3339 28 0 1788978082 971927
0 3342 31 0 1788978082 972027
0 3356 33 0 1788978082 972477
0 3398 28 0 1788978082 973689
0 3404 28 0 1788978082 973851
0 3406 25 0 1788978082 973901
0 3429 25 0 1788978082 974477
0 3433 24 0 1788978082 974576
0 3468 25 0 1788978082 975478
0 3483 25 0 1788978082 975886
0 3499 26 0 1788978082 976295
0 3501 25 0 1788978082 976346
0 3502 25 0 1788978082 976372
0 3505 25 0 1788978082 976449
0 3521 25 0 1788978082 976869
0 3542 25 0 1788978082 977413
0 3544 25 0 1788978082 977464
0 3553 26 0 1788978082 977705
0 3609 24 0 1788978082 979082
0 3610 24 0 1788978082 979107
0 3660 25 0 1788978082 980370
0 3730 25 0 1788978082 982124
0 3785 29 0 1788978082 983615
0 3804 24 0 1788978082 984101
0 3805 25 0 1788978082 984126
0 3877 24 0 1788978082 985968
0 3884 25 0 1788978082 986144
0 3908 25 0 1788978082 986758
0 3919 43 0 1788978082 987125
0 3957 39 0 1788978082 988583
0 3973 56 0 1788978082 989238
0 3980 31 0 1788978082 989517
0 4000 27 0 1788978082 990116
0 4013 31 0 1788978082 990478
0 4031 30 0 1788978082 990980
0 4034 27 0 1788978082 991063
0 4075 27 0 1788978082 992136
0 4097 25 0 1788978082 992693
0 4138 27 0 1788978082 993747
0 4145 29 0 1788978082 993955
0 4198 40 0 1788978082 995484
0 4210 35 0 1788978082 995953
0 4217 35 0 1788978082 996239
0 4222 35 0 1788978082 996420
0 4282 42 0 1788978083 503
0 4334 62 0 1788978083 2837
0 4337 52 0 1788978083 2990
0 4352 41 0 1788978083 3558
0 4375 32 0 1788978083 4542
0 4388 36 0 1788978083 5103
0 4424 36 0 1788978083 6211
0 4474 41 0 1788978083 7838
0 4484 48 0 1788978083 8280
0 4488 56 0 1788978083 8492
0 4510 28 0 1788978083 9469
0 4516 34 0 1788978083 9651
0 4525 28 0 1788978083 9909
0 4551 24 0 1788978083 10602
0 4553 26 0 1788978083 10666
0 4592 39 0 1788978083 11635
0 4597 24 0 1788978083 11758
0 4599 24 0 1788978083 11808
0 4627 33 0 1788978083 12532
0 4652 38 0 1788978083 13277
0 4654 37 0 1788978083 13351
0 4682 25 0 1788978083 14146
0 4683 26 0 1788978083 14173
0 4709 24 0 1788978083 14840
0 4733 25 0 1788978083 15440
0 4739 25 0 1788978083 15590
0 4789 25 0 1788978083 16868
0 4791 30 0 1788978083 16924
0 4797 25 0 1788978083 17080
0 4911 41 0 1788978083 20391
0 4919 26 0 1788978083 20685
0 4928 25 0 1788978083 20923
0 4943 29 0 1788978083 21331
0 4960 28 0 1788978083 21822
0 4997 26 0 1788978083 22807
0 5017 25 0 1788978083 23300
0 5057 24 0 1788978083 24302
0 5064 24 0 1788978083 24476
0 5104 25 0 1788978083 25477
0 5114 26 0 1788978083 25747
0 5119 25 0 1788978083 25874
0 5125 26 0 1788978083 26040
0 5129 25 0 1788978083 26140
0 5132 25 0 1788978083 26215
0 5153 25 0 1788978083 26745
0 5168 27 0 1788978083 27139
0 5174 29 0 1788978083 27302
0 5203 26 0 1788978083 28079
0 5208 25 0 1788978083 28209
0 5231 25 0 1788978083 28838
0 5245 40 0 1788978083 29206
0 5313 25 0 1788978083 31046
0 5359 25 0 1788978083 32236
0 5390 25 0 1788978083 33036
0 5434 24 0 1788978083 34160
0 5447 24 0 1788978083 34486
0 5448 24 0 1788978083 34511
0 5471 26 0 1788978083 35170
0 5475 27 0 1788978083 35279
0 5497 25 0 1788978083 35865
0 5520 26 0 1788978083 36469
0 5569 24 0 1788978083 37831
0 5582 24 0 1788978083 38196
0 5589 25 0 1788978083 38381
0 5591 25 0 1788978083 38433
0 5609 25 0 1788978083 38930
0 5618 29 0 1788978083 39167
0 5630 25 0 1788978083 39527
0 5639 25 0 1788978083 39775
0 5668 25 0 1788978083 40506
0 5689 25 0 1788978083 41067
0 5699 26 0 1788978083 41348
0 5718 26 0 1788978083 41876
0 5743 24 0 1788978083 42504
0 5762 24 0 1788978083 42980
0 5764 24 0 1788978083 43029
0 5771 24 0 1788978083 43203
0 5774 24 0 1788978083 43280
0 5798 24 0 1788978083 43894
0 5801 24 0 1788978083 43968
0 5818 24 0 1788978083 44401
0 5824 24 0 1788978083 44556
0 5862 26 0 1788978083 45567
0 5899 24 0 1788978083 46481
0 5903 24 0 1788978083 46578
0 5953 24 0 1788978083 47799
0 5956 23 0 1788978083 47871
0 5982 24 0 1788978083 48489
0 5990 24 0 1788978083 48686
0 6002 24 0 1788978083 48980
0 6007 27 0 1788978083 49110
0 6015 25 0 1788978083 49315
0 6039 24 0 1788978083 49938
0 6055 33 0 1788978083 50394
0 6119 30 0 1788978083 52231
0 6120 30 0 1788978083 52264
0 6143 37 0 1788978083 53034
0 6146 34 0 1788978083 53143
0 6179 35 0 1788978083 54229
0 6180 32 0 1788978083 54263
0 6199 31 0 1788978083 54943
0 6207 35 0 1788978083 55237
0 6213 36 0 1788978083 55451
0 6224 30 0 1788978083 55901
0 6230 30 0 1788978083 56090
0 6236 30 0 1788978083 56285
0 6238 30 0 1788978083 56347
0 6251 25 0 1788978083 56763
0 6255 26 0 1788978083 56870
0 6261 25 0 1788978083 57024
0 6278 26 0 1788978083 57458
0 6295 23 0 1788978083 57905
0 6301 23 0 1788978083 58045
0 6323 23 0 1788978083 58558
0 6350 24 0 1788978083 59219
0 6360 24 0 1788978083 59464
0 6391 27 0 1788978083 60277
0 6417 28 0 1788978083 61028
0 6425 27 0 1788978083 61247
0 6438 27 0 1788978083 61602
0 6442 30 0 1788978083 61721
0 6490 24 0 1788978083 62912
0 6497 24 0 1788978083 63082
0 6501 24 0 1788978083 63179
0 6518 24 0 1788978083 63591
0 6529 27 0 1788978083 63881
0 6571 33 0 1788978083 65003
0 6574 30 0 1788978083 65087
0 6635 25 0 1788978083 66729
0 6636 26 0 1788978083 66758
0 6644 26 0 1788978083 66963
0 6668 25 0 1788978083 67600
0 6675 25 0 1788978083 67789
0 6708 34 0 1788978083 68627
0 6716 27 0 1788978083 68833
0 6744 24 0 1788978083 69508
0 6771 23 0 1788978083 70174
0 6775 24 0 1788978083 70270
0 6794 23 0 1788978083 70833
0 6796 24 0 1788978083 70883
0 6799 23 0 1788978083 70955
0 6837 27 0 1788978083 72018
0 6884 25 0 1788978083 73314
0 6898 25 0 1788978083 73696
0 6934 25 0 1788978083 74599
0 6967 24 0 1788978083 75447
0 6989 24 0 1788978083 75990
0 7034 24 0 1788978083 77085
0 7044 25 0 1788978083 77330
0 7047 25 0 1788978083 77409
0 7048 24 0 1788978083 77434
0 7059 24 0 1788978083 77705
0 7064 24 0 1788978083 77827
0 7087 24 0 1788978083 78375
0 7153 25 0 1788978083 80051
0 7162 26 0 1788978083 80287
0 7174 26 0 1788978083 80598
0 7175 33 0 1788978083 80632
0 7191 25 0 1788978083 81054
0 7194 25 0 1788978083 81129
0 7205 24 0 1788978083 81400
0 7208 24 0 1788978083 81478
0 7210 24 0 1788978083 81527
0 7215 29 0 1788978083 81662
0 7224 24 0 1788978083 81885
0 7251 26 0 1788978083 82660
0 7261 25 0 1788978083 82915
0 7280 28 0 1788978083 83469
0 7301 25 0 1788978083 84066
0 7303 25 0 1788978083 84118
0 7318 30 0 1788978083 84516
0 7324 36 0 1788978083 84714
0 7347 27 0 1788978083 85345
0 7393 37 0 1788978083 86737
0 7404 28 0 1788978083 87161
0 7413 32 0 1788978083 87437
0 7490 28 0 1788978083 89619
0 7495 30 0 1788978083 89752
0 7528 25 0 1788978083 90579
0 7529 24 0 1788978083 90605
0 7538 24 0 1788978083 90846
0 7542 30 0 1788978083 90950
0 7546 24 0 1788978083 91053
0 7567 25 0 1788978083 91596
0 7574 25 0 1788978083 91786
0 7581 25 0 1788978083 91960
0 7585 25 0 1788978083 92060
0 7657 34 0 1788978083 93913
0 7691 26 0 1788978083 94853
0 7732 27 0 1788978083 95952
0 7735 30 0 1788978083 96035
0 7738 26 0 1788978083 96116
0 7755 26 0 1788978083 96564
0 7770 30 0 1788978083 96997
0 7800 34 0 1788978083 98147
0 7803 34 0 1788978083 98253
0 7828 34 0 1788978083 99113
0 7832 33 0 1788978083 99251
0 7840 33 0 1788978083 99551
0 7843 36 0 1788978083 99665
0 7868 31 0 1788978083 100483
0 7875 32 0 1788978083 100713
0 7888 31 0 1788978083 101130
0 7898 32 0 1788978083 101449
0 7915 32 0 1788978083 101995
0 7931 33 0 1788978083 102523
0 7938 25 0 1788978083 102740
0 7975 26 0 1788978083 103799
0 7981 24 0 1788978083 103950
0 7983 25 0 1788978083 104032
0 7998 25 0 1788978083 104407
0 8012 26 0 1788978083 104792
0 8026 25 0 1788978083 105155
0 8027 26 0 1788978083 105182
0 8032 26 0 1788978083 105315
0 8033 26 0 1788978083 105342
0 8078 24 0 1788978083 106552
0 8090 25 0 1788978083 106872
0 8104 25 0 1788978083 107227
0 8113 26 0 1788978083 107460
0 8141 45 0 1788978083 108321
0 8143 34 0 1788978083 108396
0 8145 34 0 1788978083 108465
0 8182 38 0 1788978083 110064
0 8219 34 0 1788978083 111756
0 8224 67 0 1788978083 112022
0 8233 53 0 1788978083 112532
0 8243 65 0 1788978083 113425
0 8264 40 0 1788978083 114468
0 8281 74 0 1788978083 115431
0 8285 109 0 1788978083 115709
0 8301 71 0 1788978083 116640
0 8304 61 0 1788978083 116821
0 8348 50 0 1788978083 118643
0 8352 33 0 1788978083 118784
0 8380 43 0 1788978083 120014
0 8385 65 0 1788978083 120279
0 8397 52 0 1788978083 120993
0 8420 41 0 1788978083 122387
0 8445 37 0 1788978083 123516
0 8447 38 0 1788978083 123603
0 8460 34 0 1788978083 124149
0 8477 45 0 1788978083 124820
0 8478 43 0 1788978083 124865
0 8498 47 0 1788978083 125831
0 8503 56 0 1788978083 126113
0 8523 81 0 1788978083 127709
0 8530 47 0 1788978083 128104
0 8542 55 0 1788978083 128623
0 8544 59 0 1788978083 128751
0 8553 44 0 1788978083 129163
0 8565 39 0 1788978083 129706
0 8578 38 0 1788978083 130210
0 8585 38 0 1788978083 130480
0 8619 36 0 1788978083 131933
0 8645 32 0 1788978083 132985
0 8655 25 0 1788978083 133244
0 8658 25 0 1788978083 133322
0 8698 24 0 1788978083 134402
0 8735 29 0 1788978083 135477
0 8737 26 0 1788978083 135533
0 8749 26 0 1788978083 135874
0 8787 29 0 1788978083 137005
0 8810 52 0 1788978083 137666
0 8828 51 0 1788978083 138271
0 8834 37 0 1788978083 138505
0 8869 34 0 1788978083 139808
0 8885 32 0 1788978083 140354
0 8902 32 0 1788978083 140903
0 8943 35 0 1788978083 142252
0 8975 34 0 1788978083 143391
0 8977 34 0 1788978083 143461
0 9036 33 0 1788978083 145496
0 9057 32 0 1788978083 146208
0 9068 33 0 1788978083 146568
0 9075 33 0 1788978083 146817
0 9104 34 0 1788978083 147768
0 9115 31 0 1788978083 148117
0 9128 24 0 1788978083 148554
0 9146 24 0 1788978083 149114
0 9188 29 0 1788978083 150272
0 9194 34 0 1788978083 150460
0 9232 35 0 1788978083 151971
0 9236 33 0 1788978083 152144
0 9249 29 0 1788978083 152595
0 9350 26 0 1788978083 156022
0 9441 34 0 1788978083 158805
0 9461 24 0 1788978083 159422
0 9467 24 0 1788978083 159569
0 9489 28 0 1788978083 160138
0 9527 26 0 1788978083 161233
0 9529 26 0 1788978083 161287
0 9543 28 0 1788978083 161672
0 9547 26 0 1788978083 161779
0 9551 27 0 1788978083 161887
0 9588 24 0 1788978083 162866
0 9596 25 0 1788978083 163066
0 9688 24 0 1788978083 165423
0 9690 23 0 1788978083 165471
0 9698 24 0 1788978083 165679
0 9705 24 0 1788978083 165845
0 9706 24 0 1788978083 165869
0 9754 25 0 1788978083 167107
0 9772 25 0 1788978083 167556
0 9780 27 0 1788978083 167766
0 9794 24 0 1788978083 168115
0 9892 51 0 1788978083 171647
0 9914 29 0 1788978083 172418
0 9918 29 0 1788978083 172536
0 9955 25 0 1788978083 173564
0 10013 26 0 1788978083 175073
0 10049 27 0 1788978083 176038
0 10057 26 0 1788978083 176246
0 10058 31 0 1788978083 176277
0 10064 32 0 1788978083 176491
0 10068 26 0 1788978083 176605
0 10080 25 0 1788978083 176933
0 10126 26 0 1788978083 178161
0 10138 24 0 1788978083 178495
0 10146 24 0 1788978083 178704
0 10157 24 0 1788978083 178967
0 10186 25 0 1788978083 179797
0 10187 25 0 1788978083 179823
0 10208 25 0 1788978083 180375
0 10219 26 0 1788978083 180670
0 10221 25 0 1788978083 180722
0 10254 26 0 1788978083 181585
0 10265 27 0 1788978083 181893
0 10278 27 0 1788978083 182237
0 10283 25 0 1788978083 182365
0 10285 26 0 1788978083 182417
0 10356 24 0 1788978083 184219
0 10362 25 0 1788978083 184369
0 10363 25 0 1788978083 184394
0 10374 25 0 1788978083 184705
0 10385 24 0 1788978083 184978
0 10423 24 0 1788978083 186002
0 10460 27 0 1788978083 187049
0 10503 41 0 1788978083 188428
0 10508 69 0 1788978083 188658
0 10556 30 0 1788978083 190500
0 10566 32 0 1788978083 190810
0 10581 23 0 1788978083 191173
0 10596 24 0 1788978083 191530
0 10618 23 0 1788978083 192060
0 10624 24 0 1788978083 192200
0 10648 23 0 1788978083 192775
0 10651 27 0 1788978083 192850
0 10654 26 0 1788978083 192930
0 10668 27 0 1788978083 193304
0 10669 27 0 1788978083 193331
0 10695 27 0 1788978083 194075
0 10713 27 0 1788978083 194560
0 10718 25 0 1788978083 194736
0 10737 25 0 1788978083 195227
0 10743 52 0 1788978083 195408
0 10759 29 0 1788978083 195837
0 10768 24 0 1788978083 196069
0 10813 26 0 1788978083 197237
0 10829 27 0 1788978083 197668
0 10831 26 0 1788978083 197721
0 10872 24 0 1788978083 198799
0 10885 30 0 1788978083 199147
0 10912 25 0 1788978083 199885
0 10986 28 0 1788978083 201898
0 10988 28 0 1788978083 201955
0 10999 25 0 1788978083 202246
0 11001 25 0 1788978083 202297
0 11012 25 0 1788978083 202576
0 11051 24 0 1788978083 203586
0 11070 24 0 1788978083 204067
0 11072 24 0 1788978083 204117
0 11080 25 0 1788978083 204313
0 11082 25 0 1788978083 204367
0 11086 26 0 1788978083 204472
0 11119 26 0 1788978083 205373
0 11120 27 0 1788978083 205401
0 11134 27 0 1788978083 205792
0 11188 25 0 1788978083 207196
0 11196 24 0 1788978083 207459
0 11234 30 0 1788978083 208427
0 11235 38 0 1788978083 208466
0 11236 30 0 1788978083 208497
0 11251 27 0 1788978083 209005
0 11304 32 0 1788978083 210632
0 11362 38 0 1788978083 212200
0 11371 35 0 1788978083 212552
0 11378 26 0 1788978083 212772
0 11403 26 0 1788978083 213437
0 11412 27 0 1788978083 213703
0 11415 26 0 1788978083 213782
0 11421 26 0 1788978083 213939
0 11459 26 0 1788978083 214960
0 11509 25 0 1788978083 216272
0 11510 25 0 1788978083 216299
0 11527 27 0 1788978083 216738
0 11539 25 0 1788978083 217048
0 11545 25 0 1788978083 217200
0 11557 25 0 1788978083 217498
0 11579 25 0 1788978083 218059
0 11586 25 0 1788978083 218233
0 11606 24 0 1788978083 218730
0 11614 24 0 1788978083 218927
0 11666 25 0 1788978083 220324
0 11696 37 0 1788978083 221336
0 11705 39 0 1788978083 221699
0 11723 32 0 1788978083 222361
0 11755 26 0 1788978083 223385
0 11760 23 0 1788978083 223506
0 11762 23 0 1788978083 223553
0 11790 23 0 1788978083 224216
0 11835 26 0 1788978083 225378
0 11837 27 0 1788978083 225433
0 11862 29 0 1788978083 226293
0 11871 26 0 1788978083 226534
0 11881 36 0 1788978083 226829
0 11900 35 0 1788978083 227514
0 11911 35 0 1788978083 227929
0 11922 34 0 1788978083 228323
0 11948 27 0 1788978083 229254
0 11969 37 0 1788978083 230005
0 11974 37 0 1788978083 230193
0 11988 37 0 1788978083 230725
0 11991 37 0 1788978083 230837
0 12014 27 0 1788978083 231701
0 12035 29 0 1788978083 232317
0 12044 33 0 1788978083 232587
0 12070 29 0 1788978083 233351
0 12074 29 0 1788978083 233468
0 12097 26 0 1788978083 234122
0 12105 27 0 1788978083 234331
0 12131 23 0 1788978083 235006
0 12184 24 0 1788978083 236284
0 12218 26 0 1788978083 237174
0 12219 26 0 1788978083 237202
0 12241 30 0 1788978083 237826
0 12242 33 0 1788978083 237860
0 12246 28 0 1788978083 237978
0 12264 26 0 1788978083 238489
0 12308 26 0 1788978083 239694
0 12388 26 0 1788978083 241804
0 12417 26 0 1788978083 242567
0 12426 25 0 1788978083 242812
0 12433 25 0 1788978083 242991
0 12448 28 0 1788978083 243376
0 12462 25 0 1788978083 243741
0 12465 25 0 1788978083 243819
0 12474 24 0 1788978083 244037
0 12482 25 0 1788978083 244240
0 12485 24 0 1788978083 244314
0 12487 24 0 1788978083 244363
0 12489 24 0 1788978083 244412
0 12490 25 0 1788978083 244437
0 12502 24 0 1788978083 244738
0 12546 24 0 1788978083 245772
0 12558 24 0 1788978083 246067
0 12561 29 0 1788978083 246145
0 12589 24 0 1788978083 246815
0 12610 25 0 1788978083 247322
0 12642 26 0 1788978083 248141
0 12643 26 0 1788978083 248168
0 12656 26 0 1788978083 248503
0 12688 25 0 1788978083 249338
0 12692 25 0 1788978083 249443
0 12697 31 0 1788978083 249588
0 12717 26 0 1788978083 250153
0 12723 27 0 1788978083 250350
0 12732 26 0 1788978083 250590
0 12740 26 0 1788978083 250820
0 12827 27 0 1788978083 253284
0 12843 29 0 1788978083 253752
0 12854 37 0 1788978083 254248
0 12855 39 0 1788978083 254291
0 12883 46 0 1788978083 255607
0 12892 45 0 1788978083 256061
0 12973 26 0 1788978083 258592
0 12997 24 0 1788978083 259204
0 13004 32 0 1788978083 259404
0 13052 32 0 1788978083 260985
0 13107 31 0 1788978083 263319
0 13173 41 0 1788978083 266283
0 13208 32 0 1788978083 267520
0 13222 32 0 1788978083 267985
0 13235 32 0 1788978083 268400
0 13266 28 0 1788978083 269282
0 13269 29 0 1788978083 269371
0 13276 28 0 1788978083 269570
0 13307 28 0 1788978083 270458
0 13356 25 0 1788978083 271739
0 13359 24 0 1788978083 271813
0 13401 25 0 1788978083 272892
0 13449 25 0 1788978083 274120
0 13469 35 0 1788978083 274634
0 13484 25 0 1788978083 275015
0 13497 24 0 1788978083 275332
0 13587 25 0 1788978083 277544
0 13605 24 0 1788978083 278000
0 13608 24 0 1788978083 278075
0 13620 35 0 1788978083 278420
0 13652 26 0 1788978083 279239
0 13658 33 0 1788978083 279404
0 13659 26 0 1788978083 279432
0 13668 24 0 1788978083 279684
0 13710 25 0 1788978083 280758
0 13742 38 0 1788978083 281632
0 13754 25 0 1788978083 281954
0 13791 31 0 1788978083 283006
0 13818 33 0 1788978083 283767
0 13839 39 0 1788978083 284415
0 13843 27 0 1788978083 284555
0 13859 25 0 1788978083 284983
0 13913 40 0 1788978083 286909
0 13942 31 0 1788978083 287889
0 13959 31 0 1788978083 288429
0 13967 32 0 1788978083 288695
0 14003 31 0 1788978083 289845
0 14017 32 0 1788978083 290290
0 14020 32 0 1788978083 290386
0 14023 32 0 1788978083 290482
0 14045 32 0 1788978083 291188
0 14071 31 0 1788978083 292021
0 14089 31 0 1788978083 292592
0 14110 31 0 1788978083 293262
0 14129 32 0 1788978083 293893
0 14138 32 0 1788978083 294185
0 14146 33 0 1788978083 294454
0 14189 31 0 1788978083 295948
0 14191 32 0 1788978083 296015
0 14225 45 0 1788978083 297356
0 14248 27 0 1788978083 298166
0 14301 24 0 1788978083 299770
0 14304 23 0 1788978083 299841
0 14308 23 0 1788978083 299933
0 14311 22 0 1788978083 300002
0 14340 25 0 1788978083 300716
0 14349 26 0 1788978083 300951
0 14358 26 0 1788978083 301185
0 14379 26 0 1788978083 301751
0 14387 26 0 1788978083 301971
0 14400 27 0 1788978083 302324
0 14408 27 0 1788978083 302538
0 14419 25 0 1788978083 302845
0 14517 28 0 1788978083 305531
0 14558 32 0 1788978083 307047
0 14564 32 0 1788978083 307240
0 14570 31 0 1788978083 307431
0 14574 31 0 1788978083 307558
0 14579 32 0 1788978083 307724
0 14598 32 0 1788978083 308325
0 14611 32 0 1788978083 308754
0 14616 31 0 1788978083 308913
0 14619 31 0 1788978083 309009
0 14625 32 0 1788978083 309201
0 14631 31 0 1788978083 309391
0 14641 32 0 1788978083 309724
0 14657 34 0 1788978083 310255
0 14669 36 0 1788978083 310681
0 14716 31 0 1788978083 312234
0 14746 23 0 1788978083 313015
0 14754 24 0 1788978083 313204
0 14785 33 0 1788978083 314014
0 14786 33 0 1788978083 314050
0 14787 33 0 1788978083 314085
0 14806 33 0 1788978083 314723
0 14864 30 0 1788978083 316959
0 14865 35 0 1788978083 316997
0 14876 31 0 1788978083 317399
0 14893 41 0 1788978083 318262
0 14936 40 0 1788978083 319982
0 14983 32 0 1788978083 321776
0 14999 33 0 1788978083 322300
0 15008 32 0 1788978083 322593
0 15039 31 0 1788978083 323595
0 15058 31 0 1788978083 324220
0 15088 31 0 1788978083 325187
0 15094 32 0 1788978083 325381
0 15098 31 0 1788978083 325509
0 15132 31 0 1788978083 326593
0 15150 33 0 1788978083 327212
0 15163 23 0 1788978083 327530
0 15170 33 0 1788978083 327768
0 15176 42 0 1788978083 328012
0 15213 28 0 1788978083 329465
0 15217 32 0 1788978083 329587
0 15228 24 0 1788978083 329910
0 15261 32 0 1788978083 330953
0 15273 46 0 1788978083 331372
0 15292 75 0 1788978083 332103
0 15315 82 0 1788978083 333683
0 15328 48 0 1788978083 334520
0 15329 52 0 1788978083 334575
0 15340 36 0 1788978083 335060
0 15346 74 0 1788978083 335362
0 15352 43 0 1788978083 335668
0 15381 57 0 1788978083 337258
0 15411 89 0 1788978083 338934
0 15420 27 0 1788978083 339209
0 15445 27 0 1788978083 340054
0 15500 28 0 1788978083 342336
0 15545 26 0 1788978083 343601
0 15548 27 0 1788978083 343698
0 15567 24 0 1788978083 344202
0 15606 24 0 1788978083 345190
0 15631 24 0 1788978083 345806
0 15639 23 0 1788978083 346003
0 15643 24 0 1788978083 346099
0 15694 24 0 1788978083 347413
0 15701 25 0 1788978083 347589
0 15731 28 0 1788978083 348414
0 15743 28 0 1788978083 348776
0 15762 26 0 1788978083 349351
0 15778 26 0 1788978083 349795
0 15805 25 0 1788978083 350500
0 15808 25 0 1788978083 350576
0 15850 24 0 1788978083 351673
0 15852 32 0 1788978083 351738
0 15872 24 0 1788978083 352225
0 15876 26 0 1788978083 352332
0 15878 40 0 1788978083 352406
0 15944 28 0 1788978083 354445
0 15957 27 0 1788978083 354837
0 15965 27 0 1788978083 355064
0 15968 27 0 1788978083 355148
0 15980 27 0 1788978083 355480
0 15984 25 0 1788978083 355582
0 16046 24 0 1788978083 357200
0 16072 25 0 1788978083 357904
0 16092 25 0 1788978083 358404
0 16136 27 0 1788978083 359810
0 16153 27 0 1788978083 360277
0 16180 26 0 1788978083 361040
0 16205 26 0 1788978083 361699
0 16219 26 0 1788978083 362069
0 16235 35 0 1788978083 362633
0 16265 25 0 1788978083 363376
0 16269 25 0 1788978083 363476
0 16307 26 0 1788978083 364498
0 16335 24 0 1788978083 365419
0 16379 30 0 1788978083 366679
0 16389 26 0 1788978083 366966
0 16393 24 0 1788978083 367066
0 16400 24 0 1788978083 367247
0 16408 27 0 1788978083 367456
0 16434 32 0 1788978083 368242
0 16451 32 0 1788978083 368795
0 16470 32 0 1788978083 369410
0 16486 34 0 1788978083 369954
0 16497 34 0 1788978083 370329
0 16576 32 0 1788978083 372907
0 16601 33 0 1788978083 373724
0 16610 33 0 1788978083 374023
0 16616 33 0 1788978083 374223
0 16679 32 0 1788978083 376256
0 16681 31 0 1788978083 376320
0 16684 31 0 1788978083 376416
0 16696 31 0 1788978083 376800
0 16702 31 0 1788978083 376990
0 16711 31 0 1788978083 377274
0 16714 32 0 1788978083 377371
0 16717 31 0 1788978083 377468
0 16721 32 0 1788978083 377597
0 16734 31 0 1788978083 378019
0 16761 31 0 1788978083 378886
0 16770 32 0 1788978083 379172
0 16775 32 0 1788978083 379331
0 16809 23 0 1788978083 380484
0 16814 23 0 1788978083 380602
0 16815 41 0 1788978083 380643
0 16819 23 0 1788978083 380739
0 16851 31 0 1788978083 381548
0 16852 25 0 1788978083 381574
0 16864 23 0 1788978083 381870
0 16882 23 0 1788978083 382288
0 16892 23 0 1788978083 382520
0 16904 23 0 1788978083 382823
0 16912 23 0 1788978083 383008
0 16937 26 0 1788978083 383674
0 16961 36 0 1788978083 384558
0 16969 36 0 1788978083 384873
0 17039 43 0 1788978083 388269
0 17041 43 0 1788978083 388363
0 17053 38 0 1788978083 388949
0 17091 54 0 1788978083 390752
0 17103 59 0 1788978083 391480
0 17126 60 0 1788978083 393041
0 17134 63 0 1788978083 393557
0 17195 36 0 1788978083 396027
0 17203 31 0 1788978083 396281
0 17215 93 0 1788978083 396846
0 17221 34 0 1788978083 397068
0 17241 35 0 1788978083 397804
0 17260 36 0 1788978083 398486
0 17295 35 0 1788978083 399677
0 17317 41 0 1788978083 400443
0 17320 33 0 1788978083 400546
0 17361 36 0 1788978083 402338
0 17409 34 0 1788978083 404354
0 17473 35 0 1788978083 407904
0 17514 47 0 1788978083 409555
0 17550 34 0 1788978083 411260
0 17555 34 0 1788978083 411435
0 17568 29 0 1788978083 411910
0 17583 29 0 1788978083 412353
0 17607 39 0 1788978083 413254
0 17618 42 0 1788978083 413685
0 17625 38 0 1788978083 413960
0 17663 39 0 1788978083 415442
0 17742 23 0 1788978083 417880
0 17752 26 0 1788978083 418127
0 17798 25 0 1788978083 419337
0 17802 25 0 1788978083 419448
0 17804 25 0 1788978083 419499
0 17834 38 0 1788978083 420563
0 17843 33 0 1788978083 420908
0 17846 33 0 1788978083 421010
0 17856 33 0 1788978083 421343
0 17873 32 0 1788978083 421908
0 17882 32 0 1788978083 422201
0 17884 32 0 1788978083 422267
0 17907 32 0 1788978083 423026
0 17910 32 0 1788978083 423125
0 17911 33 0 1788978083 423159
0 17936 31 0 1788978083 424039
0 17962 26 0 1788978083 424740
0 18009 36 0 1788978083 426560
0 18045 36 0 1788978083 428189
0 18052 36 0 1788978083 428476
0 18061 35 0 1788978083 428803
0 18064 38 0 1788978083 428910
0 18065 42 0 1788978083 428953
0 18071 51 0 1788978083 429302
0 18085 41 0 1788978083 429999
0 18114 44 0 1788978083 431249
0 18117 41 0 1788978083 431378
0 18171 37 0 1788978083 433454
0 18208 26 0 1788978083 434546
0 18218 26 0 1788978083 434837
0 18236 29 0 1788978083 435307
0 18260 38 0 1788978083 436149
0 18270 29 0 1788978083 436530
0 18277 28 0 1788978083 436735
0 18278 27 0 1788978083 436763
0 18280 27 0 1788978083 436819
0 18302 31 0 1788978083 437572
0 18309 31 0 1788978083 437799
0 18371 35 0 1788978083 439700
0 18395 48 0 1788978083 440695
0 18398 53 0 1788978083 440871
0 18405 29 0 1788978083 441100
0 18414 45 0 1788978083 441507
0 18418 49 0 1788978083 441709
0 18445 51 0 1788978083 443328
0 18462 35 0 1788978083 444064
0 18464 36 0 1788978083 444139
0 18486 37 0 1788978083 444892
0 18489 30 0 1788978083 444986
0 18497 30 0 1788978083 445226
0 18498 30 0 1788978083 445257
0 18521 23 0 1788978083 445870
0 18527 24 0 1788978083 446021
0 18551 23 0 1788978083 446600
0 18566 24 0 1788978083 446982
0 18571 25 0 1788978083 447109
0 18584 31 0 1788978083 447432
0 18603 27 0 1788978083 447975
0 18608 30 0 1788978083 448126
0 18669 24 0 1788978083 449830
0 18674 24 0 1788978083 449955
0 18748 66 0 1788978083 451975
0 18782 30 0 1788978083 453033
0 18826 26 0 1788978083 454334
0 18840 25 0 1788978083 454723
0 18857 25 0 1788978083 455161
0 18900 25 0 1788978083 456289
0 18924 25 0 1788978083 456953
0 18999 32 0 1788978083 458919
0 19005 35 0 1788978083 459135
0 19027 29 0 1788978083 459970
0 19038 29 0 1788978083 460292
0 19042 28 0 1788978083 460407
0 19044 28 0 1788978083 460465
0 19058 26 0 1788978083 460870
0 19087 40 0 1788978083 461643
0 19089 26 0 1788978083 461697
0 19126 41 0 1788978083 462643
0 19169 25 0 1788978083 463760
0 19188 25 0 1788978083 464246
0 19191 32 0 1788978083 464330
0 19215 26 0 1788978083 464952
0 19218 25 0 1788978083 465029
0 19232 26 0 1788978083 465386
0 19248 26 0 1788978083 465802
0 19261 24 0 1788978083 466127
0 19268 25 0 1788978083 466302
0 19275 25 0 1788978083 466477
0 19304 24 0 1788978083 467194
0 19310 23 0 1788978083 467336
0 19317 24 0 1788978083 467503
0 19331 24 0 1788978083 467870
0 19358 29 0 1788978083 468547
0 19369 31 0 1788978083 468836
0 19371 24 0 1788978083 468887
0 19377 24 0 1788978083 469034
0 19408 45 0 1788978083 469869
0 19483 24 0 1788978083 472279
0 19520 26 0 1788978083 473261
0 19592 24 0 1788978083 475167
0 19650 31 0 1788978083 476759
0 19672 34 0 1788978083 477498
0 19688 36 0 1788978083 478101
0 19704 36 0 1788978083 478700
0 19708 34 0 1788978083 478839
0 19718 32 0 1788978083 479172
0 19744 24 0 1788978083 480009
0 19768 24 0 1788978083 480606
0 19857 26 0 1788978083 482951
0 19864 26 0 1788978083 483134
0 19876 25 0 1788978083 483446
0 19901 25 0 1788978083 484128
0 19915 26 0 1788978083 484485
0 19917 26 0 1788978083 484537
0 19926 25 0 1788978083 484796
0 19940 23 0 1788978083 485136
0 19942 25 0 1788978083 485186
0 19950 24 0 1788978083 485376
0 19973 27 0 1788978083 485964
0 20006 28 0 1788978083 486901
0 20069 24 0 1788978083 488513
0 20073 28 0 1788978083 488634
0 20127 24 0 1788978083 490014
0 20219 38 0 1788978083 492772
0 20249 26 0 1788978083 493868
0 20250 27 0 1788978083 493898
0 20264 25 0 1788978083 494316
0 20292 33 0 1788978083 495092
0 20319 36 0 1788978083 496081
0 20326 45 0 1788978083 496339
0 20360 28 0 1788978083 497344
0 20369 25 0 1788978083 497578
0 20396 24 0 1788978083 498275
0 20405 24 0 1788978083 498506
0 20406 25 0 1788978083 498532
0 20408 25 0 1788978083 498582
0 20419 25 0 1788978083 498869
0 20433 27 0 1788978083 499229
0 20438 25 0 1788978083 499355
0 20453 26 0 1788978083 499809
0 20465 25 0 1788978083 500119
0 20473 25 0 1788978083 500322
0 20481 26 0 1788978083 500533
0 20513 25 0 1788978083 501364
0 20602 34 0 1788978083 503640
0 20610 25 0 1788978083 503843
0 20675 36 0 1788978083 505949
0 20685 30 0 1788978083 506270
0 20706 28 0 1788978083 506883
0 20750 30 0 1788978083 507983
0 20768 23 0 1788978083 508402
0 20787 23 0 1788978083 508850
0 20789 23 0 1788978083 508897
0 20802 25 0 1788978083 509210
0 20806 25 0 1788978083 509310
0 20810 25 0 1788978083 509410
0 20817 37 0 1788978083 509635
0 20826 25 0 1788978083 509872
0 20871 24 0 1788978083 511178
0 20893 26 0 1788978083 511772
0 20894 26 0 1788978083 511799
0 20899 26 0 1788978083 511930
0 20905 26 0 1788978083 512086
0 20976 24 0 1788978083 513871
0 20981 23 0 1788978083 513991
0 20989 32 0 1788978083 514243
0 21080 33 0 1788978083 517213
0 21092 23 0 1788978083 517533
0 21098 24 0 1788978083 517689
0 21115 23 0 1788978083 518086
0 21118 23 0 1788978083 518157
0 21123 33 0 1788978083 518326
0 21126 24 0 1788978083 518413
0 21198 25 0 1788978083 520351
0 21213 33 0 1788978083 520809
0 21237 24 0 1788978083 521482
0 21295 28 0 1788978083 522969
0 21298 26 0 1788978083 523048
0 21314 25 0 1788978083 523451
0 21429 24 0 1788978083 526259
0 21430 24 0 1788978083 526284
0 21434 24 0 1788978083 526381
0 21445 26 0 1788978083 526664
0 21446 28 0 1788978083 526693
0 21465 25 0 1788978083 527163
0 21507 24 0 1788978083 528219
0 21515 25 0 1788978083 528417
0 21522 54 0 1788978083 528616
0 21543 24 0 1788978083 529178
0 21591 25 0 1788978083 530439
0 21635 24 0 1788978083 531764
0 21643 25 0 1788978083 531980
0 21651 33 0 1788978083 532263
0 21671 27 0 1788978083 532946
0 21673 28 0 1788978083 533003
0 21714 23 0 1788978083 534189
0 21726 24 0 1788978083 534471
0 21732 26 0 1788978083 534615
0 21735 23 0 1788978083 534689
0 21750 23 0 1788978083 535039
0 21778 23 0 1788978083 535713
0 21779 24 0 1788978083 535738
0 21793 24 0 1788978083 536070
0 21800 25 0 1788978083 536255
0 21816 28 0 1788978083 536714
0 21843 27 0 1788978083 537417
0 21871 27 0 1788978083 538229
0 21893 24 0 1788978083 538767
0 21897 24 0 1788978083 538864
0 21919 24 0 1788978083 539374
0 21922 30 0 1788978083 539456
0 21923 31 0 1788978083 539487
0 21945 23 0 1788978083 540010
0 21947 23 0 1788978083 540057
0 21960 23 0 1788978083 540369
0 21976 24 0 1788978083 540763
0 21985 24 0 1788978083 540975
0 22008 23 0 1788978083 541560
0 22017 24 0 1788978083 541784
0 22019 26 0 1788978083 541834
0 22021 24 0 1788978083 541884
0 22031 23 0 1788978083 542120
0 22059 24 0 1788978083 542799
0 22127 23 0 1788978083 544400
0 22135 28 0 1788978083 544603
0 22210 26 0 1788978083 546603
0 22237 24 0 1788978083 547324
0 22240 26 0 1788978083 547404
0 22254 24 0 1788978083 547749
0 22264 23 0 1788978083 547989
0 22299 23 0 1788978083 548826
0 22301 23 0 1788978083 548874
0 22352 32 0 1788978083 550184
0 22355 34 0 1788978083 550283
0 22361 32 0 1788978083 550475
0 22370 32 0 1788978083 550772
0 22403 23 0 1788978083 551769
0 22427 25 0 1788978083 552340
0 22449 34 0 1788978083 553079
0 22453 33 0 1788978083 553217
0 22479 33 0 1788978083 554087
0 22487 31 0 1788978083 554345
0 22493 31 0 1788978083 554535
0 22538 32 0 1788978083 555989
0 22582 31 0 1788978083 557373
0 22622 23 0 1788978083 558437
0 22644 26 0 1788978083 558967
0 22645 25 0 1788978083 558993
0 22647 32 0 1788978083 559050
0 22656 27 0 1788978083 559356
0 22679 23 0 1788978083 559909
0 22683 23 0 1788978083 560003
0 22689 23 0 1788978083 560143
0 22690 23 0 1788978083 560167
0 22716 24 0 1788978083 560832
0 22734 23 0 1788978083 561263
0 22753 24 0 1788978083 561727
0 22754 24 0 1788978083 561751
0 22766 26 0 1788978083 562051
0 22767 26 0 1788978083 562077
0 22792 26 0 1788978083 562724
0 22846 24 0 1788978083 564157
0 22862 24 0 1788978083 564549
0 22869 35 0 1788978083 564769
0 22880 34 0 1788978083 565157
0 22895 35 0 1788978083 565691
0 22907 32 0 1788978083 566085
0 22932 24 0 1788978083 566807
0 22951 27 0 1788978083 567253
0 22961 26 0 1788978083 567492
0 22986 23 0 1788978083 568111
0 23028 23 0 1788978083 569127
0 23039 24 0 1788978083 569389
0 23041 25 0 1788978083 569438
0 23044 24 0 1788978083 569509
0 23056 25 0 1788978083 569809
0 23116 24 0 1788978083 571257
0 23180 25 0 1788978083 572967
0 23183 25 0 1788978083 573043
0 23240 23 0 1788978083 574438
0 23308 26 0 1788978083 576184
0 23310 25 0 1788978083 576237
0 23352 25 0 1788978083 577304
0 23373 26 0 1788978083 577858
0 23399 23 0 1788978083 578475
0 23417 26 0 1788978083 578938
0 23421 24 0 1788978083 579035
0 23515 24 0 1788978083 581424
0 23538 24 0 1788978083 582006
0 23561 23 0 1788978083 582548
0 23584 23 0 1788978083 583089
0 23609 23 0 1788978083 583683
0 23620 23 0 1788978083 583937
0 23630 23 0 1788978083 584169
0 23641 23 0 1788978083 584426
0 23651 24 0 1788978083 584681
0 23697 24 0 1788978083 585952
0 23752 25 0 1788978083 587326
0 23834 24 0 1788978083 589318
0 23846 23 0 1788978083 589606
0 23860 23 0 1788978083 589943
0 23865 22 0 1788978083 590058
0 23872 27 0 1788978083 590250
0 23884 23 0 1788978083 590535
0 23903 24 0 1788978083 590991
0 23905 25 0 1788978083 591041
0 23916 24 0 1788978083 591309
0 23917 23 0 1788978083 591333
0 23959 27 0 1788978083 592374
0 23960 38 0 1788978083 592413
0 23973 24 0 1788978083 592766
0 23983 36 0 1788978083 593047
0 23993 25 0 1788978083 593320
0 24024 27 0 1788978083 594134
0 24028 26 0 1788978083 594241
0 24041 27 0 1788978083 594588
0 24055 31 0 1788978083 594981
0 24062 24 0 1788978083 595157
0 24072 24 0 1788978083 595402
0 24084 24 0 1788978083 595709
0 24110 29 0 1788978083 596489
0 24124 57 0 1788978083 597033
0 24141 47 0 1788978083 597854
0 24142 61 0 1788978083 597928
0 24154 46 0 1788978083 598728
0 24183 26 0 1788978083 599849
0 24187 28 0 1788978083 599965
0 24222 25 0 1788978083 600889
0 24243 28 0 1788978083 601534
0 24245 26 0 1788978083 601588
0 24262 31 0 1788978083 602094
0 24265 68 0 1788978083 602242
0 24283 34 0 1788978083 602825
0 24301 34 0 1788978083 603422
0 24318 27 0 1788978083 603914
0 24363 24 0 1788978083 605097
0 24367 25 0 1788978083 605216
0 24372 23 0 1788978083 605336
0 24373 24 0 1788978083 605360
0 24386 25 0 1788978083 605701
0 24390 25 0 1788978083 605804
0 24400 25 0 1788978083 606059
0 24401 60 0 1788978083 606119
0 24458 26 0 1788978083 607712
0 24490 27 0 1788978083 608582
0 24496 35 0 1788978083 608776
0 24509 24 0 1788978083 609200
0 24531 32 0 1788978083 609844
0 24557 36 0 1788978083 610841
0 24568 43 0 1788978083 611315
0 24604 73 0 1788978083 613011
0 24628 36 0 1788978083 614263
0 24645 72 0 1788978083 615429
0 24646 82 0 1788978083 615519
0 24648 97 0 1788978083 615687
0 24662 76 0 1788978083 616655
0 24667 43 0 1788978083 616883
0 24669 43 0 1788978083 616974
0 24677 35 0 1788978083 617275
0 24684 35 0 1788978083 617525
0 24696 36 0 1788978083 617978
0 24769 42 0 1788978083 621557
0 24779 25 0 1788978083 621836
0 24785 26 0 1788978083 621992
0 24805 28 0 1788978083 622500
0 24835 24 0 1788978083 623247
0 24845 24 0 1788978083 623489
0 24888 24 0 1788978083 624564
0 24909 27 0 1788978083 625172
0 24938 28 0 1788978083 625991
0 24939 28 0 1788978083 626021
0 24963 28 0 1788978083 626702
0 24973 25 0 1788978083 626967
0 24974 27 0 1788978083 626995
0 24976 24 0 1788978083 627046
0 24981 25 0 1788978083 627173
0 24997 36 0 1788978083 627620
0 25033 26 0 1788978083 628573
0 25052 28 0 1788978083 629086
0 25055 32 0 1788978083 629178
0 25056 28 0 1788978083 629207
0 25105 26 0 1788978083 630561
0 25140 24 0 1788978083 631467
0 25141 24 0 1788978083 631492
0 25172 24 0 1788978083 632435
0 25181 24 0 1788978083 632677
0 25279 29 0 1788978083 635517
0 25302 24 0 1788978083 636104
0 25378 28 0 1788978083 638151
0 25452 25 0 1788978083 640193
0 25463 25 0 1788978083 640506
0 25476 26 0 1788978083 640862
0 25484 25 0 1788978083 641076
0 25502 27 0 1788978083 641569
0 25554 25 0 1788978083 643175
0 25557 25 0 1788978083 643252
0 25627 29 0 1788978083 645144
0 25641 25 0 1788978083 645510
0 25702 27 0 1788978083 647067
0 25709 26 0 1788978083 647257
0 25747 30 0 1788978083 648325
0 25755 28 0 1788978083 648543
0 25778 26 0 1788978083 649189
0 25810 25 0 1788978083 650079
0 25825 25 0 1788978083 650449
0 25846 25 0 1788978083 651001
0 25848 31 0 1788978083 651063
0 25862 25 0 1788978083 651513
0 25899 32 0 1788978083 652562
0 25941 26 0 1788978083 653794
0 25974 25 0 1788978083 654661
0 26002 24 0 1788978083 655342
0 26004 24 0 1788978083 655391
0 26020 25 0 1788978083 655809
0 26022 25 0 1788978083 655861
0 26039 25 0 1788978083 656320
0 26064 25 0 1788978083 656968
0 26133 36 0 1788978083 658849
0 26139 27 0 1788978083 659018
0 26142 26 0 1788978083 659098
0 26155 32 0 1788978083 659528
0 26190 35 0 1788978083 660623
0 26235 26 0 1788978083 661957
0 26263 26 0 1788978083 662699
0 26284 27 0 1788978083 663237
0 26303 25 0 1788978083 663779
0 26333 30 0 1788978083 664732
0 26353 26 0 1788978083 665280
0 26387 33 0 1788978083 666179
0 26398 32 0 1788978083 666545
0 26406 23 0 1788978083 666793
0 26407 25 0 1788978083 666820
0 26439 24 0 1788978083 667597
0 26458 25 0 1788978083 668087
0 26484 39 0 1788978083 668833
0 26487 26 0 1788978083 668917
0 26491 26 0 1788978083 669024
0 26534 26 0 1788978083 670283
0 26540 26 0 1788978083 670450
0 26554 25 0 1788978083 670828
0 26573 26 0 1788978083 671333
0 26601 29 0 1788978083 672079
0 26621 33 0 1788978083 672708
0 26637 58 0 1788978083 673248
0 26638 35 0 1788978083 673285
0 26665 29 0 1788978083 674342
0 26669 29 0 1788978083 674463
0 26695 41 0 1788978083 675531
0 26709 28 0 1788978083 676025
0 26714 28 0 1788978083 676169
0 26742 25 0 1788978083 676952
0 26847 26 0 1788978083 679665
0 26848 25 0 1788978083 679692
0 26877 25 0 1788978083 680421
0 26891 26 0 1788978083 680796
0 26895 27 0 1788978083 680903
0 26928 25 0 1788978083 681781
0 26935 25 0 1788978083 681958
0 26936 25 0 1788978083 681984
0 26938 25 0 1788978083 682035
0 26944 26 0 1788978083 682187
0 26952 25 0 1788978083 682390
0 26977 25 0 1788978083 683055
0 26993 25 0 1788978083 683453
0 26999 25 0 1788978083 683608
0 27038 27 0 1788978083 684799
0 27046 28 0 1788978083 685031
0 27054 27 0 1788978083 685255
0 27083 26 0 1788978083 686079
0 27086 25 0 1788978083 686156
0 27117 27 0 1788978083 686955
0 27137 26 0 1788978083 687511
0 27158 33 0 1788978083 688096
0 27162 26 0 1788978083 688205
0 27197 26 0 1788978083 689168
0 27226 30 0 1788978083 690161
0 27233 28 0 1788978083 690374
0 27281 43 0 1788978083 691944
0 27290 33 0 1788978083 692270
0 27301 66 0 1788978083 692668
0 27318 31 0 1788978083 693214
0 27347 35 0 1788978083 694284
0 27368 31 0 1788978083 695029
0 27388 31 0 1788978083 695693
0 27420 32 0 1788978083 696562
0 27421 25 0 1788978083 696589
0 27434 24 0 1788978083 696919
0 27493 25 0 1788978083 698487
0 27504 27 0 1788978083 698793
0 27510 26 0 1788978083 698954
0 27527 28 0 1788978083 699416
0 27528 25 0 1788978083 699442
0 27531 25 0 1788978083 699521
0 27548 28 0 1788978083 700013
0 27558 26 0 1788978083 700274
0 27585 26 0 1788978083 700998
0 27609 31 0 1788978083 701614
0 27611 25 0 1788978083 701670
0 27626 29 0 1788978083 702048
0 27631 25 0 1788978083 702176
0 27648 34 0 1788978083 702636
0 27666 28 0 1788978083 703169
0 27686 28 0 1788978083 703768
0 27697 27 0 1788978083 704085
0 27723 25 0 1788978083 704820
0 27735 25 0 1788978083 705129
0 27741 25 0 1788978083 705282
0 27746 27 0 1788978083 705411
0 27751 31 0 1788978083 705576
0 27765 26 0 1788978083 705980
0 27784 25 0 1788978083 706477
0 27800 29 0 1788978083 706941
0 27815 35 0 1788978083 707457
0 27816 27 0 1788978083 707486
0 27823 27 0 1788978083 707696
0 27845 28 0 1788978083 708317
0 27934 25 0 1788978083 710679
0 27973 25 0 1788978083 711695
0 27985 26 0 1788978083 711999
0 27992 25 0 1788978083 712182
0 28009 33 0 1788978083 712641
0 28024 32 0 1788978083 713045
0 28033 28 0 1788978083 713303
0 28041 28 0 1788978083 713528
0 28043 28 0 1788978083 713585
0 28053 28 0 1788978083 713878
0 28064 26 0 1788978083 714170
0 28066 25 0 1788978083 714221
0 28091 27 0 1788978083 714887
0 28107 24 0 1788978083 715278
0 28148 25 0 1788978083 716288
0 28169 24 0 1788978083 716821
0 28178 25 0 1788978083 717052
0 28190 25 0 1788978083 717358
0 28199 49 0 1788978083 717636
0 28202 34 0 1788978083 717740
0 28206 28 0 1788978083 717867
0 28226 26 0 1788978083 718389
0 28229 25 0 1788978083 718467
0 28313 39 0 1788978083 720646
0 28318 25 0 1788978083 720779
0 28323 31 0 1788978083 720923
0 28335 29 0 1788978083 721294
0 28358 32 0 1788978083 722039
0 28373 27 0 1788978083 722493
0 28400 27 0 1788978083 723244
0 28432 25 0 1788978083 724138
0 28446 24 0 1788978083 724487
0 28447 24 0 1788978083 724512
0 28452 30 0 1788978083 724644
0 28457 26 0 1788978083 724775
0 28469 25 0 1788978083 725081
0 28484 26 0 1788978083 725523
0 28489 29 0 1788978083 725683
0 28494 28 0 1788978083 725823
0 28522 28 0 1788978083 726607
0 28539 25 0 1788978083 727073
0 28541 25 0 1788978083 727124
0 28588 31 0 1788978083 728512
0 28655 27 0 1788978083 730466
0 28722 24 0 1788978083 732158
0 28751 27 0 1788978083 732951
0 28778 27 0 1788978083 733679
0 28786 27 0 1788978083 733898
0 28788 27 0 1788978083 733952
0 28821 24 0 1788978083 734838
0 28824 24 0 1788978083 734911
0 28825 24 0 1788978083 734936
0 28834 24 0 1788978083 735154
0 28857 25 0 1788978083 735733
0 28858 24 0 1788978083 735758
0 28859 27 0 1788978083 735786
0 28870 26 0 1788978083 736149
0 28878 26 0 1788978083 736365
0 28915 36 0 1788978083 737524
0 28939 29 0 1788978083 738255
0 28980 25 0 1788978083 739359
0 29026 31 0 1788978083 740620
0 29027 30 0 1788978083 740652
0 29035 25 0 1788978083 740867
0 29038 26 0 1788978083 740946
0 29042 25 0 1788978083 741050
0 29071 26 0 1788978083 741844
0 29096 24 0 1788978083 742460
0 29108 27 0 1788978083 742768
0 29115 24 0 1788978083 742954
0 29118 25 0 1788978083 743031
0 29128 26 0 1788978083 743287
0 29161 25 0 1788978083 744130
0 29192 25 0 1788978083 744915
0 29224 23 0 1788978083 745690
0 29247 23 0 1788978083 746253
0 29290 32 0 1788978083 747393
0 29325 28 0 1788978083 748503
0 29365 25 0 1788978083 749687
0 29367 25 0 1788978083 749741
0 29382 24 0 1788978083 750134
0 29456 31 0 1788978083 752383
0 29463 30 0 1788978083 752603
0 29542 27 0 1788978083 754830
0 29553 27 0 1788978083 755138
0 29596 25 0 1788978083 756310
0 29609 28 0 1788978083 756681
0 29619 25 0 1788978083 756939
0 29644 24 0 1788978083 757555
0 29678 25 0 1788978083 758438
0 29732 28 0 1788978083 759973
0 29751 29 0 1788978083 760541
0 29756 29 0 1788978083 760703
0 29760 29 0 1788978083 760821
0 29767 25 0 1788978083 761004
0 29792 29 0 1788978083 761655
0 29805 25 0 1788978083 761979
0 29837 25 0 1788978083 762786
0 29852 28 0 1788978083 763180
0 29858 27 0 1788978083 763341
0 29870 27 0 1788978083 763670
0 29876 26 0 1788978083 763827
0 29888 25 0 1788978083 764126
0 29910 25 0 1788978083 764695
0 29941 24 0 1788978083 765439
0 29958 23 0 1788978083 765863
0 29969 24 0 1788978083 766123
0 29979 24 0 1788978083 766359
0 29998 24 0 1788978083 766820
0 30044 24 0 1788978083 767943
0 30046 24 0 1788978083 767993
0 30064 24 0 1788978083 768435
0 30076 24 0 1788978083 768733
0 30098 26 0 1788978083 769301
0 30127 29 0 1788978083 770085
0 30132 26 0 1788978083 770217
0 30134 26 0 1788978083 770270
0 30144 26 0 1788978083 770530
0 30152 26 0 1788978083 770746
0 30193 26 0 1788978083 771841
0 30221 25 0 1788978083 772553
0 30222 25 0 1788978083 772579
0 30248 25 0 1788978083 773239
0 30270 24 0 1788978083 773781
0 30271 24 0 1788978083 773806
0 30289 25 0 1788978083 774258
0 30293 25 0 1788978083 774357
0 30294 25 0 1788978083 774382
0 30301 25 0 1788978083 774559
0 30337 25 0 1788978083 775552
0 30338 25 0 1788978083 775579
0 30345 30 0 1788978083 775813
0 30375 32 0 1788978083 776663
0 30388 25 0 1788978083 776989
0 30393 27 0 1788978083 777126
0 30397 27 0 1788978083 777233
0 30467 24 0 1788978083 779065
0 30483 24 0 1788978083 779492
0 30504 27 0 1788978083 780054
0 30511 32 0 1788978083 780252
0 30538 27 0 1788978083 781011
0 30539 27 0 1788978083 781040
0 30544 29 0 1788978083 781179
0 30552 28 0 1788978083 781461
0 30563 27 0 1788978083 781782
0 30573 31 0 1788978083 782050
0 30575 26 0 1788978083 782104
0 30602 25 0 1788978083 782876
0 30627 24 0 1788978083 783499
0 30651 24 0 1788978083 784205
0 30662 26 0 1788978083 784481
0 30692 26 0 1788978083 785263
0 30695 25 0 1788978083 785341
0 30765 24 0 1788978083 787139
0 30786 25 0 1788978083 787674
0 30811 24 0 1788978083 788287
0 30816 24 0 1788978083 788413
0 30857 25 0 1788978083 789465
0 30879 27 0 1788978083 790050
0 30897 28 0 1788978083 790582
0 30898 31 0 1788978083 790614
0 30929 26 0 1788978083 791450
0 30931 26 0 1788978083 791503
0 30970 25 0 1788978083 792518
0 30998 24 0 1788978083 793234
0 31028 26 0 1788978083 794000
0 31096 27 0 1788978083 795815
0 31100 24 0 1788978083 795914
0 31134 30 0 1788978083 796816
0 31207 23 0 1788978083 798713
0 31310 24 0 1788978083 801385
0 31361 24 0 1788978083 802601
0 31377 24 0 1788978083 803018
0 31395 25 0 1788978083 803494
0 31396 26 0 1788978083 803522
0 31433 25 0 1788978083 804528
0 31437 31 0 1788978083 804640
0 31442 25 0 1788978083 804764
0 31451 23 0 1788978083 804989
0 31453 24 0 1788978083 805038
0 31474 23 0 1788978083 805539
0 31511 25 0 1788978083 806447
0 31522 79 0 1788978083 806796
0 31546 33 0 1788978083 807727
0 31561 38 0 1788978083 808336
0 31562 38 0 1788978083 808376
0 31618 32 0 1788978083 810811
0 31666 79 0 1788978083 812416
0 31708 33 0 1788978083 814428
0 31739 38 0 1788978083 815881
0 31777 26 0 1788978083 817137
0 31782 33 0 1788978083 817326
0 31796 26 0 1788978083 817708
0 31811 26 0 1788978083 818099
0 31837 32 0 1788978083 818966
0 31844 31 0 1788978083 819196
0 31851 31 0 1788978083 819419
0 31877 23 0 1788978083 820187
0 31896 26 0 1788978083 820719
0 31941 28 0 1788978083 822035
0 31946 31 0 1788978083 822194
0 31983 45 0 1788978083 823629
0 31984 45 0 1788978083 823677
0 31989 30 0 1788978083 823852
0 32008 29 0 1788978083 824421
0 32013 30 0 1788978083 824569
0 32093 60 0 1788978083 827533
0 32101 66 0 1788978083 828039
0 32105 0 0 1788978083 828176
0 32135 36 0 1788978083 829550
0 32165 37 0 1788978083 830777
0 32213 27 0 1788978083 832295
0 32244 28 0 1788978083 833212
0 32268 31 0 1788978083 833947
0 32324 39 0 1788978083 835821
0 32332 39 0 1788978083 836144
0 32333 40 0 1788978083 836185
0 32344 46 0 1788978083 836726
0 32364 38 0 1788978083 837528
0 32374 70 0 1788978083 837946
0 32383 43 0 1788978083 838262
0 32405 39 0 1788978083 838890
0 32408 35 0 1788978083 838995
0 32444 30 0 1788978083 840249
0 32452 32 0 1788978083 840501
0 32453 32 0 1788978083 840534
0 32468 27 0 1788978083 841024
0 32498 30 0 1788978083 841953
0 32532 37 0 1788978083 843213
0 32560 32 0 1788978083 844233
0 32563 32 0 1788978083 844338
0 32572 62 0 1788978083 844655
0 32632 29 0 1788978083 846547
0 32644 26 0 1788978083 846885
0 32651 26 0 1788978083 847069
0 32656 26 0 1788978083 847200
0 32666 27 0 1788978083 847521
0 32710 23 0 1788978083 848596
0 32713 24 0 1788978083 848673
0 32716 24 0 1788978083 848746
0 32718 25 0 1788978083 848796
0 32719 25 0 1788978083 848821
0 32723 24 0 1788978083 848919
0 32725 25 0 1788978083 848969
0 32732 26 0 1788978083 849144
0 32745 24 0 1788978083 849465
0 32759 24 0 1788978083 849819
0 32760 26 0 1788978083 849846
0 32816 26 0 1788978083 851372
0 32826 31 0 1788978083 851637
0 32829 27 0 1788978083 851717
0 32842 26 0 1788978083 852068
0 32846 26 0 1788978083 852173
0 32847 26 0 1788978083 852200
0 32861 25 0 1788978083 852566
0 32864 28 0 1788978083 852665
0 32909 25 0 1788978083 853936
0 32924 37 0 1788978083 854494
0 32926 30 0 1788978083 854568
0 32950 71 0 1788978083 855644
0 32957 32 0 1788978083 855916
0 32967 31 0 1788978083 856230
0 33001 27 0 1788978083 857319
0 33006 31 0 1788978083 857459
0 33036 41 0 1788978083 858776
0 33055 78 0 1788978083 859730
0 33058 44 0 1788978083 859877
0 33079 54 0 1788978083 861027
0 33108 25 0 1788978083 862143
0 33161 41 0 1788978083 864131
0 33168 43 0 1788978083 864425
0 33174 28 0 1788978083 864607
0 33231 72 0 1788978083 866658
0 33326 61 0 1788978083 871453
0 33339 35 0 1788978083 872106
0 33351 43 0 1788978083 872590
0 33354 40 0 1788978083 872723
0 33356 40 0 1788978083 872806
0 33360 40 0 1788978083 872974
0 33365 46 0 1788978083 873223
0 33432 30 0 1788978083 876577
0 33436 29 0 1788978083 876724
0 33519 25 0 1788978083 879270
0 33526 138 0 1788978083 879639
0 33529 65 0 1788978083 879845
0 33533 44 0 1788978083 880051
0 33553 42 0 1788978083 880916
0 33556 38 0 1788978083 881033
0 33578 27 0 1788978083 881786
0 33581 27 0 1788978083 881870
0 33590 28 0 1788978083 882119
0 33641 23 0 1788978083 883451
0 33648 32 0 1788978083 883651
0 33657 25 0 1788978083 883955
0 33681 24 0 1788978083 884552
0 33689 27 0 1788978083 884784
0 33759 37 0 1788978083 886624
0 33779 24 0 1788978083 887121
0 33828 28 0 1788978083 888565
0 33854 25 0 1788978083 889267
0 33925 39 0 1788978083 891269
0 33935 27 0 1788978083 891594
0 34039 24 0 1788978083 894695
0 34075 25 0 1788978083 895595
0 34101 25 0 1788978083 896284
0 34144 25 0 1788978083 897377
0 34154 30 0 1788978083 897630
0 34226 23 0 1788978083 899380
0 34244 23 0 1788978083 899816
0 34274 25 0 1788978083 900604
0 34283 25 0 1788978083 900852
0 34285 26 0 1788978083 900904
0 34332 28 0 1788978083 902103
0 34363 27 0 1788978083 902991
0 34379 26 0 1788978083 903403
0 34415 25 0 1788978083 904323
0 34430 24 0 1788978083 904736
0 34442 24 0 1788978083 905034
0 34449 25 0 1788978083 905208
0 34467 26 0 1788978083 905663
0 34476 25 0 1788978083 905886
0 34484 24 0 1788978083 906084
0 34524 24 0 1788978083 907088
0 34537 24 0 1788978083 907405
0 34551 32 0 1788978083 907823
0 34576 29 0 1788978083 908472
0 34649 24 0 1788978083 910475
0 34656 26 0 1788978083 910656
0 34675 24 0 1788978083 911123
0 34695 27 0 1788978083 911667
0 34697 24 0 1788978083 911718
0 34728 39 0 1788978083 912481
0 34739 26 0 1788978083 912799
0 34757 27 0 1788978083 913272
0 34777 27 0 1788978083 913839
0 34779 27 0 1788978083 913895
0 34787 27 0 1788978083 914115
0 34790 26 0 1788978083 914199
0 34816 26 0 1788978083 914885
0 34822 26 0 1788978083 915043
0 34847 25 0 1788978083 915655
0 34893 32 0 1788978083 916830
0 34910 25 0 1788978083 917316
0 34915 25 0 1788978083 917444
0 34919 24 0 1788978083 917545
0 34968 26 0 1788978083 918817
0 34986 24 0 1788978083 919264
0 35045 25 0 1788978083 920790
0 35065 27 0 1788978083 921326
0 35108 25 0 1788978083 922432
0 35143 24 0 1788978083 923291
0 35153 33 0 1788978083 923563
0 35167 38 0 1788978083 923990
0 35185 36 0 1788978083 924613
0 35193 35 0 1788978083 924908
0 35201 28 0 1788978083 925184
0 35205 28 0 1788978083 925301
0 35206 28 0 1788978083 925330
0 35212 28 0 1788978083 925499
0 35269 25 0 1788978083 927116
0 35290 28 0 1788978083 927665
0 35296 25 0 1788978083 927832
0 35306 24 0 1788978083 928080
0 35313 25 0 1788978083 928254
0 35343 24 0 1788978083 929072
0 35391 26 0 1788978083 930316
0 35400 27 0 1788978083 930556
0 35445 25 0 1788978083 931704
0 35466 24 0 1788978083 932236
0 35481 23 0 1788978083 932596
0 35506 25 0 1788978083 933214
0 35514 25 0 1788978083 933413
0 35526 25 0 1788978083 933725
0 35542 24 0 1788978083 934124
0 35601 77 0 1788978083 936265
0 35619 44 0 1788978083 937167
0 35698 27 0 1788978083 939797
0 35699 27 0 1788978083 939827
0 35708 27 0 1788978083 940076
0 35758 25 0 1788978083 941385
0 35818 25 0 1788978083 942913
0 35845 24 0 1788978083 943579
0 35849 25 0 1788978083 943695
0 35853 33 0 1788978083 943807
0 35854 31 0 1788978083 943839
0 35872 95 0 1788978083 944355
0 35873 29 0 1788978083 944385
0 35877 25 0 1788978083 944489
0 35895 24 0 1788978083 944946
0 35912 24 0 1788978083 945359
0 35948 27 0 1788978083 946311
0 35986 26 0 1788978083 947318
0 36009 25 0 1788978083 947918
0 36015 27 0 1788978083 948070
0 36017 25 0 1788978083 948122
0 36025 25 0 1788978083 948325
0 36035 28 0 1788978083 948616
0 36074 29 0 1788978083 949654
0 36092 35 0 1788978083 950305
0 36095 31 0 1788978083 950408
0 36116 28 0 1788978083 951023
0 36125 27 0 1788978083 951276
0 36130 34 0 1788978083 951423
0 36134 30 0 1788978083 951549
0 36152 26 0 1788978083 952059
0 36177 25 0 1788978083 952732
0 36192 25 0 1788978083 953103
0 36204 25 0 1788978083 953400
0 36235 24 0 1788978083 954218
0 36266 26 0 1788978083 955106
0 36299 30 0 1788978083 956072
0 36310 28 0 1788978083 956384
0 36315 28 0 1788978083 956526
0 36350 29 0 1788978083 957556
0 36423 25 0 1788978083 959553
0 36440 39 0 1788978083 960114
0 36442 34 0 1788978083 960184
0 36462 28 0 1788978083 960864
0 36463 32 0 1788978083 960897
0 36468 28 0 1788978083 961041
0 36475 28 0 1788978083 961238
0 36485 28 0 1788978083 961526
0 36547 25 0 1788978083 963108
0 36550 25 0 1788978083 963185
0 36552 25 0 1788978083 963236
0 36562 26 0 1788978083 963497
0 36609 24 0 1788978083 964772
0 36616 23 0 1788978083 964938
0 36634 29 0 1788978083 965412
0 36671 27 0 1788978083 966444
0 36690 25 0 1788978083 966978
0 36724 25 0 1788978083 967840
0 36753 29 0 1788978083 968616
0 36788 26 0 1788978083 969528
0 36830 31 0 1788978083 970630
0 36840 27 0 1788978083 970890
0 36849 24 0 1788978083 971108
0 36863 25 0 1788978083 971460
0 36887 25 0 1788978083 972074
0 36888 25 0 1788978083 972100
0 36929 25 0 1788978083 973159
0 36932 25 0 1788978083 973236
0 36971 24 0 1788978083 974218
0 36981 25 0 1788978083 974468
0 37041 24 0 1788978083 975940
0 37047 27 0 1788978083 976089
0 37064 24 0 1788978083 976502
0 37075 24 0 1788978083 976779
0 37077 24 0 1788978083 976828
0 37083 23 0 1788978083 976972
0 37126 23 0 1788978083 978028
0 37166 23 0 1788978083 979014
0 37167 24 0 1788978083 979039
0 37189 26 0 1788978083 979573
0 37216 30 0 1788978083 980308
0 37267 27 0 1788978083 981673
0 37281 25 0 1788978083 982100
0 37292 25 0 1788978083 982384
0 37318 29 0 1788978083 983078
0 37323 30 0 1788978083 983224
0 37352 25 0 1788978083 984078
0 37360 25 0 1788978083 984282
0 37365 25 0 1788978083 984411
0 37374 27 0 1788978083 984661
0 37388 24 0 1788978083 985005
0 37391 24 0 1788978083 985078
0 37405 24 0 1788978083 985418
0 37408 26 0 1788978083 985499
0 37419 24 0 1788978083 985783
0 37444 24 0 1788978083 986387
0 37446 24 0 1788978083 986436
0 37457 26 0 1788978083 986717
0 37481 24 0 1788978083 987297
0 37483 23 0 1788978083 987345
0 37493 23 0 1788978083 987583
0 37501 30 0 1788978083 987802
0 37553 27 0 1788978083 989231
0 37556 26 0 1788978083 989315
0 37591 25 0 1788978083 990210
0 37616 25 0 1788978083 990857
0 37662 26 0 1788978083 992065
0 37679 26 0 1788978083 992517
0 37693 26 0 1788978083 992895
0 37716 24 0 1788978083 993529
0 37736 25 0 1788978083 994056
0 37755 25 0 1788978083 994533
0 37788 25 0 1788978083 995384
0 37793 26 0 1788978083 995512
0 37797 40 0 1788978083 995628
0 37803 26 0 1788978083 995795
0 37831 24 0 1788978083 996515
0 37840 24 0 1788978083 996748
0 37842 25 0 1788978083 996799
0 37851 25 0 1788978083 997021
0 37861 25 0 1788978083 997278
0 37879 24 0 1788978083 997720
0 37904 24 0 1788978083 998351
0 37909 24 0 1788978083 998474
0 37934 24 0 1788978083 999121
0 37936 24 0 1788978083 999171
0 37939 27 0 1788978083 999260
0 37975 25 0 1788978084 226
0 37981 26 0 1788978084 389
0 37999 26 0 1788978084 953
0 38071 27 0 1788978084 2946
0 38103 24 0 1788978084 3833
0 38118 25 0 1788978084 4209
0 38141 29 0 1788978084 4824
0 38142 28 0 1788978084 4853
0 38164 28 0 1788978084 5501
0 38171 34 0 1788978084 5721
0 38178 30 0 1788978084 5972
0 38185 26 0 1788978084 6159
0 38193 32 0 1788978084 6401
0 38195 28 0 1788978084 6461
0 38249 42 0 1788978084 8367
0 38268 37 0 1788978084 9154
0 38308 31 0 1788978084 10541
0 38337 31 0 1788978084 11464
0 38366 32 0 1788978084 12402
0 38369 39 0 1788978084 12533
0 38386 23 0 1788978084 12948
0 38429 25 0 1788978084 13963
0 38458 24 0 1788978084 14687
0 38459 25 0 1788978084 14713
0 38505 24 0 1788978084 15837
0 38513 23 0 1788978084 16025
0 38515 23 0 1788978084 16072
0 38528 32 0 1788978084 16410
0 38534 32 0 1788978084 16605
0 38560 36 0 1788978084 17507
0 38584 31 0 1788978084 18315
0 38585 31 0 1788978084 18348
0 38607 23 0 1788978084 19012
0 38657 25 0 1788978084 20231
0 38722 26 0 1788978084 22042
0 38723 27 0 1788978084 22071
0 38727 25 0 1788978084 22175
0 38728 26 0 1788978084 22202
0 38738 29 0 1788978084 22466
0 38743 26 0 1788978084 22600
0 38744 43 0 1788978084 22644
0 38746 27 0 1788978084 22702
0 38748 26 0 1788978084 22755
0 38761 24 0 1788978084 23078
0 38769 23 0 1788978084 23272
0 38787 23 0 1788978084 23711
0 38808 24 0 1788978084 24206
0 38825 31 0 1788978084 24620
0 38854 23 0 1788978084 25316
0 38870 26 0 1788978084 25723
0 38924 24 0 1788978084 27078
0 38929 25 0 1788978084 27205
0 39037 24 0 1788978084 30552
0 39062 23 0 1788978084 31159
0 39097 34 0 1788978084 32403
0 39155 31 0 1788978084 34296
0 39175 31 0 1788978084 34936
0 39179 31 0 1788978084 35063
0 39197 29 0 1788978084 35615
0 39200 23 0 1788978084 35692
0 39215 23 0 1788978084 36041
0 39231 23 0 1788978084 36412
0 39237 23 0 1788978084 36552
0 39238 92 0 1788978084 36644
0 39268 23 0 1788978084 37387
0 39326 24 0 1788978084 38927
0 39343 27 0 1788978084 39376
0 39348 23 0 1788978084 39497
0 39395 27 0 1788978084 40658
0 39413 26 0 1788978084 41122
0 39443 25 0 1788978084 41921
0 39562 24 0 1788978084 44930
0 39603 25 0 1788978084 45917
0 39656 24 0 1788978084 47226
0 39670 24 0 1788978084 47568
0 39696 23 0 1788978084 48197
0 39709 23 0 1788978084 48500
0 39730 23 0 1788978084 49046
0 39732 23 0 1788978084 49093
0 39775 30 0 1788978084 50238
0 39776 26 0 1788978084 50267
0 39781 26 0 1788978084 50402
0 39815 33 0 1788978084 51405
0 39849 27 0 1788978084 52433
0 39852 26 0 1788978084 52514
0 39863 26 0 1788978084 52851
0 39895 28 0 1788978084 53757
0 39899 28 0 1788978084 53871
0 39924 29 0 1788978084 54545
0 39930 23 0 1788978084 54695
0 39952 26 0 1788978084 55221
0 40025 25 0 1788978084 56975
0 40065 24 0 1788978084 57959
0 40119 30 0 1788978084 59259
0 40129 30 0 1788978084 59550
0 40154 24 0 1788978084 60284
0 40156 25 0 1788978084 60335
0 40199 28 0 1788978084 61542
0 40216 25 0 1788978084 62068
0 40236 24 0 1788978084 62562
0 40246 25 0 1788978084 62829
0 40257 24 0 1788978084 63098
0 40271 24 0 1788978084 63451
0 40277 24 0 1788978084 63596
0 40305 24 0 1788978084 64289
0 40338 24 0 1788978084 65100
0 40364 24 0 1788978084 65743
0 40435 31 0 1788978084 67828
0 40461 23 0 1788978084 68591
0 40496 23 0 1788978084 69422
0 40498 24 0 1788978084 69470
0 40500 23 0 1788978084 69517
0 40551 23 0 1788978084 70725
0 40554 23 0 1788978084 70795
0 40563 23 0 1788978084 71003
0 40596 23 0 1788978084 71794
0 40611 23 0 1788978084 72146
0 40646 24 0 1788978084 73046
0 40672 25 0 1788978084 73725
0 40705 25 0 1788978084 74555
0 40713 32 0 1788978084 74801
0 40736 32 0 1788978084 75530
0 40738 31 0 1788978084 75594
0 40780 31 0 1788978084 76937
0 40895 32 0 1788978084 80607
0 40951 31 0 1788978084 82390
0 41032 23 0 1788978084 84436
0 41068 23 0 1788978084 85285
0 41070 23 0 1788978084 85332
0 41084 33 0 1788978084 85814
0 41085 32 0 1788978084 85848
0 41091 35 0 1788978084 86059
0 41099 34 0 1788978084 86334
0 41111 35 0 1788978084 86877
0 41123 45 0 1788978084 87347
0 41140 40 0 1788978084 88110
0 41141 41 0 1788978084 88154
0 41170 43 0 1788978084 89172
0 41175 30 0 1788978084 89329
0 41181 39 0 1788978084 89528
0 41194 32 0 1788978084 89991
0 41210 47 0 1788978084 90761
0 41211 48 0 1788978084 90813
0 41217 55 0 1788978084 91133
0 41234 53 0 1788978084 92037
0 41245 36 0 1788978084 92462
0 41251 47 0 1788978084 92724
0 41268 40 0 1788978084 93404
0 41284 31 0 1788978084 94058
0 41345 50 0 1788978084 96879
0 41383 34 0 1788978084 98902
0 41425 39 0 1788978084 100488
0 41428 38 0 1788978084 100609
0 41472 35 0 1788978084 102521
0 41474 42 0 1788978084 102603
0 41494 57 0 1788978084 104005
0 41498 43 0 1788978084 104198
0 41552 91 0 1788978084 107631
0 41571 63 0 1788978084 109447
0 41611 51 0 1788978084 111726
0 41619 49 0 1788978084 112108
0 41631 60 0 1788978084 112652
0 41634 41 0 1788978084 112783
0 41704 55 0 1788978084 116656
0 41716 35 0 1788978084 117156
0 41732 50 0 1788978084 117843
0 41748 33 0 1788978084 118380
0 41752 47 0 1788978084 118534
0 41767 50 0 1788978084 119454
0 41823 51 0 1788978084 122185
0 41828 48 0 1788978084 122426
0 41867 69 0 1788978084 124720
0 41876 93 0 1788978084 125579
0 41914 127 0 1788978084 129798
0 41938 50 0 1788978084 132156
0 42030 32 0 1788978084 137013
0 42059 26 0 1788978084 137853
0 42093 27 0 1788978084 138847
0 42140 39 0 1788978084 141190
0 42146 39 0 1788978084 141460
0 42155 49 0 1788978084 141859
0 42173 32 0 1788978084 142597
0 42197 42 0 1788978084 143355
0 42226 30 0 1788978084 144205
0 42236 36 0 1788978084 144508
0 42262 24 0 1788978084 145225
0 42275 24 0 1788978084 145539
0 42297 27 0 1788978084 146106
0 42299 25 0 1788978084 146157
0 42310 25 0 1788978084 146434
0 42337 26 0 1788978084 147142
0 42389 32 0 1788978084 148582
0 42424 35 0 1788978084 149625
0 42434 25 0 1788978084 149883
0 42438 31 0 1788978084 149990
0 42439 30 0 1788978084 150021
0 42463 27 0 1788978084 150734
0 42480 25 0 1788978084 151206
0 42484 26 0 1788978084 151311
0 42502 25 0 1788978084 151796
0 42509 26 0 1788978084 151983
0 42511 26 0 1788978084 152064
0 42558 25 0 1788978084 153289
0 42562 25 0 1788978084 153388
0 42580 24 0 1788978084 153838
0 42594 31 0 1788978084 154212
0 42605 26 0 1788978084 154525
0 42614 35 0 1788978084 154801
0 42616 34 0 1788978084 154870
0 42669 32 0 1788978084 156585
0 42698 52 0 1788978084 157812
0 42705 36 0 1788978084 158077
0 42714 40 0 1788978084 158421
0 42726 64 0 1788978084 158953
0 42755 55 0 1788978084 160137
0 42796 63 0 1788978084 162586
0 42813 29 0 1788978084 163212
0 42817 30 0 1788978084 163337
0 42848 52 0 1788978084 164749
0 42859 44 0 1788978084 165158
0 42874 33 0 1788978084 165678
0 42879 32 0 1788978084 165840
0 42926 23 0 1788978084 167216
0 42930 27 0 1788978084 167315
0 42939 24 0 1788978084 167528
0 42940 24 0 1788978084 167552
0 42962 23 0 1788978084 168099
0 42988 34 0 1788978084 169029
0 42998 35 0 1788978084 169386
0 43003 28 0 1788978084 169570
0 43012 31 0 1788978084 169855
0 43022 28 0 1788978084 170168
0 43023 28 0 1788978084 170199
0 43035 28 0 1788978084 170541
0 43044 28 0 1788978084 170817
0 43045 29 0 1788978084 170847
0 43065 109 0 1788978084 171849
0 43074 33 0 1788978084 172369
0 43076 33 0 1788978084 172439
0 43085 37 0 1788978084 172755
0 43086 53 0 1788978084 172809
0 43112 30 0 1788978084 173765
0 43155 36 0 1788978084 175367
0 43167 39 0 1788978084 175792
0 43173 33 0 1788978084 176024
0 43196 30 0 1788978084 176788
0 43199 37 0 1788978084 176900
0 43204 29 0 1788978084 177057
0 43205 29 0 1788978084 177086
0 43206 29 0 1788978084 177115
0 43224 34 0 1788978084 177639
0 43274 40 0 1788978084 179055
0 43295 30 0 1788978084 179806
0 43329 26 0 1788978084 180835
0 43386 25 0 1788978084 182344
0 43395 26 0 1788978084 182574
0 43427 30 0 1788978084 183485
0 43481 27 0 1788978084 185083
0 43492 27 0 1788978084 185385
0 43506 34 0 1788978084 185838
0 43509 30 0 1788978084 185949
0 43512 74 0 1788978084 186079
0 43516 33 0 1788978084 186232
0 43521 34 0 1788978084 186404
0 43540 44 0 1788978084 187154
0 43589 49 0 1788978084 189563
0 43620 36 0 1788978084 190867
0 43646 27 0 1788978084 191821
0 43648 31 0 1788978084 191888
0 43669 26 0 1788978084 192576
0 43686 26 0 1788978084 193044
0 43767 26 0 1788978084 195331
0 43769 25 0 1788978084 195385
0 43771 26 0 1788978084 195438
0 43800 32 0 1788978084 196212
0 43812 24 0 1788978084 196520
0 43815 25 0 1788978084 196596
0 43866 26 0 1788978084 197930
0 43871 26 0 1788978084 198058
0 43904 29 0 1788978084 198923
0 43934 26 0 1788978084 199855
0 43951 24 0 1788978084 200275
0 44019 26 0 1788978084 202126
0 44030 28 0 1788978084 202441
0 44032 28 0 1788978084 202498
0 44035 28 0 1788978084 202587
0 44058 29 0 1788978084 203253
0 44063 26 0 1788978084 203392
0 44071 29 0 1788978084 203604
0 44130 25 0 1788978084 205156
0 44157 28 0 1788978084 205992
0 44173 32 0 1788978084 206460
0 44179 36 0 1788978084 206681
0 44201 27 0 1788978084 207459
0 44203 30 0 1788978084 207520
0 44280 41 0 1788978084 210117
0 44318 62 0 1788978084 211660
0 44328 47 0 1788978084 212101
0 44333 45 0 1788978084 212322
0 44350 43 0 1788978084 213107
0 44377 34 0 1788978084 214249
0 44386 42 0 1788978084 214586
0 44419 42 0 1788978084 215994
0 44435 45 0 1788978084 216689
0 44436 42 0 1788978084 216732
0 44459 37 0 1788978084 217549
0 44468 34 0 1788978084 217886
0 44475 34 0 1788978084 218131
0 44505 36 0 1788978084 219204
0 44518 38 0 1788978084 219688
0 44533 37 0 1788978084 220230
0 44576 39 0 1788978084 221888
0 44578 36 0 1788978084 221965
0 44582 35 0 1788978084 222115
0 44604 62 0 1788978084 223228
0 44619 59 0 1788978084 224220
0 44637 42 0 1788978084 225124
0 44640 43 0 1788978084 225259
0 44663 51 0 1788978084 226315
0 44665 49 0 1788978084 226420
0 44670 41 0 1788978084 226619
0 44679 39 0 1788978084 227023
0 44684 52 0 1788978084 227346
0 44686 50 0 1788978084 227444
0 44688 41 0 1788978084 227547
0 44697 30 0 1788978084 227875
0 44698 29 0 1788978084 227906
0 44718 30 0 1788978084 228510
0 44778 32 0 1788978084 230477
0 44780 33 0 1788978084 230545
0 44794 31 0 1788978084 231012
0 44823 32 0 1788978084 231936
0 44842 34 0 1788978084 232573
0 44847 34 0 1788978084 232780
0 44856 34 0 1788978084 233088
0 44874 34 0 1788978084 233715
0 44880 35 0 1788978084 233924
0 44894 23 0 1788978084 235136
0 44903 110 0 1788978084 235434
0 44905 34 0 1788978084 235520
0 44906 24 0 1788978084 235545
0 44944 39 0 1788978084 237130
0 44972 31 0 1788978084 238329
0 44989 76 0 1788978084 239101
0 44991 35 0 1788978084 239182
0 45031 46 0 1788978084 240973
0 45088 41 0 1788978084 243809
0 45137 51 0 1788978084 245693
0 45142 37 0 1788978084 245881
0 45152 25 0 1788978084 246203
0 45153 26 0 1788978084 246231
0 45162 25 0 1788978084 246461
0 45190 29 0 1788978084 247256
0 45192 28 0 1788978084 247313
0 45231 24 0 1788978084 248542
0 45270 27 0 1788978084 249794
0 45271 33 0 1788978084 249829
0 45273 28 0 1788978084 249887
0 45281 26 0 1788978084 250106
0 45291 30 0 1788978084 250386
0 45304 58 0 1788978084 251051
0 45310 45 0 1788978084 251318
0 45312 40 0 1788978084 251404
0 45341 39 0 1788978084 252359
0 45358 25 0 1788978084 252899
0 45388 25 0 1788978084 253699
0 45446 40 0 1788978084 255313
0 45469 31 0 1788978084 256144
0 45472 32 0 1788978084 256241
0 45481 31 0 1788978084 256531
0 45533 25 0 1788978084 258051
0 45542 24 0 1788978084 258291
0 45596 40 0 1788978084 259755
0 45599 34 0 1788978084 259862
0 45603 35 0 1788978084 260002
0 45637 28 0 1788978084 261184
0 45697 44 0 1788978084 262962
0 45720 39 0 1788978084 263801
0 45722 35 0 1788978084 263877
0 45730 29 0 1788978084 264116
0 45747 44 0 1788978084 264889
0 45748 44 0 1788978084 264936
0 45777 29 0 1788978084 265840
0 45793 27 0 1788978084 266284
0 45812 23 0 1788978084 266765
0 45831 25 0 1788978084 267212
0 45835 23 0 1788978084 267306
0 45847 29 0 1788978084 267596
0 45857 24 0 1788978084 267849
0 45880 26 0 1788978084 268406
0 45884 25 0 1788978084 268507
0 45885 25 0 1788978084 268533
0 45887 25 0 1788978084 268584
0 45926 23 0 1788978084 269587
0 45948 24 0 1788978084 270126
0 45978 24 0 1788978084 270856
0 45985 24 0 1788978084 271026
0 45990 24 0 1788978084 271150
0 46003 24 0 1788978084 271468
0 46032 24 0 1788978084 272275
0 46045 29 0 1788978084 272673
0 46065 23 0 1788978084 273158
0 46074 24 0 1788978084 273374
0 46132 24 0 1788978084 274820
0 46134 24 0 1788978084 274871
0 46151 25 0 1788978084 275286
0 46168 23 0 1788978084 275695
0 46169 23 0 1788978084 275719
0 46176 23 0 1788978084 275882
0 46188 23 0 1788978084 276160
0 46230 23 0 1788978084 277154
0 46260 24 0 1788978084 277965
0 46296 30 0 1788978084 278929
0 46299 30 0 1788978084 279020
0 46302 29 0 1788978084 279110
0 46346 26 0 1788978084 280392
0 46372 25 0 1788978084 281049
0 46378 23 0 1788978084 281208
0 46398 23 0 1788978084 281685
0 46399 23 0 1788978084 281709
0 46407 26 0 1788978084 281919
0 46415 26 0 1788978084 282131
0 46440 25 0 1788978084 282783
0 46446 25 0 1788978084 282935
0 46470 25 0 1788978084 283554
0 46473 37 0 1788978084 283639
0 46498 23 0 1788978084 284236
0 46523 23 0 1788978084 284873
0 46528 23 0 1788978084 284991
0 46546 23 0 1788978084 285414
0 46557 24 0 1788978084 285698
0 46579 24 0 1788978084 286235
0 46606 23 0 1788978084 286922
0 46613 24 0 1788978084 287089
0 46616 23 0 1788978084 287159
0 46642 35 0 1788978084 287989
0 46657 27 0 1788978084 288484
0 46719 24 0 1788978084 290222
0 46729 24 0 1788978084 290472
0 46754 32 0 1788978084 291148
0 46782 33 0 1788978084 292154
0 46787 32 0 1788978084 292323
0 46791 33 0 1788978084 292461
0 46830 30 0 1788978084 293780
0 46847 23 0 1788978084 294237
0 46863 27 0 1788978084 294618
0 46864 28 0 1788978084 294647
0 46888 23 0 1788978084 295249
0 46904 32 0 1788978084 295631
0 46953 24 0 1788978084 297007
0 46967 34 0 1788978084 297392
0 47004 28 0 1788978084 298648
0 47029 23 0 1788978084 299295
0 47031 24 0 1788978084 299343
0 47052 23 0 1788978084 299844
0 47069 30 0 1788978084 300248
0 47087 24 0 1788978084 300702
0 47093 26 0 1788978084 300856
0 47143 25 0 1788978084 302227
0 47146 24 0 1788978084 302304
0 47148 24 0 1788978084 302354
0 47154 26 0 1788978084 302552
0 47166 25 0 1788978084 302875
0 47170 24 0 1788978084 302980
0 47178 25 0 1788978084 303179
0 47183 25 0 1788978084 303331
0 47189 29 0 1788978084 303485
0 47216 24 0 1788978084 304169
0 47271 25 0 1788978084 305593
0 47284 24 0 1788978084 305933
0 47289 24 0 1788978084 306057
0 47298 25 0 1788978084 306280
0 47310 32 0 1788978084 306632
0 47319 25 0 1788978084 306868
0 47321 26 0 1788978084 306921
0 47346 25 0 1788978084 307561
0 47350 32 0 1788978084 307683
0 47415 24 0 1788978084 309255
0 47443 26 0 1788978084 310173
0 47461 29 0 1788978084 310664
0 47469 27 0 1788978084 310879
0 47487 25 0 1788978084 311336
0 47490 25 0 1788978084 311413
0 47521 22 0 1788978084 312181
0 47524 24 0 1788978084 312262
0 47549 23 0 1788978084 312853
0 47579 23 0 1788978084 313565
0 47607 31 0 1788978084 314294
0 47611 27 0 1788978084 314419
0 47622 25 0 1788978084 314712
0 47630 28 0 1788978084 315174
0 47631 27 0 1788978084 315203
0 47638 69 0 1788978084 315436
0 47658 45 0 1788978084 316130
0 47665 35 0 1788978084 316445
0 47714 35 0 1788978084 318389
0 47738 26 0 1788978084 319081
0 47756 26 0 1788978084 319556
0 47758 25 0 1788978084 319607
0 47837 23 0 1788978084 321542
0 47845 24 0 1788978084 321740
0 47882 28 0 1788978084 322652
0 47887 24 0 1788978084 322774
0 47900 23 0 1788978084 323094
0 47909 24 0 1788978084 323312
0 47914 24 0 1788978084 323434
0 47955 24 0 1788978084 324416
0 48006 24 0 1788978084 325712
0 48060 24 0 1788978084 327053
0 48070 28 0 1788978084 327301
0 48076 23 0 1788978084 327446
0 48089 29 0 1788978084 327780
0 48093 26 0 1788978084 327884
0 48107 23 0 1788978084 328248
0 48115 23 0 1788978084 328438
0 48118 23 0 1788978084 328510
0 48128 24 0 1788978084 328786
0 48152 32 0 1788978084 329408
0 48182 25 0 1788978084 330169
0 48192 25 0 1788978084 330416
0 48201 26 0 1788978084 330643
0 48204 25 0 1788978084 330719
0 48250 34 0 1788978084 332262
0 48254 24 0 1788978084 332367
0 48269 24 0 1788978084 332769
0 48270 34 0 1788978084 332806
0 48296 47 0 1788978084 334217
0 48328 29 0 1788978084 335551
0 48389 44 0 1788978084 337481
0 48402 43 0 1788978084 338107
0 48403 61 0 1788978084 338171
0 48416 45 0 1788978084 338787
0 48441 90 0 1788978084 340719
0 48449 48 0 1788978084 341260
0 48450 112 0 1788978084 341378
0 48473 97 0 1788978084 343004
0 48485 97 0 1788978084 343718
0 48498 56 0 1788978084 344462
0 48499 57 0 1788978084 344523
0 48511 64 0 1788978084 345394
0 48543 65 0 1788978084 347516
0 48552 74 0 1788978084 348084
0 48555 64 0 1788978084 348311
0 48568 91 0 1788978084 349187
0 48581 61 0 1788978084 350114
0 48593 60 0 1788978084 350883
0 48606 58 0 1788978084 351737
0 48620 58 0 1788978084 354360
0 48621 101 0 1788978084 354468
0 48703 0 0 1788978084 360624
0 48727 50 0 1788978084 362366
0 48734 61 0 1788978084 362837
0 48780 66 0 1788978084 365738
0 48799 62 0 1788978084 367003
0 48812 71 0 1788978084 367885
0 48828 55 0 1788978084 368869
0 48850 59 0 1788978084 370190
0 48855 60 0 1788978084 370491
0 48874 67 0 1788978084 371657
0 48882 62 0 1788978084 372147
0 48888 61 0 1788978084 372521
0 48898 60 0 1788978084 373156
0 48900 79 0 1788978084 373308
0 48904 59 0 1788978084 373545
0 48920 54 0 1788978084 374481
0 48948 74 0 1788978084 376475
0 48959 62 0 1788978084 377161
0 48998 57 0 1788978084 379881
0 49013 64 0 1788978084 380726
0 49035 56 0 1788978084 381988
0 49051 55 0 1788978084 382923
0 49053 56 0 1788978084 383039
0 49056 94 0 1788978084 383270
0 49061 63 0 1788978084 383579
0 49064 57 0 1788978084 383804
0 49086 57 0 1788978084 385093
0 49114 62 0 1788978084 386820
0 49118 60 0 1788978084 387072
0 49125 62 0 1788978084 387505
0 49130 58 0 1788978084 387828
0 49171 49 0 1788978084 390175
0 49173 50 0 1788978084 390283
0 49177 52 0 1788978084 390487
0 49237 58 0 1788978084 393923
0 49242 54 0 1788978084 394211
0 49248 59 0 1788978084 394553
0 49250 55 0 1788978084 394676
0 49251 77 0 1788978084 394755
0 49291 63 0 1788978084 397425
0 49312 110 0 1788978084 398693
0 49345 57 0 1788978084 400734
0 49403 58 0 1788978084 404470
0 49404 103 0 1788978084 404580
0 49427 58 0 1788978084 406016
0 49460 64 0 1788978084 408068
0 49514 61 0 1788978084 411824
0 49542 75 0 1788978084 413630
0 49545 0 0 1788978084 413886
0 49547 64 0 1788978084 414025
0 49622 59 0 1788978084 418743
0 49631 61 0 1788978084 419290
0 49647 71 0 1788978084 420950
0 49692 60 0 1788978084 424948
0 49741 86 0 1788978084 428757
0 49793 58 0 1788978084 432384
0 49825 106 0 1788978084 434846
0 49829 74 0 1788978084 435164
0 49840 63 0 1788978084 435995
0 49849 66 0 1788978084 436595
0 49866 74 0 1788978084 437844
0 49884 96 0 1788978084 439355
0 49887 63 0 1788978084 439569
0 49890 57 0 1788978084 439761
0 49931 62 0 1788978084 443130
0 49945 61 0 1788978084 444040
0 49983 0 0 1788978084 447290
0 49991 61 0 1788978084 448005
0 49992 72 0 1788978084 448084
0 49995 87 0 1788978084 448313
0 50032 63 0 1788978084 451374
0 50039 94 0 1788978084 452006
0 50045 59 0 1788978084 452449
0 50046 70 0 1788978084 452523
0 50084 56 0 1788978084 455439
0 50092 189 0 1788978084 456866
0 50094 71 0 1788978084 457090
0 50098 62 0 1788978084 457346
0 50117 81 0 1788978084 458662
0 50121 73 0 1788978084 458961
0 50122 73 0 1788978084 459038
0 50138 71 0 1788978084 460196
0 50160 60 0 1788978084 462194
0 50167 127 0 1788978084 462707
0 50240 63 0 1788978084 467926
0 50241 63 0 1788978084 468000
0 50246 59 0 1788978084 468326
0 50263 62 0 1788978084 469495
0 50286 59 0 1788978084 470998
0 50303 59 0 1788978084 472100
0 50309 50 0 1788978084 472448
0 50339 52 0 1788978084 474197
0 50346 61 0 1788978084 474583
0 50404 55 0 1788978084 477772
0 50406 55 0 1788978084 477904
0 50433 56 0 1788978084 479542
0 50463 87 0 1788978084 481691
0 50517 61 0 1788978084 485244
0 50543 63 0 1788978084 487078
0 50548 68 0 1788978084 487420
0 50625 0 0 1788978084 494142
0 50631 0 0 1788978084 494528
0 50636 60 0 1788978084 494865
0 50646 59 0 1788978084 495780
0 50654 54 0 1788978084 496248
0 50670 64 0 1788978084 497245
0 50682 39 0 1788978084 498001
0 50693 158 0 1788978084 498704
0 50722 63 0 1788978084 500731
0 50747 65 0 1788978084 502208
0 50767 38 0 1788978084 503241
0 50826 33 0 1788978084 506047
0 50876 38 0 1788978084 507983
0 50896 36 0 1788978084 508861
0 50907 32 0 1788978084 509243
0 50924 0 0 1788978084 510013
0 50927 0 0 1788978084 510157
0 50931 0 0 1788978084 510340
0 50934 0 0 1788978084 510475
0 50950 75 0 1788978084 511927
0 50975 67 0 1788978084 513652
0 50998 59 0 1788978084 515061
0 51052 61 0 1788978084 518390
0 51069 59 0 1788978084 519479
0 51089 58 0 1788978084 520767
0 51095 61 0 1788978084 521120
0 51099 60 0 1788978084 521358
0 51129 93 0 1788978084 523670
0 51132 56 0 1788978084 523848
0 51158 56 0 1788978084 525772
0 51172 55 0 1788978084 526592
0 51173 85 0 1788978084 526679
0 51186 78 0 1788978084 527402
0 51189 53 0 1788978084 527563
0 51198 53 0 1788978084 528062
0 51201 52 0 1788978084 528226
0 51226 53 0 1788978084 530009
0 51271 61 0 1788978084 532871
0 51303 0 0 1788978084 534960
0 51307 63 0 1788978084 535262
0 51338 52 0 1788978084 537377
0 51344 68 0 1788978084 537740
0 51356 37 0 1788978084 538284
0 51378 47 0 1788978084 539271
0 51380 44 0 1788978084 539364
0 51465 36 0 1788978084 542888
0 51467 32 0 1788978084 542964
0 51491 30 0 1788978084 543768
0 51574 34 0 1788978084 547044
0 51584 33 0 1788978084 547383
0 51594 34 0 1788978084 547737
0 51632 33 0 1788978084 549029
0 51658 33 0 1788978084 549904
0 51695 32 0 1788978084 551131
0 51708 33 0 1788978084 551580
0 51711 33 0 1788978084 551744
0 51717 33 0 1788978084 551948
0 51719 35 0 1788978084 552023
0 51741 32 0 1788978084 552753
0 51760 31 0 1788978084 553348
0 51762 31 0 1788978084 553413
0 51786 28 0 1788978084 554241
0 51796 40 0 1788978084 554541
0 51799 36 0 1788978084 554681
0 51808 40 0 1788978084 554996
0 51822 46 0 1788978084 555609
0 51825 46 0 1788978084 555757
0 51911 39 0 1788978084 559457
0 51914 38 0 1788978084 559574
0 51920 37 0 1788978084 559814
0 51934 43 0 1788978084 560411
0 51935 46 0 1788978084 560459
0 51954 71 0 1788978084 561349
0 51971 34 0 1788978084 562001
0 51982 32 0 1788978084 562364
0 52036 32 0 1788978084 564163
0 52050 39 0 1788978084 564691
0 52060 34 0 1788978084 565046
0 52077 40 0 1788978084 565734
0 52095 40 0 1788978084 566459
0 52111 40 0 1788978084 567103
0 52119 40 0 1788978084 567446
0 52137 36 0 1788978084 568147
0 52156 38 0 1788978084 568891
0 52257 44 0 1788978084 573455
0 52278 39 0 1788978084 574352
0 52281 44 0 1788978084 574497
0 52295 42 0 1788978084 575171
0 52301 34 0 1788978084 575379
0 52307 63 0 1788978084 575662
0 52320 28 0 1788978084 576212
0 52323 38 0 1788978084 576345
0 52336 43 0 1788978084 577001
0 52370 35 0 1788978084 578375
0 52385 36 0 1788978084 578902
0 52405 39 0 1788978084 579616
0 52410 38 0 1788978084 579804
0 52411 37 0 1788978084 579842
0 52418 38 0 1788978084 580109
0 52461 38 0 1788978084 581858
0 52479 37 0 1788978084 582549
0 52480 37 0 1788978084 582588
0 52494 36 0 1788978084 583114
0 52510 52 0 1788978084 583715
0 52533 34 0 1788978084 584533
0 52554 35 0 1788978084 585270
0 52575 37 0 1788978084 586029
0 52596 35 0 1788978084 586771
0 52598 34 0 1788978084 586843
0 52600 35 0 1788978084 586917
0 52609 36 0 1788978084 587236
0 52620 55 0 1788978084 587642
0 52628 35 0 1788978084 587930
0 52634 35 0 1788978084 588148
0 52683 37 0 1788978084 590004
0 52697 38 0 1788978084 590508
0 52742 32 0 1788978084 592057
0 52782 30 0 1788978084 593437
0 52788 39 0 1788978084 593637
0 52805 31 0 1788978084 594178
0 52832 37 0 1788978084 595070
0 52835 38 0 1788978084 595195
0 52847 42 0 1788978084 595661
0 52889 32 0 1788978084 597228
0 52900 37 0 1788978084 597623
0 52902 35 0 1788978084 597700
0 52933 42 0 1788978084 599000
0 52944 43 0 1788978084 599435
0 52946 40 0 1788978084 599524
0 52961 34 0 1788978084 600108
0 52964 34 0 1788978084 600211
0 52978 38 0 1788978084 600719
0 53106 41 0 1788978084 605206
0 53119 35 0 1788978084 605675
0 53142 35 0 1788978084 606499
0 53185 75 0 1788978084 608147
0 53186 63 0 1788978084 608214
0 53214 34 0 1788978084 609253
0 53218 34 0 1788978084 609396
0 53219 35 0 1788978084 609432
0 53270 41 0 1788978084 611415
0 53272 42 0 1788978084 611501
0 53330 31 0 1788978084 614552
0 53375 42 0 1788978084 616110
0 53380 33 0 1788978084 616285
0 53386 30 0 1788978084 616468
0 53387 29 0 1788978084 616498
0 53417 30 0 1788978084 617482
0 53446 28 0 1788978084 618393
0 53468 34 0 1788978084 619079
0 53515 32 0 1788978084 620592
0 53558 40 0 1788978084 622253
0 53565 46 0 1788978084 622566
0 53577 50 0 1788978084 623182
0 53579 45 0 1788978084 623279
0 53600 44 0 1788978084 624364
0 53618 49 0 1788978084 625160
0 53632 40 0 1788978084 625794
0 53642 45 0 1788978084 626230
0 53643 46 0 1788978084 626278
0 53654 47 0 1788978084 626805
0 53666 47 0 1788978084 627361
0 53707 52 0 1788978084 629282
0 53731 47 0 1788978084 630562
0 53748 53 0 1788978084 631365
0 53779 35 0 1788978084 632778
0 53788 29 0 1788978084 633070
0 53801 40 0 1788978084 633567
0 53813 41 0 1788978084 634137
0 53822 35 0 1788978084 634458
0 53827 44 0 1788978084 634671
0 53831 36 0 1788978084 634826
0 53869 31 0 1788978084 636046
0 53871 32 0 1788978084 636113
0 53883 33 0 1788978084 636511
0 53888 93 0 1788978084 636752
0 53927 66 0 1788978084 638121
0 53932 34 0 1788978084 638310
0 53963 30 0 1788978084 639408
0 53986 30 0 1788978084 640142
0 54007 29 0 1788978084 640754
0 54025 28 0 1788978084 641280
0 54033 30 0 1788978084 641516
0 54037 57 0 1788978084 641662
0 54044 30 0 1788978084 641872
0 54048 29 0 1788978084 641992
0 54051 39 0 1788978084 642101
0 54057 32 0 1788978084 642316
0 54077 31 0 1788978084 642962
0 54091 43 0 1788978084 643566
0 54098 43 0 1788978084 643874
0 54117 41 0 1788978084 644759
0 54131 42 0 1788978084 645355
0 54132 42 0 1788978084 645399
0 54155 36 0 1788978084 646350
0 54156 35 0 1788978084 646386
0 54158 36 0 1788978084 646459
0 54210 44 0 1788978084 648399
0 54288 28 0 1788978084 651090
0 54308 29 0 1788978084 651747
0 54325 29 0 1788978084 652289
0 54391 39 0 1788978084 654725
0 54393 66 0 1788978084 654834
0 54432 35 0 1788978084 656186
0 54440 33 0 1788978084 656462
0 54457 32 0 1788978084 657060
0 54492 33 0 1788978084 658246
0 54496 30 0 1788978084 658384
0 54505 32 0 1788978084 658676
0 54515 30 0 1788978084 658974
0 54539 45 0 1788978084 660036
0 54554 32 0 1788978084 660578
0 54571 35 0 1788978084 661187
0 54628 30 0 1788978084 662983
0 54634 30 0 1788978084 663168
0 54664 46 0 1788978084 664187
0 54710 32 0 1788978084 665740
0 54730 34 0 1788978084 666574
0 54773 31 0 1788978084 667988
0 54777 33 0 1788978084 668137
0 54856 32 0 1788978084 670838
0 54867 32 0 1788978084 671194
0 54933 34 0 1788978084 673388
0 54944 29 0 1788978084 673767
0 54961 31 0 1788978084 674285
0 54963 31 0 1788978084 674348
0 54964 30 0 1788978084 674378
0 54967 31 0 1788978084 674472
0 54977 32 0 1788978084 674798
0 54999 29 0 1788978084 675905
0 55016 36 0 1788978084 676441
0 55028 36 0 1788978084 676894
0 55032 37 0 1788978084 677045
0 55050 38 0 1788978084 677723
0 55052 36 0 1788978084 677799
0 55069 32 0 1788978084 678374
0 55080 34 0 1788978084 678762
0 55087 33 0 1788978084 679007
0 55094 35 0 1788978084 679295
0 55108 35 0 1788978084 679858
0 55164 31 0 1788978084 681946
0 55168 30 0 1788978084 682071
0 55188 31 0 1788978084 682704
0 55192 32 0 1788978084 682830
0 55261 35 0 1788978084 685194
0 55300 29 0 1788978084 686482
0 55361 32 0 1788978084 688750
0 55389 49 0 1788978084 689870
0 55421 50 0 1788978084 691375
0 55435 35 0 1788978084 692079
0 55447 36 0 1788978084 692519
0 55456 37 0 1788978084 692853
0 55492 35 0 1788978084 694153
0 55528 59 0 1788978084 695657
0 55543 32 0 1788978084 696259
0 55553 28 0 1788978084 696560
0 55558 28 0 1788978084 696713
0 55590 69 0 1788978084 698043
0 55617 28 0 1788978084 698897
0 55622 31 0 1788978084 699068
0 55628 31 0 1788978084 699253
0 55634 30 0 1788978084 699433
0 55665 41 0 1788978084 700599
0 55693 37 0 1788978084 701794
0 55704 36 0 1788978084 702211
0 55768 61 0 1788978084 704662
0 55772 38 0 1788978084 704814
0 55832 29 0 1788978084 706714
0 55844 29 0 1788978084 707073
0 55912 29 0 1788978084 709200
0 55978 42 0 1788978084 712052
0 56019 28 0 1788978084 713413
0 56021 28 0 1788978084 713473
0 56025 28 0 1788978084 713588
0 56041 36 0 1788978084 714125
0 56070 95 0 1788978084 715157
0 56081 36 0 1788978084 715569
0 56089 35 0 1788978084 715870
0 56091 34 0 1788978084 715941
0 56112 37 0 1788978084 716712
0 56137 58 0 1788978084 717642
0 56181 38 0 1788978084 719314
0 56276 30 0 1788978084 722502
0 56315 44 0 1788978084 724058
0 56347 57 0 1788978084 725845
0 56362 40 0 1788978084 726493
0 56422 40 0 1788978084 729598
0 56428 124 0 1788978084 730044
0 56444 43 0 1788978084 731068
0 56445 34 0 1788978084 731105
0 56466 46 0 1788978084 732135
0 56558 29 0 1788978084 735596
0 56559 37 0 1788978084 735636
0 56567 29 0 1788978084 735880
0 56631 34 0 1788978084 738330
0 56638 33 0 1788978084 738576
0 56693 31 0 1788978084 740528
0 56722 54 0 1788978084 741753
0 56724 39 0 1788978084 741842
0 56824 35 0 1788978084 745405
0 56835 34 0 1788978084 745790
0 56849 81 0 1788978084 746409
0 56911 33 0 1788978084 748539
0 56963 32 0 1788978084 750283
0 56965 30 0 1788978084 750346
0 56973 29 0 1788978084 750582
0 56984 29 0 1788978084 750924
0 56985 30 0 1788978084 750956
0 57008 34 0 1788978084 751651
0 57024 30 0 1788978084 752132
0 57032 30 0 1788978084 752377
0 57047 30 0 1788978084 752855
0 57080 50 0 1788978084 754281
0 57088 47 0 1788978084 754714
0 57133 53 0 1788978084 757511
0 57141 49 0 1788978084 757936
0 57146 47 0 1788978084 758187
0 57162 63 0 1788978084 759003
0 57190 36 0 1788978084 760917
0 57216 37 0 1788978084 761951
0 57219 34 0 1788978084 762057
0 57222 38 0 1788978084 762163
0 57227 36 0 1788978084 762345
0 57246 31 0 1788978084 763025
0 57249 31 0 1788978084 763122
0 57264 45 0 1788978084 763629
0 57276 31 0 1788978084 764035
0 57345 46 0 1788978084 766961
0 57350 39 0 1788978084 767170
0 57360 39 0 1788978084 767566
0 57363 40 0 1788978084 767717
0 57366 41 0 1788978084 767838
0 57418 53 0 1788978084 770107
0 57452 40 0 1788978084 771772
0 57464 31 0 1788978084 772224
0 57469 32 0 1788978084 772387
0 57479 58 0 1788978084 772806
0 57507 43 0 1788978084 773993
0 57516 43 0 1788978084 774378
0 57523 47 0 1788978084 774697
0 57538 44 0 1788978084 775364
0 57549 47 0 1788978084 775909
0 57551 48 0 1788978084 776009
0 57563 47 0 1788978084 776567
0 57588 46 0 1788978084 777757
0 57604 37 0 1788978084 778505
0 57645 40 0 1788978084 780202
0 57674 35 0 1788978084 781418
0 57678 33 0 1788978084 781565
0 57697 81 0 1788978084 782315
0 57713 34 0 1788978084 782909
0 57714 33 0 1788978084 782944
0 57727 33 0 1788978084 783409
0 57792 34 0 1788978084 786317
0 57818 69 0 1788978084 788185
0 57819 50 0 1788978084 788244
0 57826 41 0 1788978084 788537
0 57846 32 0 1788978084 789680
0 57850 63 0 1788978084 789958
0 57861 31 0 1788978084 790490
0 57873 30 0 1788978084 791227
0 57881 41 0 1788978084 791848
0 57882 140 0 1788978084 791992
0 57893 37 0 1788978084 792433
0 57895 34 0 1788978084 792538
0 57924 54 0 1788978084 794660
0 57928 44 0 1788978084 794908
0 57938 34 0 1788978084 795279
0 57965 46 0 1788978084 796596
0 57972 41 0 1788978084 797060
0 58003 37 0 1788978084 798700
0 58005 33 0 1788978084 798777
0 58025 33 0 1788978084 799438
0 58029 96 0 1788978084 799639
0 58119 45 0 1788978084 803726
0 58120 43 0 1788978084 803775
0 58155 47 0 1788978084 805328
0 58177 33 0 1788978084 806218
0 58184 50 0 1788978084 806532
0 58186 48 0 1788978084 806624
0 58217 41 0 1788978084 808070
0 58231 73 0 1788978084 808679
0 58232 43 0 1788978084 808724
0 58298 84 0 1788978084 811751
0 58308 34 0 1788978084 812077
0 58335 55 0 1788978084 813277
0 58361 76 0 1788978084 814682
0 58374 58 0 1788978084 815296
0 58385 50 0 1788978084 816121
0 58426 57 0 1788978084 819029
0 58439 65 0 1788978084 819978
0 58445 67 0 1788978084 820309
0 58523 43 0 1788978084 825188
0 58541 43 0 1788978084 825988
0 58610 89 0 1788978084 830285
0 58611 75 0 1788978084 830373
0 58641 48 0 1788978084 831850
0 58643 38 0 1788978084 831933
0 58662 46 0 1788978084 832668
0 58675 43 0 1788978084 833212
0 58677 46 0 1788978084 833300
0 58678 45 0 1788978084 833346
0 58720 45 0 1788978084 835339
0 58737 55 0 1788978084 836111
0 58753 63 0 1788978084 836761
0 58755 113 0 1788978084 836954
0 58765 49 0 1788978084 837417
0 58775 41 0 1788978084 837870
0 58806 47 0 1788978084 839528
0 58811 51 0 1788978084 839817
0 58820 48 0 1788978084 840308
0 58825 44 0 1788978084 840536
0 58865 47 0 1788978084 842692
0 58867 41 0 1788978084 842782
0 58888 43 0 1788978084 843933
0 58890 40 0 1788978084 844031
0 58898 38 0 1788978084 844331
0 58903 89 0 1788978084 844639
0 58914 49 0 1788978084 845209
0 58931 56 0 1788978084 846354
0 58967 47 0 1788978084 848228
0 58985 47 0 1788978084 849097
0 59063 62 0 1788978084 853788
0 59065 51 0 1788978084 853931
0 59069 36 0 1788978084 854115
0 59072 103 0 1788978084 854374
0 59105 47 0 1788978084 856103
0 59112 44 0 1788978084 856438
0 59126 48 0 1788978084 857197
0 59145 75 0 1788978084 859045
0 59165 81 0 1788978084 860823
0 59251 53 0 1788978084 866600
0 59261 53 0 1788978084 867245
0 59280 43 0 1788978084 868239
0 59283 52 0 1788978084 868384
0 59297 54 0 1788978084 869202
0 59314 49 0 1788978084 870512
0 59331 60 0 1788978084 871528
0 59350 94 0 1788978084 872813
0 59389 61 0 1788978084 875756
0 59447 37 0 1788978084 878952
0 59497 38 0 1788978084 880965
0 59518 37 0 1788978084 881797
0 59566 39 0 1788978084 883740
0 59616 57 0 1788978084 885789
0 59639 38 0 1788978084 886771
0 59669 38 0 1788978084 887982
0 59681 38 0 1788978084 888450
0 59682 39 0 1788978084 888492
0 59691 41 0 1788978084 888886
0 59697 41 0 1788978084 889141
0 59717 41 0 1788978084 890013
0 59760 40 0 1788978084 891826
0 59769 44 0 1788978084 892339
0 59794 43 0 1788978084 893754
0 59824 41 0 1788978084 895087
0 59829 41 0 1788978084 895340
0 59839 48 0 1788978084 895813
0 59866 44 0 1788978084 897205
0 59885 32 0 1788978084 897884
0 59916 90 0 1788978084 899001
0 59939 31 0 1788978084 899926
0 59947 33 0 1788978084 900185
0 60006 33 0 1788978084 902254
0 60027 35 0 1788978084 903039
0 60037 34 0 1788978084 903381
0 60051 47 0 1788978084 904156
0 60074 53 0 1788978084 905467
0 60081 47 0 1788978084 905891
0 60082 55 0 1788978084 905950
0 60085 180 0 1788978084 906307
0 60091 46 0 1788978084 906668
0 60117 39 0 1788978084 907829
0 60147 42 0 1788978084 909074
0 60206 46 0 1788978084 912376
0 60214 45 0 1788978084 912833
0 60243 122 0 1788978084 914400
0 60274 56 0 1788978084 915710
0 60303 45 0 1788978084 917029
0 60318 46 0 1788978084 917732
0 60327 48 0 1788978084 918171
0 60330 46 0 1788978084 918311
0 60359 48 0 1788978084 919724
0 60423 44 0 1788978084 922542
0 60445 32 0 1788978084 923480
0 60471 33 0 1788978084 924358
0 60476 33 0 1788978084 924524
0 60480 41 0 1788978084 924683
0 60510 47 0 1788978084 925854
0 60531 46 0 1788978084 926839
0 60549 33 0 1788978084 927518
0 60558 32 0 1788978084 927828
0 60580 36 0 1788978084 928743
0 60594 35 0 1788978084 929223
0 60627 35 0 1788978084 930386
0 60631 33 0 1788978084 930521
0 60637 34 0 1788978084 930739
0 60662 44 0 1788978084 931633
0 60699 33 0 1788978084 932978
0 60712 34 0 1788978084 933443
0 60753 35 0 1788978084 935160
0 60786 36 0 1788978084 937068
0 60798 43 0 1788978084 937579
0 60817 43 0 1788978084 938567
0 60831 47 0 1788978084 939287
0 60842 87 0 1788978084 939883
0 60843 81 0 1788978084 939969
0 60856 60 0 1788978084 940847
0 60876 34 0 1788978084 941787
0 60897 33 0 1788978084 942541
0 60901 37 0 1788978084 942701
0 60984 34 0 1788978084 945855
0 60988 33 0 1788978084 945991
0 61043 32 0 1788978084 947824
0 61048 32 0 1788978084 947986
0 61065 32 0 1788978084 948549
0 61080 39 0 1788978084 949115
0 61097 32 0 1788978084 949859
0 61107 35 0 1788978084 950210
0 61115 42 0 1788978084 950518
0 61120 33 0 1788978084 950711
0 61183 60 0 1788978084 953080
0 61186 38 0 1788978084 953232
0 61212 32 0 1788978084 954166
0 61223 37 0 1788978084 954579
0 61269 32 0 1788978084 956520
0 61277 32 0 1788978084 956797
0 61284 32 0 1788978084 957025
0 61327 33 0 1788978084 958508
0 61332 34 0 1788978084 958681
0 61338 32 0 1788978084 958878
0 61386 32 0 1788978084 960533
0 61400 35 0 1788978084 961049
0 61404 39 0 1788978084 961198
0 61410 38 0 1788978084 961415
0 61429 35 0 1788978084 962082
0 61439 49 0 1788978084 962463
0 61497 33 0 1788978084 964827
0 61527 45 0 1788978084 966468
0 61562 40 0 1788978084 968238
0 61578 43 0 1788978084 968969
0 61584 45 0 1788978084 969237
0 61593 50 0 1788978084 969647
0 61619 40 0 1788978084 971021
0 61650 33 0 1788978084 972545
0 61671 32 0 1788978084 973279
0 61673 32 0 1788978084 973346
0 61681 62 0 1788978084 973662
0 61711 35 0 1788978084 974825
0 61732 58 0 1788978084 975664
0 61750 34 0 1788978084 976269
0 61763 34 0 1788978084 976819
0 61793 32 0 1788978084 977828
0 61805 32 0 1788978084 978218
0 61849 33 0 1788978084 979745
0 61882 33 0 1788978084 980864
0 61885 34 0 1788978084 980970
0 61912 33 0 1788978084 981888
0 61936 33 0 1788978084 982735
0 61984 34 0 1788978084 984401
0 62002 73 0 1788978084 985118
0 62030 35 0 1788978084 986227
0 62043 35 0 1788978084 986677
0 62082 37 0 1788978084 988076
0 62108 39 0 1788978084 989109
0 62129 32 0 1788978084 989861
0 62154 32 0 1788978084 990721
0 62181 33 0 1788978084 991608
0 62184 34 0 1788978084 991729
0 62196 48 0 1788978084 992148
0 62237 33 0 1788978084 993569
0 62247 34 0 1788978084 993960
0 62255 47 0 1788978084 994318
0 62258 47 0 1788978084 994464
0 62274 44 0 1788978084 995308
0 62305 51 0 1788978084 996857
0 62309 33 0 1788978084 996995
0 62313 33 0 1788978084 997128
0 62362 34 0 1788978084 998839
0 62382 32 0 1788978084 999601
0 62396 34 0 1788978085 126
0 62397 33 0 1788978085 162
0 62427 54 0 1788978085 1380
0 62528 40 0 1788978085 5296
0 62530 32 0 1788978085 5369
0 62548 35 0 1788978085 6299
0 62569 51 0 1788978085 7155
0 62580 49 0 1788978085 7688
0 62606 33 0 1788978085 8994
0 62675 34 0 1788978085 11942
0 62679 42 0 1788978085 12120
0 62686 34 0 1788978085 12379
0 62688 36 0 1788978085 12452
0 62709 34 0 1788978085 13456
0 62821 33 0 1788978085 18009
0 62881 34 0 1788978085 20277
0 62885 33 0 1788978085 20444
0 62886 35 0 1788978085 20481
0 62896 36 0 1788978085 20843
0 62910 33 0 1788978085 21312
0 62958 32 0 1788978085 23161
0 62994 68 0 1788978085 24638
0 62998 34 0 1788978085 24819
0 63003 40 0 1788978085 25041
0 63014 33 0 1788978085 25428
0 63076 47 0 1788978085 28333
0 63101 34 0 1788978085 29473
0 63106 36 0 1788978085 29666
0 63123 34 0 1788978085 30331
0 63195 46 0 1788978085 33725
0 63238 39 0 1788978085 36151
0 63246 49 0 1788978085 36576
0 63260 65 0 1788978085 37273
0 63263 39 0 1788978085 37416
0 63268 68 0 1788978085 37648
0 63281 58 0 1788978085 38300
0 63297 47 0 1788978085 39023
0 63339 40 0 1788978085 40900
0 63381 42 0 1788978085 42757
0 63425 46 0 1788978085 44859
0 63436 46 0 1788978085 45389
0 63512 43 0 1788978085 48985
0 63532 41 0 1788978085 49873
0 63551 49 0 1788978085 50710
0 63559 43 0 1788978085 51060
0 63578 45 0 1788978085 52020
0 63596 65 0 1788978085 52927
0 63612 46 0 1788978085 53753
0 63672 43 0 1788978085 57060
0 63706 45 0 1788978085 58539
0 63712 53 0 1788978085 58859
0 63728 37 0 1788978085 59668
0 63748 40 0 1788978085 60448
0 63752 68 0 1788978085 60639
0 63755 39 0 1788978085 60766
0 63761 39 0 1788978085 61001
0 63768 39 0 1788978085 61277
0 63771 39 0 1788978085 61397
0 63776 40 0 1788978085 61597
0 63790 44 0 1788978085 62268
0 63810 34 0 1788978085 63067
0 63811 34 0 1788978085 63103
0 63822 34 0 1788978085 63478
0 63853 38 0 1788978085 64666
0 63872 34 0 1788978085 65364
0 63886 35 0 1788978085 65879
0 63913 62 0 1788978085 67514
0 63917 50 0 1788978085 67737
0 63961 49 0 1788978085 70006
0 63963 122 0 1788978085 70183
0 63974 33 0 1788978085 70565
0 63985 33 0 1788978085 70948
0 63997 34 0 1788978085 71353
0 64027 54 0 1788978085 72538
0 64046 37 0 1788978085 73419
0 64111 56 0 1788978085 76360
0 64112 53 0 1788978085 76423
0 64114 83 0 1788978085 76588
0 64141 69 0 1788978085 78344
0 64142 73 0 1788978085 78425
0 64149 67 0 1788978085 78921
0 64151 46 0 1788978085 79024
0 64200 50 0 1788978085 82043
0 64206 87 0 1788978085 82415
0 64215 55 0 1788978085 82983
0 64252 57 0 1788978085 85110
0 64268 66 0 1788978085 86029
0 64279 53 0 1788978085 86619
0 64283 56 0 1788978085 86863
0 64327 57 0 1788978085 89618
0 64360 48 0 1788978085 91424
0 64428 64 0 1788978085 95582
0 64459 91 0 1788978085 97688
0 64466 77 0 1788978085 98226
0 64496 61 0 1788978085 100042
0 64521 68 0 1788978085 101627
0 64525 51 0 1788978085 101870
0 64549 55 0 1788978085 103385
0 64582 62 0 1788978085 105140
0 64583 87 0 1788978085 105231
0 64627 40 0 1788978085 107751
0 64727 46 0 1788978085 112114
0 64764 34 0 1788978085 113542
0 64817 76 0 1788978085 116035
0 64849 34 0 1788978085 117880
0 64898 41 0 1788978085 119797
0 64929 39 0 1788978085 120927
0 64931 66 0 1788978085 121058
0 64972 56 0 1788978085 123006
0 64975 53 0 1788978085 123201
0 65015 42 0 1788978085 125119
0 65033 43 0 1788978085 125943
0 65034 41 0 1788978085 125988
0 65055 53 0 1788978085 127161
0 65060 43 0 1788978085 127372
0 65063 52 0 1788978085 127498
0 65083 36 0 1788978085 128945
0 65093 38 0 1788978085 129304
0 65116 35 0 1788978085 130235
0 65123 47 0 1788978085 130511
0 65138 35 0 1788978085 131329
0 65198 38 0 1788978085 133599
0 65232 53 0 1788978085 135642
0 65253 34 0 1788978085 136494
0 65258 36 0 1788978085 136696
0 65317 47 0 1788978085 139329
0 65345 49 0 1788978085 140679
0 65346 48 0 1788978085 140730
0 65369 36 0 1788978085 141720
0 65413 38 0 1788978085 143404
0 65424 35 0 1788978085 143836
0 65448 36 0 1788978085 144770
0 65561 35 0 1788978085 150051
0 65575 93 0 1788978085 150694
0 65586 55 0 1788978085 151462
0 65644 34 0 1788978085 153832
0 65716 34 0 1788978085 156843
0 65765 38 0 1788978085 158849
0 65768 34 0 1788978085 158959
0 65781 36 0 1788978085 159412
0 65795 36 0 1788978085 160012
0 65799 36 0 1788978085 160161
0 65811 43 0 1788978085 160687
0 65816 38 0 1788978085 160897
0 65833 40 0 1788978085 161531
0 65835 35 0 1788978085 161606
0 65849 34 0 1788978085 162098
0 65876 38 0 1788978085 163082
0 65915 34 0 1788978085 164461
0 65919 34 0 1788978085 164600
0 65933 40 0 1788978085 165110
0 65942 35 0 1788978085 165498
0 65967 35 0 1788978085 166419
0 65982 35 0 1788978085 166970
0 65985 35 0 1788978085 167077
0 65998 40 0 1788978085 167557
0 66017 35 0 1788978085 168291
0 66034 38 0 1788978085 168959
0 66049 46 0 1788978085 169568
0 66069 44 0 1788978085 170434
0 66071 59 0 1788978085 170555
0 66115 34 0 1788978085 172771
0 66156 35 0 1788978085 174215
0 66164 34 0 1788978085 174491
0 66165 37 0 1788978085 174554
0 66242 35 0 1788978085 178279
0 66247 34 0 1788978085 178460
0 66292 34 0 1788978085 180086
0 66304 35 0 1788978085 180533
0 66356 48 0 1788978085 183198
0 66393 45 0 1788978085 184920
0 66405 46 0 1788978085 185471
0 66413 51 0 1788978085 185889
0 66417 34 0 1788978085 186028
0 66436 34 0 1788978085 186701
0 66438 35 0 1788978085 186778
0 66488 41 0 1788978085 188805
0 66489 40 0 1788978085 188848
0 66505 63 0 1788978085 189728
0 66533 33 0 1788978085 191492
0 66554 47 0 1788978085 192521
0 66571 47 0 1788978085 193326
0 66605 33 0 1788978085 195012
0 66626 36 0 1788978085 195752
0 66634 33 0 1788978085 196026
0 66712 34 0 1788978085 198980
0 66713 35 0 1788978085 199018
0 66736 33 0 1788978085 199844
0 66758 40 0 1788978085 200622
0 66766 33 0 1788978085 200937
0 66769 34 0 1788978085 201041
0 66793 35 0 1788978085 201890
0 66799 35 0 1788978085 202098
0 66811 59 0 1788978085 202676
0 66820 39 0 1788978085 203021
0 66860 34 0 1788978085 204472
0 66866 35 0 1788978085 204702
0 66879 37 0 1788978085 205265
0 66883 35 0 1788978085 205426
0 66887 55 0 1788978085 205628
0 66908 33 0 1788978085 206566
0 66993 34 0 1788978085 209957
0 66996 33 0 1788978085 210064
0 67010 51 0 1788978085 210596
0 67014 113 0 1788978085 210891
0 67026 40 0 1788978085 211475
0 67033 39 0 1788978085 211797
0 67064 33 0 1788978085 213075
0 67096 38 0 1788978085 214393
0 67129 47 0 1788978085 215648
0 67150 47 0 1788978085 216419
0 67153 34 0 1788978085 216526
0 67163 34 0 1788978085 216875
0 67172 32 0 1788978085 217175
0 67221 37 0 1788978085 219044
0 67247 42 0 1788978085 220036
0 67261 35 0 1788978085 220702
0 67298 33 0 1788978085 222069
0 67324 35 0 1788978085 223336
0 67349 33 0 1788978085 224287
0 67361 33 0 1788978085 224716
0 67377 33 0 1788978085 225258
0 67380 33 0 1788978085 225359
0 67390 33 0 1788978085 225709
0 67398 32 0 1788978085 225977
0 67411 36 0 1788978085 226420
0 67439 34 0 1788978085 227387
0 67455 34 0 1788978085 227947
0 67462 33 0 1788978085 228183
0 67464 35 0 1788978085 228253
0 67468 46 0 1788978085 228472
0 67477 45 0 1788978085 228895
0 67494 48 0 1788978085 229694
0 67516 46 0 1788978085 230738
0 67531 46 0 1788978085 231476
0 67566 33 0 1788978085 232836
0 67587 44 0 1788978085 233565
0 67598 32 0 1788978085 233948
0 67599 33 0 1788978085 233983
0 67622 34 0 1788978085 234813
0 67666 34 0 1788978085 236302
0 67680 34 0 1788978085 236818
0 67705 46 0 1788978085 237822
0 67787 82 0 1788978085 241745
0 67844 46 0 1788978085 244284
0 67880 39 0 1788978085 245776
0 67885 33 0 1788978085 246004
0 67888 33 0 1788978085 246105
0 67890 33 0 1788978085 246173
0 67894 60 0 1788978085 246359
0 67898 40 0 1788978085 246564
0 67929 40 0 1788978085 247879
0 67940 34 0 1788978085 248398
0 67946 33 0 1788978085 248598
0 67998 45 0 1788978085 250809
0 68067 46 0 1788978085 254031
0 68068 58 0 1788978085 254091
0 68071 35 0 1788978085 254234
0 68075 33 0 1788978085 254370
0 68104 46 0 1788978085 255487
0 68152 33 0 1788978085 257509
0 68173 33 0 1788978085 258230
0 68201 33 0 1788978085 259207
0 68208 46 0 1788978085 259529
0 68209 47 0 1788978085 259580
0 68215 46 0 1788978085 259879
0 68241 46 0 1788978085 261099
0 68289 44 0 1788978085 263403
0 68351 33 0 1788978085 266112
0 68369 34 0 1788978085 266759
0 68412 34 0 1788978085 268276
0 68417 35 0 1788978085 268456
0 68524 35 0 1788978085 272136
0 68525 37 0 1788978085 272174
0 68549 36 0 1788978085 273093
0 68570 34 0 1788978085 273893
0 68603 34 0 1788978085 275111
0 68605 33 0 1788978085 275180
0 68624 43 0 1788978085 275867
0 68639 47 0 1788978085 276539
0 68642 40 0 1788978085 276696
0 68654 35 0 1788978085 277148
0 68660 36 0 1788978085 277375
0 68696 36 0 1788978085 278764
0 68715 50 0 1788978085 279588
0 68721 46 0 1788978085 279913
0 68724 49 0 1788978085 280057
0 68749 41 0 1788978085 281096
0 68755 37 0 1788978085 281329
0 68762 38 0 1788978085 281607
0 68779 36 0 1788978085 282238
0 68796 33 0 1788978085 282847
0 68799 33 0 1788978085 282949
0 68800 34 0 1788978085 282984
0 68804 34 0 1788978085 283126
0 68814 34 0 1788978085 283493
0 68893 46 0 1788978085 286489
0 68897 53 0 1788978085 286733
0 68906 47 0 1788978085 287153
0 68939 33 0 1788978085 288485
0 68948 33 0 1788978085 288920
0 68957 40 0 1788978085 289299
0 68987 33 0 1788978085 290382
0 69013 33 0 1788978085 291277
0 69019 32 0 1788978085 291476
0 69025 33 0 1788978085 291687
0 69031 33 0 1788978085 291897
0 69041 33 0 1788978085 292231
0 69107 51 0 1788978085 295025
0 69112 46 0 1788978085 295259
0 69127 45 0 1788978085 295964
0 69167 38 0 1788978085 297549
0 69172 42 0 1788978085 297790
0 69191 52 0 1788978085 298819
0 69215 46 0 1788978085 299939
0 69232 34 0 1788978085 300744
0 69252 33 0 1788978085 301422
0 69271 33 0 1788978085 302069
0 69284 74 0 1788978085 302676
0 69316 33 0 1788978085 304093
0 69317 34 0 1788978085 304130
0 69318 33 0 1788978085 304164
0 69331 47 0 1788978085 304630
0 69338 33 0 1788978085 304872
0 69350 34 0 1788978085 305281
0 69358 36 0 1788978085 305563
0 69367 46 0 1788978085 305976
0 69369 59 0 1788978085 306086
0 69383 39 0 1788978085 306583
0 69419 37 0 1788978085 307929
0 69445 34 0 1788978085 308874
0 69454 42 0 1788978085 309195
0 69505 34 0 1788978085 311016
0 69526 35 0 1788978085 311843
0 69528 34 0 1788978085 311914
0 69573 33 0 1788978085 313491
0 69575 34 0 1788978085 313560
0 69582 33 0 1788978085 313810
0 69588 37 0 1788978085 314042
0 69608 36 0 1788978085 314797
0 69621 39 0 1788978085 315290
0 69629 62 0 1788978085 315643
0 69648 33 0 1788978085 316521
0 69664 33 0 1788978085 317109
0 69667 32 0 1788978085 317209
0 69669 47 0 1788978085 317294
0 69683 78 0 1788978085 317984
0 69686 43 0 1788978085 318118
0 69698 54 0 1788978085 318740
0 69703 33 0 1788978085 318943
0 69708 33 0 1788978085 319122
0 69711 59 0 1788978085 319265
0 69771 33 0 1788978085 321307
0 69781 40 0 1788978085 321647
0 69783 33 0 1788978085 321716
0 69790 33 0 1788978085 321948
0 69812 50 0 1788978085 322873
0 69814 47 0 1788978085 322972
0 69819 45 0 1788978085 323189
0 69832 45 0 1788978085 323815
0 69878 33 0 1788978085 325584
0 69890 33 0 1788978085 326018
0 69895 34 0 1788978085 326188
0 69901 35 0 1788978085 326392
0 69902 34 0 1788978085 326427
0 69904 33 0 1788978085 326495
0 69906 34 0 1788978085 326564
0 69923 34 0 1788978085 327168
0 69925 34 0 1788978085 327237
0 69953 34 0 1788978085 328212
0 69973 34 0 1788978085 328936
0 69986 49 0 1788978085 329408
0 69988 40 0 1788978085 329495
0 69994 35 0 1788978085 329752
0 70000 34 0 1788978085 329960
0 70007 34 0 1788978085 330210
0 70024 38 0 1788978085 330835
0 70031 41 0 1788978085 331105
0 70038 38 0 1788978085 331368
0 70072 34 0 1788978085 332841
0 70160 34 0 1788978085 336530
0 70183 33 0 1788978085 337306
0 70196 33 0 1788978085 337757
0 70200 33 0 1788978085 337891
0 70214 33 0 1788978085 338353
0 70219 34 0 1788978085 338523
0 70235 42 0 1788978085 339087
0 70247 51 0 1788978085 339655
0 70251 46 0 1788978085 339841
0 70259 44 0 1788978085 340203
0 70284 35 0 1788978085 341376
0 70298 42 0 1788978085 341904
0 70327 34 0 1788978085 342982
0 70353 34 0 1788978085 343946
0 70371 35 0 1788978085 344568
0 70378 35 0 1788978085 344829
0 70432 35 0 1788978085 346782
0 70436 35 0 1788978085 346920
0 70482 46 0 1788978085 348867
0 70507 52 0 1788978085 350038
0 70508 47 0 1788978085 350087
0 70530 70 0 1788978085 351230
0 70546 64 0 1788978085 351989
0 70556 34 0 1788978085 352411
0 70574 101 0 1788978085 353315
0 70600 42 0 1788978085 354504
0 70609 33 0 1788978085 354819
0 70682 49 0 1788978085 358120
0 70697 48 0 1788978085 358828
0 70705 45 0 1788978085 359192
0 70726 111 0 1788978085 360324
0 70755 48 0 1788978085 362170
0 70768 51 0 1788978085 362856
0 70777 61 0 1788978085 363300
0 70785 49 0 1788978085 363698
0 70786 49 0 1788978085 363749
0 70807 53 0 1788978085 364996
0 70810 54 0 1788978085 365164
0 70817 33 0 1788978085 365462
0 70818 34 0 1788978085 365500
0 70879 76 0 1788978085 367962
0 70895 41 0 1788978085 368741
0 70897 42 0 1788978085 368826
0 70922 55 0 1788978085 370024
0 70942 37 0 1788978085 370985
0 70964 34 0 1788978085 371788
0 70974 33 0 1788978085 372257
0 70976 33 0 1788978085 372326
0 70985 37 0 1788978085 372700
0 70987 36 0 1788978085 372804
0 71018 41 0 1788978085 374049
0 71023 37 0 1788978085 374251
0 71039 35 0 1788978085 374907
0 71063 33 0 1788978085 375746
0 71068 38 0 1788978085 375917
0 71101 32 0 1788978085 377078
0 71109 32 0 1788978085 377349
0 71111 33 0 1788978085 377417
0 71139 33 0 1788978085 378405
0 71165 33 0 1788978085 379424
0 71186 33 0 1788978085 380153
0 71232 33 0 1788978085 381741
0 71265 79 0 1788978085 382980
0 71277 34 0 1788978085 383396
0 71323 35 0 1788978085 385048
0 71335 34 0 1788978085 385475
0 71353 34 0 1788978085 386151
0 71354 37 0 1788978085 386192
0 71371 50 0 1788978085 386843
0 71414 34 0 1788978085 388383
0 71467 40 0 1788978085 390278
0 71479 34 0 1788978085 390718
0 71484 34 0 1788978085 390889
0 71510 34 0 1788978085 391856
0 71548 39 0 1788978085 393237
0 71563 35 0 1788978085 393797
0 71582 34 0 1788978085 394453
0 71588 42 0 1788978085 394677
0 71593 34 0 1788978085 394850
0 71598 34 0 1788978085 395025
0 71605 37 0 1788978085 395269
0 71640 34 0 1788978085 396565
0 71672 34 0 1788978085 397764
0 71674 35 0 1788978085 397840
0 71676 34 0 1788978085 397909
0 71706 33 0 1788978085 398960
0 71725 39 0 1788978085 399622
0 71789 37 0 1788978085 401903
0 71796 34 0 1788978085 402162
0 71799 33 0 1788978085 402264
0 71816 34 0 1788978085 402963
0 71849 40 0 1788978085 404460
0 71864 34 0 1788978085 405064
0 71915 36 0 1788978085 407383
0 71943 37 0 1788978085 408401
0 71955 32 0 1788978085 408828
0 71956 33 0 1788978085 408862
0 71980 36 0 1788978085 409683
0 72016 33 0 1788978085 410900
0 72028 32 0 1788978085 411300
0 72042 33 0 1788978085 411783
0 72044 33 0 1788978085 411851
0 72052 35 0 1788978085 412121
0 72066 55 0 1788978085 412713
0 72074 33 0 1788978085 413001
0 72087 33 0 1788978085 413567
0 72115 33 0 1788978085 414529
0 72122 37 0 1788978085 414777
0 72132 34 0 1788978085 415124
0 72139 33 0 1788978085 415358
0 72163 34 0 1788978085 416176
0 72191 35 0 1788978085 417148
0 72195 34 0 1788978085 417287
0 72215 34 0 1788978085 417992
0 72235 34 0 1788978085 418801
0 72239 34 0 1788978085 418939
0 72240 34 0 1788978085 418974
0 72261 40 0 1788978085 419808
0 72271 34 0 1788978085 420174
0 72281 46 0 1788978085 420636
0 72319 33 0 1788978085 422058
0 72321 34 0 1788978085 422129
0 72331 36 0 1788978085 422494
0 72342 33 0 1788978085 422915
0 72352 35 0 1788978085 423267
0 72353 34 0 1788978085 423302
0 72426 33 0 1788978085 425881
0 72452 33 0 1788978085 426791
0 72460 33 0 1788978085 427059
0 72463 33 0 1788978085 427160
0 72468 34 0 1788978085 427328
0 72486 33 0 1788978085 427946
0 72523 39 0 1788978085 429226
0 72526 34 0 1788978085 429330
0 72533 40 0 1788978085 429574
0 72545 33 0 1788978085 430005
0 72553 38 0 1788978085 430287
0 72554 34 0 1788978085 430322
0 72556 33 0 1788978085 430391
0 72559 34 0 1788978085 430495
0 72574 33 0 1788978085 431020
0 72576 33 0 1788978085 431089
0 72582 33 0 1788978085 431293
0 72630 34 0 1788978085 433011
0 72648 42 0 1788978085 433621
0 72676 32 0 1788978085 434530
0 72694 32 0 1788978085 435129
0 72705 32 0 1788978085 435487
0 72719 32 0 1788978085 435959
0 72738 83 0 1788978085 436809
0 72740 35 0 1788978085 436899
0 72762 42 0 1788978085 437666
0 72788 34 0 1788978085 438944
0 72798 51 0 1788978085 439519
0 72813 80 0 1788978085 440303
0 72815 52 0 1788978085 440414
0 72817 46 0 1788978085 440512
0 72834 44 0 1788978085 441404
0 72855 67 0 1788978085 442384
0 72883 45 0 1788978085 443530
0 72885 49 0 1788978085 443626
0 72923 34 0 1788978085 445557
0 72959 36 0 1788978085 447064
0 72962 85 0 1788978085 447250
0 72978 44 0 1788978085 447983
0 72989 44 0 1788978085 448469
0 73015 44 0 1788978085 449798
0 73020 36 0 1788978085 449982
0 73039 56 0 1788978085 451321
0 73056 44 0 1788978085 452138
0 73074 34 0 1788978085 452982
0 73144 33 0 1788978085 455506
0 73175 47 0 1788978085 457013
0 73178 43 0 1788978085 457162
0 73180 74 0 1788978085 457283
0 73188 56 0 1788978085 457661
0 73200 39 0 1788978085 458134
0 73201 39 0 1788978085 458175
0 73214 43 0 1788978085 458788
0 73254 46 0 1788978085 460422
0 73276 39 0 1788978085 461387
0 73301 41 0 1788978085 462550
0 73315 44 0 1788978085 463209
0 73344 89 0 1788978085 464634
0 73389 33 0 1788978085 466482
0 73434 33 0 1788978085 468028
0 73454 59 0 1788978085 468760
0 73456 45 0 1788978085 468853
0 73467 33 0 1788978085 469336
0 73523 34 0 1788978085 471493
0 73550 37 0 1788978085 472448
0 73560 37 0 1788978085 472816
0 73608 35 0 1788978085 474689
0 73640 34 0 1788978085 475806
0 73654 36 0 1788978085 476309
0 73660 33 0 1788978085 476517
0 73671 34 0 1788978085 476904
0 73693 34 0 1788978085 477684
0 73738 73 0 1788978085 479496
0 73778 33 0 1788978085 481782
0 73783 36 0 1788978085 481960
0 73800 34 0 1788978085 482529
0 73806 36 0 1788978085 482747
0 73833 35 0 1788978085 483690
0 73837 33 0 1788978085 483825
0 73838 37 0 1788978085 483863
0 73854 33 0 1788978085 484402
0 73874 37 0 1788978085 485168
0 73896 34 0 1788978085 485954
0 73899 34 0 1788978085 486056
0 73904 34 0 1788978085 486225
0 73914 34 0 1788978085 486571
0 73930 35 0 1788978085 487135
0 73936 39 0 1788978085 487345
0 73988 34 0 1788978085 489287
0 74017 34 0 1788978085 490375
0 74032 44 0 1788978085 491010
0 74060 46 0 1788978085 492567
0 74081 55 0 1788978085 493602
0 74094 62 0 1788978085 494325
0 74103 48 0 1788978085 494858
0 74136 60 0 1788978085 496703
0 74141 56 0 1788978085 496996
0 74147 47 0 1788978085 497334
0 74157 50 0 1788978085 497860
0 74243 33 0 1788978085 501553
0 74298 45 0 1788978085 503925
0 74304 44 0 1788978085 504241
0 74320 45 0 1788978085 504964
0 74343 43 0 1788978085 505999
0 74369 43 0 1788978085 507216
0 74376 44 0 1788978085 507530
0 74415 44 0 1788978085 509334
0 74448 42 0 1788978085 511067
0 74463 112 0 1788978085 511698
0 74469 53 0 1788978085 512079
0 74471 48 0 1788978085 512177
0 74478 42 0 1788978085 512480
0 74493 37 0 1788978085 513177
0 74499 38 0 1788978085 513401
0 74511 41 0 1788978085 513919
0 74514 41 0 1788978085 514054
0 74561 33 0 1788978085 516052
0 74568 33 0 1788978085 516290
0 74606 33 0 1788978085 517578
0 74632 39 0 1788978085 518629
0 74644 41 0 1788978085 519088
0 74645 35 0 1788978085 519126
0 74663 39 0 1788978085 519813
0 74700 35 0 1788978085 521319
0 74740 35 0 1788978085 522753
0 74744 35 0 1788978085 522894
0 74787 34 0 1788978085 524587
0 74893 38 0 1788978085 529459
0 74908 34 0 1788978085 530040
0 74937 35 0 1788978085 531077
0 74982 35 0 1788978085 532691
0 74987 34 0 1788978085 532865
0 74997 53 0 1788978085 533255
0 75001 41 0 1788978085 533421
0 75016 34 0 1788978085 534048
0 75082 45 0 1788978085 536931
0 75083 62 0 1788978085 536998
0 75089 51 0 1788978085 537371
0 75122 47 0 1788978085 539142
0 75140 51 0 1788978085 540013
0 75168 49 0 1788978085 541533
0 75178 53 0 1788978085 542037
0 75187 51 0 1788978085 542496
0 75216 35 0 1788978085 544384
0 75259 50 0 1788978085 546377
0 75272 34 0 1788978085 546859
0 75282 37 0 1788978085 547238
0 75291 34 0 1788978085 547552
0 75294 41 0 1788978085 547678
0 75314 47 0 1788978085 548533
0 75316 53 0 1788978085 548635
0 75324 47 0 1788978085 549018
0 75371 35 0 1788978085 550874
0 75398 35 0 1788978085 551997
0 75402 35 0 1788978085 552152
0 75403 36 0 1788978085 552190
0 75450 47 0 1788978085 554028
0 75475 35 0 1788978085 554991
0 75477 40 0 1788978085 555075
0 75521 49 0 1788978085 556811
0 75527 34 0 1788978085 557027
0 75529 34 0 1788978085 557096
0 75533 34 0 1788978085 557233
0 75579 40 0 1788978085 558883
0 75604 35 0 1788978085 559834
0 75608 39 0 1788978085 559981
0 75626 44 0 1788978085 560627
0 75630 34 0 1788978085 560774
0 75634 35 0 1788978085 560914
0 75642 35 0 1788978085 561224
0 75647 35 0 1788978085 561400
0 75694 37 0 1788978085 563219
0 75720 36 0 1788978085 564195
0 75732 41 0 1788978085 564695
0 75749 35 0 1788978085 565304
0 75799 33 0 1788978085 567186
0 75818 33 0 1788978085 567832
0 75828 33 0 1788978085 568167
0 75862 33 0 1788978085 569327
0 75863 33 0 1788978085 569361
0 75872 34 0 1788978085 569676
0 75892 33 0 1788978085 570375
0 75913 33 0 1788978085 571112
0 75914 34 0 1788978085 571147
0 75915 33 0 1788978085 571181
0 75925 34 0 1788978085 571517
0 75946 33 0 1788978085 572241
0 75951 33 0 1788978085 572442
0 76000 33 0 1788978085 574164
0 76023 34 0 1788978085 574969
0 76064 78 0 1788978085 576469
0 76100 34 0 1788978085 577798
0 76106 35 0 1788978085 578011
0 76120 33 0 1788978085 578503
0 76126 37 0 1788978085 578728
0 76141 34 0 1788978085 579272
0 76167 45 0 1788978085 580391
0 76187 33 0 1788978085 581130
0 76197 34 0 1788978085 581541
0 76223 33 0 1788978085 582455
0 76256 37 0 1788978085 583605
0 76277 37 0 1788978085 584350
0 76278 46 0 1788978085 584398
0 76298 34 0 1788978085 585118
0 76315 34 0 1788978085 585720
0 76332 34 0 1788978085 586314
0 76347 34 0 1788978085 586856
0 76373 34 0 1788978085 587819
0 76391 33 0 1788978085 588424
0 76419 35 0 1788978085 589413
0 76440 34 0 1788978085 590497
0 76450 34 0 1788978085 590870
0 76490 33 0 1788978085 592366
0 76491 34 0 1788978085 592403
0 76570 36 0 1788978085 595821
0 76595 33 0 1788978085 596770
0 76597 33 0 1788978085 596839
0 76614 32 0 1788978085 597406
0 76708 38 0 1788978085 600940
0 76795 34 0 1788978085 604189
0 76824 34 0 1788978085 605227
0 76832 46 0 1788978085 605524
0 76837 34 0 1788978085 605727
0 76864 34 0 1788978085 606789
0 76898 40 0 1788978085 608019
0 76901 34 0 1788978085 608127
0 76916 46 0 1788978085 608707
0 77016 33 0 1788978085 613220
0 77017 44 0 1788978085 613270
0 77021 48 0 1788978085 613463
0 77036 33 0 1788978085 614111
0 77046 32 0 1788978085 614444
0 77047 32 0 1788978085 614477
0 77049 33 0 1788978085 614544
0 77053 36 0 1788978085 614698
0 77125 33 0 1788978085 617456
0 77203 44 0 1788978085 621014
0 77231 33 0 1788978085 622028
0 77241 52 0 1788978085 622399
0 77250 64 0 1788978085 623559
0 77268 45 0 1788978085 624438
0 77303 50 0 1788978085 626033
0 77320 81 0 1788978085 626763
0 77327 44 0 1788978085 627090
0 77328 45 0 1788978085 627136
0 77355 43 0 1788978085 628384
0 77368 76 0 1788978085 629210
0 77378 65 0 1788978085 629990
0 77392 53 0 1788978085 630644
0 77466 46 0 1788978085 633927
0 77512 45 0 1788978085 636116
0 77540 36 0 1788978085 637518
0 77562 34 0 1788978085 638333
0 77565 39 0 1788978085 638442
0 77568 44 0 1788978085 638562
0 77579 34 0 1788978085 638965
0 77581 34 0 1788978085 639034
0 77604 47 0 1788978085 640046
0 77610 46 0 1788978085 640324
0 77668 42 0 1788978085 643111
0 77681 33 0 1788978085 643569
0 77697 46 0 1788978085 644183
0 77711 34 0 1788978085 644708
0 77729 36 0 1788978085 645320
0 77778 51 0 1788978085 647171
0 77791 34 0 1788978085 647799
0 77801 34 0 1788978085 648147
0 77822 34 0 1788978085 648877
0 77838 33 0 1788978085 649417
0 77840 35 0 1788978085 649487
0 77842 34 0 1788978085 649556
0 77851 35 0 1788978085 649897
0 77852 35 0 1788978085 649935
0 77858 36 0 1788978085 650147
0 77898 34 0 1788978085 651715
0 77911 35 0 1788978085 652185
0 77937 39 0 1788978085 653144
0 77952 44 0 1788978085 653674
0 77960 36 0 1788978085 653956
0 77972 33 0 1788978085 654368
0 77989 34 0 1788978085 654967
0 78004 34 0 1788978085 655481
0 78026 39 0 1788978085 656302
0 78059 33 0 1788978085 657599
0 78069 33 0 1788978085 657955
0 78128 33 0 1788978085 660099
0 78135 32 0 1788978085 660332
0 78175 35 0 1788978085 661712
0 78195 32 0 1788978085 662379
0 78262 34 0 1788978085 664752
0 78269 33 0 1788978085 664993
0 78300 33 0 1788978085 666053
0 78313 34 0 1788978085 666502
0 78327 33 0 1788978085 666987
0 78329 33 0 1788978085 667056
0 78357 34 0 1788978085 668029
0 78376 35 0 1788978085 668698
0 78405 35 0 1788978085 669794
0 78412 49 0 1788978085 670082
0 78432 33 0 1788978085 670853
0 78434 34 0 1788978085 670924
0 78435 33 0 1788978085 670958
0 78493 34 0 1788978085 673156
0 78514 34 0 1788978085 673940
0 78572 33 0 1788978085 676020
0 78598 48 0 1788978085 676995
0 78610 37 0 1788978085 677562
0 78612 40 0 1788978085 677675
0 78634 33 0 1788978085 678408
0 78651 32 0 1788978085 678990
0 78667 33 0 1788978085 679572
0 78682 37 0 1788978085 680142
0 78687 36 0 1788978085 680327
0 78702 34 0 1788978085 680885
0 78742 34 0 1788978085 682254
0 78758 34 0 1788978085 682817
0 78765 33 0 1788978085 683054
0 78802 34 0 1788978085 684436
0 78808 48 0 1788978085 684710
0 78813 34 0 1788978085 684920
0 78850 35 0 1788978085 686263
0 78865 34 0 1788978085 686898
0 78877 34 0 1788978085 687341
0 78879 33 0 1788978085 687412
0 78912 44 0 1788978085 688624
0 78948 39 0 1788978085 690162
0 78967 33 0 1788978085 690976
0 78977 34 0 1788978085 691319
0 79002 41 0 1788978085 692437
0 79015 42 0 1788978085 693010
0 79021 42 0 1788978085 693265
0 79046 42 0 1788978085 694310
0 79056 41 0 1788978085 694747
0 79111 36 0 1788978085 696670
0 79160 38 0 1788978085 698558
0 79184 33 0 1788978085 699432
0 79185 40 0 1788978085 699475
0 79192 44 0 1788978085 699794
0 79214 33 0 1788978085 700552
0 79222 32 0 1788978085 700834
0 79234 33 0 1788978085 701238
0 79244 33 0 1788978085 701586
0 79247 34 0 1788978085 701702
0 79271 35 0 1788978085 702501
0 79291 36 0 1788978085 703253
0 79299 34 0 1788978085 703529
0 79332 34 0 1788978085 704767
0 79335 34 0 1788978085 704872
0 79338 32 0 1788978085 704970
0 79339 33 0 1788978085 705003
0 79360 33 0 1788978085 705772
0 79364 32 0 1788978085 705901
0 79374 33 0 1788978085 706271
0 79426 32 0 1788978085 708003
0 79447 32 0 1788978085 708712
0 79487 40 0 1788978085 710156
0 79491 33 0 1788978085 710307
0 79510 32 0 1788978085 710952
0 79538 33 0 1788978085 712025
0 79542 33 0 1788978085 712160
0 79576 41 0 1788978085 713357
0 79593 36 0 1788978085 713959
0 79613 37 0 1788978085 714654
0 79625 40 0 1788978085 715071
0 79627 34 0 1788978085 715140
0 79637 33 0 1788978085 715479
0 79683 32 0 1788978085 717148
0 79723 32 0 1788978085 718608
0 79743 38 0 1788978085 719349
0 79754 33 0 1788978085 719768
0 79777 33 0 1788978085 720543
0 79805 32 0 1788978085 721481
0 79812 33 0 1788978085 721733
0 79857 48 0 1788978085 723384
0 79875 38 0 1788978085 724018
0 79888 36 0 1788978085 724457
0 79904 33 0 1788978085 725016
0 79913 39 0 1788978085 725324
0 79956 32 0 1788978085 726779
0 79966 37 0 1788978085 727155
0 79983 35 0 1788978085 727751
0 80070 47 0 1788978085 731294
0 80085 35 0 1788978085 731817
0 80098 43 0 1788978085 732275
0 80112 33 0 1788978085 732759
0 80153 39 0 1788978085 734169
0 80162 33 0 1788978085 734468
0 80166 36 0 1788978085 734603
0 80168 40 0 1788978085 734687
0 80197 35 0 1788978085 735678
0 80205 32 0 1788978085 735942
0 80218 33 0 1788978085 736382
0 80231 48 0 1788978085 736925
0 80238 53 0 1788978085 737269
0 80250 47 0 1788978085 737826
0 80266 47 0 1788978085 738557
0 80291 34 0 1788978085 739746
0 80305 38 0 1788978085 740226
0 80315 33 0 1788978085 740566
0 80328 32 0 1788978085 741002
0 80350 33 0 1788978085 741764
0 80362 39 0 1788978085 742176
0 80390 32 0 1788978085 743146
0 80402 32 0 1788978085 743554
0 80409 32 0 1788978085 743827
0 80416 32 0 1788978085 744074
0 80424 33 0 1788978085 744341
0 80425 33 0 1788978085 744374
0 80443 45 0 1788978085 745186
0 80445 46 0 1788978085 745280
0 80463 44 0 1788978085 746113
0 80470 44 0 1788978085 746426
0 80494 48 0 1788978085 747528
0 80532 32 0 1788978085 748997
0 80539 32 0 1788978085 749227
0 80549 32 0 1788978085 749551
0 80567 32 0 1788978085 750178
0 80652 44 0 1788978085 753525
0 80672 47 0 1788978085 754444
0 80684 45 0 1788978085 755008
0 80696 33 0 1788978085 755503
0 80704 33 0 1788978085 755808
0 80712 33 0 1788978085 756085
0 80713 34 0 1788978085 756120
0 80721 47 0 1788978085 756479
0 80763 33 0 1788978085 758265
0 80766 34 0 1788978085 758370
0 80792 32 0 1788978085 759242
0 80823 33 0 1788978085 760296
0 80826 33 0 1788978085 760396
0 80869 32 0 1788978085 761839
0 80911 35 0 1788978085 763338
0 80923 33 0 1788978085 763803
0 80975 50 0 1788978085 765628
0 80978 33 0 1788978085 765737
0 80984 44 0 1788978085 765946
0 81001 33 0 1788978085 766514
0 81014 32 0 1788978085 766979
0 81045 44 0 1788978085 768281
0 81058 36 0 1788978085 768897
0 81096 42 0 1788978085 770201
0 81097 39 0 1788978085 770242
0 81103 34 0 1788978085 770454
0 81113 33 0 1788978085 770795
0 81122 32 0 1788978085 771106
0 81134 36 0 1788978085 771534
0 81137 52 0 1788978085 771653
0 81157 32 0 1788978085 772317
0 81173 41 0 1788978085 772894
0 81242 32 0 1788978085 775334
0 81255 33 0 1788978085 775775
0 81259 48 0 1788978085 775973
0 81267 33 0 1788978085 776246
0 81322 35 0 1788978085 778144
0 81327 33 0 1788978085 778310
0 81334 37 0 1788978085 778549
0 81396 33 0 1788978085 780675
0 81404 33 0 1788978085 780949
0 81420 33 0 1788978085 781495
0 81428 33 0 1788978085 781775
0 81452 32 0 1788978085 782585
0 81457 33 0 1788978085 782769
0 81465 32 0 1788978085 783037
0 81489 48 0 1788978085 783871
0 81494 34 0 1788978085 784060
0 81524 32 0 1788978085 785078
0 81547 32 0 1788978085 785859
0 81571 38 0 1788978085 786706
0 81591 49 0 1788978085 787401
0 81630 34 0 1788978085 789059
0 81635 35 0 1788978085 789237
0 81641 39 0 1788978085 789509
0 81644 44 0 1788978085 789637
0 81668 43 0 1788978085 790601
0 81688 40 0 1788978085 791432
0 81713 39 0 1788978085 792542
0 81739 39 0 1788978085 793625
0 81762 32 0 1788978085 794402
0 81781 33 0 1788978085 795083
0 81784 37 0 1788978085 795198
0 81813 33 0 1788978085 796426
0 81867 35 0 1788978085 798276
0 81909 44 0 1788978085 799787
0 81917 33 0 1788978085 800060
0 81943 40 0 1788978085 800959
0 81949 33 0 1788978085 801160
0 81952 32 0 1788978085 801260
0 81953 39 0 1788978085 801299
0 81980 33 0 1788978085 802217
0 82009 33 0 1788978085 803284
0 82027 43 0 1788978085 803994
0 82031 32 0 1788978085 804127
0 82042 33 0 1788978085 804552
0 82056 35 0 1788978085 805064
0 82112 32 0 1788978085 806993
0 82129 33 0 1788978085 807558
0 82146 34 0 1788978085 808145
0 82149 38 0 1788978085 808252
0 82154 33 0 1788978085 808496
0 82161 34 0 1788978085 808752
0 82207 32 0 1788978085 810361
0 82238 33 0 1788978085 811475
0 82251 35 0 1788978085 811934
0 82339 37 0 1788978085 814934
0 82343 39 0 1788978085 815081
0 82370 32 0 1788978085 815998
0 82404 33 0 1788978085 817259
0 82433 33 0 1788978085 818252
0 82475 40 0 1788978085 819640
0 82521 30 0 1788978085 821115
0 82545 31 0 1788978085 821867
0 82582 31 0 1788978085 823033
0 82650 32 0 1788978085 825393
0 82667 32 0 1788978085 825953
0 82677 32 0 1788978085 826277
0 82710 32 0 1788978085 827381
0 82719 40 0 1788978085 827689
0 82767 32 0 1788978085 829813
0 82772 34 0 1788978085 829984
0 82818 43 0 1788978085 831955
0 82853 42 0 1788978085 833492
0 82868 31 0 1788978085 834137
0 82872 32 0 1788978085 834267
0 82903 38 0 1788978085 835308
0 82910 32 0 1788978085 835540
0 82926 32 0 1788978085 836072
0 82932 32 0 1788978085 836263
0 82938 32 0 1788978085 836454
0 82948 31 0 1788978085 836800
0 82960 32 0 1788978085 837275
0 83011 32 0 1788978085 839170
0 83037 42 0 1788978085 840246
0 83038 46 0 1788978085 840296
0 83069 61 0 1788978085 841656
0 83071 36 0 1788978085 841732
0 83130 31 0 1788978085 843763
0 83131 32 0 1788978085 843798
0 83159 34 0 1788978085 844728
0 83164 32 0 1788978085 844890
0 83188 35 0 1788978085 845673
0 83214 31 0 1788978085 846500
0 83222 32 0 1788978085 846773
0 83229 31 0 1788978085 846995
0 83238 32 0 1788978085 847292
0 83259 31 0 1788978085 847972
0 83261 32 0 1788978085 848038
0 83265 38 0 1788978085 848171
0 83278 31 0 1788978085 848588
0 83298 44 0 1788978085 849240
0 83312 32 0 1788978085 849748
0 83326 33 0 1788978085 850203
0 83348 31 0 1788978085 851024
0 83357 31 0 1788978085 851320
0 83373 32 0 1788978085 851887
0 83400 33 0 1788978085 852817
0 83420 43 0 1788978085 853751
0 83424 43 0 1788978085 853927
0 83448 42 0 1788978085 854978
0 83471 43 0 1788978085 855976
0 83481 42 0 1788978085 856411
0 83485 45 0 1788978085 856586
0 83503 43 0 1788978085 857390
0 83505 42 0 1788978085 857478
0 83516 44 0 1788978085 857990
0 83581 43 0 1788978085 860893
0 83606 39 0 1788978085 861789
0 83621 32 0 1788978085 862329
0 83624 31 0 1788978085 862431
0 83646 31 0 1788978085 863153
0 83674 46 0 1788978085 864598
0 83681 85 0 1788978085 864977
0 83683 52 0 1788978085 865122
0 83687 43 0 1788978085 865301
0 83693 42 0 1788978085 865567
0 83696 44 0 1788978085 865723
0 83722 40 0 1788978085 866991
0 83743 86 0 1788978085 867914
0 83746 41 0 1788978085 868066
0 83747 49 0 1788978085 868117
0 83750 58 0 1788978085 868279
0 83776 87 0 1788978085 869650
0 83803 89 0 1788978085 870889
0 83850 63 0 1788978085 873658
0 83943 31 0 1788978085 877332
0 83955 31 0 1788978085 877728
0 83956 32 0 1788978085 877761
0 83957 31 0 1788978085 877792
0 83997 63 0 1788978085 879173
0 84010 40 0 1788978085 879634
0 84029 34 0 1788978085 880240
0 84040 33 0 1788978085 880677
0 84053 31 0 1788978085 881093
0 84055 31 0 1788978085 881157
0 84069 32 0 1788978085 881770
0 84073 32 0 1788978085 881901
0 84082 35 0 1788978085 882199
0 84101 32 0 1788978085 882865
0 84135 32 0 1788978085 884021
0 84137 32 0 1788978085 884087
0 84138 37 0 1788978085 884125
0 84147 33 0 1788978085 884419
0 84165 32 0 1788978085 885093
0 84197 32 0 1788978085 886173
0 84199 34 0 1788978085 886241
0 84225 35 0 1788978085 887106
0 84237 32 0 1788978085 887502
0 84259 32 0 1788978085 888226
0 84297 33 0 1788978085 889478
0 84309 31 0 1788978085 889948
0 84313 32 0 1788978085 890079
0 84336 31 0 1788978085 890848
0 84344 31 0 1788978085 891106
0 84366 31 0 1788978085 891829
0 84370 31 0 1788978085 891960
0 84379 32 0 1788978085 892246
0 84396 32 0 1788978085 892859
0 84474 31 0 1788978085 895815
0 84495 30 0 1788978085 896464
0 84507 31 0 1788978085 896855
0 84515 30 0 1788978085 897103
0 84537 31 0 1788978085 897811
0 84544 31 0 1788978085 898029
0 84573 32 0 1788978085 898968
0 84574 32 0 1788978085 899004
0 84603 33 0 1788978085 899930
0 84609 31 0 1788978085 900167
0 84611 31 0 1788978085 900233
0 84624 39 0 1788978085 900655
0 84633 31 0 1788978085 900948
0 84645 31 0 1788978085 901331
0 84652 31 0 1788978085 901552
0 84664 33 0 1788978085 901948
0 84703 31 0 1788978085 903414
0 84707 31 0 1788978085 903545
0 84774 31 0 1788978085 905746
0 84823 31 0 1788978085 907300
0 84837 31 0 1788978085 907755
0 84863 31 0 1788978085 908594
0 84866 34 0 1788978085 908704
0 84892 31 0 1788978085 909520
0 84904 31 0 1788978085 909917
0 84921 32 0 1788978085 910488
0 85057 35 0 1788978085 915119
0 85060 33 0 1788978085 915220
0 85073 42 0 1788978085 915663
0 85082 34 0 1788978085 915955
0 85085 32 0 1788978085 916052
0 85133 32 0 1788978085 917703
0 85150 42 0 1788978085 918272
0 85160 31 0 1788978085 918594
0 85182 32 0 1788978085 919365
0 85183 32 0 1788978085 919398
0 85198 32 0 1788978085 919916
0 85208 34 0 1788978085 920246
0 85216 31 0 1788978085 920513
0 85235 47 0 1788978085 921186
0 85240 31 0 1788978085 921348
0 85254 38 0 1788978085 921817
0 85255 32 0 1788978085 921850
0 85268 39 0 1788978085 922302
0 85285 31 0 1788978085 922879
0 85287 32 0 1788978085 922950
0 85303 47 0 1788978085 923482
0 85305 73 0 1788978085 923617
0 85350 31 0 1788978085 925196
0 85363 37 0 1788978085 925619
0 85384 31 0 1788978085 926311
0 85402 38 0 1788978085 926908
0 85403 32 0 1788978085 926941
0 85417 31 0 1788978085 927395
0 85431 31 0 1788978085 927887
0 85438 32 0 1788978085 928110
0 85462 33 0 1788978085 928965
0 85475 55 0 1788978085 929433
0 85493 32 0 1788978085 930051
0 85562 37 0 1788978085 932355
0 85565 31 0 1788978085 932451
0 85585 37 0 1788978085 933126
0 85598 35 0 1788978085 933584
0 85603 32 0 1788978085 933764
0 85610 32 0 1788978085 933998
0 85622 45 0 1788978085 934419
0 85627 67 0 1788978085 934674
0 85632 47 0 1788978085 934908
0 85658 51 0 1788978085 935933
0 85709 31 0 1788978085 937828
0 85712 31 0 1788978085 937924
0 85731 53 0 1788978085 938641
0 85751 31 0 1788978085 939280
0 85759 34 0 1788978085 939533
0 85763 34 0 1788978085 939683
0 85778 31 0 1788978085 940153
0 85880 30 0 1788978085 943465
0 85881 30 0 1788978085 943496
0 85925 30 0 1788978085 944889
0 85949 34 0 1788978085 945615
0 85952 35 0 1788978085 945722
0 85976 30 0 1788978085 946476
0 86002 30 0 1788978085 947275
0 86018 35 0 1788978085 947816
0 86020 31 0 1788978085 947880
0 86063 30 0 1788978085 949310
0 86065 43 0 1788978085 949394
0 86105 31 0 1788978085 950861
0 86111 30 0 1788978085 951049
0 86149 31 0 1788978085 952275
0 86193 31 0 1788978085 953768
0 86197 36 0 1788978085 953900
0 86202 31 0 1788978085 954062
0 86274 31 0 1788978085 956571
0 86282 32 0 1788978085 956840
0 86303 31 0 1788978085 957496
0 86343 31 0 1788978085 958803
0 86348 37 0 1788978085 958971
0 86357 36 0 1788978085 959258
0 86367 51 0 1788978085 959641
0 86401 32 0 1788978085 960779
0 86410 35 0 1788978085 961073
0 86424 31 0 1788978085 961527
0 86437 34 0 1788978085 961948
0 86451 31 0 1788978085 962409
0 86464 36 0 1788978085 962848
0 86496 31 0 1788978085 963879
0 86498 49 0 1788978085 963996
0 86526 30 0 1788978085 964891
0 86537 31 0 1788978085 965256
0 86543 31 0 1788978085 965448
0 86593 30 0 1788978085 967127
0 86706 31 0 1788978085 971768
0 86774 41 0 1788978085 974550
0 86782 41 0 1788978085 974906
0 86790 43 0 1788978085 975255
0 86833 44 0 1788978085 977107
0 86882 41 0 1788978085 979209
0 86904 43 0 1788978085 980144
0 86934 42 0 1788978085 981447
0 86935 42 0 1788978085 981491
0 86952 43 0 1788978085 982231
0 86964 41 0 1788978085 982758
0 87006 41 0 1788978085 984566
0 87026 43 0 1788978085 985416
0 87116 33 0 1788978085 989020
0 87141 31 0 1788978085 989826
0 87166 38 0 1788978085 990631
0 87168 31 0 1788978085 990696
0 87179 31 0 1788978085 991050
0 87186 30 0 1788978085 991268
0 87212 31 0 1788978085 992105
0 87223 39 0 1788978085 992454
0 87251 31 0 1788978085 993388
0 87252 31 0 1788978085 993420
0 87256 41 0 1788978085 993566
0 87348 30 0 1788978085 996458
0 87410 41 0 1788978085 998965
0 87424 41 0 1788978085 999548
0 87459 41 0 1788978086 1060
0 87530 40 0 1788978086 3843
0 87556 40 0 1788978086 4906
0 87580 41 0 1788978086 5885
0 87583 42 0 1788978086 6011
0 87629 45 0 1788978086 7942
0 87641 30 0 1788978086 8399
0 87658 39 0 1788978086 8969
0 87670 35 0 1788978086 9341
0 87701 30 0 1788978086 10287
0 87707 29 0 1788978086 10465
0 87749 30 0 1788978086 11886
0 87770 31 0 1788978086 12520
0 87771 35 0 1788978086 12556
0 87774 33 0 1788978086 12663
0 87799 29 0 1788978086 13400
0 87835 29 0 1788978086 14499
0 87874 31 0 1788978086 15665
0 87876 30 0 1788978086 15726
0 87901 30 0 1788978086 16537
0 87936 42 0 1788978086 17638
0 87958 29 0 1788978086 18305
0 87969 39 0 1788978086 18645
0 87972 29 0 1788978086 18735
0 88003 40 0 1788978086 19978
0 88006 40 0 1788978086 20103
0 88014 40 0 1788978086 20429
0 88093 29 0 1788978086 23022
0 88156 30 0 1788978086 25167
0 88163 29 0 1788978086 25384
0 88180 29 0 1788978086 25899
0 88192 34 0 1788978086 26274
0 88255 29 0 1788978086 28211
0 88278 58 0 1788978086 28944
0 88279 40 0 1788978086 28990
0 88295 75 0 1788978086 29549
0 88336 32 0 1788978086 30902
0 88337 37 0 1788978086 30941
0 88342 29 0 1788978086 31094
0 88346 34 0 1788978086 31223
0 88444 45 0 1788978086 34441
0 88455 30 0 1788978086 34829
0 88456 30 0 1788978086 34863
0 88507 35 0 1788978086 36491
0 88510 30 0 1788978086 36582
0 88527 43 0 1788978086 37193
0 88530 41 0 1788978086 37325
0 88551 33 0 1788978086 38257
0 88565 29 0 1788978086 38737
0 88630 36 0 1788978086 41299
0 88662 33 0 1788978086 42296
0 88671 47 0 1788978086 42591
0 88676 40 0 1788978086 42833
0 88685 29 0 1788978086 43119
0 88718 43 0 1788978086 44416
0 88724 29 0 1788978086 44601
0 88733 30 0 1788978086 44899
0 88736 30 0 1788978086 44994
0 88749 35 0 1788978086 45386
0 88782 29 0 1788978086 46386
0 88882 33 0 1788978086 49457
0 88949 41 0 1788978086 52284
0 88976 33 0 1788978086 53253
0 88985 30 0 1788978086 53535
0 89014 48 0 1788978086 54757
0 89025 30 0 1788978086 55190
0 89049 30 0 1788978086 56033
0 89065 29 0 1788978086 56541
0 89084 30 0 1788978086 57122
0 89114 30 0 1788978086 58024
0 89122 30 0 1788978086 58303
0 89128 36 0 1788978086 58520
0 89131 35 0 1788978086 58628
0 89161 30 0 1788978086 59558
0 89169 32 0 1788978086 59815
0 89173 29 0 1788978086 59935
0 89176 29 0 1788978086 60025
0 89204 29 0 1788978086 60955
0 89209 30 0 1788978086 61107
0 89213 29 0 1788978086 61226
0 89222 30 0 1788978086 61495
0 89252 30 0 1788978086 62529
0 89280 29 0 1788978086 63428
0 89299 31 0 1788978086 64051
0 89325 30 0 1788978086 64938
0 89373 33 0 1788978086 66478
0 89437 30 0 1788978086 68609
0 89452 31 0 1788978086 69130
0 89470 31 0 1788978086 69668
0 89495 29 0 1788978086 70399
0 89517 32 0 1788978086 71052
0 89523 32 0 1788978086 71230
0 89527 29 0 1788978086 71348
0 89533 29 0 1788978086 71523
0 89539 30 0 1788978086 71709
0 89553 29 0 1788978086 72131
0 89610 29 0 1788978086 73986
0 89624 29 0 1788978086 74402
0 89654 30 0 1788978086 75312
0 89692 35 0 1788978086 76476
0 89710 30 0 1788978086 77048
0 89729 44 0 1788978086 77638
0 89752 33 0 1788978086 78343
0 89802 30 0 1788978086 80008
0 89814 29 0 1788978086 80359
0 89850 66 0 1788978086 81825
0 89857 47 0 1788978086 82184
0 89868 73 0 1788978086 82860
0 89870 96 0 1788978086 83009
0 89898 29 0 1788978086 83929
0 89909 29 0 1788978086 84261
0 89916 28 0 1788978086 84465
0 89923 30 0 1788978086 84683
0 89942 28 0 1788978086 85238
0 89956 31 0 1788978086 85677
0 89977 29 0 1788978086 86308
0 89998 29 0 1788978086 86942
0 90008 29 0 1788978086 87241
0 90016 29 0 1788978086 87482
0 90095 32 0 1788978086 89884
0 90151 30 0 1788978086 91752
0 90157 33 0 1788978086 91940
0 90170 33 0 1788978086 92385
0 90229 30 0 1788978086 94245
0 90284 30 0 1788978086 96144
0 90287 30 0 1788978086 96237
0 90335 39 0 1788978086 98126
0 90336 41 0 1788978086 98170
0 90338 40 0 1788978086 98252
0 90350 40 0 1788978086 98751
0 90392 29 0 1788978086 100272
0 90408 29 0 1788978086 100824
0 90431 29 0 1788978086 101516
0 90451 29 0 1788978086 102215
0 90461 29 0 1788978086 102506
0 90479 40 0 1788978086 103171
0 90484 40 0 1788978086 103385
0 90486 40 0 1788978086 103468
0 90514 35 0 1788978086 104700
0 90548 35 0 1788978086 105997
0 90598 29 0 1788978086 107537
0 90611 30 0 1788978086 107942
0 90615 29 0 1788978086 108060
0 90621 29 0 1788978086 108238
0 90629 29 0 1788978086 108482
0 90658 33 0 1788978086 109356
0 90663 29 0 1788978086 109512
0 90679 29 0 1788978086 110000
0 90728 29 0 1788978086 111448
0 90756 31 0 1788978086 112308
0 90764 32 0 1788978086 112553
0 90772 37 0 1788978086 112840
0 90779 32 0 1788978086 113109
0 90802 29 0 1788978086 113858
0 90805 30 0 1788978086 113950
0 90869 66 0 1788978086 116142
0 90872 30 0 1788978086 116244
0 90874 30 0 1788978086 116306
0 90893 30 0 1788978086 116886
0 90902 32 0 1788978086 117192
0 90905 30 0 1788978086 117282
0 90912 29 0 1788978086 117490
0 90920 29 0 1788978086 117752
0 90923 30 0 1788978086 117844
0 90969 45 0 1788978086 119489
0 90982 44 0 1788978086 120134
0 90983 46 0 1788978086 120183
0 90994 31 0 1788978086 120538
0 91000 30 0 1788978086 120765
0 91022 34 0 1788978086 121709
0 91088 41 0 1788978086 124177
0 91092 31 0 1788978086 124306
0 91141 33 0 1788978086 125892
0 91157 32 0 1788978086 126418
0 91175 32 0 1788978086 127037
0 91183 30 0 1788978086 127284
0 91213 55 0 1788978086 128273
0 91243 31 0 1788978086 129685
0 91244 31 0 1788978086 129723
0 91267 56 0 1788978086 130620
0 91289 55 0 1788978086 131394
0 91302 38 0 1788978086 131894
0 91306 58 0 1788978086 132120
0 91366 29 0 1788978086 134825
0 91416 29 0 1788978086 136447
0 91424 33 0 1788978086 136696
0 91425 32 0 1788978086 136729
0 91431 46 0 1788978086 136925
0 91434 30 0 1788978086 137016
0 91483 29 0 1788978086 138518
0 91485 29 0 1788978086 138578
0 91503 29 0 1788978086 139119
0 91545 30 0 1788978086 140834
0 91558 30 0 1788978086 141242
0 91564 30 0 1788978086 141426
0 91572 34 0 1788978086 141691
0 91577 29 0 1788978086 141839
0 91602 33 0 1788978086 142616
0 91622 30 0 1788978086 143228
0 91742 44 0 1788978086 148357
0 91748 53 0 1788978086 148651
0 91779 61 0 1788978086 150017
0 91791 29 0 1788978086 150434
0 91802 29 0 1788978086 150778
0 91952 29 0 1788978086 155486
0 91962 30 0 1788978086 155802
0 91970 29 0 1788978086 156053
0 91991 37 0 1788978086 156837
0 91994 39 0 1788978086 156952
0 91996 39 0 1788978086 157030
0 92023 45 0 1788978086 158187
0 92048 42 0 1788978086 159278
0 92060 48 0 1788978086 159891
0 92067 41 0 1788978086 160256
0 92074 59 0 1788978086 160545
0 92119 29 0 1788978086 161940
0 92122 29 0 1788978086 162029
0 92181 29 0 1788978086 163924
0 92218 29 0 1788978086 165029
0 92225 37 0 1788978086 165247
0 92227 29 0 1788978086 165308
0 92228 30 0 1788978086 165339
0 92256 29 0 1788978086 166169
0 92261 29 0 1788978086 166319
0 92267 30 0 1788978086 166549
0 92290 30 0 1788978086 167241
0 92296 33 0 1788978086 167425
0 92316 30 0 1788978086 168021
0 92330 29 0 1788978086 168441
0 92371 29 0 1788978086 169945
0 92381 29 0 1788978086 170256
0 92398 30 0 1788978086 170820
0 92410 46 0 1788978086 171377
0 92428 30 0 1788978086 171982
0 92433 29 0 1788978086 172129
0 92470 30 0 1788978086 173267
0 92483 31 0 1788978086 173711
0 92515 46 0 1788978086 174817
0 92547 39 0 1788978086 175882
0 92581 39 0 1788978086 177398
0 92584 73 0 1788978086 177647
0 92612 29 0 1788978086 178586
0 92629 30 0 1788978086 179130
0 92683 29 0 1788978086 180761
0 92704 30 0 1788978086 181388
0 92713 32 0 1788978086 181670
0 92714 29 0 1788978086 181702
0 92723 30 0 1788978086 182003
0 92778 29 0 1788978086 183786
0 92789 29 0 1788978086 184111
0 92853 30 0 1788978086 186115
0 92890 36 0 1788978086 187426
0 92896 39 0 1788978086 187660
0 92924 52 0 1788978086 188648
0 92934 29 0 1788978086 188984
0 92939 30 0 1788978086 189134
0 92965 30 0 1788978086 190174
0 93018 28 0 1788978086 192129
0 93036 54 0 1788978086 192775
0 93041 50 0 1788978086 192976
0 93063 42 0 1788978086 193912
0 93067 42 0 1788978086 194087
0 93092 34 0 1788978086 195232
0 93099 33 0 1788978086 195490
0 93104 41 0 1788978086 195670
0 93105 38 0 1788978086 195710
0 93119 30 0 1788978086 196223
0 93136 35 0 1788978086 196764
0 93177 40 0 1788978086 198174
0 93181 40 0 1788978086 198354
0 93196 33 0 1788978086 198950
0 93204 32 0 1788978086 199221
0 93219 33 0 1788978086 199725
0 93230 36 0 1788978086 200106
0 93270 35 0 1788978086 201592
0 93271 41 0 1788978086 201636
0 93329 41 0 1788978086 203955
0 93393 30 0 1788978086 206221
0 93403 43 0 1788978086 206569
0 93476 48 0 1788978086 209782
0 93494 43 0 1788978086 210557
0 93511 43 0 1788978086 211328
0 93515 41 0 1788978086 211499
0 93517 41 0 1788978086 211584
0 93542 81 0 1788978086 212690
0 93570 41 0 1788978086 213975
0 93586 45 0 1788978086 214723
0 93588 44 0 1788978086 214815
0 93618 30 0 1788978086 216127
0 93630 37 0 1788978086 216496
0 93633 44 0 1788978086 216614
0 93637 30 0 1788978086 216744
0 93642 30 0 1788978086 216917
0 93645 30 0 1788978086 217008
0 93702 30 0 1788978086 218860
0 93736 31 0 1788978086 219959
0 93744 33 0 1788978086 220204
0 93746 31 0 1788978086 220274
0 93761 33 0 1788978086 220956
0 93800 30 0 1788978086 222180
0 93831 47 0 1788978086 223361
0 93840 43 0 1788978086 223821
0 93845 39 0 1788978086 224081
0 93847 36 0 1788978086 224156
0 93880 40 0 1788978086 225513
0 93894 31 0 1788978086 225971
0 93925 30 0 1788978086 226976
0 93936 30 0 1788978086 227309
0 93949 44 0 1788978086 227729
0 93959 30 0 1788978086 228060
0 93961 30 0 1788978086 228122
0 93970 30 0 1788978086 228396
0 93973 30 0 1788978086 228487
0 93987 31 0 1788978086 228931
0 94018 30 0 1788978086 229919
0 94046 30 0 1788978086 230801
0 94072 30 0 1788978086 231601
0 94082 34 0 1788978086 231935
0 94087 30 0 1788978086 232090
0 94097 30 0 1788978086 232405
0 94111 45 0 1788978086 232867
0 94138 31 0 1788978086 233737
0 94145 32 0 1788978086 233964
0 94146 32 0 1788978086 233996
0 94152 30 0 1788978086 234186
0 94158 35 0 1788978086 234376
0 94178 32 0 1788978086 235053
0 94196 37 0 1788978086 235661
0 94199 30 0 1788978086 235779
0 94204 30 0 1788978086 235935
0 94227 37 0 1788978086 236679
0 94281 31 0 1788978086 238469
0 94346 37 0 1788978086 240668
0 94392 30 0 1788978086 242314
0 94423 31 0 1788978086 243291
0 94490 30 0 1788978086 245375
0 94518 38 0 1788978086 246357
0 94521 30 0 1788978086 246460
0 94530 44 0 1788978086 246864
0 94533 42 0 1788978086 246997
0 94548 103 0 1788978086 247707
0 94575 30 0 1788978086 248720
0 94576 37 0 1788978086 248761
0 94580 38 0 1788978086 248918
0 94586 34 0 1788978086 249126
0 94593 33 0 1788978086 249387
0 94622 42 0 1788978086 250516
0 94693 41 0 1788978086 253482
0 94698 31 0 1788978086 253688
0 94701 30 0 1788978086 253781
0 94753 40 0 1788978086 255645
0 94766 30 0 1788978086 256042
0 94792 36 0 1788978086 256973
0 94794 32 0 1788978086 257040
0 94804 34 0 1788978086 257364
0 94836 31 0 1788978086 258386
0 94859 42 0 1788978086 259331
0 94866 31 0 1788978086 259585
0 94867 37 0 1788978086 259624
0 94869 31 0 1788978086 259697
0 94984 34 0 1788978086 263475
0 94994 34 0 1788978086 263888
0 95000 61 0 1788978086 264118
0 95010 35 0 1788978086 264483
0 95016 30 0 1788978086 264704
0 95053 31 0 1788978086 266032
0 95069 35 0 1788978086 266614
0 95073 33 0 1788978086 266758
0 95150 33 0 1788978086 269137
0 95158 30 0 1788978086 269383
0 95176 30 0 1788978086 269949
0 95211 32 0 1788978086 271059
0 95221 31 0 1788978086 271371
0 95230 37 0 1788978086 271657
0 95259 30 0 1788978086 272550
0 95292 35 0 1788978086 273801
0 95303 30 0 1788978086 274137
0 95325 30 0 1788978086 274853
0 95328 30 0 1788978086 274945
0 95350 34 0 1788978086 275684
0 95368 31 0 1788978086 276250
0 95374 30 0 1788978086 276433
0 95380 35 0 1788978086 276622
0 95415 41 0 1788978086 277723
0 95416 35 0 1788978086 277760
0 95420 30 0 1788978086 277883
0 95445 35 0 1788978086 278730
0 95470 36 0 1788978086 279576
0 95488 31 0 1788978086 280173
0 95498 31 0 1788978086 280492
0 95516 31 0 1788978086 281075
0 95548 31 0 1788978086 282117
0 95561 30 0 1788978086 282558
0 95603 30 0 1788978086 283914
0 95616 31 0 1788978086 284325
0 95640 30 0 1788978086 285087
0 95642 33 0 1788978086 285155
0 95660 30 0 1788978086 285716
0 95662 31 0 1788978086 285779
0 95665 36 0 1788978086 285877
0 95685 30 0 1788978086 286525
0 95689 37 0 1788978086 286659
0 95695 30 0 1788978086 286851
0 95710 31 0 1788978086 287377
0 95711 31 0 1788978086 287409
0 95752 30 0 1788978086 288810
0 95766 30 0 1788978086 289250
0 95775 30 0 1788978086 289528
0 95799 32 0 1788978086 290358
0 95877 36 0 1788978086 292960
0 95932 38 0 1788978086 294758
0 95947 37 0 1788978086 295375
0 95975 30 0 1788978086 296368
0 96010 31 0 1788978086 297476
0 96029 30 0 1788978086 298069
0 96032 30 0 1788978086 298161
0 96064 31 0 1788978086 299335
0 96073 45 0 1788978086 299629
0 96121 30 0 1788978086 301127
0 96205 30 0 1788978086 303765
0 96230 30 0 1788978086 304553
0 96238 33 0 1788978086 304838
0 96289 31 0 1788978086 306461
0 96293 30 0 1788978086 306584
0 96324 30 0 1788978086 307558
0 96326 40 0 1788978086 307630
0 96371 30 0 1788978086 309105
0 96387 87 0 1788978086 309693
0 96423 31 0 1788978086 310870
0 96445 30 0 1788978086 311550
0 96453 30 0 1788978086 311836
0 96455 33 0 1788978086 311901
0 96527 33 0 1788978086 314242
0 96568 56 0 1788978086 315884
0 96570 50 0 1788978086 315981
0 96571 48 0 1788978086 316032
0 96579 39 0 1788978086 316344
0 96595 30 0 1788978086 316890
0 96728 44 0 1788978086 321644
0 96753 30 0 1788978086 322416
0 96765 41 0 1788978086 322804
0 96781 30 0 1788978086 323300
0 96823 36 0 1788978086 324626
0 96843 30 0 1788978086 325237
0 96881 31 0 1788978086 326402
0 96897 30 0 1788978086 326900
0 96914 31 0 1788978086 327419
0 96954 30 0 1788978086 328694
0 96969 30 0 1788978086 329175
0 96971 30 0 1788978086 329237
0 97022 56 0 1788978086 330954
0 97121 44 0 1788978086 334764
0 97128 41 0 1788978086 335065
0 97133 42 0 1788978086 335275
0 97137 44 0 1788978086 335477
0 97140 31 0 1788978086 335579
0 97161 30 0 1788978086 336249
0 97164 30 0 1788978086 336341
0 97165 31 0 1788978086 336373
0 97167 30 0 1788978086 336434
0 97174 33 0 1788978086 336658
0 97191 30 0 1788978086 337195
0 97224 45 0 1788978086 338288
0 97238 42 0 1788978086 338889
0 97259 39 0 1788978086 339751
0 97297 30 0 1788978086 340977
0 97306 31 0 1788978086 341261
0 97328 36 0 1788978086 342001
0 97375 30 0 1788978086 343585
0 97379 31 0 1788978086 343723
0 97404 32 0 1788978086 344519
0 97419 41 0 1788978086 345184
0 97437 42 0 1788978086 345959
0 97444 40 0 1788978086 346259
0 97449 41 0 1788978086 346467
0 97452 41 0 1788978086 346593
0 97458 41 0 1788978086 346850
0 97466 41 0 1788978086 347186
0 97526 41 0 1788978086 349764
0 97556 41 0 1788978086 351044
0 97564 42 0 1788978086 351387
0 97592 42 0 1788978086 352589
0 97632 33 0 1788978086 354237
0 97672 30 0 1788978086 355486
0 97705 30 0 1788978086 356495
0 97708 30 0 1788978086 356587
0 97737 31 0 1788978086 357508
0 97804 43 0 1788978086 360077
0 97824 34 0 1788978086 360857
0 97831 32 0 1788978086 361091
0 97866 37 0 1788978086 362291
0 97877 54 0 1788978086 362707
0 97933 45 0 1788978086 364654
0 97977 30 0 1788978086 366068
0 97994 42 0 1788978086 366622
0 97997 31 0 1788978086 366722
0 98036 31 0 1788978086 367975
0 98125 31 0 1788978086 371021
0 98164 57 0 1788978086 372651
0 98177 30 0 1788978086 373092
0 98213 42 0 1788978086 374555
0 98244 31 0 1788978086 375584
0 98316 42 0 1788978086 378237
0 98320 44 0 1788978086 378409
0 98344 48 0 1788978086 379422
0 98355 33 0 1788978086 379851
0 98383 31 0 1788978086 380959
0 98385 30 0 1788978086 381022
0 98414 65 0 1788978086 381968
0 98446 29 0 1788978086 382940
0 98451 30 0 1788978086 383088
0 98485 29 0 1788978086 384103
0 98513 29 0 1788978086 384940
0 98518 29 0 1788978086 385087
0 98560 29 0 1788978086 386349
0 98567 29 0 1788978086 386556
0 98587 30 0 1788978086 387207
0 98604 31 0 1788978086 387768
0 98630 30 0 1788978086 388554
0 98631 33 0 1788978086 388587
0 98632 44 0 1788978086 388632
0 98644 32 0 1788978086 389014
0 98692 34 0 1788978086 390574
0 98746 32 0 1788978086 392389
0 98756 31 0 1788978086 392710
0 98760 30 0 1788978086 392837
0 98761 29 0 1788978086 392867
0 98786 40 0 1788978086 393665
0 98813 30 0 1788978086 394508
0 98821 68 0 1788978086 394877
0 98836 30 0 1788978086 395350
0 98875 38 0 1788978086 396624
0 98898 30 0 1788978086 397353
0 98925 30 0 1788978086 398254
0 98931 37 0 1788978086 398453
0 98958 30 0 1788978086 399295
0 99000 30 0 1788978086 400596
0 99037 30 0 1788978086 401779
0 99040 30 0 1788978086 401870
0 99184 30 0 1788978086 406515
0 99186 29 0 1788978086 406577
0 99194 34 0 1788978086 406903
0 99226 30 0 1788978086 407903
0 99230 30 0 1788978086 408031
0 99232 30 0 1788978086 408091
0 99240 38 0 1788978086 408361
0 99245 42 0 1788978086 408569
0 99254 30 0 1788978086 408937
0 99259 30 0 1788978086 409099
0 99261 29 0 1788978086 409159
0 99264 29 0 1788978086 409253
0 99292 30 0 1788978086 410133
0 99317 29 0 1788978086 410901
0 99318 35 0 1788978086 410937
0 99364 36 0 1788978086 412387
0 99366 30 0 1788978086 412451
0 99373 32 0 1788978086 412675
0 99398 29 0 1788978086 413494
0 99408 29 0 1788978086 413813
0 99419 32 0 1788978086 414163
0 99444 36 0 1788978086 414964
0 99465 36 0 1788978086 415680
0 99470 33 0 1788978086 415843
0 99532 29 0 1788978086 417793
0 99536 39 0 1788978086 417923
0 99567 31 0 1788978086 419101
0 99577 30 0 1788978086 419434
0 99592 47 0 1788978086 419941
0 99598 71 0 1788978086 420229
0 99605 31 0 1788978086 420500
0 99615 29 0 1788978086 420834
0 99634 30 0 1788978086 421391
0 99637 31 0 1788978086 421487
0 99686 54 0 1788978086 423326
0 99687 44 0 1788978086 423374
0 99698 40 0 1788978086 423839
0 99709 30 0 1788978086 424212
0 99727 33 0 1788978086 424764
0 99744 29 0 1788978086 425320
0 99748 30 0 1788978086 425440
0 99757 31 0 1788978086 425774
0 99758 29 0 1788978086 425804
0 99765 29 0 1788978086 426017
0 99777 29 0 1788978086 426367
0 99796 29 0 1788978086 426970
0 99823 30 0 1788978086 427818
0 99834 34 0 1788978086 428171
0 99842 30 0 1788978086 428468
0 99849 34 0 1788978086 428707
0 99868 29 0 1788978086 429279
0 99872 31 0 1788978086 429402
0 99903 30 0 1788978086 430372
0 100033 30 0 1788978086 434715
0 100060 30 0 1788978086 435542
0 100061 32 0 1788978086 435575
0 100116 30 0 1788978086 437291
0 100124 29 0 1788978086 437541
0 100149 37 0 1788978086 438318
0 100225 43 0 1788978086 440972
0 100231 48 0 1788978086 441178
0 100260 38 0 1788978086 442395
0 100262 76 0 1788978086 442534
0 100264 52 0 1788978086 442630
0 100265 35 0 1788978086 442667
0 100267 29 0 1788978086 442727
0 100278 29 0 1788978086 443056
0 100286 29 0 1788978086 443288
0 100307 29 0 1788978086 443926
0 100331 36 0 1788978086 444636
0 100370 29 0 1788978086 445876
0 100385 40 0 1788978086 446402
0 100387 41 0 1788978086 446487
0 100388 41 0 1788978086 446529
0 100391 43 0 1788978086 446718
0 100410 46 0 1788978086 447312
0 100431 53 0 1788978086 448215
0 100494 30 0 1788978086 450270
0 100548 39 0 1788978086 452072
0 100566 32 0 1788978086 452679
0 100577 31 0 1788978086 453018
0 100609 36 0 1788978086 454031
0 100615 34 0 1788978086 454232
0 100623 30 0 1788978086 454491
0 100640 29 0 1788978086 455072
0 100667 30 0 1788978086 455974
0 100672 30 0 1788978086 456148
0 100674 30 0 1788978086 456210
0 100697 39 0 1788978086 456977
0 100702 31 0 1788978086 457139
0 100718 31 0 1788978086 457696
0 100740 44 0 1788978086 458492
0 100755 35 0 1788978086 459142
0 100776 34 0 1788978086 459957
0 100801 29 0 1788978086 460789
0 100858 30 0 1788978086 462789
0 100907 29 0 1788978086 464362
0 100909 30 0 1788978086 464425
0 100955 30 0 1788978086 465954
0 100959 30 0 1788978086 466076
0 100974 30 0 1788978086 466520
0 100985 30 0 1788978086 466877
0 101018 30 0 1788978086 467893
0 101055 30 0 1788978086 469050
0 101078 30 0 1788978086 469781
0 101086 30 0 1788978086 470025
0 101091 30 0 1788978086 470175
0 101113 30 0 1788978086 470868
0 101116 30 0 1788978086 470958
0 101158 30 0 1788978086 472283
0 101182 30 0 1788978086 473042
0 101187 30 0 1788978086 473192
0 101198 64 0 1788978086 473672
0 101206 45 0 1788978086 474126
0 101215 41 0 1788978086 474484
0 101222 45 0 1788978086 474775
0 101228 35 0 1788978086 475066
0 101258 29 0 1788978086 476106
0 101266 30 0 1788978086 476357
0 101277 31 0 1788978086 476717
0 101315 36 0 1788978086 478411
0 101322 33 0 1788978086 478675
0 101331 29 0 1788978086 478947
0 101344 36 0 1788978086 479425
0 101354 38 0 1788978086 479839
0 101355 39 0 1788978086 479881
0 101361 51 0 1788978086 480157
0 101370 35 0 1788978086 480562
0 101404 42 0 1788978086 481901
0 101417 37 0 1788978086 482395
0 101454 30 0 1788978086 483606
0 101455 53 0 1788978086 483661
0 101461 30 0 1788978086 483842
0 101476 30 0 1788978086 484296
0 101484 34 0 1788978086 484545
0 101493 32 0 1788978086 484842
0 101507 30 0 1788978086 485327
0 101511 30 0 1788978086 485456
0 101551 35 0 1788978086 486774
0 101566 35 0 1788978086 487320
0 101568 35 0 1788978086 487389
0 101584 59 0 1788978086 488065
0 101593 51 0 1788978086 488486
0 101630 92 0 1788978086 490270
0 101640 39 0 1788978086 490689
0 101665 40 0 1788978086 491625
0 101678 37 0 1788978086 492121
0 101681 81 0 1788978086 492291
0 101700 35 0 1788978086 493088
0 101712 31 0 1788978086 493537
0 101738 45 0 1788978086 494435
0 101740 52 0 1788978086 494543
0 101741 60 0 1788978086 494605
0 101752 38 0 1788978086 495224
0 101786 46 0 1788978086 496827
0 101800 57 0 1788978086 497594
0 101803 71 0 1788978086 497763
0 101832 40 0 1788978086 499120
0 101860 41 0 1788978086 500757
0 101869 39 0 1788978086 501125
0 101907 38 0 1788978086 502635
0 101912 30 0 1788978086 502790
0 101931 29 0 1788978086 503366
0 101933 29 0 1788978086 503426
0 101946 29 0 1788978086 503832
0 101956 29 0 1788978086 504126
0 101963 30 0 1788978086 504341
0 101983 31 0 1788978086 505223
0 102007 37 0 1788978086 506431
0 102008 37 0 1788978086 506473
0 102051 33 0 1788978086 508238
0 102052 38 0 1788978086 508282
0 102063 32 0 1788978086 508748
0 102082 33 0 1788978086 509604
0 102103 30 0 1788978086 510344
0 102230 36 0 1788978086 514862
0 102253 30 0 1788978086 515562
0 102317 32 0 1788978086 517686
0 102378 30 0 1788978086 519886
0 102379 30 0 1788978086 519920
0 102401 37 0 1788978086 520662
0 102422 33 0 1788978086 521310
0 102427 31 0 1788978086 521463
0 102474 33 0 1788978086 523074
0 102515 33 0 1788978086 524482
0 102579 30 0 1788978086 526581
0 102606 43 0 1788978086 527587
0 102611 30 0 1788978086 527793
0 102638 33 0 1788978086 528679
0 102664 30 0 1788978086 529514
0 102682 42 0 1788978086 530132
0 102704 37 0 1788978086 530920
0 102767 31 0 1788978086 533078
0 102774 31 0 1788978086 533299
0 102778 31 0 1788978086 533423
0 102810 34 0 1788978086 534420
0 102816 31 0 1788978086 534607
0 102834 30 0 1788978086 535198
0 102847 40 0 1788978086 535626
0 102864 32 0 1788978086 536177
0 102869 32 0 1788978086 536343
0 102918 33 0 1788978086 537927
0 102920 30 0 1788978086 537989
0 102929 31 0 1788978086 538277
0 102932 39 0 1788978086 538385
0 102947 34 0 1788978086 538904
0 102957 31 0 1788978086 539230
0 102986 36 0 1788978086 540369
0 103023 46 0 1788978086 542249
0 103060 47 0 1788978086 543815
0 103073 30 0 1788978086 544225
0 103115 42 0 1788978086 545658
0 103117 31 0 1788978086 545723
0 103127 31 0 1788978086 546068
0 103128 31 0 1788978086 546100
0 103144 30 0 1788978086 546585
0 103164 44 0 1788978086 547410
0 103170 44 0 1788978086 547675
0 103178 45 0 1788978086 548032
0 103203 105 0 1788978086 549165
0 103245 31 0 1788978086 550537
0 103256 31 0 1788978086 550908
0 103272 30 0 1788978086 551419
0 103289 42 0 1788978086 552201
0 103299 59 0 1788978086 552665
0 103314 31 0 1788978086 553146
0 103377 30 0 1788978086 555226
0 103399 33 0 1788978086 555937
0 103402 64 0 1788978086 556068
0 103407 41 0 1788978086 556283
0 103422 32 0 1788978086 556934
0 103423 34 0 1788978086 556972
0 103441 30 0 1788978086 557588
0 103460 30 0 1788978086 558346
0 103493 30 0 1788978086 559558
0 103501 31 0 1788978086 559835
0 103508 30 0 1788978086 560050
0 103516 30 0 1788978086 560296
0 103537 30 0 1788978086 560961
0 103548 31 0 1788978086 561309
0 103582 31 0 1788978086 562409
0 103584 31 0 1788978086 562479
0 103588 31 0 1788978086 562604
0 103608 29 0 1788978086 563247
0 103617 38 0 1788978086 563524
0 103644 36 0 1788978086 564395
0 103662 29 0 1788978086 564958
0 103708 29 0 1788978086 566367
0 103717 47 0 1788978086 566648
0 103722 42 0 1788978086 566895
0 103743 31 0 1788978086 567812
0 103759 34 0 1788978086 568373
0 103777 29 0 1788978086 569003
0 103780 29 0 1788978086 569094
0 103811 29 0 1788978086 570110
0 103812 30 0 1788978086 570142
0 103842 29 0 1788978086 571028
0 103850 30 0 1788978086 571262
0 103852 32 0 1788978086 571326
0 103854 36 0 1788978086 571400
0 103885 37 0 1788978086 572488
0 103904 42 0 1788978086 573362
0 103925 36 0 1788978086 574133
0 103933 29 0 1788978086 574382
0 103967 28 0 1788978086 575387
0 103973 29 0 1788978086 575563
0 103977 36 0 1788978086 575701
0 103987 31 0 1788978086 576006
0 104030 36 0 1788978086 577539
0 104035 29 0 1788978086 577703
0 104039 29 0 1788978086 577829
0 104114 33 0 1788978086 580286
0 104120 32 0 1788978086 580480
0 104223 35 0 1788978086 584125
0 104242 29 0 1788978086 584744
0 104277 28 0 1788978086 585792
0 104287 29 0 1788978086 586111
0 104303 29 0 1788978086 586580
0 104330 33 0 1788978086 587474
0 104356 29 0 1788978086 588317
0 104367 34 0 1788978086 588670
0 104368 29 0 1788978086 588701
0 104384 29 0 1788978086 589177
0 104394 29 0 1788978086 589475
0 104469 29 0 1788978086 591977
0 104478 30 0 1788978086 592256
0 104528 40 0 1788978086 594048
0 104529 41 0 1788978086 594092
0 104560 41 0 1788978086 595390
0 104566 55 0 1788978086 595697
0 104571 31 0 1788978086 595859
0 104583 30 0 1788978086 596224
0 104633 30 0 1788978086 597792
0 104635 35 0 1788978086 597857
0 104641 30 0 1788978086 598055
0 104654 40 0 1788978086 598570
0 104657 41 0 1788978086 598719
0 104703 29 0 1788978086 600361
0 104722 33 0 1788978086 600969
0 104747 30 0 1788978086 601773
0 104754 29 0 1788978086 601987
0 104759 29 0 1788978086 602143
0 104784 35 0 1788978086 603040
0 104788 35 0 1788978086 603169
0 104791 58 0 1788978086 603294
0 104800 35 0 1788978086 603587
0 104831 29 0 1788978086 604541
0 104847 34 0 1788978086 605047
0 104875 29 0 1788978086 605903
0 104879 33 0 1788978086 606032
0 104905 69 0 1788978086 606927
0 104933 41 0 1788978086 608020
0 104934 37 0 1788978086 608058
0 104949 45 0 1788978086 608698
0 104959 31 0 1788978086 609042
0 104964 31 0 1788978086 609200
0 105000 29 0 1788978086 610466
0 105024 41 0 1788978086 611590
0 105041 42 0 1788978086 612340
0 105053 35 0 1788978086 612910
0 105081 39 0 1788978086 614025
0 105084 37 0 1788978086 614140
0 105087 53 0 1788978086 614278
0 105110 31 0 1788978086 615391
0 105117 43 0 1788978086 615631
0 105130 31 0 1788978086 616149
0 105133 35 0 1788978086 616252
0 105136 29 0 1788978086 616344
0 105141 32 0 1788978086 616505
0 105169 30 0 1788978086 617443
0 105178 42 0 1788978086 617792
0 105186 40 0 1788978086 618121
0 105192 40 0 1788978086 618364
0 105207 30 0 1788978086 618904
0 105228 41 0 1788978086 619551
0 105239 39 0 1788978086 620007
0 105273 40 0 1788978086 621379
0 105295 39 0 1788978086 622292
0 105303 44 0 1788978086 622623
0 105314 40 0 1788978086 623072
0 105343 30 0 1788978086 624507
0 105365 31 0 1788978086 625220
0 105372 29 0 1788978086 625427
0 105388 30 0 1788978086 625911
0 105405 30 0 1788978086 626416
0 105457 30 0 1788978086 628025
0 105462 29 0 1788978086 628176
0 105481 30 0 1788978086 628761
0 105483 30 0 1788978086 628822
0 105518 30 0 1788978086 629939
0 105523 31 0 1788978086 630109
0 105575 32 0 1788978086 631784
0 105582 44 0 1788978086 632028
0 105594 33 0 1788978086 632524
0 105651 31 0 1788978086 634462
0 105708 38 0 1788978086 636387
0 105720 30 0 1788978086 636887
0 105724 30 0 1788978086 637012
0 105725 33 0 1788978086 637046
0 105745 33 0 1788978086 637686
0 105746 31 0 1788978086 637718
0 105768 45 0 1788978086 638472
0 105775 51 0 1788978086 638837
0 105790 36 0 1788978086 639481
0 105817 29 0 1788978086 640400
0 105956 30 0 1788978086 644852
0 105968 30 0 1788978086 645221
0 105992 31 0 1788978086 645974
0 105999 31 0 1788978086 646190
0 106023 35 0 1788978086 646979
0 106024 35 0 1788978086 647015
0 106055 30 0 1788978086 648101
0 106061 31 0 1788978086 648296
0 106086 31 0 1788978086 649129
0 106092 48 0 1788978086 649340
0 106105 41 0 1788978086 649917
0 106114 41 0 1788978086 650292
0 106120 54 0 1788978086 650564
0 106124 30 0 1788978086 650702
0 106126 30 0 1788978086 650765
0 106127 30 0 1788978086 650796
0 106168 31 0 1788978086 652346
0 106229 31 0 1788978086 654361
0 106242 30 0 1788978086 654798
0 106269 33 0 1788978086 655659
0 106305 31 0 1788978086 656806
0 106323 41 0 1788978086 657479
0 106329 41 0 1788978086 657746
0 106355 42 0 1788978086 658893
0 106366 42 0 1788978086 659362
0 106434 34 0 1788978086 662316
0 106455 33 0 1788978086 663019
0 106457 35 0 1788978086 663090
0 106458 32 0 1788978086 663124
0 106490 31 0 1788978086 664287
0 106499 30 0 1788978086 664561
0 106509 31 0 1788978086 664889
0 106538 31 0 1788978086 665786
0 106553 30 0 1788978086 666304
0 106586 31 0 1788978086 667333
0 106589 30 0 1788978086 667425
0 106595 30 0 1788978086 667609
0 106614 31 0 1788978086 668228
0 106619 30 0 1788978086 668384
0 106657 30 0 1788978086 669584
0 106690 37 0 1788978086 670643
0 106709 36 0 1788978086 671245
0 106730 34 0 1788978086 671918
0 106743 37 0 1788978086 672390
0 106777 31 0 1788978086 673523
0 106778 30 0 1788978086 673555
0 106815 35 0 1788978086 674953
0 106823 40 0 1788978086 675244
0 106841 34 0 1788978086 675853
0 106875 30 0 1788978086 677241
0 106881 31 0 1788978086 677427
0 106882 30 0 1788978086 677458
0 106897 30 0 1788978086 677939
0 106898 30 0 1788978086 677970
0 106913 45 0 1788978086 678573
0 106916 41 0 1788978086 678732
0 106966 41 0 1788978086 680577
0 106967 47 0 1788978086 680627
0 106990 30 0 1788978086 681419
0 106993 31 0 1788978086 681514
0 106995 30 0 1788978086 681575
0 107009 31 0 1788978086 682036
0 107014 30 0 1788978086 682187
0 107023 30 0 1788978086 682460
0 107029 35 0 1788978086 682657
0 107035 31 0 1788978086 682847
0 107079 46 0 1788978086 684319
0 107081 33 0 1788978086 684401
0 107100 30 0 1788978086 685034
0 107120 42 0 1788978086 685794
0 107125 41 0 1788978086 686008
0 107132 32 0 1788978086 686299
0 107136 30 0 1788978086 686422
0 107160 30 0 1788978086 687173
0 107240 33 0 1788978086 689778
0 107253 72 0 1788978086 690243
0 107272 37 0 1788978086 691190
0 107278 41 0 1788978086 691428
0 107298 30 0 1788978086 692065
0 107318 30 0 1788978086 692746
0 107333 30 0 1788978086 693200
0 107344 32 0 1788978086 693539
0 107357 30 0 1788978086 693951
0 107378 30 0 1788978086 694585
0 107379 37 0 1788978086 694623
0 107413 32 0 1788978086 695680
0 107442 30 0 1788978086 696574
0 107477 32 0 1788978086 697678
0 107490 30 0 1788978086 698079
0 107494 31 0 1788978086 698202
0 107501 31 0 1788978086 698427
0 107513 31 0 1788978086 698823
0 107516 30 0 1788978086 698917
0 107518 32 0 1788978086 698982
0 107519 31 0 1788978086 699014
0 107522 30 0 1788978086 699111
0 107537 30 0 1788978086 699580
0 107538 41 0 1788978086 699622
0 107541 34 0 1788978086 699790
0 107549 38 0 1788978086 700066
0 107552 40 0 1788978086 700182
0 107567 32 0 1788978086 700721
0 107583 42 0 1788978086 701396
0 107597 50 0 1788978086 702059
0 107601 32 0 1788978086 702230
0 107616 29 0 1788978086 702713
0 107620 30 0 1788978086 702833
0 107622 35 0 1788978086 702899
0 107631 29 0 1788978086 703171
0 107644 30 0 1788978086 703595
0 107660 29 0 1788978086 704093
0 107662 30 0 1788978086 704154
0 107685 30 0 1788978086 704912
0 107690 30 0 1788978086 705064
0 107708 35 0 1788978086 705618
0 107715 30 0 1788978086 705869
0 107722 30 0 1788978086 706082
0 107738 34 0 1788978086 706580
0 107742 31 0 1788978086 706713
0 107745 30 0 1788978086 706805
0 107777 30 0 1788978086 707795
0 107812 42 0 1788978086 709202
0 107814 43 0 1788978086 709290
0 107832 41 0 1788978086 710258
0 107834 32 0 1788978086 710333
0 107893 33 0 1788978086 712367
0 107904 30 0 1788978086 712716
0 107905 30 0 1788978086 712747
0 107947 58 0 1788978086 714182
0 107975 30 0 1788978086 715063
0 107976 31 0 1788978086 715095
0 107992 31 0 1788978086 715587
0 107993 36 0 1788978086 715623
0 108022 31 0 1788978086 716511
0 108042 31 0 1788978086 717156
0 108050 31 0 1788978086 717403
0 108082 37 0 1788978086 718506
0 108091 32 0 1788978086 718816
0 108123 31 0 1788978086 719898
0 108180 35 0 1788978086 721808
0 108189 33 0 1788978086 722090
0 108191 34 0 1788978086 722156
0 108219 34 0 1788978086 723069
0 108243 36 0 1788978086 723883
0 108259 43 0 1788978086 724490
0 108319 33 0 1788978086 726975
0 108320 36 0 1788978086 727015
0 108342 34 0 1788978086 727862
0 108356 31 0 1788978086 728308
0 108366 38 0 1788978086 728623
0 108403 31 0 1788978086 729804
0 108405 31 0 1788978086 729867
0 108411 31 0 1788978086 730052
0 108432 31 0 1788978086 730832
0 108542 41 0 1788978086 734555
0 108581 41 0 1788978086 736227
0 108595 41 0 1788978086 736837
0 108596 67 0 1788978086 736905
0 108619 36 0 1788978086 737657
0 108653 33 0 1788978086 738839
0 108812 30 0 1788978086 744466
0 108880 30 0 1788978086 746567
0 108891 31 0 1788978086 746924
0 108897 35 0 1788978086 747115
0 108932 31 0 1788978086 748366
0 109021 31 0 1788978086 751321
0 109039 31 0 1788978086 751963
0 109077 31 0 1788978086 753280
0 109133 36 0 1788978086 755159
0 109145 31 0 1788978086 755529
0 109146 30 0 1788978086 755560
0 109157 30 0 1788978086 755928
0 109164 30 0 1788978086 756159
0 109189 39 0 1788978086 757090
0 109211 31 0 1788978086 757847
0 109227 36 0 1788978086 758451
0 109284 32 0 1788978086 760383
0 109298 31 0 1788978086 760844
0 109307 30 0 1788978086 761120
0 109308 30 0 1788978086 761151
0 109373 40 0 1788978086 763215
0 109441 31 0 1788978086 765340
0 109465 31 0 1788978086 766097
0 109495 31 0 1788978086 767075
0 109507 30 0 1788978086 767453
0 109520 30 0 1788978086 767867
0 109530 30 0 1788978086 768183
0 109538 33 0 1788978086 768430
0 109546 37 0 1788978086 768727
0 109552 30 0 1788978086 768925
0 109569 31 0 1788978086 769458
0 109603 30 0 1788978086 770531
0 109631 31 0 1788978086 771413
0 109670 33 0 1788978086 772650
0 109682 36 0 1788978086 773034
0 109702 34 0 1788978086 773736
0 109740 31 0 1788978086 775024
0 109742 34 0 1788978086 775098
0 109745 31 0 1788978086 775192
0 109760 35 0 1788978086 775665
0 109776 30 0 1788978086 776168
0 109778 31 0 1788978086 776231
0 109779 31 0 1788978086 776263
0 109783 32 0 1788978086 776409
0 109844 31 0 1788978086 778450
0 109863 31 0 1788978086 779127
0 109979 80 0 1788978086 783683
0 110012 31 0 1788978086 784905
0 110019 31 0 1788978086 785122
0 110057 31 0 1788978086 786334
0 110100 35 0 1788978086 787702
0 110105 30 0 1788978086 787857
0 110135 30 0 1788978086 788818
0 110144 31 0 1788978086 789105
0 110147 31 0 1788978086 789201
0 110188 39 0 1788978086 790572
0 110216 30 0 1788978086 791697
0 110224 31 0 1788978086 791977
0 110288 30 0 1788978086 794128
0 110297 30 0 1788978086 794402
0 110304 36 0 1788978086 794626
0 110324 30 0 1788978086 795234
0 110328 30 0 1788978086 795355
0 110359 30 0 1788978086 796311
0 110405 31 0 1788978086 797759
0 110449 30 0 1788978086 799115
0 110455 34 0 1788978086 799309
0 110465 40 0 1788978086 799669
0 110479 31 0 1788978086 800108
0 110498 31 0 1788978086 800722
0 110553 42 0 1788978086 802894
0 110596 47 0 1788978086 804656
0 110619 31 0 1788978086 805482
0 110626 38 0 1788978086 805731
0 110628 30 0 1788978086 805793
0 110647 31 0 1788978086 806386
0 110675 31 0 1788978086 807328
0 110698 33 0 1788978086 808078
0 110720 30 0 1788978086 808827
0 110753 43 0 1788978086 810259
0 110755 45 0 1788978086 810353
0 110756 54 0 1788978086 810409
0 110765 65 0 1788978086 810858
0 110774 31 0 1788978086 811202
0 110796 51 0 1788978086 812176
0 110845 43 0 1788978086 813782
0 110859 30 0 1788978086 814241
0 110883 30 0 1788978086 815078
0 110889 30 0 1788978086 815263
0 110894 30 0 1788978086 815427
0 110921 32 0 1788978086 816271
0 110929 31 0 1788978086 816588
0 110932 31 0 1788978086 816706
0 110961 39 0 1788978086 817656
0 110967 35 0 1788978086 817856
0 110968 33 0 1788978086 817891
0 110980 30 0 1788978086 818272
0 110985 30 0 1788978086 818445
0 111017 56 0 1788978086 819659
0 111020 32 0 1788978086 819759
0 111026 31 0 1788978086 819967
0 111057 30 0 1788978086 820978
0 111126 43 0 1788978086 823255
0 111127 34 0 1788978086 823291
0 111134 55 0 1788978086 823555
0 111137 43 0 1788978086 823785
0 111168 30 0 1788978086 825006
0 111220 37 0 1788978086 826634
0 111221 32 0 1788978086 826668
0 111227 30 0 1788978086 826850
0 111234 30 0 1788978086 827060
0 111236 31 0 1788978086 827126
0 111244 30 0 1788978086 827366
0 111255 31 0 1788978086 827772
0 111283 36 0 1788978086 828638
0 111321 37 0 1788978086 830172
0 111340 31 0 1788978086 830790
0 111396 30 0 1788978086 832529
0 111398 30 0 1788978086 832591
0 111423 33 0 1788978086 833365
0 111430 30 0 1788978086 833580
0 111438 31 0 1788978086 833835
0 111455 35 0 1788978086 834369
0 111474 31 0 1788978086 835007
0 111488 31 0 1788978086 835455
0 111509 31 0 1788978086 836117
0 111522 30 0 1788978086 836522
0 111528 40 0 1788978086 836735
0 111531 32 0 1788978086 836853
0 111553 32 0 1788978086 837560
0 111561 68 0 1788978086 837894
0 111601 30 0 1788978086 839236
0 111609 30 0 1788978086 839479
0 111613 35 0 1788978086 839616
0 111615 31 0 1788978086 839688
0 111640 45 0 1788978086 840542
0 111642 45 0 1788978086 840624
0 111652 33 0 1788978086 840963
0 111663 35 0 1788978086 841346
0 111696 40 0 1788978086 842567
0 111705 44 0 1788978086 843026
0 111706 43 0 1788978086 843071
0 111783 38 0 1788978086 846325
0 111795 30 0 1788978086 846744
0 111807 36 0 1788978086 847258
0 111827 35 0 1788978086 847888
0 111829 33 0 1788978086 847955
0 111860 30 0 1788978086 848911
0 111867 31 0 1788978086 849143
0 111889 31 0 1788978086 849843
0 111902 33 0 1788978086 850245
0 111931 30 0 1788978086 851177
0 111937 34 0 1788978086 851374
0 111990 31 0 1788978086 853192
0 111997 31 0 1788978086 853439
0 112004 44 0 1788978086 853737
0 112017 32 0 1788978086 854230
0 112027 31 0 1788978086 854571
0 112072 30 0 1788978086 856060
0 112073 35 0 1788978086 856097
0 112075 34 0 1788978086 856162
0 112136 30 0 1788978086 858606
0 112170 38 0 1788978086 860013
0 112188 48 0 1788978086 860709
0 112196 36 0 1788978086 861064
0 112235 30 0 1788978086 862402
0 112241 30 0 1788978086 862585
0 112250 30 0 1788978086 862875
0 112266 42 0 1788978086 863405
0 112316 42 0 1788978086 865401
0 112323 42 0 1788978086 865811
0 112406 47 0 1788978086 870029
0 112425 39 0 1788978086 871143
0 112454 40 0 1788978086 872305
0 112478 36 0 1788978086 873621
0 112536 31 0 1788978086 875893
0 112540 40 0 1788978086 876042
0 112548 30 0 1788978086 876321
0 112608 30 0 1788978086 878159
0 112611 29 0 1788978086 878250
0 112625 35 0 1788978086 878717
0 112637 31 0 1788978086 879093
0 112658 30 0 1788978086 879768
0 112665 33 0 1788978086 879997
0 112684 39 0 1788978086 880646
0 112689 29 0 1788978086 880804
0 112693 29 0 1788978086 880931
0 112734 30 0 1788978086 882212
0 112739 31 0 1788978086 882366
0 112742 30 0 1788978086 882458
0 112762 31 0 1788978086 883095
0 112776 30 0 1788978086 883527
0 112788 35 0 1788978086 883919
0 112791 31 0 1788978086 884013
0 112807 30 0 1788978086 884513
0 112844 31 0 1788978086 885697
0 112864 31 0 1788978086 886324
0 112885 35 0 1788978086 887017
0 112891 31 0 1788978086 887211
0 112903 42 0 1788978086 887847
0 112913 41 0 1788978086 888328
0 112992 42 0 1788978086 891735
0 112995 42 0 1788978086 891866
0 112996 43 0 1788978086 891910
0 112998 41 0 1788978086 891994
0 113007 41 0 1788978086 892831
0 113014 37 0 1788978086 893222
0 113032 30 0 1788978086 894053
0 113048 30 0 1788978086 894792
0 113053 31 0 1788978086 894971
0 113080 36 0 1788978086 895869
0 113094 33 0 1788978086 896379
0 113115 42 0 1788978086 897305
0 113170 59 0 1788978086 899296
0 113224 31 0 1788978086 901112
0 113234 37 0 1788978086 901470
0 113253 38 0 1788978086 902272
0 113276 30 0 1788978086 903101
0 113279 37 0 1788978086 903204
0 113285 35 0 1788978086 903398
0 113337 31 0 1788978086 905174
0 113357 30 0 1788978086 905805
0 113380 36 0 1788978086 906547
0 113437 30 0 1788978086 908347
0 113456 30 0 1788978086 908951
0 113473 30 0 1788978086 909473
0 113499 32 0 1788978086 910299
0 113506 34 0 1788978086 910520
0 113514 41 0 1788978086 910838
0 113518 43 0 1788978086 911067
0 113519 45 0 1788978086 911117
0 113529 42 0 1788978086 911548
0 113548 41 0 1788978086 912365
0 113579 45 0 1788978086 913716
0 113594 33 0 1788978086 914366
0 113600 36 0 1788978086 914568
0 113642 31 0 1788978086 916256
0 113662 38 0 1788978086 916976
0 113671 31 0 1788978086 917268
0 113698 51 0 1788978086 918420
0 113715 52 0 1788978086 919445
0 113751 32 0 1788978086 920995
0 113774 40 0 1788978086 921858
0 113780 30 0 1788978086 922079
0 113806 31 0 1788978086 922977
0 113813 31 0 1788978086 923198
0 113814 31 0 1788978086 923230
0 113826 46 0 1788978086 923644
0 113836 39 0 1788978086 924036
0 113909 37 0 1788978086 926941
0 113999 30 0 1788978086 929934
0 114038 30 0 1788978086 931146
0 114039 30 0 1788978086 931177
0 114096 30 0 1788978086 932970
0 114103 30 0 1788978086 933187
0 114121 34 0 1788978086 933762
0 114187 46 0 1788978086 936239
0 114202 32 0 1788978086 936824
0 114215 30 0 1788978086 937220
0 114250 67 0 1788978086 938658
0 114255 32 0 1788978086 938826
0 114288 30 0 1788978086 939994
0 114322 31 0 1788978086 941092
0 114332 30 0 1788978086 941411
0 114335 33 0 1788978086 941514
0 114336 33 0 1788978086 941548
0 114340 34 0 1788978086 941726
0 114383 31 0 1788978086 943492
0 114393 31 0 1788978086 943843
0 114404 36 0 1788978086 944193
0 114439 60 0 1788978086 945388
0 114469 30 0 1788978086 946541
0 114505 34 0 1788978086 947679
0 114528 30 0 1788978086 948376
0 114530 38 0 1788978086 948448
0 114533 39 0 1788978086 948556
0 114550 30 0 1788978086 949100
0 114558 30 0 1788978086 949340
0 114564 49 0 1788978086 949568
0 114566 50 0 1788978086 949653
0 114570 35 0 1788978086 949814
0 114584 30 0 1788978086 950242
0 114603 32 0 1788978086 950869
0 114622 36 0 1788978086 951449
0 114632 32 0 1788978086 951776
0 114638 32 0 1788978086 951990
0 114668 30 0 1788978086 953122
0 114709 30 0 1788978086 954462
0 114769 30 0 1788978086 956377
0 114775 30 0 1788978086 956560
0 114791 30 0 1788978086 957069
0 114799 34 0 1788978086 957351
0 114829 31 0 1788978086 958325
0 114882 30 0 1788978086 960272
0 114889 30 0 1788978086 960493
0 114936 36 0 1788978086 961996
0 114983 30 0 1788978086 963468
0 114988 42 0 1788978086 963633
0 114994 30 0 1788978086 963821
0 115006 30 0 1788978086 964192
0 115011 31 0 1788978086 964381
0 115035 31 0 1788978086 965155
0 115056 31 0 1788978086 965875
0 115080 48 0 1788978086 966643
0 115107 43 0 1788978086 967503
0 115130 31 0 1788978086 968241
0 115133 30 0 1788978086 968333
0 115136 34 0 1788978086 968429
0 115138 31 0 1788978086 968496
0 115141 34 0 1788978086 968608
0 115174 35 0 1788978086 969802
0 115185 31 0 1788978086 970151
0 115186 36 0 1788978086 970188
0 115234 30 0 1788978086 971761
0 115236 31 0 1788978086 971824
0 115243 36 0 1788978086 972059
0 115263 31 0 1788978086 972697
0 115286 31 0 1788978086 973439
0 115306 31 0 1788978086 974077
0 115315 30 0 1788978086 974365
0 115325 31 0 1788978086 974689
0 115345 30 0 1788978086 975314
0 115360 31 0 1788978086 975798
0 115376 31 0 1788978086 976305
0 115385 31 0 1788978086 976582
0 115393 30 0 1788978086 976843
0 115428 30 0 1788978086 977973
0 115431 30 0 1788978086 978066
0 115443 31 0 1788978086 978499
0 115446 31 0 1788978086 978594
0 115463 30 0 1788978086 979180
0 115528 30 0 1788978086 981277
0 115566 30 0 1788978086 982476
0 115573 31 0 1788978086 982702
0 115599 31 0 1788978086 983503
0 115611 31 0 1788978086 983884
0 115687 29 0 1788978086 986452
0 115696 32 0 1788978086 986743
0 115722 30 0 1788978086 987531
0 115735 30 0 1788978086 987957
0 115753 31 0 1788978086 988508
0 115776 30 0 1788978086 989233
0 115783 31 0 1788978086 989449
0 115801 30 0 1788978086 990020
0 115855 72 0 1788978086 992030
0 115984 41 0 1788978086 998346
0 115992 43 0 1788978086 998695
0 116083 34 0 1788978087 1723
0 116093 32 0 1788978087 2042
0 116140 33 0 1788978087 3714
0 116161 30 0 1788978087 4357
0 116185 30 0 1788978087 5094
0 116209 41 0 1788978087 5921
0 116252 57 0 1788978087 7682
0 116253 47 0 1788978087 7732
0 116270 63 0 1788978087 8659
0 116272 48 0 1788978087 8757
0 116276 47 0 1788978087 8937
0 116300 38 0 1788978087 9824
0 116326 35 0 1788978087 10670
0 116335 32 0 1788978087 10979
0 116393 30 0 1788978087 13606
0 116431 37 0 1788978087 15023
0 116468 31 0 1788978087 16533
0 116473 31 0 1788978087 16701
0 116494 31 0 1788978087 17409
0 116497 31 0 1788978087 17506
0 116506 30 0 1788978087 17791
0 116511 30 0 1788978087 17946
0 116517 31 0 1788978087 18135
0 116565 30 0 1788978087 20489
0 116639 31 0 1788978087 23129
0 116645 45 0 1788978087 23351
0 116649 45 0 1788978087 23575
0 116657 45 0 1788978087 23988
0 116682 36 0 1788978087 25070
0 116701 60 0 1788978087 25755
0 116717 31 0 1788978087 26264
0 116718 31 0 1788978087 26296
0 116725 30 0 1788978087 26508
0 116748 30 0 1788978087 27229
0 116749 30 0 1788978087 27260
0 116757 54 0 1788978087 27526
0 116788 38 0 1788978087 28556
0 116797 34 0 1788978087 28858
0 116801 30 0 1788978087 28982
0 116805 33 0 1788978087 29113
0 116812 30 0 1788978087 29329
0 116821 51 0 1788978087 29649
0 116825 30 0 1788978087 29775
0 116900 30 0 1788978087 32152
0 116923 30 0 1788978087 32887
0 116938 31 0 1788978087 33358
0 116939 30 0 1788978087 33389
0 117009 32 0 1788978087 35795
0 117043 30 0 1788978087 36869
0 117134 34 0 1788978087 39712
0 117147 30 0 1788978087 40104
0 117162 30 0 1788978087 40564
0 117165 40 0 1788978087 40681
0 117178 31 0 1788978087 41108
0 117194 41 0 1788978087 41638
0 117199 30 0 1788978087 41800
0 117302 36 0 1788978087 45237
0 117314 44 0 1788978087 45632
0 117315 34 0 1788978087 45669
0 117336 31 0 1788978087 46357
0 117337 30 0 1788978087 46388
0 117340 34 0 1788978087 46484
0 117369 30 0 1788978087 47427
0 117382 31 0 1788978087 47838
0 117385 33 0 1788978087 47933
0 117407 34 0 1788978087 48621
0 117419 31 0 1788978087 49000
0 117433 31 0 1788978087 49435
0 117459 31 0 1788978087 50286
0 117462 31 0 1788978087 50380
0 117464 31 0 1788978087 50442
0 117475 36 0 1788978087 50817
0 117522 39 0 1788978087 52454
0 117553 42 0 1788978087 53689
0 117554 43 0 1788978087 53734
0 117556 44 0 1788978087 53820
0 117576 30 0 1788978087 54479
0 117587 30 0 1788978087 54842
0 117595 31 0 1788978087 55092
0 117596 31 0 1788978087 55124
0 117603 30 0 1788978087 55338
0 117627 41 0 1788978087 56248
0 117696 38 0 1788978087 58823
0 117735 31 0 1788978087 60212
0 117750 31 0 1788978087 60698
0 117798 38 0 1788978087 62313
0 117803 38 0 1788978087 62506
0 117835 38 0 1788978087 63834
0 117840 37 0 1788978087 64027
0 117912 38 0 1788978087 67956
0 117926 36 0 1788978087 68516
0 117937 29 0 1788978087 68914
0 117940 37 0 1788978087 69015
0 117950 36 0 1788978087 69389
0 117970 36 0 1788978087 70131
0 117984 42 0 1788978087 70662
0 117985 39 0 1788978087 70703
0 118097 37 0 1788978087 75089
0 118104 38 0 1788978087 75362
0 118114 37 0 1788978087 75755
0 118116 44 0 1788978087 75888
0 118124 38 0 1788978087 76203
0 118125 42 0 1788978087 76247
0 118155 38 0 1788978087 77431
0 118157 37 0 1788978087 77510
0 118169 44 0 1788978087 77988
0 118174 38 0 1788978087 78180
0 118184 51 0 1788978087 78623
0 118185 43 0 1788978087 78669
0 118222 35 0 1788978087 80392
0 118239 58 0 1788978087 81217
0 118262 50 0 1788978087 82522
0 118283 70 0 1788978087 83650
0 118286 49 0 1788978087 83837
0 118296 49 0 1788978087 84353
0 118311 49 0 1788978087 85150
0 118317 60 0 1788978087 85607
0 118424 57 0 1788978087 89640
0 118436 34 0 1788978087 90094
0 118459 32 0 1788978087 90979
0 118482 30 0 1788978087 91743
0 118496 29 0 1788978087 92164
0 118502 30 0 1788978087 92359
0 118521 40 0 1788978087 93001
0 118545 30 0 1788978087 93999
0 118558 30 0 1788978087 94419
0 118633 30 0 1788978087 96924
0 118637 31 0 1788978087 97049
0 118650 31 0 1788978087 97449
0 118672 34 0 1788978087 98147
0 118694 31 0 1788978087 98838
0 118696 31 0 1788978087 98900
0 118715 30 0 1788978087 99496
0 118719 47 0 1788978087 99636
0 118731 31 0 1788978087 100031
0 118732 31 0 1788978087 100063
0 118737 30 0 1788978087 100234
0 118766 31 0 1788978087 101154
0 118776 31 0 1788978087 101475
0 118805 57 0 1788978087 102445
0 118823 36 0 1788978087 103079
0 118844 31 0 1788978087 103788
0 118879 30 0 1788978087 104901
0 118885 31 0 1788978087 105087
0 118889 31 0 1788978087 105216
0 118911 41 0 1788978087 105943
0 118916 30 0 1788978087 106104
0 118932 47 0 1788978087 106632
0 118943 31 0 1788978087 107038
0 118945 30 0 1788978087 107102
0 118952 39 0 1788978087 107375
0 118968 37 0 1788978087 107929
0 118989 31 0 1788978087 108605
0 119059 30 0 1788978087 110955
0 119070 31 0 1788978087 111306
0 119131 30 0 1788978087 113425
0 119151 36 0 1788978087 114069
0 119209 31 0 1788978087 115930
0 119220 30 0 1788978087 116270
0 119252 31 0 1788978087 117300
0 119278 36 0 1788978087 118134
0 119280 30 0 1788978087 118198
0 119283 31 0 1788978087 118291
0 119290 31 0 1788978087 118514
0 119346 30 0 1788978087 120407
0 119368 31 0 1788978087 121156
0 119370 31 0 1788978087 121219
0 119396 32 0 1788978087 122165
0 119462 33 0 1788978087 124272
0 119475 31 0 1788978087 124694
0 119503 31 0 1788978087 125549
0 119536 30 0 1788978087 126602
0 119539 31 0 1788978087 126704
0 119548 30 0 1788978087 126980
0 119599 35 0 1788978087 128584
0 119611 31 0 1788978087 129146
0 119617 31 0 1788978087 129349
0 119652 40 0 1788978087 130810
0 119686 31 0 1788978087 132286
0 119692 33 0 1788978087 132479
0 119701 37 0 1788978087 132786
0 119715 32 0 1788978087 133245
0 119727 35 0 1788978087 133623
0 119770 31 0 1788978087 135036
0 119807 32 0 1788978087 136559
0 119815 29 0 1788978087 136814
0 119825 30 0 1788978087 137113
0 119831 30 0 1788978087 137293
0 119839 29 0 1788978087 137532
0 119848 30 0 1788978087 137808
0 119890 30 0 1788978087 139078
0 119908 46 0 1788978087 139648
0 119934 30 0 1788978087 140466
0 119974 31 0 1788978087 141902
0 120054 41 0 1788978087 145278
0 120075 30 0 1788978087 145960
0 120087 34 0 1788978087 146337
0 120117 42 0 1788978087 147588
0 120160 47 0 1788978087 149533
0 120238 41 0 1788978087 152439
0 120258 42 0 1788978087 153297
0 120266 52 0 1788978087 153647
0 120331 42 0 1788978087 156355
0 120338 54 0 1788978087 156663
0 120357 42 0 1788978087 157479
0 120358 41 0 1788978087 157522
0 120374 42 0 1788978087 158222
0 120399 43 0 1788978087 159316
0 120403 55 0 1788978087 159514
0 120427 37 0 1788978087 160296
0 120462 30 0 1788978087 161454
0 120466 30 0 1788978087 161579
0 120493 30 0 1788978087 162435
0 120512 30 0 1788978087 163025
0 120592 31 0 1788978087 165524
0 120631 31 0 1788978087 166766
0 120651 31 0 1788978087 167418
0 120673 31 0 1788978087 168134
0 120686 34 0 1788978087 168670
0 120690 37 0 1788978087 168813
0 120694 35 0 1788978087 168957
0 120743 39 0 1788978087 170782
0 120771 30 0 1788978087 171937
0 120773 33 0 1788978087 172003
0 120786 40 0 1788978087 172412
0 120792 30 0 1788978087 172603
0 120794 33 0 1788978087 172676
0 120809 31 0 1788978087 173206
0 120820 31 0 1788978087 173549
0 120847 31 0 1788978087 174471
0 120849 31 0 1788978087 174535
0 120856 31 0 1788978087 174766
0 120858 30 0 1788978087 174828
0 120897 30 0 1788978087 176072
0 120912 30 0 1788978087 176540
0 120922 30 0 1788978087 176874
0 120958 43 0 1788978087 177987
0 121031 30 0 1788978087 180420
0 121078 39 0 1788978087 182061
0 121089 31 0 1788978087 182419
0 121100 30 0 1788978087 182784
0 121116 31 0 1788978087 183278
0 121118 31 0 1788978087 183363
0 121152 30 0 1788978087 184446
0 121161 31 0 1788978087 184740
0 121187 30 0 1788978087 185547
0 121210 31 0 1788978087 186293
0 121219 34 0 1788978087 186590
0 121225 37 0 1788978087 186827
0 121250 38 0 1788978087 187632
0 121275 31 0 1788978087 188537
0 121289 46 0 1788978087 189211
0 121291 43 0 1788978087 189308
0 121309 38 0 1788978087 190284
0 121344 29 0 1788978087 191528
0 121346 30 0 1788978087 191590
0 121378 30 0 1788978087 192596
0 121379 52 0 1788978087 192649
0 121397 30 0 1788978087 193194
0 121403 30 0 1788978087 193383
0 121418 30 0 1788978087 193871
0 121445 31 0 1788978087 194731
0 121500 30 0 1788978087 196440
0 121529 31 0 1788978087 197365
0 121533 31 0 1788978087 197489
0 121537 35 0 1788978087 197616
0 121549 31 0 1788978087 198007
0 121571 31 0 1788978087 198706
0 121584 31 0 1788978087 199127
0 121671 31 0 1788978087 202095
0 121674 31 0 1788978087 202189
0 121683 33 0 1788978087 202473
0 121702 36 0 1788978087 203168
0 121707 30 0 1788978087 203328
0 121736 31 0 1788978087 204257
0 121740 30 0 1788978087 204386
0 121747 30 0 1788978087 204606
0 121751 30 0 1788978087 204740
0 121761 31 0 1788978087 205057
0 121767 34 0 1788978087 205258
0 121769 30 0 1788978087 205321
0 121778 30 0 1788978087 205601
0 121871 30 0 1788978087 208915
0 121889 30 0 1788978087 209458
0 122005 31 0 1788978087 213210
0 122006 30 0 1788978087 213242
0 122050 30 0 1788978087 214584
0 122083 40 0 1788978087 215626
0 122141 30 0 1788978087 217469
0 122198 31 0 1788978087 219331
0 122217 31 0 1788978087 219970
0 122220 35 0 1788978087 220068
0 122233 36 0 1788978087 220520
0 122234 31 0 1788978087 220552
0 122245 35 0 1788978087 220915
0 122247 31 0 1788978087 220980
0 122257 31 0 1788978087 221296
0 122271 31 0 1788978087 221763
0 122290 31 0 1788978087 222416
0 122291 37 0 1788978087 222455
0 122313 30 0 1788978087 223164
0 122355 49 0 1788978087 224562
0 122356 45 0 1788978087 224608
0 122359 39 0 1788978087 224771
0 122360 45 0 1788978087 224818
0 122394 45 0 1788978087 226272
0 122401 42 0 1788978087 226570
0 122408 70 0 1788978087 226900
0 122452 30 0 1788978087 228790
0 122457 34 0 1788978087 228947
0 122487 30 0 1788978087 229918
0 122510 31 0 1788978087 230690
0 122521 31 0 1788978087 231030
0 122559 34 0 1788978087 232274
0 122583 30 0 1788978087 233014
0 122603 49 0 1788978087 233656
0 122612 31 0 1788978087 233973
0 122638 31 0 1788978087 234783
0 122679 31 0 1788978087 236051
0 122680 30 0 1788978087 236082
0 122694 31 0 1788978087 236516
0 122729 43 0 1788978087 237633
0 122739 30 0 1788978087 237954
0 122782 31 0 1788978087 239334
0 122783 31 0 1788978087 239368
0 122856 43 0 1788978087 242168
0 122873 31 0 1788978087 242794
0 122891 31 0 1788978087 243399
0 122901 31 0 1788978087 243734
0 122920 38 0 1788978087 244340
0 122927 31 0 1788978087 244700
0 122962 31 0 1788978087 245795
0 122970 30 0 1788978087 246038
0 122981 30 0 1788978087 246371
0 122993 31 0 1788978087 246744
0 123026 31 0 1788978087 247758
0 123028 30 0 1788978087 247819
0 123039 36 0 1788978087 248163
0 123047 30 0 1788978087 248408
0 123090 31 0 1788978087 249812
0 123110 31 0 1788978087 250464
0 123117 35 0 1788978087 250700
0 123123 33 0 1788978087 250894
0 123154 33 0 1788978087 251940
0 123157 33 0 1788978087 252036
0 123161 33 0 1788978087 252195
0 123170 32 0 1788978087 252485
0 123289 31 0 1788978087 256397
0 123329 51 0 1788978087 257947
0 123334 43 0 1788978087 258179
0 123335 36 0 1788978087 258217
0 123350 41 0 1788978087 258823
0 123362 31 0 1788978087 259286
0 123370 30 0 1788978087 259530
0 123415 49 0 1788978087 261393
0 123417 36 0 1788978087 261469
0 123437 44 0 1788978087 262399
0 123470 46 0 1788978087 263743
0 123523 37 0 1788978087 265898
0 123532 31 0 1788978087 266182
0 123600 35 0 1788978087 268365
0 123604 35 0 1788978087 268505
0 123609 39 0 1788978087 268699
0 123610 43 0 1788978087 268743
0 123619 33 0 1788978087 269039
0 123642 35 0 1788978087 269814
0 123665 31 0 1788978087 270576
0 123670 31 0 1788978087 270748
0 123674 31 0 1788978087 270882
0 123677 30 0 1788978087 270977
0 123694 30 0 1788978087 271546
0 123715 31 0 1788978087 272256
0 123743 35 0 1788978087 273232
0 123752 30 0 1788978087 273521
0 123753 37 0 1788978087 273559
0 123754 35 0 1788978087 273595
0 123763 33 0 1788978087 273899
0 123770 34 0 1788978087 274131
0 123792 31 0 1788978087 274842
0 123803 31 0 1788978087 275200
0 123814 31 0 1788978087 275545
0 123815 31 0 1788978087 275576
0 123821 36 0 1788978087 275778
0 123837 30 0 1788978087 276272
0 123887 33 0 1788978087 277873
0 123897 31 0 1788978087 278205
0 123900 31 0 1788978087 278304
0 123909 33 0 1788978087 278584
0 123974 32 0 1788978087 280758
0 123996 31 0 1788978087 281460
0 124004 31 0 1788978087 281742
0 124014 31 0 1788978087 282051
0 124017 32 0 1788978087 282162
0 124021 30 0 1788978087 282285
0 124031 31 0 1788978087 282607
0 124042 31 0 1788978087 282963
0 124052 31 0 1788978087 283278
0 124065 31 0 1788978087 283687
0 124094 30 0 1788978087 284585
0 124229 31 0 1788978087 289094
0 124246 33 0 1788978087 289659
0 124286 32 0 1788978087 291115
0 124289 31 0 1788978087 291210
0 124306 31 0 1788978087 291804
0 124335 31 0 1788978087 292802
0 124345 31 0 1788978087 293131
0 124349 31 0 1788978087 293255
0 124355 31 0 1788978087 293454
0 124364 31 0 1788978087 293747
0 124382 41 0 1788978087 294472
0 124422 31 0 1788978087 295820
0 124454 31 0 1788978087 296868
0 124481 34 0 1788978087 297763
0 124490 30 0 1788978087 298050
0 124496 31 0 1788978087 298235
0 124525 30 0 1788978087 299165
0 124538 36 0 1788978087 299577
0 124549 37 0 1788978087 299945
0 124551 33 0 1788978087 300013
0 124559 31 0 1788978087 300259
0 124575 31 0 1788978087 301064
0 124580 36 0 1788978087 301260
0 124592 41 0 1788978087 301638
0 124597 30 0 1788978087 301795
0 124616 30 0 1788978087 302399
0 124646 30 0 1788978087 303398
0 124720 30 0 1788978087 305872
0 124725 31 0 1788978087 306033
0 124743 30 0 1788978087 306582
0 124752 31 0 1788978087 306877
0 124772 30 0 1788978087 307494
0 124802 34 0 1788978087 308485
0 124816 30 0 1788978087 308978
0 124862 31 0 1788978087 310609
0 124881 33 0 1788978087 311265
0 124921 34 0 1788978087 312675
0 124928 31 0 1788978087 312906
0 124933 34 0 1788978087 313068
0 124973 34 0 1788978087 314425
0 124976 36 0 1788978087 314530
0 125017 40 0 1788978087 315948
0 125051 37 0 1788978087 317402
0 125052 36 0 1788978087 317441
0 125056 31 0 1788978087 317574
0 125070 30 0 1788978087 318095
0 125091 30 0 1788978087 318809
0 125132 41 0 1788978087 320570
0 125142 41 0 1788978087 321008
0 125217 40 0 1788978087 324156
0 125222 41 0 1788978087 324364
0 125260 41 0 1788978087 325972
0 125265 41 0 1788978087 326183
0 125290 41 0 1788978087 327237
0 125297 41 0 1788978087 327537
0 125307 41 0 1788978087 327986
0 125310 41 0 1788978087 328113
0 125311 42 0 1788978087 328156
0 125312 45 0 1788978087 328202
0 125369 42 0 1788978087 330754
0 125398 48 0 1788978087 332040
0 125426 58 0 1788978087 333286
0 125428 40 0 1788978087 333387
0 125434 42 0 1788978087 333626
0 125449 44 0 1788978087 334214
0 125454 47 0 1788978087 334447
0 125461 45 0 1788978087 334795
0 125470 34 0 1788978087 335196
0 125497 29 0 1788978087 336067
0 125499 30 0 1788978087 336129
0 125502 30 0 1788978087 336220
0 125509 30 0 1788978087 336431
0 125529 30 0 1788978087 337061
0 125540 30 0 1788978087 337400
0 125609 39 0 1788978087 339778
0 125616 41 0 1788978087 340060
0 125657 55 0 1788978087 341641
0 125662 40 0 1788978087 341855
0 125697 39 0 1788978087 343396
0 125706 36 0 1788978087 343751
0 125709 43 0 1788978087 343871
0 125728 83 0 1788978087 344687
0 125782 43 0 1788978087 346910
0 125787 42 0 1788978087 347128
0 125822 42 0 1788978087 348752
0 125853 80 0 1788978087 350225
0 125871 30 0 1788978087 350944
0 125879 30 0 1788978087 351193
0 125890 30 0 1788978087 351574
0 125899 33 0 1788978087 351872
0 125942 39 0 1788978087 353370
0 125966 34 0 1788978087 354276
0 125969 31 0 1788978087 354369
0 126011 32 0 1788978087 355750
0 126018 32 0 1788978087 356004
0 126041 32 0 1788978087 356728
0 126087 30 0 1788978087 358212
0 126107 33 0 1788978087 358845
0 126108 31 0 1788978087 358877
0 126111 31 0 1788978087 359003
0 126128 30 0 1788978087 359533
0 126133 31 0 1788978087 359696
0 126178 30 0 1788978087 361133
0 126180 30 0 1788978087 361196
0 126184 31 0 1788978087 361320
0 126228 30 0 1788978087 362764
0 126236 35 0 1788978087 363028
0 126270 32 0 1788978087 364152
0 126288 31 0 1788978087 364738
0 126292 30 0 1788978087 364862
0 126367 32 0 1788978087 367406
0 126368 32 0 1788978087 367442
0 126426 29 0 1788978087 369268
0 126428 31 0 1788978087 369334
0 126444 29 0 1788978087 369824
0 126462 29 0 1788978087 370356
0 126470 57 0 1788978087 370647
0 126474 36 0 1788978087 370808
0 126500 29 0 1788978087 371600
0 126522 29 0 1788978087 372273
0 126525 30 0 1788978087 372362
0 126540 29 0 1788978087 372866
0 126595 33 0 1788978087 374617
0 126620 30 0 1788978087 375391
0 126642 30 0 1788978087 376084
0 126646 30 0 1788978087 376233
0 126675 29 0 1788978087 377144
0 126695 30 0 1788978087 377809
0 126748 43 0 1788978087 379453
0 126776 29 0 1788978087 380328
0 126794 34 0 1788978087 380894
0 126810 29 0 1788978087 381437
0 126813 31 0 1788978087 381547
0 126826 30 0 1788978087 381950
0 126843 30 0 1788978087 382477
0 126858 29 0 1788978087 382945
0 126868 33 0 1788978087 383259
0 126879 29 0 1788978087 383591
0 126908 30 0 1788978087 384496
0 126913 33 0 1788978087 384655
0 126945 38 0 1788978087 385672
0 126967 31 0 1788978087 386346
0 126968 30 0 1788978087 386377
0 126971 30 0 1788978087 386467
0 126973 30 0 1788978087 386528
0 126978 31 0 1788978087 386690
0 126997 30 0 1788978087 387256
0 127020 30 0 1788978087 387970
0 127070 36 0 1788978087 389493
0 127071 32 0 1788978087 389526
0 127074 54 0 1788978087 389644
0 127089 29 0 1788978087 390091
0 127133 30 0 1788978087 391432
0 127147 29 0 1788978087 391865
0 127203 29 0 1788978087 393554
0 127218 29 0 1788978087 394013
0 127240 32 0 1788978087 394673
0 127255 33 0 1788978087 395187
0 127257 30 0 1788978087 395250
0 127258 37 0 1788978087 395288
0 127270 33 0 1788978087 395659
0 127280 29 0 1788978087 395962
0 127291 29 0 1788978087 396309
0 127293 29 0 1788978087 396369
0 127295 30 0 1788978087 396430
0 127321 29 0 1788978087 397212
0 127330 30 0 1788978087 397482
0 127360 30 0 1788978087 398410
0 127362 30 0 1788978087 398471
0 127391 30 0 1788978087 399399
0 127397 31 0 1788978087 399593
0 127405 34 0 1788978087 399869
0 127431 30 0 1788978087 400768
0 127439 41 0 1788978087 401044
0 127454 35 0 1788978087 401564
0 127462 35 0 1788978087 401857
0 127466 29 0 1788978087 401991
0 127474 31 0 1788978087 402247
0 127501 40 0 1788978087 403378
0 127515 40 0 1788978087 403957
0 127523 40 0 1788978087 404280
0 127555 32 0 1788978087 405599
0 127556 40 0 1788978087 405642
0 127560 29 0 1788978087 405765
0 127562 29 0 1788978087 405825
0 127566 29 0 1788978087 405942
0 127580 29 0 1788978087 406356
0 127589 45 0 1788978087 406637
0 127607 30 0 1788978087 407175
0 127611 29 0 1788978087 407293
0 127700 30 0 1788978087 409946
0 127708 29 0 1788978087 410181
0 127756 45 0 1788978087 411652
0 127763 30 0 1788978087 411875
0 127768 29 0 1788978087 412028
0 127876 30 0 1788978087 415348
0 127890 29 0 1788978087 415770
0 127908 30 0 1788978087 416416
0 127910 30 0 1788978087 416479
0 127954 30 0 1788978087 418211
0 127994 46 0 1788978087 419629
0 128004 30 0 1788978087 419937
0 128032 29 0 1788978087 420938
0 128064 30 0 1788978087 421932
0 128070 29 0 1788978087 422111
0 128075 39 0 1788978087 422268
0 128080 35 0 1788978087 422445
0 128149 34 0 1788978087 424668
0 128185 31 0 1788978087 425758
0 128211 30 0 1788978087 426589
0 128227 30 0 1788978087 427094
0 128252 30 0 1788978087 427877
0 128325 31 0 1788978087 430284
0 128349 29 0 1788978087 431082
0 128371 30 0 1788978087 431763
0 128392 28 0 1788978087 432377
0 128420 28 0 1788978087 433213
0 128481 28 0 1788978087 435044
0 128511 28 0 1788978087 435941
0 128528 29 0 1788978087 436441
0 128548 29 0 1788978087 437030
0 128563 29 0 1788978087 437472
0 128570 29 0 1788978087 437696
0 128588 29 0 1788978087 438233
0 128603 30 0 1788978087 438691
0 128615 29 0 1788978087 439047
0 128620 34 0 1788978087 439201
0 128644 29 0 1788978087 440011
0 128696 32 0 1788978087 441884
0 128746 36 0 1788978087 443419
0 128776 30 0 1788978087 444523
0 128787 29 0 1788978087 444865
0 128789 29 0 1788978087 444924
0 128791 29 0 1788978087 444984
0 128808 42 0 1788978087 445539
0 128832 29 0 1788978087 446507
0 128869 37 0 1788978087 447777
0 128890 37 0 1788978087 448561
0 128898 37 0 1788978087 448880
0 128903 37 0 1788978087 449068
0 128937 37 0 1788978087 450359
0 128964 30 0 1788978087 451309
0 128973 31 0 1788978087 451594
0 128992 30 0 1788978087 452273
0 128995 30 0 1788978087 452364
0 129013 30 0 1788978087 452918
0 129075 31 0 1788978087 455245
0 129116 29 0 1788978087 456502
0 129127 30 0 1788978087 456859
0 129140 30 0 1788978087 457253
0 129181 34 0 1788978087 458556
0 129186 30 0 1788978087 458727
0 129194 30 0 1788978087 458992
0 129205 39 0 1788978087 459360
0 129214 36 0 1788978087 459639
0 129226 30 0 1788978087 460015
0 129232 30 0 1788978087 460199
0 129233 29 0 1788978087 460229
0 129236 30 0 1788978087 460319
0 129249 30 0 1788978087 460752
0 129266 30 0 1788978087 461267
0 129301 37 0 1788978087 462370
0 129303 30 0 1788978087 462433
0 129409 30 0 1788978087 465878
0 129433 43 0 1788978087 466634
0 129450 30 0 1788978087 467164
0 129469 41 0 1788978087 467855
0 129485 41 0 1788978087 468543
0 129505 40 0 1788978087 469404
0 129520 40 0 1788978087 470037
0 129528 40 0 1788978087 470373
0 129540 41 0 1788978087 470887
0 129545 40 0 1788978087 471093
0 129559 43 0 1788978087 471689
0 129560 42 0 1788978087 471733
0 129565 41 0 1788978087 471942
0 129580 42 0 1788978087 472568
0 129592 41 0 1788978087 473087
0 129598 40 0 1788978087 473331
0 129626 40 0 1788978087 474512
0 129641 41 0 1788978087 475160
0 129647 40 0 1788978087 475409
0 129686 42 0 1788978087 477093
0 129694 40 0 1788978087 477424
0 129728 40 0 1788978087 478821
0 129732 40 0 1788978087 478984
0 129768 40 0 1788978087 480455
0 129780 39 0 1788978087 480949
0 129784 40 0 1788978087 481113
0 129789 40 0 1788978087 481317
0 129796 41 0 1788978087 481603
0 129851 40 0 1788978087 483866
0 129862 40 0 1788978087 484313
0 129891 41 0 1788978087 485533
0 129933 37 0 1788978087 487395
0 129940 49 0 1788978087 487652
0 129946 31 0 1788978087 487838
0 129949 38 0 1788978087 487937
0 129968 33 0 1788978087 488523
0 129974 30 0 1788978087 488711
0 129976 30 0 1788978087 488776
0 129977 30 0 1788978087 488807
0 129980 30 0 1788978087 488898
0 130021 43 0 1788978087 490316
0 130022 41 0 1788978087 490360
0 130042 40 0 1788978087 491209
0 130085 41 0 1788978087 493191
0 130089 29 0 1788978087 493360
0 130132 31 0 1788978087 494918
0 130169 34 0 1788978087 496033
0 130171 37 0 1788978087 496108
0 130207 29 0 1788978087 497333
0 130208 29 0 1788978087 497365
0 130262 34 0 1788978087 499010
0 130265 31 0 1788978087 499102
0 130275 30 0 1788978087 499415
0 130280 30 0 1788978087 499571
0 130283 31 0 1788978087 499670
0 130332 33 0 1788978087 501183
0 130335 34 0 1788978087 501291
0 130388 40 0 1788978087 503312
0 130421 45 0 1788978087 504770
0 130462 29 0 1788978087 507060
0 130473 30 0 1788978087 507392
0 130484 30 0 1788978087 507757
0 130518 29 0 1788978087 508766
0 130555 29 0 1788978087 509883
0 130562 44 0 1788978087 510103
0 130571 29 0 1788978087 510444
0 130578 33 0 1788978087 510676
0 130588 29 0 1788978087 510976
0 130591 29 0 1788978087 511065
0 130644 31 0 1788978087 512685
0 130655 31 0 1788978087 513014
0 130680 30 0 1788978087 513775
0 130705 30 0 1788978087 514531
0 130708 40 0 1788978087 514631
0 130718 34 0 1788978087 514943
0 130742 30 0 1788978087 515693
0 130770 29 0 1788978087 516532
0 130774 39 0 1788978087 516679
0 130795 34 0 1788978087 517335
0 130805 33 0 1788978087 517761
0 130833 42 0 1788978087 518658
0 130862 30 0 1788978087 519570
0 130879 30 0 1788978087 520136
0 130890 30 0 1788978087 520563
0 130920 30 0 1788978087 521532
0 130922 34 0 1788978087 521598
0 131045 43 0 1788978087 525635
0 131049 29 0 1788978087 525757
0 131054 29 0 1788978087 525905
0 131062 37 0 1788978087 526169
0 131063 30 0 1788978087 526200
0 131071 30 0 1788978087 526439
0 131082 29 0 1788978087 526830
0 131094 29 0 1788978087 527200
0 131097 34 0 1788978087 527296
0 131118 30 0 1788978087 528052
0 131137 39 0 1788978087 528663
0 131159 37 0 1788978087 529540
0 131181 30 0 1788978087 530262
0 131186 29 0 1788978087 530412
0 131250 29 0 1788978087 532419
0 131266 32 0 1788978087 532927
0 131284 29 0 1788978087 533483
0 131293 30 0 1788978087 533783
0 131308 29 0 1788978087 534273
0 131312 29 0 1788978087 534393
0 131369 34 0 1788978087 536445
0 131395 43 0 1788978087 537491
0 131401 41 0 1788978087 537755
0 131408 41 0 1788978087 538074
0 131414 46 0 1788978087 538338
0 131477 46 0 1788978087 540993
0 131499 43 0 1788978087 541865
0 131500 34 0 1788978087 541902
0 131507 30 0 1788978087 542114
0 131566 31 0 1788978087 544502
0 131596 33 0 1788978087 545453
0 131608 40 0 1788978087 545927
0 131628 50 0 1788978087 546763
0 131655 38 0 1788978087 547933
0 131680 40 0 1788978087 548993
0 131699 39 0 1788978087 549793
0 131717 41 0 1788978087 550537
0 131729 40 0 1788978087 551061
0 131772 29 0 1788978087 552704
0 131776 31 0 1788978087 552828
0 131793 49 0 1788978087 553558
0 131825 61 0 1788978087 555368
0 131835 46 0 1788978087 555970
0 131844 41 0 1788978087 556416
0 131903 69 0 1788978087 558789
0 131906 64 0 1788978087 559027
0 131915 34 0 1788978087 559513
0 131949 38 0 1788978087 560845
0 131973 34 0 1788978087 561736
0 131979 35 0 1788978087 561955
0 131990 34 0 1788978087 562339
0 132033 34 0 1788978087 563857
0 132042 34 0 1788978087 564174
0 132043 34 0 1788978087 564209
0 132047 35 0 1788978087 564349
0 132064 30 0 1788978087 564953
0 132088 30 0 1788978087 565698
0 132090 29 0 1788978087 565758
0 132118 36 0 1788978087 566675
0 132122 34 0 1788978087 566815
0 132145 39 0 1788978087 567662
0 132164 35 0 1788978087 568323
0 132183 30 0 1788978087 568992
0 132201 45 0 1788978087 569677
0 132209 33 0 1788978087 569953
0 132212 35 0 1788978087 570062
0 132220 36 0 1788978087 570399
0 132246 33 0 1788978087 571284
0 132247 34 0 1788978087 571319
0 132325 34 0 1788978087 574196
0 132336 35 0 1788978087 574581
0 132345 34 0 1788978087 574905
0 132353 38 0 1788978087 575196
0 132369 30 0 1788978087 575760
0 132411 31 0 1788978087 577218
0 132445 30 0 1788978087 578308
0 132446 30 0 1788978087 578339
0 132471 60 0 1788978087 579254
0 132477 53 0 1788978087 579633
0 132488 30 0 1788978087 580037
0 132562 30 0 1788978087 582519
0 132608 30 0 1788978087 584129
0 132624 37 0 1788978087 584626
0 132632 31 0 1788978087 584876
0 132657 30 0 1788978087 585706
0 132672 30 0 1788978087 586161
0 132732 41 0 1788978087 588446
0 132777 31 0 1788978087 590170
0 132789 37 0 1788978087 590609
0 132796 102 0 1788978087 590976
0 132834 36 0 1788978087 592619
0 132875 31 0 1788978087 594550
0 132928 43 0 1788978087 596546
0 132933 32 0 1788978087 596760
0 132935 32 0 1788978087 596827
0 132940 32 0 1788978087 596992
0 132955 32 0 1788978087 597526
0 132965 32 0 1788978087 597890
0 132971 33 0 1788978087 598085
0 132985 33 0 1788978087 598545
0 132986 32 0 1788978087 598577
0 132991 32 0 1788978087 598754
0 133003 32 0 1788978087 599151
0 133024 31 0 1788978087 599847
0 133078 56 0 1788978087 601695
0 133096 52 0 1788978087 602463
0 133104 125 0 1788978087 603250
0 133108 36 0 1788978087 603530
0 133171 30 0 1788978087 606257
0 133174 44 0 1788978087 606366
0 133189 30 0 1788978087 606911
0 133213 107 0 1788978087 607714
0 133222 47 0 1788978087 608138
0 133235 46 0 1788978087 608750
0 133250 41 0 1788978087 609484
0 133288 30 0 1788978087 611189
0 133292 29 0 1788978087 611312
0 133329 35 0 1788978087 612506
0 133331 32 0 1788978087 612576
0 133350 32 0 1788978087 613556
0 133354 63 0 1788978087 613807
0 133364 36 0 1788978087 614229
0 133372 34 0 1788978087 614479
0 133373 30 0 1788978087 614510
0 133380 54 0 1788978087 614840
0 133399 55 0 1788978087 615995
0 133424 48 0 1788978087 617529
0 133438 43 0 1788978087 618190
0 133444 33 0 1788978087 618409
0 133456 37 0 1788978087 618894
0 133461 33 0 1788978087 619081
0 133469 38 0 1788978087 619357
0 133520 33 0 1788978087 621195
0 133529 35 0 1788978087 621516
0 133536 36 0 1788978087 621831
0 133537 33 0 1788978087 621865
0 133545 30 0 1788978087 622134
0 133561 50 0 1788978087 622634
0 133569 30 0 1788978087 622883
0 133572 33 0 1788978087 622982
0 133609 72 0 1788978087 624499
0 133684 122 0 1788978087 628055
0 133697 79 0 1788978087 629886
0 133720 68 0 1788978087 631591
0 133725 41 0 1788978087 631879
0 133737 48 0 1788978087 632369
0 133782 31 0 1788978087 634341
0 133785 31 0 1788978087 634439
0 133788 32 0 1788978087 634534
0 133800 32 0 1788978087 634963
0 133813 46 0 1788978087 635773
0 133820 36 0 1788978087 636105
0 133822 40 0 1788978087 636182
0 133886 31 0 1788978087 638391
0 133893 41 0 1788978087 638630
0 133900 32 0 1788978087 638859
0 133903 32 0 1788978087 638954
0 133915 32 0 1788978087 639337
0 133943 38 0 1788978087 640309
0 133947 46 0 1788978087 640475
0 133966 32 0 1788978087 641325
0 133978 41 0 1788978087 641804
0 133989 39 0 1788978087 642335
0 133994 39 0 1788978087 642533
0 134018 59 0 1788978087 643701
0 134029 31 0 1788978087 644085
0 134039 41 0 1788978087 644538
0 134049 37 0 1788978087 644945
0 134072 31 0 1788978087 645724
0 134081 30 0 1788978087 646004
0 134185 33 0 1788978087 649269
0 134190 36 0 1788978087 649439
0 134198 38 0 1788978087 649716
0 134212 32 0 1788978087 650205
0 134238 34 0 1788978087 651104
0 134245 33 0 1788978087 651343
0 134248 39 0 1788978087 651449
0 134250 34 0 1788978087 651533
0 134298 38 0 1788978087 653461
0 134299 35 0 1788978087 653499
0 134390 35 0 1788978087 656948
0 134416 31 0 1788978087 657857
0 134428 50 0 1788978087 658285
0 134430 51 0 1788978087 658392
0 134477 31 0 1788978087 660526
0 134507 41 0 1788978087 661686
0 134545 40 0 1788978087 663096
0 134554 39 0 1788978087 663470
0 134567 39 0 1788978087 664062
0 134572 36 0 1788978087 664306
0 134587 40 0 1788978087 664885
0 134591 38 0 1788978087 665046
0 134598 49 0 1788978087 665396
0 134615 65 0 1788978087 666251
0 134663 40 0 1788978087 668192
0 134665 40 0 1788978087 668278
0 134668 39 0 1788978087 668397
0 134697 32 0 1788978087 669826
0 134699 34 0 1788978087 669898
0 134705 31 0 1788978087 670089
0 134717 30 0 1788978087 670468
0 134720 30 0 1788978087 670563
0 134740 31 0 1788978087 671225
0 134748 39 0 1788978087 671482
0 134754 37 0 1788978087 671715
0 134792 32 0 1788978087 673087
0 134796 31 0 1788978087 673216
0 134824 33 0 1788978087 674231
0 134896 31 0 1788978087 676763
0 134912 31 0 1788978087 677278
0 134921 31 0 1788978087 677564
0 134925 33 0 1788978087 677703
0 134943 32 0 1788978087 678288
0 134953 32 0 1788978087 678607
0 134958 32 0 1788978087 678776
0 134977 49 0 1788978087 679423
0 134979 43 0 1788978087 679513
0 135012 44 0 1788978087 680996
0 135033 32 0 1788978087 681907
0 135038 31 0 1788978087 682067
0 135044 33 0 1788978087 682264
0 135045 31 0 1788978087 682296
0 135059 32 0 1788978087 682766
0 135067 32 0 1788978087 683027
0 135096 32 0 1788978087 684033
0 135107 34 0 1788978087 684388
0 135143 32 0 1788978087 685567
0 135236 44 0 1788978087 688859
0 135237 46 0 1788978087 688909
0 135240 50 0 1788978087 689050
0 135254 31 0 1788978087 689543
0 135269 32 0 1788978087 690074
0 135306 33 0 1788978087 691687
0 135324 31 0 1788978087 692277
0 135344 31 0 1788978087 692929
0 135346 31 0 1788978087 692993
0 135353 31 0 1788978087 693211
0 135364 31 0 1788978087 693552
0 135381 31 0 1788978087 694103
0 135388 31 0 1788978087 694322
0 135392 31 0 1788978087 694447
0 135393 32 0 1788978087 694480
0 135412 35 0 1788978087 695103
0 135414 32 0 1788978087 695169
0 135443 32 0 1788978087 696110
0 135444 31 0 1788978087 696142
0 135446 31 0 1788978087 696206
0 135494 32 0 1788978087 697923
0 135513 32 0 1788978087 698527
0 135514 31 0 1788978087 698559
0 135524 31 0 1788978087 698888
0 135526 31 0 1788978087 698952
0 135529 32 0 1788978087 699047
0 135571 35 0 1788978087 700481
0 135577 32 0 1788978087 700723
0 135584 33 0 1788978087 701008
0 135602 31 0 1788978087 701598
0 135626 31 0 1788978087 702388
0 135628 36 0 1788978087 702457
0 135675 38 0 1788978087 704292
0 135719 31 0 1788978087 705841
0 135723 31 0 1788978087 705967
0 135735 32 0 1788978087 706383
0 135743 31 0 1788978087 706705
0 135748 31 0 1788978087 706862
0 135767 31 0 1788978087 707465
0 135799 55 0 1788978087 708631
0 135817 32 0 1788978087 709242
0 135821 31 0 1788978087 709369
0 135832 34 0 1788978087 709756
0 135851 31 0 1788978087 710354
0 135861 31 0 1788978087 710697
0 135868 31 0 1788978087 710918
0 135878 42 0 1788978087 711303
0 135883 43 0 1788978087 711521
0 135944 43 0 1788978087 714173
0 135946 48 0 1788978087 714268
0 135981 43 0 1788978087 715821
0 136019 45 0 1788978087 717495
0 136024 44 0 1788978087 717732
0 136026 42 0 1788978087 717820
0 136080 42 0 1788978087 719910
0 136081 47 0 1788978087 719959
0 136126 43 0 1788978087 721982
0 136175 43 0 1788978087 724175
0 136237 31 0 1788978087 726259
0 136244 31 0 1788978087 726480
0 136250 32 0 1788978087 726683
0 136286 32 0 1788978087 727831
0 136291 32 0 1788978087 727991
0 136293 34 0 1788978087 728057
0 136301 32 0 1788978087 728314
0 136319 33 0 1788978087 728910
0 136340 43 0 1788978087 729923
0 136425 50 0 1788978087 733642
0 136450 43 0 1788978087 734725
0 136464 42 0 1788978087 735331
0 136474 43 0 1788978087 735767
0 136503 42 0 1788978087 737032
0 136512 43 0 1788978087 737421
0 136527 43 0 1788978087 738091
0 136528 43 0 1788978087 738136
0 136543 43 0 1788978087 738829
0 136551 44 0 1788978087 739180
0 136575 32 0 1788978087 740227
0 136592 43 0 1788978087 740835
0 136593 43 0 1788978087 740881
0 136596 43 0 1788978087 741014
0 136598 48 0 1788978087 741107
0 136601 50 0 1788978087 741255
0 136611 45 0 1788978087 741709
0 136641 42 0 1788978087 743015
0 136643 42 0 1788978087 743102
0 136657 43 0 1788978087 743707
0 136767 44 0 1788978087 747638
0 136774 34 0 1788978087 747886
0 136779 32 0 1788978087 748049
0 136807 34 0 1788978087 748985
0 136816 46 0 1788978087 749287
0 136829 31 0 1788978087 749745
0 136833 34 0 1788978087 749877
0 136842 33 0 1788978087 750181
0 136847 85 0 1788978087 750394
0 136911 38 0 1788978087 753052
0 136920 43 0 1788978087 753446
0 136933 46 0 1788978087 754036
0 136949 43 0 1788978087 754760
0 136980 46 0 1788978087 756242
0 137000 63 0 1788978087 757137
0 137002 68 0 1788978087 757271
0 137047 31 0 1788978087 759134
0 137065 37 0 1788978087 759906
0 137123 35 0 1788978087 761952
0 137150 31 0 1788978087 762837
0 137174 32 0 1788978087 763707
0 137201 32 0 1788978087 764584
0 137263 43 0 1788978087 766693
0 137305 31 0 1788978087 768235
0 137373 31 0 1788978087 770459
0 137379 35 0 1788978087 770671
0 137393 31 0 1788978087 771176
0 137399 31 0 1788978087 771368
0 137446 32 0 1788978087 772933
0 137472 34 0 1788978087 773822
0 137478 31 0 1788978087 774014
0 137486 32 0 1788978087 774269
0 137488 35 0 1788978087 774337
0 137512 43 0 1788978087 775317
0 137516 43 0 1788978087 775495
0 137556 43 0 1788978087 777292
0 137608 42 0 1788978087 779552
0 137619 43 0 1788978087 780047
0 137630 42 0 1788978087 780524
0 137641 43 0 1788978087 781009
0 137695 47 0 1788978087 783391
0 137702 45 0 1788978087 783722
0 137716 37 0 1788978087 784297
0 137729 44 0 1788978087 784800
0 137743 32 0 1788978087 785392
0 137766 32 0 1788978087 786177
0 137768 32 0 1788978087 786242
0 137780 42 0 1788978087 786666
0 137786 32 0 1788978087 786863
0 137800 32 0 1788978087 787330
0 137831 32 0 1788978087 788339
0 137839 32 0 1788978087 788597
0 137867 35 0 1788978087 789511
0 137880 34 0 1788978087 789952
0 137903 32 0 1788978087 790726
0 137910 43 0 1788978087 790986
0 137928 49 0 1788978087 791648
0 137946 44 0 1788978087 792513
0 137951 93 0 1788978087 792836
0 137953 33 0 1788978087 792917
0 137957 31 0 1788978087 793047
0 137962 53 0 1788978087 793229
0 137980 31 0 1788978087 793945
0 137999 32 0 1788978087 794547
0 138007 33 0 1788978087 794819
0 138102 32 0 1788978087 798011
0 138103 32 0 1788978087 798045
0 138144 31 0 1788978087 799396
0 138295 31 0 1788978087 804434
0 138308 32 0 1788978087 804876
0 138361 41 0 1788978087 806665
0 138367 32 0 1788978087 806859
0 138382 37 0 1788978087 807359
0 138413 38 0 1788978087 808603
0 138420 37 0 1788978087 808897
0 138455 31 0 1788978087 810123
0 138485 31 0 1788978087 811112
0 138495 31 0 1788978087 811427
0 138520 31 0 1788978087 812249
0 138531 45 0 1788978087 812651
0 138537 31 0 1788978087 812846
0 138564 32 0 1788978087 813735
0 138586 32 0 1788978087 814444
0 138640 31 0 1788978087 816291
0 138648 32 0 1788978087 816555
0 138678 31 0 1788978087 817576
0 138682 32 0 1788978087 817724
0 138686 32 0 1788978087 817856
0 138690 31 0 1788978087 817989
0 138723 32 0 1788978087 819089
0 138724 32 0 1788978087 819123
0 138769 45 0 1788978087 820698
0 138771 32 0 1788978087 820766
0 138791 32 0 1788978087 821412
0 138805 34 0 1788978087 821962
0 138812 32 0 1788978087 822197
0 138820 33 0 1788978087 822486
0 138821 32 0 1788978087 822519
0 138833 34 0 1788978087 822934
0 138866 32 0 1788978087 824031
0 138937 43 0 1788978087 827253
0 138948 43 0 1788978087 827759
0 138965 43 0 1788978087 828494
0 139023 35 0 1788978087 831185
0 139046 32 0 1788978087 832096
0 139048 32 0 1788978087 832164
0 139052 32 0 1788978087 832297
0 139060 44 0 1788978087 832577
0 139065 35 0 1788978087 832840
0 139073 31 0 1788978087 833092
0 139110 36 0 1788978087 834383
0 139120 37 0 1788978087 834775
0 139131 36 0 1788978087 835184
0 139150 36 0 1788978087 835899
0 139188 38 0 1788978087 837348
0 139194 38 0 1788978087 837576
0 139203 45 0 1788978087 838044
0 139222 31 0 1788978087 838728
0 139233 31 0 1788978087 839083
0 139235 30 0 1788978087 839146
0 139243 40 0 1788978087 839421
0 139291 32 0 1788978087 841043
0 139359 31 0 1788978087 843835
0 139382 47 0 1788978087 844880
0 139387 48 0 1788978087 845115
0 139391 50 0 1788978087 845312
0 139394 47 0 1788978087 845465
0 139410 46 0 1788978087 846272
0 139434 46 0 1788978087 847272
0 139442 77 0 1788978087 847661
0 139476 47 0 1788978087 849288
0 139509 39 0 1788978087 850795
0 139516 39 0 1788978087 851077
0 139534 43 0 1788978087 851879
0 139577 43 0 1788978087 854047
0 139581 61 0 1788978087 854258
0 139629 41 0 1788978087 856471
0 139691 37 0 1788978087 859413
0 139705 53 0 1788978087 860175
0 139717 57 0 1788978087 860758
0 139722 48 0 1788978087 861055
0 139741 83 0 1788978087 862026
0 139765 40 0 1788978087 863240
0 139776 48 0 1788978087 863703
0 139783 53 0 1788978087 864135
0 139808 43 0 1788978087 865372
0 139859 42 0 1788978087 868244
0 139884 69 0 1788978087 869964
0 139914 70 0 1788978087 872033
0 139932 48 0 1788978087 873051
0 139945 46 0 1788978087 873749
0 139977 56 0 1788978087 876715
0 139996 49 0 1788978087 877792
0 139997 40 0 1788978087 877836
0 140023 33 0 1788978087 878864
0 140038 40 0 1788978087 879409
0 140042 36 0 1788978087 879569
0 140080 32 0 1788978087 880925
0 140081 32 0 1788978087 880958
0 140088 32 0 1788978087 881184
0 140107 33 0 1788978087 881820
0 140110 32 0 1788978087 881917
0 140112 31 0 1788978087 881982
0 140122 47 0 1788978087 882316
0 140123 75 0 1788978087 882395
0 140135 33 0 1788978087 882853
0 140151 33 0 1788978087 883419
0 140174 31 0 1788978087 884180
0 140177 32 0 1788978087 884277
0 140181 42 0 1788978087 884455
0 140200 32 0 1788978087 885150
0 140213 32 0 1788978087 885577
0 140226 37 0 1788978087 886015
0 140246 37 0 1788978087 886684
0 140251 33 0 1788978087 886848
0 140256 33 0 1788978087 887020
0 140268 32 0 1788978087 887463
0 140271 32 0 1788978087 887566
0 140275 39 0 1788978087 887782
0 140277 39 0 1788978087 887865
0 140284 39 0 1788978087 888168
0 140309 38 0 1788978087 889169
0 140333 45 0 1788978087 890275
0 140360 42 0 1788978087 891561
0 140364 38 0 1788978087 891748
0 140365 39 0 1788978087 891789
0 140391 37 0 1788978087 892737
0 140450 38 0 1788978087 895043
0 140478 38 0 1788978087 896113
0 140485 39 0 1788978087 896387
0 140491 59 0 1788978087 896638
0 140509 38 0 1788978087 897343
0 140550 33 0 1788978087 898863
0 140567 63 0 1788978087 899496
0 140569 34 0 1788978087 899576
0 140578 53 0 1788978087 900067
0 140601 44 0 1788978087 901151
0 140616 33 0 1788978087 901840
0 140625 33 0 1788978087 902152
0 140626 33 0 1788978087 902186
0 140632 32 0 1788978087 902388
0 140640 40 0 1788978087 902672
0 140644 33 0 1788978087 902807
0 140654 33 0 1788978087 903178
0 140693 32 0 1788978087 904550
0 140703 33 0 1788978087 904909
0 140732 33 0 1788978087 905938
0 140733 33 0 1788978087 905972
0 140738 39 0 1788978087 906147
0 140747 32 0 1788978087 906444
0 140770 37 0 1788978087 907232
0 140799 32 0 1788978087 908256
0 140827 39 0 1788978087 909223
0 140829 33 0 1788978087 909298
0 140837 32 0 1788978087 909560
0 140840 34 0 1788978087 909688
0 140851 32 0 1788978087 910044
0 140950 33 0 1788978087 913371
0 140953 33 0 1788978087 913472
0 141008 33 0 1788978087 915308
0 141009 33 0 1788978087 915342
0 141010 34 0 1788978087 915377
0 141024 32 0 1788978087 915862
0 141042 33 0 1788978087 916460
0 141056 40 0 1788978087 916952
0 141122 33 0 1788978087 919247
0 141140 33 0 1788978087 919863
0 141176 35 0 1788978087 921104
0 141179 33 0 1788978087 921208
0 141193 35 0 1788978087 921701
0 141217 40 0 1788978087 922517
0 141259 34 0 1788978087 923899
0 141302 31 0 1788978087 925283
0 141393 33 0 1788978087 928264
0 141398 31 0 1788978087 928425
0 141403 31 0 1788978087 928584
0 141472 32 0 1788978087 931003
0 141496 31 0 1788978087 931791
0 141528 32 0 1788978087 932867
0 141559 32 0 1788978087 934034
0 141564 34 0 1788978087 934202
0 141576 32 0 1788978087 934596
0 141638 31 0 1788978087 936867
0 141640 31 0 1788978087 936931
0 141649 31 0 1788978087 937225
0 141662 44 0 1788978087 937774
0 141679 33 0 1788978087 938369
0 141687 37 0 1788978087 938667
0 141693 36 0 1788978087 938868
0 141704 31 0 1788978087 939228
0 141706 31 0 1788978087 939291
0 141730 33 0 1788978087 940114
0 141847 43 0 1788978087 944983
0 141861 42 0 1788978087 945586
0 141870 43 0 1788978087 945999
0 141896 43 0 1788978087 947124
0 141915 31 0 1788978087 947891
0 141927 31 0 1788978087 948266
0 141958 42 0 1788978087 949495
0 141998 32 0 1788978087 950906
0 142000 32 0 1788978087 950973
0 142037 43 0 1788978087 952443
0 142043 44 0 1788978087 952723
0 142051 33 0 1788978087 953088
0 142064 49 0 1788978087 953551
0 142105 46 0 1788978087 955064
0 142115 31 0 1788978087 955414
0 142132 32 0 1788978087 955978
0 142157 36 0 1788978087 956814
0 142174 33 0 1788978087 957411
0 142232 49 0 1788978087 959454
0 142264 32 0 1788978087 960606
0 142285 31 0 1788978087 961312
0 142305 37 0 1788978087 962008
0 142316 33 0 1788978087 962394
0 142335 32 0 1788978087 963188
0 142423 30 0 1788978087 966137
0 142442 32 0 1788978087 966777
0 142459 31 0 1788978087 967310
0 142488 32 0 1788978087 968255
0 142491 31 0 1788978087 968352
0 142503 32 0 1788978087 968748
0 142555 31 0 1788978087 970438
0 142561 51 0 1788978087 970654
0 142563 32 0 1788978087 970721
0 142587 31 0 1788978087 971490
0 142611 51 0 1788978087 972477
0 142642 43 0 1788978087 973916
0 142659 48 0 1788978087 974690
0 142705 44 0 1788978087 976700
0 142758 43 0 1788978087 979000
0 142786 43 0 1788978087 980234
0 142860 41 0 1788978087 983468
0 142872 41 0 1788978087 983984
0 142881 41 0 1788978087 984358
0 142893 41 0 1788978087 984878
0 142907 41 0 1788978087 985460
0 142910 41 0 1788978087 985587
0 142918 30 0 1788978087 985936
0 142921 43 0 1788978087 986048
0 142928 41 0 1788978087 986340
0 142936 43 0 1788978087 986685
0 142942 42 0 1788978087 986943
0 143022 31 0 1788978087 989729
0 143070 45 0 1788978087 991261
0 143072 45 0 1788978087 991364
0 143094 37 0 1788978087 992324
0 143115 42 0 1788978087 993261
0 143173 42 0 1788978087 995753
0 143214 41 0 1788978087 997531
0 143223 42 0 1788978087 997938
0 143230 41 0 1788978087 998233
0 143231 47 0 1788978087 998281
0 143263 51 0 1788978087 999678
0 143271 41 0 1788978088 18
0 143299 41 0 1788978088 1219
0 143306 41 0 1788978088 1514
0 143326 41 0 1788978088 2370
0 143347 43 0 1788978088 3284
0 143362 29 0 1788978088 3935
0 143390 29 0 1788978088 4788
0 143407 30 0 1788978088 5297
0 143456 35 0 1788978088 6979
0 143508 30 0 1788978088 8921
0 143521 30 0 1788978088 9326
0 143536 30 0 1788978088 9796
0 143584 46 0 1788978088 11645
0 143594 41 0 1788978088 12063
0 143595 42 0 1788978088 12107
0 143610 42 0 1788978088 12743
0 143620 44 0 1788978088 13161
0 143632 45 0 1788978088 13664
0 143647 41 0 1788978088 14301
0 143664 41 0 1788978088 15084
0 143677 51 0 1788978088 15650
0 143685 41 0 1788978088 15995
0 143709 43 0 1788978088 17014
0 143726 41 0 1788978088 17745
0 143728 42 0 1788978088 17832
0 143736 42 0 1788978088 18168
0 143796 30 0 1788978088 20403
0 143804 32 0 1788978088 20659
0 143808 31 0 1788978088 20783
0 143845 31 0 1788978088 21944
0 143850 30 0 1788978088 22099
0 143851 31 0 1788978088 22131
0 143868 35 0 1788978088 22672
0 143869 41 0 1788978088 22715
0 143887 41 0 1788978088 23467
0 143912 41 0 1788978088 24535
0 143930 34 0 1788978088 25434
0 143969 31 0 1788978088 26694
0 144010 33 0 1788978088 28005
0 144014 31 0 1788978088 28134
0 144025 31 0 1788978088 28489
0 144026 36 0 1788978088 28526
0 144034 36 0 1788978088 28798
0 144036 30 0 1788978088 28860
0 144084 33 0 1788978088 30442
0 144132 31 0 1788978088 31993
0 144163 32 0 1788978088 33066
0 144173 45 0 1788978088 33511
0 144200 44 0 1788978088 34820
0 144205 42 0 1788978088 35035
0 144210 42 0 1788978088 35246
0 144249 29 0 1788978088 36949
0 144271 46 0 1788978088 37756
0 144286 31 0 1788978088 38287
0 144306 53 0 1788978088 39239
0 144357 31 0 1788978088 41762
0 144392 38 0 1788978088 42883
0 144394 37 0 1788978088 42960
0 144402 32 0 1788978088 43268
0 144404 36 0 1788978088 43342
0 144411 36 0 1788978088 43597
0 144415 38 0 1788978088 43763
0 144449 42 0 1788978088 45430
0 144450 87 0 1788978088 45523
0 144465 46 0 1788978088 46287
0 144494 41 0 1788978088 47398
0 144516 36 0 1788978088 48112
0 144593 31 0 1788978088 50720
0 144610 30 0 1788978088 51267
0 144618 30 0 1788978088 51518
0 144631 30 0 1788978088 51934
0 144649 30 0 1788978088 52489
0 144663 32 0 1788978088 52988
0 144688 31 0 1788978088 53812
0 144716 33 0 1788978088 54712
0 144720 32 0 1788978088 54847
0 144776 38 0 1788978088 56660
0 144778 30 0 1788978088 56723
0 144785 31 0 1788978088 56943
0 144800 36 0 1788978088 57449
0 144828 41 0 1788978088 58928
0 144846 36 0 1788978088 59657
0 144871 30 0 1788978088 60456
0 144883 33 0 1788978088 60887
0 144975 33 0 1788978088 63803
0 145009 33 0 1788978088 64875
0 145016 30 0 1788978088 65092
0 145018 31 0 1788978088 65156
0 145020 30 0 1788978088 65218
0 145021 30 0 1788978088 65249
0 145041 30 0 1788978088 65876
0 145055 31 0 1788978088 66311
0 145115 35 0 1788978088 68232
0 145133 31 0 1788978088 68814
0 145134 31 0 1788978088 68846
0 145166 31 0 1788978088 69872
0 145189 34 0 1788978088 70605
0 145198 30 0 1788978088 70893
0 145213 30 0 1788978088 71361
0 145274 31 0 1788978088 73392
0 145324 36 0 1788978088 75355
0 145328 30 0 1788978088 75479
0 145411 30 0 1788978088 78075
0 145444 31 0 1788978088 79111
0 145456 32 0 1788978088 79503
0 145461 32 0 1788978088 79675
0 145523 42 0 1788978088 81648
0 145539 31 0 1788978088 82153
0 145554 36 0 1788978088 82629
0 145609 31 0 1788978088 84412
0 145619 41 0 1788978088 84852
0 145621 43 0 1788978088 84940
0 145645 48 0 1788978088 86002
0 145670 43 0 1788978088 87093
0 145675 41 0 1788978088 87303
0 145728 31 0 1788978088 89273
0 145745 31 0 1788978088 89831
0 145768 31 0 1788978088 90563
0 145794 45 0 1788978088 91639
0 145805 31 0 1788978088 92063
0 145824 41 0 1788978088 92816
0 145854 68 0 1788978088 94116
0 145909 45 0 1788978088 96222
0 145960 30 0 1788978088 97874
0 145966 30 0 1788978088 98070
0 145985 37 0 1788978088 98644
0 145999 32 0 1788978088 99081
0 146008 30 0 1788978088 99351
0 146010 31 0 1788978088 99413
0 146031 41 0 1788978088 100147
0 146038 42 0 1788978088 100439
0 146100 41 0 1788978088 103007
0 146106 49 0 1788978088 103266
0 146114 46 0 1788978088 103582
0 146129 54 0 1788978088 104219
0 146180 52 0 1788978088 107046
0 146204 47 0 1788978088 108244
0 146206 50 0 1788978088 108358
0 146235 70 0 1788978088 109935
0 146281 36 0 1788978088 112207
0 146292 45 0 1788978088 112731
0 146304 31 0 1788978088 113189
0 146343 30 0 1788978088 114428
0 146385 51 0 1788978088 116040
0 146395 31 0 1788978088 116412
0 146428 30 0 1788978088 117945
0 146475 62 0 1788978088 119424
0 146484 30 0 1788978088 119737
0 146536 30 0 1788978088 121312
0 146553 31 0 1788978088 121848
0 146585 29 0 1788978088 122882
0 146606 30 0 1788978088 123534
0 146612 31 0 1788978088 123733
0 146616 30 0 1788978088 123856
0 146618 31 0 1788978088 123918
0 146638 30 0 1788978088 124608
0 146659 32 0 1788978088 125342
0 146672 31 0 1788978088 125779
0 146690 31 0 1788978088 126362
0 146706 31 0 1788978088 126894
0 146718 32 0 1788978088 127289
0 146745 69 0 1788978088 128555
0 146782 34 0 1788978088 129978
0 146796 29 0 1788978088 130452
0 146803 36 0 1788978088 130706
0 146829 34 0 1788978088 131717
0 146866 30 0 1788978088 132945
0 146873 30 0 1788978088 133167
0 146884 30 0 1788978088 133505
0 146906 39 0 1788978088 134398
0 146959 37 0 1788978088 136073
0 146967 29 0 1788978088 136319
0 146975 35 0 1788978088 136566
0 147015 30 0 1788978088 137843
0 147019 30 0 1788978088 137969
0 147054 31 0 1788978088 139061
0 147061 32 0 1788978088 139279
0 147064 31 0 1788978088 139372
0 147099 30 0 1788978088 140557
0 147152 31 0 1788978088 142602
0 147159 30 0 1788978088 142848
0 147229 47 0 1788978088 145160
0 147231 31 0 1788978088 145231
0 147245 41 0 1788978088 145775
0 147279 116 0 1788978088 147194
0 147322 30 0 1788978088 148873
0 147358 41 0 1788978088 150055
0 147412 34 0 1788978088 152435
0 147417 30 0 1788978088 152593
0 147426 38 0 1788978088 152929
0 147474 39 0 1788978088 154796
0 147477 92 0 1788978088 154973
0 147539 30 0 1788978088 157083
0 147552 31 0 1788978088 157498
0 147571 41 0 1788978088 158171
0 147598 31 0 1788978088 159265
0 147611 34 0 1788978088 159709
0 147658 31 0 1788978088 161365
0 147695 30 0 1788978088 162552
0 147727 30 0 1788978088 163581
0 147739 31 0 1788978088 163984
0 147779 31 0 1788978088 165251
0 147786 30 0 1788978088 165467
0 147801 31 0 1788978088 165954
0 147813 31 0 1788978088 166330
0 147823 44 0 1788978088 166650
0 147826 36 0 1788978088 166757
0 147831 30 0 1788978088 166922
0 147874 30 0 1788978088 168310
0 147913 33 0 1788978088 169673
0 147949 31 0 1788978088 170811
0 147970 31 0 1788978088 171609
0 147976 31 0 1788978088 171810
0 147977 30 0 1788978088 171841
0 147979 31 0 1788978088 171903
0 147981 30 0 1788978088 171964
0 148013 31 0 1788978088 173006
0 148051 30 0 1788978088 174191
0 148058 30 0 1788978088 174419
0 148063 30 0 1788978088 174571
0 148073 59 0 1788978088 175090
0 148074 78 0 1788978088 175172
0 148085 57 0 1788978088 175730
0 148116 58 0 1788978088 177150
0 148125 42 0 1788978088 177828
0 148136 30 0 1788978088 178181
0 148151 31 0 1788978088 178735
0 148168 30 0 1788978088 179279
0 148169 30 0 1788978088 179311
0 148201 30 0 1788978088 180283
0 148221 30 0 1788978088 180904
0 148291 30 0 1788978088 183082
0 148311 30 0 1788978088 183713
0 148322 30 0 1788978088 184061
0 148343 31 0 1788978088 184715
0 148395 44 0 1788978088 186580
0 148410 34 0 1788978088 187240
0 148412 39 0 1788978088 187312
0 148418 34 0 1788978088 187511
0 148423 37 0 1788978088 187694
0 148429 30 0 1788978088 187892
0 148447 32 0 1788978088 188496
0 148483 30 0 1788978088 189811
0 148485 30 0 1788978088 189875
0 148537 42 0 1788978088 191497
0 148545 43 0 1788978088 191792
0 148563 33 0 1788978088 192519
0 148587 35 0 1788978088 193353
0 148590 32 0 1788978088 193454
0 148623 45 0 1788978088 194597
0 148652 31 0 1788978088 196115
0 148709 30 0 1788978088 198009
0 148728 31 0 1788978088 198710
0 148741 45 0 1788978088 199190
0 148772 31 0 1788978088 200374
0 148807 31 0 1788978088 201501
0 148846 32 0 1788978088 202806
0 148868 31 0 1788978088 203562
0 148877 31 0 1788978088 203879
0 148901 40 0 1788978088 204662
0 148960 63 0 1788978088 206998
0 148969 53 0 1788978088 207498
0 148982 40 0 1788978088 208123
0 148999 31 0 1788978088 208745
0 149002 31 0 1788978088 208841
0 149009 39 0 1788978088 209074
0 149036 36 0 1788978088 210053
0 149044 36 0 1788978088 210358
0 149080 34 0 1788978088 211808
0 149112 31 0 1788978088 213059
0 149116 38 0 1788978088 213208
0 149132 30 0 1788978088 213709
0 149155 30 0 1788978088 214433
0 149167 30 0 1788978088 214841
0 149170 30 0 1788978088 214933
0 149190 30 0 1788978088 215599
0 149230 31 0 1788978088 216950
0 149248 31 0 1788978088 217520
0 149274 30 0 1788978088 218381
0 149289 30 0 1788978088 218884
0 149310 33 0 1788978088 219540
0 149326 42 0 1788978088 220155
0 149342 35 0 1788978088 220815
0 149349 31 0 1788978088 221037
0 149350 31 0 1788978088 221069
0 149362 31 0 1788978088 221439
0 149365 31 0 1788978088 221532
0 149422 35 0 1788978088 223388
0 149452 30 0 1788978088 224350
0 149499 30 0 1788978088 225911
0 149500 31 0 1788978088 225945
0 149537 30 0 1788978088 227152
0 149544 35 0 1788978088 227376
0 149555 52 0 1788978088 227747
0 149573 31 0 1788978088 228320
0 149574 30 0 1788978088 228351
0 149600 38 0 1788978088 229206
0 149623 35 0 1788978088 229952
0 149657 30 0 1788978088 231052
0 149677 32 0 1788978088 231789
0 149683 31 0 1788978088 232041
0 149703 31 0 1788978088 232690
0 149709 30 0 1788978088 232875
0 149722 31 0 1788978088 233291
0 149728 31 0 1788978088 233483
0 149739 36 0 1788978088 233862
0 149771 30 0 1788978088 234919
0 149777 30 0 1788978088 235109
0 149788 31 0 1788978088 235453
0 149798 32 0 1788978088 235781
0 149841 30 0 1788978088 237152
0 149843 30 0 1788978088 237215
0 149870 31 0 1788978088 238130
0 149877 30 0 1788978088 238353
0 149922 31 0 1788978088 239849
0 149927 49 0 1788978088 240049
0 149934 31 0 1788978088 240268
0 149942 31 0 1788978088 240518
0 149945 42 0 1788978088 240622
0 149947 32 0 1788978088 240702
0 149961 31 0 1788978088 241144
0 149973 45 0 1788978088 241702
0 149985 31 0 1788978088 242133
0 149991 30 0 1788978088 242316
0 150022 29 0 1788978088 243270
0 150023 30 0 1788978088 243302
0 150048 30 0 1788978088 244066
0 150071 30 0 1788978088 244795
0 150076 30 0 1788978088 244947
0 150078 30 0 1788978088 245009
0 150110 31 0 1788978088 246006
0 150120 39 0 1788978088 246352
0 150127 34 0 1788978088 246668
0 150131 30 0 1788978088 246794
0 150132 31 0 1788978088 246826
0 150163 31 0 1788978088 247796
0 150202 33 0 1788978088 249039
0 150223 31 0 1788978088 249766
0 150265 31 0 1788978088 251432
0 150269 30 0 1788978088 251562
0 150276 31 0 1788978088 251802
0 150312 30 0 1788978088 252918
0 150322 30 0 1788978088 253223
0 150343 33 0 1788978088 253876
0 150348 30 0 1788978088 254031
0 150429 33 0 1788978088 256662
0 150433 30 0 1788978088 256792
0 150458 34 0 1788978088 257663
0 150503 44 0 1788978088 259566
0 150505 39 0 1788978088 259663
0 150542 30 0 1788978088 260851
0 150564 56 0 1788978088 261646
0 150585 31 0 1788978088 262579
0 150588 32 0 1788978088 262687
0 150629 48 0 1788978088 264694
0 150652 42 0 1788978088 266293
0 150655 46 0 1788978088 266427
0 150662 31 0 1788978088 267855
0 150702 126 0 1788978088 270266
0 150712 32 0 1788978088 270789
0 150725 62 0 1788978088 271621
0 150726 77 0 1788978088 271699
0 150740 54 0 1788978088 272410
0 150784 31 0 1788978088 273881
0 150792 34 0 1788978088 274143
0 150801 38 0 1788978088 274463
0 150810 36 0 1788978088 274808
0 150813 32 0 1788978088 274923
0 150816 43 0 1788978088 275084
0 150817 33 0 1788978088 275118
0 150840 31 0 1788978088 275878
0 150847 35 0 1788978088 276134
0 150879 34 0 1788978088 277237
0 150900 35 0 1788978088 278020
0 150926 36 0 1788978088 278896
0 150945 31 0 1788978088 279514
0 150959 30 0 1788978088 279956
0 150984 31 0 1788978088 280759
0 150999 31 0 1788978088 281220
0 151004 31 0 1788978088 281375
0 151023 31 0 1788978088 282027
0 151024 31 0 1788978088 282059
0 151025 30 0 1788978088 282091
0 151079 31 0 1788978088 283834
0 151124 31 0 1788978088 285406
0 151129 40 0 1788978088 285577
0 151146 31 0 1788978088 286138
0 151166 31 0 1788978088 286787
0 151175 33 0 1788978088 287087
0 151193 32 0 1788978088 287722
0 151198 35 0 1788978088 287883
0 151226 31 0 1788978088 288826
0 151255 31 0 1788978088 289771
0 151284 31 0 1788978088 290720
0 151293 37 0 1788978088 291065
0 151319 38 0 1788978088 291974
0 151324 31 0 1788978088 292134
0 151334 31 0 1788978088 292451
0 151343 39 0 1788978088 292760
0 151360 31 0 1788978088 293317
0 151377 30 0 1788978088 293874
0 151418 30 0 1788978088 295233
0 151483 33 0 1788978088 299155
0 151524 51 0 1788978088 301588
0 151558 47 0 1788978088 304048
0 151573 35 0 1788978088 304735
0 151585 34 0 1788978088 305198
0 151602 32 0 1788978088 305817
0 151614 35 0 1788978088 306240
0 151617 35 0 1788978088 306346
0 151621 31 0 1788978088 306486
0 151625 44 0 1788978088 306630
0 151658 84 0 1788978088 307783
0 151720 38 0 1788978088 311137
0 151722 30 0 1788978088 311204
0 151726 30 0 1788978088 311327
0 151744 35 0 1788978088 311901
0 151746 33 0 1788978088 311977
0 151822 33 0 1788978088 314896
0 151855 40 0 1788978088 316288
0 151888 40 0 1788978088 317606
0 151890 48 0 1788978088 317731
0 151902 40 0 1788978088 318240
0 151913 40 0 1788978088 318712
0 151925 39 0 1788978088 319191
0 151940 44 0 1788978088 319821
0 151941 41 0 1788978088 319864
0 151972 42 0 1788978088 321130
0 152000 40 0 1788978088 322254
0 152039 50 0 1788978088 323644
0 152047 42 0 1788978088 323921
0 152059 37 0 1788978088 324489
0 152060 35 0 1788978088 324527
0 152082 32 0 1788978088 325431
0 152115 49 0 1788978088 326643
0 152131 31 0 1788978088 327251
0 152195 43 0 1788978088 329643
0 152214 31 0 1788978088 330315
0 152215 32 0 1788978088 330349
0 152225 50 0 1788978088 330746
0 152243 84 0 1788978088 331545
0 152244 39 0 1788978088 331587
0 152259 32 0 1788978088 332164
0 152305 38 0 1788978088 333875
0 152343 29 0 1788978088 335414
0 152434 29 0 1788978088 338273
0 152478 34 0 1788978088 339662
0 152489 30 0 1788978088 340005
0 152493 31 0 1788978088 340127
0 152499 31 0 1788978088 340309
0 152504 31 0 1788978088 340467
0 152512 34 0 1788978088 340733
0 152592 33 0 1788978088 343931
0 152621 33 0 1788978088 345028
0 152625 39 0 1788978088 345177
0 152651 34 0 1788978088 346220
0 152682 31 0 1788978088 347293
0 152684 33 0 1788978088 347366
0 152686 31 0 1788978088 347430
0 152725 31 0 1788978088 348749
0 152731 30 0 1788978088 348936
0 152733 30 0 1788978088 348997
0 152740 32 0 1788978088 349224
0 152742 31 0 1788978088 349286
0 152761 34 0 1788978088 349945
0 152766 32 0 1788978088 350187
0 152768 31 0 1788978088 350251
0 152804 32 0 1788978088 351415
0 152810 31 0 1788978088 351609
0 152876 31 0 1788978088 353898
0 152891 35 0 1788978088 354392
0 152969 32 0 1788978088 357122
0 153015 31 0 1788978088 358698
0 153038 31 0 1788978088 359467
0 153047 40 0 1788978088 359783
0 153052 38 0 1788978088 359952
0 153054 42 0 1788978088 360029
0 153105 31 0 1788978088 361713
0 153111 31 0 1788978088 361914
0 153119 30 0 1788978088 362160
0 153129 30 0 1788978088 362489
0 153140 33 0 1788978088 362860
0 153141 32 0 1788978088 362893
0 153164 36 0 1788978088 363615
0 153180 31 0 1788978088 364127
0 153239 37 0 1788978088 366008
0 153255 31 0 1788978088 366517
0 153274 32 0 1788978088 367157
0 153296 35 0 1788978088 367894
0 153338 32 0 1788978088 369288
0 153381 33 0 1788978088 370787
0 153408 45 0 1788978088 371685
0 153463 32 0 1788978088 373489
0 153476 32 0 1788978088 373928
0 153481 55 0 1788978088 374110
0 153529 34 0 1788978088 375842
0 153546 31 0 1788978088 376388
0 153578 31 0 1788978088 377480
0 153626 32 0 1788978088 379167
0 153653 31 0 1788978088 380080
0 153654 31 0 1788978088 380113
0 153687 31 0 1788978088 381212
0 153697 31 0 1788978088 381524
0 153716 31 0 1788978088 382141
0 153726 31 0 1788978088 382452
0 153728 34 0 1788978088 382546
0 153754 32 0 1788978088 383510
0 153755 32 0 1788978088 383544
0 153799 32 0 1788978088 385135
0 153809 32 0 1788978088 385470
0 153810 32 0 1788978088 385503
0 153822 32 0 1788978088 385910
0 153839 31 0 1788978088 386543
0 153845 31 0 1788978088 386760
0 153859 29 0 1788978088 387193
0 153887 30 0 1788978088 388085
0 153923 33 0 1788978088 389340
0 153926 30 0 1788978088 389433
0 153937 30 0 1788978088 389772
0 153959 30 0 1788978088 390450
0 153960 31 0 1788978088 390482
0 153972 30 0 1788978088 390861
0 153988 32 0 1788978088 391352
0 154016 31 0 1788978088 392225
0 154032 31 0 1788978088 392814
0 154034 31 0 1788978088 392877
0 154062 30 0 1788978088 393753
0 154063 31 0 1788978088 393785
0 154074 31 0 1788978088 394129
0 154129 30 0 1788978088 395923
0 154149 31 0 1788978088 396571
0 154163 31 0 1788978088 397034
0 154181 33 0 1788978088 397603
0 154206 30 0 1788978088 398398
0 154258 44 0 1788978088 400230
0 154313 31 0 1788978088 402026
0 154385 36 0 1788978088 404448
0 154387 32 0 1788978088 404516
0 154424 31 0 1788978088 405708
0 154469 31 0 1788978088 407242
0 154476 30 0 1788978088 407465
0 154520 30 0 1788978088 409004
0 154545 30 0 1788978088 409787
0 154553 30 0 1788978088 410034
0 154569 33 0 1788978088 410529
0 154662 32 0 1788978088 413470
0 154692 30 0 1788978088 414430
0 154740 30 0 1788978088 415963
0 154754 30 0 1788978088 416395
0 154822 31 0 1788978088 418577
0 154834 35 0 1788978088 418978
0 154846 30 0 1788978088 419365
0 154859 30 0 1788978088 419784
0 154940 30 0 1788978088 422497
0 154942 30 0 1788978088 422559
0 154944 48 0 1788978088 422638
0 154964 30 0 1788978088 423252
0 154969 30 0 1788978088 423404
0 154986 30 0 1788978088 423991
0 154988 30 0 1788978088 424053
0 155027 33 0 1788978088 425297
0 155031 31 0 1788978088 425427
0 155039 31 0 1788978088 425692
0 155057 31 0 1788978088 426250
0 155067 31 0 1788978088 426563
0 155112 33 0 1788978088 428018
0 155115 30 0 1788978088 428113
0 155178 30 0 1788978088 430136
0 155205 30 0 1788978088 430976
0 155227 41 0 1788978088 431666
0 155263 31 0 1788978088 432788
0 155320 39 0 1788978088 434825
0 155327 32 0 1788978088 435075
0 155328 31 0 1788978088 435108
0 155371 30 0 1788978088 436456
0 155386 31 0 1788978088 436947
0 155398 30 0 1788978088 437321
0 155413 30 0 1788978088 437789
0 155418 32 0 1788978088 437949
0 155421 38 0 1788978088 438048
0 155439 43 0 1788978088 438757
0 155498 31 0 1788978088 441576
0 155536 31 0 1788978088 442939
0 155545 37 0 1788978088 443228
0 155559 30 0 1788978088 443777
0 155614 31 0 1788978088 445752
0 155624 31 0 1788978088 446076
0 155642 30 0 1788978088 446717
0 155645 31 0 1788978088 446813
0 155666 32 0 1788978088 447504
0 155679 33 0 1788978088 447930
0 155683 34 0 1788978088 448061
0 155687 33 0 1788978088 448187
0 155722 60 0 1788978088 449758
0 155740 37 0 1788978088 450511
0 155754 38 0 1788978088 451077
0 155782 38 0 1788978088 452206
0 155792 39 0 1788978088 452609
0 155808 43 0 1788978088 453316
0 155827 39 0 1788978088 454126
0 155828 41 0 1788978088 454170
0 155836 48 0 1788978088 454511
0 155855 38 0 1788978088 455280
0 155867 41 0 1788978088 455794
0 155871 40 0 1788978088 455954
0 155904 44 0 1788978088 457363
0 155910 60 0 1788978088 457648
0 155917 36 0 1788978088 457922
0 155933 36 0 1788978088 458520
0 155940 75 0 1788978088 458840
0 156010 56 0 1788978088 461836
0 156033 31 0 1788978088 462927
0 156034 39 0 1788978088 462970
0 156044 32 0 1788978088 463312
0 156047 36 0 1788978088 463426
0 156057 70 0 1788978088 463935
0 156074 56 0 1788978088 464552
0 156082 31 0 1788978088 464946
0 156106 31 0 1788978088 465970
0 156147 31 0 1788978088 467322
0 156154 31 0 1788978088 467540
0 156161 34 0 1788978088 467812
0 156174 31 0 1788978088 468217
0 156191 31 0 1788978088 468787
0 156208 31 0 1788978088 469319
0 156212 31 0 1788978088 469445
0 156220 33 0 1788978088 469724
0 156257 31 0 1788978088 470956
0 156262 32 0 1788978088 471118
0 156318 33 0 1788978088 473094
0 156322 61 0 1788978088 473258
0 156334 35 0 1788978088 473740
0 156335 32 0 1788978088 473774
0 156471 50 0 1788978088 478806
0 156474 56 0 1788978088 479013
0 156479 97 0 1788978088 479297
0 156486 31 0 1788978088 479582
0 156528 43 0 1788978088 480960
0 156555 42 0 1788978088 482129
0 156558 42 0 1788978088 482258
0 156566 42 0 1788978088 482605
0 156586 31 0 1788978088 483256
0 156600 31 0 1788978088 483735
0 156606 31 0 1788978088 483924
0 156639 32 0 1788978088 484975
0 156653 35 0 1788978088 485443
0 156688 43 0 1788978088 486961
0 156698 43 0 1788978088 487396
0 156700 42 0 1788978088 487486
0 156710 35 0 1788978088 487900
0 156714 32 0 1788978088 488035
0 156724 32 0 1788978088 488373
0 156725 32 0 1788978088 488406
0 156733 49 0 1788978088 488700
0 156752 56 0 1788978088 489361
0 156756 50 0 1788978088 489555
0 156769 32 0 1788978088 490075
0 156797 34 0 1788978088 491061
0 156821 32 0 1788978088 492100
0 156834 31 0 1788978088 492517
0 156847 32 0 1788978088 492958
0 156850 32 0 1788978088 493061
0 156911 33 0 1788978088 495057
0 156913 34 0 1788978088 495133
0 156940 43 0 1788978088 496197
0 156943 37 0 1788978088 496371
0 156946 33 0 1788978088 496469
0 156975 32 0 1788978088 497438
0 156977 31 0 1788978088 497503
0 156997 32 0 1788978088 498170
0 157016 37 0 1788978088 498808
0 157021 32 0 1788978088 498967
0 157045 37 0 1788978088 499837
0 157081 31 0 1788978088 501035
0 157099 36 0 1788978088 501614
0 157119 31 0 1788978088 502258
0 157141 31 0 1788978088 502984
0 157203 31 0 1788978088 505035
0 157207 31 0 1788978088 505164
0 157221 31 0 1788978088 505608
0 157223 33 0 1788978088 505691
0 157252 38 0 1788978088 506747
0 157273 33 0 1788978088 507546
0 157338 31 0 1788978088 510067
0 157359 32 0 1788978088 510873
0 157383 59 0 1788978088 511886
0 157396 45 0 1788978088 512477
0 157443 34 0 1788978088 514495
0 157457 32 0 1788978088 514984
0 157464 31 0 1788978088 515208
0 157481 34 0 1788978088 515790
0 157506 49 0 1788978088 517174
0 157509 38 0 1788978088 517314
0 157510 38 0 1788978088 517354
0 157524 39 0 1788978088 518053
0 157566 50 0 1788978088 519625
0 157567 48 0 1788978088 519677
0 157665 30 0 1788978088 522982
0 157675 31 0 1788978088 523294
0 157679 31 0 1788978088 523418
0 157703 31 0 1788978088 524202
0 157712 34 0 1788978088 524488
0 157791 35 0 1788978088 527186
0 157800 31 0 1788978088 527478
0 157805 38 0 1788978088 527644
0 157821 31 0 1788978088 528162
0 157833 35 0 1788978088 528566
0 157834 32 0 1788978088 528599
0 157869 31 0 1788978088 529915
0 157878 30 0 1788978088 530227
0 157963 31 0 1788978088 532976
0 157971 31 0 1788978088 533227
0 157997 31 0 1788978088 534057
0 158000 33 0 1788978088 534153
0 158003 31 0 1788978088 534247
0 158051 32 0 1788978088 535912
0 158121 32 0 1788978088 538202
0 158193 43 0 1788978088 541128
0 158198 42 0 1788978088 541345
0 158230 41 0 1788978088 542727
0 158245 41 0 1788978088 543351
0 158251 41 0 1788978088 543601
0 158271 41 0 1788978088 544457
0 158276 43 0 1788978088 544676
0 158280 41 0 1788978088 544844
0 158281 42 0 1788978088 544888
0 158303 42 0 1788978088 545813
0 158310 41 0 1788978088 546106
0 158324 42 0 1788978088 546696
0 158339 30 0 1788978088 547439
0 158341 30 0 1788978088 547504
0 158348 30 0 1788978088 547740
0 158358 31 0 1788978088 548050
0 158384 31 0 1788978088 548871
0 158399 30 0 1788978088 549340
0 158400 31 0 1788978088 549371
0 158413 31 0 1788978088 549801
0 158450 35 0 1788978088 551154
0 158454 30 0 1788978088 551282
0 158464 40 0 1788978088 551618
0 158472 33 0 1788978088 551958
0 158482 35 0 1788978088 552305
0 158491 30 0 1788978088 552598
0 158525 31 0 1788978088 553720
0 158555 33 0 1788978088 554688
0 158581 36 0 1788978088 555525
0 158598 31 0 1788978088 556121
0 158610 31 0 1788978088 556507
0 158615 30 0 1788978088 556691
0 158664 30 0 1788978088 558255
0 158710 35 0 1788978088 559781
0 158714 32 0 1788978088 559907
0 158724 31 0 1788978088 560214
0 158739 31 0 1788978088 560681
0 158759 30 0 1788978088 561368
0 158790 51 0 1788978088 562623
0 158792 42 0 1788978088 562738
0 158796 33 0 1788978088 562868
0 158839 30 0 1788978088 564441
0 158845 42 0 1788978088 564651
0 158853 30 0 1788978088 564895
0 158867 30 0 1788978088 565321
0 158874 30 0 1788978088 565532
0 158878 34 0 1788978088 565666
0 158901 30 0 1788978088 566360
0 158905 30 0 1788978088 566482
0 158926 32 0 1788978088 567154
0 158927 31 0 1788978088 567186
0 158929 31 0 1788978088 567248
0 159023 34 0 1788978088 570253
0 159040 33 0 1788978088 570833
0 159046 36 0 1788978088 571054
0 159068 37 0 1788978088 571883
0 159133 30 0 1788978088 574294
0 159158 65 0 1788978088 575147
0 159177 43 0 1788978088 575991
0 159233 31 0 1788978088 578015
0 159238 42 0 1788978088 578228
0 159263 31 0 1788978088 579218
0 159296 30 0 1788978088 580432
0 159303 33 0 1788978088 580660
0 159313 42 0 1788978088 581088
0 159415 41 0 1788978088 585056
0 159457 41 0 1788978088 586848
0 159468 42 0 1788978088 587308
0 159470 42 0 1788978088 587393
0 159479 47 0 1788978088 587784
0 159487 30 0 1788978088 588047
0 159518 31 0 1788978088 589086
0 159536 70 0 1788978088 589683
0 159541 30 0 1788978088 589867
0 159605 30 0 1788978088 592071
0 159606 30 0 1788978088 592102
0 159620 30 0 1788978088 592548
0 159637 32 0 1788978088 593185
0 159654 30 0 1788978088 593725
0 159663 30 0 1788978088 593996
0 159726 30 0 1788978088 595943
0 159732 30 0 1788978088 596124
0 159745 30 0 1788978088 596513
0 159817 31 0 1788978088 598755
0 159825 30 0 1788978088 599004
0 159840 33 0 1788978088 599542
0 159869 30 0 1788978088 600444
0 159883 30 0 1788978088 600885
0 159901 41 0 1788978088 601535
0 159942 33 0 1788978088 603101
0 159952 30 0 1788978088 603438
0 159957 30 0 1788978088 603594
0 159967 31 0 1788978088 603918
0 159971 31 0 1788978088 604041
0 159991 32 0 1788978088 604670
0 160014 31 0 1788978088 605402
0 160038 30 0 1788978088 606163
0 160055 41 0 1788978088 606815
0 160178 38 0 1788978088 611298
0 160193 34 0 1788978088 611923
0 160199 30 0 1788978088 612111
0 160212 31 0 1788978088 612580
0 160225 32 0 1788978088 613095
0 160253 32 0 1788978088 614349
0 160265 30 0 1788978088 614818
0 160266 31 0 1788978088 614851
0 160286 31 0 1788978088 615487
0 160292 37 0 1788978088 615741
0 160314 35 0 1788978088 616745
0 160316 31 0 1788978088 616810
0 160334 29 0 1788978088 617354
0 160380 30 0 1788978088 618951
0 160406 31 0 1788978088 619777
0 160427 30 0 1788978088 620413
0 160432 33 0 1788978088 620571
0 160524 30 0 1788978088 623419
0 160580 34 0 1788978088 625243
0 160602 31 0 1788978088 625954
0 160605 30 0 1788978088 626047
0 160633 31 0 1788978088 626958
0 160636 31 0 1788978088 627054
0 160685 41 0 1788978088 628702
0 160698 31 0 1788978088 629127
0 160709 37 0 1788978088 629514
0 160713 44 0 1788978088 629667
0 160716 32 0 1788978088 629773
0 160720 39 0 1788978088 629936
0 160796 30 0 1788978088 632442
0 160800 30 0 1788978088 632566
0 160849 39 0 1788978088 634202
0 160876 43 0 1788978088 635169
0 160888 35 0 1788978088 635546
0 160902 30 0 1788978088 636089
0 160904 30 0 1788978088 636152
0 160935 33 0 1788978088 637129
0 160966 44 0 1788978088 638188
0 161000 30 0 1788978088 639338
0 161025 30 0 1788978088 640101
0 161066 35 0 1788978088 641381
0 161112 40 0 1788978088 642903
0 161143 41 0 1788978088 644159
0 161146 40 0 1788978088 644282
0 161152 40 0 1788978088 644525
0 161177 40 0 1788978088 645559
0 161204 44 0 1788978088 646687
0 161212 40 0 1788978088 647014
0 161237 30 0 1788978088 647943
0 161272 30 0 1788978088 649025
0 161274 30 0 1788978088 649086
0 161280 30 0 1788978088 649265
0 161282 29 0 1788978088 649325
0 161308 30 0 1788978088 650128
0 161366 44 0 1788978088 652278
0 161397 40 0 1788978088 653485
0 161402 40 0 1788978088 653703
0 161421 39 0 1788978088 654488
0 161443 40 0 1788978088 655423
0 161447 43 0 1788978088 655588
0 161480 41 0 1788978088 656977
0 161516 39 0 1788978088 658446
0 161536 40 0 1788978088 659290
0 161549 41 0 1788978088 659848
0 161579 40 0 1788978088 661099
0 161624 30 0 1788978088 662958
0 161639 40 0 1788978088 663550
0 161647 59 0 1788978088 663891
0 161721 30 0 1788978088 666220
0 161722 29 0 1788978088 666251
0 161724 30 0 1788978088 666312
0 161744 30 0 1788978088 666943
0 161764 29 0 1788978088 667558
0 161863 30 0 1788978088 670828
0 161869 40 0 1788978088 671025
0 161873 30 0 1788978088 671145
0 161881 33 0 1788978088 671405
0 161899 29 0 1788978088 671985
0 161960 29 0 1788978088 673992
0 161967 29 0 1788978088 674202
0 161977 36 0 1788978088 674505
0 161979 36 0 1788978088 674573
0 162012 34 0 1788978088 675608
0 162014 30 0 1788978088 675684
0 162032 30 0 1788978088 676234
0 162039 29 0 1788978088 676441
0 162042 29 0 1788978088 676530
0 162070 29 0 1788978088 677444
0 162111 30 0 1788978088 678714
0 162124 37 0 1788978088 679118
0 162129 35 0 1788978088 679284
0 162139 29 0 1788978088 679603
0 162206 40 0 1788978088 682015
0 162227 29 0 1788978088 682732
0 162265 30 0 1788978088 683877
0 162286 30 0 1788978088 684510
0 162299 29 0 1788978088 684913
0 162342 30 0 1788978088 686368
0 162351 48 0 1788978088 686656
0 162381 30 0 1788978088 687563
0 162443 42 0 1788978088 689700
0 162454 40 0 1788978088 690172
0 162490 77 0 1788978088 691847
0 162496 40 0 1788978088 692234
0 162526 29 0 1788978088 693339
0 162554 29 0 1788978088 694185
0 162556 38 0 1788978088 694259
0 162567 28 0 1788978088 694580
0 162595 30 0 1788978088 695422
0 162604 30 0 1788978088 695766
0 162696 29 0 1788978088 698534
0 162768 29 0 1788978088 700763
0 162781 37 0 1788978088 701171
0 162786 29 0 1788978088 701322
0 162788 29 0 1788978088 701382
0 162834 29 0 1788978088 702811
0 162835 29 0 1788978088 702841
0 162870 35 0 1788978088 703941
0 162911 36 0 1788978088 705328
0 162945 30 0 1788978088 706487
0 162955 29 0 1788978088 706826
0 162977 37 0 1788978088 707541
0 162991 39 0 1788978088 708051
0 162995 29 0 1788978088 708192
0 162999 29 0 1788978088 708311
0 163060 39 0 1788978088 710656
0 163087 29 0 1788978088 711462
0 163098 28 0 1788978088 711831
0 163120 29 0 1788978088 712486
0 163140 29 0 1788978088 713082
0 163157 29 0 1788978088 713583
0 163164 28 0 1788978088 713797
0 163170 29 0 1788978088 713971
0 163196 30 0 1788978088 714740
0 163217 29 0 1788978088 715357
0 163240 29 0 1788978088 716055
0 163247 30 0 1788978088 716264
0 163255 29 0 1788978088 716498
0 163273 30 0 1788978088 717045
0 163290 29 0 1788978088 717549
0 163300 30 0 1788978088 717862
0 163319 30 0 1788978088 718432
0 163358 49 0 1788978088 719646
0 163366 29 0 1788978088 719918
0 163403 30 0 1788978088 721042
0 163404 29 0 1788978088 721072
0 163413 30 0 1788978088 721344
0 163449 30 0 1788978088 722439
0 163452 38 0 1788978088 722609
0 163498 30 0 1788978088 724091
0 163499 29 0 1788978088 724121
0 163518 30 0 1788978088 724709
0 163545 33 0 1788978088 725528
0 163547 29 0 1788978088 725588
0 163560 30 0 1788978088 725996
0 163566 30 0 1788978088 726175
0 163582 36 0 1788978088 726694
0 163606 38 0 1788978088 727438
0 163613 52 0 1788978088 727704
0 163622 40 0 1788978088 728087
0 163628 40 0 1788978088 728334
0 163638 40 0 1788978088 728770
0 163667 41 0 1788978088 729968
0 163680 40 0 1788978088 730498
0 163686 31 0 1788978088 730759
0 163700 30 0 1788978088 731242
0 163736 31 0 1788978088 732432
0 163741 31 0 1788978088 732598
0 163820 30 0 1788978088 735128
0 163840 30 0 1788978088 735748
0 163870 38 0 1788978088 736793
0 163872 30 0 1788978088 736861
0 163880 30 0 1788978088 737116
0 163895 29 0 1788978088 737584
0 163916 30 0 1788978088 738454
0 163924 30 0 1788978088 738716
0 163927 30 0 1788978088 738806
0 163959 30 0 1788978088 739808
0 163990 33 0 1788978088 740860
0 163994 33 0 1788978088 740988
0 164008 35 0 1788978088 741419
0 164055 32 0 1788978088 742904
0 164059 30 0 1788978088 743026
0 164080 34 0 1788978088 743670
0 164088 28 0 1788978088 743905
0 164090 29 0 1788978088 743964
0 164098 30 0 1788978088 744205
0 164111 29 0 1788978088 744585
0 164157 29 0 1788978088 746019
0 164162 28 0 1788978088 746167
0 164167 28 0 1788978088 746308
0 164172 28 0 1788978088 746449
0 164174 28 0 1788978088 746506
0 164183 28 0 1788978088 746784
0 164189 28 0 1788978088 746953
0 164193 28 0 1788978088 747068
0 164196 28 0 1788978088 747153
0 164214 29 0 1788978088 747683
0 164217 33 0 1788978088 747786
0 164225 38 0 1788978088 748070
0 164252 42 0 1788978088 749466
0 164254 40 0 1788978088 749573
0 164297 36 0 1788978088 751071
0 164314 29 0 1788978088 751598
0 164316 32 0 1788978088 751687
0 164319 29 0 1788978088 751775
0 164322 29 0 1788978088 751862
0 164325 30 0 1788978088 751953
0 164342 38 0 1788978088 752461
0 164344 29 0 1788978088 752523
0 164353 30 0 1788978088 752804
0 164354 29 0 1788978088 752834
0 164385 29 0 1788978088 753836
0 164432 34 0 1788978088 755397
0 164483 29 0 1788978088 756904
0 164501 28 0 1788978088 757430
0 164502 28 0 1788978088 757459
0 164543 39 0 1788978088 759111
0 164548 39 0 1788978088 759309
0 164552 39 0 1788978088 759467
0 164561 29 0 1788978088 759815
0 164564 29 0 1788978088 759904
0 164583 29 0 1788978088 760467
0 164617 29 0 1788978088 761517
0 164621 43 0 1788978088 761657
0 164657 31 0 1788978088 762875
0 164662 29 0 1788978088 763028
0 164702 28 0 1788978088 764266
0 164711 29 0 1788978088 764531
0 164728 29 0 1788978088 765055
0 164733 40 0 1788978088 765210
0 164751 29 0 1788978088 765776
0 164788 36 0 1788978088 766905
0 164805 29 0 1788978088 767437
0 164810 29 0 1788978088 767585
0 164811 36 0 1788978088 767622
0 164820 29 0 1788978088 767917
0 164836 32 0 1788978088 768396
0 164845 41 0 1788978088 768715
0 164851 30 0 1788978088 768902
0 164879 29 0 1788978088 769763
0 164908 35 0 1788978088 770675
0 164972 42 0 1788978088 772648
0 164983 28 0 1788978088 772969
0 165018 29 0 1788978088 774007
0 165057 29 0 1788978088 775147
0 165102 29 0 1788978088 776507
0 165104 29 0 1788978088 776567
0 165113 38 0 1788978088 776873
0 165131 29 0 1788978088 777414
0 165145 29 0 1788978088 777855
0 165151 29 0 1788978088 778038
0 165158 28 0 1788978088 778239
0 165205 29 0 1788978088 779995
0 165230 29 0 1788978088 780780
0 165265 29 0 1788978088 781811
0 165276 29 0 1788978088 782143
0 165330 28 0 1788978088 783782
0 165340 32 0 1788978088 784089
0 165379 29 0 1788978088 785253
0 165386 28 0 1788978088 785460
0 165402 31 0 1788978088 785934
0 165412 29 0 1788978088 786233
0 165418 31 0 1788978088 786407
0 165434 28 0 1788978088 786879
0 165462 28 0 1788978088 787757
0 165499 29 0 1788978088 788884
0 165517 28 0 1788978088 789408
0 165563 28 0 1788978088 790788
0 165580 28 0 1788978088 791277
0 165582 29 0 1788978088 791335
0 165588 29 0 1788978088 791513
0 165608 29 0 1788978088 792123
0 165610 29 0 1788978088 792182
0 165632 29 0 1788978088 792858
0 165640 48 0 1788978088 793126
0 165689 29 0 1788978088 794712
0 165696 28 0 1788978088 794920
0 165718 28 0 1788978088 795560
0 165721 45 0 1788978088 795685
0 165723 29 0 1788978088 795749
0 165724 29 0 1788978088 795779
0 165728 29 0 1788978088 795896
0 165743 29 0 1788978088 796336
0 165769 29 0 1788978088 797140
0 165781 34 0 1788978088 797554
0 165783 41 0 1788978088 797626
0 165805 32 0 1788978088 798303
0 165848 29 0 1788978088 799688
0 165914 31 0 1788978088 801687
0 165959 37 0 1788978088 803106
0 165981 30 0 1788978088 803768
0 165985 34 0 1788978088 803889
0 166000 28 0 1788978088 804353
0 166023 38 0 1788978088 805103
0 166068 29 0 1788978088 806510
0 166087 28 0 1788978088 807099
0 166088 29 0 1788978088 807129
0 166153 32 0 1788978088 809160
0 166189 28 0 1788978088 810250
0 166209 29 0 1788978088 810858
0 166247 28 0 1788978088 812028
0 166287 29 0 1788978088 813235
0 166315 29 0 1788978088 814109
0 166360 28 0 1788978088 815460
0 166362 29 0 1788978088 815518
0 166379 28 0 1788978088 816017
0 166392 28 0 1788978088 816385
0 166401 36 0 1788978088 816654
0 166426 28 0 1788978088 817374
0 166462 29 0 1788978088 818472
0 166480 28 0 1788978088 819026
0 166492 29 0 1788978088 819372
0 166508 40 0 1788978088 819925
0 166523 39 0 1788978088 820525
0 166527 44 0 1788978088 820705
0 166542 38 0 1788978088 821302
0 166548 39 0 1788978088 821546
0 166561 39 0 1788978088 822087
0 166601 35 0 1788978088 823678
0 166606 31 0 1788978088 823826
0 166628 28 0 1788978088 824465
0 166641 28 0 1788978088 824864
0 166649 29 0 1788978088 825103
0 166705 29 0 1788978088 826824
0 166711 34 0 1788978088 827010
0 166712 29 0 1788978088 827040
0 166727 29 0 1788978088 827483
0 166729 35 0 1788978088 827547
0 166730 29 0 1788978088 827576
0 166744 32 0 1788978088 828012
0 166752 29 0 1788978088 828249
0 166756 28 0 1788978088 828368
0 166778 29 0 1788978088 829050
0 166783 29 0 1788978088 829204
0 166800 0 0 1788978088 829834
0 166806 35 0 1788978088 830136
0 166807 65 0 1788978088 830204
0 166810 50 0 1788978088 830347
0 166823 29 0 1788978088 830759
0 166865 30 0 1788978088 832023
0 166866 31 0 1788978088 832057
0 166878 28 0 1788978088 832398
0 166880 28 0 1788978088 832456
0 166889 33 0 1788978088 832748
0 166890 48 0 1788978088 832797
0 166903 39 0 1788978088 833360
0 166906 39 0 1788978088 833480
0 166963 28 0 1788978088 835226
0 166990 28 0 1788978088 836040
0 167007 48 0 1788978088 836643
0 167009 39 0 1788978088 836725
0 167014 39 0 1788978088 836922
0 167056 38 0 1788978088 838609
0 167119 39 0 1788978088 841103
0 167150 37 0 1788978088 842223
0 167157 38 0 1788978088 842506
0 167215 38 0 1788978088 844855
0 167250 38 0 1788978088 846243
0 167283 39 0 1788978088 847609
0 167296 40 0 1788978088 848139
0 167297 39 0 1788978088 848180
0 167322 39 0 1788978088 849233
0 167350 39 0 1788978088 850363
0 167356 42 0 1788978088 850604
0 167370 39 0 1788978088 851184
0 167400 29 0 1788978088 852284
0 167408 29 0 1788978088 852521
0 167440 31 0 1788978088 853758
0 167507 38 0 1788978088 856452
0 167513 39 0 1788978088 856700
0 167524 46 0 1788978088 857140
0 167529 40 0 1788978088 857356
0 167586 45 0 1788978088 860156
0 167601 41 0 1788978088 860780
0 167626 39 0 1788978088 861861
0 167633 33 0 1788978088 862167
0 167645 28 0 1788978088 862532
0 167653 29 0 1788978088 862786
0 167681 36 0 1788978088 863736
0 167686 49 0 1788978088 864009
0 167715 41 0 1788978088 865320
0 167717 38 0 1788978088 865401
0 167744 31 0 1788978088 866446
0 167788 49 0 1788978088 868490
0 167840 73 0 1788978088 871787
0 167851 57 0 1788978088 872754
0 167865 43 0 1788978088 873605
0 167880 29 0 1788978088 874096
0 167888 32 0 1788978088 874378
0 167889 31 0 1788978088 874411
0 167892 29 0 1788978088 874502
0 167896 41 0 1788978088 874643
0 167980 34 0 1788978088 877771
0 168007 32 0 1788978088 878707
0 168017 30 0 1788978088 879038
0 168044 30 0 1788978088 879972
0 168088 32 0 1788978088 881425
0 168102 28 0 1788978088 881861
0 168109 29 0 1788978088 882072
0 168138 28 0 1788978088 882927
0 168143 29 0 1788978088 883114
0 168151 29 0 1788978088 883348
0 168178 29 0 1788978088 884158
0 168195 31 0 1788978088 884673
0 168198 29 0 1788978088 884762
0 168213 29 0 1788978088 885197
0 168215 29 0 1788978088 885256
0 168246 29 0 1788978088 886175
0 168253 30 0 1788978088 886395
0 168254 29 0 1788978088 886425
0 168257 36 0 1788978088 886520
0 168270 29 0 1788978088 886938
0 168273 35 0 1788978088 887048
0 168292 49 0 1788978088 887638
0 168320 29 0 1788978088 888477
0 168322 29 0 1788978088 888537
0 168364 29 0 1788978088 889909
0 168388 31 0 1788978088 890764
0 168389 31 0 1788978088 890798
0 168396 30 0 1788978088 891012
0 168418 31 0 1788978088 891719
0 168447 29 0 1788978088 892600
0 168458 31 0 1788978088 892935
0 168479 30 0 1788978088 893579
0 168485 30 0 1788978088 893782
0 168494 29 0 1788978088 894069
0 168500 30 0 1788978088 894253
0 168517 30 0 1788978088 894783
0 168566 29 0 1788978088 896336
0 168567 30 0 1788978088 896367
0 168625 30 0 1788978088 898161
0 168636 29 0 1788978088 898497
0 168647 41 0 1788978088 898868
0 168679 29 0 1788978088 899932
0 168747 30 0 1788978088 902101
0 168762 30 0 1788978088 902559
0 168774 39 0 1788978088 902970
0 168806 30 0 1788978088 904064
0 168830 31 0 1788978088 904828
0 168850 29 0 1788978088 905468
0 168856 35 0 1788978088 905681
0 168865 29 0 1788978088 905963
0 168874 29 0 1788978088 906238
0 168909 30 0 1788978088 907326
0 168919 60 0 1788978088 907654
0 168958 34 0 1788978088 909007
0 168971 33 0 1788978088 909424
0 168986 32 0 1788978088 909948
0 169015 30 0 1788978088 910911
0 169016 30 0 1788978088 910943
0 169024 35 0 1788978088 911198
0 169025 30 0 1788978088 911230
0 169034 32 0 1788978088 911505
0 169049 38 0 1788978088 911986
0 169111 29 0 1788978088 913985
0 169150 30 0 1788978088 915229
0 169171 31 0 1788978088 915879
0 169175 29 0 1788978088 915998
0 169181 33 0 1788978088 916180
0 169193 29 0 1788978088 916554
0 169194 30 0 1788978088 916585
0 169203 29 0 1788978088 916869
0 169204 29 0 1788978088 916899
0 169224 35 0 1788978088 917521
0 169238 29 0 1788978088 917961
0 169284 34 0 1788978088 919408
0 169291 51 0 1788978088 919656
0 169292 35 0 1788978088 919692
0 169337 30 0 1788978088 921118
0 169346 29 0 1788978088 921390
0 169382 34 0 1788978088 922564
0 169392 29 0 1788978088 922937
0 169396 30 0 1788978088 923064
0 169425 29 0 1788978088 923989
0 169434 29 0 1788978088 924273
0 169446 47 0 1788978088 924648
0 169455 29 0 1788978088 924935
0 169520 36 0 1788978088 926887
0 169525 30 0 1788978088 927036
0 169561 29 0 1788978088 928136
0 169565 30 0 1788978088 928255
0 169579 33 0 1788978088 928691
0 169608 42 0 1788978088 929637
0 169614 30 0 1788978088 929832
0 169634 29 0 1788978088 930439
0 169657 30 0 1788978088 931147
0 169659 35 0 1788978088 931251
0 169681 33 0 1788978088 931944
0 169730 30 0 1788978088 933457
0 169734 29 0 1788978088 933581
0 169793 30 0 1788978088 935366
0 169797 33 0 1788978088 935488
0 169802 82 0 1788978088 935690
0 169804 33 0 1788978088 935781
0 169807 39 0 1788978088 935892
0 169839 91 0 1788978088 937850
0 169887 29 0 1788978088 939521
0 170025 35 0 1788978088 943829
0 170086 30 0 1788978088 945749
0 170125 30 0 1788978088 947002
0 170192 30 0 1788978088 949119
0 170203 32 0 1788978088 949530
0 170223 31 0 1788978088 950189
0 170226 30 0 1788978088 950283
0 170245 31 0 1788978088 950937
0 170246 30 0 1788978088 950968
0 170252 30 0 1788978088 951179
0 170270 29 0 1788978088 951760
0 170272 29 0 1788978088 951820
0 170281 29 0 1788978088 952094
0 170282 29 0 1788978088 952125
0 170300 30 0 1788978088 952678
0 170304 29 0 1788978088 952796
0 170360 32 0 1788978088 954536
0 170386 29 0 1788978088 955360
0 170389 30 0 1788978088 955451
0 170390 29 0 1788978088 955481
0 170397 30 0 1788978088 955697
0 170423 29 0 1788978088 956482
0 170449 30 0 1788978088 957297
0 170457 30 0 1788978088 957535
0 170460 40 0 1788978088 957635
0 170474 29 0 1788978088 958055
0 170484 29 0 1788978088 958361
0 170490 30 0 1788978088 958540
0 170549 29 0 1788978088 960459
0 170573 30 0 1788978088 961215
0 170600 30 0 1788978088 962050
0 170625 30 0 1788978088 962834
0 170626 30 0 1788978088 962865
0 170651 34 0 1788978088 963684
0 170666 29 0 1788978088 964143
0 170671 35 0 1788978088 964306
0 170689 29 0 1788978088 964856
0 170724 29 0 1788978088 965969
0 170761 30 0 1788978088 967151
0 170767 30 0 1788978088 967331
0 170772 30 0 1788978088 967480
0 170807 30 0 1788978088 968725
0 170816 29 0 1788978088 968993
0 170822 30 0 1788978088 969172
0 170870 29 0 1788978088 970688
0 170871 29 0 1788978088 970719
0 170926 29 0 1788978088 972395
0 170942 30 0 1788978088 972903
0 170973 30 0 1788978088 973837
0 170977 30 0 1788978088 973963
0 170981 33 0 1788978088 974090
0 170998 30 0 1788978088 974603
0 171052 30 0 1788978088 976273
0 171074 31 0 1788978088 976984
0 171080 29 0 1788978088 977165
0 171127 40 0 1788978088 978640
0 171141 34 0 1788978088 979086
0 171148 31 0 1788978088 979393
0 171151 32 0 1788978088 979492
0 171162 31 0 1788978088 979851
0 171175 30 0 1788978088 980265
0 171176 35 0 1788978088 980301
0 171202 29 0 1788978088 981171
0 171226 29 0 1788978088 981888
0 171241 32 0 1788978088 982343
0 171263 29 0 1788978088 983012
0 171265 29 0 1788978088 983074
0 171274 29 0 1788978088 983339
0 171293 29 0 1788978088 983911
0 171322 29 0 1788978088 984871
0 171347 39 0 1788978088 985628
0 171369 29 0 1788978088 986291
0 171442 55 0 1788978088 988645
0 171483 30 0 1788978088 989916
0 171491 30 0 1788978088 990155
0 171511 30 0 1788978088 990782
0 171514 30 0 1788978088 990872
0 171595 33 0 1788978088 993374
0 171627 30 0 1788978088 994376
0 171667 42 0 1788978088 995644
0 171677 35 0 1788978088 995951
0 171685 30 0 1788978088 996218
0 171703 75 0 1788978088 996845
0 171712 30 0 1788978088 997167
0 171748 35 0 1788978088 998323
0 171771 34 0 1788978088 999071
0 171774 33 0 1788978088 999168
0 171823 30 0 1788978089 839
0 171857 29 0 1788978089 1932
0 171860 32 0 1788978089 2024
0 171876 30 0 1788978089 2518
0 171903 61 0 1788978089 3557
0 171916 43 0 1788978089 4247
0 171918 42 0 1788978089 4334
0 171927 41 0 1788978089 4731
0 171929 40 0 1788978089 4814
0 171947 38 0 1788978089 5507
0 171971 49 0 1788978089 6627
0 171997 29 0 1788978089 7457
0 172023 29 0 1788978089 8252
0 172043 40 0 1788978089 9105
0 172048 34 0 1788978089 9301
0 172066 34 0 1788978089 10012
0 172083 34 0 1788978089 10699
0 172125 36 0 1788978089 12103
0 172129 31 0 1788978089 12237
0 172211 52 0 1788978089 15151
0 172227 65 0 1788978089 16247
0 172236 49 0 1788978089 16798
0 172249 55 0 1788978089 17476
0 172300 30 0 1788978089 20004
0 172306 62 0 1788978089 20553
0 172318 72 0 1788978089 21288
0 172340 42 0 1788978089 22505
0 172341 42 0 1788978089 22551
0 172347 41 0 1788978089 22826
0 172354 40 0 1788978089 23116
0 172372 31 0 1788978089 23817
0 172383 35 0 1788978089 24179
0 172410 31 0 1788978089 25168
0 172418 37 0 1788978089 25483
0 172427 32 0 1788978089 25880
0 172430 38 0 1788978089 25987
0 172431 43 0 1788978089 26032
0 172436 66 0 1788978089 26391
0 172445 90 0 1788978089 26985
0 172526 54 0 1788978089 32294
0 172543 84 0 1788978089 33616
0 172576 84 0 1788978089 36659
0 172590 46 0 1788978089 37468
0 172651 30 0 1788978089 39732
0 172689 31 0 1788978089 40952
0 172751 47 0 1788978089 43189
0 172758 31 0 1788978089 43518
0 172785 41 0 1788978089 44605
0 172800 30 0 1788978089 45230
0 172803 29 0 1788978089 45324
0 172821 33 0 1788978089 46023
0 172832 30 0 1788978089 46448
0 172837 43 0 1788978089 46648
0 172849 30 0 1788978089 47020
0 172887 31 0 1788978089 48198
0 172916 32 0 1788978089 49151
0 172968 30 0 1788978089 50820
0 172985 31 0 1788978089 51341
0 173007 32 0 1788978089 52047
0 173011 35 0 1788978089 52196
0 173017 37 0 1788978089 52412
0 173028 30 0 1788978089 52856
0 173071 37 0 1788978089 54344
0 173085 33 0 1788978089 54831
0 173148 30 0 1788978089 56767
0 173174 33 0 1788978089 57669
0 173199 30 0 1788978089 58508
0 173243 37 0 1788978089 60693
0 173253 37 0 1788978089 61076
0 173259 36 0 1788978089 61291
0 173264 37 0 1788978089 61473
0 173284 36 0 1788978089 62234
0 173293 37 0 1788978089 62578
0 173303 29 0 1788978089 62961
0 173304 30 0 1788978089 62994
0 173323 30 0 1788978089 63607
0 173325 35 0 1788978089 63703
0 173343 30 0 1788978089 64276
0 173358 30 0 1788978089 64772
0 173370 30 0 1788978089 65166
0 173378 30 0 1788978089 65412
0 173407 31 0 1788978089 66320
0 173416 30 0 1788978089 66595
0 173443 31 0 1788978089 67455
0 173450 33 0 1788978089 67694
0 173504 39 0 1788978089 69544
0 173506 43 0 1788978089 69627
0 173516 31 0 1788978089 69962
0 173528 33 0 1788978089 70376
0 173576 30 0 1788978089 71944
0 173621 30 0 1788978089 73357
0 173628 30 0 1788978089 73571
0 173647 32 0 1788978089 74187
0 173687 30 0 1788978089 75425
0 173693 50 0 1788978089 75639
0 173700 31 0 1788978089 75863
0 173773 38 0 1788978089 78471
0 173782 32 0 1788978089 78865
0 173801 74 0 1788978089 79643
0 173819 31 0 1788978089 80455
0 173826 31 0 1788978089 80680
0 173860 32 0 1788978089 81826
0 173898 30 0 1788978089 83165
0 173923 29 0 1788978089 83950
0 173975 30 0 1788978089 85556
0 173981 29 0 1788978089 85746
0 174004 30 0 1788978089 86461
0 174013 30 0 1788978089 86771
0 174048 30 0 1788978089 87977
0 174111 31 0 1788978089 90060
0 174132 30 0 1788978089 90726
0 174146 31 0 1788978089 91308
0 174150 32 0 1788978089 91440
0 174159 42 0 1788978089 91757
0 174170 55 0 1788978089 92164
0 174171 40 0 1788978089 92207
0 174197 30 0 1788978089 93094
0 174206 36 0 1788978089 93415
0 174212 30 0 1788978089 93604
0 174213 37 0 1788978089 93642
0 174239 30 0 1788978089 94423
0 174249 30 0 1788978089 94742
0 174255 30 0 1788978089 94928
0 174290 29 0 1788978089 96067
0 174374 31 0 1788978089 98672
0 174382 30 0 1788978089 98920
0 174383 30 0 1788978089 98951
0 174398 30 0 1788978089 99404
0 174413 31 0 1788978089 99893
0 174432 30 0 1788978089 100486
0 174473 31 0 1788978089 101757
0 174530 31 0 1788978089 103816
0 174564 35 0 1788978089 104923
0 174615 30 0 1788978089 106544
0 174643 33 0 1788978089 107426
0 174660 31 0 1788978089 107969
0 174682 38 0 1788978089 108676
0 174721 34 0 1788978089 109955
0 174734 32 0 1788978089 110370
0 174748 34 0 1788978089 110882
0 174768 32 0 1788978089 111505
0 174792 32 0 1788978089 112340
0 174810 31 0 1788978089 112944
0 174825 33 0 1788978089 113414
0 174832 39 0 1788978089 113654
0 174837 31 0 1788978089 113809
0 174845 30 0 1788978089 114059
0 174860 41 0 1788978089 114542
0 174884 30 0 1788978089 115411
0 174907 30 0 1788978089 116133
0 174929 33 0 1788978089 116863
0 174939 42 0 1788978089 117219
0 174968 30 0 1788978089 118132
0 174998 32 0 1788978089 119061
0 175000 29 0 1788978089 119122
0 175003 38 0 1788978089 119221
0 175015 30 0 1788978089 119595
0 175019 30 0 1788978089 119730
0 175042 30 0 1788978089 120436
0 175051 31 0 1788978089 120731
0 175054 36 0 1788978089 120829
0 175101 31 0 1788978089 122332
0 175105 31 0 1788978089 122456
0 175116 31 0 1788978089 122831
0 175134 33 0 1788978089 123385
0 175135 32 0 1788978089 123418
0 175158 31 0 1788978089 124146
0 175161 30 0 1788978089 124238
0 175184 30 0 1788978089 124980
0 175191 30 0 1788978089 125200
0 175194 31 0 1788978089 125298
0 175198 31 0 1788978089 125423
0 175250 35 0 1788978089 127112
0 175275 32 0 1788978089 128075
0 175315 30 0 1788978089 129360
0 175345 38 0 1788978089 130336
0 175348 34 0 1788978089 130438
0 175372 31 0 1788978089 131250
0 175399 30 0 1788978089 132210
0 175422 30 0 1788978089 132991
0 175428 31 0 1788978089 133176
0 175439 38 0 1788978089 133607
0 175451 37 0 1788978089 134012
0 175454 33 0 1788978089 134110
0 175475 31 0 1788978089 134793
0 175485 31 0 1788978089 135117
0 175501 34 0 1788978089 135618
0 175507 39 0 1788978089 135973
0 175514 32 0 1788978089 136221
0 175532 36 0 1788978089 136810
0 175534 31 0 1788978089 136874
0 175561 42 0 1788978089 137813
0 175623 41 0 1788978089 140473
0 175641 41 0 1788978089 141243
0 175643 41 0 1788978089 141333
0 175709 34 0 1788978089 144171
0 175728 34 0 1788978089 144954
0 175731 33 0 1788978089 145057
0 175781 34 0 1788978089 147412
0 175791 30 0 1788978089 147751
0 175822 31 0 1788978089 148702
0 175828 32 0 1788978089 148900
0 175845 32 0 1788978089 149426
0 175860 31 0 1788978089 149898
0 175874 97 0 1788978089 150444
0 175880 31 0 1788978089 150754
0 175899 37 0 1788978089 151383
0 175901 90 0 1788978089 151519
0 175915 35 0 1788978089 152029
0 175940 30 0 1788978089 152850
0 175944 30 0 1788978089 152976
0 175952 40 0 1788978089 153251
0 175982 31 0 1788978089 154188
0 175988 30 0 1788978089 154425
0 176007 30 0 1788978089 155039
0 176026 49 0 1788978089 155643
0 176030 39 0 1788978089 155807
0 176105 31 0 1788978089 158695
0 176135 36 0 1788978089 159920
0 176162 38 0 1788978089 160998
0 176177 31 0 1788978089 161576
0 176186 30 0 1788978089 161887
0 176189 30 0 1788978089 161979
0 176190 30 0 1788978089 162010
0 176210 40 0 1788978089 162625
0 176214 30 0 1788978089 162752
0 176267 29 0 1788978089 164878
0 176286 39 0 1788978089 165514
0 176290 39 0 1788978089 165648
0 176301 30 0 1788978089 165995
0 176323 30 0 1788978089 166686
0 176327 30 0 1788978089 166808
0 176384 40 0 1788978089 168607
0 176387 31 0 1788978089 168724
0 176407 44 0 1788978089 169529
0 176410 48 0 1788978089 169670
0 176493 30 0 1788978089 172690
0 176503 30 0 1788978089 172994
0 176539 30 0 1788978089 174101
0 176644 30 0 1788978089 177418
0 176657 31 0 1788978089 177837
0 176751 30 0 1788978089 181012
0 176765 30 0 1788978089 181443
0 176772 33 0 1788978089 181680
0 176781 30 0 1788978089 181962
0 176830 31 0 1788978089 183493
0 176840 30 0 1788978089 183813
0 176849 31 0 1788978089 184093
0 176892 31 0 1788978089 185446
0 176919 30 0 1788978089 186310
0 176921 30 0 1788978089 186372
0 176984 31 0 1788978089 188595
0 176991 30 0 1788978089 188824
0 176994 31 0 1788978089 188917
0 177013 31 0 1788978089 189588
0 177017 31 0 1788978089 189742
0 177026 35 0 1788978089 190146
0 177033 37 0 1788978089 190511
0 177055 34 0 1788978089 191290
0 177084 37 0 1788978089 192203
0 177116 30 0 1788978089 193285
0 177136 31 0 1788978089 193919
0 177140 30 0 1788978089 194042
0 177141 30 0 1788978089 194073
0 177157 31 0 1788978089 194561
0 177163 32 0 1788978089 194763
0 177169 30 0 1788978089 194947
0 177178 30 0 1788978089 195222
0 177179 31 0 1788978089 195254
0 177194 30 0 1788978089 195732
0 177205 31 0 1788978089 196073
0 177210 30 0 1788978089 196227
0 177236 30 0 1788978089 197115
0 177238 36 0 1788978089 197184
0 177245 31 0 1788978089 197401
0 177289 31 0 1788978089 198842
0 177309 31 0 1788978089 199477
0 177325 32 0 1788978089 200008
0 177339 38 0 1788978089 200516
0 177362 41 0 1788978089 201308
0 177397 47 0 1788978089 202631
0 177406 30 0 1788978089 202945
0 177457 36 0 1788978089 204564
0 177474 31 0 1788978089 205109
0 177490 30 0 1788978089 205607
0 177511 30 0 1788978089 206265
0 177520 31 0 1788978089 206555
0 177531 30 0 1788978089 206922
0 177557 31 0 1788978089 207737
0 177596 33 0 1788978089 208983
0 177597 34 0 1788978089 209018
0 177598 67 0 1788978089 209108
0 177609 31 0 1788978089 209454
0 177625 30 0 1788978089 209948
0 177696 41 0 1788978089 212216
0 177714 30 0 1788978089 212792
0 177731 31 0 1788978089 213314
0 177821 34 0 1788978089 216219
0 177859 30 0 1788978089 217441
0 177867 32 0 1788978089 217699
0 177902 30 0 1788978089 218771
0 177907 30 0 1788978089 218926
0 177924 30 0 1788978089 219441
0 177938 30 0 1788978089 219886
0 177977 30 0 1788978089 221107
0 177988 31 0 1788978089 221450
0 177996 31 0 1788978089 221750
0 177998 31 0 1788978089 221818
0 178001 31 0 1788978089 221915
0 178002 34 0 1788978089 221950
0 178047 31 0 1788978089 223541
0 178049 33 0 1788978089 223607
0 178055 31 0 1788978089 223827
0 178080 35 0 1788978089 224614
0 178090 31 0 1788978089 224931
0 178093 30 0 1788978089 225029
0 178126 30 0 1788978089 226176
0 178201 29 0 1788978089 228701
0 178230 29 0 1788978089 229580
0 178235 29 0 1788978089 229743
0 178263 29 0 1788978089 230555
0 178277 29 0 1788978089 230974
0 178279 29 0 1788978089 231033
0 178336 29 0 1788978089 232732
0 178339 32 0 1788978089 232829
0 178347 35 0 1788978089 233074
0 178362 29 0 1788978089 233521
0 178374 30 0 1788978089 233888
0 178395 29 0 1788978089 234523
0 178396 30 0 1788978089 234554
0 178397 29 0 1788978089 234584
0 178398 33 0 1788978089 234618
0 178439 30 0 1788978089 235975
0 178455 31 0 1788978089 236518
0 178461 44 0 1788978089 236754
0 178493 29 0 1788978089 237901
0 178496 34 0 1788978089 237997
0 178507 29 0 1788978089 238340
0 178509 30 0 1788978089 238402
0 178560 29 0 1788978089 240066
0 178624 37 0 1788978089 242315
0 178634 60 0 1788978089 242660
0 178636 32 0 1788978089 242729
0 178739 29 0 1788978089 246048
0 178777 31 0 1788978089 247234
0 178805 30 0 1788978089 248114
0 178812 29 0 1788978089 248323
0 178821 30 0 1788978089 248590
0 178848 29 0 1788978089 249422
0 178956 29 0 1788978089 252914
0 178958 31 0 1788978089 252979
0 178962 34 0 1788978089 253104
0 179007 30 0 1788978089 254501
0 179026 30 0 1788978089 255130
0 179067 30 0 1788978089 256446
0 179116 33 0 1788978089 258078
0 179166 29 0 1788978089 259694
0 179176 29 0 1788978089 259990
0 179192 29 0 1788978089 260471
0 179197 33 0 1788978089 260622
0 179211 31 0 1788978089 261064
0 179228 29 0 1788978089 261563
0 179230 40 0 1788978089 261633
0 179231 32 0 1788978089 261666
0 179234 37 0 1788978089 261763
0 179250 42 0 1788978089 262322
0 179266 30 0 1788978089 263020
0 179278 30 0 1788978089 263430
0 179280 32 0 1788978089 263503
0 179311 42 0 1788978089 264570
0 179356 30 0 1788978089 266194
0 179358 31 0 1788978089 266260
0 179416 30 0 1788978089 268015
0 179431 30 0 1788978089 268465
0 179438 32 0 1788978089 268761
0 179457 30 0 1788978089 269332
0 179470 30 0 1788978089 269750
0 179485 33 0 1788978089 270214
0 179503 30 0 1788978089 270769
0 179509 30 0 1788978089 270954
0 179527 35 0 1788978089 271497
0 179576 30 0 1788978089 273024
0 179586 32 0 1788978089 273348
0 179599 29 0 1788978089 273761
0 179627 30 0 1788978089 274583
0 179628 33 0 1788978089 274616
0 179640 29 0 1788978089 274971
0 179648 29 0 1788978089 275208
0 179668 30 0 1788978089 275851
0 179718 32 0 1788978089 277536
0 179737 31 0 1788978089 278170
0 179756 37 0 1788978089 278940
0 179774 32 0 1788978089 279552
0 179779 32 0 1788978089 279769
0 179851 31 0 1788978089 282071
0 179898 48 0 1788978089 283648
0 179901 30 0 1788978089 283744
0 179956 33 0 1788978089 285508
0 180004 31 0 1788978089 287065
0 180008 31 0 1788978089 287257
0 180017 31 0 1788978089 287551
0 180033 69 0 1788978089 288113
0 180074 31 0 1788978089 289475
0 180104 31 0 1788978089 290432
0 180107 31 0 1788978089 290531
0 180114 31 0 1788978089 290771
0 180120 32 0 1788978089 290974
0 180158 31 0 1788978089 292265
0 180207 30 0 1788978089 294102
0 180220 36 0 1788978089 294526
0 180228 30 0 1788978089 294798
0 180293 30 0 1788978089 296916
0 180329 30 0 1788978089 298094
0 180331 30 0 1788978089 298156
0 180340 32 0 1788978089 298434
0 180343 30 0 1788978089 298527
0 180344 31 0 1788978089 298558
0 180345 30 0 1788978089 298589
0 180347 34 0 1788978089 298667
0 180362 31 0 1788978089 299164
0 180369 30 0 1788978089 299378
0 180385 34 0 1788978089 299888
0 180402 30 0 1788978089 300420
0 180433 31 0 1788978089 301439
0 180464 34 0 1788978089 302519
0 180483 32 0 1788978089 303162
0 180570 30 0 1788978089 306191
0 180595 42 0 1788978089 307203
0 180622 30 0 1788978089 308334
0 180650 30 0 1788978089 309263
0 180663 45 0 1788978089 309702
0 180679 30 0 1788978089 310199
0 180716 37 0 1788978089 311398
0 180727 42 0 1788978089 311856
0 180729 45 0 1788978089 311946
0 180738 43 0 1788978089 312342
0 180739 42 0 1788978089 312385
0 180795 37 0 1788978089 314874
0 180824 41 0 1788978089 316011
0 180853 46 0 1788978089 317265
0 180882 33 0 1788978089 318478
0 180898 46 0 1788978089 319069
0 180937 32 0 1788978089 320348
0 180971 31 0 1788978089 321441
0 180972 35 0 1788978089 321478
0 181005 29 0 1788978089 322514
0 181018 30 0 1788978089 322926
0 181032 30 0 1788978089 323352
0 181046 30 0 1788978089 323781
0 181060 30 0 1788978089 324203
0 181072 31 0 1788978089 324571
0 181149 31 0 1788978089 327079
0 181152 30 0 1788978089 327177
0 181165 33 0 1788978089 327584
0 181171 31 0 1788978089 327796
0 181177 30 0 1788978089 327984
0 181183 31 0 1788978089 328222
0 181185 31 0 1788978089 328290
0 181195 31 0 1788978089 328605
0 181221 31 0 1788978089 329456
0 181238 35 0 1788978089 330192
0 181253 65 0 1788978089 330753
0 181275 39 0 1788978089 331688
0 181314 77 0 1788978089 333766
0 181329 60 0 1788978089 334526
0 181333 57 0 1788978089 334779
0 181334 59 0 1788978089 334841
0 181345 69 0 1788978089 335539
0 181384 30 0 1788978089 337289
0 181456 31 0 1788978089 339587
0 181470 30 0 1788978089 340030
0 181471 30 0 1788978089 340061
0 181484 31 0 1788978089 340461
0 181505 37 0 1788978089 341181
0 181522 30 0 1788978089 341773
0 181542 30 0 1788978089 342379
0 181561 30 0 1788978089 343266
0 181617 30 0 1788978089 345023
0 181655 30 0 1788978089 346323
0 181693 30 0 1788978089 347487
0 181703 30 0 1788978089 347810
0 181709 30 0 1788978089 347992
0 181713 33 0 1788978089 348116
0 181732 31 0 1788978089 348743
0 181776 31 0 1788978089 350245
0 181785 30 0 1788978089 350522
0 181791 31 0 1788978089 350715
0 181800 31 0 1788978089 351016
0 181802 36 0 1788978089 351083
0 181856 31 0 1788978089 352840
0 181984 37 0 1788978089 357623
0 182017 32 0 1788978089 358716
0 182054 30 0 1788978089 359993
0 182064 32 0 1788978089 360414
0 182074 30 0 1788978089 360751
0 182079 30 0 1788978089 360905
0 182135 41 0 1788978089 362641
0 182137 31 0 1788978089 362706
0 182203 30 0 1788978089 364775
0 182220 30 0 1788978089 365347
0 182232 31 0 1788978089 365745
0 182256 30 0 1788978089 366519
0 182269 30 0 1788978089 366954
0 182281 31 0 1788978089 367395
0 182310 41 0 1788978089 368372
0 182320 35 0 1788978089 368743
0 182328 34 0 1788978089 369006
0 182369 32 0 1788978089 370415
0 182370 34 0 1788978089 370452
0 182375 43 0 1788978089 370692
0 182401 30 0 1788978089 371532
0 182403 30 0 1788978089 371595
0 182414 31 0 1788978089 371947
0 182471 30 0 1788978089 373705
0 182482 31 0 1788978089 374042
0 182491 31 0 1788978089 374319
0 182495 30 0 1788978089 374442
0 182497 31 0 1788978089 374505
0 182501 42 0 1788978089 374639
0 182535 33 0 1788978089 375722
0 182543 37 0 1788978089 376021
0 182544 39 0 1788978089 376063
0 182554 49 0 1788978089 376471
0 182556 80 0 1788978089 376636
0 182572 61 0 1788978089 377241
0 182574 31 0 1788978089 377320
0 182585 68 0 1788978089 377753
0 182598 30 0 1788978089 378211
0 182601 31 0 1788978089 378304
0 182619 30 0 1788978089 378876
0 182622 30 0 1788978089 378968
0 182625 29 0 1788978089 379058
0 182635 34 0 1788978089 379375
0 182637 31 0 1788978089 379444
0 182674 29 0 1788978089 380574
0 182686 30 0 1788978089 380953
0 182740 35 0 1788978089 382635
0 182745 31 0 1788978089 382795
0 182770 51 0 1788978089 383676
0 182803 43 0 1788978089 384869
0 182821 30 0 1788978089 385443
0 182824 36 0 1788978089 385541
0 182828 33 0 1788978089 385672
0 182857 30 0 1788978089 386539
0 182922 30 0 1788978089 388539
0 182948 30 0 1788978089 389364
0 182968 30 0 1788978089 389991
0 182969 34 0 1788978089 390058
0 183020 34 0 1788978089 391655
0 183047 38 0 1788978089 392511
0 183055 60 0 1788978089 392932
0 183064 34 0 1788978089 393244
0 183067 31 0 1788978089 393339
0 183080 30 0 1788978089 393779
0 183093 30 0 1788978089 394189
0 183096 30 0 1788978089 394282
0 183103 31 0 1788978089 394504
0 183108 37 0 1788978089 394674
0 183154 30 0 1788978089 396129
0 183168 31 0 1788978089 396575
0 183180 30 0 1788978089 396956
0 183183 33 0 1788978089 397051
0 183189 31 0 1788978089 397253
0 183207 31 0 1788978089 397831
0 183247 30 0 1788978089 399098
0 183249 31 0 1788978089 399161
0 183268 37 0 1788978089 399771
0 183279 39 0 1788978089 400139
0 183308 30 0 1788978089 401112
0 183320 32 0 1788978089 401529
0 183350 44 0 1788978089 402810
0 183351 44 0 1788978089 402857
0 183376 30 0 1788978089 403861
0 183406 41 0 1788978089 405161
0 183428 33 0 1788978089 406084
0 183434 30 0 1788978089 406272
0 183460 35 0 1788978089 407077
0 183509 39 0 1788978089 408626
0 183512 30 0 1788978089 408729
0 183552 31 0 1788978089 410492
0 183558 31 0 1788978089 410693
0 183564 30 0 1788978089 410878
0 183578 31 0 1788978089 411309
0 183585 31 0 1788978089 411524
0 183624 31 0 1788978089 412793
0 183664 31 0 1788978089 414063
0 183700 30 0 1788978089 415229
0 183709 31 0 1788978089 415514
0 183714 31 0 1788978089 415692
0 183716 30 0 1788978089 415755
0 183748 30 0 1788978089 416762
0 183760 31 0 1788978089 417140
0 183779 31 0 1788978089 417746
0 183796 30 0 1788978089 418283
0 183798 31 0 1788978089 418346
0 183802 35 0 1788978089 418474
0 183804 35 0 1788978089 418540
0 183815 30 0 1788978089 418909
0 183816 35 0 1788978089 418945
0 183857 31 0 1788978089 420235
0 183861 30 0 1788978089 420358
0 183872 30 0 1788978089 420718
0 183881 31 0 1788978089 420997
0 183915 66 0 1788978089 422096
0 183939 37 0 1788978089 422906
0 183952 31 0 1788978089 423312
0 183970 31 0 1788978089 423890
0 183992 30 0 1788978089 424592
0 184003 37 0 1788978089 424968
0 184004 34 0 1788978089 425003
0 184015 31 0 1788978089 425342
0 184023 31 0 1788978089 425592
0 184036 30 0 1788978089 426086
0 184068 33 0 1788978089 427166
0 184073 31 0 1788978089 427323
0 184086 32 0 1788978089 427771
0 184095 31 0 1788978089 428064
0 184136 30 0 1788978089 429442
0 184137 33 0 1788978089 429478
0 184156 30 0 1788978089 430063
0 184193 30 0 1788978089 431202
0 184207 47 0 1788978089 431647
0 184234 31 0 1788978089 432543
0 184347 32 0 1788978089 436252
0 184373 31 0 1788978089 437101
0 184378 30 0 1788978089 437260
0 184382 34 0 1788978089 437394
0 184399 35 0 1788978089 437943
0 184444 32 0 1788978089 439473
0 184456 37 0 1788978089 439897
0 184463 32 0 1788978089 440137
0 184482 31 0 1788978089 440783
0 184492 49 0 1788978089 441110
0 184506 42 0 1788978089 441629
0 184510 30 0 1788978089 441758
0 184522 43 0 1788978089 442210
0 184559 31 0 1788978089 443558
0 184567 29 0 1788978089 443814
0 184633 30 0 1788978089 445830
0 184672 49 0 1788978089 447139
0 184673 47 0 1788978089 447189
0 184674 43 0 1788978089 447234
0 184678 46 0 1788978089 447413
0 184711 35 0 1788978089 448685
0 184732 32 0 1788978089 449364
0 184734 36 0 1788978089 449462
0 184798 33 0 1788978089 451569
0 184818 35 0 1788978089 452221
0 184844 40 0 1788978089 453314
0 184850 43 0 1788978089 453578
0 184871 30 0 1788978089 454370
0 184891 31 0 1788978089 455018
0 184901 31 0 1788978089 455323
0 184919 30 0 1788978089 455887
0 184922 30 0 1788978089 455979
0 184923 30 0 1788978089 456010
0 184935 30 0 1788978089 456375
0 184954 30 0 1788978089 456978
0 184966 33 0 1788978089 457353
0 184970 31 0 1788978089 457476
0 184984 33 0 1788978089 457926
0 184988 31 0 1788978089 458051
0 184998 62 0 1788978089 458439
0 185038 32 0 1788978089 459879
0 185064 30 0 1788978089 460720
0 185110 35 0 1788978089 462321
0 185144 30 0 1788978089 463746
0 185174 30 0 1788978089 464776
0 185199 30 0 1788978089 465548
0 185227 29 0 1788978089 466458
0 185236 41 0 1788978089 466865
0 185239 42 0 1788978089 466993
0 185252 41 0 1788978089 467542
0 185264 35 0 1788978089 468029
0 185282 30 0 1788978089 468591
0 185338 36 0 1788978089 470384
0 185342 31 0 1788978089 470510
0 185365 31 0 1788978089 471250
0 185368 37 0 1788978089 471349
0 185371 31 0 1788978089 471450
0 185412 40 0 1788978089 473125
0 185435 40 0 1788978089 474067
0 185447 40 0 1788978089 474549
0 185465 40 0 1788978089 475295
0 185479 41 0 1788978089 475870
0 185492 40 0 1788978089 476395
0 185494 40 0 1788978089 476477
0 185495 41 0 1788978089 476519
0 185523 42 0 1788978089 477697
0 185527 40 0 1788978089 477866
0 185528 54 0 1788978089 477922
0 185532 40 0 1788978089 478088
0 185533 42 0 1788978089 478132
0 185534 49 0 1788978089 478182
0 185538 30 0 1788978089 478357
0 185580 35 0 1788978089 480084
0 185581 44 0 1788978089 480131
0 185599 34 0 1788978089 480792
0 185606 40 0 1788978089 481090
0 185642 43 0 1788978089 482258
0 185655 40 0 1788978089 482818
0 185675 48 0 1788978089 483637
0 185723 30 0 1788978089 485606
0 185725 31 0 1788978089 485679
0 185769 29 0 1788978089 487013
0 185795 29 0 1788978089 487818
0 185813 29 0 1788978089 488369
0 185824 30 0 1788978089 488703
0 185840 40 0 1788978089 489352
0 185920 49 0 1788978089 492453
0 185925 48 0 1788978089 492706
0 185978 38 0 1788978089 494860
0 185989 30 0 1788978089 495227
0 186019 29 0 1788978089 496154
0 186020 30 0 1788978089 496187
0 186026 29 0 1788978089 496363
0 186116 29 0 1788978089 499135
0 186135 28 0 1788978089 499731
0 186143 44 0 1788978089 499979
0 186153 31 0 1788978089 500285
0 186164 37 0 1788978089 500626
0 186169 30 0 1788978089 500780
0 186184 45 0 1788978089 501262
0 186186 34 0 1788978089 501345
0 186209 34 0 1788978089 502163
0 186226 31 0 1788978089 502715
0 186230 31 0 1788978089 502851
0 186262 34 0 1788978089 503910
0 186263 31 0 1788978089 503943
0 186266 31 0 1788978089 504036
0 186267 31 0 1788978089 504068
0 186293 31 0 1788978089 504887
0 186301 33 0 1788978089 505142
0 186317 37 0 1788978089 505666
0 186320 37 0 1788978089 505774
0 186323 37 0 1788978089 505886
0 186337 36 0 1788978089 506412
0 186345 38 0 1788978089 506738
0 186359 38 0 1788978089 507292
0 186438 30 0 1788978089 510247
0 186445 30 0 1788978089 510460
0 186454 36 0 1788978089 510759
0 186480 31 0 1788978089 511696
0 186489 37 0 1788978089 511995
0 186491 54 0 1788978089 512114
0 186551 30 0 1788978089 514323
0 186568 29 0 1788978089 514857
0 186599 30 0 1788978089 515805
0 186606 58 0 1788978089 516044
0 186661 39 0 1788978089 517830
0 186662 45 0 1788978089 517879
0 186707 41 0 1788978089 519809
0 186708 41 0 1788978089 519853
0 186732 32 0 1788978089 520987
0 186777 31 0 1788978089 522529
0 186784 31 0 1788978089 522802
0 186841 31 0 1788978089 524933
0 186848 30 0 1788978089 525177
0 186852 30 0 1788978089 525303
0 186862 38 0 1788978089 525620
0 186867 31 0 1788978089 525780
0 186904 30 0 1788978089 527275
0 186912 64 0 1788978089 527641
0 186945 43 0 1788978089 529165
0 186951 43 0 1788978089 529510
0 186956 42 0 1788978089 529752
0 186972 47 0 1788978089 530442
0 186979 42 0 1788978089 530751
0 186980 41 0 1788978089 530795
0 187003 43 0 1788978089 531809
0 187033 42 0 1788978089 533076
0 187049 59 0 1788978089 533839
0 187067 41 0 1788978089 534551
0 187084 38 0 1788978089 535149
0 187102 30 0 1788978089 535711
0 187119 30 0 1788978089 536259
0 187155 30 0 1788978089 537405
0 187161 31 0 1788978089 537591
0 187164 31 0 1788978089 537701
0 187166 30 0 1788978089 537763
0 187170 31 0 1788978089 537890
0 187207 95 0 1788978089 539597
0 187213 62 0 1788978089 539969
0 187218 41 0 1788978089 540199
0 187226 31 0 1788978089 540543
0 187246 40 0 1788978089 541170
0 187268 30 0 1788978089 541870
0 187272 29 0 1788978089 541994
0 187320 42 0 1788978089 543667
0 187339 32 0 1788978089 544287
0 187401 39 0 1788978089 546244
0 187408 31 0 1788978089 546467
0 187412 33 0 1788978089 546593
0 187433 30 0 1788978089 547278
0 187435 31 0 1788978089 547345
0 187443 38 0 1788978089 547613
0 187454 30 0 1788978089 547964
0 187456 30 0 1788978089 548026
0 187458 29 0 1788978089 548086
0 187474 35 0 1788978089 548573
0 187503 30 0 1788978089 549471
0 187591 32 0 1788978089 553076
0 187613 31 0 1788978089 553855
0 187639 31 0 1788978089 554729
0 187668 37 0 1788978089 555700
0 187670 35 0 1788978089 555772
0 187681 31 0 1788978089 556141
0 187684 31 0 1788978089 556234
0 187693 33 0 1788978089 556526
0 187699 31 0 1788978089 556723
0 187704 35 0 1788978089 556887
0 187743 31 0 1788978089 558267
0 187813 38 0 1788978089 560697
0 187838 30 0 1788978089 561461
0 187847 30 0 1788978089 561741
0 187849 30 0 1788978089 561802
0 187906 31 0 1788978089 563805
0 187911 31 0 1788978089 563984
0 187921 30 0 1788978089 564291
0 187929 30 0 1788978089 564536
0 187935 43 0 1788978089 564752
0 187977 31 0 1788978089 566070
0 188000 34 0 1788978089 566826
0 188007 30 0 1788978089 567113
0 188019 40 0 1788978089 567547
0 188026 33 0 1788978089 567776
0 188034 31 0 1788978089 568024
0 188042 33 0 1788978089 568279
0 188046 30 0 1788978089 568403
0 188083 31 0 1788978089 569684
0 188100 31 0 1788978089 570207
0 188110 33 0 1788978089 570517
0 188122 31 0 1788978089 570928
0 188137 30 0 1788978089 571386
0 188185 42 0 1788978089 573258
0 188188 43 0 1788978089 573394
0 188204 41 0 1788978089 574079
0 188212 46 0 1788978089 574420
0 188228 41 0 1788978089 575163
0 188233 39 0 1788978089 575366
0 188245 40 0 1788978089 575868
0 188272 40 0 1788978089 576972
0 188285 42 0 1788978089 577499
0 188310 41 0 1788978089 578515
0 188315 45 0 1788978089 578747
0 188319 30 0 1788978089 578872
0 188349 39 0 1788978089 579982
0 188379 40 0 1788978089 581200
0 188395 40 0 1788978089 581856
0 188399 40 0 1788978089 582018
0 188410 40 0 1788978089 582461
0 188412 40 0 1788978089 582543
0 188422 40 0 1788978089 582962
0 188424 40 0 1788978089 583044
0 188445 31 0 1788978089 583872
0 188459 29 0 1788978089 584280
0 188467 29 0 1788978089 584514
0 188478 29 0 1788978089 584854
0 188505 32 0 1788978089 585663
0 188537 33 0 1788978089 586622
0 188557 29 0 1788978089 587219
0 188570 47 0 1788978089 587647
0 188572 30 0 1788978089 587710
0 188573 29 0 1788978089 587741
0 188599 29 0 1788978089 588523
0 188613 30 0 1788978089 588964
0 188615 30 0 1788978089 589025
0 188625 30 0 1788978089 589330
0 188642 30 0 1788978089 589872
0 188693 32 0 1788978089 591463
0 188704 31 0 1788978089 591813
0 188719 35 0 1788978089 592301
0 188779 29 0 1788978089 594598
0 188780 49 0 1788978089 594651
0 188808 33 0 1788978089 595477
0 188812 29 0 1788978089 595596
0 188814 32 0 1788978089 595671
0 188824 36 0 1788978089 595980
0 188845 39 0 1788978089 596626
0 188855 29 0 1788978089 596928
0 188861 30 0 1788978089 597106
0 188893 29 0 1788978089 598072
0 188900 29 0 1788978089 598281
0 188918 29 0 1788978089 598834
0 188948 31 0 1788978089 599868
0 188957 30 0 1788978089 600176
0 188965 33 0 1788978089 600423
0 188970 29 0 1788978089 600572
0 188971 30 0 1788978089 600603
0 188979 30 0 1788978089 600890
0 189006 29 0 1788978089 601734
0 189051 30 0 1788978089 603236
0 189066 30 0 1788978089 603735
0 189088 30 0 1788978089 604404
0 189098 30 0 1788978089 604718
0 189099 29 0 1788978089 604748
0 189114 34 0 1788978089 605197
0 189115 30 0 1788978089 605228
0 189127 29 0 1788978089 605578
0 189193 30 0 1788978089 607593
0 189204 30 0 1788978089 607943
0 189230 30 0 1788978089 608782
0 189233 29 0 1788978089 608876
0 189260 30 0 1788978089 609740
0 189272 29 0 1788978089 610115
0 189278 29 0 1788978089 610313
0 189286 48 0 1788978089 610618
0 189299 29 0 1788978089 611111
0 189300 85 0 1788978089 611198
0 189315 37 0 1788978089 611809
0 189345 39 0 1788978089 613026
0 189346 33 0 1788978089 613064
0 189410 31 0 1788978089 615197
0 189441 29 0 1788978089 616350
0 189486 29 0 1788978089 617737
0 189509 29 0 1788978089 618446
0 189535 38 0 1788978089 619257
0 189548 32 0 1788978089 619649
0 189568 29 0 1788978089 620236
0 189600 42 0 1788978089 621340
0 189648 29 0 1788978089 623037
0 189698 30 0 1788978089 624550
0 189700 49 0 1788978089 624631
0 189715 30 0 1788978089 625086
0 189766 36 0 1788978089 626785
0 189767 30 0 1788978089 626817
0 189773 29 0 1788978089 626994
0 189802 29 0 1788978089 627896
0 189839 32 0 1788978089 629108
0 189854 29 0 1788978089 629571
0 189886 44 0 1788978089 630744
0 189949 75 0 1788978089 633413
0 189994 49 0 1788978089 635089
0 189999 33 0 1788978089 635321
0 190042 42 0 1788978089 636650
0 190057 47 0 1788978089 637297
0 190065 32 0 1788978089 637582
0 190066 44 0 1788978089 637627
0 190069 43 0 1788978089 637741
0 190087 39 0 1788978089 638507
0 190128 29 0 1788978089 639821
0 190132 32 0 1788978089 639945
0 190160 31 0 1788978089 640878
0 190234 29 0 1788978089 643337
0 190270 50 0 1788978089 644744
0 190281 29 0 1788978089 645717
0 190297 32 0 1788978089 646190
0 190299 33 0 1788978089 646260
0 190310 29 0 1788978089 646588
0 190312 36 0 1788978089 646662
0 190317 29 0 1788978089 646810
0 190324 29 0 1788978089 647015
0 190333 31 0 1788978089 647282
0 190350 29 0 1788978089 647798
0 190356 29 0 1788978089 647974
0 190382 28 0 1788978089 648749
0 190385 28 0 1788978089 648837
0 190399 42 0 1788978089 649299
0 190441 30 0 1788978089 650710
0 190446 30 0 1788978089 650860
0 190450 30 0 1788978089 650978
0 190474 41 0 1788978089 651739
0 190502 35 0 1788978089 652652
0 190556 30 0 1788978089 654323
0 190559 31 0 1788978089 654418
0 190583 31 0 1788978089 655211
0 190611 32 0 1788978089 656184
0 190624 33 0 1788978089 656599
0 190648 30 0 1788978089 657373
0 190660 30 0 1788978089 657747
0 190667 30 0 1788978089 657965
0 190671 30 0 1788978089 658100
0 190681 33 0 1788978089 658410
0 190715 32 0 1788978089 659546
0 190747 47 0 1788978089 660633
0 190773 29 0 1788978089 661466
0 190809 36 0 1788978089 662623
0 190823 29 0 1788978089 663061
0 190825 29 0 1788978089 663123
0 190851 30 0 1788978089 663915
0 190859 29 0 1788978089 664167
0 190891 30 0 1788978089 665181
0 190912 29 0 1788978089 665815
0 190916 29 0 1788978089 665934
0 190923 30 0 1788978089 666142
0 190999 30 0 1788978089 668784
0 191002 30 0 1788978089 668902
0 191006 30 0 1788978089 669021
0 191012 29 0 1788978089 669197
0 191023 29 0 1788978089 669520
0 191027 42 0 1788978089 669651
0 191091 38 0 1788978089 671555
0 191124 30 0 1788978089 672552
0 191135 29 0 1788978089 672885
0 191163 31 0 1788978089 673744
0 191193 35 0 1788978089 674661
0 191195 30 0 1788978089 674722
0 191234 29 0 1788978089 675936
0 191235 36 0 1788978089 675973
0 191255 29 0 1788978089 676565
0 191257 38 0 1788978089 676634
0 191271 29 0 1788978089 677060
0 191274 30 0 1788978089 677150
0 191290 40 0 1788978089 677656
0 191291 30 0 1788978089 677687
0 191305 29 0 1788978089 678126
0 191309 31 0 1788978089 678254
0 191375 29 0 1788978089 680302
0 191418 34 0 1788978089 681636
0 191419 33 0 1788978089 681672
0 191425 29 0 1788978089 681849
0 191451 47 0 1788978089 682647
0 191452 31 0 1788978089 682679
0 191458 32 0 1788978089 682863
0 191474 43 0 1788978089 683582
0 191510 37 0 1788978089 684716
0 191555 29 0 1788978089 686059
0 191558 29 0 1788978089 686148
0 191568 29 0 1788978089 686437
0 191575 42 0 1788978089 686669
0 191587 32 0 1788978089 687081
0 191631 28 0 1788978089 688428
0 191638 46 0 1788978089 688649
0 191640 29 0 1788978089 688710
0 191655 29 0 1788978089 689174
0 191669 29 0 1788978089 689584
0 191759 55 0 1788978089 692659
0 191763 41 0 1788978089 692829
0 191765 40 0 1788978089 692946
0 191815 40 0 1788978089 694756
0 191850 29 0 1788978089 696011
0 191866 30 0 1788978089 696500
0 191884 29 0 1788978089 697068
0 191907 49 0 1788978089 697889
0 191918 35 0 1788978089 698308
0 191919 37 0 1788978089 698348
0 191936 46 0 1788978089 698945
0 191954 43 0 1788978089 699719
0 191988 41 0 1788978089 701303
0 192000 41 0 1788978089 701826
0 192010 30 0 1788978089 702209
0 192036 35 0 1788978089 703836
0 192049 31 0 1788978089 704299
0 192058 72 0 1788978089 704676
0 192096 43 0 1788978089 706213
0 192105 32 0 1788978089 706738
0 192107 35 0 1788978089 706809
0 192122 33 0 1788978089 707282
0 192140 34 0 1788978089 707911
0 192146 46 0 1788978089 708206
0 192149 46 0 1788978089 708324
0 192159 46 0 1788978089 708691
0 192197 68 0 1788978089 710488
0 192202 68 0 1788978089 710768
0 192277 30 0 1788978089 713480
0 192300 47 0 1788978089 714554
0 192303 47 0 1788978089 714714
0 192304 44 0 1788978089 714759
0 192326 33 0 1788978089 715751
0 192353 80 0 1788978089 717252
0 192365 57 0 1788978089 719019
0 192370 61 0 1788978089 719267
0 192406 56 0 1788978089 721249
0 192423 42 0 1788978089 722309
0 192445 40 0 1788978089 723230
0 192447 44 0 1788978089 723319
0 192510 34 0 1788978089 725997
0 192538 30 0 1788978089 726947
0 192547 58 0 1788978089 727246
0 192551 30 0 1788978089 727382
0 192566 30 0 1788978089 727862
0 192588 30 0 1788978089 728521
0 192607 30 0 1788978089 729129
0 192617 31 0 1788978089 729448
0 192631 30 0 1788978089 729887
0 192645 30 0 1788978089 730313
0 192653 33 0 1788978089 730588
0 192671 31 0 1788978089 731149
0 192673 32 0 1788978089 731214
0 192676 30 0 1788978089 731309
0 192677 31 0 1788978089 731341
0 192701 31 0 1788978089 732106
0 192715 31 0 1788978089 732554
0 192743 30 0 1788978089 733513
0 192753 30 0 1788978089 733900
0 192760 31 0 1788978089 734128
0 192799 31 0 1788978089 735393
0 192805 41 0 1788978089 735594
0 192809 30 0 1788978089 735756
0 192820 30 0 1788978089 736089
0 192863 30 0 1788978089 737413
0 192896 30 0 1788978089 738461
0 192898 30 0 1788978089 738523
0 192910 30 0 1788978089 738914
0 192964 32 0 1788978089 740706
0 192979 36 0 1788978089 741306
0 192999 38 0 1788978089 742016
0 193007 38 0 1788978089 742466
0 193008 36 0 1788978089 742510
0 193010 41 0 1788978089 742586
0 193031 32 0 1788978089 743549
0 193042 32 0 1788978089 743955
0 193086 33 0 1788978089 745480
0 193112 38 0 1788978089 746350
0 193128 29 0 1788978089 746890
0 193137 29 0 1788978089 747159
0 193138 30 0 1788978089 747189
0 193170 30 0 1788978089 748158
0 193176 30 0 1788978089 748337
0 193244 38 0 1788978089 750644
0 193264 29 0 1788978089 751241
0 193271 36 0 1788978089 751457
0 193289 29 0 1788978089 752033
0 193355 30 0 1788978089 754103
0 193366 30 0 1788978089 754435
0 193394 30 0 1788978089 755306
0 193400 30 0 1788978089 755488
0 193412 30 0 1788978089 755866
0 193451 41 0 1788978089 757102
0 193490 53 0 1788978089 758514
0 193502 30 0 1788978089 758917
0 193509 29 0 1788978089 759133
0 193519 29 0 1788978089 759466
0 193522 30 0 1788978089 759556
0 193533 30 0 1788978089 759915
0 193594 31 0 1788978089 761956
0 193609 39 0 1788978089 762467
0 193648 32 0 1788978089 763767
0 193653 33 0 1788978089 763941
0 193683 31 0 1788978089 764950
0 193705 39 0 1788978089 765657
0 193720 38 0 1788978089 766156
0 193732 31 0 1788978089 766557
0 193736 32 0 1788978089 766698
0 193737 34 0 1788978089 766733
0 193789 31 0 1788978089 768433
0 193803 32 0 1788978089 768933
0 193833 32 0 1788978089 769953
0 193845 32 0 1788978089 770343
0 193852 32 0 1788978089 770598
0 193858 32 0 1788978089 770800
0 193872 35 0 1788978089 771294
0 193879 32 0 1788978089 771525
0 193931 32 0 1788978089 773272
0 193945 34 0 1788978089 773743
0 193955 36 0 1788978089 774072
0 193975 32 0 1788978089 774731
0 193976 32 0 1788978089 774764
0 194005 32 0 1788978089 775714
0 194033 33 0 1788978089 776684
0 194035 31 0 1788978089 776747
0 194119 31 0 1788978089 779582
0 194155 31 0 1788978089 780729
0 194163 31 0 1788978089 780994
0 194208 31 0 1788978089 782444
0 194243 31 0 1788978089 783724
0 194263 31 0 1788978089 784348
0 194267 31 0 1788978089 784479
0 194272 34 0 1788978089 784639
0 194281 31 0 1788978089 784919
0 194289 31 0 1788978089 785168
0 194293 30 0 1788978089 785292
0 194329 42 0 1788978089 786434
0 194346 31 0 1788978089 786984
0 194352 31 0 1788978089 787177
0 194355 31 0 1788978089 787272
0 194361 32 0 1788978089 787462
0 194401 32 0 1788978089 788744
0 194438 32 0 1788978089 789987
0 194470 33 0 1788978089 791054
0 194471 37 0 1788978089 791093
0 194480 32 0 1788978089 791386
0 194497 36 0 1788978089 791948
0 194513 31 0 1788978089 792455
0 194540 32 0 1788978089 793359
0 194567 31 0 1788978089 794285
0 194569 36 0 1788978089 794354
0 194622 31 0 1788978089 796127
0 194626 32 0 1788978089 796256
0 194662 32 0 1788978089 797436
0 194705 34 0 1788978089 798758
0 194706 35 0 1788978089 798794
0 194714 32 0 1788978089 799047
0 194733 30 0 1788978089 799709
0 194760 30 0 1788978089 800518
0 194796 35 0 1788978089 801639
0 194797 32 0 1788978089 801672
0 194813 30 0 1788978089 802208
0 194846 30 0 1788978089 803236
0 194848 30 0 1788978089 803298
0 194899 35 0 1788978089 804936
0 194902 32 0 1788978089 805037
0 194926 30 0 1788978089 805803
0 194939 30 0 1788978089 806208
0 194969 30 0 1788978089 807162
0 194977 30 0 1788978089 807407
0 195000 30 0 1788978089 808133
0 195007 30 0 1788978089 808351
0 195011 30 0 1788978089 808474
0 195019 30 0 1788978089 808744
0 195044 32 0 1788978089 809601
0 195082 58 0 1788978089 810906
0 195106 31 0 1788978089 811703
0 195123 35 0 1788978089 812247
0 195135 41 0 1788978089 812639
0 195163 30 0 1788978089 813548
0 195167 35 0 1788978089 813690
0 195173 30 0 1788978089 813883
0 195193 34 0 1788978089 814544
0 195207 30 0 1788978089 815007
0 195215 30 0 1788978089 815270
0 195240 30 0 1788978089 816064
0 195242 32 0 1788978089 816128
0 195270 36 0 1788978089 817019
0 195280 31 0 1788978089 817332
0 195329 31 0 1788978089 818897
0 195373 32 0 1788978089 820345
0 195398 31 0 1788978089 821131
0 195414 38 0 1788978089 821629
0 195441 32 0 1788978089 822469
0 195452 31 0 1788978089 822837
0 195462 30 0 1788978089 823144
0 195464 31 0 1788978089 823206
0 195516 31 0 1788978089 824980
0 195532 31 0 1788978089 825480
0 195541 31 0 1788978089 825781
0 195560 30 0 1788978089 826386
0 195585 31 0 1788978089 827173
0 195624 30 0 1788978089 828400
0 195670 60 0 1788978089 830145
0 195675 49 0 1788978089 830396
0 195681 43 0 1788978089 830645
0 195690 31 0 1788978089 830929
0 195692 33 0 1788978089 830994
0 195699 30 0 1788978089 831218
0 195732 31 0 1788978089 832479
0 195751 30 0 1788978089 833074
0 195785 33 0 1788978089 834126
0 195790 30 0 1788978089 834279
0 195809 31 0 1788978089 834904
0 195834 31 0 1788978089 835691
0 195835 31 0 1788978089 835723
0 195837 30 0 1788978089 835785
0 195856 31 0 1788978089 836381
0 195861 30 0 1788978089 836534
0 195867 30 0 1788978089 836734
0 195898 36 0 1788978089 837703
0 195909 31 0 1788978089 838078
0 195911 31 0 1788978089 838142
0 195948 32 0 1788978089 839313
0 195958 44 0 1788978089 839647
0 195963 32 0 1788978089 839818
0 195964 31 0 1788978089 839850
0 196013 31 0 1788978089 841561
0 196053 46 0 1788978089 843373
0 196060 44 0 1788978089 843689
0 196069 41 0 1788978089 844064
0 196093 41 0 1788978089 845074
0 196128 41 0 1788978089 846538
0 196132 41 0 1788978089 846719
0 196153 42 0 1788978089 847597
0 196172 41 0 1788978089 848393
0 196200 41 0 1788978089 849566
0 196203 42 0 1788978089 849711
0 196231 41 0 1788978089 850882
0 196276 52 0 1788978089 852659
0 196277 44 0 1788978089 852705
0 196278 42 0 1788978089 852748
0 196310 30 0 1788978089 853932
0 196324 40 0 1788978089 854435
0 196333 32 0 1788978089 854755
0 196370 31 0 1788978089 855956
0 196373 31 0 1788978089 856049
0 196394 31 0 1788978089 856702
0 196447 43 0 1788978089 858630
0 196466 52 0 1788978089 859514
0 196511 59 0 1788978089 861467
0 196541 33 0 1788978089 862697
0 196547 31 0 1788978089 862888
0 196575 36 0 1788978089 863924
0 196584 61 0 1788978089 864504
0 196592 37 0 1788978089 864966
0 196621 42 0 1788978089 866277
0 196678 48 0 1788978089 869252
0 196687 0 0 1788978089 869647
0 196747 43 0 1788978089 872426
0 196758 31 0 1788978089 872801
0 196779 30 0 1788978089 873473
0 196786 30 0 1788978089 873700
0 196793 30 0 1788978089 873910
0 196805 30 0 1788978089 874279
0 196827 30 0 1788978089 874971
0 196835 30 0 1788978089 875233
0 196869 30 0 1788978089 876389
0 196886 30 0 1788978089 876922
0 196936 30 0 1788978089 878530
0 196974 33 0 1788978089 879833
0 196990 34 0 1788978089 880402
0 197038 39 0 1788978089 882330
0 197063 36 0 1788978089 883353
0 197064 47 0 1788978089 883402
0 197104 37 0 1788978089 884664
0 197109 36 0 1788978089 884823
0 197126 30 0 1788978089 885349
0 197130 29 0 1788978089 885469
0 197141 30 0 1788978089 885808
0 197162 30 0 1788978089 886440
0 197185 30 0 1788978089 887181
0 197223 30 0 1788978089 888367
0 197238 30 0 1788978089 888844
0 197242 30 0 1788978089 888966
0 197302 31 0 1788978089 890881
0 197317 41 0 1788978089 891503
0 197327 41 0 1788978089 891931
0 197334 41 0 1788978089 892226
0 197335 54 0 1788978089 892314
0 197394 41 0 1788978089 894858
0 197397 41 0 1788978089 894990
0 197409 41 0 1788978089 895502
0 197476 41 0 1788978089 898403
0 197529 43 0 1788978089 900677
0 197540 41 0 1788978089 901134
0 197544 41 0 1788978089 901304
0 197545 41 0 1788978089 901347
0 197554 41 0 1788978089 901737
0 197555 41 0 1788978089 901780
0 197605 41 0 1788978089 903878
0 197624 43 0 1788978089 904546
0 197658 44 0 1788978089 905989
0 197714 31 0 1788978089 907918
0 197721 29 0 1788978089 908134
0 197735 30 0 1788978089 908568
0 197744 30 0 1788978089 908856
0 197747 30 0 1788978089 908948
0 197760 30 0 1788978089 909389
0 197771 39 0 1788978089 909741
0 197791 31 0 1788978089 910369
0 197792 30 0 1788978089 910400
0 197802 31 0 1788978089 910723
0 197807 30 0 1788978089 910877
0 197854 31 0 1788978089 912349
0 197880 30 0 1788978089 913207
0 197885 32 0 1788978089 913370
0 197889 31 0 1788978089 913494
0 197934 31 0 1788978089 915305
0 197939 41 0 1788978089 915477
0 197956 36 0 1788978089 916061
0 197974 42 0 1788978089 916640
0 197991 31 0 1788978089 917187
0 198006 36 0 1788978089 917681
0 198007 31 0 1788978089 917713
0 198019 30 0 1788978089 918088
0 198020 31 0 1788978089 918120
0 198058 31 0 1788978089 919317
0 198095 30 0 1788978089 920491
0 198115 30 0 1788978089 921155
0 198170 30 0 1788978089 923058
0 198191 32 0 1788978089 923754
0 198222 31 0 1788978089 924758
0 198230 34 0 1788978089 925023
0 198236 33 0 1788978089 925233
0 198239 33 0 1788978089 925329
0 198241 31 0 1788978089 925396
0 198306 31 0 1788978089 927457
0 198308 35 0 1788978089 927524
0 198364 31 0 1788978089 929488
0 198476 30 0 1788978089 933107
0 198530 30 0 1788978089 934824
0 198577 52 0 1788978089 936630
0 198613 34 0 1788978089 937809
0 198658 29 0 1788978089 939265
0 198664 33 0 1788978089 939451
0 198698 29 0 1788978089 940464
0 198704 39 0 1788978089 940652
0 198735 29 0 1788978089 941606
0 198756 29 0 1788978089 942253
0 198767 29 0 1788978089 942575
0 198768 29 0 1788978089 942605
0 198793 30 0 1788978089 943360
0 198801 29 0 1788978089 943594
0 198828 30 0 1788978089 944405
0 198839 29 0 1788978089 944740
0 198856 29 0 1788978089 945246
0 198918 30 0 1788978089 947122
0 198931 30 0 1788978089 947522
0 198978 30 0 1788978089 949048
0 198979 30 0 1788978089 949079
0 199027 58 0 1788978089 950712
0 199041 67 0 1788978089 951310
0 199047 52 0 1788978089 951584
0 199057 30 0 1788978089 951983
0 199087 30 0 1788978089 953083
0 199128 29 0 1788978089 954380
0 199157 30 0 1788978089 955281
0 199160 28 0 1788978089 955369
0 199161 32 0 1788978089 955402
0 199178 32 0 1788978089 955949
0 199187 40 0 1788978089 956254
0 199214 29 0 1788978089 957105
0 199222 29 0 1788978089 957340
0 199242 29 0 1788978089 957950
0 199250 29 0 1788978089 958190
0 199251 29 0 1788978089 958220
0 199276 29 0 1788978089 958977
0 199282 29 0 1788978089 959172
0 199285 29 0 1788978089 959261
0 199331 29 0 1788978089 960720
0 199338 29 0 1788978089 960928
0 199348 31 0 1788978089 961234
0 199366 30 0 1788978089 961820
0 199390 29 0 1788978089 962553
0 199441 30 0 1788978089 964157
0 199464 30 0 1788978089 964930
0 199476 30 0 1788978089 965326
0 199481 52 0 1788978089 965525
0 199485 36 0 1788978089 965675
0 199519 32 0 1788978089 966760
0 199586 30 0 1788978089 968809
0 199602 29 0 1788978089 969304
0 199632 31 0 1788978089 970211
0 199635 30 0 1788978089 970302
0 199642 29 0 1788978089 970508
0 199649 33 0 1788978089 970725
0 199670 28 0 1788978089 971349
0 199704 40 0 1788978089 972609
0 199734 43 0 1788978089 973862
0 199739 40 0 1788978089 974067
0 199777 43 0 1788978089 975622
0 199824 40 0 1788978089 977574
0 199834 40 0 1788978089 977998
0 199850 50 0 1788978089 978679
0 199886 29 0 1788978089 980047
0 199894 31 0 1788978089 980295
0 199908 32 0 1788978089 980767
0 199910 31 0 1788978089 980833
0 199928 31 0 1788978089 981385
0 199940 31 0 1788978089 981759
0 199959 32 0 1788978089 982378
0 199995 30 0 1788978089 983526
0 200004 31 0 1788978089 983820
0 200028 31 0 1788978089 984606
0 200068 46 0 1788978089 986046
0 200071 46 0 1788978089 986180
0 200086 36 0 1788978089 986914
0 200114 63 0 1788978089 988310
0 200117 36 0 1788978089 988429
0 200120 30 0 1788978089 988526
0 200134 30 0 1788978089 989018
0 200146 30 0 1788978089 989401
0 200174 30 0 1788978089 990287
0 200201 30 0 1788978089 991190
0 200207 31 0 1788978089 991377
0 200225 30 0 1788978089 991928
0 200226 31 0 1788978089 991960
0 200258 31 0 1788978089 992967
0 200272 30 0 1788978089 993398
0 200287 30 0 1788978089 993885
0 200331 30 0 1788978089 995386
0 200352 46 0 1788978089 996158
0 200364 33 0 1788978089 996674
0 200373 30 0 1788978089 996953
0 200386 31 0 1788978089 997361
0 200402 30 0 1788978089 997986
0 200429 32 0 1788978089 998875
0 200481 32 0 1788978090 748
0 200513 30 0 1788978090 1837
0 200523 31 0 1788978090 2156
0 200543 39 0 1788978090 2864
0 200579 43 0 1788978090 4584
0 200585 41 0 1788978090 4841
0 200612 42 0 1788978090 6043
0 200629 44 0 1788978090 6792
0 200655 52 0 1788978090 8036
0 200699 42 0 1788978090 9940
0 200744 42 0 1788978090 11877
0 200756 45 0 1788978090 12388
0 200758 42 0 1788978090 12475
0 200761 46 0 1788978090 12607
0 200797 50 0 1788978090 14244
0 200830 37 0 1788978090 15970
0 200857 63 0 1788978090 17308
0 200886 36 0 1788978090 18844
0 200896 38 0 1788978090 19252
0 200897 38 0 1788978090 19293
0 200901 37 0 1788978090 19448
0 200916 44 0 1788978090 20097
0 200919 40 0 1788978090 20224
0 200934 59 0 1788978090 20850
0 200953 38 0 1788978090 21606
0 200969 47 0 1788978090 22305
0 200985 54 0 1788978090 23065
0 200994 32 0 1788978090 23453
0 201012 30 0 1788978090 24073
0 201071 36 0 1788978090 26015
0 201076 29 0 1788978090 26173
0 201103 30 0 1788978090 27093
0 201164 48 0 1788978090 29195
0 201166 44 0 1788978090 29313
0 201173 46 0 1788978090 29645
0 201186 33 0 1788978090 30068
0 201206 47 0 1788978090 31135
0 201237 65 0 1788978090 32656
0 201243 0 0 1788978090 33077
0 201254 64 0 1788978090 33815
0 201281 79 0 1788978090 35171
0 201282 107 0 1788978090 35283
0 201295 42 0 1788978090 35951
0 201312 63 0 1788978090 36772
0 201316 39 0 1788978090 36952
0 201321 39 0 1788978090 37172
0 201346 30 0 1788978090 38196
0 201371 41 0 1788978090 39234
0 201386 41 0 1788978090 39879
0 201405 44 0 1788978090 40694
0 201427 37 0 1788978090 41698
0 201430 35 0 1788978090 41798
0 201441 30 0 1788978090 42132
0 201460 34 0 1788978090 42893
0 201462 34 0 1788978090 42961
0 201467 30 0 1788978090 43124
0 201475 31 0 1788978090 43383
0 201512 31 0 1788978090 44551
0 201516 44 0 1788978090 44703
0 201517 47 0 1788978090 44752
0 201527 75 0 1788978090 45389
0 201541 45 0 1788978090 46033
0 201550 37 0 1788978090 46366
0 201556 36 0 1788978090 46581
0 201571 37 0 1788978090 47144
0 201576 37 0 1788978090 47327
0 201585 36 0 1788978090 47659
0 201590 38 0 1788978090 47864
0 201600 32 0 1788978090 48332
0 201604 45 0 1788978090 48498
0 201613 37 0 1788978090 48964
0 201649 31 0 1788978090 50222
0 201662 31 0 1788978090 50747
0 201680 30 0 1788978090 51306
0 201692 31 0 1788978090 51693
0 201708 48 0 1788978090 52226
0 201714 92 0 1788978090 52592
0 201719 31 0 1788978090 52806
0 201732 30 0 1788978090 53203
0 201752 33 0 1788978090 53858
0 201774 56 0 1788978090 54641
0 201794 31 0 1788978090 55283
0 201799 31 0 1788978090 55441
0 201860 33 0 1788978090 57579
0 201887 32 0 1788978090 58558
0 201890 37 0 1788978090 58689
0 201891 32 0 1788978090 58722
0 201902 46 0 1788978090 59169
0 201920 33 0 1788978090 59996
0 201930 34 0 1788978090 60437
0 201983 31 0 1788978090 62544
0 201988 31 0 1788978090 62716
0 201990 30 0 1788978090 62778
0 202022 37 0 1788978090 63848
0 202042 47 0 1788978090 64840
0 202046 40 0 1788978090 65055
0 202075 31 0 1788978090 65997
0 202099 30 0 1788978090 66758
0 202119 31 0 1788978090 67385
0 202128 34 0 1788978090 67678
0 202144 31 0 1788978090 68182
0 202151 31 0 1788978090 68401
0 202178 32 0 1788978090 69299
0 202245 32 0 1788978090 71554
0 202266 32 0 1788978090 72286
0 202298 31 0 1788978090 73315
0 202302 31 0 1788978090 73444
0 202305 31 0 1788978090 73538
0 202310 31 0 1788978090 73701
0 202318 35 0 1788978090 73962
0 202333 32 0 1788978090 74465
0 202343 32 0 1788978090 74827
0 202353 31 0 1788978090 75163
0 202369 33 0 1788978090 75683
0 202405 33 0 1788978090 77083
0 202443 33 0 1788978090 78350
0 202456 49 0 1788978090 78881
0 202483 34 0 1788978090 80394
0 202494 32 0 1788978090 80796
0 202512 35 0 1788978090 81402
0 202515 31 0 1788978090 81496
0 202518 31 0 1788978090 81590
0 202519 50 0 1788978090 81641
0 202523 31 0 1788978090 81771
0 202538 32 0 1788978090 82277
0 202568 31 0 1788978090 83326
0 202592 34 0 1788978090 84108
0 202600 32 0 1788978090 84361
0 202621 31 0 1788978090 85037
0 202635 32 0 1788978090 85484
0 202646 32 0 1788978090 85898
0 202661 32 0 1788978090 86392
0 202662 95 0 1788978090 86489
0 202675 30 0 1788978090 87019
0 202745 42 0 1788978090 89945
0 202762 57 0 1788978090 90714
0 202785 39 0 1788978090 91501
0 202792 32 0 1788978090 91782
0 202823 32 0 1788978090 92822
0 202839 36 0 1788978090 93483
0 202975 32 0 1788978090 98517
0 203071 46 0 1788978090 101655
0 203073 32 0 1788978090 101722
0 203139 43 0 1788978090 104184
0 203150 45 0 1788978090 104694
0 203208 42 0 1788978090 107211
0 203217 55 0 1788978090 107631
0 203243 43 0 1788978090 108755
0 203253 43 0 1788978090 109185
0 203293 43 0 1788978090 110932
0 203294 43 0 1788978090 110977
0 203299 42 0 1788978090 111191
0 203326 31 0 1788978090 112181
0 203342 31 0 1788978090 112786
0 203356 31 0 1788978090 113221
0 203361 31 0 1788978090 113378
0 203366 31 0 1788978090 113534
0 203380 31 0 1788978090 113992
0 203420 42 0 1788978090 115443
0 203422 42 0 1788978090 115532
0 203451 38 0 1788978090 116680
0 203454 32 0 1788978090 116779
0 203458 32 0 1788978090 116908
0 203460 31 0 1788978090 116972
0 203490 44 0 1788978090 118070
0 203524 42 0 1788978090 119576
0 203529 46 0 1788978090 119820
0 203543 42 0 1788978090 120429
0 203578 43 0 1788978090 122005
0 203579 43 0 1788978090 122050
0 203608 43 0 1788978090 123352
0 203626 42 0 1788978090 124167
0 203645 47 0 1788978090 125047
0 203661 43 0 1788978090 125793
0 203679 43 0 1788978090 126599
0 203685 44 0 1788978090 126938
0 203718 35 0 1788978090 128206
0 203738 31 0 1788978090 128842
0 203749 30 0 1788978090 129184
0 203766 31 0 1788978090 129937
0 203783 31 0 1788978090 130475
0 203822 31 0 1788978090 131736
0 203860 37 0 1788978090 133211
0 203903 58 0 1788978090 134655
0 203910 31 0 1788978090 134880
0 203950 37 0 1788978090 136230
0 203980 48 0 1788978090 137507
0 204018 34 0 1788978090 138774
0 204025 40 0 1788978090 139059
0 204026 36 0 1788978090 139097
0 204054 33 0 1788978090 140044
0 204086 41 0 1788978090 141084
0 204095 42 0 1788978090 141486
0 204151 32 0 1788978090 143485
0 204185 53 0 1788978090 144644
0 204201 33 0 1788978090 145205
0 204234 32 0 1788978090 146308
0 204247 31 0 1788978090 146739
0 204251 42 0 1788978090 146877
0 204256 34 0 1788978090 147055
0 204264 32 0 1788978090 147329
0 204298 31 0 1788978090 148475
0 204309 31 0 1788978090 148854
0 204313 31 0 1788978090 148992
0 204338 32 0 1788978090 149814
0 204345 41 0 1788978090 150046
0 204349 32 0 1788978090 150201
0 204356 32 0 1788978090 150444
0 204364 37 0 1788978090 150753
0 204369 34 0 1788978090 150916
0 204439 32 0 1788978090 153535
0 204474 32 0 1788978090 154706
0 204488 31 0 1788978090 155166
0 204538 31 0 1788978090 156820
0 204565 43 0 1788978090 157994
0 204591 44 0 1788978090 159153
0 204609 43 0 1788978090 159981
0 204642 33 0 1788978090 161388
0 204649 38 0 1788978090 161637
0 204669 42 0 1788978090 162374
0 204689 44 0 1788978090 163309
0 204707 42 0 1788978090 164092
0 204722 43 0 1788978090 164744
0 204728 42 0 1788978090 165002
0 204787 42 0 1788978090 167567
0 204824 44 0 1788978090 169221
0 204857 44 0 1788978090 170705
0 204903 32 0 1788978090 172700
0 204916 32 0 1788978090 173133
0 204931 31 0 1788978090 173700
0 204933 31 0 1788978090 173766
0 204946 32 0 1788978090 174175
0 205031 32 0 1788978090 177012
0 205059 32 0 1788978090 177940
0 205065 32 0 1788978090 178131
0 205108 54 0 1788978090 179884
0 205120 32 0 1788978090 180321
0 205151 31 0 1788978090 181320
0 205153 31 0 1788978090 181385
0 205158 33 0 1788978090 181548
0 205171 31 0 1788978090 182031
0 205199 32 0 1788978090 182934
0 205210 31 0 1788978090 183282
0 205216 31 0 1788978090 183472
0 205262 31 0 1788978090 184969
0 205273 32 0 1788978090 185321
0 205296 34 0 1788978090 186092
0 205298 33 0 1788978090 186166
0 205320 36 0 1788978090 187055
0 205338 36 0 1788978090 187744
0 205342 37 0 1788978090 187902
0 205357 37 0 1788978090 188455
0 205370 47 0 1788978090 189052
0 205395 31 0 1788978090 190080
0 205399 31 0 1788978090 190206
0 205424 32 0 1788978090 191006
0 205437 31 0 1788978090 191413
0 205449 34 0 1788978090 191807
0 205463 30 0 1788978090 192259
0 205488 30 0 1788978090 193067
0 205524 30 0 1788978090 194179
0 205553 30 0 1788978090 195083
0 205596 30 0 1788978090 196408
0 205602 30 0 1788978090 196597
0 205616 31 0 1788978090 197055
0 205621 30 0 1788978090 197206
0 205631 30 0 1788978090 197515
0 205646 30 0 1788978090 197987
0 205647 30 0 1788978090 198019
0 205685 30 0 1788978090 199293
0 205699 31 0 1788978090 199754
0 205737 31 0 1788978090 200998
0 205761 31 0 1788978090 201793
0 205763 30 0 1788978090 201857
0 205768 39 0 1788978090 202026
0 205776 31 0 1788978090 202289
0 205796 42 0 1788978090 202983
0 205797 31 0 1788978090 203016
0 205806 31 0 1788978090 203324
0 205807 31 0 1788978090 203356
0 205824 33 0 1788978090 203968
0 205827 31 0 1788978090 204063
0 205850 34 0 1788978090 204801
0 205918 34 0 1788978090 207007
0 205934 31 0 1788978090 207520
0 205940 30 0 1788978090 207733
0 205959 37 0 1788978090 208341
0 205991 31 0 1788978090 209368
0 206012 31 0 1788978090 210038
0 206034 31 0 1788978090 210753
0 206051 31 0 1788978090 211397
0 206064 31 0 1788978090 211878
0 206067 30 0 1788978090 211982
0 206072 32 0 1788978090 212191
0 206132 30 0 1788978090 214090
0 206133 31 0 1788978090 214123
0 206142 31 0 1788978090 214407
0 206251 31 0 1788978090 217993
0 206323 30 0 1788978090 220300
0 206324 31 0 1788978090 220333
0 206326 31 0 1788978090 220395
0 206334 35 0 1788978090 220660
0 206354 31 0 1788978090 221289
0 206374 31 0 1788978090 221930
0 206391 36 0 1788978090 222482
0 206395 31 0 1788978090 222606
0 206401 31 0 1788978090 222809
0 206402 30 0 1788978090 222840
0 206431 33 0 1788978090 223735
0 206432 40 0 1788978090 223777
0 206438 30 0 1788978090 223963
0 206463 30 0 1788978090 224727
0 206486 30 0 1788978090 225434
0 206499 30 0 1788978090 225835
0 206508 30 0 1788978090 226110
0 206541 31 0 1788978090 227241
0 206546 33 0 1788978090 227432
0 206549 31 0 1788978090 227525
0 206566 31 0 1788978090 228052
0 206579 40 0 1788978090 228474
0 206617 30 0 1788978090 229878
0 206645 30 0 1788978090 230743
0 206685 34 0 1788978090 232164
0 206697 45 0 1788978090 232609
0 206724 30 0 1788978090 233453
0 206731 34 0 1788978090 233676
0 206742 30 0 1788978090 234007
0 206744 29 0 1788978090 234067
0 206790 30 0 1788978090 235491
0 206793 30 0 1788978090 235583
0 206839 30 0 1788978090 237029
0 206844 33 0 1788978090 237184
0 206870 30 0 1788978090 238038
0 206895 30 0 1788978090 238852
0 206902 32 0 1788978090 239070
0 206916 32 0 1788978090 239531
0 206928 32 0 1788978090 239951
0 206942 31 0 1788978090 240400
0 206963 30 0 1788978090 241150
0 206964 34 0 1788978090 241187
0 206970 31 0 1788978090 241377
0 206976 33 0 1788978090 241567
0 207003 31 0 1788978090 242467
0 207053 50 0 1788978090 244181
0 207080 37 0 1788978090 245290
0 207092 40 0 1788978090 245779
0 207142 40 0 1788978090 247703
0 207180 30 0 1788978090 248943
0 207192 30 0 1788978090 249306
0 207200 70 0 1788978090 249662
0 207238 41 0 1788978090 251317
0 207259 38 0 1788978090 252382
0 207294 34 0 1788978090 253512
0 207314 31 0 1788978090 254152
0 207384 30 0 1788978090 256366
0 207402 30 0 1788978090 256967
0 207407 32 0 1788978090 257129
0 207413 30 0 1788978090 257315
0 207417 31 0 1788978090 257439
0 207427 31 0 1788978090 257759
0 207429 30 0 1788978090 257827
0 207490 43 0 1788978090 259876
0 207541 40 0 1788978090 261884
0 207552 53 0 1788978090 262300
0 207567 38 0 1788978090 262947
0 207599 30 0 1788978090 264254
0 207602 30 0 1788978090 264352
0 207634 32 0 1788978090 265486
0 207637 50 0 1788978090 265641
0 207659 30 0 1788978090 266386
0 207683 30 0 1788978090 267127
0 207694 30 0 1788978090 267472
0 207698 30 0 1788978090 267594
0 207710 30 0 1788978090 267975
0 207714 30 0 1788978090 268099
0 207743 48 0 1788978090 269060
0 207802 45 0 1788978090 271037
0 207804 37 0 1788978090 271130
0 207890 31 0 1788978090 273851
0 207899 31 0 1788978090 274127
0 207902 30 0 1788978090 274219
0 207908 30 0 1788978090 274402
0 207933 31 0 1788978090 275217
0 207934 31 0 1788978090 275251
0 207960 31 0 1788978090 276069
0 207963 31 0 1788978090 276163
0 207988 31 0 1788978090 277173
0 208003 41 0 1788978090 277802
0 208019 30 0 1788978090 278293
0 208021 30 0 1788978090 278355
0 208081 262 0 1788978090 280806
0 208105 31 0 1788978090 281873
0 208107 31 0 1788978090 281936
0 208108 30 0 1788978090 281967
0 208147 203 0 1788978090 284225
0 208149 86 0 1788978090 284360
0 208222 31 0 1788978090 288135
0 208240 30 0 1788978090 288710
0 208246 30 0 1788978090 288895
0 208262 35 0 1788978090 289395
0 208293 31 0 1788978090 290395
0 208297 31 0 1788978090 290519
0 208314 33 0 1788978090 291081
0 208359 47 0 1788978090 293320
0 208361 46 0 1788978090 293416
0 208371 42 0 1788978090 293881
0 208388 35 0 1788978090 294694
0 208409 29 0 1788978090 295367
0 208437 33 0 1788978090 296303
0 208472 30 0 1788978090 297401
0 208491 30 0 1788978090 298071
0 208497 32 0 1788978090 298257
0 208525 30 0 1788978090 299147
0 208538 31 0 1788978090 299575
0 208593 30 0 1788978090 301353
0 208596 31 0 1788978090 301448
0 208597 31 0 1788978090 301479
0 208621 31 0 1788978090 302282
0 208661 36 0 1788978090 303606
0 208669 30 0 1788978090 303914
0 208694 30 0 1788978090 304738
0 208704 36 0 1788978090 305056
0 208723 48 0 1788978090 306055
0 208777 30 0 1788978090 308012
0 208779 32 0 1788978090 308078
0 208781 30 0 1788978090 308139
0 208802 31 0 1788978090 308841
0 208812 30 0 1788978090 309167
0 208847 39 0 1788978090 310381
0 208859 40 0 1788978090 310904
0 208867 42 0 1788978090 311238
0 208908 44 0 1788978090 312648
0 208916 30 0 1788978090 312898
0 208932 32 0 1788978090 313388
0 208968 34 0 1788978090 314510
0 209064 43 0 1788978090 318387
0 209065 39 0 1788978090 318432
0 209084 30 0 1788978090 319165
0 209103 29 0 1788978090 319771
0 209197 31 0 1788978090 322902
0 209203 32 0 1788978090 323091
0 209210 32 0 1788978090 323308
0 209235 30 0 1788978090 324092
0 209237 32 0 1788978090 324157
0 209256 37 0 1788978090 324794
0 209260 31 0 1788978090 324923
0 209303 31 0 1788978090 326286
0 209327 33 0 1788978090 327159
0 209329 35 0 1788978090 327229
0 209333 34 0 1788978090 327371
0 209336 34 0 1788978090 327471
0 209356 33 0 1788978090 328218
0 209383 36 0 1788978090 329349
0 209392 32 0 1788978090 329664
0 209415 43 0 1788978090 330464
0 209418 41 0 1788978090 330589
0 209419 77 0 1788978090 330668
0 209429 90 0 1788978090 331185
0 209431 91 0 1788978090 331356
0 209448 44 0 1788978090 332265
0 209467 49 0 1788978090 333115
0 209491 32 0 1788978090 334192
0 209501 30 0 1788978090 334575
0 209525 45 0 1788978090 335813
0 209535 36 0 1788978090 336193
0 209558 30 0 1788978090 336954
0 209562 30 0 1788978090 337077
0 209590 33 0 1788978090 337996
0 209596 37 0 1788978090 338198
0 209598 31 0 1788978090 338264
0 209634 30 0 1788978090 339385
0 209637 30 0 1788978090 339477
0 209694 31 0 1788978090 341270
0 209714 31 0 1788978090 341961
0 209749 64 0 1788978090 343497
0 209800 35 0 1788978090 345649
0 209812 30 0 1788978090 346015
0 209823 30 0 1788978090 346346
0 209847 30 0 1788978090 347088
0 209848 30 0 1788978090 347119
0 209859 30 0 1788978090 347453
0 209862 30 0 1788978090 347544
0 209869 30 0 1788978090 347770
0 209883 42 0 1788978090 348380
0 209923 48 0 1788978090 350052
0 209974 31 0 1788978090 352168
0 209985 30 0 1788978090 352508
0 210008 31 0 1788978090 353303
0 210009 31 0 1788978090 353337
0 210098 30 0 1788978090 356312
0 210131 31 0 1788978090 357366
0 210138 31 0 1788978090 357583
0 210145 30 0 1788978090 357823
0 210150 41 0 1788978090 357993
0 210157 34 0 1788978090 358222
0 210177 31 0 1788978090 358891
0 210183 55 0 1788978090 359169
0 210209 36 0 1788978090 360201
0 210238 34 0 1788978090 361183
0 210247 31 0 1788978090 361469
0 210262 31 0 1788978090 361970
0 210287 59 0 1788978090 362831
0 210315 32 0 1788978090 363863
0 210326 30 0 1788978090 364236
0 210357 31 0 1788978090 365200
0 210358 31 0 1788978090 365232
0 210359 30 0 1788978090 365263
0 210379 30 0 1788978090 365900
0 210423 30 0 1788978090 367279
0 210467 31 0 1788978090 368693
0 210471 31 0 1788978090 368817
0 210474 30 0 1788978090 368909
0 210507 31 0 1788978090 369990
0 210518 42 0 1788978090 370430
0 210528 32 0 1788978090 370848
0 210529 31 0 1788978090 370880
0 210532 39 0 1788978090 370999
0 210546 31 0 1788978090 371510
0 210561 31 0 1788978090 372034
0 210602 31 0 1788978090 373481
0 210658 31 0 1788978090 375399
0 210696 58 0 1788978090 376643
0 210698 32 0 1788978090 376721
0 210766 33 0 1788978090 378927
0 210787 46 0 1788978090 379626
0 210823 31 0 1788978090 380780
0 210826 31 0 1788978090 380873
0 210908 35 0 1788978090 383511
0 210913 32 0 1788978090 383683
0 210933 30 0 1788978090 384311
0 210955 30 0 1788978090 385007
0 210964 31 0 1788978090 385306
0 210966 31 0 1788978090 385369
0 211012 31 0 1788978090 386832
0 211014 36 0 1788978090 386900
0 211015 35 0 1788978090 386935
0 211056 31 0 1788978090 388259
0 211090 38 0 1788978090 389449
0 211103 31 0 1788978090 389891
0 211145 30 0 1788978090 391252
0 211159 31 0 1788978090 391704
0 211161 31 0 1788978090 391767
0 211164 30 0 1788978090 391860
0 211182 31 0 1788978090 392427
0 211186 30 0 1788978090 392551
0 211195 31 0 1788978090 392850
0 211201 30 0 1788978090 393054
0 211242 31 0 1788978090 394426
0 211253 29 0 1788978090 394793
0 211277 34 0 1788978090 395603
0 211293 30 0 1788978090 396104
0 211313 42 0 1788978090 396792
0 211314 42 0 1788978090 396837
0 211375 41 0 1788978090 399404
0 211381 48 0 1788978090 399690
0 211435 45 0 1788978090 402347
0 211436 43 0 1788978090 402396
0 211460 38 0 1788978090 403431
0 211461 38 0 1788978090 403472
0 211465 85 0 1788978090 403669
0 211477 44 0 1788978090 404224
0 211579 47 0 1788978090 409389
0 211581 52 0 1788978090 409502
0 211593 46 0 1788978090 410100
0 211673 37 0 1788978090 413752
0 211679 39 0 1788978090 413978
0 211697 36 0 1788978090 414598
0 211720 35 0 1788978090 415453
0 211722 35 0 1788978090 415526
0 211742 36 0 1788978090 416251
0 211745 35 0 1788978090 416361
0 211762 35 0 1788978090 416988
0 211763 36 0 1788978090 417025
0 211764 35 0 1788978090 417061
0 211777 37 0 1788978090 417556
0 211794 36 0 1788978090 418300
0 211798 36 0 1788978090 418447
0 211810 36 0 1788978090 418903
0 211814 36 0 1788978090 419049
0 211839 39 0 1788978090 419958
0 211850 36 0 1788978090 420358
0 211853 36 0 1788978090 420467
0 211877 38 0 1788978090 421347
0 211897 37 0 1788978090 422091
0 211905 32 0 1788978090 422438
0 211915 30 0 1788978090 422770
0 211919 39 0 1788978090 422901
0 211923 30 0 1788978090 423024
0 211928 30 0 1788978090 423175
0 211939 33 0 1788978090 423511
0 211961 39 0 1788978090 424359
0 211969 44 0 1788978090 424747
0 211972 30 0 1788978090 424841
0 212014 36 0 1788978090 426435
0 212034 31 0 1788978090 427188
0 212050 31 0 1788978090 427760
0 212070 44 0 1788978090 428520
0 212178 30 0 1788978090 432577
0 212196 30 0 1788978090 433135
0 212199 30 0 1788978090 433226
0 212201 30 0 1788978090 433286
0 212241 30 0 1788978090 434528
0 212303 30 0 1788978090 436440
0 212308 30 0 1788978090 436592
0 212338 30 0 1788978090 437570
0 212340 50 0 1788978090 437653
0 212357 39 0 1788978090 438241
0 212361 43 0 1788978090 438411
0 212390 30 0 1788978090 439380
0 212404 30 0 1788978090 439860
0 212430 42 0 1788978090 440676
0 212437 80 0 1788978090 441073
0 212445 40 0 1788978090 441428
0 212476 50 0 1788978090 442518
0 212582 34 0 1788978090 446404
0 212608 33 0 1788978090 447543
0 212610 38 0 1788978090 447619
0 212622 35 0 1788978090 448081
0 212700 32 0 1788978090 450676
0 212730 43 0 1788978090 451636
0 212751 35 0 1788978090 452320
0 212780 32 0 1788978090 453285
0 212832 31 0 1788978090 455143
0 212834 33 0 1788978090 455216
0 212853 83 0 1788978090 456101
0 212879 31 0 1788978090 456999
0 212888 32 0 1788978090 457283
0 212955 32 0 1788978090 459529
0 212978 31 0 1788978090 460310
0 212987 30 0 1788978090 460591
0 213011 32 0 1788978090 461368
0 213027 32 0 1788978090 461990
0 213041 31 0 1788978090 462462
0 213058 30 0 1788978090 463029
0 213110 32 0 1788978090 464831
0 213132 32 0 1788978090 465540
0 213144 31 0 1788978090 465936
0 213175 33 0 1788978090 467008
0 213177 33 0 1788978090 467081
0 213208 44 0 1788978090 468182
0 213246 53 0 1788978090 469661
0 213281 31 0 1788978090 470760
0 213314 31 0 1788978090 471803
0 213340 83 0 1788978090 472685
0 213343 31 0 1788978090 472788
0 213386 31 0 1788978090 474159
0 213422 31 0 1788978090 475320
0 213448 32 0 1788978090 476156
0 213471 32 0 1788978090 476900
0 213480 32 0 1788978090 477186
0 213481 31 0 1788978090 477218
0 213488 32 0 1788978090 477444
0 213514 31 0 1788978090 478303
0 213525 32 0 1788978090 478670
0 213530 32 0 1788978090 478830
0 213571 38 0 1788978090 480215
0 213572 33 0 1788978090 480251
0 213573 32 0 1788978090 480284
0 213588 32 0 1788978090 480798
0 213602 32 0 1788978090 481249
0 213605 31 0 1788978090 481350
0 213625 31 0 1788978090 482034
0 213638 38 0 1788978090 482456
0 213647 31 0 1788978090 482766
0 213672 31 0 1788978090 483587
0 213685 32 0 1788978090 484022
0 213688 31 0 1788978090 484118
0 213696 32 0 1788978090 484379
0 213702 32 0 1788978090 484571
0 213730 31 0 1788978090 485495
0 213731 32 0 1788978090 485528
0 213734 37 0 1788978090 485629
0 213756 32 0 1788978090 486355
0 213771 31 0 1788978090 486854
0 213775 64 0 1788978090 487030
0 213808 32 0 1788978090 488188
0 213827 32 0 1788978090 488822
0 213828 43 0 1788978090 488866
0 213834 36 0 1788978090 489080
0 213845 31 0 1788978090 489448
0 213906 32 0 1788978090 491573
0 213907 32 0 1788978090 491608
0 213949 31 0 1788978090 493225
0 213959 31 0 1788978090 493555
0 213963 31 0 1788978090 493693
0 213969 31 0 1788978090 493881
0 214008 31 0 1788978090 495157
0 214014 31 0 1788978090 495346
0 214019 31 0 1788978090 495507
0 214039 31 0 1788978090 496157
0 214041 31 0 1788978090 496220
0 214099 31 0 1788978090 498078
0 214105 30 0 1788978090 498265
0 214142 32 0 1788978090 499460
0 214200 31 0 1788978090 501301
0 214201 34 0 1788978090 501337
0 214206 37 0 1788978090 501508
0 214223 31 0 1788978090 502072
0 214230 35 0 1788978090 502318
0 214265 36 0 1788978090 503698
0 214267 51 0 1788978090 503796
0 214268 34 0 1788978090 503831
0 214275 32 0 1788978090 504075
0 214319 32 0 1788978090 505528
0 214338 32 0 1788978090 506194
0 214367 32 0 1788978090 507207
0 214369 32 0 1788978090 507275
0 214392 31 0 1788978090 508018
0 214397 34 0 1788978090 508180
0 214426 32 0 1788978090 509162
0 214438 32 0 1788978090 509607
0 214443 31 0 1788978090 509787
0 214449 32 0 1788978090 509980
0 214461 31 0 1788978090 510371
0 214534 38 0 1788978090 512881
0 214549 32 0 1788978090 513378
0 214558 32 0 1788978090 513687
0 214595 43 0 1788978090 514973
0 214642 40 0 1788978090 516692
0 214675 43 0 1788978090 518033
0 214694 31 0 1788978090 518854
0 214715 44 0 1788978090 519682
0 214732 38 0 1788978090 520316
0 214751 33 0 1788978090 521033
0 214757 30 0 1788978090 521223
0 214799 38 0 1788978090 522921
0 214813 31 0 1788978090 523513
0 214841 31 0 1788978090 524528
0 214914 50 0 1788978090 527375
0 214937 31 0 1788978090 528317
0 214959 33 0 1788978090 529113
0 214995 31 0 1788978090 530383
0 215044 38 0 1788978090 531976
0 215111 31 0 1788978090 534127
0 215114 32 0 1788978090 534225
0 215151 37 0 1788978090 535483
0 215161 31 0 1788978090 535890
0 215198 31 0 1788978090 537106
0 215267 32 0 1788978090 539362
0 215278 32 0 1788978090 539727
0 215291 33 0 1788978090 540151
0 215304 32 0 1788978090 540567
0 215308 32 0 1788978090 540706
0 215342 38 0 1788978090 541894
0 215351 58 0 1788978090 542270
0 215353 44 0 1788978090 542416
0 215359 43 0 1788978090 542630
0 215376 31 0 1788978090 543223
0 215391 32 0 1788978090 543750
0 215397 32 0 1788978090 543968
0 215454 31 0 1788978090 546082
0 215457 34 0 1788978090 546182
0 215469 31 0 1788978090 546586
0 215473 32 0 1788978090 546731
0 215508 42 0 1788978090 548202
0 215549 43 0 1788978090 549987
0 215560 33 0 1788978090 550478
0 215603 32 0 1788978090 551959
0 215619 32 0 1788978090 552474
0 215655 31 0 1788978090 554091
0 215664 31 0 1788978090 554386
0 215666 31 0 1788978090 554450
0 215667 31 0 1788978090 554482
0 215681 31 0 1788978090 554940
0 215692 31 0 1788978090 555282
0 215706 31 0 1788978090 555727
0 215715 31 0 1788978090 556010
0 215738 31 0 1788978090 556747
0 215803 31 0 1788978090 558791
0 215813 31 0 1788978090 559103
0 215824 37 0 1788978090 559455
0 215891 40 0 1788978090 561975
0 215894 41 0 1788978090 562102
0 215923 40 0 1788978090 563309
0 215926 44 0 1788978090 563438
0 215941 41 0 1788978090 564069
0 215980 30 0 1788978090 565459
0 216000 42 0 1788978090 566266
0 216008 41 0 1788978090 566600
0 216019 41 0 1788978090 567074
0 216044 41 0 1788978090 568125
0 216088 30 0 1788978090 569747
0 216097 31 0 1788978090 570053
0 216112 31 0 1788978090 570523
0 216113 38 0 1788978090 570562
0 216139 33 0 1788978090 571407
0 216142 35 0 1788978090 571518
0 216143 31 0 1788978090 571551
0 216180 40 0 1788978090 572984
0 216193 40 0 1788978090 573473
0 216215 29 0 1788978090 574158
0 216236 30 0 1788978090 574797
0 216258 31 0 1788978090 575481
0 216317 30 0 1788978090 577366
0 216348 30 0 1788978090 578435
0 216376 36 0 1788978090 579455
0 216394 35 0 1788978090 580091
0 216396 31 0 1788978090 580155
0 216432 34 0 1788978090 581300
0 216440 31 0 1788978090 581552
0 216463 32 0 1788978090 582370
0 216525 46 0 1788978090 584455
0 216548 41 0 1788978090 585459
0 216556 41 0 1788978090 585821
0 216564 42 0 1788978090 586163
0 216573 41 0 1788978090 586533
0 216577 42 0 1788978090 586723
0 216590 40 0 1788978090 587267
0 216625 42 0 1788978090 588807
0 216648 41 0 1788978090 589792
0 216659 40 0 1788978090 590266
0 216693 34 0 1788978090 591616
0 216699 30 0 1788978090 591814
0 216721 30 0 1788978090 592530
0 216743 41 0 1788978090 593336
0 216755 42 0 1788978090 593884
0 216767 41 0 1788978090 594392
0 216782 41 0 1788978090 595017
0 216799 43 0 1788978090 595729
0 216800 41 0 1788978090 595772
0 216804 41 0 1788978090 595939
0 216807 42 0 1788978090 596066
0 216837 41 0 1788978090 597325
0 216855 41 0 1788978090 598100
0 216889 41 0 1788978090 599537
0 216904 42 0 1788978090 600209
0 216943 41 0 1788978090 601894
0 216963 41 0 1788978090 602764
0 216977 42 0 1788978090 603359
0 217003 41 0 1788978090 604470
0 217009 44 0 1788978090 604743
0 217038 45 0 1788978090 605977
0 217104 30 0 1788978090 608571
0 217106 50 0 1788978090 608655
0 217124 31 0 1788978090 609241
0 217132 31 0 1788978090 609499
0 217142 30 0 1788978090 609828
0 217153 39 0 1788978090 610199
0 217191 49 0 1788978090 611655
0 217201 31 0 1788978090 611969
0 217204 30 0 1788978090 612066
0 217211 34 0 1788978090 612312
0 217254 30 0 1788978090 614334
0 217260 32 0 1788978090 614568
0 217316 31 0 1788978090 616499
0 217325 30 0 1788978090 616804
0 217334 75 0 1788978090 617125
0 217347 31 0 1788978090 617538
0 217355 31 0 1788978090 617813
0 217419 35 0 1788978090 619942
0 217430 35 0 1788978090 620306
0 217438 31 0 1788978090 620555
0 217450 35 0 1788978090 620938
0 217453 31 0 1788978090 621031
0 217458 31 0 1788978090 621190
0 217497 30 0 1788978090 622436
0 217539 61 0 1788978090 624644
0 217568 30 0 1788978090 626131
0 217629 69 0 1788978090 628661
0 217678 53 0 1788978090 630901
0 217690 44 0 1788978090 631602
0 217694 73 0 1788978090 631891
0 217710 45 0 1788978090 632855
0 217719 35 0 1788978090 633321
0 217720 33 0 1788978090 633357
0 217726 92 0 1788978090 633700
0 217761 30 0 1788978090 635109
0 217775 32 0 1788978090 635543
0 217777 36 0 1788978090 635616
0 217789 30 0 1788978090 635989
0 217811 39 0 1788978090 636736
0 217841 30 0 1788978090 637675
0 217878 30 0 1788978090 638854
0 217879 30 0 1788978090 638886
0 217882 30 0 1788978090 638977
0 217899 30 0 1788978090 639523
0 217997 32 0 1788978090 642720
0 218017 35 0 1788978090 643616
0 218040 29 0 1788978090 644342
0 218062 29 0 1788978090 645017
0 218073 30 0 1788978090 645390
0 218114 35 0 1788978090 646690
0 218118 30 0 1788978090 646833
0 218142 30 0 1788978090 647577
0 218166 32 0 1788978090 648325
0 218170 30 0 1788978090 648447
0 218203 34 0 1788978090 649487
0 218220 30 0 1788978090 650036
0 218238 53 0 1788978090 650635
0 218253 34 0 1788978090 651114
0 218340 35 0 1788978090 654132
0 218362 39 0 1788978090 654843
0 218369 31 0 1788978090 655073
0 218371 30 0 1788978090 655135
0 218374 30 0 1788978090 655228
0 218408 31 0 1788978090 656314
0 218409 36 0 1788978090 656351
0 218423 30 0 1788978090 656817
0 218508 40 0 1788978090 659819
0 218515 50 0 1788978090 660096
0 218517 33 0 1788978090 660171
0 218538 33 0 1788978090 660908
0 218566 30 0 1788978090 661798
0 218570 30 0 1788978090 661920
0 218590 30 0 1788978090 662540
0 218622 33 0 1788978090 663551
0 218646 30 0 1788978090 664336
0 218648 30 0 1788978090 664398
0 218653 36 0 1788978090 664562
0 218660 31 0 1788978090 664809
0 218668 30 0 1788978090 665063
0 218679 31 0 1788978090 665429
0 218711 35 0 1788978090 666457
0 218713 35 0 1788978090 666530
0 218716 46 0 1788978090 666649
0 218724 30 0 1788978090 666912
0 218742 30 0 1788978090 667477
0 218756 31 0 1788978090 667947
0 218776 31 0 1788978090 668588
0 218778 34 0 1788978090 668663
0 218791 30 0 1788978090 669062
0 218802 32 0 1788978090 669466
0 218811 33 0 1788978090 669763
0 218822 31 0 1788978090 670108
0 218849 31 0 1788978090 670989
0 218853 30 0 1788978090 671112
0 218929 33 0 1788978090 673546
0 218964 38 0 1788978090 674673
0 218994 40 0 1788978090 675678
0 219004 33 0 1788978090 675999
0 219015 31 0 1788978090 676337
0 219018 31 0 1788978090 676430
0 219023 33 0 1788978090 676590
0 219046 51 0 1788978090 677542
0 219096 34 0 1788978090 679801
0 219102 35 0 1788978090 680022
0 219120 31 0 1788978090 680695
0 219126 37 0 1788978090 680885
0 219145 31 0 1788978090 681547
0 219197 31 0 1788978090 683349
0 219213 30 0 1788978090 683932
0 219233 42 0 1788978090 684587
0 219259 34 0 1788978090 685664
0 219317 30 0 1788978090 687449
0 219320 30 0 1788978090 687546
0 219326 32 0 1788978090 687748
0 219333 30 0 1788978090 687963
0 219351 30 0 1788978090 688523
0 219389 31 0 1788978090 689735
0 219403 31 0 1788978090 690194
0 219407 31 0 1788978090 690322
0 219426 31 0 1788978090 690961
0 219443 31 0 1788978090 691515
0 219452 31 0 1788978090 691808
0 219498 42 0 1788978090 693932
0 219502 41 0 1788978090 694107
0 219523 42 0 1788978090 695002
0 219537 43 0 1788978090 695586
0 219595 41 0 1788978090 698048
0 219599 42 0 1788978090 698217
0 219620 31 0 1788978090 699037
0 219621 31 0 1788978090 699071
0 219645 34 0 1788978090 699825
0 219663 31 0 1788978090 700391
0 219678 31 0 1788978090 700867
0 219714 33 0 1788978090 702100
0 219716 35 0 1788978090 702168
0 219777 32 0 1788978090 704304
0 219790 31 0 1788978090 704757
0 219797 30 0 1788978090 704971
0 219817 38 0 1788978090 705692
0 219836 30 0 1788978090 706294
0 219859 30 0 1788978090 707010
0 219891 37 0 1788978090 708042
0 219906 31 0 1788978090 708538
0 219933 32 0 1788978090 709431
0 219960 30 0 1788978090 710836
0 219987 30 0 1788978090 711712
0 220002 29 0 1788978090 712181
0 220007 30 0 1788978090 712334
0 220018 32 0 1788978090 712671
0 220058 31 0 1788978090 714117
0 220088 44 0 1788978090 715228
0 220149 30 0 1788978090 717547
0 220191 41 0 1788978090 719120
0 220193 41 0 1788978090 719208
0 220201 30 0 1788978090 719473
0 220225 34 0 1788978090 720214
0 220230 31 0 1788978090 720369
0 220236 30 0 1788978090 720551
0 220253 30 0 1788978090 721075
0 220270 31 0 1788978090 721707
0 220271 31 0 1788978090 721739
0 220289 31 0 1788978090 722451
0 220302 30 0 1788978090 722913
0 220346 62 0 1788978090 724390
0 220347 50 0 1788978090 724443
0 220415 30 0 1788978090 726730
0 220424 39 0 1788978090 727071
0 220460 30 0 1788978090 728307
0 220502 30 0 1788978090 729713
0 220511 30 0 1788978090 729991
0 220515 30 0 1788978090 730112
0 220554 30 0 1788978090 731352
0 220563 44 0 1788978090 731647
0 220564 33 0 1788978090 731682
0 220568 32 0 1788978090 731807
0 220647 30 0 1788978090 734305
0 220651 31 0 1788978090 734466
0 220659 56 0 1788978090 734820
0 220661 40 0 1788978090 734903
0 220686 42 0 1788978090 735880
0 220687 35 0 1788978090 735918
0 220706 42 0 1788978090 736644
0 220709 30 0 1788978090 736742
0 220749 30 0 1788978090 737973
0 220790 31 0 1788978090 739285
0 220795 30 0 1788978090 739439
0 220824 32 0 1788978090 740360
0 220838 30 0 1788978090 740802
0 220870 30 0 1788978090 741826
0 220911 31 0 1788978090 743188
0 220946 36 0 1788978090 744380
0 220955 31 0 1788978090 744710
0 220983 31 0 1788978090 745563
0 220985 44 0 1788978090 745639
0 220995 30 0 1788978090 745948
0 221057 29 0 1788978090 747913
0 221071 30 0 1788978090 748340
0 221076 30 0 1788978090 748497
0 221087 30 0 1788978090 748853
0 221093 31 0 1788978090 749036
0 221121 30 0 1788978090 749969
0 221214 31 0 1788978090 752959
0 221295 31 0 1788978090 755728
0 221308 30 0 1788978090 756130
0 221332 30 0 1788978090 756914
0 221347 32 0 1788978090 757399
0 221359 31 0 1788978090 757788
0 221364 35 0 1788978090 757950
0 221404 34 0 1788978090 759520
0 221417 45 0 1788978090 760114
0 221426 48 0 1788978090 760508
0 221428 31 0 1788978090 760579
0 221449 89 0 1788978090 761335
0 221470 45 0 1788978090 762469
0 221520 34 0 1788978090 764235
0 221532 71 0 1788978090 764661
0 221576 32 0 1788978090 766317
0 221593 33 0 1788978090 766931
0 221600 34 0 1788978090 767149
0 221627 31 0 1788978090 768003
0 221652 31 0 1788978090 768802
0 221678 34 0 1788978090 769660
0 221679 32 0 1788978090 769693
0 221723 31 0 1788978090 771060
0 221777 30 0 1788978090 772764
0 221784 31 0 1788978090 772985
0 221794 30 0 1788978090 773321
0 221797 49 0 1788978090 773431
0 221809 54 0 1788978090 773889
0 221833 82 0 1788978090 775152
0 221836 43 0 1788978090 775293
0 221878 73 0 1788978090 777304
0 221905 37 0 1788978090 778547
0 221907 61 0 1788978090 778653
0 221918 43 0 1788978090 779204
0 221922 46 0 1788978090 779405
0 221943 31 0 1788978090 780230
0 222009 66 0 1788978090 782532
0 222013 48 0 1788978090 782748
0 222021 48 0 1788978090 783086
0 222040 38 0 1788978090 784006
0 222078 30 0 1788978090 785466
0 222094 44 0 1788978090 786055
0 222107 31 0 1788978090 786471
0 222109 31 0 1788978090 786533
0 222137 31 0 1788978090 787509
0 222177 31 0 1788978090 788837
0 222208 31 0 1788978090 789819
0 222237 31 0 1788978090 790754
0 222246 31 0 1788978090 791056
0 222274 32 0 1788978090 792000
0 222275 32 0 1788978090 792034
0 222301 33 0 1788978090 793026
0 222319 39 0 1788978090 793895
0 222324 41 0 1788978090 794085
0 222346 35 0 1788978090 794941
0 222363 63 0 1788978090 795587
0 222365 45 0 1788978090 795695
0 222368 30 0 1788978090 795790
0 222371 43 0 1788978090 795903
0 222390 41 0 1788978090 796590
0 222391 45 0 1788978090 796638
0 222413 30 0 1788978090 797315
0 222456 33 0 1788978090 798670
0 222463 30 0 1788978090 798883
0 222466 30 0 1788978090 798975
0 222477 30 0 1788978090 799312
0 222503 30 0 1788978090 800117
0 222515 31 0 1788978090 800486
0 222516 30 0 1788978090 800517
0 222535 30 0 1788978090 801123
0 222553 31 0 1788978090 801705
0 222602 31 0 1788978090 803343
0 222621 31 0 1788978090 803954
0 222624 34 0 1788978090 804050
0 222644 38 0 1788978090 804707
0 222652 38 0 1788978090 805054
0 222672 31 0 1788978090 805900
0 222678 31 0 1788978090 806093
0 222699 31 0 1788978090 806755
0 222716 31 0 1788978090 807297
0 222719 39 0 1788978090 807403
0 222736 31 0 1788978090 807962
0 222755 31 0 1788978090 808551
0 222777 31 0 1788978090 809344
0 222779 30 0 1788978090 809406
0 222818 32 0 1788978090 810724
0 222827 49 0 1788978090 811028
0 222863 36 0 1788978090 812357
0 222870 34 0 1788978090 812587
0 222904 30 0 1788978090 813851
0 222926 37 0 1788978090 814622
0 222956 30 0 1788978090 815940
0 222977 32 0 1788978090 816697
0 222980 30 0 1788978090 816790
0 222999 32 0 1788978090 817376
0 223005 47 0 1788978090 817641
0 223079 31 0 1788978090 819974
0 223084 30 0 1788978090 820134
0 223085 31 0 1788978090 820165
0 223092 31 0 1788978090 820380
0 223094 30 0 1788978090 820441
0 223118 37 0 1788978090 821238
0 223152 31 0 1788978090 822359
0 223169 31 0 1788978090 822987
0 223175 34 0 1788978090 823183
0 223193 31 0 1788978090 823774
0 223226 31 0 1788978090 824863
0 223273 31 0 1788978090 826511
0 223308 37 0 1788978090 827710
0 223314 33 0 1788978090 827910
0 223317 34 0 1788978090 828011
0 223344 98 0 1788978090 828990
0 223386 30 0 1788978090 831266
0 223409 30 0 1788978090 832076
0 223442 49 0 1788978090 833339
0 223453 31 0 1788978090 833862
0 223469 38 0 1788978090 834375
0 223502 30 0 1788978090 835426
0 223524 31 0 1788978090 836180
0 223531 30 0 1788978090 836392
0 223558 41 0 1788978090 837436
0 223561 45 0 1788978090 837570
0 223583 30 0 1788978090 838514
0 223586 31 0 1788978090 838608
0 223587 50 0 1788978090 838659
0 223600 30 0 1788978090 839063
0 223605 31 0 1788978090 839228
0 223611 32 0 1788978090 839486
0 223623 31 0 1788978090 839888
0 223631 31 0 1788978090 840137
0 223643 35 0 1788978090 840519
0 223663 30 0 1788978090 841146
0 223686 30 0 1788978090 841903
0 223697 41 0 1788978090 842359
0 223720 36 0 1788978090 843158
0 223748 31 0 1788978090 844092
0 223752 32 0 1788978090 844270
0 223755 30 0 1788978090 844363
0 223759 30 0 1788978090 844485
0 223815 31 0 1788978090 846275
0 223849 31 0 1788978090 847355
0 223852 33 0 1788978090 847455
0 223853 31 0 1788978090 847487
0 223865 30 0 1788978090 847868
0 223873 48 0 1788978090 848165
0 223883 32 0 1788978090 848479
0 223905 30 0 1788978090 849173
0 223953 31 0 1788978090 850901
0 224002 41 0 1788978090 852889
0 224003 42 0 1788978090 852934
0 224014 41 0 1788978090 853396
0 224017 40 0 1788978090 853520
0 224020 49 0 1788978090 853654
0 224022 57 0 1788978090 853762
0 224044 35 0 1788978090 854555
0 224056 45 0 1788978090 855060
0 224061 42 0 1788978090 855287
0 224097 37 0 1788978090 856806
0 224106 45 0 1788978090 857383
0 224115 74 0 1788978090 857863
0 224120 44 0 1788978090 858117
0 224123 45 0 1788978090 858257
0 224138 47 0 1788978090 858903
0 224165 53 0 1788978090 862443
0 224172 51 0 1788978090 862850
0 224200 51 0 1788978090 864445
0 224230 186 0 1788978090 866776
0 224231 95 0 1788978090 866880
0 224234 110 0 1788978090 867145
0 224251 478 0 1788978090 868874
0 224255 87 0 1788978090 869260
0 224304 123 0 1788978090 872425
0 224349 52 0 1788978090 876217
0 224375 65 0 1788978090 877482
0 224392 31 0 1788978090 878040
0 224401 31 0 1788978090 878328
0 224424 43 0 1788978090 879316
0 224449 32 0 1788978090 880308
0 224502 30 0 1788978090 881950
0 224588 32 0 1788978090 884821
0 224590 31 0 1788978090 884886
0 224597 33 0 1788978090 885141
0 224634 30 0 1788978090 886371
0 224695 47 0 1788978090 888650
0 224720 30 0 1788978090 889413
0 224757 30 0 1788978090 890595
0 224870 31 0 1788978090 894422
0 224892 31 0 1788978090 895143
0 224895 34 0 1788978090 895240
0 224903 34 0 1788978090 895490
0 224967 31 0 1788978090 897491
0 224983 30 0 1788978090 897998
0 224991 30 0 1788978090 898241
0 225007 32 0 1788978090 898757
0 225014 30 0 1788978090 898971
0 225029 31 0 1788978090 899433
0 225038 33 0 1788978090 899723
0 225045 30 0 1788978090 899937
0 225055 30 0 1788978090 900251
0 225063 30 0 1788978090 900496
0 225078 31 0 1788978090 900968
0 225110 31 0 1788978090 901980
0 225115 31 0 1788978090 902141
0 225122 31 0 1788978090 902364
0 225128 36 0 1788978090 902555
0 225131 38 0 1788978090 902682
0 225145 30 0 1788978090 903135
0 225178 31 0 1788978090 904346
0 225185 33 0 1788978090 904573
0 225232 31 0 1788978090 906160
0 225277 35 0 1788978090 907704
0 225302 35 0 1788978090 908514
0 225305 30 0 1788978090 908609
0 225306 38 0 1788978090 908661
0 225334 30 0 1788978090 909554
0 225342 31 0 1788978090 909868
0 225346 31 0 1788978090 909995
0 225382 36 0 1788978090 911399
0 225404 30 0 1788978090 912279
0 225423 34 0 1788978090 912948
0 225434 29 0 1788978090 913279
0 225459 34 0 1788978090 914071
0 225504 30 0 1788978090 915481
0 225518 31 0 1788978090 915938
0 225540 31 0 1788978090 916743
0 225544 30 0 1788978090 916868
0 225564 31 0 1788978090 917479
0 225583 31 0 1788978090 918120
0 225627 41 0 1788978090 919623
0 225628 37 0 1788978090 919663
0 225641 30 0 1788978090 920105
0 225687 30 0 1788978090 921564
0 225744 31 0 1788978090 923458
0 225748 31 0 1788978090 923583
0 225753 31 0 1788978090 923753
0 225758 33 0 1788978090 923916
0 225789 41 0 1788978090 924946
0 225814 30 0 1788978090 925837
0 225839 53 0 1788978090 926658
0 225846 30 0 1788978090 926873
0 225915 32 0 1788978090 929114
0 225976 30 0 1788978090 931045
0 226027 33 0 1788978090 932747
0 226089 31 0 1788978090 934798
0 226094 31 0 1788978090 934960
0 226108 31 0 1788978090 935414
0 226113 30 0 1788978090 935566
0 226128 50 0 1788978090 936215
0 226129 47 0 1788978090 936265
0 226144 31 0 1788978090 936837
0 226187 30 0 1788978090 938330
0 226196 30 0 1788978090 938603
0 226233 29 0 1788978090 939742
0 226248 38 0 1788978090 940223
0 226255 30 0 1788978090 940435
0 226257 29 0 1788978090 940495
0 226260 30 0 1788978090 940588
0 226278 30 0 1788978090 941183
0 226294 32 0 1788978090 941691
0 226356 33 0 1788978090 943603
0 226360 31 0 1788978090 943739
0 226409 30 0 1788978090 945360
0 226442 31 0 1788978090 946431
0 226515 48 0 1788978090 948853
0 226516 36 0 1788978090 948890
0 226572 32 0 1788978090 950782
0 226584 37 0 1788978090 951194
0 226586 33 0 1788978090 951262
0 226607 30 0 1788978090 951965
0 226613 40 0 1788978090 952165
0 226654 31 0 1788978090 953490
0 226664 30 0 1788978090 953809
0 226688 45 0 1788978090 954652
0 226748 42 0 1788978090 957025
0 226764 42 0 1788978090 957715
0 226824 31 0 1788978090 960146
0 226842 31 0 1788978090 960847
0 226864 30 0 1788978090 961520
0 226871 30 0 1788978090 961740
0 226892 34 0 1788978090 962395
0 226893 30 0 1788978090 962427
0 226952 34 0 1788978090 964241
0 226974 29 0 1788978090 964933
0 227022 42 0 1788978090 966809
0 227043 42 0 1788978090 967715
0 227095 48 0 1788978090 969581
0 227106 30 0 1788978090 969957
0 227118 31 0 1788978090 970328
0 227122 31 0 1788978090 970455
0 227125 30 0 1788978090 970547
0 227127 30 0 1788978090 970609
0 227135 30 0 1788978090 970876
0 227174 41 0 1788978090 972236
0 227176 42 0 1788978090 972324
0 227221 30 0 1788978090 973838
0 227240 30 0 1788978090 974440
0 227251 34 0 1788978090 974820
0 227257 30 0 1788978090 975003
0 227260 29 0 1788978090 975094
0 227267 30 0 1788978090 975307
0 227270 33 0 1788978090 975402
0 227285 32 0 1788978090 975888
0 227300 33 0 1788978090 976354
0 227331 37 0 1788978090 977425
0 227362 39 0 1788978090 978847
0 227370 33 0 1788978090 979142
0 227378 30 0 1788978090 979395
0 227382 34 0 1788978090 979523
0 227384 31 0 1788978090 979585
0 227392 30 0 1788978090 979849
0 227405 31 0 1788978090 980299
0 227443 30 0 1788978090 981457
0 227467 30 0 1788978090 982204
0 227479 30 0 1788978090 982570
0 227494 30 0 1788978090 983048
0 227516 31 0 1788978090 983741
0 227525 31 0 1788978090 984021
0 227548 30 0 1788978090 984754
0 227557 30 0 1788978090 985030
0 227576 36 0 1788978090 985628
0 227586 31 0 1788978090 985945
0 227597 31 0 1788978090 986284
0 227676 31 0 1788978090 988877
0 227677 31 0 1788978090 988910
0 227707 31 0 1788978090 989876
0 227749 32 0 1788978090 991299
0 227766 31 0 1788978090 991965
0 227773 40 0 1788978090 992205
0 227796 31 0 1788978090 993010
0 227799 30 0 1788978090 993102
0 227871 46 0 1788978090 996070
0 227987 32 0 1788978091 467
0 228053 32 0 1788978091 3109
0 228067 30 0 1788978091 3536
0 228073 29 0 1788978091 3735
0 228077 33 0 1788978091 3870
0 228081 35 0 1788978091 4001
0 228094 31 0 1788978091 4421
0 228122 29 0 1788978091 5312
0 228150 30 0 1788978091 6193
0 228153 57 0 1788978091 6326
0 228159 41 0 1788978091 6573
0 228191 30 0 1788978091 7591
0 228195 31 0 1788978091 7733
0 228215 42 0 1788978091 8407
0 228258 33 0 1788978091 10008
0 228299 44 0 1788978091 11671
0 228307 42 0 1788978091 12008
0 228318 30 0 1788978091 12442
0 228324 38 0 1788978091 12645
0 228341 30 0 1788978091 13186
0 228344 30 0 1788978091 13280
0 228352 100 0 1788978091 13702
0 228359 30 0 1788978091 13985
0 228375 32 0 1788978091 14518
0 228419 30 0 1788978091 15907
0 228453 29 0 1788978091 16936
0 228491 30 0 1788978091 18107
0 228509 33 0 1788978091 18683
0 228534 32 0 1788978091 19461
0 228535 33 0 1788978091 19526
0 228548 30 0 1788978091 19938
0 228577 30 0 1788978091 20860
0 228579 31 0 1788978091 20923
0 228597 31 0 1788978091 21479
0 228598 31 0 1788978091 21510
0 228695 32 0 1788978091 24690
0 228704 33 0 1788978091 24977
0 228707 30 0 1788978091 25070
0 228717 31 0 1788978091 25381
0 228722 37 0 1788978091 25542
0 228762 31 0 1788978091 26816
0 228792 36 0 1788978091 27868
0 228827 40 0 1788978091 29171
0 228902 30 0 1788978091 31594
0 228928 30 0 1788978091 32399
0 228951 30 0 1788978091 33103
0 228955 30 0 1788978091 33225
0 228964 30 0 1788978091 33506
0 228975 30 0 1788978091 33847
0 228976 30 0 1788978091 33878
0 229009 31 0 1788978091 34940
0 229013 30 0 1788978091 35066
0 229024 31 0 1788978091 35402
0 229054 31 0 1788978091 36378
0 229058 31 0 1788978091 36502
0 229087 31 0 1788978091 37440
0 229103 31 0 1788978091 37950
0 229113 30 0 1788978091 38273
0 229115 31 0 1788978091 38335
0 229128 30 0 1788978091 38777
0 229130 30 0 1788978091 38839
0 229132 30 0 1788978091 38901
0 229140 31 0 1788978091 39151
0 229162 35 0 1788978091 39884
0 229175 31 0 1788978091 40307
0 229176 31 0 1788978091 40339
0 229194 30 0 1788978091 40965
0 229208 30 0 1788978091 41403
0 229280 39 0 1788978091 43752
0 229284 38 0 1788978091 43907
0 229286 32 0 1788978091 43974
0 229297 31 0 1788978091 44339
0 229301 30 0 1788978091 44472
0 229395 42 0 1788978091 47782
0 229406 41 0 1788978091 48252
0 229418 43 0 1788978091 48767
0 229446 44 0 1788978091 49996
0 229458 46 0 1788978091 50513
0 229475 31 0 1788978091 51278
0 229484 31 0 1788978091 51569
0 229493 31 0 1788978091 51931
0 229533 33 0 1788978091 53240
0 229553 31 0 1788978091 53899
0 229568 32 0 1788978091 54386
0 229590 31 0 1788978091 55087
0 229605 31 0 1788978091 55560
0 229678 31 0 1788978091 57938
0 229694 30 0 1788978091 58431
0 229716 30 0 1788978091 59133
0 229743 30 0 1788978091 59980
0 229766 45 0 1788978091 60771
0 229808 83 0 1788978091 62260
0 229814 43 0 1788978091 62529
0 229835 50 0 1788978091 64179
0 229842 39 0 1788978091 64505
0 229846 45 0 1788978091 64701
0 229855 86 0 1788978091 65138
0 229858 46 0 1788978091 65283
0 229860 45 0 1788978091 65376
0 229916 31 0 1788978091 67801
0 229947 30 0 1788978091 68795
0 230023 30 0 1788978091 71424
0 230031 42 0 1788978091 71735
0 230088 30 0 1788978091 73596
0 230097 30 0 1788978091 73885
0 230106 30 0 1788978091 74162
0 230118 30 0 1788978091 74526
0 230136 33 0 1788978091 75083
0 230141 32 0 1788978091 75245
0 230156 37 0 1788978091 75743
0 230166 31 0 1788978091 76061
0 230201 32 0 1788978091 77186
0 230205 31 0 1788978091 77314
0 230244 37 0 1788978091 78831
0 230300 46 0 1788978091 80667
0 230308 30 0 1788978091 80916
0 230317 30 0 1788978091 81191
0 230373 31 0 1788978091 83043
0 230389 31 0 1788978091 83548
0 230395 31 0 1788978091 83748
0 230411 31 0 1788978091 84256
0 230424 33 0 1788978091 84690
0 230440 79 0 1788978091 85247
0 230442 34 0 1788978091 85316
0 230447 30 0 1788978091 85472
0 230459 31 0 1788978091 85861
0 230465 31 0 1788978091 86060
0 230480 31 0 1788978091 86541
0 230496 35 0 1788978091 87081
0 230497 35 0 1788978091 87117
0 230512 52 0 1788978091 87649
0 230552 30 0 1788978091 88973
0 230556 30 0 1788978091 89097
0 230561 31 0 1788978091 89252
0 230565 31 0 1788978091 89375
0 230570 41 0 1788978091 89544
0 230573 33 0 1788978091 89655
0 230575 31 0 1788978091 89719
0 230576 35 0 1788978091 89754
0 230579 30 0 1788978091 89847
0 230620 42 0 1788978091 91347
0 230634 42 0 1788978091 91952
0 230635 42 0 1788978091 91996
0 230655 42 0 1788978091 92889
0 230661 42 0 1788978091 93147
0 230664 43 0 1788978091 93276
0 230672 57 0 1788978091 93627
0 230673 60 0 1788978091 93689
0 230679 33 0 1788978091 93986
0 230682 30 0 1788978091 94079
0 230708 36 0 1788978091 94885
0 230757 32 0 1788978091 96436
0 230798 30 0 1788978091 97739
0 230839 30 0 1788978091 99012
0 230861 33 0 1788978091 99718
0 230880 30 0 1788978091 100298
0 230891 35 0 1788978091 100639
0 230902 41 0 1788978091 101096
0 230906 49 0 1788978091 101246
0 230911 30 0 1788978091 101701
0 231001 0 0 1788978091 108278
0 231011 59 0 1788978091 109047
0 231013 90 0 1788978091 109207
0 231025 49 0 1788978091 109907
0 231050 48 0 1788978091 111131
0 231075 93 0 1788978091 112544
0 231077 59 0 1788978091 112665
0 231083 52 0 1788978091 112920
0 231086 37 0 1788978091 113044
0 231093 65 0 1788978091 113378
0 231119 40 0 1788978091 114662
0 231124 32 0 1788978091 114830
0 231128 32 0 1788978091 114962
0 231135 32 0 1788978091 115195
0 231138 40 0 1788978091 115300
0 231150 37 0 1788978091 115763
0 231153 40 0 1788978091 115878
0 231158 38 0 1788978091 116064
0 231181 33 0 1788978091 116921
0 231206 32 0 1788978091 117757
0 231230 41 0 1788978091 118552
0 231245 31 0 1788978091 119081
0 231257 50 0 1788978091 119594
0 231271 52 0 1788978091 120212
0 231275 41 0 1788978091 120386
0 231282 46 0 1788978091 120723
0 231288 41 0 1788978091 121015
0 231295 60 0 1788978091 121329
0 231302 44 0 1788978091 121692
0 231304 53 0 1788978091 121789
0 231306 60 0 1788978091 121911
0 231338 38 0 1788978091 123346
0 231362 32 0 1788978091 124295
0 231366 35 0 1788978091 124433
0 231397 68 0 1788978091 125669
0 231409 39 0 1788978091 126168
0 231443 31 0 1788978091 127530
0 231471 34 0 1788978091 128459
0 231482 34 0 1788978091 128835
0 231491 33 0 1788978091 129135
0 231536 40 0 1788978091 131263
0 231540 34 0 1788978091 131400
0 231549 32 0 1788978091 131712
0 231551 32 0 1788978091 131778
0 231553 33 0 1788978091 131845
0 231585 34 0 1788978091 133028
0 231652 30 0 1788978091 135983
0 231657 32 0 1788978091 136147
0 231674 31 0 1788978091 136707
0 231677 31 0 1788978091 136801
0 231679 33 0 1788978091 136876
0 231700 32 0 1788978091 137573
0 231708 31 0 1788978091 137941
0 231714 31 0 1788978091 138131
0 231734 32 0 1788978091 138774
0 231748 31 0 1788978091 139217
0 231772 39 0 1788978091 140031
0 231782 32 0 1788978091 140373
0 231810 41 0 1788978091 141596
0 231848 36 0 1788978091 143532
0 231885 57 0 1788978091 145406
0 231886 55 0 1788978091 145475
0 231897 54 0 1788978091 146058
0 231901 43 0 1788978091 146241
0 231915 47 0 1788978091 146891
0 231921 44 0 1788978091 147159
0 231929 50 0 1788978091 147552
0 231933 51 0 1788978091 147790
0 231935 51 0 1788978091 147896
0 231990 31 0 1788978091 150541
0 232002 31 0 1788978091 150938
0 232042 58 0 1788978091 152656
0 232086 45 0 1788978091 155015
0 232093 36 0 1788978091 155284
0 232102 55 0 1788978091 155659
0 232104 45 0 1788978091 155758
0 232141 43 0 1788978091 157719
0 232143 47 0 1788978091 157815
0 232157 61 0 1788978091 158798
0 232167 35 0 1788978091 159488
0 232176 36 0 1788978091 159833
0 232190 34 0 1788978091 160454
0 232223 35 0 1788978091 162153
0 232267 31 0 1788978091 163963
0 232278 49 0 1788978091 164416
0 232280 36 0 1788978091 164490
0 232286 55 0 1788978091 164832
0 232302 73 0 1788978091 165586
0 232325 63 0 1788978091 166662
0 232340 52 0 1788978091 167351
0 232341 48 0 1788978091 167401
0 232365 33 0 1788978091 168455
0 232390 44 0 1788978091 169391
0 232421 54 0 1788978091 170661
0 232425 38 0 1788978091 170837
0 232474 48 0 1788978091 173039
0 232479 32 0 1788978091 173215
0 232486 32 0 1788978091 173445
0 232497 37 0 1788978091 173875
0 232517 32 0 1788978091 174532
0 232530 47 0 1788978091 175066
0 232568 49 0 1788978091 176407
0 232570 32 0 1788978091 176474
0 232589 35 0 1788978091 177101
0 232604 40 0 1788978091 177620
0 232621 33 0 1788978091 178231
0 232624 33 0 1788978091 178331
0 232646 35 0 1788978091 179121
0 232676 36 0 1788978091 180301
0 232678 33 0 1788978091 180372
0 232700 34 0 1788978091 181168
0 232764 37 0 1788978091 183381
0 232778 61 0 1788978091 183898
0 232793 45 0 1788978091 184585
0 232800 49 0 1788978091 184925
0 232847 52 0 1788978091 187107
0 232878 34 0 1788978091 188262
0 232895 48 0 1788978091 188949
0 232901 46 0 1788978091 189343
0 232924 51 0 1788978091 190537
0 232958 40 0 1788978091 191795
0 232962 32 0 1788978091 191926
0 232966 32 0 1788978091 192055
0 232998 32 0 1788978091 193221
0 233002 32 0 1788978091 193352
0 233005 32 0 1788978091 193450
0 233044 32 0 1788978091 194835
0 233100 33 0 1788978091 196723
0 233105 32 0 1788978091 196889
0 233108 34 0 1788978091 197018
0 233140 33 0 1788978091 198096
0 233168 40 0 1788978091 199086
0 233194 33 0 1788978091 199973
0 233232 35 0 1788978091 201288
0 233239 35 0 1788978091 201522
0 233286 33 0 1788978091 203172
0 233315 33 0 1788978091 204244
0 233316 33 0 1788978091 204279
0 233340 32 0 1788978091 205161
0 233354 51 0 1788978091 205632
0 233397 32 0 1788978091 207073
0 233418 32 0 1788978091 207787
0 233438 34 0 1788978091 208502
0 233456 33 0 1788978091 209137
0 233469 33 0 1788978091 209574
0 233491 34 0 1788978091 210322
0 233511 39 0 1788978091 211062
0 233526 35 0 1788978091 211697
0 233554 47 0 1788978091 212651
0 233582 32 0 1788978091 213557
0 233602 35 0 1788978091 214223
0 233623 33 0 1788978091 214944
0 233637 35 0 1788978091 215411
0 233660 32 0 1788978091 216235
0 233668 32 0 1788978091 216504
0 233674 34 0 1788978091 216714
0 233681 32 0 1788978091 216947
0 233693 32 0 1788978091 217338
0 233697 32 0 1788978091 217476
0 233701 43 0 1788978091 217622
0 233706 32 0 1788978091 217801
0 233711 32 0 1788978091 217966
0 233777 33 0 1788978091 220202
0 233790 39 0 1788978091 220666
0 233792 33 0 1788978091 220733
0 233829 32 0 1788978091 221993
0 233838 33 0 1788978091 222289
0 233840 33 0 1788978091 222355
0 233844 39 0 1788978091 222499
0 233859 38 0 1788978091 223036
0 233866 39 0 1788978091 223410
0 233941 32 0 1788978091 226015
0 233943 32 0 1788978091 226082
0 233944 32 0 1788978091 226115
0 233982 30 0 1788978091 227370
0 233986 31 0 1788978091 227495
0 233999 31 0 1788978091 227923
0 234016 31 0 1788978091 228516
0 234032 34 0 1788978091 229034
0 234040 45 0 1788978091 229376
0 234082 30 0 1788978091 230750
0 234115 37 0 1788978091 231835
0 234124 31 0 1788978091 232122
0 234131 32 0 1788978091 232344
0 234144 42 0 1788978091 232804
0 234200 39 0 1788978091 234696
0 234233 32 0 1788978091 235865
0 234257 35 0 1788978091 236684
0 234280 31 0 1788978091 237541
0 234288 32 0 1788978091 237830
0 234316 30 0 1788978091 238707
0 234320 32 0 1788978091 238832
0 234369 39 0 1788978091 240438
0 234370 32 0 1788978091 240472
0 234378 34 0 1788978091 240753
0 234405 34 0 1788978091 241682
0 234411 32 0 1788978091 241883
0 234440 38 0 1788978091 242849
0 234443 32 0 1788978091 242951
0 234479 33 0 1788978091 244193
0 234485 44 0 1788978091 244408
0 234490 33 0 1788978091 244594
0 234501 33 0 1788978091 244987
0 234521 34 0 1788978091 245678
0 234522 32 0 1788978091 245711
0 234581 32 0 1788978091 247584
0 234603 36 0 1788978091 248287
0 234655 32 0 1788978091 250092
0 234656 32 0 1788978091 250127
0 234708 50 0 1788978091 252591
0 234709 75 0 1788978091 252673
0 234712 98 0 1788978091 252904
0 234745 30 0 1788978091 254163
0 234775 31 0 1788978091 255138
0 234815 32 0 1788978091 256475
0 234818 31 0 1788978091 256571
0 234841 38 0 1788978091 257419
0 234851 31 0 1788978091 257782
0 234857 31 0 1788978091 257969
0 234866 31 0 1788978091 258287
0 234879 32 0 1788978091 258707
0 234898 31 0 1788978091 259316
0 234930 31 0 1788978091 260335
0 234966 31 0 1788978091 261470
0 234974 38 0 1788978091 261751
0 234987 52 0 1788978091 262397
0 234996 33 0 1788978091 262842
0 235007 44 0 1788978091 263344
0 235014 45 0 1788978091 263677
0 235016 44 0 1788978091 263769
0 235043 41 0 1788978091 264945
0 235056 33 0 1788978091 265440
0 235078 31 0 1788978091 266168
0 235080 31 0 1788978091 266232
0 235102 37 0 1788978091 267349
0 235142 32 0 1788978091 268968
0 235148 31 0 1788978091 269185
0 235156 71 0 1788978091 269522
0 235176 31 0 1788978091 270414
0 235200 33 0 1788978091 271204
0 235225 40 0 1788978091 272028
0 235238 32 0 1788978091 272450
0 235312 33 0 1788978091 274965
0 235356 85 0 1788978091 276512
0 235369 33 0 1788978091 277033
0 235371 39 0 1788978091 277108
0 235399 41 0 1788978091 278192
0 235404 36 0 1788978091 278378
0 235407 45 0 1788978091 278516
0 235439 42 0 1788978091 279628
0 235440 42 0 1788978091 279672
0 235461 33 0 1788978091 280370
0 235523 33 0 1788978091 282577
0 235534 33 0 1788978091 282963
0 235590 33 0 1788978091 284944
0 235613 33 0 1788978091 285747
0 235617 33 0 1788978091 285880
0 235634 33 0 1788978091 286489
0 235653 33 0 1788978091 287138
0 235654 38 0 1788978091 287177
0 235658 32 0 1788978091 287308
0 235668 53 0 1788978091 287659
0 235672 33 0 1788978091 287801
0 235685 33 0 1788978091 288301
0 235700 33 0 1788978091 288871
0 235708 315 0 1788978091 289452
0 235713 36 0 1788978091 289819
0 235736 32 0 1788978091 291389
0 235750 174 0 1788978091 292480
0 235759 40 0 1788978091 292969
0 235785 39 0 1788978091 295033
0 235800 34 0 1788978091 295540
0 235821 40 0 1788978091 296292
0 235829 32 0 1788978091 296561
0 235868 32 0 1788978091 297996
0 235885 49 0 1788978091 298722
0 235896 33 0 1788978091 299196
0 235934 34 0 1788978091 300492
0 235952 32 0 1788978091 301128
0 235956 32 0 1788978091 301259
0 235973 33 0 1788978091 301860
0 236032 32 0 1788978091 303905
0 236044 33 0 1788978091 304380
0 236059 33 0 1788978091 304932
0 236099 30 0 1788978091 306239
0 236103 30 0 1788978091 306370
0 236135 33 0 1788978091 307462
0 236147 39 0 1788978091 307995
0 236187 31 0 1788978091 309272
0 236228 32 0 1788978091 311011
0 236236 31 0 1788978091 311268
0 236240 31 0 1788978091 311395
0 236259 32 0 1788978091 312019
0 236273 42 0 1788978091 312540
0 236287 32 0 1788978091 313071
0 236305 33 0 1788978091 313702
0 236310 32 0 1788978091 313871
0 236339 45 0 1788978091 314931
0 236375 39 0 1788978091 316731
0 236413 35 0 1788978091 318196
0 236420 87 0 1788978091 318542
0 236422 50 0 1788978091 318637
0 236430 32 0 1788978091 318915
0 236441 30 0 1788978091 319276
0 236465 31 0 1788978091 320048
0 236482 33 0 1788978091 320578
0 236491 81 0 1788978091 321025
0 236498 32 0 1788978091 321280
0 236509 50 0 1788978091 321656
0 236606 31 0 1788978091 324990
0 236628 32 0 1788978091 325701
0 236652 31 0 1788978091 326454
0 236671 32 0 1788978091 327065
0 236694 32 0 1788978091 327815
0 236716 32 0 1788978091 328515
0 236727 36 0 1788978091 328888
0 236733 32 0 1788978091 329084
0 236741 32 0 1788978091 329348
0 236765 32 0 1788978091 330235
0 236786 31 0 1788978091 330945
0 236792 39 0 1788978091 331176
0 236797 32 0 1788978091 331360
0 236804 37 0 1788978091 331609
0 236824 60 0 1788978091 332369
0 236902 39 0 1788978091 335857
0 236907 31 0 1788978091 336034
0 236916 31 0 1788978091 336314
0 236928 31 0 1788978091 336714
0 237050 50 0 1788978091 340652
0 237070 31 0 1788978091 341281
0 237095 43 0 1788978091 342201
0 237105 37 0 1788978091 342680
0 237110 31 0 1788978091 342844
0 237210 32 0 1788978091 346171
0 237212 31 0 1788978091 346237
0 237240 32 0 1788978091 347157
0 237256 36 0 1788978091 347709
0 237264 32 0 1788978091 347967
0 237308 31 0 1788978091 349402
0 237320 33 0 1788978091 349815
0 237338 32 0 1788978091 350412
0 237344 47 0 1788978091 350625
0 237359 32 0 1788978091 351115
0 237402 45 0 1788978091 352639
0 237432 39 0 1788978091 353745
0 237451 33 0 1788978091 354396
0 237461 31 0 1788978091 354735
0 237462 32 0 1788978091 354768
0 237472 44 0 1788978091 355181
0 237503 32 0 1788978091 356319
0 237524 57 0 1788978091 357296
0 237537 32 0 1788978091 357848
0 237545 32 0 1788978091 358105
0 237553 34 0 1788978091 358368
0 237568 33 0 1788978091 359006
0 237585 31 0 1788978091 359549
0 237629 33 0 1788978091 361529
0 237639 56 0 1788978091 361933
0 237640 51 0 1788978091 361987
0 237673 34 0 1788978091 363189
0 237697 43 0 1788978091 364272
0 237725 43 0 1788978091 365480
0 237757 43 0 1788978091 366942
0 237767 44 0 1788978091 367472
0 237788 34 0 1788978091 368233
0 237805 31 0 1788978091 368827
0 237807 32 0 1788978091 368894
0 237809 32 0 1788978091 368958
0 237814 31 0 1788978091 369115
0 237883 32 0 1788978091 371368
0 237908 31 0 1788978091 372189
0 237915 32 0 1788978091 372414
0 237932 32 0 1788978091 373019
0 237969 32 0 1788978091 374225
0 237999 37 0 1788978091 375302
0 238021 32 0 1788978091 376188
0 238046 32 0 1788978091 377095
0 238071 33 0 1788978091 377991
0 238085 31 0 1788978091 378435
0 238094 30 0 1788978091 378736
0 238100 33 0 1788978091 378948
0 238115 46 0 1788978091 379618
0 238209 32 0 1788978091 383447
0 238252 34 0 1788978091 384918
0 238301 65 0 1788978091 387164
0 238304 44 0 1788978091 387349
0 238322 34 0 1788978091 388004
0 238359 37 0 1788978091 389559
0 238383 46 0 1788978091 390875
0 238400 40 0 1788978091 391788
0 238408 31 0 1788978091 392097
0 238468 46 0 1788978091 394074
0 238477 44 0 1788978091 394451
0 238478 47 0 1788978091 394500
0 238481 55 0 1788978091 394644
0 238498 30 0 1788978091 395248
0 238524 31 0 1788978091 396098
0 238547 32 0 1788978091 396874
0 238556 34 0 1788978091 397171
0 238565 32 0 1788978091 397499
0 238566 34 0 1788978091 397534
0 238599 38 0 1788978091 398714
0 238632 32 0 1788978091 400041
0 238640 34 0 1788978091 400343
0 238651 33 0 1788978091 400756
0 238656 33 0 1788978091 400925
0 238657 36 0 1788978091 400962
0 238663 43 0 1788978091 401244
0 238671 43 0 1788978091 401593
0 238687 35 0 1788978091 402289
0 238700 34 0 1788978091 402748
0 238735 41 0 1788978091 403969
0 238744 31 0 1788978091 404261
0 238750 32 0 1788978091 404461
0 238752 33 0 1788978091 404527
0 238767 31 0 1788978091 405027
0 238789 41 0 1788978091 405999
0 238830 31 0 1788978091 407344
0 238885 33 0 1788978091 409158
0 238905 31 0 1788978091 409828
0 238920 33 0 1788978091 410363
0 238924 32 0 1788978091 410497
0 238946 32 0 1788978091 411353
0 238964 31 0 1788978091 411960
0 239007 31 0 1788978091 413708
0 239008 32 0 1788978091 413744
0 239040 32 0 1788978091 414795
0 239060 42 0 1788978091 415567
0 239065 38 0 1788978091 415768
0 239067 39 0 1788978091 415849
0 239071 39 0 1788978091 416008
0 239072 41 0 1788978091 416050
0 239080 32 0 1788978091 416392
0 239084 33 0 1788978091 416523
0 239117 31 0 1788978091 418002
0 239134 53 0 1788978091 418634
0 239137 30 0 1788978091 418734
0 239138 31 0 1788978091 418766
0 239188 31 0 1788978091 420406
0 239205 35 0 1788978091 420962
0 239207 31 0 1788978091 421026
0 239221 35 0 1788978091 421495
0 239223 48 0 1788978091 421594
0 239288 35 0 1788978091 423793
0 239300 31 0 1788978091 424173
0 239302 31 0 1788978091 424237
0 239330 34 0 1788978091 425147
0 239349 31 0 1788978091 425814
0 239374 38 0 1788978091 426626
0 239434 47 0 1788978091 429174
0 239520 36 0 1788978091 433295
0 239529 49 0 1788978091 433663
0 239530 54 0 1788978091 433721
0 239531 59 0 1788978091 433783
0 239532 81 0 1788978091 433866
0 239534 33 0 1788978091 433947
0 239559 31 0 1788978091 434773
0 239563 31 0 1788978091 434900
0 239569 33 0 1788978091 435091
0 239581 31 0 1788978091 435544
0 239591 47 0 1788978091 436024
0 239604 36 0 1788978091 436588
0 239642 73 0 1788978091 437925
0 239651 32 0 1788978091 438270
0 239700 32 0 1788978091 440229
0 239705 31 0 1788978091 440397
0 239718 31 0 1788978091 440836
0 239720 36 0 1788978091 440912
0 239793 38 0 1788978091 443952
0 239849 53 0 1788978091 446678
0 239948 44 0 1788978091 452437
0 239964 47 0 1788978091 453241
0 240030 32 0 1788978091 456922
0 240061 45 0 1788978091 458210
0 240062 55 0 1788978091 458271
0 240073 71 0 1788978091 458858
0 240094 58 0 1788978091 460118
0 240139 36 0 1788978091 462744
0 240141 32 0 1788978091 462813
0 240167 36 0 1788978091 463651
0 240173 31 0 1788978091 463849
0 240221 32 0 1788978091 465434
0 240232 32 0 1788978091 465811
0 240263 33 0 1788978091 466841
0 240289 37 0 1788978091 467978
0 240304 89 0 1788978091 468957
0 240312 65 0 1788978091 469410
0 240318 35 0 1788978091 469709
0 240339 52 0 1788978091 470834
0 240348 32 0 1788978091 471167
0 240350 32 0 1788978091 471233
0 240357 41 0 1788978091 471491
0 240411 32 0 1788978091 473450
0 240460 40 0 1788978091 475071
0 240474 50 0 1788978091 475685
0 240498 40 0 1788978091 476933
0 240519 46 0 1788978091 478137
0 240527 46 0 1788978091 478507
0 240530 82 0 1788978091 478684
0 240578 33 0 1788978091 480858
0 240581 33 0 1788978091 480960
0 240587 74 0 1788978091 481265
0 240667 32 0 1788978091 485266
0 240668 33 0 1788978091 485306
0 240675 35 0 1788978091 485589
0 240748 45 0 1788978091 488599
0 240755 46 0 1788978091 488940
0 240760 45 0 1788978091 489170
0 240790 46 0 1788978091 490567
0 240809 45 0 1788978091 491445
0 240813 68 0 1788978091 491660
0 240858 33 0 1788978091 493525
0 240868 33 0 1788978091 493983
0 240872 44 0 1788978091 494162
0 240916 58 0 1788978091 495913
0 240919 58 0 1788978091 496081
0 240922 60 0 1788978091 496283
0 240933 33 0 1788978091 496768
0 240974 42 0 1788978091 498305
0 241016 34 0 1788978091 499800
0 241017 34 0 1788978091 499837
0 241030 34 0 1788978091 500295
0 241035 34 0 1788978091 500482
0 241044 38 0 1788978091 500833
0 241056 33 0 1788978091 501245
0 241063 44 0 1788978091 501497
0 241110 33 0 1788978091 503339
0 241133 33 0 1788978091 504131
0 241149 37 0 1788978091 504688
0 241153 33 0 1788978091 504823
0 241155 32 0 1788978091 504889
0 241168 33 0 1788978091 505354
0 241183 37 0 1788978091 505981
0 241212 49 0 1788978091 507467
0 241248 32 0 1788978091 508877
0 241256 34 0 1788978091 509210
0 241295 32 0 1788978091 510572
0 241332 34 0 1788978091 511904
0 241349 36 0 1788978091 512523
0 241387 43 0 1788978091 514195
0 241460 33 0 1788978091 517206
0 241505 33 0 1788978091 519203
0 241509 62 0 1788978091 519409
0 241589 33 0 1788978091 523315
0 241597 33 0 1788978091 523585
0 241608 33 0 1788978091 523965
0 241616 33 0 1788978091 524236
0 241634 34 0 1788978091 524857
0 241643 33 0 1788978091 525162
0 241700 41 0 1788978091 527342
0 241701 34 0 1788978091 527379
0 241724 36 0 1788978091 528330
0 241735 38 0 1788978091 528728
0 241736 35 0 1788978091 528764
0 241745 37 0 1788978091 529120
0 241762 34 0 1788978091 529786
0 241788 41 0 1788978091 530747
0 241807 34 0 1788978091 531441
0 241809 36 0 1788978091 531512
0 241815 39 0 1788978091 531762
0 241823 34 0 1788978091 532043
0 241826 39 0 1788978091 532154
0 241848 34 0 1788978091 532964
0 241892 35 0 1788978091 534707
0 241947 39 0 1788978091 537004
0 241952 34 0 1788978091 537183
0 241964 46 0 1788978091 537766
0 241967 51 0 1788978091 537906
0 241984 47 0 1788978091 538902
0 241986 46 0 1788978091 538999
0 242049 76 0 1788978091 542058
0 242066 34 0 1788978091 543048
0 242129 54 0 1788978091 546101
0 242134 46 0 1788978091 546343
0 242138 46 0 1788978091 546528
0 242161 52 0 1788978091 547695
0 242168 45 0 1788978091 548025
0 242183 46 0 1788978091 548745
0 242213 47 0 1788978091 550153
0 242226 46 0 1788978091 550765
0 242236 45 0 1788978091 551225
0 242239 46 0 1788978091 551429
0 242274 39 0 1788978091 552823
0 242338 34 0 1788978091 555561
0 242344 79 0 1788978091 555952
0 242347 45 0 1788978091 556140
0 242400 34 0 1788978091 557979
0 242426 38 0 1788978091 558937
0 242431 34 0 1788978091 559112
0 242457 34 0 1788978091 560123
0 242486 33 0 1788978091 561342
0 242505 38 0 1788978091 562007
0 242509 34 0 1788978091 562154
0 242518 34 0 1788978091 562496
0 242543 33 0 1788978091 563357
0 242557 35 0 1788978091 563840
0 242561 33 0 1788978091 563974
0 242568 34 0 1788978091 564213
0 242600 76 0 1788978091 565505
0 242610 54 0 1788978091 566014
0 242614 52 0 1788978091 566271
0 242646 61 0 1788978091 567743
0 242649 42 0 1788978091 567877
0 242658 33 0 1788978091 568254
0 242671 33 0 1788978091 568711
0 242736 33 0 1788978091 570971
0 242742 33 0 1788978091 571172
0 242744 33 0 1788978091 571240
0 242754 33 0 1788978091 571591
0 242760 33 0 1788978091 571811
0 242761 33 0 1788978091 571846
0 242774 33 0 1788978091 572278
0 242776 34 0 1788978091 572346
0 242826 51 0 1788978091 574500
0 242842 53 0 1788978091 575284
0 242888 34 0 1788978091 576886
0 242896 33 0 1788978091 577157
0 242943 49 0 1788978091 579287
0 242956 125 0 1788978091 580015
0 242973 41 0 1788978091 580656
0 243016 51 0 1788978091 582892
0 243044 35 0 1788978091 583890
0 243045 33 0 1788978091 583925
0 243057 44 0 1788978091 584404
0 243067 32 0 1788978091 584816
0 243070 38 0 1788978091 584935
0 243154 45 0 1788978091 588245
0 243169 34 0 1788978091 588899
0 243175 33 0 1788978091 589104
0 243220 36 0 1788978091 590684
0 243238 36 0 1788978091 591318
0 243270 35 0 1788978091 592579
0 243276 50 0 1788978091 592822
0 243288 59 0 1788978091 593420
0 243317 33 0 1788978091 594506
0 243319 33 0 1788978091 594574
0 243340 56 0 1788978091 595580
0 243350 43 0 1788978091 596094
0 243372 52 0 1788978091 596948
0 243377 55 0 1788978091 597200
0 243382 47 0 1788978091 597444
0 243387 33 0 1788978091 597940
0 243390 35 0 1788978091 598047
0 243420 32 0 1788978091 599025
0 243422 32 0 1788978091 599090
0 243423 38 0 1788978091 599129
0 243426 31 0 1788978091 599226
0 243447 32 0 1788978091 599916
0 243457 31 0 1788978091 600253
0 243498 34 0 1788978091 601667
0 243499 32 0 1788978091 601702
0 243522 32 0 1788978091 602483
0 243524 36 0 1788978091 602554
0 243526 54 0 1788978091 602642
0 243552 33 0 1788978091 603514
0 243651 33 0 1788978091 607087
0 243685 33 0 1788978091 608311
0 243717 36 0 1788978091 609409
0 243737 32 0 1788978091 610112
0 243754 35 0 1788978091 610726
0 243755 36 0 1788978091 610764
0 243759 46 0 1788978091 610991
0 243793 37 0 1788978091 612297
0 243809 35 0 1788978091 612912
0 243813 33 0 1788978091 613051
0 243834 38 0 1788978091 614343
0 243852 55 0 1788978091 615551
0 243865 89 0 1788978091 616238
0 243871 41 0 1788978091 616617
0 243872 42 0 1788978091 616663
0 243896 32 0 1788978091 617434
0 243902 42 0 1788978091 617635
0 243934 35 0 1788978091 618847
0 243962 32 0 1788978091 619795
0 244020 32 0 1788978091 621726
0 244031 33 0 1788978091 622085
0 244059 33 0 1788978091 623019
0 244100 42 0 1788978091 624483
0 244102 32 0 1788978091 624551
0 244105 45 0 1788978091 624678
0 244117 32 0 1788978091 625083
0 244128 33 0 1788978091 625447
0 244181 36 0 1788978091 627590
0 244187 54 0 1788978091 627938
0 244190 79 0 1788978091 628179
0 244194 33 0 1788978091 628323
0 244220 41 0 1788978091 629292
0 244222 38 0 1788978091 629376
0 244246 32 0 1788978091 630304
0 244251 38 0 1788978091 630479
0 244271 104 0 1788978091 631758
0 244323 32 0 1788978091 634033
0 244330 32 0 1788978091 634319
0 244336 37 0 1788978091 634533
0 244365 102 0 1788978091 636058
0 244371 77 0 1788978091 636455
0 244437 32 0 1788978091 639398
0 244457 33 0 1788978091 640102
0 244460 34 0 1788978091 640205
0 244468 33 0 1788978091 640469
0 244527 45 0 1788978091 642460
0 244562 50 0 1788978091 643895
0 244612 57 0 1788978091 645847
0 244634 53 0 1788978091 646789
0 244638 53 0 1788978091 647025
0 244713 35 0 1788978091 650448
0 244716 33 0 1788978091 650557
0 244776 53 0 1788978091 653503
0 244790 32 0 1788978091 654005
0 244803 49 0 1788978091 654616
0 244855 44 0 1788978091 656957
0 244856 45 0 1788978091 657004
0 244863 44 0 1788978091 657316
0 244910 44 0 1788978091 659121
0 244917 44 0 1788978091 659438
0 244921 46 0 1788978091 659620
0 244962 33 0 1788978091 661501
0 244987 33 0 1788978091 662398
0 245017 50 0 1788978091 663635
0 245035 44 0 1788978091 664448
0 245059 44 0 1788978091 665530
0 245061 49 0 1788978091 665626
0 245117 38 0 1788978091 668064
0 245136 32 0 1788978091 668709
0 245236 32 0 1788978091 672534
0 245253 34 0 1788978091 673108
0 245263 50 0 1788978091 673465
0 245275 31 0 1788978091 673887
0 245300 37 0 1788978091 674798
0 245321 32 0 1788978091 675532
0 245323 32 0 1788978091 675598
0 245352 32 0 1788978091 676569
0 245370 33 0 1788978091 677218
0 245373 33 0 1788978091 677322
0 245376 33 0 1788978091 677422
0 245417 33 0 1788978091 679481
0 245426 39 0 1788978091 679847
0 245429 33 0 1788978091 679962
0 245435 46 0 1788978091 680236
0 245451 44 0 1788978091 680977
0 245467 46 0 1788978091 681704
0 245528 34 0 1788978091 683882
0 245530 33 0 1788978091 683952
0 245533 32 0 1788978091 684049
0 245536 32 0 1788978091 684147
0 245542 35 0 1788978091 684374
0 245549 32 0 1788978091 684609
0 245603 44 0 1788978091 686579
0 245612 64 0 1788978091 687092
0 245613 46 0 1788978091 687142
0 245618 44 0 1788978091 687343
0 245620 38 0 1788978091 687415
0 245684 44 0 1788978091 690035
0 245697 48 0 1788978091 690617
0 245723 44 0 1788978091 691805
0 245735 46 0 1788978091 692345
0 245769 33 0 1788978091 693480
0 245797 45 0 1788978091 694710
0 245813 45 0 1788978091 695430
0 245829 44 0 1788978091 696198
0 245844 43 0 1788978091 696885
0 245873 32 0 1788978091 697968
0 245884 32 0 1788978091 698340
0 245895 36 0 1788978091 698722
0 245912 32 0 1788978091 699290
0 245938 32 0 1788978091 700191
0 245958 45 0 1788978091 700875
0 245967 45 0 1788978091 701226
0 245991 44 0 1788978091 702313
0 245998 49 0 1788978091 702696
0 246005 44 0 1788978091 703010
0 246026 36 0 1788978091 703802
0 246033 33 0 1788978091 704038
0 246049 33 0 1788978091 704807
0 246054 32 0 1788978091 704981
0 246057 32 0 1788978091 705079
0 246069 32 0 1788978091 705465
0 246071 34 0 1788978091 705533
0 246110 34 0 1788978091 707420
0 246142 67 0 1788978091 708654
0 246145 44 0 1788978091 708814
0 246176 32 0 1788978091 709855
0 246184 33 0 1788978091 710126
0 246237 34 0 1788978091 712302
0 246255 56 0 1788978091 713184
0 246266 47 0 1788978091 713753
0 246316 50 0 1788978091 716265
0 246322 46 0 1788978091 716605
0 246343 100 0 1788978091 718046
0 246362 50 0 1788978091 719165
0 246379 0 0 1788978091 720156
0 246398 97 0 1788978091 721386
0 246438 32 0 1788978091 722979
0 246441 75 0 1788978091 723122
0 246446 34 0 1788978091 723300
0 246455 31 0 1788978091 723587
0 246470 31 0 1788978091 724081
0 246497 31 0 1788978091 724968
0 246513 32 0 1788978091 725500
0 246518 34 0 1788978091 725677
0 246519 32 0 1788978091 725710
0 246525 36 0 1788978091 725908
0 246528 33 0 1788978091 726010
0 246551 32 0 1788978091 726775
0 246566 45 0 1788978091 727292
0 246575 106 0 1788978091 727699
0 246599 32 0 1788978091 728586
0 246608 32 0 1788978091 728913
0 246615 32 0 1788978091 729141
0 246616 32 0 1788978091 729174
0 246621 32 0 1788978091 729335
0 246632 32 0 1788978091 729737
0 246678 33 0 1788978091 731339
0 246694 33 0 1788978091 732057
0 246703 47 0 1788978091 732410
0 246710 45 0 1788978091 732744
0 246712 45 0 1788978091 732837
0 246730 61 0 1788978091 733654
0 246735 44 0 1788978091 733882
0 246741 46 0 1788978091 734152
0 246759 45 0 1788978091 734960
0 246856 47 0 1788978091 738684
0 246871 44 0 1788978091 739368
0 246907 32 0 1788978091 740872
0 246913 32 0 1788978091 741068
0 246918 39 0 1788978091 741237
0 246938 33 0 1788978091 741932
0 246946 34 0 1788978091 742195
0 246954 37 0 1788978091 742533
0 246992 32 0 1788978091 743809
0 247026 36 0 1788978091 745020
0 247036 35 0 1788978091 745362
0 247042 32 0 1788978091 745565
0 247068 33 0 1788978091 746443
0 247071 33 0 1788978091 746542
0 247092 33 0 1788978091 747255
0 247114 33 0 1788978091 748003
0 247117 33 0 1788978091 748102
0 247123 32 0 1788978091 748301
0 247133 40 0 1788978091 748644
0 247141 32 0 1788978091 748916
0 247249 48 0 1788978091 753654
0 247258 47 0 1788978091 754090
0 247260 46 0 1788978091 754187
0 247280 33 0 1788978091 755023
0 247286 32 0 1788978091 755223
0 247301 32 0 1788978091 755757
0 247322 32 0 1788978091 756457
0 247329 38 0 1788978091 756731
0 247342 35 0 1788978091 757230
0 247346 34 0 1788978091 757371
0 247362 109 0 1788978091 758135
0 247363 69 0 1788978091 758208
0 247388 32 0 1788978091 759214
0 247395 33 0 1788978091 759464
0 247418 32 0 1788978091 760247
0 247478 58 0 1788978091 762746
0 247486 101 0 1788978091 763172
0 247539 35 0 1788978091 765694
0 247555 33 0 1788978091 766216
0 247562 47 0 1788978091 766574
0 247639 32 0 1788978091 769871
0 247644 32 0 1788978091 770038
0 247676 32 0 1788978091 771082
0 247735 38 0 1788978091 773099
0 247751 55 0 1788978091 773658
0 247767 33 0 1788978091 774186
0 247774 32 0 1788978091 774497
0 247807 32 0 1788978091 775572
0 247814 32 0 1788978091 775806
0 247817 32 0 1788978091 775904
0 247824 36 0 1788978091 776133
0 247832 32 0 1788978091 776402
0 247853 33 0 1788978091 777143
0 247858 35 0 1788978091 777378
0 247859 33 0 1788978091 777412
0 247863 35 0 1788978091 777547
0 247878 32 0 1788978091 778102
0 247892 33 0 1788978091 778578
0 247910 39 0 1788978091 779230
0 247952 33 0 1788978091 780726
0 247975 33 0 1788978091 781489
0 247978 32 0 1788978091 781588
0 248000 34 0 1788978091 782594
0 248005 33 0 1788978091 782784
0 248053 33 0 1788978091 784461
0 248055 33 0 1788978091 784530
0 248071 33 0 1788978091 785234
0 248138 38 0 1788978091 787546
0 248160 32 0 1788978091 788372
0 248207 45 0 1788978091 789930
0 248330 32 0 1788978091 794040
0 248342 35 0 1788978091 794462
0 248395 42 0 1788978091 796582
0 248417 46 0 1788978091 797522
0 248420 48 0 1788978091 797681
0 248426 46 0 1788978091 797972
0 248430 45 0 1788978091 798155
0 248484 35 0 1788978091 800464
0 248514 32 0 1788978091 801591
0 248551 48 0 1788978091 803159
0 248571 52 0 1788978091 804219
0 248598 85 0 1788978091 805535
0 248642 44 0 1788978091 807393
0 248700 45 0 1788978091 810058
0 248738 44 0 1788978091 812067
0 248744 40 0 1788978091 812425
0 248778 52 0 1788978091 813761
0 248792 32 0 1788978091 814220
0 248799 31 0 1788978091 814466
0 248806 33 0 1788978091 814737
0 248830 40 0 1788978091 815698
0 248873 32 0 1788978091 817434
0 248892 38 0 1788978091 818439
0 248901 41 0 1788978091 818884
0 248994 35 0 1788978091 822339
0 249024 36 0 1788978091 823513
0 249028 50 0 1788978091 823684
0 249056 36 0 1788978091 825104
0 249063 35 0 1788978091 825371
0 249070 42 0 1788978091 825627
0 249071 40 0 1788978091 825669
0 249162 33 0 1788978091 829003
0 249187 46 0 1788978091 829998
0 249193 45 0 1788978091 830279
0 249206 35 0 1788978091 831033
0 249214 38 0 1788978091 831587
0 249307 39 0 1788978091 835223
0 249355 44 0 1788978091 837280
0 249361 35 0 1788978091 837529
0 249378 37 0 1788978091 838279
0 249384 37 0 1788978091 838536
0 249387 52 0 1788978091 838674
0 249393 34 0 1788978091 838887
0 249395 33 0 1788978091 838956
0 249414 50 0 1788978091 839652
0 249423 37 0 1788978091 839981
0 249431 40 0 1788978091 840293
0 249464 41 0 1788978091 841604
0 249549 34 0 1788978091 845036
0 249563 39 0 1788978091 845555
0 249584 35 0 1788978091 846373
0 249655 33 0 1788978091 848958
0 249674 47 0 1788978091 849628
0 249692 34 0 1788978091 850286
0 249720 33 0 1788978091 851272
0 249735 38 0 1788978091 851821
0 249774 56 0 1788978091 853435
0 249798 47 0 1788978091 854741
0 249819 46 0 1788978091 855743
0 249834 47 0 1788978091 856509
0 249846 48 0 1788978091 857069
0 249869 50 0 1788978091 858398
0 249884 57 0 1788978091 859176
0 249899 36 0 1788978091 860014
0 249906 54 0 1788978091 860348
0 249911 53 0 1788978091 860603
0 249918 59 0 1788978091 860989
0 249923 62 0 1788978091 861293
0 249929 52 0 1788978091 861687
0 249947 63 0 1788978091 862607
0 249972 145 0 1788978091 864463
0 249974 133 0 1788978091 864698
0 249981 54 0 1788978091 865163
0 250003 50 0 1788978091 866282
0 250007 48 0 1788978091 866507
0 250030 66 0 1788978091 867982
0 250035 91 0 1788978091 868366
0 250055 117 0 1788978091 869712
0 250069 97 0 1788978091 870902
0 250075 98 0 1788978091 871336
0 250101 48 0 1788978091 872787
0 250104 46 0 1788978091 872935
0 250116 46 0 1788978091 873519
0 250118 37 0 1788978091 873603
0 250223 33 0 1788978091 877566
0 250244 34 0 1788978091 878313
0 250285 37 0 1788978091 879897
0 250291 33 0 1788978091 880100
0 250302 33 0 1788978091 880471
0 250303 33 0 1788978091 880505
0 250314 33 0 1788978091 880895
0 250381 34 0 1788978091 883205
0 250411 34 0 1788978091 884314
0 250423 34 0 1788978091 884742
0 250425 34 0 1788978091 884813
0 250437 39 0 1788978091 885239
0 250439 34 0 1788978091 885308
0 250444 34 0 1788978091 885488
0 250488 33 0 1788978091 887051
0 250504 37 0 1788978091 887722
0 250513 45 0 1788978091 888120
0 250525 51 0 1788978091 888697
0 250527 45 0 1788978091 888793
0 250533 53 0 1788978091 889070
0 250571 55 0 1788978091 890508
0 250579 42 0 1788978091 890857
0 250582 40 0 1788978091 890979
0 250601 43 0 1788978091 891709
0 250624 44 0 1788978091 892505
0 250627 32 0 1788978091 892609
0 250660 45 0 1788978091 893761
0 250668 48 0 1788978091 894142
0 250677 50 0 1788978091 894561
0 250679 63 0 1788978091 894704
0 250756 33 0 1788978091 897710
0 250790 34 0 1788978091 898888
0 250815 34 0 1788978091 899859
0 250818 37 0 1788978091 899969
0 250960 33 0 1788978091 905179
0 251029 34 0 1788978091 907576
0 251083 35 0 1788978091 909473
0 251117 41 0 1788978091 910686
0 251130 68 0 1788978091 911371
0 251142 36 0 1788978091 911914
0 251158 33 0 1788978091 912467
0 251183 33 0 1788978091 913317
0 251199 33 0 1788978091 913877
0 251202 33 0 1788978091 913977
0 251233 33 0 1788978091 915027
0 251246 32 0 1788978091 915463
0 251250 33 0 1788978091 915604
0 251260 33 0 1788978091 915958
0 251322 33 0 1788978091 918129
0 251349 40 0 1788978091 919141
0 251365 34 0 1788978091 919729
0 251366 39 0 1788978091 919770
0 251383 33 0 1788978091 920347
0 251408 33 0 1788978091 921302
0 251409 33 0 1788978091 921337
0 251419 37 0 1788978091 921705
0 251426 33 0 1788978091 921939
0 251428 33 0 1788978091 922007
0 251453 33 0 1788978091 922853
0 251488 33 0 1788978091 924034
0 251517 34 0 1788978091 925030
0 251525 34 0 1788978091 925302
0 251558 41 0 1788978091 926519
0 251563 44 0 1788978091 926776
0 251575 38 0 1788978091 927195
0 251590 35 0 1788978091 927734
0 251641 33 0 1788978091 929544
0 251662 34 0 1788978091 930315
0 251694 33 0 1788978091 931464
0 251698 38 0 1788978091 931609
0 251702 34 0 1788978091 931763
0 251755 42 0 1788978091 933649
0 251763 35 0 1788978091 933996
0 251829 79 0 1788978091 936928
0 251845 50 0 1788978091 938240
0 251888 44 0 1788978091 940331
0 251899 45 0 1788978091 940875
0 251911 46 0 1788978091 941487
0 251912 45 0 1788978091 941536
0 251941 38 0 1788978091 943172
0 251957 40 0 1788978091 943930
0 251962 34 0 1788978091 944120
0 251982 33 0 1788978091 944855
0 252022 33 0 1788978091 946315
0 252023 33 0 1788978091 946352
0 252046 47 0 1788978091 947219
0 252060 33 0 1788978091 947730
0 252117 33 0 1788978091 949720
0 252121 33 0 1788978091 949865
0 252122 32 0 1788978091 949899
0 252155 33 0 1788978091 951079
0 252183 37 0 1788978091 952066
0 252187 41 0 1788978091 952277
0 252242 49 0 1788978091 954638
0 252268 34 0 1788978091 955578
0 252290 33 0 1788978091 956355
0 252326 34 0 1788978091 957758
0 252339 37 0 1788978091 958210
0 252362 34 0 1788978091 959013
0 252371 47 0 1788978091 959345
0 252385 34 0 1788978091 960012
0 252386 34 0 1788978091 960049
0 252403 52 0 1788978091 960682
0 252437 33 0 1788978091 961979
0 252444 32 0 1788978091 962218
0 252450 37 0 1788978091 962475
0 252461 39 0 1788978091 962897
0 252464 33 0 1788978091 962999
0 252479 46 0 1788978091 963530
0 252510 46 0 1788978091 965031
0 252511 52 0 1788978091 965086
0 252524 48 0 1788978091 965709
0 252551 33 0 1788978091 966896
0 252568 34 0 1788978091 967476
0 252614 39 0 1788978091 969241
0 252662 34 0 1788978091 971137
0 252675 34 0 1788978091 971610
0 252690 33 0 1788978091 972145
0 252720 33 0 1788978091 973200
0 252735 47 0 1788978091 973799
0 252757 34 0 1788978091 974601
0 252785 35 0 1788978091 975601
0 252873 34 0 1788978091 978815
0 252878 42 0 1788978091 978998
0 252917 46 0 1788978091 980559
0 252928 46 0 1788978091 981106
0 252944 55 0 1788978091 981897
0 252950 46 0 1788978091 982177
0 252952 49 0 1788978091 982273
0 252953 114 0 1788978091 982389
0 252975 34 0 1788978091 983206
0 252984 34 0 1788978091 983532
0 253005 36 0 1788978091 984317
0 253082 34 0 1788978091 987548
0 253093 34 0 1788978091 987957
0 253137 32 0 1788978091 989929
0 253141 33 0 1788978091 990065
0 253182 36 0 1788978091 991445
0 253243 38 0 1788978091 993683
0 253257 34 0 1788978091 994228
0 253259 34 0 1788978091 994298
0 253285 32 0 1788978091 995230
0 253302 40 0 1788978091 995830
0 253306 34 0 1788978091 995976
0 253318 33 0 1788978091 996373
0 253329 34 0 1788978091 996781
0 253344 33 0 1788978091 997287
0 253402 33 0 1788978091 999345
0 253412 36 0 1788978091 999703
0 253442 33 0 1788978092 840
0 253484 33 0 1788978092 2357
0 253575 32 0 1788978092 5587
0 253582 40 0 1788978092 5884
0 253681 45 0 1788978092 9833
0 253753 35 0 1788978092 12583
0 253778 35 0 1788978092 13413
0 253779 35 0 1788978092 13450
0 253780 38 0 1788978092 13489
0 253789 32 0 1788978092 13889
0 253819 31 0 1788978092 14879
0 253820 32 0 1788978092 14913
0 253825 32 0 1788978092 15076
0 253830 32 0 1788978092 15236
0 253835 32 0 1788978092 15396
0 253872 36 0 1788978092 16678
0 253879 36 0 1788978092 16920
0 253924 61 0 1788978092 18628
0 253928 44 0 1788978092 18819
0 253946 43 0 1788978092 19556
0 253948 66 0 1788978092 19669
0 253951 44 0 1788978092 19804
0 253962 44 0 1788978092 20317
0 253964 48 0 1788978092 20412
0 253970 52 0 1788978092 20716
0 253976 44 0 1788978092 20992
0 254033 44 0 1788978092 23603
0 254071 32 0 1788978092 25051
0 254082 32 0 1788978092 25411
0 254089 35 0 1788978092 25674
0 254144 43 0 1788978092 27837
0 254150 44 0 1788978092 28103
0 254160 50 0 1788978092 28553
0 254162 53 0 1788978092 28646
0 254172 35 0 1788978092 28993
0 254203 34 0 1788978092 30231
0 254222 32 0 1788978092 30863
0 254225 32 0 1788978092 30961
0 254270 32 0 1788978092 32449
0 254291 32 0 1788978092 33143
0 254354 32 0 1788978092 35311
0 254383 33 0 1788978092 36278
0 254391 32 0 1788978092 36549
0 254403 34 0 1788978092 36955
0 254413 33 0 1788978092 37293
0 254483 33 0 1788978092 39801
0 254496 47 0 1788978092 40282
0 254516 32 0 1788978092 40980
0 254527 33 0 1788978092 41369
0 254547 54 0 1788978092 42180
0 254552 40 0 1788978092 42392
0 254564 32 0 1788978092 42908
0 254586 33 0 1788978092 43719
0 254626 32 0 1788978092 45150
0 254630 32 0 1788978092 45280
0 254687 43 0 1788978092 47416
0 254705 32 0 1788978092 48086
0 254714 32 0 1788978092 48408
0 254787 32 0 1788978092 50847
0 254800 32 0 1788978092 51265
0 254847 33 0 1788978092 52953
0 254856 32 0 1788978092 53248
0 254862 46 0 1788978092 53478
0 254918 32 0 1788978092 55434
0 254955 37 0 1788978092 56679
0 254963 32 0 1788978092 56948
0 254996 33 0 1788978092 58058
0 254997 32 0 1788978092 58091
0 255006 37 0 1788978092 58396
0 255013 51 0 1788978092 58645
0 255019 32 0 1788978092 58850
0 255082 40 0 1788978092 61095
0 255100 32 0 1788978092 61784
0 255138 35 0 1788978092 63036
0 255166 39 0 1788978092 64248
0 255181 33 0 1788978092 64877
0 255191 32 0 1788978092 65206
0 255192 32 0 1788978092 65239
0 255196 32 0 1788978092 65369
0 255200 32 0 1788978092 65498
0 255208 32 0 1788978092 65772
0 255209 33 0 1788978092 65806
0 255241 44 0 1788978092 67222
0 255266 44 0 1788978092 68342
0 255270 47 0 1788978092 68529
0 255341 45 0 1788978092 71211
0 255363 44 0 1788978092 72118
0 255370 33 0 1788978092 72359
0 255425 33 0 1788978092 74370
0 255431 33 0 1788978092 74567
0 255445 33 0 1788978092 75098
0 255458 32 0 1788978092 75544
0 255507 32 0 1788978092 77213
0 255529 33 0 1788978092 78049
0 255544 33 0 1788978092 78559
0 255582 99 0 1788978092 80054
0 255589 33 0 1788978092 80302
0 255606 32 0 1788978092 80885
0 255628 43 0 1788978092 81648
0 255635 32 0 1788978092 81881
0 255672 44 0 1788978092 83349
0 255680 45 0 1788978092 83717
0 255719 44 0 1788978092 85473
0 255733 35 0 1788978092 85980
0 255802 37 0 1788978092 88333
0 255805 33 0 1788978092 88439
0 255814 32 0 1788978092 88750
0 255821 32 0 1788978092 89000
0 255831 32 0 1788978092 89336
0 255839 32 0 1788978092 89597
0 255855 33 0 1788978092 90137
0 255900 38 0 1788978092 91701
0 255903 34 0 1788978092 91806
0 255930 40 0 1788978092 92770
0 255933 43 0 1788978092 92899
0 255977 36 0 1788978092 94933
0 256028 32 0 1788978092 96755
0 256055 54 0 1788978092 98104
0 256064 43 0 1788978092 98617
0 256075 105 0 1788978092 99130
0 256096 32 0 1788978092 99850
0 256114 32 0 1788978092 100445
0 256118 55 0 1788978092 100649
0 256123 33 0 1788978092 100820
0 256145 32 0 1788978092 101588
0 256184 36 0 1788978092 102934
0 256210 37 0 1788978092 103842
0 256232 41 0 1788978092 104624
0 256258 54 0 1788978092 105752
0 256267 49 0 1788978092 106237
0 256288 34 0 1788978092 107214
0 256297 33 0 1788978092 107512
0 256310 44 0 1788978092 108067
0 256324 45 0 1788978092 108691
0 256333 36 0 1788978092 109111
0 256337 32 0 1788978092 109244
0 256346 36 0 1788978092 109560
0 256397 41 0 1788978092 111704
0 256399 39 0 1788978092 111799
0 256436 35 0 1788978092 113402
0 256448 31 0 1788978092 113925
0 256502 32 0 1788978092 115731
0 256517 32 0 1788978092 116241
0 256556 32 0 1788978092 117551
0 256600 46 0 1788978092 119224
0 256611 45 0 1788978092 119735
0 256620 44 0 1788978092 120138
0 256626 72 0 1788978092 120445
0 256644 32 0 1788978092 121110
0 256646 33 0 1788978092 121181
0 256649 38 0 1788978092 121286
0 256677 32 0 1788978092 122450
0 256719 33 0 1788978092 123842
0 256720 33 0 1788978092 123876
0 256733 32 0 1788978092 124299
0 256753 33 0 1788978092 124974
0 256800 32 0 1788978092 126742
0 256820 48 0 1788978092 127615
0 256849 44 0 1788978092 128912
0 256850 45 0 1788978092 128958
0 256853 44 0 1788978092 129128
0 256886 58 0 1788978092 130635
0 256890 44 0 1788978092 130824
0 256896 44 0 1788978092 131092
0 256921 43 0 1788978092 132186
0 256941 32 0 1788978092 132913
0 256951 32 0 1788978092 133232
0 256963 38 0 1788978092 133627
0 256986 50 0 1788978092 134388
0 257008 44 0 1788978092 135383
0 257034 44 0 1788978092 136535
0 257045 43 0 1788978092 137046
0 257058 36 0 1788978092 137613
0 257130 46 0 1788978092 140706
0 257137 44 0 1788978092 141016
0 257157 43 0 1788978092 141933
0 257165 44 0 1788978092 142292
0 257181 54 0 1788978092 143061
0 257189 48 0 1788978092 143454
0 257198 63 0 1788978092 143892
0 257211 32 0 1788978092 144421
0 257214 38 0 1788978092 144548
0 257240 46 0 1788978092 146064
0 257252 43 0 1788978092 146780
0 257273 41 0 1788978092 147492
0 257301 60 0 1788978092 148811
0 257355 32 0 1788978092 150926
0 257381 33 0 1788978092 151923
0 257384 33 0 1788978092 152024
0 257385 32 0 1788978092 152057
0 257387 38 0 1788978092 152141
0 257414 64 0 1788978092 153142
0 257438 32 0 1788978092 154001
0 257462 36 0 1788978092 154903
0 257463 34 0 1788978092 154940
0 257478 32 0 1788978092 155460
0 257485 34 0 1788978092 155726
0 257488 32 0 1788978092 155825
0 257498 39 0 1788978092 156264
0 257511 43 0 1788978092 156848
0 257517 40 0 1788978092 157073
0 257519 34 0 1788978092 157153
0 257527 33 0 1788978092 157433
0 257552 33 0 1788978092 158320
0 257561 46 0 1788978092 158643
0 257597 34 0 1788978092 159935
0 257603 32 0 1788978092 160164
0 257610 32 0 1788978092 160396
0 257623 103 0 1788978092 160963
0 257658 44 0 1788978092 162605
0 257661 44 0 1788978092 162765
0 257695 44 0 1788978092 164298
0 257706 48 0 1788978092 164800
0 257709 48 0 1788978092 164940
0 257712 44 0 1788978092 165074
0 257745 49 0 1788978092 166573
0 257766 44 0 1788978092 167549
0 257769 46 0 1788978092 167708
0 257772 44 0 1788978092 167843
0 257815 45 0 1788978092 169822
0 257820 44 0 1788978092 170045
0 257877 44 0 1788978092 172837
0 257887 43 0 1788978092 173282
0 257889 43 0 1788978092 173372
0 257907 46 0 1788978092 174189
0 257914 44 0 1788978092 174501
0 257920 47 0 1788978092 174799
0 257931 44 0 1788978092 175292
0 257987 44 0 1788978092 177807
0 257999 47 0 1788978092 178380
0 258008 45 0 1788978092 178801
0 258013 32 0 1788978092 178973
0 258018 36 0 1788978092 179144
0 258028 70 0 1788978092 179672
0 258037 44 0 1788978092 180079
0 258040 44 0 1788978092 180214
0 258051 34 0 1788978092 180675
0 258053 32 0 1788978092 180743
0 258108 37 0 1788978092 183180
0 258127 35 0 1788978092 183974
0 258135 33 0 1788978092 184353
0 258144 34 0 1788978092 184781
0 258146 33 0 1788978092 184853
0 258200 32 0 1788978092 186722
0 258222 50 0 1788978092 187680
0 258230 40 0 1788978092 188009
0 258247 41 0 1788978092 188746
0 258252 39 0 1788978092 188948
0 258289 62 0 1788978092 190721
0 258296 44 0 1788978092 191046
0 258334 44 0 1788978092 192786
0 258397 64 0 1788978092 195713
0 258399 55 0 1788978092 195828
0 258431 33 0 1788978092 197215
0 258438 32 0 1788978092 197476
0 258462 31 0 1788978092 198270
0 258466 31 0 1788978092 198399
0 258471 31 0 1788978092 198558
0 258492 35 0 1788978092 199593
0 258548 32 0 1788978092 201608
0 258564 32 0 1788978092 202148
0 258570 32 0 1788978092 202341
0 258612 43 0 1788978092 203992
0 258639 45 0 1788978092 205236
0 258650 48 0 1788978092 205760
0 258653 45 0 1788978092 205900
0 258660 44 0 1788978092 206218
0 258662 46 0 1788978092 206305
0 258673 33 0 1788978092 206760
0 258676 32 0 1788978092 206859
0 258775 33 0 1788978092 210304
0 258777 33 0 1788978092 210377
0 258814 33 0 1788978092 211903
0 258822 32 0 1788978092 212165
0 258823 32 0 1788978092 212198
0 258828 32 0 1788978092 212360
0 258832 32 0 1788978092 212489
0 258845 32 0 1788978092 212925
0 258848 32 0 1788978092 213022
0 258865 31 0 1788978092 213568
0 258873 33 0 1788978092 213840
0 258911 33 0 1788978092 215149
0 258916 32 0 1788978092 215319
0 258917 33 0 1788978092 215353
0 258936 33 0 1788978092 215989
0 258954 32 0 1788978092 216602
0 258963 33 0 1788978092 216908
0 258974 42 0 1788978092 217292
0 258986 33 0 1788978092 217767
0 259014 33 0 1788978092 218730
0 259052 33 0 1788978092 220142
0 259081 32 0 1788978092 221138
0 259137 32 0 1788978092 223152
0 259178 31 0 1788978092 224890
0 259181 33 0 1788978092 224991
0 259208 32 0 1788978092 225885
0 259223 34 0 1788978092 226378
0 259229 38 0 1788978092 226586
0 259245 32 0 1788978092 227190
0 259250 37 0 1788978092 227374
0 259261 45 0 1788978092 227811
0 259275 32 0 1788978092 228492
0 259280 34 0 1788978092 228667
0 259301 46 0 1788978092 229409
0 259313 36 0 1788978092 229848
0 259344 39 0 1788978092 230878
0 259371 39 0 1788978092 231899
0 259382 39 0 1788978092 232380
0 259387 39 0 1788978092 232581
0 259408 40 0 1788978092 233517
0 259410 38 0 1788978092 233600
0 259439 44 0 1788978092 234853
0 259450 46 0 1788978092 235354
0 259466 32 0 1788978092 236057
0 259467 33 0 1788978092 236092
0 259481 32 0 1788978092 236550
0 259488 34 0 1788978092 236794
0 259500 33 0 1788978092 237205
0 259502 33 0 1788978092 237272
0 259509 32 0 1788978092 237509
0 259513 44 0 1788978092 237676
0 259536 42 0 1788978092 238454
0 259593 49 0 1788978092 240748
0 259605 32 0 1788978092 241201
0 259610 33 0 1788978092 241365
0 259639 48 0 1788978092 242585
0 259674 43 0 1788978092 244178
0 259685 45 0 1788978092 244705
0 259696 33 0 1788978092 245078
0 259720 68 0 1788978092 245948
0 259734 33 0 1788978092 246437
0 259741 39 0 1788978092 246688
0 259765 31 0 1788978092 247881
0 259772 32 0 1788978092 248193
0 259812 44 0 1788978092 249662
0 259825 31 0 1788978092 250164
0 259830 34 0 1788978092 250325
0 259855 45 0 1788978092 251238
0 259860 32 0 1788978092 251433
0 259878 42 0 1788978092 252337
0 259887 52 0 1788978092 252777
0 259912 32 0 1788978092 253823
0 259921 34 0 1788978092 254147
0 259950 30 0 1788978092 255124
0 259957 34 0 1788978092 255344
0 260061 32 0 1788978092 259080
0 260102 32 0 1788978092 260408
0 260108 39 0 1788978092 260607
0 260129 39 0 1788978092 261296
0 260132 34 0 1788978092 261395
0 260133 62 0 1788978092 261458
0 260134 57 0 1788978092 261519
0 260143 37 0 1788978092 261909
0 260197 75 0 1788978092 264748
0 260234 30 0 1788978092 266261
0 260255 31 0 1788978092 267010
0 260283 31 0 1788978092 267885
0 260311 34 0 1788978092 268769
0 260334 31 0 1788978092 269493
0 260357 31 0 1788978092 270283
0 260402 32 0 1788978092 271755
0 260420 32 0 1788978092 272343
0 260451 32 0 1788978092 273364
0 260461 32 0 1788978092 273712
0 260474 32 0 1788978092 274197
0 260496 37 0 1788978092 275056
0 260535 31 0 1788978092 276347
0 260536 31 0 1788978092 276381
0 260542 31 0 1788978092 276574
0 260548 31 0 1788978092 276775
0 260564 36 0 1788978092 277288
0 260600 37 0 1788978092 278593
0 260613 37 0 1788978092 279094
0 260677 51 0 1788978092 281727
0 260710 32 0 1788978092 282922
0 260716 32 0 1788978092 283123
0 260719 31 0 1788978092 283226
0 260723 31 0 1788978092 283358
0 260741 32 0 1788978092 283961
0 260765 33 0 1788978092 284794
0 260782 32 0 1788978092 285383
0 260804 39 0 1788978092 286229
0 260844 41 0 1788978092 287980
0 260847 44 0 1788978092 288115
0 260849 45 0 1788978092 288208
0 260857 45 0 1788978092 288548
0 260889 41 0 1788978092 289995
0 260893 41 0 1788978092 290175
0 260917 46 0 1788978092 291199
0 260933 42 0 1788978092 291932
0 260958 42 0 1788978092 293030
0 260976 43 0 1788978092 293858
0 260982 43 0 1788978092 294133
0 261005 40 0 1788978092 295205
0 261017 45 0 1788978092 295746
0 261026 63 0 1788978092 296702
0 261039 42 0 1788978092 297372
0 261050 49 0 1788978092 298004
0 261060 49 0 1788978092 298503
0 261090 32 0 1788978092 300581
0 261094 34 0 1788978092 301041
0 261107 33 0 1788978092 301940
0 261114 177 0 1788978092 302463
0 261124 41 0 1788978092 302845
0 261135 32 0 1788978092 303226
0 261169 32 0 1788978092 304434
0 261177 33 0 1788978092 304709
0 261191 32 0 1788978092 305175
0 261209 33 0 1788978092 305810
0 261215 34 0 1788978092 306031
0 261236 33 0 1788978092 306778
0 261237 33 0 1788978092 306812
0 261311 67 0 1788978092 309635
0 261322 32 0 1788978092 310020
0 261334 33 0 1788978092 310436
0 261374 38 0 1788978092 311846
0 261386 32 0 1788978092 312302
0 261392 41 0 1788978092 312531
0 261394 33 0 1788978092 312601
0 261396 35 0 1788978092 312689
0 261404 32 0 1788978092 312951
0 261419 38 0 1788978092 313457
0 261423 35 0 1788978092 313594
0 261431 33 0 1788978092 313891
0 261433 33 0 1788978092 313959
0 261445 34 0 1788978092 314353
0 261461 38 0 1788978092 315098
0 261499 47 0 1788978092 316856
0 261524 35 0 1788978092 318025
0 261529 36 0 1788978092 318210
0 261532 46 0 1788978092 318325
0 261538 40 0 1788978092 318582
0 261566 32 0 1788978092 319723
0 261569 33 0 1788978092 319829
0 261579 32 0 1788978092 320154
0 261609 32 0 1788978092 321140
0 261627 31 0 1788978092 321756
0 261629 36 0 1788978092 321826
0 261644 34 0 1788978092 322322
0 261647 33 0 1788978092 322423
0 261654 35 0 1788978092 322666
0 261660 32 0 1788978092 322861
0 261693 35 0 1788978092 323951
0 261698 35 0 1788978092 324120
0 261724 32 0 1788978092 324984
0 261745 33 0 1788978092 325707
0 261770 33 0 1788978092 326597
0 261790 34 0 1788978092 327282
0 261802 33 0 1788978092 327701
0 261838 38 0 1788978092 329052
0 261852 36 0 1788978092 329563
0 261913 51 0 1788978092 331865
0 261966 49 0 1788978092 334129
0 262004 33 0 1788978092 335855
0 262026 32 0 1788978092 336607
0 262030 32 0 1788978092 336761
0 262039 45 0 1788978092 337128
0 262097 40 0 1788978092 339192
0 262102 32 0 1788978092 339373
0 262106 33 0 1788978092 339505
0 262110 44 0 1788978092 339653
0 262123 32 0 1788978092 340087
0 262146 32 0 1788978092 340881
0 262176 49 0 1788978092 341948
0 262215 33 0 1788978092 343404
0 262223 34 0 1788978092 343687
0 262244 81 0 1788978092 344469
0 262267 33 0 1788978092 345293
0 262268 33 0 1788978092 345329
0 262281 41 0 1788978092 345845
0 262298 33 0 1788978092 346419
0 262312 32 0 1788978092 346907
0 262329 33 0 1788978092 347472
0 262332 43 0 1788978092 347585
0 262347 32 0 1788978092 348106
0 262362 50 0 1788978092 348627
0 262436 33 0 1788978092 351188
0 262491 36 0 1788978092 353237
0 262496 33 0 1788978092 353407
0 262526 32 0 1788978092 354589
0 262528 41 0 1788978092 354687
0 262565 37 0 1788978092 355996
0 262589 32 0 1788978092 356823
0 262592 35 0 1788978092 356929
0 262599 32 0 1788978092 357159
0 262603 33 0 1788978092 357290
0 262604 35 0 1788978092 357327
0 262610 32 0 1788978092 357522
0 262630 32 0 1788978092 358197
0 262637 34 0 1788978092 358429
0 262640 32 0 1788978092 358529
0 262663 44 0 1788978092 359491
0 262687 34 0 1788978092 360375
0 262690 34 0 1788978092 360482
0 262697 35 0 1788978092 360775
0 262709 46 0 1788978092 361393
0 262721 32 0 1788978092 361895
0 262737 37 0 1788978092 362455
0 262758 33 0 1788978092 363261
0 262767 32 0 1788978092 363562
0 262777 32 0 1788978092 363891
0 262855 31 0 1788978092 367257
0 262879 33 0 1788978092 368206
0 262882 36 0 1788978092 368312
0 262888 35 0 1788978092 368535
0 262894 48 0 1788978092 368801
0 262914 32 0 1788978092 369456
0 262917 32 0 1788978092 369555
0 262931 32 0 1788978092 370107
0 262941 33 0 1788978092 370432
0 262973 33 0 1788978092 371486
0 262980 37 0 1788978092 371753
0 262983 34 0 1788978092 371866
0 262990 32 0 1788978092 372093
0 263002 32 0 1788978092 372507
0 263050 32 0 1788978092 374131
0 263060 33 0 1788978092 374457
0 263062 33 0 1788978092 374523
0 263083 32 0 1788978092 375236
0 263092 33 0 1788978092 375530
0 263107 36 0 1788978092 376042
0 263131 47 0 1788978092 377100
0 263140 33 0 1788978092 377403
0 263155 33 0 1788978092 378002
0 263187 33 0 1788978092 379155
0 263242 33 0 1788978092 381074
0 263271 36 0 1788978092 382109
0 263272 34 0 1788978092 382145
0 263282 33 0 1788978092 382520
0 263292 32 0 1788978092 382886
0 263307 33 0 1788978092 383387
0 263373 39 0 1788978092 385709
0 263374 45 0 1788978092 385756
0 263404 33 0 1788978092 386842
0 263440 33 0 1788978092 388132
0 263480 32 0 1788978092 389584
0 263524 37 0 1788978092 391095
0 263589 32 0 1788978092 393358
0 263605 44 0 1788978092 394139
0 263650 34 0 1788978092 396187
0 263660 33 0 1788978092 396529
0 263696 33 0 1788978092 397847
0 263758 32 0 1788978092 399929
0 263765 33 0 1788978092 400156
0 263779 34 0 1788978092 400694
0 263781 33 0 1788978092 400763
0 263811 32 0 1788978092 401789
0 263818 32 0 1788978092 402019
0 263829 38 0 1788978092 402436
0 263831 32 0 1788978092 402505
0 263847 34 0 1788978092 403051
0 263854 38 0 1788978092 403325
0 263866 45 0 1788978092 403951
0 263886 45 0 1788978092 404860
0 263892 44 0 1788978092 405128
0 263898 44 0 1788978092 405396
0 263904 46 0 1788978092 405671
0 263907 44 0 1788978092 405806
0 263931 44 0 1788978092 406893
0 263957 44 0 1788978092 408060
0 263980 44 0 1788978092 409098
0 264020 44 0 1788978092 410889
0 264041 62 0 1788978092 411983
0 264048 45 0 1788978092 412313
0 264057 42 0 1788978092 412625
0 264058 36 0 1788978092 412663
0 264059 32 0 1788978092 412697
0 264066 31 0 1788978092 412915
0 264077 31 0 1788978092 413258
0 264078 31 0 1788978092 413290
0 264140 31 0 1788978092 415252
0 264180 31 0 1788978092 416535
0 264237 32 0 1788978092 418374
0 264269 35 0 1788978092 419463
0 264284 35 0 1788978092 419964
0 264307 32 0 1788978092 420729
0 264358 31 0 1788978092 422375
0 264375 32 0 1788978092 422988
0 264389 32 0 1788978092 423430
0 264399 31 0 1788978092 423751
0 264440 32 0 1788978092 425062
0 264457 36 0 1788978092 425615
0 264465 34 0 1788978092 425907
0 264472 31 0 1788978092 426132
0 264476 35 0 1788978092 426268
0 264484 32 0 1788978092 426524
0 264515 32 0 1788978092 427557
0 264541 41 0 1788978092 428462
0 264551 45 0 1788978092 428967
0 264602 32 0 1788978092 430678
0 264603 31 0 1788978092 430711
0 264617 31 0 1788978092 431165
0 264631 30 0 1788978092 431601
0 264727 31 0 1788978092 434772
0 264758 31 0 1788978092 435761
0 264767 32 0 1788978092 436065
0 264818 31 0 1788978092 437738
0 264819 32 0 1788978092 437772
0 264839 35 0 1788978092 438413
0 264887 37 0 1788978092 440056
0 264893 32 0 1788978092 440253
0 264899 35 0 1788978092 440455
0 264902 33 0 1788978092 440557
0 264933 31 0 1788978092 441734
0 264952 46 0 1788978092 442477
0 264959 44 0 1788978092 442803
0 264970 56 0 1788978092 443320
0 264974 46 0 1788978092 443580
0 264982 69 0 1788978092 443936
0 265022 31 0 1788978092 445275
0 265036 31 0 1788978092 445727
0 265098 32 0 1788978092 447734
0 265099 32 0 1788978092 447767
0 265154 32 0 1788978092 449773
0 265205 31 0 1788978092 451489
0 265252 33 0 1788978092 453178
0 265262 34 0 1788978092 453521
0 265266 35 0 1788978092 453669
0 265285 32 0 1788978092 454311
0 265302 32 0 1788978092 454991
0 265307 47 0 1788978092 455220
0 265344 34 0 1788978092 456605
0 265356 31 0 1788978092 457083
0 265362 32 0 1788978092 457274
0 265374 40 0 1788978092 457676
0 265398 31 0 1788978092 458440
0 265407 40 0 1788978092 458812
0 265424 31 0 1788978092 459456
0 265439 33 0 1788978092 459981
0 265447 32 0 1788978092 460242
0 265455 32 0 1788978092 460497
0 265465 34 0 1788978092 460832
0 265480 36 0 1788978092 461316
0 265483 32 0 1788978092 461418
0 265489 50 0 1788978092 461638
0 265514 32 0 1788978092 462446
0 265545 31 0 1788978092 463508
0 265568 32 0 1788978092 464291
0 265593 32 0 1788978092 465110
0 265600 31 0 1788978092 465332
0 265677 32 0 1788978092 467913
0 265752 32 0 1788978092 470375
0 265754 37 0 1788978092 470446
0 265769 32 0 1788978092 470943
0 265775 32 0 1788978092 471151
0 265783 33 0 1788978092 471411
0 265785 34 0 1788978092 471485
0 265796 32 0 1788978092 471882
0 265819 31 0 1788978092 472647
0 265843 32 0 1788978092 473445
0 265846 31 0 1788978092 473544
0 265852 31 0 1788978092 473756
0 265864 37 0 1788978092 474145
0 265886 32 0 1788978092 474882
0 265905 32 0 1788978092 475503
0 265946 41 0 1788978092 476853
0 265951 31 0 1788978092 477019
0 265961 34 0 1788978092 477344
0 265970 37 0 1788978092 477682
0 265974 35 0 1788978092 477834
0 266014 32 0 1788978092 479306
0 266029 35 0 1788978092 479853
0 266041 32 0 1788978092 480255
0 266052 37 0 1788978092 480618
0 266054 33 0 1788978092 480697
0 266058 34 0 1788978092 480829
0 266081 32 0 1788978092 481576
0 266084 33 0 1788978092 481683
0 266146 32 0 1788978092 483838
0 266147 31 0 1788978092 483872
0 266169 44 0 1788978092 484621
0 266181 30 0 1788978092 485017
0 266205 30 0 1788978092 485788
0 266208 31 0 1788978092 485886
0 266222 36 0 1788978092 486369
0 266238 40 0 1788978092 487068
0 266242 38 0 1788978092 487214
0 266286 36 0 1788978092 488625
0 266373 30 0 1788978092 491349
0 266389 32 0 1788978092 492003
0 266404 63 0 1788978092 492503
0 266412 30 0 1788978092 492798
0 266428 30 0 1788978092 493291
0 266439 42 0 1788978092 493638
0 266484 32 0 1788978092 495176
0 266506 38 0 1788978092 496095
0 266530 37 0 1788978092 497034
0 266559 31 0 1788978092 498122
0 266570 30 0 1788978092 498506
0 266577 30 0 1788978092 498732
0 266625 30 0 1788978092 500333
0 266672 30 0 1788978092 501885
0 266675 31 0 1788978092 501982
0 266694 36 0 1788978092 502674
0 266697 37 0 1788978092 502775
0 266727 44 0 1788978092 503896
0 266732 44 0 1788978092 504129
0 266737 54 0 1788978092 504516
0 266768 53 0 1788978092 506509
0 266782 44 0 1788978092 507412
0 266795 43 0 1788978092 508302
0 266825 61 0 1788978092 509996
0 266864 61 0 1788978092 512397
0 266865 70 0 1788978092 512470
0 266871 54 0 1788978092 512799
0 266903 39 0 1788978092 514516
0 266929 43 0 1788978092 515756
0 266944 37 0 1788978092 516392
0 266953 37 0 1788978092 516765
0 267010 48 0 1788978092 519157
0 267012 43 0 1788978092 519248
0 267019 43 0 1788978092 519550
0 267036 42 0 1788978092 520329
0 267102 71 0 1788978092 523409
0 267138 41 0 1788978092 525202
0 267153 34 0 1788978092 525940
0 267184 41 0 1788978092 527182
0 267188 30 0 1788978092 527308
0 267201 30 0 1788978092 527760
0 267208 31 0 1788978092 527993
0 267219 31 0 1788978092 528328
0 267229 36 0 1788978092 528667
0 267236 33 0 1788978092 529025
0 267254 45 0 1788978092 529867
0 267259 30 0 1788978092 530024
0 267295 30 0 1788978092 531353
0 267335 43 0 1788978092 532779
0 267340 36 0 1788978092 532970
0 267351 38 0 1788978092 533487
0 267377 43 0 1788978092 534444
0 267381 33 0 1788978092 534587
0 267421 43 0 1788978092 536548
0 267424 94 0 1788978092 536765
0 267428 77 0 1788978092 536986
0 267439 43 0 1788978092 537565
0 267457 33 0 1788978092 538460
0 267464 31 0 1788978092 538704
0 267512 66 0 1788978092 540890
0 267546 39 0 1788978092 542708
0 267577 38 0 1788978092 544147
0 267584 33 0 1788978092 544459
0 267594 36 0 1788978092 544846
0 267622 31 0 1788978092 545927
0 267635 35 0 1788978092 546392
0 267675 34 0 1788978092 547901
0 267710 33 0 1788978092 549201
0 267763 31 0 1788978092 551087
0 267785 42 0 1788978092 551904
0 267791 38 0 1788978092 552149
0 267798 31 0 1788978092 552431
0 267804 39 0 1788978092 552627
0 267809 38 0 1788978092 552803
0 267824 30 0 1788978092 553280
0 267827 63 0 1788978092 553406
0 267843 31 0 1788978092 553962
0 267852 31 0 1788978092 554268
0 267858 30 0 1788978092 554453
0 267902 31 0 1788978092 555853
0 267914 31 0 1788978092 556232
0 267949 31 0 1788978092 557353
0 267999 45 0 1788978092 559171
0 268013 42 0 1788978092 559903
0 268020 40 0 1788978092 560194
0 268023 35 0 1788978092 560316
0 268027 34 0 1788978092 560444
0 268031 30 0 1788978092 560569
0 268064 32 0 1788978092 561724
0 268066 32 0 1788978092 561789
0 268085 32 0 1788978092 562463
0 268109 35 0 1788978092 563251
0 268117 31 0 1788978092 563514
0 268163 31 0 1788978092 565044
0 268237 41 0 1788978092 567450
0 268292 32 0 1788978092 569363
0 268301 38 0 1788978092 569704
0 268325 38 0 1788978092 570515
0 268334 46 0 1788978092 570868
0 268348 33 0 1788978092 571437
0 268357 32 0 1788978092 571754
0 268366 40 0 1788978092 572152
0 268401 31 0 1788978092 574093
0 268406 30 0 1788978092 574251
0 268434 31 0 1788978092 575122
0 268436 30 0 1788978092 575184
0 268451 46 0 1788978092 575670
0 268499 31 0 1788978092 577430
0 268503 32 0 1788978092 577567
0 268513 33 0 1788978092 577946
0 268545 31 0 1788978092 579022
0 268547 31 0 1788978092 579087
0 268570 33 0 1788978092 579906
0 268593 31 0 1788978092 580727
0 268599 31 0 1788978092 580919
0 268603 31 0 1788978092 581046
0 268630 32 0 1788978092 581927
0 268631 34 0 1788978092 581962
0 268638 37 0 1788978092 582189
0 268646 39 0 1788978092 582588
0 268656 32 0 1788978092 583004
0 268724 31 0 1788978092 585375
0 268750 35 0 1788978092 586302
0 268768 47 0 1788978092 586937
0 268792 40 0 1788978092 588034
0 268806 44 0 1788978092 588779
0 268837 43 0 1788978092 590140
0 268841 43 0 1788978092 590314
0 268854 43 0 1788978092 590899
0 268897 31 0 1788978092 592511
0 268994 31 0 1788978092 595833
0 269054 32 0 1788978092 597764
0 269097 32 0 1788978092 599143
0 269137 37 0 1788978092 600437
0 269213 41 0 1788978092 603162
0 269221 32 0 1788978092 603444
0 269235 32 0 1788978092 603942
0 269247 32 0 1788978092 604328
0 269281 31 0 1788978092 605458
0 269306 31 0 1788978092 606276
0 269322 32 0 1788978092 606810
0 269345 31 0 1788978092 607556
0 269347 45 0 1788978092 607634
0 269352 32 0 1788978092 607805
0 269408 47 0 1788978092 609652
0 269417 45 0 1788978092 609994
0 269434 34 0 1788978092 610568
0 269552 32 0 1788978092 614888
0 269577 41 0 1788978092 615738
0 269581 45 0 1788978092 615909
0 269621 30 0 1788978092 617203
0 269626 58 0 1788978092 617383
0 269639 30 0 1788978092 617809
0 269650 39 0 1788978092 618186
0 269678 30 0 1788978092 619105
0 269681 30 0 1788978092 619198
0 269696 32 0 1788978092 619668
0 269709 30 0 1788978092 620115
0 269727 30 0 1788978092 620704
0 269763 32 0 1788978092 621844
0 269774 30 0 1788978092 622184
0 269797 43 0 1788978092 623083
0 269820 32 0 1788978092 624045
0 269833 31 0 1788978092 624504
0 269856 35 0 1788978092 625565
0 269866 30 0 1788978092 625890
0 269873 30 0 1788978092 626100
0 269880 48 0 1788978092 626357
0 269896 41 0 1788978092 627038
0 269904 41 0 1788978092 627374
0 269941 43 0 1788978092 628962
0 269944 42 0 1788978092 629090
0 269950 40 0 1788978092 629341
0 269990 41 0 1788978092 631033
0 270032 41 0 1788978092 632846
0 270052 42 0 1788978092 633689
0 270063 41 0 1788978092 634154
0 270064 46 0 1788978092 634201
0 270082 41 0 1788978092 635007
0 270085 41 0 1788978092 635135
0 270105 40 0 1788978092 636010
0 270110 73 0 1788978092 636252
0 270115 37 0 1788978092 636455
0 270123 31 0 1788978092 636769
0 270155 31 0 1788978092 637853
0 270156 31 0 1788978092 637887
0 270161 31 0 1788978092 638052
0 270170 31 0 1788978092 638337
0 270191 30 0 1788978092 639015
0 270246 35 0 1788978092 640773
0 270274 32 0 1788978092 641694
0 270345 41 0 1788978092 644340
0 270350 41 0 1788978092 644550
0 270362 41 0 1788978092 645091
0 270384 41 0 1788978092 646040
0 270404 42 0 1788978092 646897
0 270411 41 0 1788978092 647198
0 270425 42 0 1788978092 647815
0 270438 41 0 1788978092 648368
0 270447 42 0 1788978092 648770
0 270496 31 0 1788978092 650837
0 270499 31 0 1788978092 650936
0 270523 31 0 1788978092 651793
0 270558 30 0 1788978092 652922
0 270561 30 0 1788978092 653014
0 270585 31 0 1788978092 653797
0 270596 34 0 1788978092 654143
0 270629 31 0 1788978092 655278
0 270660 31 0 1788978092 656262
0 270663 31 0 1788978092 656356
0 270674 34 0 1788978092 656711
0 270677 31 0 1788978092 656805
0 270687 30 0 1788978092 657120
0 270698 31 0 1788978092 657468
0 270710 32 0 1788978092 657896
0 270716 32 0 1788978092 658104
0 270720 31 0 1788978092 658229
0 270723 40 0 1788978092 658356
0 270739 43 0 1788978092 659017
0 270744 36 0 1788978092 659209
0 270766 32 0 1788978092 660148
0 270777 31 0 1788978092 660702
0 270780 41 0 1788978092 660823
0 270782 75 0 1788978092 660966
0 270787 31 0 1788978092 661151
0 270803 35 0 1788978092 661654
0 270824 29 0 1788978092 662289
0 270828 29 0 1788978092 662410
0 270852 31 0 1788978092 663152
0 270864 31 0 1788978092 663513
0 270900 50 0 1788978092 664648
0 270903 30 0 1788978092 664743
0 270929 31 0 1788978092 665534
0 270936 31 0 1788978092 665766
0 270973 31 0 1788978092 666919
0 270978 30 0 1788978092 667074
0 270985 31 0 1788978092 667292
0 270988 30 0 1788978092 667385
0 270995 47 0 1788978092 667649
0 271014 31 0 1788978092 668248
0 271026 50 0 1788978092 668647
0 271079 30 0 1788978092 670385
0 271089 31 0 1788978092 670716
0 271092 31 0 1788978092 670809
0 271114 31 0 1788978092 671602
0 271152 31 0 1788978092 672823
0 271157 36 0 1788978092 672984
0 271167 36 0 1788978092 673305
0 271196 40 0 1788978092 674302
0 271206 50 0 1788978092 674640
0 271210 33 0 1788978092 674805
0 271232 31 0 1788978092 675482
0 271236 31 0 1788978092 675606
0 271260 30 0 1788978092 676365
0 271349 31 0 1788978092 679234
0 271361 33 0 1788978092 679656
0 271364 34 0 1788978092 679754
0 271372 30 0 1788978092 680005
0 271378 30 0 1788978092 680195
0 271408 30 0 1788978092 681169
0 271413 31 0 1788978092 681327
0 271415 31 0 1788978092 681390
0 271425 31 0 1788978092 681718
0 271428 30 0 1788978092 681812
0 271441 31 0 1788978092 682228
0 271457 31 0 1788978092 682747
0 271493 35 0 1788978092 683940
0 271498 33 0 1788978092 684102
0 271508 38 0 1788978092 684453
0 271518 33 0 1788978092 684804
0 271541 30 0 1788978092 685568
0 271559 29 0 1788978092 686157
0 271568 29 0 1788978092 686427
0 271571 30 0 1788978092 686518
0 271646 32 0 1788978092 689114
0 271651 30 0 1788978092 689269
0 271652 30 0 1788978092 689300
0 271659 30 0 1788978092 689512
0 271691 30 0 1788978092 690501
0 271749 31 0 1788978092 692317
0 271750 30 0 1788978092 692349
0 271754 31 0 1788978092 692473
0 271791 40 0 1788978092 693638
0 271820 30 0 1788978092 694597
0 271830 29 0 1788978092 694901
0 271846 30 0 1788978092 695376
0 271850 44 0 1788978092 695517
0 271866 40 0 1788978092 696169
0 271889 40 0 1788978092 697119
0 271913 40 0 1788978092 698096
0 271937 39 0 1788978092 699078
0 271946 39 0 1788978092 699444
0 271950 40 0 1788978092 699606
0 272002 40 0 1788978092 701747
0 272006 44 0 1788978092 701916
0 272053 40 0 1788978092 703886
0 272062 43 0 1788978092 704262
0 272065 43 0 1788978092 704387
0 272123 29 0 1788978092 706451
0 272140 29 0 1788978092 706955
0 272172 30 0 1788978092 707942
0 272210 30 0 1788978092 709137
0 272296 30 0 1788978092 712001
0 272317 42 0 1788978092 712659
0 272377 33 0 1788978092 714468
0 272393 28 0 1788978092 714943
0 272394 29 0 1788978092 714974
0 272416 35 0 1788978092 715635
0 272484 29 0 1788978092 717796
0 272502 35 0 1788978092 718459
0 272513 30 0 1788978092 718964
0 272515 30 0 1788978092 719027
0 272517 63 0 1788978092 719123
0 272528 35 0 1788978092 719602
0 272560 40 0 1788978092 721086
0 272563 70 0 1788978092 721254
0 272576 40 0 1788978092 722001
0 272601 40 0 1788978092 723054
0 272607 63 0 1788978092 723335
0 272641 50 0 1788978092 724628
0 272655 51 0 1788978092 725161
0 272662 60 0 1788978092 725521
0 272704 29 0 1788978092 727092
0 272730 29 0 1788978092 727928
0 272735 29 0 1788978092 728078
0 272747 34 0 1788978092 728436
0 272800 30 0 1788978092 730246
0 272838 32 0 1788978092 731442
0 272839 30 0 1788978092 731475
0 272861 30 0 1788978092 732178
0 272887 31 0 1788978092 733001
0 272899 29 0 1788978092 733366
0 272929 29 0 1788978092 734263
0 272939 29 0 1788978092 734558
0 272944 30 0 1788978092 734725
0 272983 30 0 1788978092 735917
0 273014 30 0 1788978092 736877
0 273052 36 0 1788978092 738218
0 273061 30 0 1788978092 738542
0 273082 30 0 1788978092 739250
0 273088 29 0 1788978092 739435
0 273166 29 0 1788978092 742154
0 273215 40 0 1788978092 743892
0 273231 40 0 1788978092 744542
0 273313 40 0 1788978092 747789
0 273333 40 0 1788978092 748598
0 273359 52 0 1788978092 749676
0 273362 30 0 1788978092 749771
0 273366 29 0 1788978092 749890
0 273370 53 0 1788978092 750042
0 273383 31 0 1788978092 750557
0 273385 46 0 1788978092 750636
0 273390 30 0 1788978092 750814
0 273393 29 0 1788978092 750907
0 273410 30 0 1788978092 751417
0 273428 31 0 1788978092 751990
0 273432 30 0 1788978092 752110
0 273452 30 0 1788978092 752728
0 273471 31 0 1788978092 753313
0 273511 29 0 1788978092 754535
0 273525 32 0 1788978092 754984
0 273540 30 0 1788978092 755441
0 273547 32 0 1788978092 755673
0 273565 30 0 1788978092 756206
0 273597 30 0 1788978092 757232
0 273605 29 0 1788978092 757465
0 273650 30 0 1788978092 758888
0 273672 28 0 1788978092 759543
0 273691 30 0 1788978092 760126
0 273700 29 0 1788978092 760390
0 273747 33 0 1788978092 761842
0 273760 30 0 1788978092 762251
0 273766 29 0 1788978092 762431
0 273810 30 0 1788978092 763761
0 273823 30 0 1788978092 764148
0 273861 32 0 1788978092 765305
0 273942 30 0 1788978092 767796
0 273976 30 0 1788978092 768975
0 273981 29 0 1788978092 769162
0 274052 44 0 1788978092 771484
0 274070 31 0 1788978092 772406
0 274102 30 0 1788978092 773478
0 274122 30 0 1788978092 774101
0 274128 30 0 1788978092 774280
0 274131 31 0 1788978092 774371
0 274143 41 0 1788978092 774867
0 274174 40 0 1788978092 776143
0 274193 32 0 1788978092 776888
0 274228 30 0 1788978092 777961
0 274252 29 0 1788978092 778772
0 274310 41 0 1788978092 780619
0 274325 29 0 1788978092 781087
0 274359 29 0 1788978092 782156
0 274373 29 0 1788978092 782596
0 274400 56 0 1788978092 783629
0 274415 40 0 1788978092 784256
0 274416 40 0 1788978092 784298
0 274435 30 0 1788978092 785073
0 274442 30 0 1788978092 785291
0 274461 29 0 1788978092 785875
0 274476 29 0 1788978092 786329
0 274495 31 0 1788978092 786949
0 274512 30 0 1788978092 787501
0 274526 29 0 1788978092 787939
0 274531 30 0 1788978092 788088
0 274550 33 0 1788978092 788664
0 274555 30 0 1788978092 788812
0 274575 30 0 1788978092 789415
0 274610 29 0 1788978092 790479
0 274614 29 0 1788978092 790597
0 274616 30 0 1788978092 790668
0 274668 65 0 1788978092 792294
0 274676 30 0 1788978092 792551
0 274680 31 0 1788978092 792688
0 274687 29 0 1788978092 792899
0 274721 30 0 1788978092 793977
0 274723 35 0 1788978092 794043
0 274761 45 0 1788978092 795283
0 274814 46 0 1788978092 796949
0 274831 54 0 1788978092 797631
0 274844 41 0 1788978092 798183
0 274862 31 0 1788978092 798841
0 274875 30 0 1788978092 799329
0 274896 43 0 1788978092 800159
0 274910 35 0 1788978092 800614
0 274915 33 0 1788978092 800784
0 274927 76 0 1788978092 801206
0 274945 30 0 1788978092 801910
0 274951 32 0 1788978092 802093
0 274970 35 0 1788978092 802698
0 275031 30 0 1788978092 804561
0 275036 36 0 1788978092 804779
0 275063 41 0 1788978092 805635
0 275079 29 0 1788978092 806113
0 275098 37 0 1788978092 806796
0 275107 46 0 1788978092 807119
0 275110 32 0 1788978092 807240
0 275115 44 0 1788978092 807469
0 275157 35 0 1788978092 809004
0 275207 29 0 1788978092 810594
0 275257 57 0 1788978092 812160
0 275267 31 0 1788978092 812474
0 275283 39 0 1788978092 813157
0 275318 30 0 1788978092 814537
0 275332 31 0 1788978092 814965
0 275377 31 0 1788978092 816384
0 275395 29 0 1788978092 816934
0 275398 29 0 1788978092 817024
0 275403 31 0 1788978092 817192
0 275432 29 0 1788978092 818050
0 275451 52 0 1788978092 818632
0 275487 29 0 1788978092 819760
0 275495 30 0 1788978092 820014
0 275526 28 0 1788978092 821017
0 275547 31 0 1788978092 821674
0 275576 33 0 1788978092 822533
0 275584 29 0 1788978092 822776
0 275617 29 0 1788978092 823768
0 275679 29 0 1788978092 825793
0 275680 35 0 1788978092 825830
0 275714 35 0 1788978092 826910
0 275758 29 0 1788978092 828258
0 275785 34 0 1788978092 829093
0 275862 36 0 1788978092 832025
0 275893 30 0 1788978092 833114
0 275902 72 0 1788978092 833424
0 275907 56 0 1788978092 833654
0 275918 32 0 1788978092 834022
0 275925 29 0 1788978092 834235
0 275961 30 0 1788978092 835339
0 275968 29 0 1788978092 835546
0 275980 31 0 1788978092 835921
0 275988 32 0 1788978092 836167
0 276019 29 0 1788978092 837112
0 276056 30 0 1788978092 838466
0 276063 31 0 1788978092 838708
0 276082 29 0 1788978092 839290
0 276132 29 0 1788978092 840902
0 276140 29 0 1788978092 841169
0 276146 31 0 1788978092 841361
0 276148 46 0 1788978092 841439
0 276159 32 0 1788978092 841812
0 276178 32 0 1788978092 842421
0 276205 33 0 1788978092 843307
0 276206 31 0 1788978092 843339
0 276211 30 0 1788978092 843499
0 276223 30 0 1788978092 843906
0 276230 30 0 1788978092 844117
0 276233 30 0 1788978092 844207
0 276275 32 0 1788978092 845504
0 276284 30 0 1788978092 845810
0 276285 30 0 1788978092 845842
0 276290 29 0 1788978092 845991
