build-components: m1 selects 9 component packages across 2 workspaces
   Compiling proc-macro2 v1.0.107
   Compiling unicode-ident v1.0.24
   Compiling quote v1.0.47
   Compiling zmij v1.0.23
   Compiling serde_core v1.0.229
   Compiling serde_json v1.0.151
   Compiling itoa v1.0.18
   Compiling memchr v2.8.3
   Compiling foldhash v0.2.0
   Compiling hashbrown v0.17.1
   Compiling syn v3.0.4
   Compiling equivalent v1.0.2
   Compiling anyhow v1.0.104
   Compiling semver v1.0.28
   Compiling bitflags v2.13.1
   Compiling syn v2.0.119
   Compiling serde_derive v1.0.229
   Compiling indexmap v2.14.0
   Compiling serde v1.0.229
   Compiling wasmparser v0.258.0
   Compiling prettyplease v0.2.37
   Compiling log v0.4.34
   Compiling leb128fmt v0.1.0
   Compiling id-arena v2.3.0
   Compiling typenum v1.20.1
   Compiling hybrid-array v0.4.14
   Compiling wit-bindgen-rust v0.61.1
   Compiling heck v0.5.0
   Compiling wit-bindgen-rust-macro v0.61.1
   Compiling block-buffer v0.12.1
   Compiling crypto-common v0.2.2
   Compiling const-oid v0.10.2
   Compiling autocfg v1.5.1
   Compiling wit-bindgen v0.61.1
   Compiling num-traits v0.2.19
   Compiling digest v0.11.3
   Compiling cfg-if v1.0.4
   Compiling sha2 v0.11.0
   Compiling serde_derive_internals v0.29.1
   Compiling wit-parser v0.258.0
   Compiling wasm-encoder v0.258.0
   Compiling chrono v0.4.45
   Compiling wasm-metadata v0.258.0
   Compiling schemars v0.8.22
   Compiling schemars_derive v0.8.22
   Compiling wit-component v0.258.0
   Compiling wit-bindgen-core v0.61.1
   Compiling deunicode v1.6.2
   Compiling dyn-clone v1.0.20
   Compiling slug v0.1.6
   Compiling uuid v1.26.0
   Compiling wamn-execution-contract v0.1.0 (/home/kaalin/.cache/wamn-lanes/ctc8-15-5-session-client-20260910/components/execution/contract)
   Compiling jmespath v0.3.0
   Compiling futures-task v0.3.34
   Compiling futures-core v0.3.34
   Compiling pin-project-lite v0.2.17
   Compiling slab v0.4.12
   Compiling futures-util v0.3.34
   Compiling lazy_static v1.5.0
   Compiling base64 v0.22.1
   Compiling wamn-event-wire v0.1.0 (/home/kaalin/.cache/wamn-lanes/ctc8-15-5-session-client-20260910/components/events/wire)
   Compiling futures-executor v0.3.34
   Compiling wamn-event-reg v0.1.0 (/home/kaalin/.cache/wamn-lanes/ctc8-15-5-session-client-20260910/components/events/registration)
   Compiling wamn-materializer v0.1.0 (/home/kaalin/.cache/wamn-lanes/ctc8-15-5-session-client-20260910/components/events/materializer)
   Compiling wamn-postgres-statements v0.1.0 (/home/kaalin/.cache/wamn-lanes/ctc8-15-5-session-client-20260910/components/data/postgres-statements)
   Compiling wamn-wms-data-access v0.1.0 (/home/kaalin/.cache/wamn-lanes/ctc8-15-5-session-client-20260910/components/data/wms-data)
   Compiling wamn-receiving-data-access v0.1.0 (/home/kaalin/.cache/wamn-lanes/ctc8-15-5-session-client-20260910/components/data/receiving-data)
   Compiling wamn-client-acme-receiving-data-access v0.1.0 (/home/kaalin/.cache/wamn-lanes/ctc8-15-5-session-client-20260910/components/data/client-acme-receiving-data)
   Compiling materializer v0.1.0 (/home/kaalin/.cache/wamn-lanes/ctc8-15-5-session-client-20260910/components/execution/materializer)
warning: field `adjusted_quantity` is never read
  --> /wamn/components/data/wms-data/../../../packages/wms/generated/wamn/inventory_adjust.rs:12:9
   |
11 | pub(crate) struct FinalizeCommandRow {
   |                   ------------------ field in this struct
12 |     pub adjusted_quantity: Option<wamn_postgres_statements::Numeric>,
   |         ^^^^^^^^^^^^^^^^^
   |
   = note: `FinalizeCommandRow` has a derived impl for the trait `Debug`, but this is intentionally ignored during dead code analysis
   = note: `#[warn(dead_code)]` (part of `#[warn(unused)]`) on by default

warning: field `id` is never read
  --> /wamn/components/data/wms-data/../../../packages/wms/generated/wamn/inventory_adjust.rs:27:9
   |
26 | pub(crate) struct InsertMovementRow {
   |                   ----------------- field in this struct
27 |     pub id: wamn_postgres_statements::Uuid,
   |         ^^
   |
   = note: `InsertMovementRow` has a derived impl for the trait `Debug`, but this is intentionally ignored during dead code analysis

warning: field `location_id` is never read
  --> /wamn/components/data/wms-data/../../../packages/wms/generated/wamn/inventory_adjust.rs:32:9
   |
31 | pub(crate) struct LockPalletRow {
   |                   ------------- field in this struct
32 |     pub location_id: wamn_postgres_statements::Uuid,
   |         ^^^^^^^^^^^
   |
   = note: `LockPalletRow` has a derived impl for the trait `Debug`, but this is intentionally ignored during dead code analysis

warning: field `id` is never read
  --> /wamn/components/data/wms-data/../../../packages/wms/generated/wamn/inventory_adjust.rs:39:9
   |
38 | pub(crate) struct SetQuantityRow {
   |                   -------------- field in this struct
39 |     pub id: wamn_postgres_statements::Uuid,
   |         ^^
   |
   = note: `SetQuantityRow` has a derived impl for the trait `Debug`, but this is intentionally ignored during dead code analysis

warning: fields `id` and `quantity` are never read
 --> /wamn/components/data/wms-data/../../../packages/wms/generated/wamn/inventory_merge.rs:7:9
  |
6 | pub(crate) struct AddToTargetRow {
  |                   -------------- fields in this struct
7 |     pub id: wamn_postgres_statements::Uuid,
  |         ^^
8 |     pub quantity: wamn_postgres_statements::Numeric,
  |         ^^^^^^^^
  |
  = note: `AddToTargetRow` has a derived impl for the trait `Debug`, but this is intentionally ignored during dead code analysis

warning: field `row_version` is never read
  --> /wamn/components/data/wms-data/../../../packages/wms/generated/wamn/inventory_merge.rs:18:9
   |
17 | pub(crate) struct ConsumeSourceRow {
   |                   ---------------- field in this struct
18 |     pub row_version: i64,
   |         ^^^^^^^^^^^
   |
   = note: `ConsumeSourceRow` has a derived impl for the trait `Debug`, but this is intentionally ignored during dead code analysis

warning: field `id` is never read
  --> /wamn/components/data/wms-data/../../../packages/wms/generated/wamn/inventory_merge.rs:37:9
   |
36 | pub(crate) struct InsertMovementRow {
   |                   ----------------- field in this struct
37 |     pub id: wamn_postgres_statements::Uuid,
   |         ^^
   |
   = note: `InsertMovementRow` has a derived impl for the trait `Debug`, but this is intentionally ignored during dead code analysis

warning: field `location_id` is never read
  --> /wamn/components/data/wms-data/../../../packages/wms/generated/wamn/inventory_merge.rs:43:9
   |
41 | pub(crate) struct LockBothPalletsRow {
   |                   ------------------ field in this struct
42 |     pub id: wamn_postgres_statements::Uuid,
43 |     pub location_id: wamn_postgres_statements::Uuid,
   |         ^^^^^^^^^^^
   |
   = note: `LockBothPalletsRow` has a derived impl for the trait `Debug`, but this is intentionally ignored during dead code analysis

warning: fields `id` and `quantity` are never read
  --> /wamn/components/data/wms-data/../../../packages/wms/generated/wamn/inventory_merge.rs:50:9
   |
49 | pub(crate) struct PlaceOnTargetRow {
   |                   ---------------- fields in this struct
50 |     pub id: wamn_postgres_statements::Uuid,
   |         ^^
51 |     pub quantity: wamn_postgres_statements::Numeric,
   |         ^^^^^^^^
   |
   = note: `PlaceOnTargetRow` has a derived impl for the trait `Debug`, but this is intentionally ignored during dead code analysis

warning: field `pallet_status` is never read
  --> /wamn/components/data/wms-data/../../../packages/wms/generated/wamn/inventory_move.rs:12:9
   |
11 | pub(crate) struct FinalizeCommandRow {
   |                   ------------------ field in this struct
12 |     pub pallet_status: Option<String>,
   |         ^^^^^^^^^^^^^
   |
   = note: `FinalizeCommandRow` has a derived impl for the trait `Debug`, but this is intentionally ignored during dead code analysis

warning: field `id` is never read
  --> /wamn/components/data/wms-data/../../../packages/wms/generated/wamn/inventory_move.rs:27:9
   |
26 | pub(crate) struct InsertMovementRow {
   |                   ----------------- field in this struct
27 |     pub id: wamn_postgres_statements::Uuid,
   |         ^^
   |
   = note: `InsertMovementRow` has a derived impl for the trait `Debug`, but this is intentionally ignored during dead code analysis

warning: field `status` is never read
  --> /wamn/components/data/wms-data/../../../packages/wms/generated/wamn/inventory_move.rs:34:9
   |
31 | pub(crate) struct LockPalletRow {
   |                   ------------- field in this struct
...
34 |     pub status: String,
   |         ^^^^^^
   |
   = note: `LockPalletRow` has a derived impl for the trait `Debug`, but this is intentionally ignored during dead code analysis

warning: field `status` is never read
  --> /wamn/components/data/wms-data/../../../packages/wms/generated/wamn/inventory_move.rs:48:9
   |
45 | pub(crate) struct SelectPalletQuantityRow {
   |                   ----------------------- field in this struct
...
48 |     pub status: String,
   |         ^^^^^^
   |
   = note: `SelectPalletQuantityRow` has a derived impl for the trait `Debug`, but this is intentionally ignored during dead code analysis

warning: field `id` is never read
  --> /wamn/components/data/wms-data/../../../packages/wms/generated/wamn/inventory_move.rs:53:9
   |
52 | pub(crate) struct ValidateLocationRow {
   |                   ------------------- field in this struct
53 |     pub id: wamn_postgres_statements::Uuid,
   |         ^^
   |
   = note: `ValidateLocationRow` has a derived impl for the trait `Debug`, but this is intentionally ignored during dead code analysis

warning: fields `id`, `row_version`, and `status` are never read
  --> /wamn/components/data/wms-data/../../../packages/wms/generated/wamn/inventory_split.rs:13:9
   |
12 | pub(crate) struct CreatePalletRow {
   |                   --------------- fields in this struct
13 |     pub id: wamn_postgres_statements::Uuid,
   |         ^^
14 |     pub row_version: i64,
   |         ^^^^^^^^^^^
15 |     pub status: String,
   |         ^^^^^^
   |
   = note: `CreatePalletRow` has a derived impl for the trait `Debug`, but this is intentionally ignored during dead code analysis

warning: field `id` is never read
  --> /wamn/components/data/wms-data/../../../packages/wms/generated/wamn/inventory_split.rs:34:9
   |
33 | pub(crate) struct InsertMovementRow {
   |                   ----------------- field in this struct
34 |     pub id: wamn_postgres_statements::Uuid,
   |         ^^
   |
   = note: `InsertMovementRow` has a derived impl for the trait `Debug`, but this is intentionally ignored during dead code analysis

warning: field `location_id` is never read
  --> /wamn/components/data/wms-data/../../../packages/wms/generated/wamn/inventory_split.rs:39:9
   |
38 | pub(crate) struct LockPalletRow {
   |                   ------------- field in this struct
39 |     pub location_id: wamn_postgres_statements::Uuid,
   |         ^^^^^^^^^^^
   |
   = note: `LockPalletRow` has a derived impl for the trait `Debug`, but this is intentionally ignored during dead code analysis

warning: fields `id` and `quantity` are never read
  --> /wamn/components/data/wms-data/../../../packages/wms/generated/wamn/inventory_split.rs:46:9
   |
45 | pub(crate) struct PlaceQuantityRow {
   |                   ---------------- fields in this struct
46 |     pub id: wamn_postgres_statements::Uuid,
   |         ^^
47 |     pub quantity: wamn_postgres_statements::Numeric,
   |         ^^^^^^^^
   |
   = note: `PlaceQuantityRow` has a derived impl for the trait `Debug`, but this is intentionally ignored during dead code analysis

warning: fields `id` and `quantity` are never read
  --> /wamn/components/data/wms-data/../../../packages/wms/generated/wamn/inventory_split.rs:57:9
   |
56 | pub(crate) struct TakeFromSourceRow {
   |                   ----------------- fields in this struct
57 |     pub id: wamn_postgres_statements::Uuid,
   |         ^^
58 |     pub quantity: wamn_postgres_statements::Numeric,
   |         ^^^^^^^^
   |
   = note: `TakeFromSourceRow` has a derived impl for the trait `Debug`, but this is intentionally ignored during dead code analysis

warning: field `id` is never read
  --> /wamn/components/data/wms-data/../../../packages/wms/generated/wamn/inventory_split.rs:69:9
   |
68 | pub(crate) struct ValidateLocationRow {
   |                   ------------------- field in this struct
69 |     pub id: wamn_postgres_statements::Uuid,
   |         ^^
   |
   = note: `ValidateLocationRow` has a derived impl for the trait `Debug`, but this is intentionally ignored during dead code analysis

warning: constant `REFUSALS` is never used
  --> data/wms-data/src/inventory_adjust.rs:28:18
   |
28 | pub(crate) const REFUSALS: &[AccessErrorKind] = &[
   |                  ^^^^^^^^

warning: constant `REFUSALS` is never used
  --> data/wms-data/src/inventory_aggregate.rs:14:18
   |
14 | pub(crate) const REFUSALS: &[AccessErrorKind] = &[
   |                  ^^^^^^^^

warning: constant `REFUSALS` is never used
  --> data/wms-data/src/inventory_merge.rs:30:18
   |
30 | pub(crate) const REFUSALS: &[AccessErrorKind] = &[
   |                  ^^^^^^^^

warning: constant `REFUSALS` is never used
  --> data/wms-data/src/inventory_move.rs:33:18
   |
33 | pub(crate) const REFUSALS: &[AccessErrorKind] = &[
   |                  ^^^^^^^^

warning: constant `REFUSALS` is never used
  --> data/wms-data/src/inventory_split.rs:29:18
   |
29 | pub(crate) const REFUSALS: &[AccessErrorKind] = &[
   |                  ^^^^^^^^

warning: constant `GET_REFUSALS` is never used
  --> data/wms-data/src/pallet.rs:16:18
   |
16 | pub(crate) const GET_REFUSALS: &[AccessErrorKind] = &[
   |                  ^^^^^^^^^^^^

warning: constant `QUERY_REFUSALS` is never used
  --> data/wms-data/src/pallet.rs:25:18
   |
25 | pub(crate) const QUERY_REFUSALS: &[AccessErrorKind] = &[
   |                  ^^^^^^^^^^^^^^

   Compiling client-acme-receiving v0.1.0 (/home/kaalin/.cache/wamn-lanes/ctc8-15-5-session-client-20260910/components/application/client-acme-receiving)
   Compiling blob-put v0.1.0 (/home/kaalin/.cache/wamn-lanes/ctc8-15-5-session-client-20260910/components/execution/blob-put)
   Compiling http-route v0.1.0 (/home/kaalin/.cache/wamn-lanes/ctc8-15-5-session-client-20260910/components/ingress/http-route)
warning: `wamn-wms-data-access` (lib) generated 27 warnings
   Compiling wms v0.1.0 (/home/kaalin/.cache/wamn-lanes/ctc8-15-5-session-client-20260910/components/application/wms)
   Compiling receiving v0.1.0 (/home/kaalin/.cache/wamn-lanes/ctc8-15-5-session-client-20260910/components/application/receiving)
    Finished `release` profile [optimized] target(s) in 24.16s
   Compiling foldhash v0.1.5
   Compiling wasmparser v0.236.1
   Compiling hashbrown v0.17.1
   Compiling semver v1.0.28
   Compiling hashbrown v0.15.5
   Compiling wasm-encoder v0.236.1
   Compiling unicode-xid v0.2.6
   Compiling id-arena v2.3.0
   Compiling syn v2.0.119
   Compiling serde_core v1.0.229
   Compiling indexmap v2.14.0
   Compiling wit-bindgen-rust v0.44.0
   Compiling wit-bindgen-rt v0.44.0
   Compiling serde_json v1.0.151
   Compiling wit-bindgen-rust-macro v0.44.0
   Compiling bitflags v2.13.1
   Compiling memchr v2.8.3
   Compiling dlmalloc v0.2.14
   Compiling prettyplease v0.2.37
   Compiling label-template v0.1.0 (/home/kaalin/.cache/wamn-lanes/ctc8-15-5-session-client-20260910/components/no-std/label-template)
   Compiling wit-parser v0.236.1
   Compiling wasm-metadata v0.236.1
   Compiling wit-bindgen-core v0.44.0
   Compiling wit-component v0.236.1
   Compiling wit-bindgen v0.44.0
   Compiling label-render v0.1.0 (/home/kaalin/.cache/wamn-lanes/ctc8-15-5-session-client-20260910/components/no-std/label-render)
   Compiling transform v0.1.0 (/home/kaalin/.cache/wamn-lanes/ctc8-15-5-session-client-20260910/components/no-std/transform)
   Compiling http-request v0.1.0 (/home/kaalin/.cache/wamn-lanes/ctc8-15-5-session-client-20260910/components/no-std/http-request)
warning: unused variable: `record`
  --> label-render/src/lib.rs:86:22
   |
86 |             let Some(record) = fields.as_object_mut() else {
   |                      ^^^^^^ help: if this is intentional, prefix it with an underscore: `_record`
   |
   = note: `#[warn(unused_variables)]` (part of `#[warn(unused)]`) on by default

warning: suspicious definition of the runtime `memcmp` symbol used by the standard library
  --> transform/src/../../guest_runtime.rs:60:1
   |
60 | unsafe extern "C" fn memcmp(left: *const u8, right: *const u8, length: usize) -> i32 {
   | ^^^^^^^^^^^^^^^^^^^^^^^^^^^^^^^^^^^^^^^^^^^^^^^^^^^^^^^^^^^^^^^^^^^^^^^^^^^^^^^^^^^^
   |
   = note: expected `unsafe extern "C" fn(*const c_void, *const c_void, usize) -> i32`
           found    `unsafe extern "C" fn(*const u8, *const u8, usize) -> i32`
   = help: either fix the signature or remove any attributes like `#[unsafe(no_mangle)]`, `#[unsafe(export_name = "memcmp")]`, or `#[link_name = "memcmp"]`
   = help: allow this lint if the signature is compatible
   = note: `#[warn(suspicious_runtime_symbol_definitions)]` on by default

warning: suspicious definition of the runtime `memcmp` symbol used by the standard library
  --> label-render/src/../../guest_runtime.rs:60:1
   |
60 | unsafe extern "C" fn memcmp(left: *const u8, right: *const u8, length: usize) -> i32 {
   | ^^^^^^^^^^^^^^^^^^^^^^^^^^^^^^^^^^^^^^^^^^^^^^^^^^^^^^^^^^^^^^^^^^^^^^^^^^^^^^^^^^^^
   |
   = note: expected `unsafe extern "C" fn(*const c_void, *const c_void, usize) -> i32`
           found    `unsafe extern "C" fn(*const u8, *const u8, usize) -> i32`
   = help: either fix the signature or remove any attributes like `#[unsafe(no_mangle)]`, `#[unsafe(export_name = "memcmp")]`, or `#[link_name = "memcmp"]`
   = help: allow this lint if the signature is compatible
   = note: `#[warn(suspicious_runtime_symbol_definitions)]` on by default

warning: suspicious definition of the runtime `memcmp` symbol used by the standard library
  --> http-request/src/../../guest_runtime.rs:60:1
   |
60 | unsafe extern "C" fn memcmp(left: *const u8, right: *const u8, length: usize) -> i32 {
   | ^^^^^^^^^^^^^^^^^^^^^^^^^^^^^^^^^^^^^^^^^^^^^^^^^^^^^^^^^^^^^^^^^^^^^^^^^^^^^^^^^^^^
   |
   = note: expected `unsafe extern "C" fn(*const c_void, *const c_void, usize) -> i32`
           found    `unsafe extern "C" fn(*const u8, *const u8, usize) -> i32`
   = help: either fix the signature or remove any attributes like `#[unsafe(no_mangle)]`, `#[unsafe(export_name = "memcmp")]`, or `#[link_name = "memcmp"]`
   = help: allow this lint if the signature is compatible
   = note: `#[warn(suspicious_runtime_symbol_definitions)]` on by default

warning: `transform` (lib) generated 1 warning
warning: `label-render` (lib) generated 2 warnings (run `cargo fix --lib -p label-render` to apply 1 suggestion)
warning: `http-request` (lib) generated 1 warning
    Finished `release` profile [optimized] target(s) in 12.39s
build-components: m1 normalizes 4 declared artifacts with profile std-empty-environment
   Compiling stable_deref_trait v1.2.1
   Compiling syn v3.0.4
   Compiling hashbrown v0.17.1
   Compiling serde v1.0.229
   Compiling yoke v0.8.3
   Compiling semver v1.0.28
   Compiling id-arena v2.3.0
   Compiling rustix v1.1.4
   Compiling percent-encoding v2.3.2
   Compiling indexmap v2.14.0
   Compiling form_urlencoded v1.2.2
   Compiling wasm-encoder v0.247.0
   Compiling wasmparser v0.252.0
   Compiling topological-sort v0.2.2
   Compiling terminal_size v0.4.4
   Compiling spdx v0.13.5
   Compiling thiserror-impl v1.0.69
   Compiling hashbrown v0.16.1
   Compiling winnow v0.7.15
   Compiling fixedbitset v0.4.2
   Compiling fallible-iterator v0.3.0
   Compiling clap_builder v4.6.6
   Compiling gimli v0.32.3
   Compiling serde_derive v1.0.229
   Compiling zerovec-derive v0.11.6
   Compiling displaydoc v0.2.7
   Compiling zerovec v0.11.8
   Compiling zerotrie v0.2.5
   Compiling wasmparser v0.247.0
   Compiling auditable-serde v0.9.0
   Compiling tinystr v0.8.4
   Compiling icu_locale_core v2.3.0
   Compiling potential_utf v0.1.6
   Compiling icu_collections v2.3.0
   Compiling serde_spanned v0.6.9
   Compiling toml_datetime v0.6.11
   Compiling icu_provider v2.3.1
   Compiling icu_normalizer v2.3.0
   Compiling icu_properties v2.3.0
   Compiling wasm-encoder v0.252.0
   Compiling toml_edit v0.22.27
   Compiling idna_adapter v1.2.2
   Compiling idna v1.1.0
   Compiling url v2.5.8
   Compiling wasm-metadata v0.252.0
   Compiling wit-parser v0.252.0
   Compiling wasmparser v0.245.1
   Compiling clap_derive v4.6.4
   Compiling wac-types v0.10.1
   Compiling wasm-metadata v0.247.0
   Compiling petgraph v0.6.5
   Compiling thiserror v1.0.69
   Compiling walrus-macro v0.26.0
   Compiling wasm-encoder v0.245.1
   Compiling clap v4.6.6
   Compiling wit-component v0.252.0
   Compiling wac-graph v0.10.1
   Compiling walrus v0.26.5
   Compiling toml v0.8.23
   Compiling wasi-virt v0.2.0 (https://github.com/bytecodealliance/WASI-Virt.git?rev=448f6df8f688cee5d6995e96b1ffc31f9bf00742#448f6df8)
   Compiling wamn-component-virtualizer v0.1.0 (/home/kaalin/.cache/wamn-lanes/ctc8-15-5-session-client-20260910/crates/platform/component-virtualizer)
    Finished `dev` profile [unoptimized + debuginfo] target(s) in 25.67s
     Running `target/debug/wamn-component-virtualizer --input /home/kaalin/.cache/wamn-lanes/ctc8-15-5-session-client-20260910/target/wasm32-wasip2/release/blob_put.wasm --output /home/kaalin/.cache/wamn-lanes/ctc8-15-5-session-client-20260910/target/virtualized/std-empty-environment/blob_put.wasm.partial.1037138`
wasi-virt-source-rev=448f6df8f688cee5d6995e96b1ffc31f9bf00742 wasi-virt-adapter-sha256=sha256:28eff8a2255812b440fbad2784a5a87660321e667331c17fb9a95f29caa85632
build-components: normalized blob-put -> /home/kaalin/.cache/wamn-lanes/ctc8-15-5-session-client-20260910/target/virtualized/std-empty-environment/blob_put.wasm
    Finished `dev` profile [unoptimized + debuginfo] target(s) in 0.37s
     Running `target/debug/wamn-component-virtualizer --input /home/kaalin/.cache/wamn-lanes/ctc8-15-5-session-client-20260910/target/wasm32-wasip2/release/client_acme_receiving.wasm --output /home/kaalin/.cache/wamn-lanes/ctc8-15-5-session-client-20260910/target/virtualized/std-empty-environment/client_acme_receiving.wasm.partial.1037138`
wasi-virt-source-rev=448f6df8f688cee5d6995e96b1ffc31f9bf00742 wasi-virt-adapter-sha256=sha256:28eff8a2255812b440fbad2784a5a87660321e667331c17fb9a95f29caa85632
build-components: normalized client-acme-receiving -> /home/kaalin/.cache/wamn-lanes/ctc8-15-5-session-client-20260910/target/virtualized/std-empty-environment/client_acme_receiving.wasm
    Finished `dev` profile [unoptimized + debuginfo] target(s) in 0.26s
     Running `target/debug/wamn-component-virtualizer --input /home/kaalin/.cache/wamn-lanes/ctc8-15-5-session-client-20260910/target/wasm32-wasip2/release/receiving.wasm --output /home/kaalin/.cache/wamn-lanes/ctc8-15-5-session-client-20260910/target/virtualized/std-empty-environment/receiving.wasm.partial.1037138`
wasi-virt-source-rev=448f6df8f688cee5d6995e96b1ffc31f9bf00742 wasi-virt-adapter-sha256=sha256:28eff8a2255812b440fbad2784a5a87660321e667331c17fb9a95f29caa85632
build-components: normalized receiving -> /home/kaalin/.cache/wamn-lanes/ctc8-15-5-session-client-20260910/target/virtualized/std-empty-environment/receiving.wasm
    Finished `dev` profile [unoptimized + debuginfo] target(s) in 0.25s
     Running `target/debug/wamn-component-virtualizer --input /home/kaalin/.cache/wamn-lanes/ctc8-15-5-session-client-20260910/target/wasm32-wasip2/release/wms.wasm --output /home/kaalin/.cache/wamn-lanes/ctc8-15-5-session-client-20260910/target/virtualized/std-empty-environment/wms.wasm.partial.1037138`
wasi-virt-source-rev=448f6df8f688cee5d6995e96b1ffc31f9bf00742 wasi-virt-adapter-sha256=sha256:28eff8a2255812b440fbad2784a5a87660321e667331c17fb9a95f29caa85632
build-components: normalized wms -> /home/kaalin/.cache/wamn-lanes/ctc8-15-5-session-client-20260910/target/virtualized/std-empty-environment/wms.wasm
   Compiling postgres-types v0.2.14
   Compiling opentelemetry v0.31.0
warning: function `canonical_serialized` is never used
   --> crates/catalog/model/src/lib.rs:792:4
    |
792 | fn canonical_serialized(value: &impl Serialize) -> Vec<u8> {
    |    ^^^^^^^^^^^^^^^^^^^^
    |
    = note: `#[warn(dead_code)]` (part of `#[warn(unused)]`) on by default

warning: `wamn-catalog` (lib) generated 1 warning
   Compiling wamn-run-state v0.1.0 (/home/kaalin/.cache/wamn-lanes/ctc8-15-5-session-client-20260910/crates/execution/run-state)
   Compiling tokio-postgres v0.7.18
   Compiling opentelemetry_sdk v0.31.0
   Compiling opentelemetry-http v0.31.0
   Compiling opentelemetry-appender-tracing v0.31.1
   Compiling tracing-opentelemetry v0.32.1
   Compiling wamn-router v0.1.0 (/home/kaalin/.cache/wamn-lanes/ctc8-15-5-session-client-20260910/crates/execution/router)
   Compiling opentelemetry-proto v0.31.0
   Compiling wamn-schema-introspection v0.1.0 (/home/kaalin/.cache/wamn-lanes/ctc8-15-5-session-client-20260910/crates/schema/introspection)
   Compiling opentelemetry-otlp v0.31.1
   Compiling deadpool-postgres v0.14.2
   Compiling wash-runtime v2.9.0 (https://github.com/wasmCloud/wasmCloud?rev=68ebece9c537f8bb4b5c9999f274ec68d60f35a9#68ebece9)
   Compiling wamn-schema-generator v0.1.0 (/home/kaalin/.cache/wamn-lanes/ctc8-15-5-session-client-20260910/crates/schema/generator)
   Compiling wamn-platform-identity v0.1.0 (/home/kaalin/.cache/wamn-lanes/ctc8-15-5-session-client-20260910/crates/identity/platform)
   Compiling wamn-control-provision v0.1.0 (/home/kaalin/.cache/wamn-lanes/ctc8-15-5-session-client-20260910/crates/control/provision)
   Compiling wamn-schema-control v0.1.0 (/home/kaalin/.cache/wamn-lanes/ctc8-15-5-session-client-20260910/crates/schema/control)
   Compiling wamn-cdc-reader v0.1.0 (/home/kaalin/.cache/wamn-lanes/ctc8-15-5-session-client-20260910/services/cdc-reader)
   Compiling wamn-runtime v0.1.0 (/home/kaalin/.cache/wamn-lanes/ctc8-15-5-session-client-20260910/crates/platform/runtime)
warning: the item `Future` is imported redundantly
 --> crates/platform/runtime/src/connection_authority.rs:3:5
  |
3 | use std::future::Future;
  |     ^^^^^^^^^^^^^^^^^^^
  |
 --> /rustc/88d9e12ae178fab0fb5cc050a94da85685d449ea/library/std/src/prelude/mod.rs:166:12
  |
  = note: the item `Future` is already defined here
  |
  = note: requested on the command line with `-W redundant-imports`

warning: the item `Future` is imported redundantly
 --> crates/platform/runtime/src/plugins/wamn_postgres/pool.rs:7:5
  |
7 | use std::future::Future;
  |     ^^^^^^^^^^^^^^^^^^^
  |
 --> /rustc/88d9e12ae178fab0fb5cc050a94da85685d449ea/library/std/src/prelude/mod.rs:166:12
  |
  = note: the item `Future` is already defined here

warning: constant `HTTP_CONTRACT` is never used
  --> crates/platform/runtime/src/plugins/connection_http.rs:52:7
   |
52 | const HTTP_CONTRACT: &str = "wamn:connection/http@0.1.0";
   |       ^^^^^^^^^^^^^
   |
   = note: `#[warn(dead_code)]` (part of `#[warn(unused)]`) on by default

warning: type does not implement `std::fmt::Debug`; consider adding `#[derive(Debug)]` or a manual implementation
   --> crates/platform/runtime/src/plugins/connection_http.rs:114:1
    |
114 | / pub struct ConnectionHttp {
115 | |     postgres: Arc<WamnPostgres>,
116 | |     vault: Arc<WamnCredentials>,
117 | |     tenant: Box<str>,
...   |
133 | |     invocations: std::sync::RwLock<HashMap<String, ConnectionInvocation>>,
134 | | }
    | |_^
    |
    = note: requested on the command line with `-W missing-debug-implementations`

warning: type does not implement `std::fmt::Debug`; consider adding `#[derive(Debug)]` or a manual implementation
  --> crates/platform/runtime/src/plugins/wamn_credentials.rs:27:1
   |
27 | / pub struct WamnCredentials {
28 | |     /// Whether ANY backing source was configured. Distinguishes `unavailable`
29 | |     /// (no source — retryable) from `not-found` (source present, name absent —
30 | |     /// config-shaped).
...  |
33 | |     projects: HashMap<String, HashMap<String, String>>,
34 | | }
   | |_^

warning: type does not implement `std::fmt::Debug`; consider adding `#[derive(Debug)]` or a manual implementation
   --> crates/platform/runtime/src/plugins/wamn_jetstream.rs:544:1
    |
544 | / pub struct WamnJetstream {
545 | |     nats_url: Option<String>,
546 | |     /// Lazily-connected, memoized JetStream context. A `Mutex<Option<_>>` (not a
547 | |     /// `OnceCell`) so a transient connect failure is retried on the next call
...   |
569 | |     dlq_depth: Arc<DeadLetterDepth>,
570 | | }
    | |_^

warning: type does not implement `std::fmt::Debug`; consider adding `#[derive(Debug)]` or a manual implementation
    --> crates/platform/runtime/src/plugins/wamn_jetstream.rs:1209:1
     |
1209 | / pub struct JsConsumer {
1210 | |     consumer: Consumer<PullConfig>,
1211 | |     dead_letter: Option<DeadLetterIdentity>,
1212 | | }
     | |_^

warning: type does not implement `std::fmt::Debug`; consider adding `#[derive(Debug)]` or a manual implementation
    --> crates/platform/runtime/src/plugins/wamn_jetstream.rs:1216:1
     |
1216 | / pub struct JsMessage {
1217 | |     msg: async_nats::jetstream::Message,
1218 | |     dead_letter: Option<DeadLetterIdentity>,
1219 | | }
     | |_^

warning: type does not implement `std::fmt::Debug`; consider adding `#[derive(Debug)]` or a manual implementation
   --> crates/platform/runtime/src/plugins/wamn_logging.rs:213:1
    |
213 | / pub struct Capture {
214 | |     records: std::sync::Mutex<Vec<CapturedRec>>,
215 | | }
    | |_^

warning: type does not implement `std::fmt::Debug`; consider adding `#[derive(Debug)]` or a manual implementation
   --> crates/platform/runtime/src/plugins/wamn_logging.rs:235:1
    |
235 | / pub struct WamnLogging {
236 | |     /// component id → host-trusted {tenant, project}.
237 | |     claims: std::sync::RwLock<HashMap<String, Claim>>,
238 | |     /// Bounded front queue; `try_send` keeps `log()` non-blocking.
...   |
243 | |     _drain: tokio::task::JoinHandle<()>,
244 | | }
    | |_^

warning: type does not implement `std::fmt::Debug`; consider adding `#[derive(Debug)]` or a manual implementation
   --> crates/platform/runtime/src/plugins/wamn_postgres/claims.rs:55:1
    |
 55 | / pub struct WamnPostgres {
 56 | |     /// Resolves a project id → its database connection + policy.
 57 | |     provider: Arc<dyn CredentialProvider>,
 58 | |     /// Guest-visible project pools, built lazily and never shared with host-owned
...   |
121 | |     pub(super) bind_counters: super::BindCounters,
122 | | }
    | |_^

warning: type does not implement `std::fmt::Debug`; consider adding `#[derive(Debug)]` or a manual implementation
   --> crates/platform/runtime/src/plugins/wamn_postgres/pool.rs:339:1
    |
339 | / pub struct StaticCredentialProvider {
340 | |     projects: HashMap<String, ProjectConfig>,
341 | | }
    | |_^

warning: type does not implement `std::fmt::Debug`; consider adding `#[derive(Debug)]` or a manual implementation
   --> crates/platform/runtime/src/plugins/wamn_postgres/pool.rs:514:1
    |
514 | / pub struct K8sSecretProvider {
515 | |     pub namespace: String,
516 | | }
    | |_^

warning: type does not implement `std::fmt::Debug`; consider adding `#[derive(Debug)]` or a manual implementation
   --> crates/platform/runtime/src/plugins/wamn_postgres/resources.rs:99:1
    |
 99 | / pub struct PgTransaction {
100 | |     state: SharedTxnState,
101 | |     destroyed: Arc<AtomicU64>,
102 | |     cursor_seq: u32,
103 | |     /// Row limit of the project this transaction's connection belongs to.
104 | |     row_limit: u64,
105 | | }
    | |_^

warning: type does not implement `std::fmt::Debug`; consider adding `#[derive(Debug)]` or a manual implementation
   --> crates/platform/runtime/src/plugins/wamn_postgres/resources.rs:145:1
    |
145 | / pub struct PgCursor {
146 | |     state: SharedTxnState,
147 | |     destroyed: Arc<AtomicU64>,
148 | |     name: String,
149 | | }
    | |_^

warning: type does not implement `std::fmt::Debug`; consider adding `#[derive(Debug)]` or a manual implementation
   --> crates/platform/runtime/src/wiring_doorbell.rs:145:1
    |
145 | / pub struct WiringDoorbellListener {
146 | |     shutdown: tokio::sync::watch::Sender<bool>,
147 | |     task: tokio::task::JoinHandle<()>,
148 | | }
    | |_^

   Compiling wamn-execution-host v0.1.0 (/home/kaalin/.cache/wamn-lanes/ctc8-15-5-session-client-20260910/crates/execution/host)
   Compiling wamn-ctl v0.1.0 (/home/kaalin/.cache/wamn-lanes/ctc8-15-5-session-client-20260910/services/ctl)
   Compiling wamn-scenario-worker v0.1.0 (/home/kaalin/.cache/wamn-lanes/ctc8-15-5-session-client-20260910/services/scenario-worker)
warning: type does not implement `std::fmt::Debug`; consider adding `#[derive(Debug)]` or a manual implementation
   --> services/scenario-worker/src/authoring.rs:218:1
    |
218 | / pub struct InternalAuthoringBackend {
219 | |     authority: InternalDevAdmin,
220 | |     client: Client,
221 | |     connection_task: tokio::task::JoinHandle<()>,
222 | |     tenant_id: Box<str>,
223 | |     source_schema: BareSchemaName,
224 | | }
    | |_^
    |
    = note: requested on the command line with `-W missing-debug-implementations`

warning: type does not implement `std::fmt::Debug`; consider adding `#[derive(Debug)]` or a manual implementation
   --> services/scenario-worker/src/store/admission.rs:316:1
    |
316 | / pub struct AdmissionSurface {
317 | |     /// The explicit credential and exact server-side predicates are retained so
318 | |     /// every replacement physical connection is checked identically.
319 | |     probe: CredentialExactnessProbe,
...   |
322 | |     tenant_id: Box<str>,
323 | | }
    | |_^

warning: `wamn-scenario-worker` (lib) generated 2 warnings
   Compiling wamn-executor v0.1.0 (/home/kaalin/.cache/wamn-lanes/ctc8-15-5-session-client-20260910/services/executor)
warning: function `run_once_stages` is never used
   --> services/ctl/src/dev.rs:603:10
    |
603 | async fn run_once_stages<R>(
    |          ^^^^^^^^^^^^^^^
    |
    = note: `#[warn(dead_code)]` (part of `#[warn(unused)]`) on by default

warning: function `verify_source_package_with_client` is never used
    --> services/ctl/src/push_component.rs:1301:10
     |
1301 | async fn verify_source_package_with_client(
     |          ^^^^^^^^^^^^^^^^^^^^^^^^^^^^^^^^^

warning: `wamn-runtime` (lib) generated 16 warnings
warning: `wamn-ctl` (lib) generated 2 warnings
    Finished `dev` profile [unoptimized + debuginfo] target(s) in 1m 18s
#0 building with "default" instance using docker driver

#1 [internal] load build definition from Dockerfile
#1 transferring dockerfile: 18.98kB done
#1 DONE 0.1s

#2 [internal] load metadata for docker.io/library/debian:trixie-slim
#2 DONE 0.0s

#3 [internal] load metadata for docker.io/library/rust:1.98-trixie
#3 DONE 0.0s

#4 [internal] load .dockerignore
#4 transferring context: 245B done
#4 DONE 0.1s

#5 [host 1/3] FROM docker.io/library/debian:trixie-slim
#5 DONE 0.0s

#6 [chef 1/4] FROM docker.io/library/rust:1.98-trixie
#6 DONE 0.0s

#7 [internal] load build context
#7 transferring context: 15.79MB 0.2s done
#7 DONE 0.2s

#8 [chef 3/4] WORKDIR /build
#8 CACHED

#9 [chef 2/4] RUN apt-get update && apt-get install -y --no-install-recommends clang mold protobuf-compiler libprotobuf-dev git && rm -rf /var/lib/apt/lists/*
#9 CACHED

#10 [chef 4/4] RUN --mount=type=cache,id=wamn-chef-cargo-registry,target=/usr/local/cargo/registry,sharing=locked     --mount=type=cache,id=wamn-chef-cargo-git,target=/usr/local/cargo/git,sharing=locked     cargo install cargo-chef --version 0.1.77 --locked
#10 CACHED

#11 [root-planner 1/8] COPY Cargo.toml Cargo.lock ./
#11 DONE 1.1s

#12 [root-planner 2/8] COPY crates ./crates
#12 DONE 0.2s

#13 [root-planner 3/8] COPY components ./components
#13 DONE 0.3s

#14 [root-planner 4/8] COPY packages ./packages
#14 DONE 0.2s

#15 [root-planner 5/8] COPY services ./services
#15 DONE 0.1s

#16 [root-planner 6/8] COPY test-support ./test-support
#16 DONE 0.1s

#17 [root-planner 7/8] COPY tests ./tests
#17 DONE 0.1s

#18 [root-planner 8/8] RUN cargo chef prepare --recipe-path root-recipe.json
#18 DONE 0.4s

#19 [root-recipe 1/3] COPY .cargo/config.toml ./.cargo/config.toml
#19 CACHED

#20 [root-source 1/2] COPY .cargo/config.toml ./.cargo/config.toml
#20 DONE 0.2s

#21 [root-recipe 2/3] COPY --from=root-planner /build/root-recipe.json ./root-recipe.json
#21 DONE 0.2s

#22 [root-recipe 3/3] COPY components ./components
#22 ...

#23 [root-source 2/2] COPY deploy ./deploy
#23 DONE 0.2s

#22 [root-recipe 3/3] COPY components ./components
#22 DONE 0.2s

#24 [cook-host 1/1] RUN --mount=type=cache,id=wamn-root-cargo-registry,target=/usr/local/cargo/registry,sharing=locked     --mount=type=cache,id=wamn-root-cargo-git,target=/usr/local/cargo/git,sharing=locked     --mount=type=cache,id=wamn-root-target,target=/build/target,sharing=locked     cargo chef cook --locked --release --recipe-path root-recipe.json -p wamn-host
#24 1.190    Compiling wamn-execution-contract v0.1.0 (/build/components/execution/contract)
#24 1.191    Compiling wamn-event-wire v0.1.0 (/build/components/events/wire)
#24 1.191    Compiling wamn-component-policy v0.0.1 (/build/crates/platform/component-policy)
#24 1.202    Compiling wamn-pg-core v0.0.1 (/build/crates/platform/pg-core)
#24 1.327    Compiling wamn-control-registry v0.0.1 (/build/crates/control/registry)
#24 1.331    Compiling wamn-platform-identity v0.0.1 (/build/crates/identity/platform)
#24 1.354    Compiling wamn-schema-introspection v0.0.1 (/build/crates/schema/introspection)
#24 1.675    Compiling wamn-router v0.0.1 (/build/crates/execution/router)
#24 1.687    Compiling wamn-catalog v0.0.1 (/build/crates/catalog/model)
#24 1.701    Compiling wamn-run-state v0.0.1 (/build/crates/execution/run-state)
#24 1.715    Compiling wamn-schema-generator v0.0.1 (/build/crates/schema/generator)
#24 1.732    Compiling wamn-runtime v0.0.1 (/build/crates/platform/runtime)
#24 1.743    Compiling wamn-control-provision v0.0.1 (/build/crates/control/provision)
#24 1.769    Compiling wamn-execution-host v0.0.1 (/build/crates/execution/host)
#24 2.357    Compiling wamn-host v0.0.1 (/build/services/host)
#24 5.588     Finished `release` profile [optimized] target(s) in 5.27s
#24 DONE 6.7s

#25 [build-host 1/2] COPY --from=root-source /build /build
#25 DONE 0.2s

#26 [build-host 2/2] RUN --mount=type=cache,id=wamn-root-cargo-registry,target=/usr/local/cargo/registry,sharing=locked     --mount=type=cache,id=wamn-root-cargo-git,target=/usr/local/cargo/git,sharing=locked     --mount=type=cache,id=wamn-root-target,target=/build/target,sharing=locked     cargo build --locked --release -p wamn-host  && install -D -m 0755 target/release/wamn-host /native-output/wamn-host
#26 0.647    Compiling wamn-component-policy v0.1.0 (/build/crates/platform/component-policy)
#26 0.652    Compiling wamn-pg-core v0.1.0 (/build/crates/platform/pg-core)
#26 0.656    Compiling wamn-control-registry v0.1.0 (/build/crates/control/registry)
#26 0.661    Compiling wamn-router v0.1.0 (/build/crates/execution/router)
#26 0.765    Compiling wamn-run-state v0.1.0 (/build/crates/execution/run-state)
#26 0.964    Compiling wamn-catalog v0.1.0 (/build/crates/catalog/model)
#26 2.102    Compiling wamn-platform-identity v0.1.0 (/build/crates/identity/platform)
#26 2.591 warning: function `canonical_serialized` is never used
#26 2.591    --> crates/catalog/model/src/lib.rs:792:4
#26 2.591     |
#26 2.591 792 | fn canonical_serialized(value: &impl Serialize) -> Vec<u8> {
#26 2.591     |    ^^^^^^^^^^^^^^^^^^^^
#26 2.591     |
#26 2.591     = note: `#[warn(dead_code)]` (part of `#[warn(unused)]`) on by default
#26 2.591 
#26 3.325    Compiling wamn-schema-introspection v0.1.0 (/build/crates/schema/introspection)
#26 3.960    Compiling wamn-runtime v0.1.0 (/build/crates/platform/runtime)
#26 5.476 warning: the item `Future` is imported redundantly
#26 5.476  --> crates/platform/runtime/src/connection_authority.rs:3:5
#26 5.476   |
#26 5.476 3 | use std::future::Future;
#26 5.476   |     ^^^^^^^^^^^^^^^^^^^
#26 5.476   |
#26 5.476  --> /rustc/88d9e12ae178fab0fb5cc050a94da85685d449ea/library/std/src/prelude/mod.rs:166:12
#26 5.476   |
#26 5.476   = note: the item `Future` is already defined here
#26 5.476   |
#26 5.476   = note: requested on the command line with `-W redundant-imports`
#26 5.476 
#26 5.502 warning: the item `Future` is imported redundantly
#26 5.502  --> crates/platform/runtime/src/plugins/wamn_postgres/pool.rs:7:5
#26 5.502   |
#26 5.502 7 | use std::future::Future;
#26 5.502   |     ^^^^^^^^^^^^^^^^^^^
#26 5.502   |
#26 5.502  --> /rustc/88d9e12ae178fab0fb5cc050a94da85685d449ea/library/std/src/prelude/mod.rs:166:12
#26 5.502   |
#26 5.502   = note: the item `Future` is already defined here
#26 5.502 
#26 7.761    Compiling wamn-schema-generator v0.1.0 (/build/crates/schema/generator)
#26 7.953 warning: `wamn-catalog` (lib) generated 1 warning
#26 12.74    Compiling wamn-control-provision v0.1.0 (/build/crates/control/provision)
#26 14.48 warning: constant `HTTP_CONTRACT` is never used
#26 14.48   --> crates/platform/runtime/src/plugins/connection_http.rs:52:7
#26 14.48    |
#26 14.48 52 | const HTTP_CONTRACT: &str = "wamn:connection/http@0.1.0";
#26 14.48    |       ^^^^^^^^^^^^^
#26 14.48    |
#26 14.48    = note: `#[warn(dead_code)]` (part of `#[warn(unused)]`) on by default
#26 14.48 
#26 14.53 warning: type does not implement `std::fmt::Debug`; consider adding `#[derive(Debug)]` or a manual implementation
#26 14.53    --> crates/platform/runtime/src/plugins/connection_http.rs:114:1
#26 14.53     |
#26 14.53 114 | / pub struct ConnectionHttp {
#26 14.53 115 | |     postgres: Arc<WamnPostgres>,
#26 14.53 116 | |     vault: Arc<WamnCredentials>,
#26 14.53 117 | |     tenant: Box<str>,
#26 14.53 ...   |
#26 14.53 133 | |     invocations: std::sync::RwLock<HashMap<String, ConnectionInvocation>>,
#26 14.53 134 | | }
#26 14.53     | |_^
#26 14.53     |
#26 14.53     = note: requested on the command line with `-W missing-debug-implementations`
#26 14.53 
#26 14.56 warning: type does not implement `std::fmt::Debug`; consider adding `#[derive(Debug)]` or a manual implementation
#26 14.56   --> crates/platform/runtime/src/plugins/wamn_credentials.rs:27:1
#26 14.56    |
#26 14.56 27 | / pub struct WamnCredentials {
#26 14.56 28 | |     /// Whether ANY backing source was configured. Distinguishes `unavailable`
#26 14.56 29 | |     /// (no source — retryable) from `not-found` (source present, name absent —
#26 14.56 30 | |     /// config-shaped).
#26 14.56 ...  |
#26 14.56 33 | |     projects: HashMap<String, HashMap<String, String>>,
#26 14.56 34 | | }
#26 14.56    | |_^
#26 14.56 
#26 14.56 warning: type does not implement `std::fmt::Debug`; consider adding `#[derive(Debug)]` or a manual implementation
#26 14.56    --> crates/platform/runtime/src/plugins/wamn_jetstream.rs:544:1
#26 14.56     |
#26 14.56 544 | / pub struct WamnJetstream {
#26 14.56 545 | |     nats_url: Option<String>,
#26 14.56 546 | |     /// Lazily-connected, memoized JetStream context. A `Mutex<Option<_>>` (not a
#26 14.56 547 | |     /// `OnceCell`) so a transient connect failure is retried on the next call
#26 14.56 ...   |
#26 14.56 569 | |     dlq_depth: Arc<DeadLetterDepth>,
#26 14.56 570 | | }
#26 14.56     | |_^
#26 14.56 
#26 14.56 warning: type does not implement `std::fmt::Debug`; consider adding `#[derive(Debug)]` or a manual implementation
#26 14.56     --> crates/platform/runtime/src/plugins/wamn_jetstream.rs:1209:1
#26 14.56      |
#26 14.56 1209 | / pub struct JsConsumer {
#26 14.56 1210 | |     consumer: Consumer<PullConfig>,
#26 14.56 1211 | |     dead_letter: Option<DeadLetterIdentity>,
#26 14.56 1212 | | }
#26 14.56      | |_^
#26 14.56 
#26 14.56 warning: type does not implement `std::fmt::Debug`; consider adding `#[derive(Debug)]` or a manual implementation
#26 14.56     --> crates/platform/runtime/src/plugins/wamn_jetstream.rs:1216:1
#26 14.56      |
#26 14.56 1216 | / pub struct JsMessage {
#26 14.56 1217 | |     msg: async_nats::jetstream::Message,
#26 14.56 1218 | |     dead_letter: Option<DeadLetterIdentity>,
#26 14.56 1219 | | }
#26 14.56      | |_^
#26 14.56 
#26 14.57 warning: type does not implement `std::fmt::Debug`; consider adding `#[derive(Debug)]` or a manual implementation
#26 14.57    --> crates/platform/runtime/src/plugins/wamn_logging.rs:213:1
#26 14.57     |
#26 14.57 213 | / pub struct Capture {
#26 14.57 214 | |     records: std::sync::Mutex<Vec<CapturedRec>>,
#26 14.57 215 | | }
#26 14.57     | |_^
#26 14.57 
#26 14.57 warning: type does not implement `std::fmt::Debug`; consider adding `#[derive(Debug)]` or a manual implementation
#26 14.57    --> crates/platform/runtime/src/plugins/wamn_logging.rs:235:1
#26 14.57     |
#26 14.57 235 | / pub struct WamnLogging {
#26 14.57 236 | |     /// component id → host-trusted {tenant, project}.
#26 14.57 237 | |     claims: std::sync::RwLock<HashMap<String, Claim>>,
#26 14.57 238 | |     /// Bounded front queue; `try_send` keeps `log()` non-blocking.
#26 14.57 ...   |
#26 14.57 243 | |     _drain: tokio::task::JoinHandle<()>,
#26 14.57 244 | | }
#26 14.57     | |_^
#26 14.57 
#26 14.57 warning: type does not implement `std::fmt::Debug`; consider adding `#[derive(Debug)]` or a manual implementation
#26 14.57    --> crates/platform/runtime/src/plugins/wamn_postgres/claims.rs:55:1
#26 14.57     |
#26 14.57  55 | / pub struct WamnPostgres {
#26 14.57  56 | |     /// Resolves a project id → its database connection + policy.
#26 14.57  57 | |     provider: Arc<dyn CredentialProvider>,
#26 14.57  58 | |     /// Guest-visible project pools, built lazily and never shared with host-owned
#26 14.57 ...   |
#26 14.57 121 | |     pub(super) bind_counters: super::BindCounters,
#26 14.57 122 | | }
#26 14.57     | |_^
#26 14.57 
#26 14.58 warning: type does not implement `std::fmt::Debug`; consider adding `#[derive(Debug)]` or a manual implementation
#26 14.58    --> crates/platform/runtime/src/plugins/wamn_postgres/pool.rs:339:1
#26 14.58     |
#26 14.58 339 | / pub struct StaticCredentialProvider {
#26 14.58 340 | |     projects: HashMap<String, ProjectConfig>,
#26 14.58 341 | | }
#26 14.58     | |_^
#26 14.58 
#26 14.58 warning: type does not implement `std::fmt::Debug`; consider adding `#[derive(Debug)]` or a manual implementation
#26 14.58    --> crates/platform/runtime/src/plugins/wamn_postgres/pool.rs:514:1
#26 14.58     |
#26 14.58 514 | / pub struct K8sSecretProvider {
#26 14.58 515 | |     pub namespace: String,
#26 14.58 516 | | }
#26 14.58     | |_^
#26 14.58 
#26 14.58 warning: type does not implement `std::fmt::Debug`; consider adding `#[derive(Debug)]` or a manual implementation
#26 14.58    --> crates/platform/runtime/src/plugins/wamn_postgres/resources.rs:99:1
#26 14.58     |
#26 14.58  99 | / pub struct PgTransaction {
#26 14.58 100 | |     state: SharedTxnState,
#26 14.58 101 | |     destroyed: Arc<AtomicU64>,
#26 14.58 102 | |     cursor_seq: u32,
#26 14.58 103 | |     /// Row limit of the project this transaction's connection belongs to.
#26 14.58 104 | |     row_limit: u64,
#26 14.58 105 | | }
#26 14.58     | |_^
#26 14.59 
#26 14.59 warning: type does not implement `std::fmt::Debug`; consider adding `#[derive(Debug)]` or a manual implementation
#26 14.59    --> crates/platform/runtime/src/plugins/wamn_postgres/resources.rs:145:1
#26 14.59     |
#26 14.59 145 | / pub struct PgCursor {
#26 14.59 146 | |     state: SharedTxnState,
#26 14.59 147 | |     destroyed: Arc<AtomicU64>,
#26 14.59 148 | |     name: String,
#26 14.59 149 | | }
#26 14.59     | |_^
#26 14.59 
#26 14.61 warning: type does not implement `std::fmt::Debug`; consider adding `#[derive(Debug)]` or a manual implementation
#26 14.61    --> crates/platform/runtime/src/wiring_doorbell.rs:145:1
#26 14.61     |
#26 14.61 145 | / pub struct WiringDoorbellListener {
#26 14.61 146 | |     shutdown: tokio::sync::watch::Sender<bool>,
#26 14.61 147 | |     task: tokio::task::JoinHandle<()>,
#26 14.61 148 | | }
#26 14.61     | |_^
#26 14.61 
#26 21.27    Compiling wamn-execution-host v0.1.0 (/build/crates/execution/host)
#26 38.31 warning: `wamn-runtime` (lib) generated 16 warnings
#26 48.99    Compiling wamn-host v0.1.0 (/build/services/host)
#26 369.8     Finished `release` profile [optimized] target(s) in 6m 09s
#26 DONE 370.0s

#27 [host 2/3] RUN apt-get update && apt-get install -y --no-install-recommends ca-certificates && rm -rf /var/lib/apt/lists/*
#27 CACHED

#28 [host 3/3] COPY --from=build-host /native-output/wamn-host /usr/local/bin/wamn-host
#28 CACHED

#29 exporting to image
#29 exporting layers done
#29 writing image sha256:f1b3d51f5a3570e3a0d58c3873f66901a33128fd5ccb62bd07545cd40aedf4f6 done
#29 naming to docker.io/library/wamn-host:receiving-8204b35d0bae-1036987-release 0.0s done
#29 DONE 0.1s
#0 building with "default" instance using docker driver

#1 [internal] load build definition from Dockerfile
#1 transferring dockerfile: 18.98kB done
#1 DONE 0.1s

#2 [internal] load metadata for docker.io/library/debian:trixie-slim
#2 DONE 0.0s

#3 [internal] load metadata for docker.io/library/rust:1.98-trixie
#3 DONE 0.0s

#4 [internal] load .dockerignore
#4 transferring context: 245B done
#4 DONE 0.0s

#5 [host 1/3] FROM docker.io/library/debian:trixie-slim
#5 DONE 0.0s

#6 [chef 1/4] FROM docker.io/library/rust:1.98-trixie
#6 DONE 0.0s

#7 [internal] load build context
#7 transferring context: 94.28kB 0.0s done
#7 DONE 0.1s

#8 [root-planner 2/8] COPY crates ./crates
#8 CACHED

#9 [root-source 1/2] COPY .cargo/config.toml ./.cargo/config.toml
#9 CACHED

#10 [root-planner 6/8] COPY test-support ./test-support
#10 CACHED

#11 [root-planner 8/8] RUN cargo chef prepare --recipe-path root-recipe.json
#11 CACHED

#12 [root-planner 1/8] COPY Cargo.toml Cargo.lock ./
#12 CACHED

#13 [root-planner 3/8] COPY components ./components
#13 CACHED

#14 [root-planner 4/8] COPY packages ./packages
#14 CACHED

#15 [chef 4/4] RUN --mount=type=cache,id=wamn-chef-cargo-registry,target=/usr/local/cargo/registry,sharing=locked     --mount=type=cache,id=wamn-chef-cargo-git,target=/usr/local/cargo/git,sharing=locked     cargo install cargo-chef --version 0.1.77 --locked
#15 CACHED

#16 [chef 3/4] WORKDIR /build
#16 CACHED

#17 [chef 2/4] RUN apt-get update && apt-get install -y --no-install-recommends clang mold protobuf-compiler libprotobuf-dev git && rm -rf /var/lib/apt/lists/*
#17 CACHED

#18 [root-planner 7/8] COPY tests ./tests
#18 CACHED

#19 [root-planner 5/8] COPY services ./services
#19 CACHED

#20 [component-toolchain 2/6] COPY .cargo/config.toml /build/.cargo/config.toml
#20 CACHED

#21 [component-toolchain 1/6] RUN rustup target add --toolchain 1.97.0 wasm32-wasip2
#21 CACHED

#22 [component-toolchain 3/6] COPY Cargo.toml /build/Cargo.toml
#22 CACHED

#23 [root-recipe 2/3] COPY --from=root-planner /build/root-recipe.json ./root-recipe.json
#23 CACHED

#24 [root-recipe 1/3] COPY .cargo/config.toml ./.cargo/config.toml
#24 CACHED

#25 [root-source 2/2] COPY deploy ./deploy
#25 CACHED

#26 [root-recipe 3/3] COPY components ./components
#26 CACHED

#27 [cook-dispatcher 1/1] RUN --mount=type=cache,id=wamn-root-cargo-registry,target=/usr/local/cargo/registry,sharing=locked     --mount=type=cache,id=wamn-root-cargo-git,target=/usr/local/cargo/git,sharing=locked     --mount=type=cache,id=wamn-root-target,target=/build/target,sharing=locked     cargo chef cook --locked --release --recipe-path root-recipe.json -p wamn-dispatcher
#27 ...

#28 [component-toolchain 4/6] COPY crates /build/crates
#28 DONE 0.3s

#29 [component-toolchain 5/6] COPY components /build/components
#29 DONE 0.2s

#30 [build-gates 1/1] RUN --mount=type=cache,id=wamn-root-cargo-registry,target=/usr/local/cargo/registry,sharing=locked     --mount=type=cache,id=wamn-root-cargo-git,target=/usr/local/cargo/git,sharing=locked     --mount=type=cache,id=wamn-root-target,target=/build/target,sharing=locked     cargo build --locked --release -p wamn-gates  && install -D -m 0755 target/release/wamn-gates /native-output/wamn-gates
#30 ...

#31 [component-toolchain 6/6] WORKDIR /build/components
#31 DONE 0.1s

#32 [component-builder 1/1] RUN --mount=type=cache,id=wamn-component-cargo-registry,target=/usr/local/cargo/registry,sharing=locked     --mount=type=cache,id=wamn-component-cargo-git,target=/usr/local/cargo/git,sharing=locked     --mount=type=cache,id=wamn-component-target,target=/build/components/target,sharing=locked     cargo +1.97.0 build --locked --release --target wasm32-wasip2       -p http-route -p materializer       -p busyloop -p connection-http-standard -p sockprobe  && install -d /component-output  && for artifact in       http_route materializer       busyloop connection_http_standard sockprobe; do       install -m 0644 "target/wasm32-wasip2/release/${artifact}.wasm"         "/component-output/${artifact}.wasm";     done
#32 0.786    Compiling wamn-event-wire v0.1.0 (/build/components/events/wire)
#32 0.786    Compiling connection-http-standard v0.1.0 (/build/components/fixtures/connection-http-standard)
#32 0.786    Compiling sockprobe v0.1.0 (/build/components/fixtures/sockprobe)
#32 0.786    Compiling wamn-execution-contract v0.1.0 (/build/components/execution/contract)
#32 1.318    Compiling wamn-event-reg v0.1.0 (/build/components/events/registration)
#32 1.376    Compiling busyloop v0.1.0 (/build/components/fixtures/busyloop)
#32 1.985    Compiling wamn-materializer v0.1.0 (/build/components/events/materializer)
#32 2.824    Compiling http-route v0.1.0 (/build/components/ingress/http-route)
#32 2.927    Compiling materializer v0.1.0 (/build/components/execution/materializer)
#32 6.638     Finished `release` profile [optimized] target(s) in 6.14s
#32 DONE 6.7s

#33 [cook-ctl 1/1] RUN --mount=type=cache,id=wamn-root-cargo-registry,target=/usr/local/cargo/registry,sharing=locked     --mount=type=cache,id=wamn-root-cargo-git,target=/usr/local/cargo/git,sharing=locked     --mount=type=cache,id=wamn-root-target,target=/build/target,sharing=locked     cargo chef cook --locked --release --recipe-path root-recipe.json -p wamn-ctl
#33 1.495    Compiling wamn-execution-contract v0.1.0 (/build/components/execution/contract)
#33 1.505    Compiling wamn-event-wire v0.1.0 (/build/components/events/wire)
#33 1.515    Compiling wamn-component-policy v0.0.1 (/build/crates/platform/component-policy)
#33 1.522    Compiling wamn-pg-core v0.0.1 (/build/crates/platform/pg-core)
#33 1.554    Compiling wamn-schema-introspection v0.0.1 (/build/crates/schema/introspection)
#33 1.564    Compiling wamn-control-registry v0.0.1 (/build/crates/control/registry)
#33 1.611    Compiling wamn-platform-identity v0.0.1 (/build/crates/identity/platform)
#33 1.619    Compiling wamn-authoring-model v0.0.1 (/build/crates/authoring/model)
#33 1.994    Compiling wamn-router v0.0.1 (/build/crates/execution/router)
#33 1.995    Compiling wamn-event-reg v0.1.0 (/build/components/events/registration)
#33 2.039    Compiling wamn-catalog v0.0.1 (/build/crates/catalog/model)
#33 2.107    Compiling wamn-schema-generator v0.0.1 (/build/crates/schema/generator)
#33 2.202    Compiling wamn-run-state v0.0.1 (/build/crates/execution/run-state)
#33 2.343    Compiling wamn-client v0.0.1 (/build/crates/client/core)
#33 2.428    Compiling wamn-client-tui v0.0.1 (/build/crates/client/tui)
#33 2.509    Compiling wamn-client-terminal v0.0.1 (/build/crates/client/terminal)
#33 2.565    Compiling wamn-schema-control v0.0.1 (/build/crates/schema/control)
#33 2.664    Compiling wamn-runtime v0.0.1 (/build/crates/platform/runtime)
#33 2.731    Compiling wamn-control-provision v0.0.1 (/build/crates/control/provision)
#33 2.793    Compiling wamn-ctl v0.0.1 (/build/services/ctl)
#33 9.969     Finished `release` profile [optimized] target(s) in 9.59s
#33 ...

#34 [cook-cdc-reader 1/1] RUN --mount=type=cache,id=wamn-root-cargo-registry,target=/usr/local/cargo/registry,sharing=locked     --mount=type=cache,id=wamn-root-cargo-git,target=/usr/local/cargo/git,sharing=locked     --mount=type=cache,id=wamn-root-target,target=/build/target,sharing=locked     cargo chef cook --locked --release --recipe-path root-recipe.json -p wamn-cdc-reader
#34 ...

#33 [cook-ctl 1/1] RUN --mount=type=cache,id=wamn-root-cargo-registry,target=/usr/local/cargo/registry,sharing=locked     --mount=type=cache,id=wamn-root-cargo-git,target=/usr/local/cargo/git,sharing=locked     --mount=type=cache,id=wamn-root-target,target=/build/target,sharing=locked     cargo chef cook --locked --release --recipe-path root-recipe.json -p wamn-ctl
#33 DONE 11.3s

#35 [build-ctl 1/2] COPY --from=root-source /build /build
#35 DONE 0.4s

#30 [build-gates 1/1] RUN --mount=type=cache,id=wamn-root-cargo-registry,target=/usr/local/cargo/registry,sharing=locked     --mount=type=cache,id=wamn-root-cargo-git,target=/usr/local/cargo/git,sharing=locked     --mount=type=cache,id=wamn-root-target,target=/build/target,sharing=locked     cargo build --locked --release -p wamn-gates  && install -D -m 0755 target/release/wamn-gates /native-output/wamn-gates
#30 ...

#36 [build-ctl 2/2] RUN --mount=type=cache,id=wamn-root-cargo-registry,target=/usr/local/cargo/registry,sharing=locked     --mount=type=cache,id=wamn-root-cargo-git,target=/usr/local/cargo/git,sharing=locked     --mount=type=cache,id=wamn-root-target,target=/build/target,sharing=locked     cargo build --locked --release -p wamn-ctl  && cargo build --locked --release -p wamn-ctl --features ops --bin wamn-ctl-ops  && install -D -m 0755 target/release/wamn-ctl /native-output/wamn-ctl  && install -D -m 0755 target/release/wamn-ctl-ops /native-output/wamn-ctl-ops
#36 ...

#27 [cook-dispatcher 1/1] RUN --mount=type=cache,id=wamn-root-cargo-registry,target=/usr/local/cargo/registry,sharing=locked     --mount=type=cache,id=wamn-root-cargo-git,target=/usr/local/cargo/git,sharing=locked     --mount=type=cache,id=wamn-root-target,target=/build/target,sharing=locked     cargo chef cook --locked --release --recipe-path root-recipe.json -p wamn-dispatcher
#27 12.14    Compiling wamn-execution-contract v0.1.0 (/build/components/execution/contract)
#27 12.14    Compiling wamn-pg-core v0.0.1 (/build/crates/platform/pg-core)
#27 12.15    Compiling wamn-control-registry v0.0.1 (/build/crates/control/registry)
#27 12.15    Compiling wamn-scheduler v0.0.1 (/build/crates/execution/scheduler)
#27 12.53    Compiling wamn-run-state v0.0.1 (/build/crates/execution/run-state)
#27 12.55    Compiling wamn-dispatcher v0.0.1 (/build/services/dispatcher)
#27 17.02     Finished `release` profile [optimized] target(s) in 5.40s
#27 DONE 18.4s

#34 [cook-cdc-reader 1/1] RUN --mount=type=cache,id=wamn-root-cargo-registry,target=/usr/local/cargo/registry,sharing=locked     --mount=type=cache,id=wamn-root-cargo-git,target=/usr/local/cargo/git,sharing=locked     --mount=type=cache,id=wamn-root-target,target=/build/target,sharing=locked     cargo chef cook --locked --release --recipe-path root-recipe.json -p wamn-cdc-reader
#34 ...

#37 [build-dispatcher 1/2] COPY --from=root-source /build /build
#37 DONE 0.4s

#30 [build-gates 1/1] RUN --mount=type=cache,id=wamn-root-cargo-registry,target=/usr/local/cargo/registry,sharing=locked     --mount=type=cache,id=wamn-root-cargo-git,target=/usr/local/cargo/git,sharing=locked     --mount=type=cache,id=wamn-root-target,target=/build/target,sharing=locked     cargo build --locked --release -p wamn-gates  && install -D -m 0755 target/release/wamn-gates /native-output/wamn-gates
#30 ...

#38 [build-dispatcher 2/2] RUN --mount=type=cache,id=wamn-root-cargo-registry,target=/usr/local/cargo/registry,sharing=locked     --mount=type=cache,id=wamn-root-cargo-git,target=/usr/local/cargo/git,sharing=locked     --mount=type=cache,id=wamn-root-target,target=/build/target,sharing=locked     cargo build --locked --release -p wamn-dispatcher  && install -D -m 0755 target/release/wamn-dispatcher /native-output/wamn-dispatcher
#38 ...

#34 [cook-cdc-reader 1/1] RUN --mount=type=cache,id=wamn-root-cargo-registry,target=/usr/local/cargo/registry,sharing=locked     --mount=type=cache,id=wamn-root-cargo-git,target=/usr/local/cargo/git,sharing=locked     --mount=type=cache,id=wamn-root-target,target=/build/target,sharing=locked     cargo chef cook --locked --release --recipe-path root-recipe.json -p wamn-cdc-reader
#34 19.58    Compiling wamn-execution-contract v0.1.0 (/build/components/execution/contract)
#34 19.59    Compiling wamn-event-wire v0.1.0 (/build/components/events/wire)
#34 19.59    Compiling wamn-component-policy v0.0.1 (/build/crates/platform/component-policy)
#34 19.60    Compiling wamn-schema-introspection v0.0.1 (/build/crates/schema/introspection)
#34 19.64    Compiling wamn-pg-core v0.0.1 (/build/crates/platform/pg-core)
#34 19.65    Compiling wamn-control-registry v0.0.1 (/build/crates/control/registry)
#34 20.08    Compiling wamn-run-state v0.0.1 (/build/crates/execution/run-state)
#34 20.48    Compiling wamn-catalog v0.0.1 (/build/crates/catalog/model)
#34 20.55    Compiling wamn-schema-generator v0.0.1 (/build/crates/schema/generator)
#34 20.60    Compiling wamn-control-provision v0.0.1 (/build/crates/control/provision)
#34 20.64    Compiling wamn-cdc-reader v0.0.1 (/build/services/cdc-reader)
#34 25.45     Finished `release` profile [optimized] target(s) in 6.62s
#34 DONE 27.0s

#38 [build-dispatcher 2/2] RUN --mount=type=cache,id=wamn-root-cargo-registry,target=/usr/local/cargo/registry,sharing=locked     --mount=type=cache,id=wamn-root-cargo-git,target=/usr/local/cargo/git,sharing=locked     --mount=type=cache,id=wamn-root-target,target=/build/target,sharing=locked     cargo build --locked --release -p wamn-dispatcher  && install -D -m 0755 target/release/wamn-dispatcher /native-output/wamn-dispatcher
#38 ...

#39 [build-cdc-reader 1/2] COPY --from=root-source /build /build
#39 DONE 0.4s

#38 [build-dispatcher 2/2] RUN --mount=type=cache,id=wamn-root-cargo-registry,target=/usr/local/cargo/registry,sharing=locked     --mount=type=cache,id=wamn-root-cargo-git,target=/usr/local/cargo/git,sharing=locked     --mount=type=cache,id=wamn-root-target,target=/build/target,sharing=locked     cargo build --locked --release -p wamn-dispatcher  && install -D -m 0755 target/release/wamn-dispatcher /native-output/wamn-dispatcher
#38 ...

#40 [build-cdc-reader 2/2] RUN --mount=type=cache,id=wamn-root-cargo-registry,target=/usr/local/cargo/registry,sharing=locked     --mount=type=cache,id=wamn-root-cargo-git,target=/usr/local/cargo/git,sharing=locked     --mount=type=cache,id=wamn-root-target,target=/build/target,sharing=locked     cargo build --locked --release -p wamn-cdc-reader  && install -D -m 0755 target/release/wamn-cdc-reader /native-output/wamn-cdc-reader
#40 ...

#36 [build-ctl 2/2] RUN --mount=type=cache,id=wamn-root-cargo-registry,target=/usr/local/cargo/registry,sharing=locked     --mount=type=cache,id=wamn-root-cargo-git,target=/usr/local/cargo/git,sharing=locked     --mount=type=cache,id=wamn-root-target,target=/build/target,sharing=locked     cargo build --locked --release -p wamn-ctl  && cargo build --locked --release -p wamn-ctl --features ops --bin wamn-ctl-ops  && install -D -m 0755 target/release/wamn-ctl /native-output/wamn-ctl  && install -D -m 0755 target/release/wamn-ctl-ops /native-output/wamn-ctl-ops
#36 16.09    Compiling wamn-component-policy v0.1.0 (/build/crates/platform/component-policy)
#36 16.09    Compiling wamn-pg-core v0.1.0 (/build/crates/platform/pg-core)
#36 16.10    Compiling wamn-schema-introspection v0.1.0 (/build/crates/schema/introspection)
#36 16.10    Compiling wamn-control-registry v0.1.0 (/build/crates/control/registry)
#36 16.24    Compiling wamn-catalog v0.1.0 (/build/crates/catalog/model)
#36 16.40    Compiling wamn-run-state v0.1.0 (/build/crates/execution/run-state)
#36 18.34 warning: function `canonical_serialized` is never used
#36 18.34    --> crates/catalog/model/src/lib.rs:792:4
#36 18.34     |
#36 18.34 792 | fn canonical_serialized(value: &impl Serialize) -> Vec<u8> {
#36 18.34     |    ^^^^^^^^^^^^^^^^^^^^
#36 18.34     |
#36 18.34     = note: `#[warn(dead_code)]` (part of `#[warn(unused)]`) on by default
#36 18.34 
#36 19.66    Compiling wamn-schema-generator v0.1.0 (/build/crates/schema/generator)
#36 20.26    Compiling wamn-client v0.1.0 (/build/crates/client/core)
#36 22.82    Compiling wamn-client-tui v0.1.0 (/build/crates/client/tui)
#36 23.66    Compiling wamn-router v0.1.0 (/build/crates/execution/router)
#36 25.16    Compiling wamn-platform-identity v0.1.0 (/build/crates/identity/platform)
#36 25.23    Compiling wamn-client-terminal v0.1.0 (/build/crates/client/terminal)
#36 27.16    Compiling wamn-schema-control v0.1.0 (/build/crates/schema/control)
#36 27.72 warning: `wamn-catalog` (lib) generated 1 warning
#36 27.72    Compiling wamn-control-provision v0.1.0 (/build/crates/control/provision)
#36 28.40    Compiling wamn-runtime v0.1.0 (/build/crates/platform/runtime)
#36 29.54 warning: the item `Future` is imported redundantly
#36 29.54  --> crates/platform/runtime/src/connection_authority.rs:3:5
#36 29.54   |
#36 29.54 3 | use std::future::Future;
#36 29.54   |     ^^^^^^^^^^^^^^^^^^^
#36 29.54   |
#36 29.54  --> /rustc/88d9e12ae178fab0fb5cc050a94da85685d449ea/library/std/src/prelude/mod.rs:166:12
#36 29.54   |
#36 29.54   = note: the item `Future` is already defined here
#36 29.54   |
#36 29.54   = note: requested on the command line with `-W redundant-imports`
#36 29.54 
#36 29.56 warning: the item `Future` is imported redundantly
#36 29.56  --> crates/platform/runtime/src/plugins/wamn_postgres/pool.rs:7:5
#36 29.56   |
#36 29.56 7 | use std::future::Future;
#36 29.56   |     ^^^^^^^^^^^^^^^^^^^
#36 29.56   |
#36 29.56  --> /rustc/88d9e12ae178fab0fb5cc050a94da85685d449ea/library/std/src/prelude/mod.rs:166:12
#36 29.56   |
#36 29.56   = note: the item `Future` is already defined here
#36 29.56 
#36 30.70    Compiling wamn-authoring-model v0.1.0 (/build/crates/authoring/model)
#36 38.81 warning: constant `HTTP_CONTRACT` is never used
#36 38.81   --> crates/platform/runtime/src/plugins/connection_http.rs:52:7
#36 38.81    |
#36 38.81 52 | const HTTP_CONTRACT: &str = "wamn:connection/http@0.1.0";
#36 38.81    |       ^^^^^^^^^^^^^
#36 38.81    |
#36 38.81    = note: `#[warn(dead_code)]` (part of `#[warn(unused)]`) on by default
#36 38.81 
#36 38.86 warning: type does not implement `std::fmt::Debug`; consider adding `#[derive(Debug)]` or a manual implementation
#36 38.86    --> crates/platform/runtime/src/plugins/connection_http.rs:114:1
#36 38.86     |
#36 38.86 114 | / pub struct ConnectionHttp {
#36 38.86 115 | |     postgres: Arc<WamnPostgres>,
#36 38.86 116 | |     vault: Arc<WamnCredentials>,
#36 38.86 117 | |     tenant: Box<str>,
#36 38.86 ...   |
#36 38.86 133 | |     invocations: std::sync::RwLock<HashMap<String, ConnectionInvocation>>,
#36 38.86 134 | | }
#36 38.86     | |_^
#36 38.86     |
#36 38.86     = note: requested on the command line with `-W missing-debug-implementations`
#36 38.86 
#36 38.87 warning: type does not implement `std::fmt::Debug`; consider adding `#[derive(Debug)]` or a manual implementation
#36 38.87   --> crates/platform/runtime/src/plugins/wamn_credentials.rs:27:1
#36 38.87    |
#36 38.87 27 | / pub struct WamnCredentials {
#36 38.87 28 | |     /// Whether ANY backing source was configured. Distinguishes `unavailable`
#36 38.87 29 | |     /// (no source — retryable) from `not-found` (source present, name absent —
#36 38.87 30 | |     /// config-shaped).
#36 38.87 ...  |
#36 38.87 33 | |     projects: HashMap<String, HashMap<String, String>>,
#36 38.87 34 | | }
#36 38.87    | |_^
#36 38.87 
#36 38.87 warning: type does not implement `std::fmt::Debug`; consider adding `#[derive(Debug)]` or a manual implementation
#36 38.87    --> crates/platform/runtime/src/plugins/wamn_jetstream.rs:544:1
#36 38.87     |
#36 38.87 544 | / pub struct WamnJetstream {
#36 38.87 545 | |     nats_url: Option<String>,
#36 38.87 546 | |     /// Lazily-connected, memoized JetStream context. A `Mutex<Option<_>>` (not a
#36 38.87 547 | |     /// `OnceCell`) so a transient connect failure is retried on the next call
#36 38.87 ...   |
#36 38.87 569 | |     dlq_depth: Arc<DeadLetterDepth>,
#36 38.87 570 | | }
#36 38.87     | |_^
#36 38.87 
#36 38.88 warning: type does not implement `std::fmt::Debug`; consider adding `#[derive(Debug)]` or a manual implementation
#36 38.88     --> crates/platform/runtime/src/plugins/wamn_jetstream.rs:1209:1
#36 38.88      |
#36 38.88 1209 | / pub struct JsConsumer {
#36 38.88 1210 | |     consumer: Consumer<PullConfig>,
#36 38.88 1211 | |     dead_letter: Option<DeadLetterIdentity>,
#36 38.88 1212 | | }
#36 38.88      | |_^
#36 38.88 
#36 38.88 warning: type does not implement `std::fmt::Debug`; consider adding `#[derive(Debug)]` or a manual implementation
#36 38.88     --> crates/platform/runtime/src/plugins/wamn_jetstream.rs:1216:1
#36 38.88      |
#36 38.88 1216 | / pub struct JsMessage {
#36 38.88 1217 | |     msg: async_nats::jetstream::Message,
#36 38.88 1218 | |     dead_letter: Option<DeadLetterIdentity>,
#36 38.88 1219 | | }
#36 38.88      | |_^
#36 38.88 
#36 38.89 warning: type does not implement `std::fmt::Debug`; consider adding `#[derive(Debug)]` or a manual implementation
#36 38.89    --> crates/platform/runtime/src/plugins/wamn_logging.rs:213:1
#36 38.89     |
#36 38.89 213 | / pub struct Capture {
#36 38.89 214 | |     records: std::sync::Mutex<Vec<CapturedRec>>,
#36 38.89 215 | | }
#36 38.89     | |_^
#36 38.89 
#36 38.89 warning: type does not implement `std::fmt::Debug`; consider adding `#[derive(Debug)]` or a manual implementation
#36 38.89    --> crates/platform/runtime/src/plugins/wamn_logging.rs:235:1
#36 38.89     |
#36 38.89 235 | / pub struct WamnLogging {
#36 38.89 236 | |     /// component id → host-trusted {tenant, project}.
#36 38.89 237 | |     claims: std::sync::RwLock<HashMap<String, Claim>>,
#36 38.89 238 | |     /// Bounded front queue; `try_send` keeps `log()` non-blocking.
#36 38.89 ...   |
#36 38.89 243 | |     _drain: tokio::task::JoinHandle<()>,
#36 38.89 244 | | }
#36 38.89     | |_^
#36 38.89 
#36 38.89 warning: type does not implement `std::fmt::Debug`; consider adding `#[derive(Debug)]` or a manual implementation
#36 38.89    --> crates/platform/runtime/src/plugins/wamn_postgres/claims.rs:55:1
#36 38.89     |
#36 38.89  55 | / pub struct WamnPostgres {
#36 38.89  56 | |     /// Resolves a project id → its database connection + policy.
#36 38.89  57 | |     provider: Arc<dyn CredentialProvider>,
#36 38.89  58 | |     /// Guest-visible project pools, built lazily and never shared with host-owned
#36 38.89 ...   |
#36 38.89 121 | |     pub(super) bind_counters: super::BindCounters,
#36 38.89 122 | | }
#36 38.89     | |_^
#36 38.89 
#36 38.89 warning: type does not implement `std::fmt::Debug`; consider adding `#[derive(Debug)]` or a manual implementation
#36 38.89    --> crates/platform/runtime/src/plugins/wamn_postgres/pool.rs:339:1
#36 38.89     |
#36 38.89 339 | / pub struct StaticCredentialProvider {
#36 38.89 340 | |     projects: HashMap<String, ProjectConfig>,
#36 38.89 341 | | }
#36 38.89     | |_^
#36 38.89 
#36 38.90 warning: type does not implement `std::fmt::Debug`; consider adding `#[derive(Debug)]` or a manual implementation
#36 38.90    --> crates/platform/runtime/src/plugins/wamn_postgres/pool.rs:514:1
#36 38.90     |
#36 38.90 514 | / pub struct K8sSecretProvider {
#36 38.90 515 | |     pub namespace: String,
#36 38.90 516 | | }
#36 38.90     | |_^
#36 38.90 
#36 38.90 warning: type does not implement `std::fmt::Debug`; consider adding `#[derive(Debug)]` or a manual implementation
#36 38.90    --> crates/platform/runtime/src/plugins/wamn_postgres/resources.rs:99:1
#36 38.90     |
#36 38.90  99 | / pub struct PgTransaction {
#36 38.90 100 | |     state: SharedTxnState,
#36 38.90 101 | |     destroyed: Arc<AtomicU64>,
#36 38.90 102 | |     cursor_seq: u32,
#36 38.90 103 | |     /// Row limit of the project this transaction's connection belongs to.
#36 38.90 104 | |     row_limit: u64,
#36 38.90 105 | | }
#36 38.90     | |_^
#36 38.90 
#36 38.90 warning: type does not implement `std::fmt::Debug`; consider adding `#[derive(Debug)]` or a manual implementation
#36 38.90    --> crates/platform/runtime/src/plugins/wamn_postgres/resources.rs:145:1
#36 38.90     |
#36 38.90 145 | / pub struct PgCursor {
#36 38.90 146 | |     state: SharedTxnState,
#36 38.90 147 | |     destroyed: Arc<AtomicU64>,
#36 38.90 148 | |     name: String,
#36 38.90 149 | | }
#36 38.90     | |_^
#36 38.90 
#36 38.91 warning: type does not implement `std::fmt::Debug`; consider adding `#[derive(Debug)]` or a manual implementation
#36 38.91    --> crates/platform/runtime/src/wiring_doorbell.rs:145:1
#36 38.91     |
#36 38.91 145 | / pub struct WiringDoorbellListener {
#36 38.91 146 | |     shutdown: tokio::sync::watch::Sender<bool>,
#36 38.91 147 | |     task: tokio::task::JoinHandle<()>,
#36 38.91 148 | | }
#36 38.91     | |_^
#36 38.91 
#36 43.20    Compiling wamn-ctl v0.1.0 (/build/services/ctl)
#36 50.93 warning: function `run_once_stages` is never used
#36 50.93    --> services/ctl/src/dev.rs:603:10
#36 50.93     |
#36 50.93 603 | async fn run_once_stages<R>(
#36 50.93     |          ^^^^^^^^^^^^^^^
#36 50.93     |
#36 50.93     = note: `#[warn(dead_code)]` (part of `#[warn(unused)]`) on by default
#36 50.93 
#36 50.93 warning: function `verify_source_package_with_client` is never used
#36 50.93     --> services/ctl/src/push_component.rs:1301:10
#36 50.93      |
#36 50.93 1301 | async fn verify_source_package_with_client(
#36 50.93      |          ^^^^^^^^^^^^^^^^^^^^^^^^^^^^^^^^^
#36 50.93 
#36 58.83 warning: `wamn-runtime` (lib) generated 16 warnings
#36 72.00 warning: `wamn-ctl` (lib) generated 2 warnings
#36 438.9     Finished `release` profile [optimized] target(s) in 7m 03s
#36 440.2 warning: function `canonical_serialized` is never used
#36 440.2    --> crates/catalog/model/src/lib.rs:792:4
#36 440.2     |
#36 440.2 792 | fn canonical_serialized(value: &impl Serialize) -> Vec<u8> {
#36 440.2     |    ^^^^^^^^^^^^^^^^^^^^
#36 440.2     |
#36 440.2     = note: `#[warn(dead_code)]` (part of `#[warn(unused)]`) on by default
#36 440.2 
#36 440.2 warning: `wamn-catalog` (lib) generated 1 warning
#36 440.2 warning: the item `Future` is imported redundantly
#36 440.2  --> crates/platform/runtime/src/connection_authority.rs:3:5
#36 440.2   |
#36 440.2 3 | use std::future::Future;
#36 440.2   |     ^^^^^^^^^^^^^^^^^^^
#36 440.2   |
#36 440.2  --> /rustc/88d9e12ae178fab0fb5cc050a94da85685d449ea/library/std/src/prelude/mod.rs:166:12
#36 440.2   |
#36 440.2   = note: the item `Future` is already defined here
#36 440.2   |
#36 440.2   = note: requested on the command line with `-W redundant-imports`
#36 440.2 
#36 440.2 warning: the item `Future` is imported redundantly
#36 440.2  --> crates/platform/runtime/src/plugins/wamn_postgres/pool.rs:7:5
#36 440.2   |
#36 440.2 7 | use std::future::Future;
#36 440.2   |     ^^^^^^^^^^^^^^^^^^^
#36 440.2   |
#36 440.2  --> /rustc/88d9e12ae178fab0fb5cc050a94da85685d449ea/library/std/src/prelude/mod.rs:166:12
#36 440.2   |
#36 440.2   = note: the item `Future` is already defined here
#36 440.2 
#36 440.2 warning: constant `HTTP_CONTRACT` is never used
#36 440.2   --> crates/platform/runtime/src/plugins/connection_http.rs:52:7
#36 440.2    |
#36 440.2 52 | const HTTP_CONTRACT: &str = "wamn:connection/http@0.1.0";
#36 440.2    |       ^^^^^^^^^^^^^
#36 440.2    |
#36 440.2    = note: `#[warn(dead_code)]` (part of `#[warn(unused)]`) on by default
#36 440.2 
#36 440.2 warning: type does not implement `std::fmt::Debug`; consider adding `#[derive(Debug)]` or a manual implementation
#36 440.2    --> crates/platform/runtime/src/plugins/connection_http.rs:114:1
#36 440.2     |
#36 440.2 114 | / pub struct ConnectionHttp {
#36 440.2 115 | |     postgres: Arc<WamnPostgres>,
#36 440.2 116 | |     vault: Arc<WamnCredentials>,
#36 440.2 117 | |     tenant: Box<str>,
#36 440.2 ...   |
#36 440.2 133 | |     invocations: std::sync::RwLock<HashMap<String, ConnectionInvocation>>,
#36 440.2 134 | | }
#36 440.2     | |_^
#36 440.2     |
#36 440.2     = note: requested on the command line with `-W missing-debug-implementations`
#36 440.2 
#36 440.2 warning: type does not implement `std::fmt::Debug`; consider adding `#[derive(Debug)]` or a manual implementation
#36 440.2   --> crates/platform/runtime/src/plugins/wamn_credentials.rs:27:1
#36 440.2    |
#36 440.2 27 | / pub struct WamnCredentials {
#36 440.2 28 | |     /// Whether ANY backing source was configured. Distinguishes `unavailable`
#36 440.2 29 | |     /// (no source — retryable) from `not-found` (source present, name absent —
#36 440.2 30 | |     /// config-shaped).
#36 440.2 ...  |
#36 440.2 33 | |     projects: HashMap<String, HashMap<String, String>>,
#36 440.2 34 | | }
#36 440.2    | |_^
#36 440.2 
#36 440.2 warning: type does not implement `std::fmt::Debug`; consider adding `#[derive(Debug)]` or a manual implementation
#36 440.2    --> crates/platform/runtime/src/plugins/wamn_jetstream.rs:544:1
#36 440.2     |
#36 440.2 544 | / pub struct WamnJetstream {
#36 440.2 545 | |     nats_url: Option<String>,
#36 440.2 546 | |     /// Lazily-connected, memoized JetStream context. A `Mutex<Option<_>>` (not a
#36 440.2 547 | |     /// `OnceCell`) so a transient connect failure is retried on the next call
#36 440.2 ...   |
#36 440.2 569 | |     dlq_depth: Arc<DeadLetterDepth>,
#36 440.2 570 | | }
#36 440.2     | |_^
#36 440.2 
#36 440.2 warning: type does not implement `std::fmt::Debug`; consider adding `#[derive(Debug)]` or a manual implementation
#36 440.2     --> crates/platform/runtime/src/plugins/wamn_jetstream.rs:1209:1
#36 440.2      |
#36 440.2 1209 | / pub struct JsConsumer {
#36 440.2 1210 | |     consumer: Consumer<PullConfig>,
#36 440.2 1211 | |     dead_letter: Option<DeadLetterIdentity>,
#36 440.2 1212 | | }
#36 440.2      | |_^
#36 440.2 
#36 440.2 warning: type does not implement `std::fmt::Debug`; consider adding `#[derive(Debug)]` or a manual implementation
#36 440.2     --> crates/platform/runtime/src/plugins/wamn_jetstream.rs:1216:1
#36 440.2      |
#36 440.2 1216 | / pub struct JsMessage {
#36 440.2 1217 | |     msg: async_nats::jetstream::Message,
#36 440.2 1218 | |     dead_letter: Option<DeadLetterIdentity>,
#36 440.2 1219 | | }
#36 440.2      | |_^
#36 440.2 
#36 440.2 warning: type does not implement `std::fmt::Debug`; consider adding `#[derive(Debug)]` or a manual implementation
#36 440.2    --> crates/platform/runtime/src/plugins/wamn_logging.rs:213:1
#36 440.2     |
#36 440.2 213 | / pub struct Capture {
#36 440.2 214 | |     records: std::sync::Mutex<Vec<CapturedRec>>,
#36 440.2 215 | | }
#36 440.2     | |_^
#36 440.2 
#36 440.2 warning: type does not implement `std::fmt::Debug`; consider adding `#[derive(Debug)]` or a manual implementation
#36 440.2    --> crates/platform/runtime/src/plugins/wamn_logging.rs:235:1
#36 440.2     |
#36 440.2 235 | / pub struct WamnLogging {
#36 440.2 236 | |     /// component id → host-trusted {tenant, project}.
#36 440.2 237 | |     claims: std::sync::RwLock<HashMap<String, Claim>>,
#36 440.2 238 | |     /// Bounded front queue; `try_send` keeps `log()` non-blocking.
#36 440.2 ...   |
#36 440.2 243 | |     _drain: tokio::task::JoinHandle<()>,
#36 440.2 244 | | }
#36 440.2     | |_^
#36 440.2 
#36 440.2 warning: type does not implement `std::fmt::Debug`; consider adding `#[derive(Debug)]` or a manual implementation
#36 440.2    --> crates/platform/runtime/src/plugins/wamn_postgres/claims.rs:55:1
#36 440.2     |
#36 440.2  55 | / pub struct WamnPostgres {
#36 440.2  56 | |     /// Resolves a project id → its database connection + policy.
#36 440.2  57 | |     provider: Arc<dyn CredentialProvider>,
#36 440.2  58 | |     /// Guest-visible project pools, built lazily and never shared with host-owned
#36 440.2 ...   |
#36 440.2 121 | |     pub(super) bind_counters: super::BindCounters,
#36 440.2 122 | | }
#36 440.2     | |_^
#36 440.2 
#36 440.2 warning: type does not implement `std::fmt::Debug`; consider adding `#[derive(Debug)]` or a manual implementation
#36 440.2    --> crates/platform/runtime/src/plugins/wamn_postgres/pool.rs:339:1
#36 440.2     |
#36 440.2 339 | / pub struct StaticCredentialProvider {
#36 440.2 340 | |     projects: HashMap<String, ProjectConfig>,
#36 440.2 341 | | }
#36 440.2     | |_^
#36 440.2 
#36 440.2 warning: type does not implement `std::fmt::Debug`; consider adding `#[derive(Debug)]` or a manual implementation
#36 440.2    --> crates/platform/runtime/src/plugins/wamn_postgres/pool.rs:514:1
#36 440.2     |
#36 440.2 514 | / pub struct K8sSecretProvider {
#36 440.2 515 | |     pub namespace: String,
#36 440.2 516 | | }
#36 440.2     | |_^
#36 440.2 
#36 440.2 warning: type does not implement `std::fmt::Debug`; consider adding `#[derive(Debug)]` or a manual implementation
#36 440.2    --> crates/platform/runtime/src/plugins/wamn_postgres/resources.rs:99:1
#36 440.2     |
#36 440.2  99 | / pub struct PgTransaction {
#36 440.2 100 | |     state: SharedTxnState,
#36 440.2 101 | |     destroyed: Arc<AtomicU64>,
#36 440.2 102 | |     cursor_seq: u32,
#36 440.2 103 | |     /// Row limit of the project this transaction's connection belongs to.
#36 440.2 104 | |     row_limit: u64,
#36 440.2 105 | | }
#36 440.2     | |_^
#36 440.2 
#36 440.2 warning: type does not implement `std::fmt::Debug`; consider adding `#[derive(Debug)]` or a manual implementation
#36 440.2    --> crates/platform/runtime/src/plugins/wamn_postgres/resources.rs:145:1
#36 440.2     |
#36 440.2 145 | / pub struct PgCursor {
#36 440.2 146 | |     state: SharedTxnState,
#36 440.2 147 | |     destroyed: Arc<AtomicU64>,
#36 440.2 148 | |     name: String,
#36 440.2 149 | | }
#36 440.2     | |_^
#36 440.2 
#36 440.2 warning: type does not implement `std::fmt::Debug`; consider adding `#[derive(Debug)]` or a manual implementation
#36 440.2    --> crates/platform/runtime/src/wiring_doorbell.rs:145:1
#36 440.2     |
#36 440.2 145 | / pub struct WiringDoorbellListener {
#36 440.2 146 | |     shutdown: tokio::sync::watch::Sender<bool>,
#36 440.2 147 | |     task: tokio::task::JoinHandle<()>,
#36 440.2 148 | | }
#36 440.2     | |_^
#36 440.2 
#36 440.2    Compiling wamn-control-provision v0.1.0 (/build/crates/control/provision)
#36 440.2 warning: `wamn-runtime` (lib) generated 16 warnings
#36 441.1    Compiling wamn-ctl v0.1.0 (/build/services/ctl)
#36 449.3 warning: function `run_once_stages` is never used
#36 449.3    --> services/ctl/src/dev.rs:603:10
#36 449.3     |
#36 449.3 603 | async fn run_once_stages<R>(
#36 449.3     |          ^^^^^^^^^^^^^^^
#36 449.3     |
#36 449.3     = note: `#[warn(dead_code)]` (part of `#[warn(unused)]`) on by default
#36 449.3 
#36 449.3 warning: function `verify_source_package_with_client` is never used
#36 449.3     --> services/ctl/src/push_component.rs:1301:10
#36 449.3      |
#36 449.3 1301 | async fn verify_source_package_with_client(
#36 449.3      |          ^^^^^^^^^^^^^^^^^^^^^^^^^^^^^^^^^
#36 449.3 
#36 472.0 warning: `wamn-ctl` (lib) generated 2 warnings
#36 541.1     Finished `release` profile [optimized] target(s) in 1m 42s
#36 DONE 541.4s

#30 [build-gates 1/1] RUN --mount=type=cache,id=wamn-root-cargo-registry,target=/usr/local/cargo/registry,sharing=locked     --mount=type=cache,id=wamn-root-cargo-git,target=/usr/local/cargo/git,sharing=locked     --mount=type=cache,id=wamn-root-target,target=/build/target,sharing=locked     cargo build --locked --release -p wamn-gates  && install -D -m 0755 target/release/wamn-gates /native-output/wamn-gates
#30 ...

#40 [build-cdc-reader 2/2] RUN --mount=type=cache,id=wamn-root-cargo-registry,target=/usr/local/cargo/registry,sharing=locked     --mount=type=cache,id=wamn-root-cargo-git,target=/usr/local/cargo/git,sharing=locked     --mount=type=cache,id=wamn-root-target,target=/build/target,sharing=locked     cargo build --locked --release -p wamn-cdc-reader  && install -D -m 0755 target/release/wamn-cdc-reader /native-output/wamn-cdc-reader
#40 526.4    Compiling wamn-catalog v0.1.0 (/build/crates/catalog/model)
#40 526.4    Compiling wamn-schema-introspection v0.1.0 (/build/crates/schema/introspection)
#40 526.5    Compiling wamn-run-state v0.1.0 (/build/crates/execution/run-state)
#40 526.5    Compiling wamn-control-registry v0.1.0 (/build/crates/control/registry)
#40 528.5 warning: function `canonical_serialized` is never used
#40 528.5    --> crates/catalog/model/src/lib.rs:792:4
#40 528.5     |
#40 528.5 792 | fn canonical_serialized(value: &impl Serialize) -> Vec<u8> {
#40 528.5     |    ^^^^^^^^^^^^^^^^^^^^
#40 528.5     |
#40 528.5     = note: `#[warn(dead_code)]` (part of `#[warn(unused)]`) on by default
#40 528.5 
#40 530.1    Compiling wamn-schema-generator v0.1.0 (/build/crates/schema/generator)
#40 534.6 warning: `wamn-catalog` (lib) generated 1 warning
#40 537.2    Compiling wamn-control-provision v0.1.0 (/build/crates/control/provision)
#40 541.3    Compiling wamn-cdc-reader v0.1.0 (/build/services/cdc-reader)
#40 602.8     Finished `release` profile [optimized] target(s) in 1m 16s
#40 DONE 603.0s

#38 [build-dispatcher 2/2] RUN --mount=type=cache,id=wamn-root-cargo-registry,target=/usr/local/cargo/registry,sharing=locked     --mount=type=cache,id=wamn-root-cargo-git,target=/usr/local/cargo/git,sharing=locked     --mount=type=cache,id=wamn-root-target,target=/build/target,sharing=locked     cargo build --locked --release -p wamn-dispatcher  && install -D -m 0755 target/release/wamn-dispatcher /native-output/wamn-dispatcher
#38 612.5    Compiling wamn-run-state v0.1.0 (/build/crates/execution/run-state)
#38 612.5    Compiling wamn-control-registry v0.1.0 (/build/crates/control/registry)
#38 612.5    Compiling wamn-scheduler v0.1.0 (/build/crates/execution/scheduler)
#38 613.2    Compiling wamn-dispatcher v0.1.0 (/build/services/dispatcher)
#38 614.0 warning: type does not implement `std::fmt::Debug`; consider adding `#[derive(Debug)]` or a manual implementation
#38 614.0    --> services/dispatcher/src/lib.rs:293:1
#38 614.0     |
#38 614.0 293 | / pub struct ProjectState {
#38 614.0 294 | |     pub spec: ProjectSpec,
#38 614.0 295 | |     client: Client,
#38 614.0 296 | |     _conn: tokio::task::JoinHandle<()>,
#38 614.0 ...   |
#38 614.0 299 | |     pub last_sweep_ms: i64,
#38 614.0 300 | | }
#38 614.0     | |_^
#38 614.0     |
#38 614.0     = note: requested on the command line with `-W missing-debug-implementations`
#38 614.0 
#38 614.0 warning: type does not implement `std::fmt::Debug`; consider adding `#[derive(Debug)]` or a manual implementation
#38 614.0    --> services/dispatcher/src/lib.rs:318:1
#38 614.0     |
#38 614.0 318 | / pub struct DispatcherConfig {
#38 614.0 319 | |     /// The validated adaptive poll cadence: an inverted `min > max` band is
#38 614.0 320 | |     /// rejected at [`Cadence::new`], so the dispatcher's interval math can never
#38 614.0 321 | |     /// see one (R13-hardening — inverted ranges are unrepresentable here).
#38 614.0 322 | |     pub cadence: Cadence,
#38 614.0 323 | |     pub batch: usize,
#38 614.0 324 | | }
#38 614.0     | |_^
#38 614.0 
#38 614.0 warning: type does not implement `std::fmt::Debug`; consider adding `#[derive(Debug)]` or a manual implementation
#38 614.0    --> services/dispatcher/src/lib.rs:352:1
#38 614.0     |
#38 614.0 352 | / pub struct Dispatcher {
#38 614.0 353 | |     pub projects: Vec<ProjectState>,
#38 614.0 354 | |     nats: Option<async_nats::Client>,
#38 614.0 355 | |     cfg: DispatcherConfig,
#38 614.0 ...   |
#38 614.0 358 | |     depth: DepthRegistry,
#38 614.0 359 | | }
#38 614.0     | |_^
#38 614.0 
#38 618.0 warning: `wamn-dispatcher` (lib) generated 3 warnings
#38 675.0     Finished `release` profile [optimized] target(s) in 1m 03s
#38 DONE 675.3s

#30 [build-gates 1/1] RUN --mount=type=cache,id=wamn-root-cargo-registry,target=/usr/local/cargo/registry,sharing=locked     --mount=type=cache,id=wamn-root-cargo-git,target=/usr/local/cargo/git,sharing=locked     --mount=type=cache,id=wamn-root-target,target=/build/target,sharing=locked     cargo build --locked --release -p wamn-gates  && install -D -m 0755 target/release/wamn-gates /native-output/wamn-gates
#30 695.4 warning: function `canonical_serialized` is never used
#30 695.4    --> crates/catalog/model/src/lib.rs:792:4
#30 695.4     |
#30 695.4 792 | fn canonical_serialized(value: &impl Serialize) -> Vec<u8> {
#30 695.4     |    ^^^^^^^^^^^^^^^^^^^^
#30 695.4     |
#30 695.4     = note: `#[warn(dead_code)]` (part of `#[warn(unused)]`) on by default
#30 695.4 
#30 695.4 warning: `wamn-catalog` (lib) generated 1 warning
#30 695.4    Compiling wamn-router v0.1.0 (/build/crates/execution/router)
#30 695.4    Compiling wamn-platform-identity v0.1.0 (/build/crates/identity/platform)
#30 695.4    Compiling wamn-schema-introspection v0.1.0 (/build/crates/schema/introspection)
#30 695.4    Compiling wamn-client-terminal v0.1.0 (/build/crates/client/terminal)
#30 697.2    Compiling wamn-runtime v0.1.0 (/build/crates/platform/runtime)
#30 698.0    Compiling wamn-schema-generator v0.1.0 (/build/crates/schema/generator)
#30 699.0 warning: the item `Future` is imported redundantly
#30 699.0  --> crates/platform/runtime/src/connection_authority.rs:3:5
#30 699.0   |
#30 699.0 3 | use std::future::Future;
#30 699.0   |     ^^^^^^^^^^^^^^^^^^^
#30 699.0   |
#30 699.0  --> /rustc/88d9e12ae178fab0fb5cc050a94da85685d449ea/library/std/src/prelude/mod.rs:166:12
#30 699.0   |
#30 699.0   = note: the item `Future` is already defined here
#30 699.0   |
#30 699.0   = note: requested on the command line with `-W redundant-imports`
#30 699.0 
#30 699.0 warning: the item `Future` is imported redundantly
#30 699.0  --> crates/platform/runtime/src/plugins/wamn_postgres/pool.rs:7:5
#30 699.0   |
#30 699.0 7 | use std::future::Future;
#30 699.0   |     ^^^^^^^^^^^^^^^^^^^
#30 699.0   |
#30 699.0  --> /rustc/88d9e12ae178fab0fb5cc050a94da85685d449ea/library/std/src/prelude/mod.rs:166:12
#30 699.0   |
#30 699.0   = note: the item `Future` is already defined here
#30 699.0 
#30 699.5    Compiling wamn-gate-harness v0.1.0 (/build/test-support/harness)
#30 699.9 warning: type does not implement `std::fmt::Debug`; consider adding `#[derive(Debug)]` or a manual implementation
#30 699.9   --> test-support/harness/src/ceiling.rs:72:1
#30 699.9    |
#30 699.9 72 | / pub struct Ramp {
#30 699.9 73 | |     tolerance: f64,
#30 699.9 74 | |     max_levels: usize,
#30 699.9 75 | |     levels: Vec<LevelStats>,
#30 699.9 ...  |
#30 699.9 82 | |     retrying: bool,
#30 699.9 83 | | }
#30 699.9    | |_^
#30 699.9    |
#30 699.9    = note: requested on the command line with `-W missing-debug-implementations`
#30 699.9 
#30 702.3 warning: `wamn-gate-harness` (lib) generated 1 warning
#30 702.3    Compiling wamn-proof-system v0.1.0 (/build/tests/system)
#30 702.6    Compiling wamn-test-infrastructure v0.1.0 (/build/test-support/infrastructure)
#30 706.1    Compiling wamn-schema-control v0.1.0 (/build/crates/schema/control)
#30 706.1    Compiling wamn-control-provision v0.1.0 (/build/crates/control/provision)
#30 711.9 warning: constant `HTTP_CONTRACT` is never used
#30 711.9   --> crates/platform/runtime/src/plugins/connection_http.rs:52:7
#30 711.9    |
#30 711.9 52 | const HTTP_CONTRACT: &str = "wamn:connection/http@0.1.0";
#30 711.9    |       ^^^^^^^^^^^^^
#30 711.9    |
#30 711.9    = note: `#[warn(dead_code)]` (part of `#[warn(unused)]`) on by default
#30 711.9 
#30 711.9 warning: type does not implement `std::fmt::Debug`; consider adding `#[derive(Debug)]` or a manual implementation
#30 711.9    --> crates/platform/runtime/src/plugins/connection_http.rs:114:1
#30 711.9     |
#30 711.9 114 | / pub struct ConnectionHttp {
#30 711.9 115 | |     postgres: Arc<WamnPostgres>,
#30 711.9 116 | |     vault: Arc<WamnCredentials>,
#30 711.9 117 | |     tenant: Box<str>,
#30 711.9 ...   |
#30 711.9 133 | |     invocations: std::sync::RwLock<HashMap<String, ConnectionInvocation>>,
#30 711.9 134 | | }
#30 711.9     | |_^
#30 711.9     |
#30 711.9     = note: requested on the command line with `-W missing-debug-implementations`
#30 711.9 
#30 712.0 warning: type does not implement `std::fmt::Debug`; consider adding `#[derive(Debug)]` or a manual implementation
#30 712.0   --> crates/platform/runtime/src/plugins/wamn_credentials.rs:27:1
#30 712.0    |
#30 712.0 27 | / pub struct WamnCredentials {
#30 712.0 28 | |     /// Whether ANY backing source was configured. Distinguishes `unavailable`
#30 712.0 29 | |     /// (no source — retryable) from `not-found` (source present, name absent —
#30 712.0 30 | |     /// config-shaped).
#30 712.0 ...  |
#30 712.0 33 | |     projects: HashMap<String, HashMap<String, String>>,
#30 712.0 34 | | }
#30 712.0    | |_^
#30 712.0 
#30 712.0 warning: type does not implement `std::fmt::Debug`; consider adding `#[derive(Debug)]` or a manual implementation
#30 712.0    --> crates/platform/runtime/src/plugins/wamn_jetstream.rs:544:1
#30 712.0     |
#30 712.0 544 | / pub struct WamnJetstream {
#30 712.0 545 | |     nats_url: Option<String>,
#30 712.0 546 | |     /// Lazily-connected, memoized JetStream context. A `Mutex<Option<_>>` (not a
#30 712.0 547 | |     /// `OnceCell`) so a transient connect failure is retried on the next call
#30 712.0 ...   |
#30 712.0 569 | |     dlq_depth: Arc<DeadLetterDepth>,
#30 712.0 570 | | }
#30 712.0     | |_^
#30 712.0 
#30 712.0 warning: type does not implement `std::fmt::Debug`; consider adding `#[derive(Debug)]` or a manual implementation
#30 712.0     --> crates/platform/runtime/src/plugins/wamn_jetstream.rs:1209:1
#30 712.0      |
#30 712.0 1209 | / pub struct JsConsumer {
#30 712.0 1210 | |     consumer: Consumer<PullConfig>,
#30 712.0 1211 | |     dead_letter: Option<DeadLetterIdentity>,
#30 712.0 1212 | | }
#30 712.0      | |_^
#30 712.0 
#30 712.0 warning: type does not implement `std::fmt::Debug`; consider adding `#[derive(Debug)]` or a manual implementation
#30 712.0     --> crates/platform/runtime/src/plugins/wamn_jetstream.rs:1216:1
#30 712.0      |
#30 712.0 1216 | / pub struct JsMessage {
#30 712.0 1217 | |     msg: async_nats::jetstream::Message,
#30 712.0 1218 | |     dead_letter: Option<DeadLetterIdentity>,
#30 712.0 1219 | | }
#30 712.0      | |_^
#30 712.0 
#30 712.0 warning: type does not implement `std::fmt::Debug`; consider adding `#[derive(Debug)]` or a manual implementation
#30 712.0    --> crates/platform/runtime/src/plugins/wamn_logging.rs:213:1
#30 712.0     |
#30 712.0 213 | / pub struct Capture {
#30 712.0 214 | |     records: std::sync::Mutex<Vec<CapturedRec>>,
#30 712.0 215 | | }
#30 712.0     | |_^
#30 712.0 
#30 712.0 warning: type does not implement `std::fmt::Debug`; consider adding `#[derive(Debug)]` or a manual implementation
#30 712.0    --> crates/platform/runtime/src/plugins/wamn_logging.rs:235:1
#30 712.0     |
#30 712.0 235 | / pub struct WamnLogging {
#30 712.0 236 | |     /// component id → host-trusted {tenant, project}.
#30 712.0 237 | |     claims: std::sync::RwLock<HashMap<String, Claim>>,
#30 712.0 238 | |     /// Bounded front queue; `try_send` keeps `log()` non-blocking.
#30 712.0 ...   |
#30 712.0 243 | |     _drain: tokio::task::JoinHandle<()>,
#30 712.0 244 | | }
#30 712.0     | |_^
#30 712.0 
#30 712.0 warning: type does not implement `std::fmt::Debug`; consider adding `#[derive(Debug)]` or a manual implementation
#30 712.0    --> crates/platform/runtime/src/plugins/wamn_postgres/claims.rs:55:1
#30 712.0     |
#30 712.0  55 | / pub struct WamnPostgres {
#30 712.0  56 | |     /// Resolves a project id → its database connection + policy.
#30 712.0  57 | |     provider: Arc<dyn CredentialProvider>,
#30 712.0  58 | |     /// Guest-visible project pools, built lazily and never shared with host-owned
#30 712.0 ...   |
#30 712.0 121 | |     pub(super) bind_counters: super::BindCounters,
#30 712.0 122 | | }
#30 712.0     | |_^
#30 712.0 
#30 712.0 warning: type does not implement `std::fmt::Debug`; consider adding `#[derive(Debug)]` or a manual implementation
#30 712.0    --> crates/platform/runtime/src/plugins/wamn_postgres/pool.rs:339:1
#30 712.0     |
#30 712.0 339 | / pub struct StaticCredentialProvider {
#30 712.0 340 | |     projects: HashMap<String, ProjectConfig>,
#30 712.0 341 | | }
#30 712.0     | |_^
#30 712.0 
#30 712.0 warning: type does not implement `std::fmt::Debug`; consider adding `#[derive(Debug)]` or a manual implementation
#30 712.0    --> crates/platform/runtime/src/plugins/wamn_postgres/pool.rs:514:1
#30 712.0     |
#30 712.0 514 | / pub struct K8sSecretProvider {
#30 712.0 515 | |     pub namespace: String,
#30 712.0 516 | | }
#30 712.0     | |_^
#30 712.0 
#30 712.0 warning: type does not implement `std::fmt::Debug`; consider adding `#[derive(Debug)]` or a manual implementation
#30 712.0    --> crates/platform/runtime/src/plugins/wamn_postgres/resources.rs:99:1
#30 712.0     |
#30 712.0  99 | / pub struct PgTransaction {
#30 712.0 100 | |     state: SharedTxnState,
#30 712.0 101 | |     destroyed: Arc<AtomicU64>,
#30 712.0 102 | |     cursor_seq: u32,
#30 712.0 103 | |     /// Row limit of the project this transaction's connection belongs to.
#30 712.0 104 | |     row_limit: u64,
#30 712.0 105 | | }
#30 712.0     | |_^
#30 712.0 
#30 712.0 warning: type does not implement `std::fmt::Debug`; consider adding `#[derive(Debug)]` or a manual implementation
#30 712.0    --> crates/platform/runtime/src/plugins/wamn_postgres/resources.rs:145:1
#30 712.0     |
#30 712.0 145 | / pub struct PgCursor {
#30 712.0 146 | |     state: SharedTxnState,
#30 712.0 147 | |     destroyed: Arc<AtomicU64>,
#30 712.0 148 | |     name: String,
#30 712.0 149 | | }
#30 712.0     | |_^
#30 712.0 
#30 712.0 warning: type does not implement `std::fmt::Debug`; consider adding `#[derive(Debug)]` or a manual implementation
#30 712.0    --> crates/platform/runtime/src/wiring_doorbell.rs:145:1
#30 712.0     |
#30 712.0 145 | / pub struct WiringDoorbellListener {
#30 712.0 146 | |     shutdown: tokio::sync::watch::Sender<bool>,
#30 712.0 147 | |     task: tokio::task::JoinHandle<()>,
#30 712.0 148 | | }
#30 712.0     | |_^
#30 712.0 
#30 721.4    Compiling wamn-execution-host v0.1.0 (/build/crates/execution/host)
#30 721.4    Compiling wamn-scenario-worker v0.1.0 (/build/services/scenario-worker)
#30 721.4    Compiling wamn-ctl v0.1.0 (/build/services/ctl)
#30 722.8 warning: type does not implement `std::fmt::Debug`; consider adding `#[derive(Debug)]` or a manual implementation
#30 722.8    --> services/scenario-worker/src/authoring.rs:218:1
#30 722.8     |
#30 722.8 218 | / pub struct InternalAuthoringBackend {
#30 722.8 219 | |     authority: InternalDevAdmin,
#30 722.8 220 | |     client: Client,
#30 722.8 221 | |     connection_task: tokio::task::JoinHandle<()>,
#30 722.8 222 | |     tenant_id: Box<str>,
#30 722.8 223 | |     source_schema: BareSchemaName,
#30 722.8 224 | | }
#30 722.8     | |_^
#30 722.8     |
#30 722.8     = note: requested on the command line with `-W missing-debug-implementations`
#30 722.8 
#30 722.8 warning: type does not implement `std::fmt::Debug`; consider adding `#[derive(Debug)]` or a manual implementation
#30 722.8    --> services/scenario-worker/src/store/admission.rs:316:1
#30 722.8     |
#30 722.8 316 | / pub struct AdmissionSurface {
#30 722.8 317 | |     /// The explicit credential and exact server-side predicates are retained so
#30 722.8 318 | |     /// every replacement physical connection is checked identically.
#30 722.8 319 | |     probe: CredentialExactnessProbe,
#30 722.8 ...   |
#30 722.8 322 | |     tenant_id: Box<str>,
#30 722.8 323 | | }
#30 722.8     | |_^
#30 722.8 
#30 732.3 warning: function `run_once_stages` is never used
#30 732.3    --> services/ctl/src/dev.rs:603:10
#30 732.3     |
#30 732.3 603 | async fn run_once_stages<R>(
#30 732.3     |          ^^^^^^^^^^^^^^^
#30 732.3     |
#30 732.3     = note: `#[warn(dead_code)]` (part of `#[warn(unused)]`) on by default
#30 732.3 
#30 732.3 warning: function `verify_source_package_with_client` is never used
#30 732.3     --> services/ctl/src/push_component.rs:1301:10
#30 732.3      |
#30 732.3 1301 | async fn verify_source_package_with_client(
#30 732.3      |          ^^^^^^^^^^^^^^^^^^^^^^^^^^^^^^^^^
#30 732.3 
#30 740.7 warning: `wamn-scenario-worker` (lib) generated 2 warnings
#30 740.7    Compiling wamn-proof-integration v0.1.0 (/build/tests/integration)
#30 745.7 warning: function `models` is never used
#30 745.7   --> tests/integration/src/measurement_schema.rs:25:8
#30 745.7    |
#30 745.7 25 | pub fn models(schema: &str) -> Vec<ManagedModel> {
#30 745.7    |        ^^^^^^
#30 745.7    |
#30 745.7    = note: `#[warn(dead_code)]` (part of `#[warn(unused)]`) on by default
#30 745.7 
#30 745.7 warning: field `release` is never read
#30 745.7    --> tests/integration/src/trusted_http_route.rs:110:16
#30 745.7     |
#30 745.7 105 | pub struct TrustedHttpRoute {
#30 745.7     |            ---------------- field in this struct
#30 745.7 ...
#30 745.7 110 |     pub(crate) release: Arc<ReleaseManifestWeld>,
#30 745.7     |                ^^^^^^^
#30 745.7 
#30 745.8 warning: type does not implement `std::fmt::Debug`; consider adding `#[derive(Debug)]` or a manual implementation
#30 745.8    --> tests/integration/src/trusted_http_route.rs:105:1
#30 745.8     |
#30 745.8 105 | / pub struct TrustedHttpRoute {
#30 745.8 106 | |     pub driver: Arc<RouterDriver>,
#30 745.8 107 | |     /// The same welded release the driver authorizes. Callers that exercise a
#30 745.8 108 | |     /// release-owned ingress plugin must share this exact weld rather than mint
#30 745.8 ...   |
#30 745.8 116 | |     pub wiring_hash: String,
#30 745.8 117 | | }
#30 745.8     | |_^
#30 745.8     |
#30 745.8     = note: requested on the command line with `-W missing-debug-implementations`
#30 745.8 
#30 780.7 warning: `wamn-runtime` (lib) generated 16 warnings
#30 782.7 warning: `wamn-proof-integration` (lib) generated 3 warnings
#30 782.7    Compiling wamn-proof-conformance v0.1.0 (/build/tests/conformance)
#30 783.1 warning: type does not implement `Debug`; consider adding `#[derive(Debug)]` or a manual implementation
#30 783.1   --> tests/conformance/src/socketguard.rs:26:1
#30 783.1    |
#30 783.1 26 | pub struct SocketGuardArgs {}
#30 783.1    | ^^^^^^^^^^^^^^^^^^^^^^^^^^^^^
#30 783.1    |
#30 783.1    = note: requested on the command line with `-W missing-debug-implementations`
#30 783.1 
#30 785.1 warning: `wamn-proof-conformance` (lib) generated 1 warning
#30 787.4 warning: `wamn-ctl` (lib) generated 2 warnings
#30 787.4    Compiling wamn-gates v0.1.0 (/build/tests/orchestrator)
#30 959.7     Finished `release` profile [optimized] target(s) in 4m 25s
#30 DONE 960.0s

#41 [build-host 1/2] COPY --from=root-source /build /build
#41 CACHED

#42 [build-host 2/2] RUN --mount=type=cache,id=wamn-root-cargo-registry,target=/usr/local/cargo/registry,sharing=locked     --mount=type=cache,id=wamn-root-cargo-git,target=/usr/local/cargo/git,sharing=locked     --mount=type=cache,id=wamn-root-target,target=/build/target,sharing=locked     cargo build --locked --release -p wamn-host  && install -D -m 0755 target/release/wamn-host /native-output/wamn-host
#42 CACHED

#43 [host 2/3] RUN apt-get update && apt-get install -y --no-install-recommends ca-certificates && rm -rf /var/lib/apt/lists/*
#43 CACHED

#44 [cook-host 1/1] RUN --mount=type=cache,id=wamn-root-cargo-registry,target=/usr/local/cargo/registry,sharing=locked     --mount=type=cache,id=wamn-root-cargo-git,target=/usr/local/cargo/git,sharing=locked     --mount=type=cache,id=wamn-root-target,target=/build/target,sharing=locked     cargo chef cook --locked --release --recipe-path root-recipe.json -p wamn-host
#44 CACHED

#45 [host 3/3] COPY --from=build-host /native-output/wamn-host /usr/local/bin/wamn-host
#45 CACHED

#46 [gates  1/10] COPY --from=build-gates /native-output/wamn-gates /usr/local/bin/wamn-gates
#46 DONE 0.2s

#47 [gates  2/10] COPY --from=build-ctl /native-output/wamn-ctl /usr/local/bin/wamn-ctl
#47 DONE 0.3s

#48 [gates  3/10] COPY --from=build-ctl /native-output/wamn-ctl-ops /usr/local/bin/wamn-ctl-ops
#48 DONE 0.2s

#49 [gates  4/10] COPY --from=build-cdc-reader /native-output/wamn-cdc-reader /usr/local/bin/wamn-cdc-reader
#49 DONE 0.2s

#50 [gates  5/10] COPY --from=build-dispatcher /native-output/wamn-dispatcher /usr/local/bin/wamn-dispatcher
#50 DONE 0.2s

#51 [gates  6/10] COPY --from=component-builder /component-output/busyloop.wasm /bench/busyloop.wasm
#51 DONE 0.1s

#52 [gates  7/10] COPY --from=component-builder /component-output/sockprobe.wasm /bench/sockprobe.wasm
#52 DONE 0.1s

#53 [gates  8/10] COPY --from=component-builder /component-output/http_route.wasm /bench/http-route.wasm
#53 DONE 0.1s

#54 [gates  9/10] COPY --from=component-builder /component-output/materializer.wasm /bench/materializer.wasm
#54 DONE 0.1s

#55 [gates 10/10] COPY --from=component-builder /component-output/connection_http_standard.wasm /bench/connection-http-standard.wasm
#55 DONE 0.1s

#56 exporting to image
#56 exporting layers
#56 exporting layers 0.9s done
#56 writing image sha256:fc8ebec0d17c83f116bafd94fe6b1ee431b131967cba5a73e94901a07f68f84f
#56 writing image sha256:fc8ebec0d17c83f116bafd94fe6b1ee431b131967cba5a73e94901a07f68f84f done
#56 naming to docker.io/library/wamn-gates:receiving-8204b35d0bae-1036987-release 0.0s done
#56 DONE 1.0s
#0 building with "default" instance using docker driver

#1 [internal] load build definition from Dockerfile
#1 transferring dockerfile: 18.98kB done
#1 DONE 0.0s

#2 [internal] load metadata for docker.io/library/debian:trixie-slim
#2 DONE 0.0s

#3 [internal] load metadata for docker.io/library/rust:1.98-trixie
#3 DONE 0.0s

#4 [internal] load .dockerignore
#4 transferring context: 245B done
#4 DONE 0.0s

#5 [identity 1/3] FROM docker.io/library/debian:trixie-slim
#5 DONE 0.0s

#6 [chef 1/4] FROM docker.io/library/rust:1.98-trixie
#6 DONE 0.0s

#7 [internal] load build context
#7 transferring context: 94.28kB 0.3s done
#7 DONE 0.5s

#8 [chef 4/4] RUN --mount=type=cache,id=wamn-chef-cargo-registry,target=/usr/local/cargo/registry,sharing=locked     --mount=type=cache,id=wamn-chef-cargo-git,target=/usr/local/cargo/git,sharing=locked     cargo install cargo-chef --version 0.1.77 --locked
#8 CACHED

#9 [root-planner 1/8] COPY Cargo.toml Cargo.lock ./
#9 CACHED

#10 [root-planner 5/8] COPY services ./services
#10 CACHED

#11 [root-planner 7/8] COPY tests ./tests
#11 CACHED

#12 [root-recipe 2/3] COPY --from=root-planner /build/root-recipe.json ./root-recipe.json
#12 CACHED

#13 [root-planner 6/8] COPY test-support ./test-support
#13 CACHED

#14 [root-planner 8/8] RUN cargo chef prepare --recipe-path root-recipe.json
#14 CACHED

#15 [root-recipe 1/3] COPY .cargo/config.toml ./.cargo/config.toml
#15 CACHED

#16 [root-planner 3/8] COPY components ./components
#16 CACHED

#17 [chef 3/4] WORKDIR /build
#17 CACHED

#18 [root-planner 4/8] COPY packages ./packages
#18 CACHED

#19 [chef 2/4] RUN apt-get update && apt-get install -y --no-install-recommends clang mold protobuf-compiler libprotobuf-dev git && rm -rf /var/lib/apt/lists/*
#19 CACHED

#20 [root-planner 2/8] COPY crates ./crates
#20 CACHED

#21 [root-source 1/2] COPY .cargo/config.toml ./.cargo/config.toml
#21 CACHED

#22 [root-recipe 3/3] COPY components ./components
#22 CACHED

#23 [root-source 2/2] COPY deploy ./deploy
#23 CACHED

#24 [cook-identity 1/1] RUN --mount=type=cache,id=wamn-root-cargo-registry,target=/usr/local/cargo/registry,sharing=locked     --mount=type=cache,id=wamn-root-cargo-git,target=/usr/local/cargo/git,sharing=locked     --mount=type=cache,id=wamn-root-target,target=/build/target,sharing=locked     cargo chef cook --locked --release --recipe-path root-recipe.json -p wamn-identity
#24 2.743    Compiling wamn-execution-contract v0.1.0 (/build/components/execution/contract)
#24 2.752    Compiling wamn-event-wire v0.1.0 (/build/components/events/wire)
#24 2.753    Compiling wamn-component-policy v0.0.1 (/build/crates/platform/component-policy)
#24 2.762    Compiling wamn-schema-introspection v0.0.1 (/build/crates/schema/introspection)
#24 2.799    Compiling wamn-pg-core v0.0.1 (/build/crates/platform/pg-core)
#24 2.800    Compiling wamn-control-registry v0.0.1 (/build/crates/control/registry)
#24 2.846    Compiling wamn-platform-identity v0.0.1 (/build/crates/identity/platform)
#24 3.245    Compiling wamn-run-state v0.0.1 (/build/crates/execution/run-state)
#24 3.284    Compiling wamn-catalog v0.0.1 (/build/crates/catalog/model)
#24 3.324    Compiling wamn-schema-generator v0.0.1 (/build/crates/schema/generator)
#24 3.372    Compiling wamn-control-provision v0.0.1 (/build/crates/control/provision)
#24 3.413    Compiling wamn-identity v0.0.1 (/build/services/identity)
#24 7.087     Finished `release` profile [optimized] target(s) in 6.09s
#24 DONE 8.0s

#25 [build-identity 1/2] COPY --from=root-source /build /build
#25 DONE 0.2s

#26 [build-identity 2/2] RUN --mount=type=cache,id=wamn-root-cargo-registry,target=/usr/local/cargo/registry,sharing=locked     --mount=type=cache,id=wamn-root-cargo-git,target=/usr/local/cargo/git,sharing=locked     --mount=type=cache,id=wamn-root-target,target=/build/target,sharing=locked     cargo build --locked --release -p wamn-identity  && install -D -m 0755 target/release/wamn-identity /native-output/wamn-identity
#26 0.494    Compiling wamn-component-policy v0.1.0 (/build/crates/platform/component-policy)
#26 0.497    Compiling wamn-schema-introspection v0.1.0 (/build/crates/schema/introspection)
#26 0.500    Compiling wamn-pg-core v0.1.0 (/build/crates/platform/pg-core)
#26 0.502    Compiling wamn-control-registry v0.1.0 (/build/crates/control/registry)
#26 0.594    Compiling wamn-catalog v0.1.0 (/build/crates/catalog/model)
#26 0.767    Compiling wamn-run-state v0.1.0 (/build/crates/execution/run-state)
#26 2.231 warning: function `canonical_serialized` is never used
#26 2.231    --> crates/catalog/model/src/lib.rs:792:4
#26 2.231     |
#26 2.231 792 | fn canonical_serialized(value: &impl Serialize) -> Vec<u8> {
#26 2.231     |    ^^^^^^^^^^^^^^^^^^^^
#26 2.231     |
#26 2.231     = note: `#[warn(dead_code)]` (part of `#[warn(unused)]`) on by default
#26 2.231 
#26 3.263    Compiling wamn-platform-identity v0.1.0 (/build/crates/identity/platform)
#26 4.189    Compiling wamn-schema-generator v0.1.0 (/build/crates/schema/generator)
#26 7.687 warning: `wamn-catalog` (lib) generated 1 warning
#26 9.744    Compiling wamn-control-provision v0.1.0 (/build/crates/control/provision)
#26 12.36    Compiling wamn-identity v0.1.0 (/build/services/identity)
#26 41.89     Finished `release` profile [optimized] target(s) in 41.64s
#26 DONE 42.0s

#27 [identity 2/3] RUN apt-get update && apt-get install -y --no-install-recommends ca-certificates && rm -rf /var/lib/apt/lists/*
#27 CACHED

#28 [identity 3/3] COPY --from=build-identity /native-output/wamn-identity /usr/local/bin/wamn-identity
#28 DONE 0.1s

#29 exporting to image
#29 exporting layers 0.1s done
#29 writing image sha256:5c9903b16d489fdc2d0a9f4e4a98ddb0016232b4d14d048a52541ee258964145 done
#29 naming to docker.io/library/wamn-identity:receiving-8204b35d0bae-1036987-release 0.0s done
#29 DONE 0.2s
Creating cluster "wamn-receiving-journey" ...
 • Ensuring node image (kindest/node:v1.36.1) 🖼  ...
 ✓ Ensuring node image (kindest/node:v1.36.1) 🖼
 • Preparing nodes 📦 📦 📦   ...
 ✓ Preparing nodes 📦 📦 📦 
 • Writing configuration 📜  ...
 ✓ Writing configuration 📜
 • Starting control-plane 🕹️  ...
 ✓ Starting control-plane 🕹️
 • Installing CNI 🔌  ...
 ✓ Installing CNI 🔌
 • Installing StorageClass 💾  ...
 ✓ Installing StorageClass 💾
 • Joining worker nodes 🚜  ...
 ✓ Joining worker nodes 🚜
Set kubectl context to "kind-wamn-receiving-journey"
You can now use your cluster with:

kubectl cluster-info --context kind-wamn-receiving-journey --kubeconfig /tmp/tmp.QOdSuL1OpA/kubeconfig

Have a question, bug, or feature request? Let us know! https://kind.sigs.k8s.io/#community 🙂
node/wamn-receiving-journey-control-plane condition met
node/wamn-receiving-journey-worker condition met
node/wamn-receiving-journey-worker2 condition met
namespace/wamn-receiving-journey created
Image: "wamn-host:receiving-8204b35d0bae-1036987-release" with ID "sha256:f1b3d51f5a3570e3a0d58c3873f66901a33128fd5ccb62bd07545cd40aedf4f6" not yet present on node "wamn-receiving-journey-control-plane", loading...
Image: "wamn-host:receiving-8204b35d0bae-1036987-release" with ID "sha256:f1b3d51f5a3570e3a0d58c3873f66901a33128fd5ccb62bd07545cd40aedf4f6" not yet present on node "wamn-receiving-journey-worker2", loading...
Image: "wamn-host:receiving-8204b35d0bae-1036987-release" with ID "sha256:f1b3d51f5a3570e3a0d58c3873f66901a33128fd5ccb62bd07545cd40aedf4f6" not yet present on node "wamn-receiving-journey-worker", loading...
Image: "wamn-gates:receiving-8204b35d0bae-1036987-release" with ID "sha256:fc8ebec0d17c83f116bafd94fe6b1ee431b131967cba5a73e94901a07f68f84f" not yet present on node "wamn-receiving-journey-control-plane", loading...
Image: "wamn-gates:receiving-8204b35d0bae-1036987-release" with ID "sha256:fc8ebec0d17c83f116bafd94fe6b1ee431b131967cba5a73e94901a07f68f84f" not yet present on node "wamn-receiving-journey-worker2", loading...
Image: "wamn-gates:receiving-8204b35d0bae-1036987-release" with ID "sha256:fc8ebec0d17c83f116bafd94fe6b1ee431b131967cba5a73e94901a07f68f84f" not yet present on node "wamn-receiving-journey-worker", loading...
time="2026-09-10T11:29:19Z" level=fatal msg="no such image \"wamn-gates:receiving-8204b35d0bae-1036987-release\" present"
