    Checking wamn-execution-contract v0.1.0 (/home/kaalin/.cache/wamn-lanes/receiving-update-projection-20260910/components/execution/contract)
    Checking wamn-event-wire v0.1.0 (/home/kaalin/.cache/wamn-lanes/receiving-update-projection-20260910/components/events/wire)
    Checking wamn-component-policy v0.1.0 (/home/kaalin/.cache/wamn-lanes/receiving-update-projection-20260910/crates/platform/component-policy)
    Checking wamn-schema-introspection v0.1.0 (/home/kaalin/.cache/wamn-lanes/receiving-update-projection-20260910/crates/schema/introspection)
    Checking wamn-catalog v0.1.0 (/home/kaalin/.cache/wamn-lanes/receiving-update-projection-20260910/crates/catalog/model)
warning: binding's name is too similar to existing binding
   --> crates/catalog/model/src/wiring_compatibility.rs:356:9
    |
356 |     let compiled = compiler
    |         ^^^^^^^^
    |
note: existing binding defined here
   --> crates/catalog/model/src/wiring_compatibility.rs:350:13
    |
350 |     let mut compiler = Compiler::new();
    |             ^^^^^^^^
    = help: for further information visit https://rust-lang.github.io/rust-clippy/rust-1.98.0/index.html#similar_names
    = note: `-W clippy::similar-names` implied by `-W clippy::pedantic`
    = help: to override `-W clippy::pedantic` add `#[allow(clippy::similar_names)]`

    Checking wamn-pg-core v0.1.0 (/home/kaalin/.cache/wamn-lanes/receiving-update-projection-20260910/crates/platform/pg-core)
    Checking wamn-control-registry v0.1.0 (/home/kaalin/.cache/wamn-lanes/receiving-update-projection-20260910/crates/control/registry)
warning: function `canonical_serialized` is never used
   --> crates/catalog/model/src/lib.rs:792:4
    |
792 | fn canonical_serialized(value: &impl Serialize) -> Vec<u8> {
    |    ^^^^^^^^^^^^^^^^^^^^
    |
    = note: `#[warn(dead_code)]` (part of `#[warn(unused)]`) on by default

    Checking wamn-run-state v0.1.0 (/home/kaalin/.cache/wamn-lanes/receiving-update-projection-20260910/crates/execution/run-state)
warning: unnecessary semicolon
  --> crates/catalog/model/src/package.rs:23:6
   |
23 |     };
   |      ^ help: remove
   |
   = help: for further information visit https://rust-lang.github.io/rust-clippy/rust-1.98.0/index.html#unnecessary_semicolon
   = note: `-W clippy::unnecessary-semicolon` implied by `-W clippy::pedantic`
   = help: to override `-W clippy::pedantic` add `#[allow(clippy::unnecessary_semicolon)]`

warning: this argument (1 byte) is passed by reference, but would be more efficient if passed by value (limit: 8 byte)
   --> crates/catalog/model/src/serving_manifest.rs:209:39
    |
209 | fn registration_input_is_event(input: &ServingRegistrationInput) -> bool {
    |                                       ^^^^^^^^^^^^^^^^^^^^^^^^^ help: consider passing by value instead: `ServingRegistrationInput`
    |
    = help: for further information visit https://rust-lang.github.io/rust-clippy/rust-1.98.0/index.html#trivially_copy_pass_by_ref
    = note: `-W clippy::trivially-copy-pass-by-ref` implied by `-W clippy::pedantic`
    = help: to override `-W clippy::pedantic` add `#[allow(clippy::trivially_copy_pass_by_ref)]`

warning: variables can be used directly in the `format!` string
   --> crates/catalog/model/src/wiring_compatibility.rs:384:21
    |
384 | /                     format!(
385 | |                         "wiring target {node_id:?} operation {:?} does not declare input port {name:?}",
386 | |                         operation_name
387 | |                     ),
    | |_____________________^
    |
    = help: for further information visit https://rust-lang.github.io/rust-clippy/rust-1.98.0/index.html#uninlined_format_args
    = note: `-W clippy::uninlined-format-args` implied by `-W clippy::pedantic`
    = help: to override `-W clippy::pedantic` add `#[allow(clippy::uninlined_format_args)]`

warning: variables can be used directly in the `format!` string
   --> crates/catalog/model/src/wiring_compatibility.rs:393:13
    |
393 | /             format!(
394 | |                 "wiring target {node_id:?} operation {:?} declares no input port",
395 | |                 operation_name
396 | |             ),
    | |_____________^
    |
    = help: for further information visit https://rust-lang.github.io/rust-clippy/rust-1.98.0/index.html#uninlined_format_args

warning: variables can be used directly in the `format!` string
   --> crates/catalog/model/src/lib.rs:189:17
    |
189 | /                 write!(
190 | |                     formatter,
191 | |                     "{}: requested {requested}; supported version is {}",
192 | |                     UNSUPPORTED_SERVING_MANIFEST_VERSION_REFUSAL, SERVING_MANIFEST_FORMAT_VERSION
193 | |                 )
    | |_________________^
    |
    = help: for further information visit https://rust-lang.github.io/rust-clippy/rust-1.98.0/index.html#uninlined_format_args

warning: `wamn-catalog` (lib) generated 7 warnings (run `cargo clippy --fix --lib -p wamn-catalog -- ` to apply 4 suggestions)
    Checking wamn-schema-generator v0.1.0 (/home/kaalin/.cache/wamn-lanes/receiving-update-projection-20260910/crates/schema/generator)
warning: unnecessary hashes around raw string literal
    --> crates/schema/generator/src/generate.rs:2587:9
     |
2587 | /         r#"/// One claim and its work, with no commit before finalization.
2588 | | #[derive(Debug)]
2589 | | pub(crate) struct PendingClaim {{
2590 | |     transaction: wamn_postgres_statements::Transaction,
...    |
2610 | | }}
2611 | | "#
     | |__^
     |
     = help: for further information visit https://rust-lang.github.io/rust-clippy/rust-1.98.0/index.html#needless_raw_string_hashes
     = note: `-W clippy::needless-raw-string-hashes` implied by `-W clippy::pedantic`
     = help: to override `-W clippy::pedantic` add `#[allow(clippy::needless_raw_string_hashes)]`
help: remove all the hashes around the string literal
     |
2587 ~         r"/// One claim and its work, with no commit before finalization.
2588 | #[derive(Debug)]
 ...
2610 | }}
2611 ~ "
     |

warning: redundant closure
   --> crates/execution/run-state/src/schema_drift.rs:181:18
    |
181 |             .map(|token| token.to_string())
    |                  ^^^^^^^^^^^^^^^^^^^^^^^^^ help: replace the closure with the method itself: `std::string::ToString::to_string`
    |
    = help: for further information visit https://rust-lang.github.io/rust-clippy/rust-1.98.0/index.html#redundant_closure_for_method_calls
    = note: `-W clippy::redundant-closure-for-method-calls` implied by `-W clippy::pedantic`
    = help: to override `-W clippy::pedantic` add `#[allow(clippy::redundant_closure_for_method_calls)]`

warning: `wamn-run-state` (lib) generated 1 warning (run `cargo clippy --fix --lib -p wamn-run-state -- ` to apply 1 suggestion)
    Checking wamn-client v0.1.0 (/home/kaalin/.cache/wamn-lanes/receiving-update-projection-20260910/crates/client/core)
    Checking wamn-client-tui v0.1.0 (/home/kaalin/.cache/wamn-lanes/receiving-update-projection-20260910/crates/client/tui)
    Checking wamn-router v0.1.0 (/home/kaalin/.cache/wamn-lanes/receiving-update-projection-20260910/crates/execution/router)
warning: this function has too many arguments (11/7)
   --> crates/execution/router/src/resolution.rs:332:5
    |
332 | /     pub fn insert(
333 | |         &self,
334 | |         tenant_id: &str,
335 | |         package_id: &str,
...   |
343 | |         token: ResolutionToken,
344 | |     ) -> CacheInsert<T> {
    | |_______________________^
    |
    = help: for further information visit https://rust-lang.github.io/rust-clippy/rust-1.98.0/index.html#too_many_arguments
    = note: `-W clippy::too-many-arguments` implied by `-W clippy::complexity`
    = help: to override `-W clippy::complexity` add `#[allow(clippy::too_many_arguments)]`

warning: this function has too many arguments (10/7)
   --> crates/execution/router/src/resolution.rs:402:5
    |
402 | /     pub fn insert_version(
403 | |         &self,
404 | |         tenant_id: &str,
405 | |         package_id: &str,
...   |
412 | |         facts: T,
413 | |     ) -> CacheInsert<T> {
    | |_______________________^
    |
    = help: for further information visit https://rust-lang.github.io/rust-clippy/rust-1.98.0/index.html#too_many_arguments

warning: called `map(<f>).unwrap_or(<a>)` on an `Option` value
  --> crates/execution/router/src/retry.rs:56:27
   |
56 |               max_attempts: retry
   |  ___________________________^
57 | |                 .get("max-attempts")
58 | |                 .and_then(Value::as_u64)
59 | |                 .map(|n| n.max(1) as u32)
60 | |                 .unwrap_or(d.max_attempts),
   | |__________________________________________^
   |
   = help: for further information visit https://rust-lang.github.io/rust-clippy/rust-1.98.0/index.html#map_unwrap_or
   = note: `-W clippy::map-unwrap-or` implied by `-W clippy::pedantic`
   = help: to override `-W clippy::pedantic` add `#[allow(clippy::map_unwrap_or)]`
help: use `map_or(<a>, <f>)` instead
   |
59 -                 .map(|n| n.max(1) as u32)
60 -                 .unwrap_or(d.max_attempts),
59 +                 .map_or(d.max_attempts, |n| n.max(1) as u32),
   |

warning: casting `u64` to `u32` may truncate the value
  --> crates/execution/router/src/retry.rs:59:26
   |
59 |                 .map(|n| n.max(1) as u32)
   |                          ^^^^^^^^^^^^^^^
   |
   = help: if this is intentional allow the lint with `#[allow(clippy::cast_possible_truncation)]` ...
   = help: for further information visit https://rust-lang.github.io/rust-clippy/rust-1.98.0/index.html#cast_possible_truncation
   = note: `-W clippy::cast-possible-truncation` implied by `-W clippy::pedantic`
   = help: to override `-W clippy::pedantic` add `#[allow(clippy::cast_possible_truncation)]`
help: ... or use `try_from` and handle the error accordingly
   |
59 -                 .map(|n| n.max(1) as u32)
59 +                 .map(|n| u32::try_from(n.max(1)))
   |

warning: called `map(<f>).unwrap_or(<a>)` on an `Option` value
  --> crates/execution/router/src/retry.rs:70:21
   |
70 |               cap_ms: retry
   |  _____________________^
71 | |                 .get("cap-ms")
72 | |                 .and_then(Value::as_u64)
73 | |                 .map(|n| n.min(RetryPolicy::CAP_MS_CEILING))
74 | |                 .unwrap_or(d.cap_ms),
   | |____________________________________^
   |
   = help: for further information visit https://rust-lang.github.io/rust-clippy/rust-1.98.0/index.html#map_unwrap_or
help: use `map_or(<a>, <f>)` instead
   |
73 -                 .map(|n| n.min(RetryPolicy::CAP_MS_CEILING))
74 -                 .unwrap_or(d.cap_ms),
73 +                 .map_or(d.cap_ms, |n| n.min(RetryPolicy::CAP_MS_CEILING)),
   |

warning: casting `u64` to `f64` may cause a loss of precision (`u64` is 64 bits wide, but `f64`'s mantissa is only 52 bits wide)
  --> crates/execution/router/src/retry.rs:90:22
   |
90 |         let scaled = (self.base_ms as f64) * self.factor.powi(attempt as i32);
   |                      ^^^^^^^^^^^^^^^^^^^^^
   |
   = help: for further information visit https://rust-lang.github.io/rust-clippy/rust-1.98.0/index.html#cast_precision_loss
   = note: `-W clippy::cast-precision-loss` implied by `-W clippy::pedantic`
   = help: to override `-W clippy::pedantic` add `#[allow(clippy::cast_precision_loss)]`

warning: casting `u32` to `i32` may wrap around the value
  --> crates/execution/router/src/retry.rs:90:63
   |
90 |         let scaled = (self.base_ms as f64) * self.factor.powi(attempt as i32);
   |                                                               ^^^^^^^^^^^^^^ help: if this is intentional, use `cast_signed()` instead: `attempt.cast_signed()`
   |
   = help: for further information visit https://rust-lang.github.io/rust-clippy/rust-1.98.0/index.html#cast_possible_wrap
   = note: `-W clippy::cast-possible-wrap` implied by `-W clippy::pedantic`
   = help: to override `-W clippy::pedantic` add `#[allow(clippy::cast_possible_wrap)]`

warning: casting `u64` to `f64` may cause a loss of precision (`u64` is 64 bits wide, but `f64`'s mantissa is only 52 bits wide)
  --> crates/execution/router/src/retry.rs:92:35
   |
92 |         let scaled = if scaled >= self.cap_ms as f64 {
   |                                   ^^^^^^^^^^^^^^^^^^
   |
   = help: for further information visit https://rust-lang.github.io/rust-clippy/rust-1.98.0/index.html#cast_precision_loss

warning: casting `f64` to `u64` may truncate the value
  --> crates/execution/router/src/retry.rs:95:13
   |
95 |             scaled as u64
   |             ^^^^^^^^^^^^^
   |
   = help: if this is intentional allow the lint with `#[allow(clippy::cast_possible_truncation)]` ...
   = help: for further information visit https://rust-lang.github.io/rust-clippy/rust-1.98.0/index.html#cast_possible_truncation

warning: casting `f64` to `u64` may lose the sign of the value
  --> crates/execution/router/src/retry.rs:95:13
   |
95 |             scaled as u64
   |             ^^^^^^^^^^^^^
   |
   = help: for further information visit https://rust-lang.github.io/rust-clippy/rust-1.98.0/index.html#cast_sign_loss
   = note: `-W clippy::cast-sign-loss` implied by `-W clippy::pedantic`
   = help: to override `-W clippy::pedantic` add `#[allow(clippy::cast_sign_loss)]`

warning: you seem to be trying to use `match` for destructuring a single pattern. Consider using `if let`
   --> crates/execution/router/src/walk.rs:460:25
    |
460 | /                         match terminal_verdict(walk, &call.node, terminal, &payload)? {
461 | |                             recorded @ Some(_) => recorded,
...   |
477 | |                         }
    | |_________________________^
    |
    = note: you might want to preserve the comments from inside the `match`
    = help: for further information visit https://rust-lang.github.io/rust-clippy/rust-1.98.0/index.html#single_match_else
    = note: `-W clippy::single-match-else` implied by `-W clippy::pedantic`
    = help: to override `-W clippy::pedantic` add `#[allow(clippy::single_match_else)]`
help: try
    |
460 ~                         if let recorded @ Some(_) = terminal_verdict(walk, &call.node, terminal, &payload)? { recorded } else {
461 +                             self.error_or_fail(
462 +                                 walk,
463 +                                 &call.node,
464 +                                 ErrorDetail::coded(
465 +                                     "missing-dedup-id",
466 +                                     format!("emit node emitted no {DEDUP_ID_FIELD} string"),
467 +                                 ),
468 +                                 FailureKind::MissingDedupId,
469 +                             );
470 +                             return Ok(());
471 +                         }
    |

warning: this argument is passed by value, but not consumed in the function body
   --> crates/execution/router/src/walk.rs:558:84
    |
558 |     fn enqueue_successors(&self, walk: &mut Walk, node: &str, port: &str, payload: Value) {
    |                                                                                    ^^^^^
    |
    = help: for further information visit https://rust-lang.github.io/rust-clippy/rust-1.98.0/index.html#needless_pass_by_value
    = note: `-W clippy::needless-pass-by-value` implied by `-W clippy::pedantic`
    = help: to override `-W clippy::pedantic` add `#[allow(clippy::needless_pass_by_value)]`
help: consider taking a reference instead
    |
558 |     fn enqueue_successors(&self, walk: &mut Walk, node: &str, port: &str, payload: &Value) {
    |                                                                                    +

warning: `wamn-router` (lib) generated 12 warnings (run `cargo clippy --fix --lib -p wamn-router -- ` to apply 2 suggestions)
    Checking wamn-platform-identity v0.1.0 (/home/kaalin/.cache/wamn-lanes/receiving-update-projection-20260910/crates/identity/platform)
warning: constructing a `Duration` using a smaller unit when a larger unit would be more readable
   --> crates/identity/platform/src/lib.rs:118:35
    |
118 | pub const MAX_PAT_TTL: Duration = Duration::from_secs(365 * 24 * 60 * 60);
    |                                   ^^^^^^^^^^^^^^^^^^^^^^^^^^^^^^^^^^^^^^^
    |
    = help: for further information visit https://rust-lang.github.io/rust-clippy/rust-1.98.0/index.html#duration_suboptimal_units
    = note: `-W clippy::duration-suboptimal-units` implied by `-W clippy::pedantic`
    = help: to override `-W clippy::pedantic` add `#[allow(clippy::duration_suboptimal_units)]`
help: try using from_hours
    |
118 - pub const MAX_PAT_TTL: Duration = Duration::from_secs(365 * 24 * 60 * 60);
118 + pub const MAX_PAT_TTL: Duration = Duration::from_hours(8760);
    |

warning: casting `u64` to `i64` may wrap around the value
   --> crates/identity/platform/src/lib.rs:951:8
    |
951 |     Ok(ttl.as_secs() as i64)
    |        ^^^^^^^^^^^^^^^^^^^^ help: if this is intentional, use `cast_signed()` instead: `ttl.as_secs().cast_signed()`
    |
    = help: for further information visit https://rust-lang.github.io/rust-clippy/rust-1.98.0/index.html#cast_possible_wrap
    = note: `-W clippy::cast-possible-wrap` implied by `-W clippy::pedantic`
    = help: to override `-W clippy::pedantic` add `#[allow(clippy::cast_possible_wrap)]`

warning: this argument is passed by value, but not consumed in the function body
    --> crates/identity/platform/src/lib.rs:1020:26
     |
1020 | fn database_error(error: tokio_postgres::Error) -> IdentityError {
     |                          ^^^^^^^^^^^^^^^^^^^^^
     |
     = help: for further information visit https://rust-lang.github.io/rust-clippy/rust-1.98.0/index.html#needless_pass_by_value
     = note: `-W clippy::needless-pass-by-value` implied by `-W clippy::pedantic`
     = help: to override `-W clippy::pedantic` add `#[allow(clippy::needless_pass_by_value)]`
help: consider taking a reference instead
     |
1020 | fn database_error(error: &tokio_postgres::Error) -> IdentityError {
     |                          +

warning: `wamn-platform-identity` (lib) generated 3 warnings (run `cargo clippy --fix --lib -p wamn-platform-identity -- ` to apply 1 suggestion)
    Checking wamn-runtime v0.1.0 (/home/kaalin/.cache/wamn-lanes/receiving-update-projection-20260910/crates/platform/runtime)
warning: the item `Future` is imported redundantly
 --> crates/platform/runtime/src/connection_authority.rs:3:5
  |
3 | use std::future::Future;
  |     ^^^^^^^^^^^^^^^^^^^
  |
 --> /rustc/88d9e12ae178fab0fb5cc050a94da85685d449ea/library/std/src/prelude/mod.rs:166:12
  |
  = note: the item `Future` is already defined here
  |
  = note: requested on the command line with `-W redundant-imports`

warning: binding's name is too similar to existing binding
   --> crates/platform/runtime/src/plugins/flow_http_routing.rs:331:9
    |
331 |     let compiled = compiler
    |         ^^^^^^^^
    |
note: existing binding defined here
   --> crates/platform/runtime/src/plugins/flow_http_routing.rs:328:13
    |
328 |     let mut compiler = Compiler::new();
    |             ^^^^^^^^
    = help: for further information visit https://rust-lang.github.io/rust-clippy/rust-1.98.0/index.html#similar_names
    = note: `-W clippy::similar-names` implied by `-W clippy::pedantic`
    = help: to override `-W clippy::pedantic` add `#[allow(clippy::similar_names)]`

warning: the item `Future` is imported redundantly
 --> crates/platform/runtime/src/plugins/wamn_postgres/pool.rs:7:5
  |
7 | use std::future::Future;
  |     ^^^^^^^^^^^^^^^^^^^
  |
 --> /rustc/88d9e12ae178fab0fb5cc050a94da85685d449ea/library/std/src/prelude/mod.rs:166:12
  |
  = note: the item `Future` is already defined here

warning: you seem to want to iterate on a map's keys
    --> crates/schema/generator/src/generate.rs:1339:22
     |
1339 |     for (name, _) in &declaration.constraint_errors {
     |                      ^^^^^^^^^^^^^^^^^^^^^^^^^^^^^^
     |
     = help: for further information visit https://rust-lang.github.io/rust-clippy/rust-1.98.0/index.html#for_kv_map
     = note: `-W clippy::for-kv-map` implied by `-W clippy::style`
     = help: to override `-W clippy::style` add `#[allow(clippy::for_kv_map)]`
help: use the corresponding method
     |
1339 -     for (name, _) in &declaration.constraint_errors {
1339 +     for name in declaration.constraint_errors.keys() {
     |

warning: using `contains()` instead of `iter().any()` is more efficient
   --> crates/schema/generator/src/manifest.rs:893:17
    |
893 |               if !dependency
    |  _________________^
894 | |                 .operations
895 | |                 .iter()
896 | |                 .any(|candidate| *candidate == inherited.operation)
    | |___________________________________________________________________^
    |
    = help: for further information visit https://rust-lang.github.io/rust-clippy/rust-1.98.0/index.html#manual_contains
    = note: `-W clippy::manual-contains` implied by `-W clippy::perf`
    = help: to override `-W clippy::perf` add `#[allow(clippy::manual_contains)]`
help: try
    |
893 ~             if !dependency
894 +                 .operations.contains(&inherited.operation)
    |

warning: this `if` statement can be collapsed
    --> crates/schema/generator/src/manifest.rs:1085:9
     |
1085 | /         if let Some(limit) = limit {
1086 | |             if limit.minimum == 0 || limit.maximum < limit.minimum {
1087 | |                 return Err(GenerateError::new(
1088 | |                     GenerateErrorKind::InvalidOperation,
...    |
1092 | |         }
     | |_________^
     |
     = help: for further information visit https://rust-lang.github.io/rust-clippy/rust-1.98.0/index.html#collapsible_if
     = note: `-W clippy::collapsible-if` implied by `-W clippy::style`
     = help: to override `-W clippy::style` add `#[allow(clippy::collapsible_if)]`
help: collapse nested if block
     |
1085 ~         if let Some(limit) = limit
1086 ~             && (limit.minimum == 0 || limit.maximum < limit.minimum) {
1087 |                 return Err(GenerateError::new(
 ...
1090 |                 ));
1091 ~             }
     |

warning: this `if` statement can be collapsed
    --> crates/schema/generator/src/manifest.rs:1117:9
     |
1117 | /         if !field.values.is_empty() {
1118 | |             if field.ty != wamn_schema_introspection::ir::ColumnType::Text
1119 | |                 || field.values.iter().any(String::is_empty)
1120 | |                 || field.values.iter().collect::<BTreeSet<_>>().len() != field.values.len()
...    |
1130 | |         }
     | |_________^
     |
     = help: for further information visit https://rust-lang.github.io/rust-clippy/rust-1.98.0/index.html#collapsible_if
help: collapse nested if block
     |
1117 ~         if !field.values.is_empty()
1118 ~             && (field.ty != wamn_schema_introspection::ir::ColumnType::Text
1119 |                 || field.values.iter().any(String::is_empty)
1120 ~                 || field.values.iter().collect::<BTreeSet<_>>().len() != field.values.len())
1121 |             {
 ...
1128 |                 ));
1129 ~             }
     |

warning: case-sensitive file extension comparison
   --> crates/schema/generator/src/materialize.rs:278:12
    |
278 |         if file.path().ends_with(".sql") {
    |            ^^^^^^^^^^^^^^^^^^^^^^^^^^^^^
    |
    = help: consider using a case-insensitive comparison instead
    = help: for further information visit https://rust-lang.github.io/rust-clippy/rust-1.98.0/index.html#case_sensitive_file_extension_comparisons
    = note: `-W clippy::case-sensitive-file-extension-comparisons` implied by `-W clippy::pedantic`
    = help: to override `-W clippy::pedantic` add `#[allow(clippy::case_sensitive_file_extension_comparisons)]`
help: use std::path::Path
    |
278 ~         if std::path::Path::new(file.path())
279 +             .extension()
280 ~             .is_some_and(|ext| ext.eq_ignore_ascii_case("sql")) {
    |

warning: `wamn-schema-generator` (lib) generated 6 warnings (run `cargo clippy --fix --lib -p wamn-schema-generator -- ` to apply 5 suggestions)
    Checking wamn-event-reg v0.1.0 (/home/kaalin/.cache/wamn-lanes/receiving-update-projection-20260910/components/events/registration)
    Checking wamn-client-terminal v0.1.0 (/home/kaalin/.cache/wamn-lanes/receiving-update-projection-20260910/crates/client/terminal)
    Checking wamn-schema-control v0.1.0 (/home/kaalin/.cache/wamn-lanes/receiving-update-projection-20260910/crates/schema/control)
warning: unnecessary hashes around raw string literal
   --> crates/schema/control/src/run_plane.rs:498:55
    |
498 |   const REQUIRE_EXECUTOR_PLATFORM_AUTHORITY_SQL: &str = r#"CREATE OR REPLACE FUNCTION wamn_run.require_executor_platform_authority()
    |  _______________________________________________________^
499 | | RETURNS boolean
500 | | LANGUAGE plpgsql
501 | | SECURITY INVOKER
...   |
515 | | END
516 | | $$;"#;
    | |_____^
    |
    = help: for further information visit https://rust-lang.github.io/rust-clippy/rust-1.98.0/index.html#needless_raw_string_hashes
    = note: `-W clippy::needless-raw-string-hashes` implied by `-W clippy::pedantic`
    = help: to override `-W clippy::pedantic` add `#[allow(clippy::needless_raw_string_hashes)]`
help: remove all the hashes around the string literal
    |
498 ~ const REQUIRE_EXECUTOR_PLATFORM_AUTHORITY_SQL: &str = r"CREATE OR REPLACE FUNCTION wamn_run.require_executor_platform_authority()
499 | RETURNS boolean
...
515 | END
516 ~ $$;";
    |

warning: unnecessary hashes around raw string literal
   --> crates/schema/control/src/run_plane.rs:518:58
    |
518 |   const REQUIRE_MANAGEMENT_ADMISSION_AUTHORITY_SQL: &str = r#"CREATE OR REPLACE FUNCTION wamn_run.require_management_admission_auth...
    |  __________________________________________________________^
519 | | RETURNS boolean
520 | | LANGUAGE plpgsql
521 | | SECURITY INVOKER
...   |
535 | | END
536 | | $$;"#;
    | |_____^
    |
    = help: for further information visit https://rust-lang.github.io/rust-clippy/rust-1.98.0/index.html#needless_raw_string_hashes
help: remove all the hashes around the string literal
    |
518 ~ const REQUIRE_MANAGEMENT_ADMISSION_AUTHORITY_SQL: &str = r"CREATE OR REPLACE FUNCTION wamn_run.require_management_admission_authority()
519 | RETURNS boolean
...
535 | END
536 ~ $$;";
    |

warning: unnecessary hashes around raw string literal
   --> crates/schema/control/src/run_plane.rs:538:44
    |
538 |   const PIN_RUN_DURABILITY_CLASS_SQL: &str = r#"CREATE OR REPLACE FUNCTION wamn_run.pin_run_durability_class()
    |  ____________________________________________^
539 | | RETURNS trigger
540 | | LANGUAGE plpgsql
541 | | AS $$
...   |
563 | | $$;
564 | | REVOKE ALL ON FUNCTION wamn_run.pin_run_durability_class() FROM PUBLIC;"#;
    | |_________________________________________________________________________^
    |
    = help: for further information visit https://rust-lang.github.io/rust-clippy/rust-1.98.0/index.html#needless_raw_string_hashes
help: remove all the hashes around the string literal
    |
538 ~ const PIN_RUN_DURABILITY_CLASS_SQL: &str = r"CREATE OR REPLACE FUNCTION wamn_run.pin_run_durability_class()
539 | RETURNS trigger
...
563 | $$;
564 ~ REVOKE ALL ON FUNCTION wamn_run.pin_run_durability_class() FROM PUBLIC;";
    |

warning: unnecessary hashes around raw string literal
   --> crates/schema/control/src/run_plane.rs:566:39
    |
566 |   const GUARD_EVENT_LINEAGE_SQL: &str = r#"CREATE OR REPLACE FUNCTION wamn_run.guard_event_lineage_immutable()
    |  _______________________________________^
567 | | RETURNS trigger
568 | | LANGUAGE plpgsql
569 | | AS $$
...   |
577 | | END
578 | | $$;"#;
    | |_____^
    |
    = help: for further information visit https://rust-lang.github.io/rust-clippy/rust-1.98.0/index.html#needless_raw_string_hashes
help: remove all the hashes around the string literal
    |
566 ~ const GUARD_EVENT_LINEAGE_SQL: &str = r"CREATE OR REPLACE FUNCTION wamn_run.guard_event_lineage_immutable()
567 | RETURNS trigger
...
577 | END
578 ~ $$;";
    |

warning: unnecessary hashes around raw string literal
   --> crates/schema/control/src/run_plane.rs:580:44
    |
580 |   const GUARD_RUN_ADMISSION_PINS_SQL: &str = r#"CREATE OR REPLACE FUNCTION wamn_run.guard_run_admission_pins_immutable()
    |  ____________________________________________^
581 | | RETURNS trigger
582 | | LANGUAGE plpgsql
583 | | AS $$
...   |
618 | | END
619 | | $$;"#;
    | |_____^
    |
    = help: for further information visit https://rust-lang.github.io/rust-clippy/rust-1.98.0/index.html#needless_raw_string_hashes
help: remove all the hashes around the string literal
    |
580 ~ const GUARD_RUN_ADMISSION_PINS_SQL: &str = r"CREATE OR REPLACE FUNCTION wamn_run.guard_run_admission_pins_immutable()
581 | RETURNS trigger
...
618 | END
619 ~ $$;";
    |

warning: unnecessary hashes around raw string literal
   --> crates/schema/control/src/run_plane.rs:621:45
    |
621 |   const GUARD_TERMINAL_RUN_DELETE_SQL: &str = r#"CREATE OR REPLACE FUNCTION wamn_run.guard_terminal_run_delete()
    |  _____________________________________________^
622 | | RETURNS trigger
623 | | LANGUAGE plpgsql
624 | | AS $$
...   |
633 | | $$;
634 | | REVOKE ALL ON FUNCTION wamn_run.guard_terminal_run_delete() FROM PUBLIC;"#;
    | |__________________________________________________________________________^
    |
    = help: for further information visit https://rust-lang.github.io/rust-clippy/rust-1.98.0/index.html#needless_raw_string_hashes
help: remove all the hashes around the string literal
    |
621 ~ const GUARD_TERMINAL_RUN_DELETE_SQL: &str = r"CREATE OR REPLACE FUNCTION wamn_run.guard_terminal_run_delete()
622 | RETURNS trigger
...
633 | $$;
634 ~ REVOKE ALL ON FUNCTION wamn_run.guard_terminal_run_delete() FROM PUBLIC;";
    |

warning: unnecessary hashes around raw string literal
   --> crates/schema/control/src/run_plane.rs:636:55
    |
636 |   const REJECT_IMMUTABLE_EFFECT_FACT_CHANGE_SQL: &str = r#"CREATE OR REPLACE FUNCTION wamn_run.reject_immutable_effect_fact_change()
    |  _______________________________________________________^
637 | | RETURNS trigger
638 | | LANGUAGE plpgsql
639 | | AS $$
...   |
645 | | $$;
646 | | REVOKE ALL ON FUNCTION wamn_run.reject_immutable_effect_fact_change() FROM PUBLIC;"#;
    | |____________________________________________________________________________________^
    |
    = help: for further information visit https://rust-lang.github.io/rust-clippy/rust-1.98.0/index.html#needless_raw_string_hashes
help: remove all the hashes around the string literal
    |
636 ~ const REJECT_IMMUTABLE_EFFECT_FACT_CHANGE_SQL: &str = r"CREATE OR REPLACE FUNCTION wamn_run.reject_immutable_effect_fact_change()
637 | RETURNS trigger
...
645 | $$;
646 ~ REVOKE ALL ON FUNCTION wamn_run.reject_immutable_effect_fact_change() FROM PUBLIC;";
    |

warning: unnecessary hashes around raw string literal
   --> crates/schema/control/src/run_plane.rs:648:63
    |
648 |   const REJECT_IMMUTABLE_OPERATOR_RUN_ACTION_CHANGE_SQL: &str = r#"CREATE OR REPLACE FUNCTION wamn_run.reject_immutable_operator_ru...
    |  _______________________________________________________________^
649 | | RETURNS trigger
650 | | LANGUAGE plpgsql
651 | | AS $$
...   |
658 | | REVOKE ALL ON FUNCTION wamn_run.reject_immutable_operator_run_action_change()
659 | |     FROM PUBLIC;"#;
    | |__________________^
    |
    = help: for further information visit https://rust-lang.github.io/rust-clippy/rust-1.98.0/index.html#needless_raw_string_hashes
help: remove all the hashes around the string literal
    |
648 ~ const REJECT_IMMUTABLE_OPERATOR_RUN_ACTION_CHANGE_SQL: &str = r"CREATE OR REPLACE FUNCTION wamn_run.reject_immutable_operator_run_action_change()
649 | RETURNS trigger
...
658 | REVOKE ALL ON FUNCTION wamn_run.reject_immutable_operator_run_action_change()
659 ~     FROM PUBLIC;";
    |

warning: unnecessary hashes around raw string literal
    --> crates/schema/control/src/run_plane.rs:1050:9
     |
1050 | /         r#"DO $frame_identity_cutover$
1051 | | BEGIN
1052 | |     IF {} THEN
1053 | |         RAISE EXCEPTION USING
...    |
1058 | | $frame_identity_cutover$;
1059 | | "#,
     | |__^
     |
     = help: for further information visit https://rust-lang.github.io/rust-clippy/rust-1.98.0/index.html#needless_raw_string_hashes
help: remove all the hashes around the string literal
     |
1050 ~         r"DO $frame_identity_cutover$
1051 | BEGIN
 ...
1058 | $frame_identity_cutover$;
1059 ~ ",
     |

warning: unnecessary hashes around raw string literal
    --> crates/schema/control/src/run_plane.rs:1070:13
     |
1070 | /             r#"ALTER TABLE {schema}.effect_attempts
1071 | |     DROP CONSTRAINT IF EXISTS effect_attempts_occurrence_key,
1072 | |     DROP CONSTRAINT IF EXISTS effect_attempts_dispatch_identity_key,
1073 | |     DROP CONSTRAINT IF EXISTS effect_attempts_root_plan_hash_check,
...    |
1122 | |                 run_id, frame_id, local_node_id, occurrence);
1123 | | "#
     | |__^
     |
     = help: for further information visit https://rust-lang.github.io/rust-clippy/rust-1.98.0/index.html#needless_raw_string_hashes
help: remove all the hashes around the string literal
     |
1070 ~             r"ALTER TABLE {schema}.effect_attempts
1071 |     DROP CONSTRAINT IF EXISTS effect_attempts_occurrence_key,
 ...
1122 |                 run_id, frame_id, local_node_id, occurrence);
1123 ~ "
     |

warning: unnecessary hashes around raw string literal
    --> crates/schema/control/src/run_plane.rs:1170:9
     |
1170 | /         r#"
1171 | | DO $retire$
1172 | | BEGIN
1173 | |     IF {populated} THEN
...    |
1179 | | $retire$;
1180 | | "#,
     | |__^
     |
     = help: for further information visit https://rust-lang.github.io/rust-clippy/rust-1.98.0/index.html#needless_raw_string_hashes
help: remove all the hashes around the string literal
     |
1170 ~         r"
1171 | DO $retire$
 ...
1179 | $retire$;
1180 ~ ",
     |

warning: unnecessary hashes around raw string literal
    --> crates/schema/control/src/run_plane.rs:1207:13
     |
1207 | /             r#"ALTER TABLE {schema}.effect_attempts
1208 | |     DROP CONSTRAINT IF EXISTS effect_attempts_predecessor_fk,
1209 | |     DROP CONSTRAINT IF EXISTS effect_attempts_attempt_index_check,
1210 | |     DROP CONSTRAINT IF EXISTS effect_attempts_lineage_check,
...    |
1220 | | DROP INDEX IF EXISTS {schema}.effect_attempts_dispatch_identity_key;
1221 | | "#,
     | |__^
     |
     = help: for further information visit https://rust-lang.github.io/rust-clippy/rust-1.98.0/index.html#needless_raw_string_hashes
help: remove all the hashes around the string literal
     |
1207 ~             r"ALTER TABLE {schema}.effect_attempts
1208 |     DROP CONSTRAINT IF EXISTS effect_attempts_predecessor_fk,
 ...
1220 | DROP INDEX IF EXISTS {schema}.effect_attempts_dispatch_identity_key;
1221 ~ ",
     |

warning: unnecessary hashes around raw string literal
    --> crates/schema/control/src/run_plane.rs:1241:13
     |
1241 | /             r#"ALTER TABLE {schema}.effect_attempt_dispatches
1242 | |     DROP CONSTRAINT IF EXISTS effect_attempt_dispatches_attempt_fk,
1243 | |     DROP CONSTRAINT IF EXISTS effect_attempt_dispatches_occurrence_key,
1244 | |     DROP CONSTRAINT IF EXISTS effect_attempt_dispatches_frame_check,
...    |
1261 | |         UNIQUE (tenant_id,run_id,frame_id,local_node_id,occurrence);
1262 | | "#,
     | |__^
     |
     = help: for further information visit https://rust-lang.github.io/rust-clippy/rust-1.98.0/index.html#needless_raw_string_hashes
help: remove all the hashes around the string literal
     |
1241 ~             r"ALTER TABLE {schema}.effect_attempt_dispatches
1242 |     DROP CONSTRAINT IF EXISTS effect_attempt_dispatches_attempt_fk,
 ...
1261 |         UNIQUE (tenant_id,run_id,frame_id,local_node_id,occurrence);
1262 ~ ",
     |

warning: unnecessary hashes around raw string literal
    --> crates/schema/control/src/run_plane.rs:2352:9
     |
2352 | /         r#"LOCK TABLE {target}.runs IN ACCESS EXCLUSIVE MODE;
2353 | | DO $rerun_lineage_cutover$
2354 | | DECLARE
2355 | |     observed_definition text;
...    |
2375 | |     DROP COLUMN IF EXISTS replay_of,
2376 | |     DROP COLUMN IF EXISTS root_run_id;"#
     | |________________________________________^
     |
     = help: for further information visit https://rust-lang.github.io/rust-clippy/rust-1.98.0/index.html#needless_raw_string_hashes
help: remove all the hashes around the string literal
     |
2352 ~         r"LOCK TABLE {target}.runs IN ACCESS EXCLUSIVE MODE;
2353 | DO $rerun_lineage_cutover$
 ...
2375 |     DROP COLUMN IF EXISTS replay_of,
2376 ~     DROP COLUMN IF EXISTS root_run_id;"
     |

warning: unnecessary hashes around raw string literal
    --> crates/schema/control/src/run_plane.rs:2391:9
     |
2391 | /         r#"LOCK TABLE {target}.runs IN ACCESS EXCLUSIVE MODE;
2392 | | -- wamn-0h0g.12.173/.12.175: populated retired failure-detail values are
2393 | | -- deliberately discarded, not archived. fail_node names a deleted plan
2394 | | -- coordinate, and fail_reason is superseded by fail_kind plus the typed caller
...    |
2397 | |     DROP COLUMN IF EXISTS fail_node RESTRICT,
2398 | |     DROP COLUMN IF EXISTS fail_reason RESTRICT;"#
     | |_________________________________________________^
     |
     = help: for further information visit https://rust-lang.github.io/rust-clippy/rust-1.98.0/index.html#needless_raw_string_hashes
help: remove all the hashes around the string literal
     |
2391 ~         r"LOCK TABLE {target}.runs IN ACCESS EXCLUSIVE MODE;
2392 | -- wamn-0h0g.12.173/.12.175: populated retired failure-detail values are
 ...
2397 |     DROP COLUMN IF EXISTS fail_node RESTRICT,
2398 ~     DROP COLUMN IF EXISTS fail_reason RESTRICT;"
     |

warning: unnecessary hashes around raw string literal
    --> crates/schema/control/src/run_plane.rs:2729:17
     |
2729 | /                 r#"LOCK TABLE {target}.node_runs IN ACCESS EXCLUSIVE MODE;
2730 | | -- Populated rows are deliberately discarded without archive: node_runs held
2731 | | -- only dead mutable projection coordinates, while runs retains run history.
2732 | | DROP TABLE IF EXISTS {target}.node_runs RESTRICT;
...    |
2746 | | END
2747 | | $retire_run_projection_authority$;"#,
     | |____________________________________^
     |
     = help: for further information visit https://rust-lang.github.io/rust-clippy/rust-1.98.0/index.html#needless_raw_string_hashes
help: remove all the hashes around the string literal
     |
2729 ~                 r"LOCK TABLE {target}.node_runs IN ACCESS EXCLUSIVE MODE;
2730 | -- Populated rows are deliberately discarded without archive: node_runs held
 ...
2746 | END
2747 ~ $retire_run_projection_authority$;",
     |

warning: use of `format!` to build up a string from an iterator
   --> crates/schema/control/src/connections.rs:242:15
    |
242 |       let hex = digest
    |  _______________^
243 | |         .iter()
244 | |         .map(|byte| format!("{byte:02x}"))
245 | |         .collect::<String>();
    | |____________________________^
    |
help: call `fold` instead
   --> crates/schema/control/src/connections.rs:244:10
    |
244 |         .map(|byte| format!("{byte:02x}"))
    |          ^^^
help: ... and use the `write!` macro here
   --> crates/schema/control/src/connections.rs:244:21
    |
244 |         .map(|byte| format!("{byte:02x}"))
    |                     ^^^^^^^^^^^^^^^^^^^^^
    = note: this can be written more efficiently by appending to a `String` directly
    = help: for further information visit https://rust-lang.github.io/rust-clippy/rust-1.98.0/index.html#format_collect
    = note: `-W clippy::format-collect` implied by `-W clippy::pedantic`
    = help: to override `-W clippy::pedantic` add `#[allow(clippy::format_collect)]`

warning: assigning the result of `Clone::clone()` may be inefficient
   --> crates/schema/control/src/exposure.rs:234:9
    |
234 |         normalized_attachment.route = route.clone();
    |         ^^^^^^^^^^^^^^^^^^^^^^^^^^^^^^^^^^^^^^^^^^^ help: use `clone_from()`: `normalized_attachment.route.clone_from(&route)`
    |
    = help: for further information visit https://rust-lang.github.io/rust-clippy/rust-1.98.0/index.html#assigning_clones
    = note: `-W clippy::assigning-clones` implied by `-W clippy::pedantic`
    = help: to override `-W clippy::pedantic` add `#[allow(clippy::assigning_clones)]`

warning: use of `format!` to build up a string from an iterator
   --> crates/schema/control/src/exposure.rs:443:15
    |
443 |       let hex = digest
    |  _______________^
444 | |         .iter()
445 | |         .map(|byte| format!("{byte:02x}"))
446 | |         .collect::<String>();
    | |____________________________^
    |
help: call `fold` instead
   --> crates/schema/control/src/exposure.rs:445:10
    |
445 |         .map(|byte| format!("{byte:02x}"))
    |          ^^^
help: ... and use the `write!` macro here
   --> crates/schema/control/src/exposure.rs:445:21
    |
445 |         .map(|byte| format!("{byte:02x}"))
    |                     ^^^^^^^^^^^^^^^^^^^^^
    = note: this can be written more efficiently by appending to a `String` directly
    = help: for further information visit https://rust-lang.github.io/rust-clippy/rust-1.98.0/index.html#format_collect

warning: the `Err`-variant returned from this function is very large
   --> crates/schema/control/src/package_migrations.rs:243:6
    |
243 | ) -> Result<PackageMigrationPlan, PackageMigrationError> {
    |      ^^^^^^^^^^^^^^^^^^^^^^^^^^^^^^^^^^^^^^^^^^^^^^^^^^^ the `Err`-variant is at least 144 bytes
    |
    = help: try reducing the size of `package_migrations::PackageMigrationError`, for example by boxing large elements or replacing it with `Box<package_migrations::PackageMigrationError>`
    = help: for further information visit https://rust-lang.github.io/rust-clippy/rust-1.98.0/index.html#result_large_err
    = note: `-W clippy::result-large-err` implied by `-W clippy::perf`
    = help: to override `-W clippy::perf` add `#[allow(clippy::result_large_err)]`

warning: the `Err`-variant returned from this function is very large
   --> crates/schema/control/src/package_migrations.rs:366:6
    |
366 | ) -> Result<PackageMigrationPlan, PackageMigrationError> {
    |      ^^^^^^^^^^^^^^^^^^^^^^^^^^^^^^^^^^^^^^^^^^^^^^^^^^^ the `Err`-variant is at least 144 bytes
    |
    = help: try reducing the size of `package_migrations::PackageMigrationError`, for example by boxing large elements or replacing it with `Box<package_migrations::PackageMigrationError>`
    = help: for further information visit https://rust-lang.github.io/rust-clippy/rust-1.98.0/index.html#result_large_err

warning: the `Err`-variant returned from this function is very large
   --> crates/schema/control/src/package_migrations.rs:468:6
    |
468 | ) -> Result<Vec<NormalizedMigration<'_>>, PackageMigrationError> {
    |      ^^^^^^^^^^^^^^^^^^^^^^^^^^^^^^^^^^^^^^^^^^^^^^^^^^^^^^^^^^^ the `Err`-variant is at least 144 bytes
    |
    = help: try reducing the size of `package_migrations::PackageMigrationError`, for example by boxing large elements or replacing it with `Box<package_migrations::PackageMigrationError>`
    = help: for further information visit https://rust-lang.github.io/rust-clippy/rust-1.98.0/index.html#result_large_err

warning: the `Err`-variant returned from this closure is very large
   --> crates/schema/control/src/package_migrations.rs:477:14
    |
477 |           .map(|source| {
    |  ______________^
478 | |             let ordinal = migration_ordinal(&source.relative_path)?;
479 | |             Ok(NormalizedMigration {
480 | |                 ordinal,
...   |
483 | |             })
484 | |         })
    | |_________^ the `Err`-variant is at least 144 bytes
    |
    = help: try reducing the size of `package_migrations::PackageMigrationError`, for example by boxing large elements or replacing it with `Box<package_migrations::PackageMigrationError>`
    = help: for further information visit https://rust-lang.github.io/rust-clippy/rust-1.98.0/index.html#result_large_err

warning: the `Err`-variant returned from this function is very large
   --> crates/schema/control/src/package_migrations.rs:520:37
    |
520 | fn migration_ordinal(path: &str) -> Result<u32, PackageMigrationError> {
    |                                     ^^^^^^^^^^^^^^^^^^^^^^^^^^^^^^^^^^ the `Err`-variant is at least 144 bytes
    |
    = help: try reducing the size of `package_migrations::PackageMigrationError`, for example by boxing large elements or replacing it with `Box<package_migrations::PackageMigrationError>`
    = help: for further information visit https://rust-lang.github.io/rust-clippy/rust-1.98.0/index.html#result_large_err

warning: the `Err`-variant returned from this function is very large
   --> crates/schema/control/src/package_migrations.rs:561:6
    |
561 | ) -> Result<(), PackageMigrationError> {
    |      ^^^^^^^^^^^^^^^^^^^^^^^^^^^^^^^^^ the `Err`-variant is at least 144 bytes
    |
    = help: try reducing the size of `package_migrations::PackageMigrationError`, for example by boxing large elements or replacing it with `Box<package_migrations::PackageMigrationError>`
    = help: for further information visit https://rust-lang.github.io/rust-clippy/rust-1.98.0/index.html#result_large_err

warning: the `Err`-variant returned from this function is very large
   --> crates/schema/control/src/package_migrations.rs:624:6
    |
624 | ) -> Result<Vec<SqlStatement>, PackageMigrationError> {
    |      ^^^^^^^^^^^^^^^^^^^^^^^^^^^^^^^^^^^^^^^^^^^^^^^^ the `Err`-variant is at least 144 bytes
    |
    = help: try reducing the size of `package_migrations::PackageMigrationError`, for example by boxing large elements or replacing it with `Box<package_migrations::PackageMigrationError>`
    = help: for further information visit https://rust-lang.github.io/rust-clippy/rust-1.98.0/index.html#result_large_err

warning: the `Err`-variant returned from this function is very large
   --> crates/schema/control/src/package_migrations.rs:669:6
    |
669 | ) -> Result<SqlStatement, PackageMigrationError> {
    |      ^^^^^^^^^^^^^^^^^^^^^^^^^^^^^^^^^^^^^^^^^^^ the `Err`-variant is at least 144 bytes
    |
    = help: try reducing the size of `package_migrations::PackageMigrationError`, for example by boxing large elements or replacing it with `Box<package_migrations::PackageMigrationError>`
    = help: for further information visit https://rust-lang.github.io/rust-clippy/rust-1.98.0/index.html#result_large_err

warning: `format!(..)` appended to existing `String`
    --> crates/schema/control/src/run_plane.rs:1036:9
     |
1036 | /         sql.push_str(&format!(
1037 | |             "LOCK TABLE {schema}.effect_attempts IN ACCESS EXCLUSIVE MODE;\n"
1038 | |         ));
     | |__________^
     |
     = note: you may need to import the `std::fmt::Write` trait
     = help: for further information visit https://rust-lang.github.io/rust-clippy/rust-1.98.0/index.html#format_push_string
     = note: `-W clippy::format-push-string` implied by `-W clippy::pedantic`
     = help: to override `-W clippy::pedantic` add `#[allow(clippy::format_push_string)]`
help: consider using `write!` to avoid the extra allocation
     |
1036 -         sql.push_str(&format!(
1037 -             "LOCK TABLE {schema}.effect_attempts IN ACCESS EXCLUSIVE MODE;\n"
1038 -         ));
1036 +         let _ = write!(sql, "LOCK TABLE {schema}.effect_attempts IN ACCESS EXCLUSIVE MODE;\n");
     |

warning: `format!(..)` appended to existing `String`
    --> crates/schema/control/src/run_plane.rs:1042:9
     |
1042 | /         sql.push_str(&format!(
1043 | |             "LOCK TABLE {schema}.effect_attempt_dispatches IN ACCESS EXCLUSIVE MODE;\n"
1044 | |         ));
     | |__________^
     |
     = note: you may need to import the `std::fmt::Write` trait
     = help: for further information visit https://rust-lang.github.io/rust-clippy/rust-1.98.0/index.html#format_push_string
help: consider using `write!` to avoid the extra allocation
     |
1042 -         sql.push_str(&format!(
1043 -             "LOCK TABLE {schema}.effect_attempt_dispatches IN ACCESS EXCLUSIVE MODE;\n"
1044 -         ));
1042 +         let _ = write!(sql, "LOCK TABLE {schema}.effect_attempt_dispatches IN ACCESS EXCLUSIVE MODE;\n");
     |

warning: `format!(..)` appended to existing `String`
    --> crates/schema/control/src/run_plane.rs:1049:5
     |
1049 | /     sql.push_str(&format!(
1050 | |         r#"DO $frame_identity_cutover$
1051 | | BEGIN
1052 | |     IF {} THEN
...    |
1060 | |         populated.join(" OR ")
1061 | |     ));
     | |______^
     |
     = note: you may need to import the `std::fmt::Write` trait
     = help: for further information visit https://rust-lang.github.io/rust-clippy/rust-1.98.0/index.html#format_push_string
help: consider using `write!` to avoid the extra allocation
     |
1049 ~     let _ = write!(sql, r#"DO $frame_identity_cutover$
1050 + BEGIN
1051 +     IF {} THEN
1052 +         RAISE EXCEPTION USING
1053 +             ERRCODE = '55000',
1054 +             MESSAGE = 'frame-identity-cutover-requires-empty-effect-facts';
1055 +     END IF;
1056 + END
1057 + $frame_identity_cutover$;
1058 + "#,
1059 ~         populated.join(" OR "));
     |

warning: `format!(..)` appended to existing `String`
    --> crates/schema/control/src/run_plane.rs:1064:13
     |
1064 | /             sql.push_str(&format!(
1065 | |                 "ALTER TABLE {schema}.effect_attempt_dispatches \
1066 | |                  DROP CONSTRAINT IF EXISTS effect_attempt_dispatches_attempt_fk;\n"
1067 | |             ));
     | |______________^
     |
     = note: you may need to import the `std::fmt::Write` trait
     = help: for further information visit https://rust-lang.github.io/rust-clippy/rust-1.98.0/index.html#format_push_string
help: consider using `write!` to avoid the extra allocation
     |
1064 ~             let _ = write!(sql, "ALTER TABLE {schema}.effect_attempt_dispatches \
1065 ~                  DROP CONSTRAINT IF EXISTS effect_attempt_dispatches_attempt_fk;\n");
     |

warning: `format!(..)` appended to existing `String`
    --> crates/schema/control/src/run_plane.rs:1069:9
     |
1069 | /         sql.push_str(&format!(
1070 | |             r#"ALTER TABLE {schema}.effect_attempts
1071 | |     DROP CONSTRAINT IF EXISTS effect_attempts_occurrence_key,
1072 | |     DROP CONSTRAINT IF EXISTS effect_attempts_dispatch_identity_key,
...    |
1123 | | "#
1124 | |         ));
     | |__________^
     |
     = note: you may need to import the `std::fmt::Write` trait
     = help: for further information visit https://rust-lang.github.io/rust-clippy/rust-1.98.0/index.html#format_push_string
help: consider using `write!` to avoid the extra allocation
     |
1069 ~         let _ = write!(sql, r#"ALTER TABLE {schema}.effect_attempts
1070 +     DROP CONSTRAINT IF EXISTS effect_attempts_occurrence_key,
1071 +     DROP CONSTRAINT IF EXISTS effect_attempts_dispatch_identity_key,
1072 +     DROP CONSTRAINT IF EXISTS effect_attempts_root_plan_hash_check,
1073 +     DROP CONSTRAINT IF EXISTS effect_attempts_current_plan_hash_check,
1074 +     DROP CONSTRAINT IF EXISTS effect_attempts_frame_check,
1075 +     DROP CONSTRAINT IF EXISTS effect_attempts_frame_relation_check,
1076 +     DROP CONSTRAINT IF EXISTS effect_attempts_local_node_check,
1077 +     DROP CONSTRAINT IF EXISTS effect_attempts_source_artifact_check,
1078 +     DROP CONSTRAINT IF EXISTS effect_attempts_requirement_check,
1079 +     DROP CONSTRAINT IF EXISTS effect_attempts_tenant_id_attempt_id_run_id_node_id_occurrence_key,
1080 +     DROP CONSTRAINT IF EXISTS effect_attempts_tenant_id_run_id_node_id_occurrence_attempt_index_key;
1081 + DROP INDEX IF EXISTS {schema}.effect_attempts_occurrence_key;
1082 + DROP INDEX IF EXISTS {schema}.effect_attempts_dispatch_identity_key;
1083 + DROP INDEX IF EXISTS {schema}.effect_attempts_occurrence;
1084 + DROP INDEX IF EXISTS {schema}.effect_attempts_tenant_id_attempt_id_run_id_node_id_occurrence_key;
1085 + DROP INDEX IF EXISTS {schema}.effect_attempts_tenant_id_run_id_node_id_occurrence_attempt_index_key;
1086 + ALTER TABLE {schema}.effect_attempts
1087 +     DROP COLUMN IF EXISTS node_id,
1088 +     DROP COLUMN IF EXISTS root_plan_hash,
1089 +     DROP COLUMN IF EXISTS current_plan_hash,
1090 +     DROP COLUMN IF EXISTS frame_id,
1091 +     DROP COLUMN IF EXISTS parent_frame_id,
1092 +     DROP COLUMN IF EXISTS call_site_id,
1093 +     DROP COLUMN IF EXISTS local_node_id,
1094 +     DROP COLUMN IF EXISTS source_artifact_hash,
1095 +     DROP COLUMN IF EXISTS requirement_name;
1096 + ALTER TABLE {schema}.effect_attempts
1097 +     ADD COLUMN root_plan_hash text NOT NULL,
1098 +     ADD COLUMN current_plan_hash text NOT NULL,
1099 +     ADD COLUMN frame_id bigint NOT NULL DEFAULT 0,
1100 +     ADD COLUMN parent_frame_id bigint,
1101 +     ADD COLUMN call_site_id text,
1102 +     ADD COLUMN local_node_id text NOT NULL,
1103 +     ADD COLUMN source_artifact_hash text NOT NULL,
1104 +     ADD COLUMN requirement_name text NOT NULL,
1105 +     ADD CONSTRAINT effect_attempts_root_plan_hash_check CHECK (root_plan_hash ~ '^sha256:[0-9a-f]{{64}}$'),
1106 +     ADD CONSTRAINT effect_attempts_current_plan_hash_check CHECK (current_plan_hash ~ '^sha256:[0-9a-f]{{64}}$'),
1107 +     ADD CONSTRAINT effect_attempts_frame_check CHECK (frame_id >= 0),
1108 +     ADD CONSTRAINT effect_attempts_frame_relation_check CHECK (
1109 +         (frame_id = 0 AND parent_frame_id IS NULL AND call_site_id IS NULL)
1110 +         OR (frame_id > 0 AND parent_frame_id IS NOT NULL AND parent_frame_id >= 0
1111 +             AND parent_frame_id < frame_id AND call_site_id IS NOT NULL
1112 +             AND call_site_id ~ '^[a-z0-9-]+$')
1113 +     ),
1114 +     ADD CONSTRAINT effect_attempts_local_node_check CHECK (local_node_id ~ '^[a-z0-9-]+$'),
1115 +     ADD CONSTRAINT effect_attempts_source_artifact_check CHECK (source_artifact_hash ~ '^sha256:[0-9a-f]{{64}}$'),
1116 +     ADD CONSTRAINT effect_attempts_requirement_check CHECK (requirement_name <> ''),
1117 +     ADD CONSTRAINT effect_attempts_occurrence_key
1118 +         UNIQUE (tenant_id, run_id, frame_id, local_node_id, occurrence),
1119 +     ADD CONSTRAINT effect_attempts_dispatch_identity_key
1120 +         UNIQUE (tenant_id, attempt_id, attempt_started_at,
1121 +                 run_id, frame_id, local_node_id, occurrence);
1122 ~ "#);
     |

warning: `format!(..)` appended to existing `String`
    --> crates/schema/control/src/run_plane.rs:1169:5
     |
1169 | /     sql.push_str(&format!(
1170 | |         r#"
1171 | | DO $retire$
1172 | | BEGIN
...    |
1180 | | "#,
1181 | |     ));
     | |______^
     |
     = note: you may need to import the `std::fmt::Write` trait
     = help: for further information visit https://rust-lang.github.io/rust-clippy/rust-1.98.0/index.html#format_push_string
help: consider using `write!` to avoid the extra allocation
     |
1169 ~     let _ = write!(sql, r#"
1170 + DO $retire$
1171 + BEGIN
1172 +     IF {populated} THEN
1173 +         RAISE EXCEPTION USING
1174 +             ERRCODE = '55000',
1175 +             MESSAGE = 'effect-writer-cutover-requires-empty-ledger';
1176 +     END IF;
1177 + END
1178 + $retire$;
1179 ~ "#);
     |

warning: `format!(..)` appended to existing `String`
    --> crates/schema/control/src/run_plane.rs:1188:9
     |
1188 | /         sql.push_str(&format!(
1189 | |             "DROP TRIGGER IF EXISTS {} ON {schema}.{};\n",
1190 | |             quote_ident(&format!("{table}_insert_guard")),
1191 | |             quote_ident(table),
1192 | |         ));
     | |__________^
     |
     = note: you may need to import the `std::fmt::Write` trait
     = help: for further information visit https://rust-lang.github.io/rust-clippy/rust-1.98.0/index.html#format_push_string
help: consider using `write!` to avoid the extra allocation
     |
1188 ~         let _ = write!(sql, "DROP TRIGGER IF EXISTS {} ON {schema}.{};\n",
1189 +             quote_ident(&format!("{table}_insert_guard")),
1190 ~             quote_ident(table));
     |

warning: `format!(..)` appended to existing `String`
    --> crates/schema/control/src/run_plane.rs:1194:5
     |
1194 | /     sql.push_str(&format!(
1195 | |         "DROP FUNCTION IF EXISTS {schema}.guard_effect_fact_append();\n"
1196 | |     ));
     | |______^
     |
     = note: you may need to import the `std::fmt::Write` trait
     = help: for further information visit https://rust-lang.github.io/rust-clippy/rust-1.98.0/index.html#format_push_string
help: consider using `write!` to avoid the extra allocation
     |
1194 -     sql.push_str(&format!(
1195 -         "DROP FUNCTION IF EXISTS {schema}.guard_effect_fact_append();\n"
1196 -     ));
1194 +     let _ = write!(sql, "DROP FUNCTION IF EXISTS {schema}.guard_effect_fact_append();\n");
     |

warning: `format!(..)` appended to existing `String`
    --> crates/schema/control/src/run_plane.rs:1199:9
     |
1199 | /         sql.push_str(&format!(
1200 | |             "ALTER TABLE {schema}.effect_attempt_dispatches \
1201 | |              DROP CONSTRAINT IF EXISTS effect_attempt_dispatches_attempt_fk;\n"
1202 | |         ));
     | |__________^
     |
     = note: you may need to import the `std::fmt::Write` trait
     = help: for further information visit https://rust-lang.github.io/rust-clippy/rust-1.98.0/index.html#format_push_string
help: consider using `write!` to avoid the extra allocation
     |
1199 ~         let _ = write!(sql, "ALTER TABLE {schema}.effect_attempt_dispatches \
1200 ~              DROP CONSTRAINT IF EXISTS effect_attempt_dispatches_attempt_fk;\n");
     |

warning: `format!(..)` appended to existing `String`
    --> crates/schema/control/src/run_plane.rs:1206:9
     |
1206 | /         sql.push_str(&format!(
1207 | |             r#"ALTER TABLE {schema}.effect_attempts
1208 | |     DROP CONSTRAINT IF EXISTS effect_attempts_predecessor_fk,
1209 | |     DROP CONSTRAINT IF EXISTS effect_attempts_attempt_index_check,
...    |
1221 | | "#,
1222 | |         ));
     | |__________^
     |
     = note: you may need to import the `std::fmt::Write` trait
     = help: for further information visit https://rust-lang.github.io/rust-clippy/rust-1.98.0/index.html#format_push_string
help: consider using `write!` to avoid the extra allocation
     |
1206 ~         let _ = write!(sql, r#"ALTER TABLE {schema}.effect_attempts
1207 +     DROP CONSTRAINT IF EXISTS effect_attempts_predecessor_fk,
1208 +     DROP CONSTRAINT IF EXISTS effect_attempts_attempt_index_check,
1209 +     DROP CONSTRAINT IF EXISTS effect_attempts_lineage_check,
1210 +     DROP CONSTRAINT IF EXISTS effect_attempts_recovery_class_check,
1211 +     DROP CONSTRAINT IF EXISTS effect_attempts_key_check,
1212 +     DROP CONSTRAINT IF EXISTS effect_attempts_tenant_id_attempt_id_run_id_node_id_occurrence_key,
1213 +     DROP CONSTRAINT IF EXISTS effect_attempts_tenant_id_run_id_node_id_occurrence_attempt_index_key,
1214 +     DROP CONSTRAINT IF EXISTS effect_attempts_tenant_id_attempt_id_attempt_started_at_key,
1215 +     DROP CONSTRAINT IF EXISTS effect_attempts_dispatch_identity_key;
1216 + DROP INDEX IF EXISTS {schema}.effect_attempts_occurrence;
1217 + DROP INDEX IF EXISTS {schema}.effect_attempts_tenant_id_attempt_id_run_id_node_id_occurrence_key;
1218 + DROP INDEX IF EXISTS {schema}.effect_attempts_tenant_id_run_id_node_id_occurrence_attempt_index_key;
1219 + DROP INDEX IF EXISTS {schema}.effect_attempts_dispatch_identity_key;
1220 ~ "#);
     |

warning: `format!(..)` appended to existing `String`
    --> crates/schema/control/src/run_plane.rs:1225:17
     |
1225 | /                 sql.push_str(&format!(
1226 | |                     "ALTER TABLE {schema}.effect_attempts DROP COLUMN {};\n",
1227 | |                     quote_ident(column),
1228 | |                 ));
     | |__________________^
     |
     = note: you may need to import the `std::fmt::Write` trait
     = help: for further information visit https://rust-lang.github.io/rust-clippy/rust-1.98.0/index.html#format_push_string
help: consider using `write!` to avoid the extra allocation
     |
1225 ~                 let _ = write!(sql, "ALTER TABLE {schema}.effect_attempts DROP COLUMN {};\n",
1226 ~                     quote_ident(column));
     |

warning: `format!(..)` appended to existing `String`
    --> crates/schema/control/src/run_plane.rs:1231:9
     |
1231 | /         sql.push_str(&format!(
1232 | |             "ALTER TABLE {schema}.effect_attempts \
1233 | |              ALTER COLUMN attempt_started_at SET DEFAULT now(), \
1234 | |              ADD CONSTRAINT effect_attempts_dispatch_identity_key \
1235 | |              UNIQUE (tenant_id,attempt_id,attempt_started_at,run_id,frame_id,local_node_id,occurrence);\n"
1236 | |         ));
     | |__________^
     |
     = note: you may need to import the `std::fmt::Write` trait
     = help: for further information visit https://rust-lang.github.io/rust-clippy/rust-1.98.0/index.html#format_push_string
help: consider using `write!` to avoid the extra allocation
     |
1231 ~         let _ = write!(sql, "ALTER TABLE {schema}.effect_attempts \
1232 +              ALTER COLUMN attempt_started_at SET DEFAULT now(), \
1233 +              ADD CONSTRAINT effect_attempts_dispatch_identity_key \
1234 ~              UNIQUE (tenant_id,attempt_id,attempt_started_at,run_id,frame_id,local_node_id,occurrence);\n");
     |

warning: `format!(..)` appended to existing `String`
    --> crates/schema/control/src/run_plane.rs:1240:9
     |
1240 | /         sql.push_str(&format!(
1241 | |             r#"ALTER TABLE {schema}.effect_attempt_dispatches
1242 | |     DROP CONSTRAINT IF EXISTS effect_attempt_dispatches_attempt_fk,
1243 | |     DROP CONSTRAINT IF EXISTS effect_attempt_dispatches_occurrence_key,
...    |
1262 | | "#,
1263 | |         ));
     | |__________^
     |
     = note: you may need to import the `std::fmt::Write` trait
     = help: for further information visit https://rust-lang.github.io/rust-clippy/rust-1.98.0/index.html#format_push_string
help: consider using `write!` to avoid the extra allocation
     |
1240 ~         let _ = write!(sql, r#"ALTER TABLE {schema}.effect_attempt_dispatches
1241 +     DROP CONSTRAINT IF EXISTS effect_attempt_dispatches_attempt_fk,
1242 +     DROP CONSTRAINT IF EXISTS effect_attempt_dispatches_occurrence_key,
1243 +     DROP CONSTRAINT IF EXISTS effect_attempt_dispatches_frame_check,
1244 +     DROP CONSTRAINT IF EXISTS effect_attempt_dispatches_local_node_check,
1245 +     DROP CONSTRAINT IF EXISTS effect_attempt_dispatches_occurrence_check,
1246 +     DROP COLUMN IF EXISTS run_id,
1247 +     DROP COLUMN IF EXISTS frame_id,
1248 +     DROP COLUMN IF EXISTS local_node_id,
1249 +     DROP COLUMN IF EXISTS occurrence;
1250 + DROP INDEX IF EXISTS {schema}.effect_attempt_dispatches_occurrence_key;
1251 + ALTER TABLE {schema}.effect_attempt_dispatches
1252 +     ADD COLUMN run_id text NOT NULL,
1253 +     ADD COLUMN frame_id bigint NOT NULL,
1254 +     ADD COLUMN local_node_id text NOT NULL,
1255 +     ADD COLUMN occurrence int NOT NULL,
1256 +     ADD CONSTRAINT effect_attempt_dispatches_frame_check CHECK (frame_id >= 0),
1257 +     ADD CONSTRAINT effect_attempt_dispatches_local_node_check CHECK (local_node_id ~ '^[a-z0-9-]+$'),
1258 +     ADD CONSTRAINT effect_attempt_dispatches_occurrence_check CHECK (occurrence >= 0),
1259 +     ADD CONSTRAINT effect_attempt_dispatches_occurrence_key
1260 +         UNIQUE (tenant_id,run_id,frame_id,local_node_id,occurrence);
1261 ~ "#);
     |

warning: more than 3 bools in a struct
    --> crates/schema/control/src/run_plane.rs:1819:1
     |
1819 | / pub struct ScenarioAuthorRoleObservation {
1820 | |     pub can_login: bool,
1821 | |     pub is_superuser: bool,
1822 | |     pub can_create_database: bool,
...    |
1826 | |     pub bypasses_rls: bool,
1827 | | }
     | |_^
     |
     = help: consider using a state machine or refactoring bools into two-variant enums
     = help: for further information visit https://rust-lang.github.io/rust-clippy/rust-1.98.0/index.html#struct_excessive_bools
     = note: `-W clippy::struct-excessive-bools` implied by `-W clippy::pedantic`
     = help: to override `-W clippy::pedantic` add `#[allow(clippy::struct_excessive_bools)]`

warning: more than 3 bools in a struct
    --> crates/schema/control/src/run_plane.rs:1831:1
     |
1831 | / pub struct EffectWriterRoleObservation {
1832 | |     pub can_login: bool,
1833 | |     pub is_superuser: bool,
1834 | |     pub can_create_database: bool,
...    |
1841 | |     pub membership_out_of_bounds: bool,
1842 | | }
     | |_^
     |
     = help: consider using a state machine or refactoring bools into two-variant enums
     = help: for further information visit https://rust-lang.github.io/rust-clippy/rust-1.98.0/index.html#struct_excessive_bools

warning: more than 3 bools in a struct
    --> crates/schema/control/src/run_plane.rs:2011:1
     |
2011 | / pub struct RunPlaneObservation {
2012 | |     /// Total immutable rows across the three effect-writer ledgers that exist.
2013 | |     /// Any nonzero value makes an incompatible structural cutover refuse.
2014 | |     pub effect_ledger_rows: i64,
...    |
2118 | |     pub helper_functions: BTreeMap<String, String>,
2119 | | }
     | |_^
     |
     = help: consider using a state machine or refactoring bools into two-variant enums
     = help: for further information visit https://rust-lang.github.io/rust-clippy/rust-1.98.0/index.html#struct_excessive_bools

warning: unnecessary boolean `not` operation
    --> crates/schema/control/src/run_plane.rs:2998:5
     |
2998 | /     if !obs.catalog_schema_present {
2999 | |         plan.actions.push(RunPlaneAction {
3000 | |             kind: RunPlaneActionKind::EnsureCatalogSchema,
3001 | |             target: "catalog".to_string(),
...    |
3014 | |     }
     | |_____^
     |
     = help: for further information visit https://rust-lang.github.io/rust-clippy/rust-1.98.0/index.html#if_not_else
     = note: `-W clippy::if-not-else` implied by `-W clippy::pedantic`
     = help: to override `-W clippy::pedantic` add `#[allow(clippy::if_not_else)]`
help: try
     |
2998 ~     if obs.catalog_schema_present {
2999 +         for table in record_tables(CATALOG_SCHEMA_SQL, "catalog") {
3000 +             if !obs.catalog_tables.contains(&table) {
3001 +                 plan.actions.push(RunPlaneAction {
3002 +                     kind: RunPlaneActionKind::CreateCatalogTable,
3003 +                     target: table.clone(),
3004 +                     sql: table_section(CATALOG_SCHEMA_SQL, "catalog", &table),
3005 +                 });
3006 +             }
3007 +         }
3008 +     } else {
3009 +         plan.actions.push(RunPlaneAction {
3010 +             kind: RunPlaneActionKind::EnsureCatalogSchema,
3011 +             target: "catalog".to_string(),
3012 +             sql: CATALOG_SCHEMA_SQL.to_string(),
3013 +         });
3014 +     }
     |

warning: this boolean expression can be simplified
    --> crates/schema/control/src/run_plane.rs:3237:17
     |
3237 | /                 !(table == "run_queue"
3238 | |                     && partition_plane_cutover_needed
3239 | |                     && RETIRED_PARTITION_COLUMNS.contains(&column.as_str()))
3240 | |                     && !(table == "runs"
3241 | |                         && rerun_lineage_cutover_needed
3242 | |                         && RETIRED_RERUN_LINEAGE_COLUMNS.contains(&column.as_str()))
     | |____________________________________________________________________________________^
     |
     = help: for further information visit https://rust-lang.github.io/rust-clippy/rust-1.98.0/index.html#nonminimal_bool
     = note: `-W clippy::nonminimal-bool` implied by `-W clippy::pedantic`
     = help: to override `-W clippy::pedantic` add `#[allow(clippy::nonminimal_bool)]`
help: try
     |
3237 -                 !(table == "run_queue"
3238 -                     && partition_plane_cutover_needed
3239 -                     && RETIRED_PARTITION_COLUMNS.contains(&column.as_str()))
3240 -                     && !(table == "runs"
3241 -                         && rerun_lineage_cutover_needed
3242 -                         && RETIRED_RERUN_LINEAGE_COLUMNS.contains(&column.as_str()))
3237 +                 !(table == "run_queue" && partition_plane_cutover_needed && RETIRED_PARTITION_COLUMNS.contains(&column.as_str()) || table == "runs" && rerun_lineage_cutover_needed && RETIRED_RERUN_LINEAGE_COLUMNS.contains(&column.as_str()))
     |

warning: `format!(..)` appended to existing `String`
    --> crates/schema/control/src/run_plane.rs:3440:21
     |
3440 | /                     sql.push_str(&format!(
3441 | |                         "; GRANT {} ON TABLE {qualified} TO {grantee}",
3442 | |                         privileges.join(", ")
3443 | |                     ));
     | |______________________^
     |
     = note: you may need to import the `std::fmt::Write` trait
     = help: for further information visit https://rust-lang.github.io/rust-clippy/rust-1.98.0/index.html#format_push_string
help: consider using `write!` to avoid the extra allocation
     |
3440 ~                     let _ = write!(sql, "; GRANT {} ON TABLE {qualified} TO {grantee}",
3441 ~                         privileges.join(", "));
     |

warning: `format!(..)` appended to existing `String`
    --> crates/schema/control/src/run_plane.rs:3491:9
     |
3491 | /         sql.push_str(&format!(
3492 | |             "DO $effective_acl$ BEGIN IF {} THEN RAISE EXCEPTION USING \
3493 | |              ERRCODE = '42501', MESSAGE = \
3494 | |              'authoring-effective-privilege-out-of-bounds:{schema_name}.{}'; \
...    |
3497 | |             spec.table,
3498 | |         ));
     | |__________^
     |
     = note: you may need to import the `std::fmt::Write` trait
     = help: for further information visit https://rust-lang.github.io/rust-clippy/rust-1.98.0/index.html#format_push_string
help: consider using `write!` to avoid the extra allocation
     |
3491 ~         let _ = write!(sql, "DO $effective_acl$ BEGIN IF {} THEN RAISE EXCEPTION USING \
3492 +              ERRCODE = '42501', MESSAGE = \
3493 +              'authoring-effective-privilege-out-of-bounds:{schema_name}.{}'; \
3494 +              END IF; END $effective_acl$",
3495 +             forbidden_checks.join(" OR "),
3496 ~             spec.table);
     |

warning: casting `usize` to `i32` may truncate the value on targets with 64-bit wide pointers
    --> crates/schema/control/src/run_plane.rs:4822:18
     |
4822 |         depth += t.chars().filter(|c| *c == '(').count() as i32;
     |                  ^^^^^^^^^^^^^^^^^^^^^^^^^^^^^^^^^^^^^^^^^^^^^^
     |
     = help: if this is intentional allow the lint with `#[allow(clippy::cast_possible_truncation)]` ...
     = help: for further information visit https://rust-lang.github.io/rust-clippy/rust-1.98.0/index.html#cast_possible_truncation
     = note: `-W clippy::cast-possible-truncation` implied by `-W clippy::pedantic`
     = help: to override `-W clippy::pedantic` add `#[allow(clippy::cast_possible_truncation)]`
help: ... or use `try_from` and handle the error accordingly
     |
4822 -         depth += t.chars().filter(|c| *c == '(').count() as i32;
4822 +         depth += i32::try_from(t.chars().filter(|c| *c == '(').count());
     |

warning: casting `usize` to `i32` may wrap around the value on targets with 32-bit wide pointers
    --> crates/schema/control/src/run_plane.rs:4822:18
     |
4822 |         depth += t.chars().filter(|c| *c == '(').count() as i32;
     |                  ^^^^^^^^^^^^^^^^^^^^^^^^^^^^^^^^^^^^^^^^^^^^^^
     |
     = help: for further information visit https://rust-lang.github.io/rust-clippy/rust-1.98.0/index.html#cast_possible_wrap
     = note: `-W clippy::cast-possible-wrap` implied by `-W clippy::pedantic`
     = help: to override `-W clippy::pedantic` add `#[allow(clippy::cast_possible_wrap)]`

warning: casting `usize` to `i32` may truncate the value on targets with 64-bit wide pointers
    --> crates/schema/control/src/run_plane.rs:4823:18
     |
4823 |         depth -= t.chars().filter(|c| *c == ')').count() as i32;
     |                  ^^^^^^^^^^^^^^^^^^^^^^^^^^^^^^^^^^^^^^^^^^^^^^
     |
     = help: if this is intentional allow the lint with `#[allow(clippy::cast_possible_truncation)]` ...
     = help: for further information visit https://rust-lang.github.io/rust-clippy/rust-1.98.0/index.html#cast_possible_truncation
help: ... or use `try_from` and handle the error accordingly
     |
4823 -         depth -= t.chars().filter(|c| *c == ')').count() as i32;
4823 +         depth -= i32::try_from(t.chars().filter(|c| *c == ')').count());
     |

warning: casting `usize` to `i32` may wrap around the value on targets with 32-bit wide pointers
    --> crates/schema/control/src/run_plane.rs:4823:18
     |
4823 |         depth -= t.chars().filter(|c| *c == ')').count() as i32;
     |                  ^^^^^^^^^^^^^^^^^^^^^^^^^^^^^^^^^^^^^^^^^^^^^^
     |
     = help: for further information visit https://rust-lang.github.io/rust-clippy/rust-1.98.0/index.html#cast_possible_wrap

warning: `wamn-schema-control` (lib) generated 51 warnings (run `cargo clippy --fix --lib -p wamn-schema-control -- ` to apply 17 suggestions)
    Checking wamn-control-provision v0.1.0 (/home/kaalin/.cache/wamn-lanes/receiving-update-projection-20260910/crates/control/provision)
warning: `format!(..)` appended to existing `String`
   --> crates/control/provision/src/identity_issuer.rs:281:9
    |
281 | /         sql.push_str(&format!(
282 | |             " GRANT SELECT ({columns}) ON TABLE {schema}.{table} TO {role};",
283 | |             schema = quote_ident(schema),
284 | |             table = quote_ident(table),
285 | |         ));
    | |__________^
    |
    = note: you may need to import the `std::fmt::Write` trait
    = help: for further information visit https://rust-lang.github.io/rust-clippy/rust-1.98.0/index.html#format_push_string
    = note: `-W clippy::format-push-string` implied by `-W clippy::pedantic`
    = help: to override `-W clippy::pedantic` add `#[allow(clippy::format_push_string)]`
help: consider using `write!` to avoid the extra allocation
    |
281 ~         let _ = write!(sql, " GRANT SELECT ({columns}) ON TABLE {schema}.{table} TO {role};",
282 +             schema = quote_ident(schema),
283 ~             table = quote_ident(table));
    |

warning: `format!(..)` appended to existing `String`
   --> crates/control/provision/src/identity_issuer.rs:292:5
    |
292 | /     sql.push_str(&format!(
293 | |         " GRANT INSERT ({columns}) ON TABLE identity.pats TO {role};"
294 | |     ));
    | |______^
    |
    = note: you may need to import the `std::fmt::Write` trait
    = help: for further information visit https://rust-lang.github.io/rust-clippy/rust-1.98.0/index.html#format_push_string
help: consider using `write!` to avoid the extra allocation
    |
292 -     sql.push_str(&format!(
293 -         " GRANT INSERT ({columns}) ON TABLE identity.pats TO {role};"
294 -     ));
292 +     let _ = write!(sql, " GRANT INSERT ({columns}) ON TABLE identity.pats TO {role};");
    |

warning: `format!(..)` appended to existing `String`
   --> crates/control/provision/src/name.rs:502:13
    |
502 |             out.push_str(&format!("{b:02X}"));
    |             ^^^^^^^^^^^^^^^^^^^^^^^^^^^^^^^^^
    |
    = note: you may need to import the `std::fmt::Write` trait
    = help: for further information visit https://rust-lang.github.io/rust-clippy/rust-1.98.0/index.html#format_push_string
help: consider using `write!` to avoid the extra allocation
    |
502 -             out.push_str(&format!("{b:02X}"));
502 +             let _ = write!(out, "{b:02X}");
    |

warning: `format!(..)` appended to existing `String`
   --> crates/control/provision/src/sql.rs:556:9
    |
556 | /         sql.push_str(&format!(
557 | |             " GRANT SELECT ON {schema_ident}.{relation} TO {role};",
558 | |             relation = quote_ident(relation),
559 | |         ));
    | |__________^
    |
    = note: you may need to import the `std::fmt::Write` trait
    = help: for further information visit https://rust-lang.github.io/rust-clippy/rust-1.98.0/index.html#format_push_string
help: consider using `write!` to avoid the extra allocation
    |
556 ~         let _ = write!(sql, " GRANT SELECT ON {schema_ident}.{relation} TO {role};",
557 ~             relation = quote_ident(relation));
    |

warning: `format!(..)` appended to existing `String`
   --> crates/control/provision/src/sql.rs:757:9
    |
757 | /         sql.push_str(&format!(
758 | |             " GRANT SELECT ON TABLE catalog.{relation} TO {role};",
759 | |             relation = quote_ident(relation),
760 | |         ));
    | |__________^
    |
    = note: you may need to import the `std::fmt::Write` trait
    = help: for further information visit https://rust-lang.github.io/rust-clippy/rust-1.98.0/index.html#format_push_string
help: consider using `write!` to avoid the extra allocation
    |
757 ~         let _ = write!(sql, " GRANT SELECT ON TABLE catalog.{relation} TO {role};",
758 ~             relation = quote_ident(relation));
    |

warning: `format!(..)` appended to existing `String`
   --> crates/control/provision/src/sql.rs:767:5
    |
767 | /     sql.push_str(&format!(
768 | |         " GRANT INSERT ({wiring_insert}) ON TABLE catalog.\"wirings\" TO {role}; \
769 | |          GRANT SELECT ON TABLE {schema}.\"environment_policies\" TO {role}; \
770 | |          GRANT SELECT ({run_select}) ON TABLE {schema}.\"runs\" TO {role}; \
...   |
773 | |            ON TABLE {schema}.\"run_queue\" TO {role};"
774 | |     ));
    | |______^
    |
    = note: you may need to import the `std::fmt::Write` trait
    = help: for further information visit https://rust-lang.github.io/rust-clippy/rust-1.98.0/index.html#format_push_string
help: consider using `write!` to avoid the extra allocation
    |
767 ~     let _ = write!(sql, " GRANT INSERT ({wiring_insert}) ON TABLE catalog.\"wirings\" TO {role}; \
768 +          GRANT SELECT ON TABLE {schema}.\"environment_policies\" TO {role}; \
769 +          GRANT SELECT ({run_select}) ON TABLE {schema}.\"runs\" TO {role}; \
770 +          GRANT INSERT ({run_insert}) ON TABLE {schema}.\"runs\" TO {role}; \
771 +          GRANT SELECT ({queue_select}), INSERT ({queue_insert}) \
772 ~            ON TABLE {schema}.\"run_queue\" TO {role};");
    |

warning: `format!(..)` appended to existing `String`
   --> crates/control/provision/src/sql.rs:827:9
    |
827 | /         sql.push_str(&format!(
828 | |             " GRANT SELECT ON TABLE catalog.{relation} TO {role};",
829 | |             relation = quote_ident(relation),
830 | |         ));
    | |__________^
    |
    = note: you may need to import the `std::fmt::Write` trait
    = help: for further information visit https://rust-lang.github.io/rust-clippy/rust-1.98.0/index.html#format_push_string
help: consider using `write!` to avoid the extra allocation
    |
827 ~         let _ = write!(sql, " GRANT SELECT ON TABLE catalog.{relation} TO {role};",
828 ~             relation = quote_ident(relation));
    |

warning: `format!(..)` appended to existing `String`
   --> crates/control/provision/src/sql.rs:832:5
    |
832 | /     sql.push_str(&format!(
833 | |         " GRANT SELECT ON TABLE app_system.\"permissions\" TO {role}; \
834 | |          GRANT SELECT ON TABLE app_system.\"users\" TO {role}; \
835 | |          GRANT SELECT ON TABLE app_system.\"user_roles\" TO {role};"
836 | |     ));
    | |______^
    |
    = note: you may need to import the `std::fmt::Write` trait
    = help: for further information visit https://rust-lang.github.io/rust-clippy/rust-1.98.0/index.html#format_push_string
help: consider using `write!` to avoid the extra allocation
    |
832 ~     let _ = write!(sql, " GRANT SELECT ON TABLE app_system.\"permissions\" TO {role}; \
833 +          GRANT SELECT ON TABLE app_system.\"users\" TO {role}; \
834 ~          GRANT SELECT ON TABLE app_system.\"user_roles\" TO {role};");
    |

warning: `format!(..)` appended to existing `String`
   --> crates/control/provision/src/sql.rs:936:9
    |
936 | /         sql.push_str(&format!(
937 | |             " GRANT SELECT ON TABLE catalog.{relation} TO {role};",
938 | |             relation = quote_ident(relation),
939 | |         ));
    | |__________^
    |
    = note: you may need to import the `std::fmt::Write` trait
    = help: for further information visit https://rust-lang.github.io/rust-clippy/rust-1.98.0/index.html#format_push_string
help: consider using `write!` to avoid the extra allocation
    |
936 ~         let _ = write!(sql, " GRANT SELECT ON TABLE catalog.{relation} TO {role};",
937 ~             relation = quote_ident(relation));
    |

warning: `format!(..)` appended to existing `String`
   --> crates/control/provision/src/sql.rs:943:5
    |
943 | /     sql.push_str(&format!(
944 | |         " GRANT SELECT ON TABLE {schema}.\"runs\" TO {role}; \
945 | |          GRANT UPDATE ({run_update}) ON TABLE {schema}.\"runs\" TO {role}; \
946 | |          GRANT SELECT, DELETE ON TABLE {schema}.\"run_queue\" TO {role}; \
...   |
950 | |            {schema}.\"require_executor_platform_authority\"() TO {role};"
951 | |     ));
    | |______^
    |
    = note: you may need to import the `std::fmt::Write` trait
    = help: for further information visit https://rust-lang.github.io/rust-clippy/rust-1.98.0/index.html#format_push_string
help: consider using `write!` to avoid the extra allocation
    |
943 ~     let _ = write!(sql, " GRANT SELECT ON TABLE {schema}.\"runs\" TO {role}; \
944 +          GRANT UPDATE ({run_update}) ON TABLE {schema}.\"runs\" TO {role}; \
945 +          GRANT SELECT, DELETE ON TABLE {schema}.\"run_queue\" TO {role}; \
946 +          GRANT UPDATE ({queue_update}) ON TABLE {schema}.\"run_queue\" TO {role}; \
947 +          GRANT SELECT ON TABLE {schema}.\"effect_attempts\" TO {role}; \
948 +          GRANT EXECUTE ON FUNCTION \
949 ~            {schema}.\"require_executor_platform_authority\"() TO {role};");
    |

warning: `format!(..)` appended to existing `String`
   --> crates/control/provision/src/sql.rs:979:9
    |
979 | /         sql.push_str(&format!(
980 | |             " GRANT SELECT ON TABLE catalog.{relation} TO {role};",
981 | |             relation = quote_ident(relation),
982 | |         ));
    | |__________^
    |
    = note: you may need to import the `std::fmt::Write` trait
    = help: for further information visit https://rust-lang.github.io/rust-clippy/rust-1.98.0/index.html#format_push_string
help: consider using `write!` to avoid the extra allocation
    |
979 ~         let _ = write!(sql, " GRANT SELECT ON TABLE catalog.{relation} TO {role};",
980 ~             relation = quote_ident(relation));
    |

warning: `format!(..)` appended to existing `String`
    --> crates/control/provision/src/sql.rs:1071:9
     |
1071 | /         sql.push_str(&format!(
1072 | |             " GRANT SELECT ON TABLE {schema}.{relation} TO {role};",
1073 | |             relation = quote_ident(relation),
1074 | |         ));
     | |__________^
     |
     = note: you may need to import the `std::fmt::Write` trait
     = help: for further information visit https://rust-lang.github.io/rust-clippy/rust-1.98.0/index.html#format_push_string
help: consider using `write!` to avoid the extra allocation
     |
1071 ~         let _ = write!(sql, " GRANT SELECT ON TABLE {schema}.{relation} TO {role};",
1072 ~             relation = quote_ident(relation));
     |

warning: `wamn-control-provision` (lib) generated 12 warnings
    Checking wamn-authoring-model v0.1.0 (/home/kaalin/.cache/wamn-lanes/receiving-update-projection-20260910/crates/authoring/model)
    Checking wamn-gate-harness v0.1.0 (/home/kaalin/.cache/wamn-lanes/receiving-update-projection-20260910/test-support/harness)
warning: manual implementation of `midpoint` which can overflow
   --> test-support/harness/src/ceiling.rs:106:22
    |
106 |                 Some((good + bad) / 2.0)
    |                      ^^^^^^^^^^^^^^^^^^ help: use `f64::midpoint` instead: `f64::midpoint(good, bad)`
    |
    = help: for further information visit https://rust-lang.github.io/rust-clippy/rust-1.98.0/index.html#manual_midpoint
    = note: `-W clippy::manual-midpoint` implied by `-W clippy::pedantic`
    = help: to override `-W clippy::pedantic` add `#[allow(clippy::manual_midpoint)]`

warning: `format!(..)` appended to existing `String`
   --> test-support/harness/src/ceiling.rs:183:9
    |
183 | /         out.push_str(&format!(
184 | |             "{:.0},{:.1},{:.1},{:.3},{:.3},{:.3},{},{}\n",
185 | |             s.offered,
186 | |             s.achieved_enqueue,
...   |
192 | |             s.drained
193 | |         ));
    | |__________^
    |
    = note: you may need to import the `std::fmt::Write` trait
    = help: for further information visit https://rust-lang.github.io/rust-clippy/rust-1.98.0/index.html#format_push_string
    = note: `-W clippy::format-push-string` implied by `-W clippy::pedantic`
    = help: to override `-W clippy::pedantic` add `#[allow(clippy::format_push_string)]`
help: consider using `write!` to avoid the extra allocation
    |
183 ~         let _ = write!(out, "{:.0},{:.1},{:.1},{:.3},{:.3},{:.3},{},{}\n",
184 +             s.offered,
185 +             s.achieved_enqueue,
186 +             s.achieved_complete,
187 +             s.p50_ms,
188 +             s.p99_ms,
189 +             s.p999_ms,
190 +             s.window_completed,
191 ~             s.drained);
    |

warning: casting `f64` to `usize` may truncate the value
  --> test-support/harness/src/lib.rs:26:15
   |
26 |     let idx = ((sorted.len() as f64 - 1.0) * p).round() as usize;
   |               ^^^^^^^^^^^^^^^^^^^^^^^^^^^^^^^^^^^^^^^^^^^^^^^^^^
   |
   = help: if this is intentional allow the lint with `#[allow(clippy::cast_possible_truncation)]` ...
   = help: for further information visit https://rust-lang.github.io/rust-clippy/rust-1.98.0/index.html#cast_possible_truncation
   = note: `-W clippy::cast-possible-truncation` implied by `-W clippy::pedantic`
   = help: to override `-W clippy::pedantic` add `#[allow(clippy::cast_possible_truncation)]`

warning: casting `f64` to `usize` may lose the sign of the value
  --> test-support/harness/src/lib.rs:26:15
   |
26 |     let idx = ((sorted.len() as f64 - 1.0) * p).round() as usize;
   |               ^^^^^^^^^^^^^^^^^^^^^^^^^^^^^^^^^^^^^^^^^^^^^^^^^^
   |
   = help: for further information visit https://rust-lang.github.io/rust-clippy/rust-1.98.0/index.html#cast_sign_loss
   = note: `-W clippy::cast-sign-loss` implied by `-W clippy::pedantic`
   = help: to override `-W clippy::pedantic` add `#[allow(clippy::cast_sign_loss)]`

warning: casting `usize` to `f64` may cause a loss of precision (`usize` can be up to 64 bits wide depending on the target architecture, but `f64`'s mantissa is only 52 bits wide)
  --> test-support/harness/src/lib.rs:26:17
   |
26 |     let idx = ((sorted.len() as f64 - 1.0) * p).round() as usize;
   |                 ^^^^^^^^^^^^^^^^^^^
   |
   = help: for further information visit https://rust-lang.github.io/rust-clippy/rust-1.98.0/index.html#cast_precision_loss
   = note: `-W clippy::cast-precision-loss` implied by `-W clippy::pedantic`
   = help: to override `-W clippy::pedantic` add `#[allow(clippy::cast_precision_loss)]`

warning: type does not implement `std::fmt::Debug`; consider adding `#[derive(Debug)]` or a manual implementation
  --> test-support/harness/src/ceiling.rs:72:1
   |
72 | / pub struct Ramp {
73 | |     tolerance: f64,
74 | |     max_levels: usize,
75 | |     levels: Vec<LevelStats>,
...  |
82 | |     retrying: bool,
83 | | }
   | |_^
   |
   = note: requested on the command line with `-W missing-debug-implementations`

warning: `wamn-gate-harness` (lib) generated 6 warnings (run `cargo clippy --fix --lib -p wamn-gate-harness -- ` to apply 1 suggestion)
    Checking wamn-test-infrastructure v0.1.0 (/home/kaalin/.cache/wamn-lanes/receiving-update-projection-20260910/test-support/infrastructure)
warning: called `map(<f>).unwrap_or_else(<g>)` on an `Option` value
   --> test-support/infrastructure/ctl_process.rs:103:5
    |
103 | /     sibling
104 | |         .map(PathBuf::into_os_string)
105 | |         .unwrap_or_else(|| OsString::from(name))
    | |________________________________________________^ help: try: `sibling.map_or_else(|| OsString::from(name), PathBuf::into_os_string)`
    |
    = help: for further information visit https://rust-lang.github.io/rust-clippy/rust-1.98.0/index.html#map_unwrap_or
    = note: `-W clippy::map-unwrap-or` implied by `-W clippy::pedantic`
    = help: to override `-W clippy::pedantic` add `#[allow(clippy::map_unwrap_or)]`

warning: `wamn-test-infrastructure` (lib) generated 1 warning (run `cargo clippy --fix --lib -p wamn-test-infrastructure -- ` to apply 1 suggestion)
    Checking wamn-generated-receiving-tui v0.1.0 (/home/kaalin/.cache/wamn-lanes/receiving-update-projection-20260910/packages/receiving/generated/receiving-tui)
    Checking wamn-receiving-tui v0.1.0 (/home/kaalin/.cache/wamn-lanes/receiving-update-projection-20260910/crates/client/receiving)
warning: this argument is passed by value, but not consumed in the function body
    --> crates/schema/generator/tests/generation.rs:4246:51
     |
4246 | fn state_command(declaration: &mut Value, guards: Value) {
     |                                                   ^^^^^
     |
     = help: for further information visit https://rust-lang.github.io/rust-clippy/rust-1.98.0/index.html#needless_pass_by_value
     = note: `-W clippy::needless-pass-by-value` implied by `-W clippy::pedantic`
     = help: to override `-W clippy::pedantic` add `#[allow(clippy::needless_pass_by_value)]`
help: consider taking a reference instead
     |
4246 | fn state_command(declaration: &mut Value, guards: &Value) {
     |                                                   +

warning: very complex type used. Consider factoring parts into `type` definitions
    --> crates/schema/generator/tests/generation.rs:4271:16
     |
4271 |     let cases: [(&str, fn(&mut Value)); 7] = [
     |                ^^^^^^^^^^^^^^^^^^^^^^^^^^^
     |
     = help: for further information visit https://rust-lang.github.io/rust-clippy/rust-1.98.0/index.html#type_complexity
     = note: `-W clippy::type-complexity` implied by `-W clippy::complexity`
     = help: to override `-W clippy::complexity` add `#[allow(clippy::type_complexity)]`

warning: very complex type used. Consider factoring parts into `type` definitions
    --> crates/schema/generator/tests/generation.rs:4361:16
     |
4361 |     let cases: [(&str, fn(&mut Value)); 5] = [
     |                ^^^^^^^^^^^^^^^^^^^^^^^^^^^
     |
     = help: for further information visit https://rust-lang.github.io/rust-clippy/rust-1.98.0/index.html#type_complexity

warning: `wamn-schema-generator` (test "generation") generated 3 warnings
warning: constant `HTTP_CONTRACT` is never used
  --> crates/platform/runtime/src/plugins/connection_http.rs:52:7
   |
52 | const HTTP_CONTRACT: &str = "wamn:connection/http@0.1.0";
   |       ^^^^^^^^^^^^^
   |
   = note: `#[warn(dead_code)]` (part of `#[warn(unused)]`) on by default

warning: this argument is passed by value, but not consumed in the function body
   --> crates/platform/runtime/src/component_artifact_source.rs:209:17
    |
209 |         source: OciDistributionError,
    |                 ^^^^^^^^^^^^^^^^^^^^
    |
    = help: for further information visit https://rust-lang.github.io/rust-clippy/rust-1.98.0/index.html#needless_pass_by_value
    = note: `-W clippy::needless-pass-by-value` implied by `-W clippy::pedantic`
    = help: to override `-W clippy::pedantic` add `#[allow(clippy::needless_pass_by_value)]`
help: consider taking a reference instead
    |
209 |         source: &OciDistributionError,
    |                 +

warning: redundant closure
   --> crates/platform/runtime/src/connection_authority.rs:213:22
    |
213 |                 .map(|addresses| addresses.collect())
    |                      ^^^^^^^^^^^^^^^^^^^^^^^^^^^^^^^ help: replace the closure with the method itself: `std::iter::Iterator::collect`
    |
    = help: for further information visit https://rust-lang.github.io/rust-clippy/rust-1.98.0/index.html#redundant_closure_for_method_calls
    = note: `-W clippy::redundant-closure-for-method-calls` implied by `-W clippy::pedantic`
    = help: to override `-W clippy::pedantic` add `#[allow(clippy::redundant_closure_for_method_calls)]`

warning: this argument is passed by value, but not consumed in the function body
   --> crates/platform/runtime/src/plugins/connection_http.rs:381:49
    |
381 | fn authority_denied(phase: &'static str, error: AuthorityError) -> ConnectionError {
    |                                                 ^^^^^^^^^^^^^^
    |
    = help: for further information visit https://rust-lang.github.io/rust-clippy/rust-1.98.0/index.html#needless_pass_by_value
help: consider taking a reference instead
    |
381 | fn authority_denied(phase: &'static str, error: &AuthorityError) -> ConnectionError {
    |                                                 +

warning: the `Err`-variant returned from this closure is very large
   --> crates/platform/runtime/src/plugins/flow_http_routing.rs:333:19
    |
333 |         .and_then(|()| compiler.compile(INPUT_SCHEMA_URI, &mut schemas));
    |                   ^^^^^^^^^^^^^^^^^^^^^^^^^^^^^^^^^^^^^^^^^^^^^^^^^^^^^ the `Err`-variant is at least 160 bytes
    |
    = help: try reducing the size of `boon::CompileError`, for example by boxing large elements or replacing it with `Box<boon::CompileError>`
    = help: for further information visit https://rust-lang.github.io/rust-clippy/rust-1.98.0/index.html#result_large_err
    = note: `-W clippy::result-large-err` implied by `-W clippy::perf`
    = help: to override `-W clippy::perf` add `#[allow(clippy::result_large_err)]`

warning: redundant closure
   --> crates/platform/runtime/src/plugins/flow_http_routing.rs:519:46
    |
519 |                 &self.release.as_deref().map(|weld| weld.release()),
    |                                              ^^^^^^^^^^^^^^^^^^^^^ help: replace the closure with the method itself: `super::super::release_manifest::ReleaseManifestWeld::release`
    |
    = help: for further information visit https://rust-lang.github.io/rust-clippy/rust-1.98.0/index.html#redundant_closure_for_method_calls

warning: redundant closure
   --> crates/platform/runtime/src/plugins/flow_http_routing.rs:827:34
    |
827 |                     .is_some_and(|policy| policy.allows_pat())
    |                                  ^^^^^^^^^^^^^^^^^^^^^^^^^^^^ help: replace the closure with the method itself: `wamn_catalog::AttachmentAuthPolicy::allows_pat`
    |
    = help: for further information visit https://rust-lang.github.io/rust-clippy/rust-1.98.0/index.html#redundant_closure_for_method_calls

warning: redundant closure
   --> crates/platform/runtime/src/plugins/flow_http_routing.rs:840:34
    |
840 |                     .is_some_and(|policy| policy.allows_session())
    |                                  ^^^^^^^^^^^^^^^^^^^^^^^^^^^^^^^^ help: replace the closure with the method itself: `wamn_catalog::AttachmentAuthPolicy::allows_session`
    |
    = help: for further information visit https://rust-lang.github.io/rust-clippy/rust-1.98.0/index.html#redundant_closure_for_method_calls

warning: unused `async` for async trait impl function with no `.await` statements
    --> crates/platform/runtime/src/plugins/flow_http_routing.rs:994:5
     |
 994 | /     async fn routes(
 995 | |         &mut self,
 996 | |         method: String,
 997 | |         authority: String,
...    |
1009 | |         }))
1010 | |     }
     | |_____^
     |
     = note: `std::future::ready` creates a `Future` which returns the value immediately when `poll`ed
     = help: for further information visit https://rust-lang.github.io/rust-clippy/rust-1.98.0/index.html#unused_async_trait_impl
     = note: `-W clippy::unused-async-trait-impl` implied by `-W clippy::pedantic`
     = help: to override `-W clippy::pedantic` add `#[allow(clippy::unused_async_trait_impl)]`
help: consider removing the `async` from this function and returning `impl Future<Output = wash_runtime::wasmtime::Result<Result<Vec<RouteDefinition>, String>>>` instead
     |
 994 ~     fn routes(
 995 |         &mut self,
 996 |         method: String,
 997 |         authority: String,
 998 ~     ) -> impl Future<Output = wash_runtime::wasmtime::Result<Result<Vec<RouteDefinition>, String>>> {
 999 ~         let plugin = std::future::ready(plugin_of(self)?);
1000 |         let _span = tracing::info_span!(
 ...
1005 |         .entered();
1006 ~         std::future::ready(Ok(plugin.routes(&method, &authority).map_err(|error| {
1007 +             tracing::warn!(method, authority, error = %error, "flow-http route supply refused");
1008 +             error.to_string()
1009 +         })))
     |

warning: unused `async` for async trait impl function with no `.await` statements
    --> crates/platform/runtime/src/plugins/flow_http_routing.rs:1028:5
     |
1028 | /     async fn validate_input(
1029 | |         &mut self,
1030 | |         attachment_id: String,
1031 | |         payload: String,
...    |
1043 | |             .map_err(str::to_owned))
1044 | |     }
     | |_____^
     |
     = note: `std::future::ready` creates a `Future` which returns the value immediately when `poll`ed
     = help: for further information visit https://rust-lang.github.io/rust-clippy/rust-1.98.0/index.html#unused_async_trait_impl
help: consider removing the `async` from this function and returning `impl Future<Output = wash_runtime::wasmtime::Result<Result<(), String>>>` instead
     |
1028 ~     fn validate_input(
1029 |         &mut self,
1030 |         attachment_id: String,
1031 |         payload: String,
1032 ~     ) -> impl Future<Output = wash_runtime::wasmtime::Result<Result<(), String>>> {
1033 ~         let plugin = std::future::ready(plugin_of(self)?);
1034 |         let _span = tracing::info_span!(
 ...
1040 |         .entered();
1041 ~         std::future::ready(Ok(plugin
1042 +             .validate_input(&attachment_id, &payload)
1043 +             .map_err(str::to_owned)))
     |

warning: unused `async` for async trait impl function with no `.await` statements
    --> crates/platform/runtime/src/plugins/flow_http_routing.rs:1046:5
     |
1046 | /     async fn try_acquire(
1047 | |         &mut self,
1048 | |         attachment_id: String,
1049 | |     ) -> wash_runtime::wasmtime::Result<Result<Option<Resource<RoutePermit>>, String>> {
...    |
1072 | |         Ok(Ok(Some(self.table.push(permit)?)))
1073 | |     }
     | |_____^
     |
     = note: `std::future::ready` creates a `Future` which returns the value immediately when `poll`ed
     = help: for further information visit https://rust-lang.github.io/rust-clippy/rust-1.98.0/index.html#unused_async_trait_impl
help: consider removing the `async` from this function and returning `impl Future<Output = wash_runtime::wasmtime::Result<Result<Option<Resource<RoutePermit>>, String>>>` instead
     |
1046 ~     fn try_acquire(
1047 |         &mut self,
1048 |         attachment_id: String,
1049 ~     ) -> impl Future<Output = wash_runtime::wasmtime::Result<Result<Option<Resource<RoutePermit>>, String>>> {
1050 ~         let plugin = std::future::ready(plugin_of(self)?);
1051 |         let _span = tracing::info_span!(
 ...
1058 |             Ok(true) => {}
1059 ~             Ok(false) => return std::future::ready(Ok(Err(UNKNOWN_ROUTE_REFUSAL.to_string()))),
1060 |             Err(error) => {
 ...
1065 |                 );
1066 ~                 return std::future::ready(Ok(Err(error.to_string())));
1067 |             }
1068 |         }
1069 |         let Some(permit) = plugin.limiter.try_acquire(&attachment_id) else {
1070 ~             return std::future::ready(Ok(Ok(None)));
1071 |         };
1072 ~         std::future::ready(Ok(Ok(Some(self.table.push(permit)?))))std::future::ready(self.table.push(permit)?))))
     |

warning: unused `async` for async trait impl function with no `.await` statements
    --> crates/platform/runtime/src/plugins/flow_http_routing.rs:1077:5
     |
1077 | /     async fn drop(&mut self, permit: Resource<RoutePermit>) -> wash_runtime::wasmtime::Result<()> {
1078 | |         self.table.delete(permit)?;
1079 | |         Ok(())
1080 | |     }
     | |_____^
     |
     = note: `std::future::ready` creates a `Future` which returns the value immediately when `poll`ed
     = help: for further information visit https://rust-lang.github.io/rust-clippy/rust-1.98.0/index.html#unused_async_trait_impl
help: consider removing the `async` from this function and returning `impl Future<Output = wash_runtime::wasmtime::Result<()>>` instead
     |
1077 ~     fn drop(&mut self, permit: Resource<RoutePermit>) -> impl Future<Output = wash_runtime::wasmtime::Result<()>> {
1078 ~         std::future::ready(self.table.delete(permit)?);
1079 ~         std::future::ready(Ok(()))
     |

warning: unused `async` for async trait impl function with no `.await` statements
    --> crates/platform/runtime/src/plugins/flow_http_routing.rs:1084:5
     |
1084 | /     async fn drop(
1085 | |         &mut self,
1086 | |         caller: Resource<AuthenticatedCaller>,
1087 | |     ) -> wash_runtime::wasmtime::Result<()> {
1088 | |         self.table.delete(caller)?;
1089 | |         Ok(())
1090 | |     }
     | |_____^
     |
     = note: `std::future::ready` creates a `Future` which returns the value immediately when `poll`ed
     = help: for further information visit https://rust-lang.github.io/rust-clippy/rust-1.98.0/index.html#unused_async_trait_impl
help: consider removing the `async` from this function and returning `impl Future<Output = wash_runtime::wasmtime::Result<()>>` instead
     |
1084 ~     fn drop(
1085 |         &mut self,
1086 |         caller: Resource<AuthenticatedCaller>,
1087 ~     ) -> impl Future<Output = wash_runtime::wasmtime::Result<()>> {
1088 ~         std::future::ready(self.table.delete(caller)?);
1089 ~         std::future::ready(Ok(()))
     |

warning: unused `async` for async trait impl function with no `.await` statements
  --> crates/platform/runtime/src/plugins/wamn_blobstore/host.rs:81:5
   |
81 | /     async fn drop(&mut self, handle: Resource<Container>) -> wash_runtime::wasmtime::Result<()> {
82 | |         self.table.delete(handle)?;
83 | |         Ok(())
84 | |     }
   | |_____^
   |
   = note: `std::future::ready` creates a `Future` which returns the value immediately when `poll`ed
   = help: for further information visit https://rust-lang.github.io/rust-clippy/rust-1.98.0/index.html#unused_async_trait_impl
help: consider removing the `async` from this function and returning `impl Future<Output = wash_runtime::wasmtime::Result<()>>` instead
   |
81 ~     fn drop(&mut self, handle: Resource<Container>) -> impl Future<Output = wash_runtime::wasmtime::Result<()>> {
82 ~         std::future::ready(self.table.delete(handle)?);
83 ~         std::future::ready(Ok(()))
   |

warning: unused `async` for async trait impl function with no `.await` statements
  --> crates/platform/runtime/src/plugins/wamn_blobstore/host.rs:88:5
   |
88 | /     async fn name(
89 | |         accessor: &Accessor<T, Self>,
90 | |         handle: Resource<Container>,
91 | |     ) -> wash_runtime::wasmtime::Result<Result<String, WitError>> {
92 | |         Ok(Ok(container_of(accessor, &handle)?.container().to_owned()))
93 | |     }
   | |_____^
   |
   = note: `std::future::ready` creates a `Future` which returns the value immediately when `poll`ed
   = help: for further information visit https://rust-lang.github.io/rust-clippy/rust-1.98.0/index.html#unused_async_trait_impl
help: consider removing the `async` from this function and returning `impl Future<Output = wash_runtime::wasmtime::Result<Result<String, WitError>>>` instead
   |
88 ~     fn name(
89 |         accessor: &Accessor<T, Self>,
90 |         handle: Resource<Container>,
91 ~     ) -> impl Future<Output = wash_runtime::wasmtime::Result<Result<String, WitError>>> {
92 ~         std::future::ready(Ok(Ok(container_of(accessor, &handle)?.container().to_owned())))std::future::ready(container_of(accessor, &handle)?).container().to_owned()))
   |

warning: unused `async` for async trait impl function with no `.await` statements
   --> crates/platform/runtime/src/plugins/wamn_blobstore/host.rs:101:5
    |
101 | /     async fn info(
102 | |         _accessor: &Accessor<T, Self>,
103 | |         _handle: Resource<Container>,
104 | |     ) -> wash_runtime::wasmtime::Result<Result<ContainerMetadata, WitError>> {
...   |
109 | |         )))
110 | |     }
    | |_____^
    |
    = note: `std::future::ready` creates a `Future` which returns the value immediately when `poll`ed
    = help: for further information visit https://rust-lang.github.io/rust-clippy/rust-1.98.0/index.html#unused_async_trait_impl
help: consider removing the `async` from this function and returning `impl Future<Output = wash_runtime::wasmtime::Result<Result<ContainerMetadata, WitError>>>` instead
    |
101 ~     fn info(
102 |         _accessor: &Accessor<T, Self>,
103 |         _handle: Resource<Container>,
104 ~     ) -> impl Future<Output = wash_runtime::wasmtime::Result<Result<ContainerMetadata, WitError>>> {
105 ~         std::future::ready(Ok(Err(refused(
106 +             "info",
107 +             "an object store exposes no container creation time, and a fabricated one would be \
108 +              a timestamp a guest could act on",
109 +         ))))
    |

warning: unused `async` for async trait impl function with no `.await` statements
   --> crates/platform/runtime/src/plugins/wamn_blobstore/host.rs:264:5
    |
264 | /     async fn create_container(
265 | |         _accessor: &Accessor<T, Self>,
266 | |         _name: String,
267 | |     ) -> wash_runtime::wasmtime::Result<Result<Resource<Container>, WitError>> {
...   |
272 | |         )))
273 | |     }
    | |_____^
    |
    = note: `std::future::ready` creates a `Future` which returns the value immediately when `poll`ed
    = help: for further information visit https://rust-lang.github.io/rust-clippy/rust-1.98.0/index.html#unused_async_trait_impl
help: consider removing the `async` from this function and returning `impl Future<Output = wash_runtime::wasmtime::Result<Result<Resource<Container>, WitError>>>` instead
    |
264 ~     fn create_container(
265 |         _accessor: &Accessor<T, Self>,
266 |         _name: String,
267 ~     ) -> impl Future<Output = wash_runtime::wasmtime::Result<Result<Resource<Container>, WitError>>> {
268 ~         std::future::ready(Ok(Err(refused(
269 +             "create-container",
270 +             "the environment owns the container; a guest that could create one would own its own \
271 +              authority",
272 +         ))))
    |

warning: unused `async` for async trait impl function with no `.await` statements
   --> crates/platform/runtime/src/plugins/wamn_blobstore/host.rs:295:5
    |
295 | /     async fn delete_container(
296 | |         _accessor: &Accessor<T, Self>,
297 | |         _name: String,
298 | |     ) -> wash_runtime::wasmtime::Result<Result<(), WitError>> {
...   |
302 | |         )))
303 | |     }
    | |_____^
    |
    = note: `std::future::ready` creates a `Future` which returns the value immediately when `poll`ed
    = help: for further information visit https://rust-lang.github.io/rust-clippy/rust-1.98.0/index.html#unused_async_trait_impl
help: consider removing the `async` from this function and returning `impl Future<Output = wash_runtime::wasmtime::Result<Result<(), WitError>>>` instead
    |
295 ~     fn delete_container(
296 |         _accessor: &Accessor<T, Self>,
297 |         _name: String,
298 ~     ) -> impl Future<Output = wash_runtime::wasmtime::Result<Result<(), WitError>>> {
299 ~         std::future::ready(Ok(Err(refused(
300 +             "delete-container",
301 +             "the environment owns the container; a guest cannot destroy the store it was lent",
302 +         ))))
    |

warning: unused `async` for async trait impl function with no `.await` statements
   --> crates/platform/runtime/src/plugins/wamn_blobstore/host.rs:312:5
    |
312 | /     async fn copy_object(
313 | |         _accessor: &Accessor<T, Self>,
314 | |         _src: ObjectId,
315 | |         _dest: ObjectId,
316 | |     ) -> wash_runtime::wasmtime::Result<Result<(), WitError>> {
317 | |         Ok(Err(refused("copy-object", REFUSED_OBJECT_ID_REASON)))
318 | |     }
    | |_____^
    |
    = note: `std::future::ready` creates a `Future` which returns the value immediately when `poll`ed
    = help: for further information visit https://rust-lang.github.io/rust-clippy/rust-1.98.0/index.html#unused_async_trait_impl
help: consider removing the `async` from this function and returning `impl Future<Output = wash_runtime::wasmtime::Result<Result<(), WitError>>>` instead
    |
312 ~     fn copy_object(
313 |         _accessor: &Accessor<T, Self>,
314 |         _src: ObjectId,
315 |         _dest: ObjectId,
316 ~     ) -> impl Future<Output = wash_runtime::wasmtime::Result<Result<(), WitError>>> {
317 ~         std::future::ready(Ok(Err(refused("copy-object", REFUSED_OBJECT_ID_REASON))))
    |

warning: unused `async` for async trait impl function with no `.await` statements
   --> crates/platform/runtime/src/plugins/wamn_blobstore/host.rs:320:5
    |
320 | /     async fn move_object(
321 | |         _accessor: &Accessor<T, Self>,
322 | |         _src: ObjectId,
323 | |         _dest: ObjectId,
324 | |     ) -> wash_runtime::wasmtime::Result<Result<(), WitError>> {
325 | |         Ok(Err(refused("move-object", REFUSED_OBJECT_ID_REASON)))
326 | |     }
    | |_____^
    |
    = note: `std::future::ready` creates a `Future` which returns the value immediately when `poll`ed
    = help: for further information visit https://rust-lang.github.io/rust-clippy/rust-1.98.0/index.html#unused_async_trait_impl
help: consider removing the `async` from this function and returning `impl Future<Output = wash_runtime::wasmtime::Result<Result<(), WitError>>>` instead
    |
320 ~     fn move_object(
321 |         _accessor: &Accessor<T, Self>,
322 |         _src: ObjectId,
323 |         _dest: ObjectId,
324 ~     ) -> impl Future<Output = wash_runtime::wasmtime::Result<Result<(), WitError>>> {
325 ~         std::future::ready(Ok(Err(refused("move-object", REFUSED_OBJECT_ID_REASON))))
    |

warning: you seem to be trying to use `match` for destructuring a single pattern. Consider using `if let`
    --> crates/platform/runtime/src/plugins/wamn_jetstream.rs:1457:23
     |
1457 |       let dead_letter = match registration {
     |  _______________________^
1458 | |         Some((package_id, registration_id)) => Some(
1459 | |             exact_registration_identity(
1460 | |                 plugin.serving_manifest(),
...    |
1473 | |     };
     | |_____^
     |
     = help: for further information visit https://rust-lang.github.io/rust-clippy/rust-1.98.0/index.html#single_match_else
     = note: `-W clippy::single-match-else` implied by `-W clippy::pedantic`
     = help: to override `-W clippy::pedantic` add `#[allow(clippy::single_match_else)]`
help: try
     |
1457 ~     let dead_letter = if let Some((package_id, registration_id)) = registration { Some(
1458 +         exact_registration_identity(
1459 +             plugin.serving_manifest(),
1460 +             package_id,
1461 +             registration_id,
1462 +             &config.filter_subject,
1463 +         )
1464 +         .map_err(JsError::Other)?,
1465 +     ) } else {
1466 +         if let Some(refusal) = bind_refusal(plugin.serving_manifest(), &config.filter_subject) {
1467 +             return Err(JsError::Other(refusal));
1468 +         }
1469 +         None
1470 ~     };
     |

warning: unused `async` for async trait impl function with no `.await` statements
    --> crates/platform/runtime/src/plugins/wamn_jetstream.rs:1688:5
     |
1688 | /     async fn drop(&mut self, rep: Resource<JsConsumer>) -> wash_runtime::wasmtime::Result<()> {
1689 | |         // Dropping releases the client handle only; durable state persists
1690 | |         // server-side, so binding the same name resumes from the ack floor.
1691 | |         self.table.delete(rep)?;
1692 | |         Ok(())
1693 | |     }
     | |_____^
     |
     = note: `std::future::ready` creates a `Future` which returns the value immediately when `poll`ed
     = help: for further information visit https://rust-lang.github.io/rust-clippy/rust-1.98.0/index.html#unused_async_trait_impl
help: consider removing the `async` from this function and returning `impl Future<Output = wash_runtime::wasmtime::Result<()>>` instead
     |
1688 ~     fn drop(&mut self, rep: Resource<JsConsumer>) -> impl Future<Output = wash_runtime::wasmtime::Result<()>> {
1689 |         // Dropping releases the client handle only; durable state persists
1690 |         // server-side, so binding the same name resumes from the ack floor.
1691 ~         std::future::ready(self.table.delete(rep)?);
1692 ~         std::future::ready(Ok(()))
     |

warning: unused `async` for async trait impl function with no `.await` statements
    --> crates/platform/runtime/src/plugins/wamn_jetstream.rs:1697:5
     |
1697 | /     async fn body(&mut self, rep: Resource<JsMessage>) -> wash_runtime::wasmtime::Result<Vec<u8>> {
1698 | |         Ok(self.table.get(&rep)?.msg.payload.to_vec())
1699 | |     }
     | |_____^
     |
     = note: `std::future::ready` creates a `Future` which returns the value immediately when `poll`ed
     = help: for further information visit https://rust-lang.github.io/rust-clippy/rust-1.98.0/index.html#unused_async_trait_impl
help: consider removing the `async` from this function and returning `impl Future<Output = wash_runtime::wasmtime::Result<Vec<u8>>>` instead
     |
1697 ~     fn body(&mut self, rep: Resource<JsMessage>) -> impl Future<Output = wash_runtime::wasmtime::Result<Vec<u8>>> {
1698 ~         std::future::ready(Ok(self.table.get(&rep)?.msg.payload.to_vec()))std::future::ready(self.table.get(&rep)?).msg.payload.to_vec())
     |

warning: unused `async` for async trait impl function with no `.await` statements
    --> crates/platform/runtime/src/plugins/wamn_jetstream.rs:1701:5
     |
1701 | /     async fn subject(
1702 | |         &mut self,
1703 | |         rep: Resource<JsMessage>,
1704 | |     ) -> wash_runtime::wasmtime::Result<String> {
1705 | |         Ok(self.table.get(&rep)?.msg.subject.to_string())
1706 | |     }
     | |_____^
     |
     = note: `std::future::ready` creates a `Future` which returns the value immediately when `poll`ed
     = help: for further information visit https://rust-lang.github.io/rust-clippy/rust-1.98.0/index.html#unused_async_trait_impl
help: consider removing the `async` from this function and returning `impl Future<Output = wash_runtime::wasmtime::Result<String>>` instead
     |
1701 ~     fn subject(
1702 |         &mut self,
1703 |         rep: Resource<JsMessage>,
1704 ~     ) -> impl Future<Output = wash_runtime::wasmtime::Result<String>> {
1705 ~         std::future::ready(Ok(self.table.get(&rep)?.msg.subject.to_string()))std::future::ready(self.table.get(&rep)?).msg.subject.to_string())
     |

warning: unused `async` for async trait impl function with no `.await` statements
    --> crates/platform/runtime/src/plugins/wamn_jetstream.rs:1708:5
     |
1708 | /     async fn headers(
1709 | |         &mut self,
1710 | |         rep: Resource<JsMessage>,
1711 | |     ) -> wash_runtime::wasmtime::Result<Vec<Header>> {
1712 | |         Ok(from_header_map(self.table.get(&rep)?.msg.headers.as_ref()))
1713 | |     }
     | |_____^
     |
     = note: `std::future::ready` creates a `Future` which returns the value immediately when `poll`ed
     = help: for further information visit https://rust-lang.github.io/rust-clippy/rust-1.98.0/index.html#unused_async_trait_impl
help: consider removing the `async` from this function and returning `impl Future<Output = wash_runtime::wasmtime::Result<Vec<Header>>>` instead
     |
1708 ~     fn headers(
1709 |         &mut self,
1710 |         rep: Resource<JsMessage>,
1711 ~     ) -> impl Future<Output = wash_runtime::wasmtime::Result<Vec<Header>>> {
1712 ~         std::future::ready(Ok(from_header_map(self.table.get(&rep)?.msg.headers.as_ref())))std::future::ready(self.table.get(&rep)?).msg.headers.as_ref()))
     |

warning: unused `async` for async trait impl function with no `.await` statements
    --> crates/platform/runtime/src/plugins/wamn_jetstream.rs:1715:5
     |
1715 | /     async fn metadata(
1716 | |         &mut self,
1717 | |         rep: Resource<JsMessage>,
1718 | |     ) -> wash_runtime::wasmtime::Result<MessageMeta> {
...    |
1730 | |     }
     | |_____^
     |
     = note: `std::future::ready` creates a `Future` which returns the value immediately when `poll`ed
     = help: for further information visit https://rust-lang.github.io/rust-clippy/rust-1.98.0/index.html#unused_async_trait_impl
help: consider removing the `async` from this function and returning `impl Future<Output = wash_runtime::wasmtime::Result<MessageMeta>>` instead
     |
1715 ~     fn metadata(
1716 |         &mut self,
1717 |         rep: Resource<JsMessage>,
1718 ~     ) -> impl Future<Output = wash_runtime::wasmtime::Result<MessageMeta>> {
1719 ~         let msg = std::future::ready(self.table.get(&rep)?);
1720 ~         std::future::ready(match msg.msg.info() {
1721 +             Ok(info) => Ok(to_message_meta(info.stream_sequence, info.delivered)),
1722 +             Err(e) => {
1723 +                 // A consumer-delivered message always carries a parseable reply
1724 ~                 // subject; a failure here means a malformed frame — surface zeros
1725 +                 // rather than trap (metadata is not fallible on the wire).
1726 +                 tracing::warn!(target: "wamn::jetstream", error = %e, "message metadata parse failed");
1727 +                 Ok(to_message_meta(0, 0))
1728 +             }
1729 +         })
     |

warning: unused `async` for async trait impl function with no `.await` statements
    --> crates/platform/runtime/src/plugins/wamn_jetstream.rs:1928:5
     |
1928 | /     async fn drop(&mut self, rep: Resource<JsMessage>) -> wash_runtime::wasmtime::Result<()> {
1929 | |         // Dropping without an explicit ack/nack/term leaves the message to
1930 | |         // redeliver after ack-wait (at-least-once).
1931 | |         self.table.delete(rep)?;
1932 | |         Ok(())
1933 | |     }
     | |_____^
     |
     = note: `std::future::ready` creates a `Future` which returns the value immediately when `poll`ed
     = help: for further information visit https://rust-lang.github.io/rust-clippy/rust-1.98.0/index.html#unused_async_trait_impl
help: consider removing the `async` from this function and returning `impl Future<Output = wash_runtime::wasmtime::Result<()>>` instead
     |
1928 ~     fn drop(&mut self, rep: Resource<JsMessage>) -> impl Future<Output = wash_runtime::wasmtime::Result<()>> {
1929 |         // Dropping without an explicit ack/nack/term leaves the message to
1930 |         // redeliver after ack-wait (at-least-once).
1931 ~         std::future::ready(self.table.delete(rep)?);
1932 ~         std::future::ready(Ok(()))
     |

warning: this argument is passed by value, but not consumed in the function body
   --> crates/platform/runtime/src/plugins/wamn_logging.rs:260:19
    |
260 |     fn build(cfg: WamnLoggingConfig, capture: Option<Arc<Capture>>) -> anyhow::Result<Self> {
    |                   ^^^^^^^^^^^^^^^^^
    |
help: or consider marking this type as `Copy`
   --> crates/platform/runtime/src/plugins/wamn_logging.rs:93:1
    |
 93 | pub struct WamnLoggingConfig {
    | ^^^^^^^^^^^^^^^^^^^^^^^^^^^^
    = help: for further information visit https://rust-lang.github.io/rust-clippy/rust-1.98.0/index.html#needless_pass_by_value
help: consider taking a reference instead
    |
260 |     fn build(cfg: &WamnLoggingConfig, capture: Option<Arc<Capture>>) -> anyhow::Result<Self> {
    |                   +

warning: redundant closure
   --> crates/platform/runtime/src/plugins/wamn_logging.rs:512:22
    |
512 |                 .map(|s| s.to_string())
    |                      ^^^^^^^^^^^^^^^^^ help: replace the closure with the method itself: `std::string::ToString::to_string`
    |
    = help: for further information visit https://rust-lang.github.io/rust-clippy/rust-1.98.0/index.html#redundant_closure_for_method_calls

warning: redundant closure
   --> crates/platform/runtime/src/plugins/wamn_logging.rs:518:40
    |
518 |             seq: v.get("seq").and_then(|x| x.as_u64()).map(|n| n as i64),
    |                                        ^^^^^^^^^^^^^^ help: replace the closure with the method itself: `serde_json::Value::as_u64`
    |
    = help: for further information visit https://rust-lang.github.io/rust-clippy/rust-1.98.0/index.html#redundant_closure_for_method_calls

warning: casting `u64` to `i64` may wrap around the value
   --> crates/platform/runtime/src/plugins/wamn_logging.rs:518:64
    |
518 |             seq: v.get("seq").and_then(|x| x.as_u64()).map(|n| n as i64),
    |                                                                ^^^^^^^^ help: if this is intentional, use `cast_signed()` instead: `n.cast_signed()`
    |
    = help: for further information visit https://rust-lang.github.io/rust-clippy/rust-1.98.0/index.html#cast_possible_wrap
    = note: `-W clippy::cast-possible-wrap` implied by `-W clippy::pedantic`
    = help: to override `-W clippy::pedantic` add `#[allow(clippy::cast_possible_wrap)]`

warning: more than 3 bools in a struct
   --> crates/platform/runtime/src/plugins/wamn_postgres/claims.rs:271:1
    |
271 | / pub struct ConnectionEffectSnapshot {
272 | |     pub wiring_hash: String,
273 | |     pub component: Option<String>,
274 | |     pub interface_version: Option<String>,
...   |
292 | |     pub credential_handle: Option<String>,
293 | | }
    | |_^
    |
    = help: consider using a state machine or refactoring bools into two-variant enums
    = help: for further information visit https://rust-lang.github.io/rust-clippy/rust-1.98.0/index.html#struct_excessive_bools
    = note: `-W clippy::struct-excessive-bools` implied by `-W clippy::pedantic`
    = help: to override `-W clippy::pedantic` add `#[allow(clippy::struct_excessive_bools)]`

warning: this argument is passed by value, but not consumed in the function body
   --> crates/platform/runtime/src/plugins/wamn_postgres/claims.rs:700:21
    |
700 |     pub fn new(cfg: WamnPostgresConfig) -> anyhow::Result<Self> {
    |                     ^^^^^^^^^^^^^^^^^^
    |
    = help: for further information visit https://rust-lang.github.io/rust-clippy/rust-1.98.0/index.html#needless_pass_by_value
help: consider taking a reference instead
    |
700 |     pub fn new(cfg: &WamnPostgresConfig) -> anyhow::Result<Self> {
    |                     +

warning: adding items after statements is confusing, since items exist from the start of the scope
    --> crates/platform/runtime/src/plugins/wamn_postgres/claims.rs:1549:9
     |
1549 |         type PoolStatus = (usize, usize, usize);
     |         ^^^^^^^^^^^^^^^^^^^^^^^^^^^^^^^^^^^^^^^^
     |
     = help: for further information visit https://rust-lang.github.io/rust-clippy/rust-1.98.0/index.html#items_after_statements
     = note: `-W clippy::items-after-statements` implied by `-W clippy::pedantic`
     = help: to override `-W clippy::pedantic` add `#[allow(clippy::items_after_statements)]`

warning: adding items after statements is confusing, since items exist from the start of the scope
    --> crates/platform/runtime/src/plugins/wamn_postgres/claims.rs:1550:9
     |
1550 |         type MetricSpec = (&'static str, &'static str, fn(&PoolStatus) -> u64);
     |         ^^^^^^^^^^^^^^^^^^^^^^^^^^^^^^^^^^^^^^^^^^^^^^^^^^^^^^^^^^^^^^^^^^^^^^^
     |
     = help: for further information visit https://rust-lang.github.io/rust-clippy/rust-1.98.0/index.html#items_after_statements

warning: casting `u128` to `u64` may truncate the value
   --> crates/platform/runtime/src/plugins/wamn_postgres/pool.rs:118:20
    |
118 |     value.clamp(1, MAX_HOST_CALL_DURATION.as_millis() as u64)
    |                    ^^^^^^^^^^^^^^^^^^^^^^^^^^^^^^^^^^^^^^^^^
    |
    = help: if this is intentional allow the lint with `#[allow(clippy::cast_possible_truncation)]` ...
    = help: for further information visit https://rust-lang.github.io/rust-clippy/rust-1.98.0/index.html#cast_possible_truncation
    = note: `-W clippy::cast-possible-truncation` implied by `-W clippy::pedantic`
    = help: to override `-W clippy::pedantic` add `#[allow(clippy::cast_possible_truncation)]`
help: ... or use `try_from` and handle the error accordingly
    |
118 -     value.clamp(1, MAX_HOST_CALL_DURATION.as_millis() as u64)
118 +     value.clamp(1, u64::try_from(MAX_HOST_CALL_DURATION.as_millis()))
    |

warning: casting `u64` to `u32` may truncate the value
   --> crates/platform/runtime/src/plugins/wamn_postgres/pool.rs:122:5
    |
122 |     value.clamp(1, MAX_HOST_CALL_DURATION.as_millis() as u64) as u32
    |     ^^^^^^^^^^^^^^^^^^^^^^^^^^^^^^^^^^^^^^^^^^^^^^^^^^^^^^^^^^^^^^^^
    |
    = help: if this is intentional allow the lint with `#[allow(clippy::cast_possible_truncation)]` ...
    = help: for further information visit https://rust-lang.github.io/rust-clippy/rust-1.98.0/index.html#cast_possible_truncation
help: ... or use `try_from` and handle the error accordingly
    |
122 -     value.clamp(1, MAX_HOST_CALL_DURATION.as_millis() as u64) as u32
122 +     u32::try_from(value.clamp(1, MAX_HOST_CALL_DURATION.as_millis() as u64))
    |

warning: casting `u128` to `u64` may truncate the value
   --> crates/platform/runtime/src/plugins/wamn_postgres/pool.rs:122:20
    |
122 |     value.clamp(1, MAX_HOST_CALL_DURATION.as_millis() as u64) as u32
    |                    ^^^^^^^^^^^^^^^^^^^^^^^^^^^^^^^^^^^^^^^^^
    |
    = help: if this is intentional allow the lint with `#[allow(clippy::cast_possible_truncation)]` ...
    = help: for further information visit https://rust-lang.github.io/rust-clippy/rust-1.98.0/index.html#cast_possible_truncation
help: ... or use `try_from` and handle the error accordingly
    |
122 -     value.clamp(1, MAX_HOST_CALL_DURATION.as_millis() as u64) as u32
122 +     value.clamp(1, u64::try_from(MAX_HOST_CALL_DURATION.as_millis())) as u32
    |

warning: redundant closure
   --> crates/platform/runtime/src/plugins/wamn_postgres/pool.rs:389:66
    |
389 |             let u64_or = |k: &str, d: u64| entry.get(k).and_then(|n| n.as_u64()).unwrap_or(d);
    |                                                                  ^^^^^^^^^^^^^^ help: replace the closure with the method itself: `serde_json::Value::as_u64`
    |
    = help: for further information visit https://rust-lang.github.io/rust-clippy/rust-1.98.0/index.html#redundant_closure_for_method_calls

warning: casting `u64` to `usize` may truncate the value on targets with 32-bit wide pointers
   --> crates/platform/runtime/src/plugins/wamn_postgres/pool.rs:394:42
    |
394 |                       guest_pool_max_size: u64_or(
    |  __________________________________________^
395 | |                         "guest_pool_max_size",
396 | |                         base.guest_pool_max_size as u64,
397 | |                     ) as usize,
    | |______________________________^
    |
    = help: if this is intentional allow the lint with `#[allow(clippy::cast_possible_truncation)]` ...
    = help: for further information visit https://rust-lang.github.io/rust-clippy/rust-1.98.0/index.html#cast_possible_truncation
help: ... or use `try_from` and handle the error accordingly
    |
394 ~                     guest_pool_max_size: usize::try_from(u64_or(
395 +                         "guest_pool_max_size",
396 +                         base.guest_pool_max_size as u64,
397 ~                     )),
    |

warning: casting `u64` to `usize` may truncate the value on targets with 32-bit wide pointers
   --> crates/platform/runtime/src/plugins/wamn_postgres/pool.rs:398:45
    |
398 |                       platform_pool_max_size: u64_or(
    |  _____________________________________________^
399 | |                         "platform_pool_max_size",
400 | |                         base.platform_pool_max_size as u64,
401 | |                     ) as usize,
    | |______________________________^
    |
    = help: if this is intentional allow the lint with `#[allow(clippy::cast_possible_truncation)]` ...
    = help: for further information visit https://rust-lang.github.io/rust-clippy/rust-1.98.0/index.html#cast_possible_truncation
help: ... or use `try_from` and handle the error accordingly
    |
398 ~                     platform_pool_max_size: usize::try_from(u64_or(
399 +                         "platform_pool_max_size",
400 +                         base.platform_pool_max_size as u64,
401 ~                     )),
    |

warning: casts from `u32` to `u64` can be expressed infallibly using `From`
   --> crates/platform/runtime/src/plugins/wamn_postgres/pool.rs:408:25
    |
408 |                         base.statement_timeout_ms as u64,
    |                         ^^^^^^^^^^^^^^^^^^^^^^^^^^^^^^^^
    |
    = help: an `as` cast can become silently lossy if the types change in the future
    = help: for further information visit https://rust-lang.github.io/rust-clippy/rust-1.98.0/index.html#cast_lossless
    = note: `-W clippy::cast-lossless` implied by `-W clippy::pedantic`
    = help: to override `-W clippy::pedantic` add `#[allow(clippy::cast_lossless)]`
help: use `u64::from` instead
    |
408 -                         base.statement_timeout_ms as u64,
408 +                         u64::from(base.statement_timeout_ms),
    |

warning: this argument is passed by value, but not consumed in the function body
    --> crates/platform/runtime/src/plugins/wamn_postgres/production_claim.rs:1616:44
     |
1616 | fn storage(operation: &'static str, error: tokio_postgres::Error) -> ProductionClaimError {
     |                                            ^^^^^^^^^^^^^^^^^^^^^
     |
     = help: for further information visit https://rust-lang.github.io/rust-clippy/rust-1.98.0/index.html#needless_pass_by_value
help: consider taking a reference instead
     |
1616 | fn storage(operation: &'static str, error: &tokio_postgres::Error) -> ProductionClaimError {
     |                                            +

warning: called `map(<f>).unwrap_or(<a>)` on a `Result` value
   --> crates/platform/runtime/src/plugins/wamn_postgres/resources.rs:740:28
    |
740 |       let already_finished = state
    |  ____________________________^
741 | |         .lock()
742 | |         .map(|st| st.finished || st.conn.is_none())
743 | |         .unwrap_or(true);
    | |________________________^
    |
    = help: for further information visit https://rust-lang.github.io/rust-clippy/rust-1.98.0/index.html#map_unwrap_or
    = note: `-W clippy::map-unwrap-or` implied by `-W clippy::pedantic`
    = help: to override `-W clippy::pedantic` add `#[allow(clippy::map_unwrap_or)]`
help: use `map_or(<a>, <f>)` instead
    |
742 -         .map(|st| st.finished || st.conn.is_none())
743 -         .unwrap_or(true);
742 +         .map_or(true, |st| st.finished || st.conn.is_none());
    |

warning: unused `async` for async trait impl function with no `.await` statements
   --> crates/platform/runtime/src/plugins/wamn_postgres/resources.rs:864:5
    |
864 | /     async fn drop(
865 | |         &mut self,
866 | |         _id: super::NamedProject,
867 | |         rep: Resource<PgCursor>,
868 | |     ) -> wash_runtime::wasmtime::Result<()> {
869 | |         cursor_drop(self, rep)
870 | |     }
    | |_____^
    |
    = note: `std::future::ready` creates a `Future` which returns the value immediately when `poll`ed
    = help: for further information visit https://rust-lang.github.io/rust-clippy/rust-1.98.0/index.html#unused_async_trait_impl
help: consider removing the `async` from this function and returning `impl Future<Output = wash_runtime::wasmtime::Result<()>>` instead
    |
864 ~     fn drop(
865 |         &mut self,
866 |         _id: super::NamedProject,
867 |         rep: Resource<PgCursor>,
868 ~     ) -> impl Future<Output = wash_runtime::wasmtime::Result<()>> {
869 ~         std::future::ready(cursor_drop(self, rep))
    |

warning: this function's return value is unnecessarily wrapped by `Result`
   --> crates/platform/runtime/src/plugins/wamn_postgres/resources.rs:964:1
    |
964 | fn flatten_mapped<T>(r: Result<T, PgError>) -> Result<Result<T, PgError>, tokio_postgres::Error> {
    | ^^^^^^^^^^^^^^^^^^^^^^^^^^^^^^^^^^^^^^^^^^^^^^^^^^^^^^^^^^^^^^^^^^^^^^^^^^^^^^^^^^^^^^^^^^^^^^^^
    |
    = help: for further information visit https://rust-lang.github.io/rust-clippy/rust-1.98.0/index.html#unnecessary_wraps
    = note: `-W clippy::unnecessary-wraps` implied by `-W clippy::pedantic`
    = help: to override `-W clippy::pedantic` add `#[allow(clippy::unnecessary_wraps)]`
help: remove `Result` from the return type...
    |
964 - fn flatten_mapped<T>(r: Result<T, PgError>) -> Result<Result<T, PgError>, tokio_postgres::Error> {
964 + fn flatten_mapped<T>(r: Result<T, PgError>) -> std::result::Result<T, plugins::wamn_postgres::bindings::wamn::postgres::types::PgError> {
    |
help: ...and then remove the surrounding `Ok()` from returning expressions
    |
965 -     Ok(r)
965 +     r
    |

warning: unused `async` for async trait impl function with no `.await` statements
   --> crates/platform/runtime/src/plugins/wamn_postgres/resources.rs:980:5
    |
980 | /     async fn drop(&mut self, rep: Resource<PgCursor>) -> wash_runtime::wasmtime::Result<()> {
981 | |         cursor_drop(self, rep)
982 | |     }
    | |_____^
    |
    = note: `std::future::ready` creates a `Future` which returns the value immediately when `poll`ed
    = help: for further information visit https://rust-lang.github.io/rust-clippy/rust-1.98.0/index.html#unused_async_trait_impl
help: consider removing the `async` from this function and returning `impl Future<Output = wash_runtime::wasmtime::Result<()>>` instead
    |
980 ~     fn drop(&mut self, rep: Resource<PgCursor>) -> impl Future<Output = wash_runtime::wasmtime::Result<()>> {
981 ~         std::future::ready(cursor_drop(self, rep))
    |

warning: called `map(<f>).unwrap_or(<a>)` on a `Result` value
    --> crates/platform/runtime/src/plugins/wamn_postgres/resources.rs:1101:32
     |
1101 |           let already_finished = state
     |  ________________________________^
1102 | |             .lock()
1103 | |             .map(|transaction| transaction.finished || transaction.conn.is_none())
1104 | |             .unwrap_or(true);
     | |____________________________^
     |
     = help: for further information visit https://rust-lang.github.io/rust-clippy/rust-1.98.0/index.html#map_unwrap_or
help: use `map_or(<a>, <f>)` instead
     |
1103 -             .map(|transaction| transaction.finished || transaction.conn.is_none())
1104 -             .unwrap_or(true);
1103 +             .map_or(true, |transaction| transaction.finished || transaction.conn.is_none());
     |

warning: this `if` statement can be collapsed
   --> crates/platform/runtime/src/plugins/wamn_postgres/statements.rs:285:13
    |
285 | /             if matches!(value, SqlValue::Null) && !expected.nullable {
286 | |                 if let Some(observed) = observed_types.get_mut(index) {
287 | |                     *observed = "null".to_owned();
288 | |                 }
289 | |             }
    | |_____________^
    |
    = help: for further information visit https://rust-lang.github.io/rust-clippy/rust-1.98.0/index.html#collapsible_if
    = note: `-W clippy::collapsible-if` implied by `-W clippy::style`
    = help: to override `-W clippy::style` add `#[allow(clippy::collapsible_if)]`
help: collapse nested if block
    |
285 ~             if matches!(value, SqlValue::Null) && !expected.nullable
286 ~                 && let Some(observed) = observed_types.get_mut(index) {
287 |                     *observed = "null".to_owned();
288 ~                 }
    |

warning: assigning the result of `ToOwned::to_owned()` may be inefficient
   --> crates/platform/runtime/src/plugins/wamn_postgres/statements.rs:287:21
    |
287 |                     *observed = "null".to_owned();
    |                     ^^^^^^^^^^^^^^^^^^^^^^^^^^^^^ help: use `clone_into()`: `"null".clone_into(observed)`
    |
    = help: for further information visit https://rust-lang.github.io/rust-clippy/rust-1.98.0/index.html#assigning_clones
    = note: `-W clippy::assigning-clones` implied by `-W clippy::pedantic`
    = help: to override `-W clippy::pedantic` add `#[allow(clippy::assigning_clones)]`

warning: redundant closure
   --> crates/platform/runtime/src/plugins/wamn_postgres/statements.rs:315:38
    |
315 |         prepared.params().iter().map(|ty| ty.name()),
    |                                      ^^^^^^^^^^^^^^ help: replace the closure with the method itself: `tokio_postgres::types::Type::name`
    |
    = help: for further information visit https://rust-lang.github.io/rust-clippy/rust-1.98.0/index.html#redundant_closure_for_method_calls

warning: these match arms have identical bodies
   --> crates/platform/runtime/src/plugins/wamn_postgres/types.rs:102:13
    |
102 |               SqlValue::Text(s) => out.extend_from_slice(s.as_bytes()),
    |               ^^^^^^^^^^^^^^^^^^^^^^^^^^^^^^^^^^^^^^^^^^^^^^^^^^^^^^^^
...
113 | /             SqlValue::Numeric(s)
114 | |             | SqlValue::Timestamptz(s)
115 | |             | SqlValue::Json(s)
116 | |             | SqlValue::Uuid(s) => out.extend_from_slice(s.as_bytes()),
    | |______________________________________________________________________^
    |
    = help: if this is unintentional make the arms return different values
    = help: for further information visit https://rust-lang.github.io/rust-clippy/rust-1.98.0/index.html#match_same_arms
    = note: `-W clippy::match-same-arms` implied by `-W clippy::pedantic`
    = help: to override `-W clippy::pedantic` add `#[allow(clippy::match_same_arms)]`
help: otherwise merge the patterns into a single arm
    |
102 ~             SqlValue::Text(s) | SqlValue::Numeric(s)
103 +             | SqlValue::Timestamptz(s)
104 +             | SqlValue::Json(s)
105 ~             | SqlValue::Uuid(s) => out.extend_from_slice(s.as_bytes()),
106 |             SqlValue::Bytes(b) => {
...
115 |             // parameter's declared type.
116 ~             }
    |

warning: casts from `i16` to `i32` can be expressed infallibly using `From`
   --> crates/platform/runtime/src/plugins/wamn_postgres/types.rs:147:39
    |
147 |             "int2" => SqlValue::Int32(i16::from_sql(ty, raw)? as i32),
    |                                       ^^^^^^^^^^^^^^^^^^^^^^^^^^^^^^
    |
    = help: an `as` cast can become silently lossy if the types change in the future
    = help: for further information visit https://rust-lang.github.io/rust-clippy/rust-1.98.0/index.html#cast_lossless
help: use `i32::from` instead
    |
147 -             "int2" => SqlValue::Int32(i16::from_sql(ty, raw)? as i32),
147 +             "int2" => SqlValue::Int32(i32::from(i16::from_sql(ty, raw)?)),
    |

warning: casts from `f32` to `f64` can be expressed infallibly using `From`
   --> crates/platform/runtime/src/plugins/wamn_postgres/types.rs:150:43
    |
150 |             "float4" => SqlValue::Float64(f32::from_sql(ty, raw)? as f64),
    |                                           ^^^^^^^^^^^^^^^^^^^^^^^^^^^^^^
    |
    = help: an `as` cast can become silently lossy if the types change in the future
    = help: for further information visit https://rust-lang.github.io/rust-clippy/rust-1.98.0/index.html#cast_lossless
help: use `f64::from` instead
    |
150 -             "float4" => SqlValue::Float64(f32::from_sql(ty, raw)? as f64),
150 +             "float4" => SqlValue::Float64(f64::from(f32::from_sql(ty, raw)?)),
    |

warning: adding items after statements is confusing, since items exist from the start of the scope
   --> crates/platform/runtime/src/plugins/wamn_postgres/types.rs:237:5
    |
237 |     use std::fmt::Write as _;
    |     ^^^^^^^^^^^^^^^^^^^^^^^^^
    |
    = help: for further information visit https://rust-lang.github.io/rust-clippy/rust-1.98.0/index.html#items_after_statements

warning: casting `i16` to `usize` may lose the sign of the value
   --> crates/platform/runtime/src/plugins/wamn_postgres/types.rs:221:19
    |
221 |     let ndigits = rd_i16(raw, 0)? as usize;
    |                   ^^^^^^^^^^^^^^^^^^^^^^^^
    |
    = help: for further information visit https://rust-lang.github.io/rust-clippy/rust-1.98.0/index.html#cast_sign_loss
    = note: `-W clippy::cast-sign-loss` implied by `-W clippy::pedantic`
    = help: to override `-W clippy::pedantic` add `#[allow(clippy::cast_sign_loss)]`

warning: casts from `i16` to `i32` can be expressed infallibly using `From`
   --> crates/platform/runtime/src/plugins/wamn_postgres/types.rs:222:18
    |
222 |     let weight = rd_i16(raw, 2)? as i32;
    |                  ^^^^^^^^^^^^^^^^^^^^^^
    |
    = help: an `as` cast can become silently lossy if the types change in the future
    = help: for further information visit https://rust-lang.github.io/rust-clippy/rust-1.98.0/index.html#cast_lossless
help: use `i32::from` instead
    |
222 -     let weight = rd_i16(raw, 2)? as i32;
222 +     let weight = i32::from(rd_i16(raw, 2)?);
    |

warning: casting `i16` to `u16` may lose the sign of the value
   --> crates/platform/runtime/src/plugins/wamn_postgres/types.rs:223:16
    |
223 |     let sign = rd_i16(raw, 4)? as u16;
    |                ^^^^^^^^^^^^^^^^^^^^^^ help: if this is intentional, use `cast_unsigned()` instead: `rd_i16(raw, 4)?.cast_unsigned()`
    |
    = help: for further information visit https://rust-lang.github.io/rust-clippy/rust-1.98.0/index.html#cast_sign_loss

warning: casting `i16` to `u16` may lose the sign of the value
   --> crates/platform/runtime/src/plugins/wamn_postgres/types.rs:224:18
    |
224 |     let dscale = rd_i16(raw, 6)? as u16 as usize;
    |                  ^^^^^^^^^^^^^^^^^^^^^^ help: if this is intentional, use `cast_unsigned()` instead: `rd_i16(raw, 6)?.cast_unsigned()`
    |
    = help: for further information visit https://rust-lang.github.io/rust-clippy/rust-1.98.0/index.html#cast_sign_loss

warning: casting `i16` to `u16` may lose the sign of the value
   --> crates/platform/runtime/src/plugins/wamn_postgres/types.rs:234:21
    |
234 |         digits.push(rd_i16(raw, 8 + i * 2)? as u16);
    |                     ^^^^^^^^^^^^^^^^^^^^^^^^^^^^^^ help: if this is intentional, use `cast_unsigned()` instead: `rd_i16(raw, 8 + i * 2)?.cast_unsigned()`
    |
    = help: for further information visit https://rust-lang.github.io/rust-clippy/rust-1.98.0/index.html#cast_sign_loss

warning: casting `i32` to `usize` may lose the sign of the value
   --> crates/platform/runtime/src/plugins/wamn_postgres/types.rs:245:22
    |
245 |         for i in 0..=(weight as usize) {
    |                      ^^^^^^^^^^^^^^^^^
    |
    = help: for further information visit https://rust-lang.github.io/rust-clippy/rust-1.98.0/index.html#cast_sign_loss

warning: casting `i32` to `usize` may lose the sign of the value
   --> crates/platform/runtime/src/plugins/wamn_postgres/types.rs:260:28
    |
260 |                 digits.get(i as usize).copied().unwrap_or(0)
    |                            ^^^^^^^^^^
    |
    = help: for further information visit https://rust-lang.github.io/rust-clippy/rust-1.98.0/index.html#cast_sign_loss

warning: large size difference between variants
   --> crates/platform/runtime/src/plugins/wamn_postgres/wiring_resolution.rs:443:1
    |
443 | / pub enum CandidateWiringResolution {
444 | |     Resolved(ResolvedActiveWiring),
    | |     ------------------------------ the largest variant contains at least 248 bytes
445 | |     Missing,
    | |     ------- the second-largest variant carries no data at all
446 | |     InvalidDefinition,
447 | |     BindingWorldUnavailable,
448 | |     BindingWorldDrift,
449 | | }
    | |_^ the entire enum is at least 248 bytes
    |
    = help: for further information visit https://rust-lang.github.io/rust-clippy/rust-1.98.0/index.html#large_enum_variant
    = note: `-W clippy::large-enum-variant` implied by `-W clippy::perf`
    = help: to override `-W clippy::perf` add `#[allow(clippy::large_enum_variant)]`
help: consider boxing the large fields or introducing indirection in some other way to reduce the total size of the enum
    |
444 -     Resolved(ResolvedActiveWiring),
444 +     Resolved(Box<ResolvedActiveWiring>),
    |

warning: assigning the result of `Clone::clone()` may be inefficient
   --> crates/platform/runtime/src/plugins/wamn_postgres/wiring_resolution.rs:993:9
    |
993 | /         executable
994 | |             .nodes
995 | |             .get_mut(&node_id)
996 | |             .expect("the resolved node belongs to the cloned document")
997 | |             .component = runtime_key.clone();
    | |____________________________________________^
    |
    = help: for further information visit https://rust-lang.github.io/rust-clippy/rust-1.98.0/index.html#assigning_clones
help: use `clone_from()`
    |
993 ~         executable
994 +             .nodes
995 +             .get_mut(&node_id)
996 +             .expect("the resolved node belongs to the cloned document")
997 ~             .component.clone_from(&runtime_key);
    |

warning: assigning the result of `Clone::clone()` may be inefficient
   --> crates/platform/runtime/src/plugins/wamn_postgres/wiring_resolution.rs:999:13
    |
999 |             operation.component = runtime_key.clone();
    |             ^^^^^^^^^^^^^^^^^^^^^^^^^^^^^^^^^^^^^^^^^ help: use `clone_from()`: `operation.component.clone_from(&runtime_key)`
    |
    = help: for further information visit https://rust-lang.github.io/rust-clippy/rust-1.98.0/index.html#assigning_clones

warning: type does not implement `std::fmt::Debug`; consider adding `#[derive(Debug)]` or a manual implementation
   --> crates/platform/runtime/src/plugins/connection_http.rs:114:1
    |
114 | / pub struct ConnectionHttp {
115 | |     postgres: Arc<WamnPostgres>,
116 | |     vault: Arc<WamnCredentials>,
117 | |     tenant: Box<str>,
...   |
133 | |     invocations: std::sync::RwLock<HashMap<String, ConnectionInvocation>>,
134 | | }
    | |_^
    |
    = note: requested on the command line with `-W missing-debug-implementations`

warning: type does not implement `std::fmt::Debug`; consider adding `#[derive(Debug)]` or a manual implementation
  --> crates/platform/runtime/src/plugins/wamn_credentials.rs:27:1
   |
27 | / pub struct WamnCredentials {
28 | |     /// Whether ANY backing source was configured. Distinguishes `unavailable`
29 | |     /// (no source — retryable) from `not-found` (source present, name absent —
30 | |     /// config-shaped).
...  |
33 | |     projects: HashMap<String, HashMap<String, String>>,
34 | | }
   | |_^

warning: type does not implement `std::fmt::Debug`; consider adding `#[derive(Debug)]` or a manual implementation
   --> crates/platform/runtime/src/plugins/wamn_jetstream.rs:544:1
    |
544 | / pub struct WamnJetstream {
545 | |     nats_url: Option<String>,
546 | |     /// Lazily-connected, memoized JetStream context. A `Mutex<Option<_>>` (not a
547 | |     /// `OnceCell`) so a transient connect failure is retried on the next call
...   |
569 | |     dlq_depth: Arc<DeadLetterDepth>,
570 | | }
    | |_^

warning: type does not implement `std::fmt::Debug`; consider adding `#[derive(Debug)]` or a manual implementation
    --> crates/platform/runtime/src/plugins/wamn_jetstream.rs:1209:1
     |
1209 | / pub struct JsConsumer {
1210 | |     consumer: Consumer<PullConfig>,
1211 | |     dead_letter: Option<DeadLetterIdentity>,
1212 | | }
     | |_^

warning: type does not implement `std::fmt::Debug`; consider adding `#[derive(Debug)]` or a manual implementation
    --> crates/platform/runtime/src/plugins/wamn_jetstream.rs:1216:1
     |
1216 | / pub struct JsMessage {
1217 | |     msg: async_nats::jetstream::Message,
1218 | |     dead_letter: Option<DeadLetterIdentity>,
1219 | | }
     | |_^

warning: type does not implement `std::fmt::Debug`; consider adding `#[derive(Debug)]` or a manual implementation
   --> crates/platform/runtime/src/plugins/wamn_logging.rs:213:1
    |
213 | / pub struct Capture {
214 | |     records: std::sync::Mutex<Vec<CapturedRec>>,
215 | | }
    | |_^

warning: type does not implement `std::fmt::Debug`; consider adding `#[derive(Debug)]` or a manual implementation
   --> crates/platform/runtime/src/plugins/wamn_logging.rs:235:1
    |
235 | / pub struct WamnLogging {
236 | |     /// component id → host-trusted {tenant, project}.
237 | |     claims: std::sync::RwLock<HashMap<String, Claim>>,
238 | |     /// Bounded front queue; `try_send` keeps `log()` non-blocking.
...   |
243 | |     _drain: tokio::task::JoinHandle<()>,
244 | | }
    | |_^

warning: type does not implement `std::fmt::Debug`; consider adding `#[derive(Debug)]` or a manual implementation
   --> crates/platform/runtime/src/plugins/wamn_postgres/claims.rs:55:1
    |
 55 | / pub struct WamnPostgres {
 56 | |     /// Resolves a project id → its database connection + policy.
 57 | |     provider: Arc<dyn CredentialProvider>,
 58 | |     /// Guest-visible project pools, built lazily and never shared with host-owned
...   |
121 | |     pub(super) bind_counters: super::BindCounters,
122 | | }
    | |_^

warning: type does not implement `std::fmt::Debug`; consider adding `#[derive(Debug)]` or a manual implementation
   --> crates/platform/runtime/src/plugins/wamn_postgres/pool.rs:339:1
    |
339 | / pub struct StaticCredentialProvider {
340 | |     projects: HashMap<String, ProjectConfig>,
341 | | }
    | |_^

warning: type does not implement `std::fmt::Debug`; consider adding `#[derive(Debug)]` or a manual implementation
   --> crates/platform/runtime/src/plugins/wamn_postgres/pool.rs:514:1
    |
514 | / pub struct K8sSecretProvider {
515 | |     pub namespace: String,
516 | | }
    | |_^

warning: type does not implement `std::fmt::Debug`; consider adding `#[derive(Debug)]` or a manual implementation
   --> crates/platform/runtime/src/plugins/wamn_postgres/resources.rs:99:1
    |
 99 | / pub struct PgTransaction {
100 | |     state: SharedTxnState,
101 | |     destroyed: Arc<AtomicU64>,
102 | |     cursor_seq: u32,
103 | |     /// Row limit of the project this transaction's connection belongs to.
104 | |     row_limit: u64,
105 | | }
    | |_^

warning: type does not implement `std::fmt::Debug`; consider adding `#[derive(Debug)]` or a manual implementation
   --> crates/platform/runtime/src/plugins/wamn_postgres/resources.rs:145:1
    |
145 | / pub struct PgCursor {
146 | |     state: SharedTxnState,
147 | |     destroyed: Arc<AtomicU64>,
148 | |     name: String,
149 | | }
    | |_^

warning: type does not implement `std::fmt::Debug`; consider adding `#[derive(Debug)]` or a manual implementation
   --> crates/platform/runtime/src/wiring_doorbell.rs:145:1
    |
145 | / pub struct WiringDoorbellListener {
146 | |     shutdown: tokio::sync::watch::Sender<bool>,
147 | |     task: tokio::task::JoinHandle<()>,
148 | | }
    | |_^

warning: this lint expectation is unfulfilled
   --> crates/platform/runtime/src/plugins/wamn_postgres/wiring_resolution.rs:467:9
    |
467 |         clippy::too_many_arguments,
    |         ^^^^^^^^^^^^^^^^^^^^^^^^^^
    |
    = note: the complete activation key plus project are independent trusted coordinates
    = note: `#[warn(unfulfilled_lint_expectations)]` on by default

warning: this lint expectation is unfulfilled
   --> crates/platform/runtime/src/plugins/wamn_postgres/wiring_resolution.rs:760:9
    |
760 |         clippy::too_many_arguments,
    |         ^^^^^^^^^^^^^^^^^^^^^^^^^^
    |
    = note: the release scope and selected component set are independent trusted facts

warning: `wamn-runtime` (lib) generated 83 warnings (run `cargo clippy --fix --lib -p wamn-runtime -- ` to apply 16 suggestions)
    Checking wamn-scenario-worker v0.1.0 (/home/kaalin/.cache/wamn-lanes/receiving-update-projection-20260910/services/scenario-worker)
warning: `wamn-schema-generator` (lib test) generated 6 warnings (6 duplicates)
    Checking wamn-execution-host v0.1.0 (/home/kaalin/.cache/wamn-lanes/receiving-update-projection-20260910/crates/execution/host)
warning: large size difference between variants
   --> services/scenario-worker/src/store/admission.rs:216:1
    |
216 | /  pub(crate) enum PreparePublishResult {
217 | |      Ready(PreparedWiringPublication),
    | |      -------------------------------- the largest variant contains at least 328 bytes
218 | |/     InvalidDocument {
219 | ||         detail: String,
220 | ||     },
    | ||_____- the second-largest variant contains at least 24 bytes
221 | |      /// The parsed document does not match the current admitted component facts.
222 | |      ExecutableDrift,
223 | |  }
    | |__^ the entire enum is at least 328 bytes
    |
    = help: for further information visit https://rust-lang.github.io/rust-clippy/rust-1.98.0/index.html#large_enum_variant
    = note: `-W clippy::large-enum-variant` implied by `-W clippy::perf`
    = help: to override `-W clippy::perf` add `#[allow(clippy::large_enum_variant)]`
help: consider boxing the large fields or introducing indirection in some other way to reduce the total size of the enum
    |
217 -     Ready(PreparedWiringPublication),
217 +     Ready(Box<PreparedWiringPublication>),
    |

warning: unused `self` argument
   --> services/scenario-worker/src/store/admission.rs:279:36
    |
279 |     pub(crate) const fn config_key(&self) -> &'static str {
    |                                    ^^^^^
    |
    = help: consider refactoring to an associated function
    = help: for further information visit https://rust-lang.github.io/rust-clippy/rust-1.98.0/index.html#unused_self
    = note: `-W clippy::unused-self` implied by `-W clippy::pedantic`
    = help: to override `-W clippy::pedantic` add `#[allow(clippy::unused_self)]`

warning: unused `self` argument
   --> services/scenario-worker/src/store/admission.rs:284:30
    |
284 |     pub(crate) const fn code(&self) -> &'static str {
    |                              ^^^^^
    |
    = help: consider refactoring to an associated function
    = help: for further information visit https://rust-lang.github.io/rust-clippy/rust-1.98.0/index.html#unused_self

warning: this argument is passed by value, but not consumed in the function body
   --> services/scenario-worker/src/store/admission.rs:752:13
    |
752 |     stored: String,
    |             ^^^^^^ help: consider changing the type to: `&str`
    |
    = help: for further information visit https://rust-lang.github.io/rust-clippy/rust-1.98.0/index.html#needless_pass_by_value
    = note: `-W clippy::needless-pass-by-value` implied by `-W clippy::pedantic`
    = help: to override `-W clippy::pedantic` add `#[allow(clippy::needless_pass_by_value)]`

warning: type does not implement `std::fmt::Debug`; consider adding `#[derive(Debug)]` or a manual implementation
   --> services/scenario-worker/src/authoring.rs:218:1
    |
218 | / pub struct InternalAuthoringBackend {
219 | |     authority: InternalDevAdmin,
220 | |     client: Client,
221 | |     connection_task: tokio::task::JoinHandle<()>,
222 | |     tenant_id: Box<str>,
223 | |     source_schema: BareSchemaName,
224 | | }
    | |_^
    |
    = note: requested on the command line with `-W missing-debug-implementations`

warning: type does not implement `std::fmt::Debug`; consider adding `#[derive(Debug)]` or a manual implementation
   --> services/scenario-worker/src/store/admission.rs:316:1
    |
316 | / pub struct AdmissionSurface {
317 | |     /// The explicit credential and exact server-side predicates are retained so
318 | |     /// every replacement physical connection is checked identically.
319 | |     probe: CredentialExactnessProbe,
...   |
322 | |     tenant_id: Box<str>,
323 | | }
    | |_^

warning: `wamn-scenario-worker` (lib) generated 6 warnings
    Checking wamn-ctl v0.1.0 (/home/kaalin/.cache/wamn-lanes/receiving-update-projection-20260910/services/ctl)
warning: binding's name is too similar to existing binding
   --> services/ctl/src/dev/environment.rs:355:9
    |
355 |     let issued = provision_project_env::run(args).await;
    |         ^^^^^^
    |
note: existing binding defined here
   --> services/ctl/src/dev/environment.rs:352:9
    |
352 |     let issuer = super::pat_issuer::start(system_url, root).await?;
    |         ^^^^^^
    = help: for further information visit https://rust-lang.github.io/rust-clippy/rust-1.98.0/index.html#similar_names
    = note: `-W clippy::similar-names` implied by `-W clippy::pedantic`
    = help: to override `-W clippy::pedantic` add `#[allow(clippy::similar_names)]`

warning: consider adding a `;` to the last statement for consistent formatting
   --> crates/execution/host/src/readiness.rs:169:17
    |
169 |                 state.finish(generation, Err(RELEASE_READINESS_CHECK_FAILED))
    |                 ^^^^^^^^^^^^^^^^^^^^^^^^^^^^^^^^^^^^^^^^^^^^^^^^^^^^^^^^^^^^^ help: add a `;` here: `state.finish(generation, Err(RELEASE_READINESS_CHECK_FAILED));`
    |
    = help: for further information visit https://rust-lang.github.io/rust-clippy/rust-1.98.0/index.html#semicolon_if_nothing_returned
    = note: `-W clippy::semicolon-if-nothing-returned` implied by `-W clippy::pedantic`
    = help: to override `-W clippy::pedantic` add `#[allow(clippy::semicolon_if_nothing_returned)]`

warning: called `map(<f>).unwrap_or(<a>)` on an `Option` value
   --> crates/execution/host/src/router_delivery.rs:216:31
    |
216 |                   let failure = interrupted
    |  _______________________________^
217 | |                     .source
218 | |                     .downcast_ref::<OperationRefusal>()
219 | |                     .map(|denial| lower_operation_refusal(denial.clone()))
220 | |                     .unwrap_or(DeliveryError::ExecutionFailed);
    | |______________________________________________________________^
    |
    = help: for further information visit https://rust-lang.github.io/rust-clippy/rust-1.98.0/index.html#map_unwrap_or
    = note: `-W clippy::map-unwrap-or` implied by `-W clippy::pedantic`
    = help: to override `-W clippy::pedantic` add `#[allow(clippy::map_unwrap_or)]`
help: use `map_or(<a>, <f>)` instead
    |
219 -                     .map(|denial| lower_operation_refusal(denial.clone()))
220 -                     .unwrap_or(DeliveryError::ExecutionFailed);
219 +                     .map_or(DeliveryError::ExecutionFailed, |denial| lower_operation_refusal(denial.clone()));
    |

warning: manual `Debug` impl does not include all fields
   --> crates/execution/host/src/router_delivery.rs:380:1
    |
380 | / impl fmt::Debug for RouterDeliveryBridge {
381 | |     fn fmt(&self, formatter: &mut fmt::Formatter<'_>) -> fmt::Result {
382 | |         formatter
383 | |             .debug_struct("RouterDeliveryBridge")
...   |
388 | | }
    | |_^
    |
note: this field is unused
   --> crates/execution/host/src/router_delivery.rs:79:5
    |
 79 |     jetstream: Arc<WamnJetstream>,
    |     ^^^^^^^^^^^^^^^^^^^^^^^^^^^^^
note: this field is unused
   --> crates/execution/host/src/router_delivery.rs:80:5
    |
 80 |     metrics: Option<DeliveryMetrics>,
    |     ^^^^^^^^^^^^^^^^^^^^^^^^^^^^^^^^
    = help: consider including all fields in this `Debug` impl
    = help: consider calling `.finish_non_exhaustive()` if you intend to ignore fields
    = help: for further information visit https://rust-lang.github.io/rust-clippy/rust-1.98.0/index.html#missing_fields_in_debug
    = note: `-W clippy::missing-fields-in-debug` implied by `-W clippy::pedantic`
    = help: to override `-W clippy::pedantic` add `#[allow(clippy::missing_fields_in_debug)]`

warning: this argument is passed by value, but not consumed in the function body
   --> crates/execution/host/src/router_delivery.rs:575:36
    |
575 | fn lower_operation_refusal(denial: OperationRefusal) -> DeliveryError {
    |                                    ^^^^^^^^^^^^^^^^
    |
    = help: for further information visit https://rust-lang.github.io/rust-clippy/rust-1.98.0/index.html#needless_pass_by_value
    = note: `-W clippy::needless-pass-by-value` implied by `-W clippy::pedantic`
    = help: to override `-W clippy::pedantic` add `#[allow(clippy::needless_pass_by_value)]`
help: consider taking a reference instead
    |
575 | fn lower_operation_refusal(denial: &OperationRefusal) -> DeliveryError {
    |                                    +

warning: this argument is passed by value, but not consumed in the function body
   --> crates/execution/host/src/router_delivery.rs:724:15
    |
724 |     evidence: PartialEvidence,
    |               ^^^^^^^^^^^^^^^
    |
    = help: for further information visit https://rust-lang.github.io/rust-clippy/rust-1.98.0/index.html#needless_pass_by_value
help: consider taking a reference instead
    |
724 |     evidence: &PartialEvidence,
    |               +

warning: these match arms have identical bodies
   --> crates/execution/host/src/router_delivery.rs:768:9
    |
768 |         WalkStatus::Completed => Err(DeliveryError::ExecutionFailed),
    |         ^^^^^^^^^^^^^^^^^^^^^^^^^^^^^^^^^^^^^^^^^^^^^^^^^^^^^^^^^^^^
...
780 |         WalkStatus::Running => Err(DeliveryError::ExecutionFailed),
    |         ^^^^^^^^^^^^^^^^^^^^^^^^^^^^^^^^^^^^^^^^^^^^^^^^^^^^^^^^^^
    |
    = help: if this is unintentional make the arms return different values
    = help: for further information visit https://rust-lang.github.io/rust-clippy/rust-1.98.0/index.html#match_same_arms
    = note: `-W clippy::match-same-arms` implied by `-W clippy::pedantic`
    = help: to override `-W clippy::pedantic` add `#[allow(clippy::match_same_arms)]`
help: otherwise merge the patterns into a single arm
    |
768 ~         WalkStatus::Failed => outcome
769 |             .failure
...
778 |         WalkStatus::Cancelled => Ok(DeliveryOutcome::Cancelled),
779 ~         WalkStatus::Completed | WalkStatus::Running => Err(DeliveryError::ExecutionFailed),
    |

warning: assigning the result of `Clone::clone()` may be inefficient
   --> crates/execution/host/src/router_driver.rs:364:9
    |
364 |         carrier.traceparent = request.traceparent.clone();
    |         ^^^^^^^^^^^^^^^^^^^^^^^^^^^^^^^^^^^^^^^^^^^^^^^^^ help: use `clone_from()`: `carrier.traceparent.clone_from(&request.traceparent)`
    |
    = help: for further information visit https://rust-lang.github.io/rust-clippy/rust-1.98.0/index.html#assigning_clones
    = note: `-W clippy::assigning-clones` implied by `-W clippy::pedantic`
    = help: to override `-W clippy::pedantic` add `#[allow(clippy::assigning_clones)]`

warning: assigning the result of `Clone::clone()` may be inefficient
   --> crates/execution/host/src/router_driver.rs:365:9
    |
365 |         carrier.tracestate = request.tracestate.clone();
    |         ^^^^^^^^^^^^^^^^^^^^^^^^^^^^^^^^^^^^^^^^^^^^^^^ help: use `clone_from()`: `carrier.tracestate.clone_from(&request.tracestate)`
    |
    = help: for further information visit https://rust-lang.github.io/rust-clippy/rust-1.98.0/index.html#assigning_clones

warning: this `continue` expression is redundant
    --> crates/execution/host/src/router_driver.rs:1199:43
     |
1199 |                 CacheInsert::Overtaken => continue,
     |                                           ^^^^^^^^
     |
     = help: consider dropping the `continue` expression
     = help: for further information visit https://rust-lang.github.io/rust-clippy/rust-1.98.0/index.html#needless_continue
     = note: `-W clippy::needless-continue` implied by `-W clippy::pedantic`
     = help: to override `-W clippy::pedantic` add `#[allow(clippy::needless_continue)]`

warning: unused `self` argument
    --> crates/execution/host/src/router_driver.rs:1304:9
     |
1304 |         &self,
     |         ^^^^^
     |
     = help: consider refactoring to an associated function
     = help: for further information visit https://rust-lang.github.io/rust-clippy/rust-1.98.0/index.html#unused_self
     = note: `-W clippy::unused-self` implied by `-W clippy::pedantic`
     = help: to override `-W clippy::pedantic` add `#[allow(clippy::unused_self)]`

warning: implicitly cloning a `String` by calling `to_string` on its dereferenced type
    --> crates/execution/host/src/router_driver.rs:1434:29
     |
1434 |                     .insert(component_digest.to_string(), compiled.clone());
     |                             ^^^^^^^^^^^^^^^^^^^^^^^^^^^^ help: consider using: `component_digest.clone()`
     |
     = help: for further information visit https://rust-lang.github.io/rust-clippy/rust-1.98.0/index.html#implicit_clone
     = note: `-W clippy::implicit-clone` implied by `-W clippy::pedantic`
     = help: to override `-W clippy::pedantic` add `#[allow(clippy::implicit_clone)]`

warning: redundant closure
    --> crates/execution/host/src/router_driver.rs:1616:14
     |
1616 |         .map(|package| package.package_version());
     |              ^^^^^^^^^^^^^^^^^^^^^^^^^^^^^^^^^^^ help: replace the closure with the method itself: `wamn_catalog::PackageCoordinate::package_version`
     |
     = help: for further information visit https://rust-lang.github.io/rust-clippy/rust-1.98.0/index.html#redundant_closure_for_method_calls
     = note: `-W clippy::redundant-closure-for-method-calls` implied by `-W clippy::pedantic`
     = help: to override `-W clippy::pedantic` add `#[allow(clippy::redundant_closure_for_method_calls)]`

warning: assigning the result of `Clone::clone()` may be inefficient
    --> crates/execution/host/src/router_driver.rs:1702:9
     |
1702 |         self.invocation.package_id = target.scope.package_id.clone();
     |         ^^^^^^^^^^^^^^^^^^^^^^^^^^^^^^^^^^^^^^^^^^^^^^^^^^^^^^^^^^^^ help: use `clone_from()`: `self.invocation.package_id.clone_from(&target.scope.package_id)`
     |
     = help: for further information visit https://rust-lang.github.io/rust-clippy/rust-1.98.0/index.html#assigning_clones

warning: assigning the result of `Clone::clone()` may be inefficient
    --> crates/execution/host/src/router_driver.rs:1703:9
     |
1703 |         self.invocation.component_digest = target.component_digest.clone();
     |         ^^^^^^^^^^^^^^^^^^^^^^^^^^^^^^^^^^^^^^^^^^^^^^^^^^^^^^^^^^^^^^^^^^ help: use `clone_from()`: `self.invocation.component_digest.clone_from(&target.component_digest)`
     |
     = help: for further information visit https://rust-lang.github.io/rust-clippy/rust-1.98.0/index.html#assigning_clones

warning: assigning the result of `Clone::clone()` may be inefficient
    --> crates/execution/host/src/router_driver.rs:1704:9
     |
1704 |         self.invocation.component = target.component.clone();
     |         ^^^^^^^^^^^^^^^^^^^^^^^^^^^^^^^^^^^^^^^^^^^^^^^^^^^^ help: use `clone_from()`: `self.invocation.component.clone_from(&target.component)`
     |
     = help: for further information visit https://rust-lang.github.io/rust-clippy/rust-1.98.0/index.html#assigning_clones

warning: assigning the result of `ToOwned::to_owned()` may be inefficient
    --> crates/execution/host/src/router_driver.rs:1705:9
     |
1705 |         self.invocation.operation = operation.to_owned();
     |         ^^^^^^^^^^^^^^^^^^^^^^^^^^^^^^^^^^^^^^^^^^^^^^^^ help: use `clone_into()`: `operation.clone_into(&mut self.invocation.operation)`
     |
     = help: for further information visit https://rust-lang.github.io/rust-clippy/rust-1.98.0/index.html#assigning_clones

warning: this argument is passed by value, but not consumed in the function body
    --> crates/execution/host/src/router_driver.rs:1794:29
     |
1794 | fn nested_host_error(error: anyhow::Error) -> wash_runtime::wasmtime::Error {
     |                             ^^^^^^^^^^^^^
     |
     = help: for further information visit https://rust-lang.github.io/rust-clippy/rust-1.98.0/index.html#needless_pass_by_value
help: consider taking a reference instead
     |
1794 | fn nested_host_error(error: &anyhow::Error) -> wash_runtime::wasmtime::Error {
     |                             +

warning: you seem to be trying to use `match` for destructuring a single pattern. Consider using `if let`
    --> crates/execution/host/src/router_driver.rs:2416:13
     |
2416 | /             match hit {
2417 | |                 Some(entry) => {
2418 | |                     span.record("wamn.prepared_hit", true);
2419 | |                     entry
...    |
2437 | |             }
     | |_____________^
     |
     = help: for further information visit https://rust-lang.github.io/rust-clippy/rust-1.98.0/index.html#single_match_else
     = note: `-W clippy::single-match-else` implied by `-W clippy::pedantic`
     = help: to override `-W clippy::pedantic` add `#[allow(clippy::single_match_else)]`
help: try
     |
2416 ~             if let Some(entry) = hit {
2417 +                 span.record("wamn.prepared_hit", true);
2418 +                 entry
2419 +             } else {
2420 +                 span.record("wamn.prepared_hit", false);
2421 +                 let built = Self::prepare(
2422 +                     base_linker,
2423 +                     component,
2424 +                     &postgres,
2425 +                     &logging,
2426 +                     config,
2427 +                     component_fact,
2428 +                 )?;
2429 +                 prepared
2430 +                     .lock()
2431 +                     .map_err(|_| anyhow::anyhow!("prepared-component cache poisoned"))?
2432 +                     .insert(digest.to_owned(), built.clone());
2433 +                 built
2434 +             }
     |

warning: writing `&String` instead of `&str` involves a new object where a slice will do
    --> crates/execution/host/src/router_driver.rs:2715:16
     |
2715 |         input: &String,
     |                ^^^^^^^
     |
     = help: for further information visit https://rust-lang.github.io/rust-clippy/rust-1.98.0/index.html#ptr_arg
     = note: `-W clippy::ptr-arg` implied by `-W clippy::style`
     = help: to override `-W clippy::style` add `#[allow(clippy::ptr_arg)]`
help: change this to
     |
2715 ~         input: &str,
2716 |         deadline_ms: u64,
 ...
2739 |         let (outcome,) = match run
2740 ~             .call_async(&mut self.store, (context, input))
     |

warning: the borrowed expression implements the required traits
    --> crates/execution/host/src/router_driver.rs:2735:46
     |
2735 |             .get_typed_func(&mut self.store, &run)
     |                                              ^^^^ help: change this to: `run`
     |
     = help: for further information visit https://rust-lang.github.io/rust-clippy/rust-1.98.0/index.html#needless_borrows_for_generic_args
     = note: `-W clippy::needless-borrows-for-generic-args` implied by `-W clippy::style`
     = help: to override `-W clippy::style` add `#[allow(clippy::needless_borrows_for_generic_args)]`

warning: casting `u128` to `u64` may truncate the value
    --> crates/execution/host/src/router_driver.rs:2830:20
     |
2830 |         .unwrap_or(MAX_HOST_CALL_DURATION.as_millis() as u64)
     |                    ^^^^^^^^^^^^^^^^^^^^^^^^^^^^^^^^^^^^^^^^^
     |
     = help: if this is intentional allow the lint with `#[allow(clippy::cast_possible_truncation)]` ...
     = help: for further information visit https://rust-lang.github.io/rust-clippy/rust-1.98.0/index.html#cast_possible_truncation
     = note: `-W clippy::cast-possible-truncation` implied by `-W clippy::pedantic`
     = help: to override `-W clippy::pedantic` add `#[allow(clippy::cast_possible_truncation)]`
help: ... or use `try_from` and handle the error accordingly
     |
2830 -         .unwrap_or(MAX_HOST_CALL_DURATION.as_millis() as u64)
2830 +         .unwrap_or(u64::try_from(MAX_HOST_CALL_DURATION.as_millis()))
     |

warning: casting `u128` to `u64` may truncate the value
    --> crates/execution/host/src/router_driver.rs:2831:19
     |
2831 |         .clamp(1, MAX_HOST_CALL_DURATION.as_millis() as u64)
     |                   ^^^^^^^^^^^^^^^^^^^^^^^^^^^^^^^^^^^^^^^^^
     |
     = help: if this is intentional allow the lint with `#[allow(clippy::cast_possible_truncation)]` ...
     = help: for further information visit https://rust-lang.github.io/rust-clippy/rust-1.98.0/index.html#cast_possible_truncation
help: ... or use `try_from` and handle the error accordingly
     |
2831 -         .clamp(1, MAX_HOST_CALL_DURATION.as_millis() as u64)
2831 +         .clamp(1, u64::try_from(MAX_HOST_CALL_DURATION.as_millis()))
     |

warning: `wamn-execution-host` (lib) generated 22 warnings (run `cargo clippy --fix --lib -p wamn-execution-host -- ` to apply 6 suggestions)
warning: function `run_once_stages` is never used
   --> services/ctl/src/dev.rs:604:10
    |
604 | async fn run_once_stages<R>(
    |          ^^^^^^^^^^^^^^^
    |
    = note: `#[warn(dead_code)]` (part of `#[warn(unused)]`) on by default

warning: function `verify_source_package_with_client` is never used
    --> services/ctl/src/push_component.rs:1301:10
     |
1301 | async fn verify_source_package_with_client(
     |          ^^^^^^^^^^^^^^^^^^^^^^^^^^^^^^^^^

warning: unnecessary boolean `not` operation
   --> services/ctl/src/apply_package.rs:340:9
    |
340 | /         if !outcome.changed {
341 | |             " (already converged)"
342 | |         } else {
343 | |             ""
344 | |         }
    | |_________^
    |
    = help: for further information visit https://rust-lang.github.io/rust-clippy/rust-1.98.0/index.html#if_not_else
    = note: `-W clippy::if-not-else` implied by `-W clippy::pedantic`
    = help: to override `-W clippy::pedantic` add `#[allow(clippy::if_not_else)]`
help: try
    |
340 ~         if outcome.changed {
341 +             ""
342 +         } else {
343 +             " (already converged)"
344 +         }
    |

warning: this expression creates a reference which is immediately dereferenced by the compiler
   --> services/ctl/src/apply_package.rs:572:37
    |
572 |             execute(&tx, statement, &coordinate_text).await?;
    |                                     ^^^^^^^^^^^^^^^^ help: change this to: `coordinate_text`
    |
    = help: for further information visit https://rust-lang.github.io/rust-clippy/rust-1.98.0/index.html#needless_borrow
    = note: `-W clippy::needless-borrow` implied by `-W clippy::style`
    = help: to override `-W clippy::style` add `#[allow(clippy::needless_borrow)]`

warning: this expression creates a reference which is immediately dereferenced by the compiler
   --> services/ctl/src/apply_package.rs:576:37
    |
576 |             execute(&tx, statement, &coordinate_text).await?;
    |                                     ^^^^^^^^^^^^^^^^ help: change this to: `coordinate_text`
    |
    = help: for further information visit https://rust-lang.github.io/rust-clippy/rust-1.98.0/index.html#needless_borrow

warning: variables can be used directly in the `format!` string
   --> services/ctl/src/bind_connection.rs:138:39
    |
138 |               Some(Value::String(_)) => bail!(
    |  _______________________________________^
139 | |                 "the generation definition's {coordinate} is empty; {:?} needs it",
140 | |                 requirement_type
141 | |             ),
    | |_____________^
    |
    = help: for further information visit https://rust-lang.github.io/rust-clippy/rust-1.98.0/index.html#uninlined_format_args
    = note: `-W clippy::uninlined-format-args` implied by `-W clippy::pedantic`
    = help: to override `-W clippy::pedantic` add `#[allow(clippy::uninlined_format_args)]`

warning: variables can be used directly in the `format!` string
   --> services/ctl/src/bind_connection.rs:142:24
    |
142 |               Some(_) => bail!(
    |  ________________________^
143 | |                 "the generation definition's {coordinate} must be a string; {:?} reads it as one",
144 | |                 requirement_type
145 | |             ),
    | |_____________^
    |
    = help: for further information visit https://rust-lang.github.io/rust-clippy/rust-1.98.0/index.html#uninlined_format_args

warning: variables can be used directly in the `format!` string
   --> services/ctl/src/bind_connection.rs:146:21
    |
146 |               None => bail!(
    |  _____________________^
147 | |                 "the generation definition lacks {coordinate}; {:?} reads it at resolve time",
148 | |                 requirement_type
149 | |             ),
    | |_____________^
    |
    = help: for further information visit https://rust-lang.github.io/rust-clippy/rust-1.98.0/index.html#uninlined_format_args

warning: variables can be used directly in the `format!` string
   --> services/ctl/src/bind_connection.rs:153:9
    |
153 | /         ensure!(
154 | |             requirement_type.coordinates().contains(&key.as_str()),
155 | |             "the generation definition carries {key}, which {:?} never reads; \
156 | |              a coordinate nobody reads is a coordinate nobody validates",
157 | |             requirement_type
158 | |         );
    | |_________^
    |
    = help: for further information visit https://rust-lang.github.io/rust-clippy/rust-1.98.0/index.html#uninlined_format_args

warning: unused `async` for async trait impl function with no `.await` statements
   --> services/ctl/src/dev/activation.rs:374:5
    |
374 | /     async fn spawn_host(&mut self, spec: &HostProcessSpec) -> Result<(), Self::Error> {
375 | |         self.child = Some(spawn_host_process(spec)?);
376 | |         Ok(())
377 | |     }
    | |_____^
    |
    = note: `std::future::ready` creates a `Future` which returns the value immediately when `poll`ed
    = help: for further information visit https://rust-lang.github.io/rust-clippy/rust-1.98.0/index.html#unused_async_trait_impl
    = note: `-W clippy::unused-async-trait-impl` implied by `-W clippy::pedantic`
    = help: to override `-W clippy::pedantic` add `#[allow(clippy::unused_async_trait_impl)]`
help: consider removing the `async` from this function and returning `impl Future<Output = Result<(), Self::Error>>` instead
    |
374 ~     fn spawn_host(&mut self, spec: &HostProcessSpec) -> impl Future<Output = Result<(), Self::Error>> {
375 ~         self.child = Some(std::future::ready(spawn_host_process(spec)?));
376 ~         std::future::ready(Ok(()))
    |

warning: unused `async` for async trait impl function with no `.await` statements
   --> services/ctl/src/dev/activation.rs:415:5
    |
415 | /     async fn terminate_host(&mut self) -> Result<(), Self::Error> {
416 | |         let Some(raw_pid) = self.child()?.id() else {
417 | |             return Ok(());
418 | |         };
...   |
423 | |         Ok(kill_process(pid, Signal::TERM).context("send SIGTERM to local wamn-host")?)
424 | |     }
    | |_____^
    |
    = note: `std::future::ready` creates a `Future` which returns the value immediately when `poll`ed
    = help: for further information visit https://rust-lang.github.io/rust-clippy/rust-1.98.0/index.html#unused_async_trait_impl
help: consider removing the `async` from this function and returning `impl Future<Output = Result<(), Self::Error>>` instead
    |
415 ~     fn terminate_host(&mut self) -> impl Future<Output = Result<(), Self::Error>> {
416 ~         let Some(raw_pid) = std::future::ready(self.child()?).id() else {
417 ~             return std::future::ready(Ok(()));
418 |         };
419 ~         let pid = std::future::ready(i32::try_from(raw_pid)
420 +             .ok()
421 +             .and_then(Pid::from_raw)
422 ~             .context("local wamn-host PID is outside the platform range")?);
423 ~         std::future::ready(Ok(kill_process(pid, Signal::TERM).context("send SIGTERM to local wamn-host")?))std::future::ready(kill_process(pid, Signal::TERM).context("send SIGTERM to local wamn-host")?))
    |

warning: unused `async` for async trait impl function with no `.await` statements
   --> services/ctl/src/dev/activation.rs:433:5
    |
433 | /     async fn kill_host(&mut self) -> Result<(), Self::Error> {
434 | |         Ok(self
435 | |             .child()?
436 | |             .start_kill()
437 | |             .context("kill unresponsive local wamn-host")?)
438 | |     }
    | |_____^
    |
    = note: `std::future::ready` creates a `Future` which returns the value immediately when `poll`ed
    = help: for further information visit https://rust-lang.github.io/rust-clippy/rust-1.98.0/index.html#unused_async_trait_impl
help: consider removing the `async` from this function and returning `impl Future<Output = Result<(), Self::Error>>` instead
    |
433 ~     fn kill_host(&mut self) -> impl Future<Output = Result<(), Self::Error>> {
434 ~         std::future::ready(Ok(self
435 +             .child()?
436 +             .start_kill()
437 +             .context("kill unresponsive local wamn-host")?))
438 ~         Ok(std::future::ready(self
439 +             .child()?)
440 ~         Ok(std::future::ready(self
441 +             .child()?
442 +             .start_kill()
443 ~             .context("kill unresponsive local wamn-host")?))
    |

warning: manual `Debug` impl does not include all fields
   --> services/ctl/src/dev/config.rs:603:1
    |
603 | / impl fmt::Debug for DevConfig {
604 | |     fn fmt(&self, formatter: &mut fmt::Formatter<'_>) -> fmt::Result {
605 | |         formatter
606 | |             .debug_struct("DevConfig")
...   |
676 | | }
    | |_^
    |
note: this field is unused
   --> services/ctl/src/dev/config.rs:571:5
    |
571 |     verification_database_url: Box<str>,
    |     ^^^^^^^^^^^^^^^^^^^^^^^^^^^^^^^^^^^
note: this field is unused
   --> services/ctl/src/dev/config.rs:572:5
    |
572 |     target_database_url: Box<str>,
    |     ^^^^^^^^^^^^^^^^^^^^^^^^^^^^^
note: this field is unused
   --> services/ctl/src/dev/config.rs:576:5
    |
576 |     system_database_url: Box<str>,
    |     ^^^^^^^^^^^^^^^^^^^^^^^^^^^^^
note: this field is unused
   --> services/ctl/src/dev/config.rs:577:5
    |
577 |     identity_database_url: Box<str>,
    |     ^^^^^^^^^^^^^^^^^^^^^^^^^^^^^^^
note: this field is unused
   --> services/ctl/src/dev/config.rs:578:5
    |
578 |     guest_database_url: Box<str>,
    |     ^^^^^^^^^^^^^^^^^^^^^^^^^^^^
note: this field is unused
   --> services/ctl/src/dev/config.rs:579:5
    |
579 |     executor_platform_database_url: Box<str>,
    |     ^^^^^^^^^^^^^^^^^^^^^^^^^^^^^^^^^^^^^^^^
note: this field is unused
   --> services/ctl/src/dev/config.rs:580:5
    |
580 |     http_admitter_database_url: Box<str>,
    |     ^^^^^^^^^^^^^^^^^^^^^^^^^^^^^^^^^^^^
note: this field is unused
   --> services/ctl/src/dev/config.rs:581:5
    |
581 |     event_materializer_database_url: Box<str>,
    |     ^^^^^^^^^^^^^^^^^^^^^^^^^^^^^^^^^^^^^^^^^
note: this field is unused
   --> services/ctl/src/dev/config.rs:582:5
    |
582 |     scheduler_nats_url: Box<str>,
    |     ^^^^^^^^^^^^^^^^^^^^^^^^^^^^
note: this field is unused
   --> services/ctl/src/dev/config.rs:583:5
    |
583 |     event_nats_url: Box<str>,
    |     ^^^^^^^^^^^^^^^^^^^^^^^^
note: this field is unused
   --> services/ctl/src/dev/config.rs:584:5
    |
584 |     tempo_query_url: Box<str>,
    |     ^^^^^^^^^^^^^^^^^^^^^^^^^
note: this field is unused
   --> services/ctl/src/dev/config.rs:585:5
    |
585 |     otel_exporter_otlp_endpoint: Box<str>,
    |     ^^^^^^^^^^^^^^^^^^^^^^^^^^^^^^^^^^^^^
note: this field is unused
   --> services/ctl/src/dev/config.rs:586:5
    |
586 |     component_artifact_base: Box<str>,
    |     ^^^^^^^^^^^^^^^^^^^^^^^^^^^^^^^^^
note: this field is unused
   --> services/ctl/src/dev/config.rs:587:5
    |
587 |     release_artifact_base: Box<str>,
    |     ^^^^^^^^^^^^^^^^^^^^^^^^^^^^^^^
note: this field is unused
   --> services/ctl/src/dev/config.rs:590:5
    |
590 |     gate_url: Box<str>,
    |     ^^^^^^^^^^^^^^^^^^
note: this field is unused
   --> services/ctl/src/dev/config.rs:591:5
    |
591 |     gate_bearer_token: Box<str>,
    |     ^^^^^^^^^^^^^^^^^^^^^^^^^^^
note: this field is unused
   --> services/ctl/src/dev/config.rs:592:5
    |
592 |     operator_bearer_token: Option<Box<str>>,
    |     ^^^^^^^^^^^^^^^^^^^^^^^^^^^^^^^^^^^^^^^
note: this field is unused
   --> services/ctl/src/dev/config.rs:594:5
    |
594 |     flow_http_workload_image: Box<str>,
    |     ^^^^^^^^^^^^^^^^^^^^^^^^^^^^^^^^^^
note: this field is unused
   --> services/ctl/src/dev/config.rs:600:5
    |
600 |     probes: Box<[ReachabilityProbe]>,
    |     ^^^^^^^^^^^^^^^^^^^^^^^^^^^^^^^^
    = help: consider including all fields in this `Debug` impl
    = help: consider calling `.finish_non_exhaustive()` if you intend to ignore fields
    = help: for further information visit https://rust-lang.github.io/rust-clippy/rust-1.98.0/index.html#missing_fields_in_debug
    = note: `-W clippy::missing-fields-in-debug` implied by `-W clippy::pedantic`
    = help: to override `-W clippy::pedantic` add `#[allow(clippy::missing_fields_in_debug)]`

warning: redundant closure
   --> services/ctl/src/dev/coordinator.rs:289:18
    |
289 |             .map(|column| column.name())
    |                  ^^^^^^^^^^^^^^^^^^^^^^ help: replace the closure with the method itself: `wamn_schema_introspection::ir::Column::name`
    |
    = help: for further information visit https://rust-lang.github.io/rust-clippy/rust-1.98.0/index.html#redundant_closure_for_method_calls
    = note: `-W clippy::redundant-closure-for-method-calls` implied by `-W clippy::pedantic`
    = help: to override `-W clippy::pedantic` add `#[allow(clippy::redundant_closure_for_method_calls)]`

warning: use of `format!` to build up a string from an iterator
    --> services/ctl/src/dev/coordinator.rs:1474:13
     |
1474 |             bytes.iter().map(|byte| format!("{byte:02x}")).collect(),
     |             ^^^^^^^^^^^^^^^^^^^^^^^^^^^^^^^^^^^^^^^^^^^^^^^^^^^^^^^^
     |
help: call `fold` instead
    --> services/ctl/src/dev/coordinator.rs:1474:26
     |
1474 |             bytes.iter().map(|byte| format!("{byte:02x}")).collect(),
     |                          ^^^
help: ... and use the `write!` macro here
    --> services/ctl/src/dev/coordinator.rs:1474:37
     |
1474 |             bytes.iter().map(|byte| format!("{byte:02x}")).collect(),
     |                                     ^^^^^^^^^^^^^^^^^^^^^
     = note: this can be written more efficiently by appending to a `String` directly
     = help: for further information visit https://rust-lang.github.io/rust-clippy/rust-1.98.0/index.html#format_collect
     = note: `-W clippy::format-collect` implied by `-W clippy::pedantic`
     = help: to override `-W clippy::pedantic` add `#[allow(clippy::format_collect)]`

warning: unused `async` for async trait impl function with no `.await` statements
    --> services/ctl/src/dev/coordinator.rs:1504:5
     |
1504 | /     async fn stage_is_unchanged(&mut self, stage: DevStage) -> Result<bool, Self::Error> {
1505 | |         // Generate is the one stage whose whole output is files in the
1506 | |         // worktree, so it is the one stage a later run can find already done.
1507 | |         if stage != DevStage::Generate {
...    |
1515 | |         Ok(false)
1516 | |     }
     | |_____^
     |
     = note: `std::future::ready` creates a `Future` which returns the value immediately when `poll`ed
     = help: for further information visit https://rust-lang.github.io/rust-clippy/rust-1.98.0/index.html#unused_async_trait_impl
help: consider removing the `async` from this function and returning `impl Future<Output = Result<bool, Self::Error>>` instead
     |
1504 ~     fn stage_is_unchanged(&mut self, stage: DevStage) -> impl Future<Output = Result<bool, Self::Error>> {
1505 |         // Generate is the one stage whose whole output is files in the
1506 |         // worktree, so it is the one stage a later run can find already done.
1507 |         if stage != DevStage::Generate {
1508 ~             return std::future::ready(Ok(false));
1509 |         }
1510 ~         let digest = std::future::ready(self.generate_inputs_digest()?);
1511 |         if self.generate_input_digest.as_deref() == Some(digest.as_str()) {
1512 ~             return std::future::ready(Ok(true));
1513 |         }
1514 |         self.generate_input_candidate = Some(digest);
1515 ~         std::future::ready(Ok(false))
     |

warning: this expression creates a reference which is immediately dereferenced by the compiler
   --> services/ctl/src/dev/environment.rs:378:24
    |
378 |         .batch_execute(&wamn_schema_control::ensure_scenario_author_role_sql())
    |                        ^^^^^^^^^^^^^^^^^^^^^^^^^^^^^^^^^^^^^^^^^^^^^^^^^^^^^^^ help: change this to: `wamn_schema_control::ensure_scenario_author_role_sql()`
    |
    = help: for further information visit https://rust-lang.github.io/rust-clippy/rust-1.98.0/index.html#needless_borrow

warning: `format!(..)` appended to existing `String`
   --> services/ctl/src/dev/environment.rs:544:9
    |
544 | /         sql.push_str(&format!(
545 | |             "GRANT {privilege} ON DATABASE {quoted} TO {}{};\n",
546 | |             Identifier::new(grantee)?.quoted(),
547 | |             if grantable { " WITH GRANT OPTION" } else { "" }
548 | |         ));
    | |__________^
    |
    = note: you may need to import the `std::fmt::Write` trait
    = help: for further information visit https://rust-lang.github.io/rust-clippy/rust-1.98.0/index.html#format_push_string
    = note: `-W clippy::format-push-string` implied by `-W clippy::pedantic`
    = help: to override `-W clippy::pedantic` add `#[allow(clippy::format_push_string)]`
help: consider using `write!` to avoid the extra allocation
    |
544 ~         let _ = write!(sql, "GRANT {privilege} ON DATABASE {quoted} TO {}{};\n",
545 +             Identifier::new(grantee)?.quoted(),
546 ~             if grantable { " WITH GRANT OPTION" } else { "" });
    |

warning: matching over `()` is more explicit
   --> services/ctl/src/dev/environment.rs:942:19
    |
942 |         .map_err(|_| anyhow::anyhow!("set the generated Gate role in its verification URL"))?;
    |                   ^ help: use `()` instead of `_`: `()`
    |
    = help: for further information visit https://rust-lang.github.io/rust-clippy/rust-1.98.0/index.html#ignored_unit_patterns
    = note: `-W clippy::ignored-unit-patterns` implied by `-W clippy::pedantic`
    = help: to override `-W clippy::pedantic` add `#[allow(clippy::ignored_unit_patterns)]`

warning: matching over `()` is more explicit
   --> services/ctl/src/dev/environment.rs:945:19
    |
945 |         .map_err(|_| anyhow::anyhow!("set the generated Gate password in its verification URL"))?;
    |                   ^ help: use `()` instead of `_`: `()`
    |
    = help: for further information visit https://rust-lang.github.io/rust-clippy/rust-1.98.0/index.html#ignored_unit_patterns

warning: this function has too many arguments (9/7)
   --> services/ctl/src/dev/environment.rs:972:1
    |
972 | / pub fn write_dev_config(
973 | |     root: &Path,
974 | |     system_url: &str,
975 | |     template: &str,
...   |
981 | |     identity: &DevActivationIdentity,
982 | | ) -> anyhow::Result<PathBuf> {
    | |____________________________^
    |
    = help: for further information visit https://rust-lang.github.io/rust-clippy/rust-1.98.0/index.html#too_many_arguments
    = note: `-W clippy::too-many-arguments` implied by `-W clippy::complexity`
    = help: to override `-W clippy::complexity` add `#[allow(clippy::too_many_arguments)]`

warning: this method chain can be written more clearly with `if .. else ..`
   --> services/ctl/src/dev/watch.rs:229:21
    |
229 |           let state = status
    |  _____________________^
230 | |             .stdout
231 | |             .split(|byte| *byte == b'\n')
232 | |             .any(|line| !line.is_empty() && !line.starts_with(b"# "))
233 | |             .then_some(DevSourceState::Dirty)
234 | |             .unwrap_or(DevSourceState::Clean);
    | |_____________________________________________^
    |
    = help: for further information visit https://rust-lang.github.io/rust-clippy/rust-1.98.0/index.html#obfuscated_if_else
    = note: `-W clippy::obfuscated-if-else` implied by `-W clippy::style`
    = help: to override `-W clippy::style` add `#[allow(clippy::obfuscated_if_else)]`
help: try
    |
229 ~         let state = if status
230 +             .stdout
231 +             .split(|byte| *byte == b'\n')
232 ~             .any(|line| !line.is_empty() && !line.starts_with(b"# ")) { DevSourceState::Dirty } else { DevSourceState::Clean };
    |

warning: manual `Debug` impl does not include all fields
    --> services/ctl/src/dev/watch.rs:1134:1
     |
1134 | / impl fmt::Debug for FilesystemInvalidationSource {
1135 | |     fn fmt(&self, formatter: &mut fmt::Formatter<'_>) -> fmt::Result {
1136 | |         formatter
1137 | |             .debug_struct("FilesystemInvalidationSource")
...    |
1145 | | }
     | |_^
     |
note: this field is unused
    --> services/ctl/src/dev/watch.rs:1126:5
     |
1126 |     inotify: AsyncFd<OwnedFd>,
     |     ^^^^^^^^^^^^^^^^^^^^^^^^^
     = help: consider including all fields in this `Debug` impl
     = help: consider calling `.finish_non_exhaustive()` if you intend to ignore fields
     = help: for further information visit https://rust-lang.github.io/rust-clippy/rust-1.98.0/index.html#missing_fields_in_debug

warning: this `continue` expression is redundant
    --> services/ctl/src/dev/watch.rs:1365:38
     |
1365 |                 Err(_would_block) => continue,
     |                                      ^^^^^^^^
     |
     = help: consider dropping the `continue` expression
     = help: for further information visit https://rust-lang.github.io/rust-clippy/rust-1.98.0/index.html#needless_continue
     = note: `-W clippy::needless-continue` implied by `-W clippy::pedantic`
     = help: to override `-W clippy::pedantic` add `#[allow(clippy::needless_continue)]`

warning: allocating a local array larger than 16384 bytes
    --> services/ctl/src/dev/watch.rs:1518:22
     |
1518 |     let mut buffer = [MaybeUninit::uninit(); INOTIFY_BUFFER_BYTES];
     |                      ^^^^^^^^^^^^^^^^^^^^^^^^^^^^^^^^^^^^^^^^^^^^^
     |
     = help: consider allocating on the heap with `vec![MaybeUninit::uninit(); INOTIFY_BUFFER_BYTES].into_boxed_slice()`
     = help: for further information visit https://rust-lang.github.io/rust-clippy/rust-1.98.0/index.html#large_stack_arrays
     = note: `-W clippy::large-stack-arrays` implied by `-W clippy::pedantic`
     = help: to override `-W clippy::pedantic` add `#[allow(clippy::large_stack_arrays)]`

warning: unused `async` for async trait impl function with no `.await` statements
   --> services/ctl/src/dev.rs:200:5
    |
200 | /     async fn source_state(&mut self) -> Result<DevSourceState, Self::Error> {
201 | |         Ok(self.0)
202 | |     }
    | |_____^
    |
    = note: `std::future::ready` creates a `Future` which returns the value immediately when `poll`ed
    = help: for further information visit https://rust-lang.github.io/rust-clippy/rust-1.98.0/index.html#unused_async_trait_impl
help: consider removing the `async` from this function and returning `impl Future<Output = Result<DevSourceState, Self::Error>>` instead
    |
200 ~     fn source_state(&mut self) -> impl Future<Output = Result<DevSourceState, Self::Error>> {
201 ~         std::future::ready(Ok(self.0))
    |

warning: you seem to be trying to use `match` for destructuring a single pattern. Consider using `if let`
   --> services/ctl/src/enable_cdc_project_env.rs:159:19
    |
159 |       let cluster = match &args.cluster {
    |  ___________________^
160 | |         Some(c) => c.clone(),
161 | |         None => {
162 | |             let url = args.system_database_url.as_deref().context(
...   |
167 | |     };
    | |_____^
    |
    = help: for further information visit https://rust-lang.github.io/rust-clippy/rust-1.98.0/index.html#single_match_else
    = note: `-W clippy::single-match-else` implied by `-W clippy::pedantic`
    = help: to override `-W clippy::pedantic` add `#[allow(clippy::single_match_else)]`
help: try
    |
159 ~     let cluster = if let Some(c) = &args.cluster { c.clone() } else {
160 +         let url = args.system_database_url.as_deref().context(
161 +             "pass --cluster, or --system-database-url to resolve the target cluster from the registry",
162 +         )?;
163 +         crate::provision_project_env::resolve_cluster(url, &args.org, &args.env).await?
164 ~     };
    |

warning: it is more idiomatic to use `Option<&T>` instead of `&Option<T>`
   --> services/ctl/src/enable_cdc_project_env.rs:302:1
    |
302 | / fn emit_json(path: &Option<PathBuf>, label: &str, doc: &serde_json::Value) -> anyhow::Result<()> {
303 | |     emit_text(path, label, &serde_json::to_string_pretty(doc)?)
304 | | }
    | |_^
    |
    = help: for further information visit https://rust-lang.github.io/rust-clippy/rust-1.98.0/index.html#ref_option
    = note: `-W clippy::ref-option` implied by `-W clippy::pedantic`
    = help: to override `-W clippy::pedantic` add `#[allow(clippy::ref_option)]`
help: change this to
    |
302 - fn emit_json(path: &Option<PathBuf>, label: &str, doc: &serde_json::Value) -> anyhow::Result<()> {
302 + fn emit_json(path: Option<&PathBuf>, label: &str, doc: &serde_json::Value) -> anyhow::Result<()> {
    |

warning: it is more idiomatic to use `Option<&T>` instead of `&Option<T>`
   --> services/ctl/src/enable_cdc_project_env.rs:306:1
    |
306 | / fn emit_text(path: &Option<PathBuf>, label: &str, text: &str) -> anyhow::Result<()> {
307 | |     match path {
308 | |         Some(p) if p.as_os_str() != "-" => {
309 | |             std::fs::write(p, text).with_context(|| format!("write {}", p.display()))?;
...   |
314 | |     Ok(())
315 | | }
    | |_^
    |
    = help: for further information visit https://rust-lang.github.io/rust-clippy/rust-1.98.0/index.html#ref_option
help: change this to
    |
306 - fn emit_text(path: &Option<PathBuf>, label: &str, text: &str) -> anyhow::Result<()> {
306 + fn emit_text(path: Option<&PathBuf>, label: &str, text: &str) -> anyhow::Result<()> {
    |

warning: adding items after statements is confusing, since items exist from the start of the scope
   --> services/ctl/src/identity_issuer.rs:260:5
    |
260 |     const PAT_RETURN_COLUMNS: [&str; 3] = ["id", "label", "created_at"];
    |     ^^^^^^^^^^^^^^^^^^^^^^^^^^^^^^^^^^^^^^^^^^^^^^^^^^^^^^^^^^^^^^^^^^^^
    |
    = help: for further information visit https://rust-lang.github.io/rust-clippy/rust-1.98.0/index.html#items_after_statements
    = note: `-W clippy::items-after-statements` implied by `-W clippy::pedantic`
    = help: to override `-W clippy::pedantic` add `#[allow(clippy::items_after_statements)]`

warning: matching over `()` is more explicit
   --> services/ctl/src/identity_issuer.rs:475:42
    |
475 |         url.set_username(&role).map_err(|_| anyhow::anyhow!("cannot encode identity credential user"))?;
    |                                          ^ help: use `()` instead of `_`: `()`
    |
    = help: for further information visit https://rust-lang.github.io/rust-clippy/rust-1.98.0/index.html#ignored_unit_patterns

warning: matching over `()` is more explicit
   --> services/ctl/src/identity_issuer.rs:476:52
    |
476 |         url.set_password(Some(&password)).map_err(|_| anyhow::anyhow!("cannot encode identity credential password"))?;
    |                                                    ^ help: use `()` instead of `_`: `()`
    |
    = help: for further information visit https://rust-lang.github.io/rust-clippy/rust-1.98.0/index.html#ignored_unit_patterns

warning: this argument is passed by value, but not consumed in the function body
   --> services/ctl/src/promote.rs:561:10
    |
561 |     row: Row,
    |          ^^^
    |
    = help: for further information visit https://rust-lang.github.io/rust-clippy/rust-1.98.0/index.html#needless_pass_by_value
    = note: `-W clippy::needless-pass-by-value` implied by `-W clippy::pedantic`
    = help: to override `-W clippy::pedantic` add `#[allow(clippy::needless_pass_by_value)]`
help: consider taking a reference instead
    |
561 |     row: &Row,
    |          +

warning: this argument is passed by value, but not consumed in the function body
   --> services/ctl/src/promote.rs:611:28
    |
611 | fn decode_requirement(row: Row) -> anyhow::Result<PortableRequirement> {
    |                            ^^^
    |
    = help: for further information visit https://rust-lang.github.io/rust-clippy/rust-1.98.0/index.html#needless_pass_by_value
help: consider taking a reference instead
    |
611 | fn decode_requirement(row: &Row) -> anyhow::Result<PortableRequirement> {
    |                            +

warning: consider adding a `;` to the last statement for consistent formatting
   --> services/ctl/src/promote.rs:671:13
    |
671 |             copy_portable_facts(&tx, source, &args.tenant).await?
    |             ^^^^^^^^^^^^^^^^^^^^^^^^^^^^^^^^^^^^^^^^^^^^^^^^^^^^^ help: add a `;` here: `copy_portable_facts(&tx, source, &args.tenant).await?;`
    |
    = help: for further information visit https://rust-lang.github.io/rust-clippy/rust-1.98.0/index.html#semicolon_if_nothing_returned
    = note: `-W clippy::semicolon-if-nothing-returned` implied by `-W clippy::pedantic`
    = help: to override `-W clippy::pedantic` add `#[allow(clippy::semicolon_if_nothing_returned)]`

warning: called `map(<f>).unwrap_or(<a>)` on an `Option` value
   --> services/ctl/src/provision.rs:153:16
    |
153 |     let host = app_host.map(str::to_string).unwrap_or(default_host);
    |                ^^^^^^^^^^^^^^^^^^^^^^^^^^^^^^^^^^^^^^^^^^^^^^^^^^^^
    |
    = help: for further information visit https://rust-lang.github.io/rust-clippy/rust-1.98.0/index.html#map_unwrap_or
    = note: `-W clippy::map-unwrap-or` implied by `-W clippy::pedantic`
    = help: to override `-W clippy::pedantic` add `#[allow(clippy::map_unwrap_or)]`
help: use `map_or(<a>, <f>)` instead
    |
153 -     let host = app_host.map(str::to_string).unwrap_or(default_host);
153 +     let host = app_host.map_or(default_host, str::to_string);
    |

warning: wildcard matches only a single variant and will also match any future added variants
   --> services/ctl/src/provision.rs:236:13
    |
236 |             _ => None,
    |             ^ help: try: `tokio_postgres::config::Host::Unix(_)`
    |
    = help: for further information visit https://rust-lang.github.io/rust-clippy/rust-1.98.0/index.html#match_wildcard_for_single_variants
    = note: `-W clippy::match-wildcard-for-single-variants` implied by `-W clippy::pedantic`
    = help: to override `-W clippy::pedantic` add `#[allow(clippy::match_wildcard_for_single_variants)]`

warning: you seem to be trying to use `match` for destructuring a single pattern. Consider using `if let`
   --> services/ctl/src/provision_org.rs:153:20
    |
153 |       let policies = match &client {
    |  ____________________^
154 | |         Some((c, _)) => {
155 | |             record_org(c, &org, &stamped).await?;
156 | |             println!(
...   |
169 | |     };
    | |_____^
    |
    = help: for further information visit https://rust-lang.github.io/rust-clippy/rust-1.98.0/index.html#single_match_else
help: try
    |
153 ~     let policies = if let Some((c, _)) = &client {
154 +         record_org(c, &org, &stamped).await?;
155 +         println!(
156 +             "recorded org {id:?} (template {tpl:?}) in registry.orgs + {n} env \
157 +              policy row(s) stamped insert-if-absent (wamn_system)",
158 +             id = org.id,
159 +             tpl = template.name,
160 +             n = stamped.len(),
161 +         );
162 +         read_env_policies(c, &org.id).await?
163 +     } else {
164 +         println!("(no --system-database-url: org not recorded; template policies used)");
165 +         template.policies.clone()
166 ~     };
    |

warning: redundant closure
   --> services/ctl/src/provision_org.rs:304:14
    |
304 |         .map(|i| i.to_string())
    |              ^^^^^^^^^^^^^^^^^ help: replace the closure with the method itself: `std::string::ToString::to_string`
    |
    = help: for further information visit https://rust-lang.github.io/rust-clippy/rust-1.98.0/index.html#redundant_closure_for_method_calls

warning: you seem to be trying to use `match` for destructuring a single pattern. Consider using `if let`
   --> services/ctl/src/provision_project_env.rs:644:19
    |
644 |       let cluster = match &args.cluster {
    |  ___________________^
645 | |         Some(c) => c.clone(),
646 | |         None => {
647 | |             let url = args.system_database_url.as_deref().context(
...   |
652 | |     };
    | |_____^
    |
    = help: for further information visit https://rust-lang.github.io/rust-clippy/rust-1.98.0/index.html#single_match_else
help: try
    |
644 ~     let cluster = if let Some(c) = &args.cluster { c.clone() } else {
645 +         let url = args.system_database_url.as_deref().context(
646 +             "pass --cluster, or --system-database-url to resolve the target cluster from the registry",
647 +         )?;
648 +         resolve_cluster(url, org, env).await?
649 ~     };
    |

warning: variables can be used directly in the `format!` string
   --> services/ctl/src/provision_project_env.rs:699:5
    |
699 | /     println!(
700 | |         "recorded project {:?} + project-env {} in the registry (wamn_system)",
701 | |         project, triple
702 | |     );
    | |_____^
    |
    = help: for further information visit https://rust-lang.github.io/rust-clippy/rust-1.98.0/index.html#uninlined_format_args

warning: more than 3 bools in a struct
   --> services/ctl/src/provision_project_env.rs:726:1
    |
726 | / struct WorkloadRoleState {
727 | |     login: bool,
728 | |     superuser: bool,
729 | |     inherit: bool,
...   |
745 | |     owned_objects: i64,
746 | | }
    | |_^
    |
    = help: consider using a state machine or refactoring bools into two-variant enums
    = help: for further information visit https://rust-lang.github.io/rust-clippy/rust-1.98.0/index.html#struct_excessive_bools
    = note: `-W clippy::struct-excessive-bools` implied by `-W clippy::pedantic`
    = help: to override `-W clippy::pedantic` add `#[allow(clippy::struct_excessive_bools)]`

warning: this `if` statement can be collapsed
    --> services/ctl/src/provision_project_env.rs:1375:5
     |
1375 | /     if let Some(legacy_role) = legacy_desired_role {
1376 | |         if let Some(legacy) =
1377 | |             converge_workload_generation_state(&transaction, lifecycle, legacy_role).await?
...    |
1384 | |     }
     | |_____^
     |
     = help: for further information visit https://rust-lang.github.io/rust-clippy/rust-1.98.0/index.html#collapsible_if
     = note: `-W clippy::collapsible-if` implied by `-W clippy::style`
     = help: to override `-W clippy::style` add `#[allow(clippy::collapsible_if)]`
help: collapse nested if block
     |
1375 ~     if let Some(legacy_role) = legacy_desired_role
1376 ~         && let Some(legacy) =
1377 |             converge_workload_generation_state(&transaction, lifecycle, legacy_role).await?
 ...
1382 |             );
1383 ~         }
     |

warning: matching over `()` is more explicit
    --> services/ctl/src/provision_project_env.rs:1880:19
     |
1880 |         .map_err(|_| anyhow::anyhow!("set workload URL username"))?;
     |                   ^ help: use `()` instead of `_`: `()`
     |
     = help: for further information visit https://rust-lang.github.io/rust-clippy/rust-1.98.0/index.html#ignored_unit_patterns

warning: matching over `()` is more explicit
    --> services/ctl/src/provision_project_env.rs:1882:19
     |
1882 |         .map_err(|_| anyhow::anyhow!("set workload URL password"))?;
     |                   ^ help: use `()` instead of `_`: `()`
     |
     = help: for further information visit https://rust-lang.github.io/rust-clippy/rust-1.98.0/index.html#ignored_unit_patterns

warning: constructing a `Duration` using a smaller unit when a larger unit would be more readable
    --> services/ctl/src/provision_project_env.rs:2911:27
     |
2911 | const PAT_TTL: Duration = Duration::from_secs(2_592_000);
     |                           ^^^^^^^^^^^^^^^^^^^^^^^^^^^^^^
     |
     = help: for further information visit https://rust-lang.github.io/rust-clippy/rust-1.98.0/index.html#duration_suboptimal_units
     = note: `-W clippy::duration-suboptimal-units` implied by `-W clippy::pedantic`
     = help: to override `-W clippy::pedantic` add `#[allow(clippy::duration_suboptimal_units)]`
help: try using from_hours
     |
2911 - const PAT_TTL: Duration = Duration::from_secs(2_592_000);
2911 + const PAT_TTL: Duration = Duration::from_hours(720);
     |

warning: this `continue` expression is redundant
    --> services/ctl/src/provision_project_env.rs:3232:80
     |
3232 |             Err(error) if error.kind() == std::io::ErrorKind::AlreadyExists => continue,
     |                                                                                ^^^^^^^^
     |
     = help: consider dropping the `continue` expression
     = help: for further information visit https://rust-lang.github.io/rust-clippy/rust-1.98.0/index.html#needless_continue

warning: it is more idiomatic to use `Option<&T>` instead of `&Option<T>`
    --> services/ctl/src/provision_project_env.rs:3536:1
     |
3536 | / fn emit_json(path: &Option<PathBuf>, label: &str, doc: &serde_json::Value) -> anyhow::Result<()> {
3537 | |     emit_text(path, label, &serde_json::to_string_pretty(doc)?)
3538 | | }
     | |_^
     |
     = help: for further information visit https://rust-lang.github.io/rust-clippy/rust-1.98.0/index.html#ref_option
help: change this to
     |
3536 - fn emit_json(path: &Option<PathBuf>, label: &str, doc: &serde_json::Value) -> anyhow::Result<()> {
3536 + fn emit_json(path: Option<&PathBuf>, label: &str, doc: &serde_json::Value) -> anyhow::Result<()> {
     |

warning: it is more idiomatic to use `Option<&T>` instead of `&Option<T>`
    --> services/ctl/src/provision_project_env.rs:3540:1
     |
3540 | / fn emit_text(path: &Option<PathBuf>, label: &str, text: &str) -> anyhow::Result<()> {
3541 | |     match path {
3542 | |         Some(p) if p.as_os_str() != "-" => {
3543 | |             std::fs::write(p, text).with_context(|| format!("write {}", p.display()))?;
...    |
3548 | |     Ok(())
3549 | | }
     | |_^
     |
     = help: for further information visit https://rust-lang.github.io/rust-clippy/rust-1.98.0/index.html#ref_option
help: change this to
     |
3540 - fn emit_text(path: &Option<PathBuf>, label: &str, text: &str) -> anyhow::Result<()> {
3540 + fn emit_text(path: Option<&PathBuf>, label: &str, text: &str) -> anyhow::Result<()> {
     |

warning: very complex type used. Consider factoring parts into `type` definitions
   --> services/ctl/src/publish_release.rs:877:6
    |
877 |   ) -> Result<
    |  ______^
878 | |     (
879 | |         BTreeMap<String, wamn_schema_generator::PackageManifest>,
880 | |         BTreeMap<String, String>,
881 | |     ),
882 | |     MintManifestError,
883 | | > {
    | |_^
    |
    = help: for further information visit https://rust-lang.github.io/rust-clippy/rust-1.98.0/index.html#type_complexity
    = note: `-W clippy::type-complexity` implied by `-W clippy::complexity`
    = help: to override `-W clippy::complexity` add `#[allow(clippy::type_complexity)]`

warning: this argument is passed by value, but not consumed in the function body
    --> services/ctl/src/publish_release.rs:1526:13
     |
1526 |     stored: String,
     |             ^^^^^^ help: consider changing the type to: `&str`
     |
     = help: for further information visit https://rust-lang.github.io/rust-clippy/rust-1.98.0/index.html#needless_pass_by_value

warning: this boolean expression can be simplified
    --> services/ctl/src/push_component.rs:1108:12
     |
1108 |           || !path
     |  ____________^
1109 | |             .extension()
1110 | |             .is_some_and(|observed| observed == extension)
     | |__________________________________________________________^
     |
     = help: for further information visit https://rust-lang.github.io/rust-clippy/rust-1.98.0/index.html#nonminimal_bool
     = note: `-W clippy::nonminimal-bool` implied by `-W clippy::pedantic`
     = help: to override `-W clippy::pedantic` add `#[allow(clippy::nonminimal_bool)]`
help: try
     |
1108 ~         || path
1109 +             .extension().is_none_or(|observed| observed != extension)
     |

warning: this function has too many arguments (8/7)
    --> services/ctl/src/push_component.rs:1451:1
     |
1451 | / async fn persist_plane(
1452 | |     database_config: &PgConfig,
1453 | |     plane: ProjectionPlane,
1454 | |     component: &AdmittedComponent,
...    |
1459 | |     package_path: &std::path::Path,
1460 | | ) -> anyhow::Result<ProjectionOutcome> {
     | |______________________________________^
     |
     = help: for further information visit https://rust-lang.github.io/rust-clippy/rust-1.98.0/index.html#too_many_arguments

warning: this function has too many arguments (8/7)
    --> services/ctl/src/push_component.rs:1489:1
     |
1489 | / async fn persist_with_client(
1490 | |     client: &mut PgClient,
1491 | |     plane: ProjectionPlane,
1492 | |     component: &AdmittedComponent,
...    |
1497 | |     package_path: &std::path::Path,
1498 | | ) -> anyhow::Result<ProjectionOutcome> {
     | |______________________________________^
     |
     = help: for further information visit https://rust-lang.github.io/rust-clippy/rust-1.98.0/index.html#too_many_arguments

warning: casts from `bool` to `usize` can be expressed infallibly using `From`
    --> services/ctl/src/push_component.rs:1612:34
     |
1612 |           requirements_inserted += append_or_verify_requirement(
     |  __________________________________^
1613 | |             &transaction,
1614 | |             &component.scope.tenant_id,
1615 | |             environment_instance.as_deref(),
...    |
1618 | |         .await? as usize;
     | |________________________^
     |
     = help: an `as` cast can become silently lossy if the types change in the future
     = help: for further information visit https://rust-lang.github.io/rust-clippy/rust-1.98.0/index.html#cast_lossless
     = note: `-W clippy::cast-lossless` implied by `-W clippy::pedantic`
     = help: to override `-W clippy::pedantic` add `#[allow(clippy::cast_lossless)]`
help: use `usize::from` instead
     |
1612 ~         requirements_inserted += usize::from(append_or_verify_requirement(
1613 +             &transaction,
1614 +             &component.scope.tenant_id,
1615 +             environment_instance.as_deref(),
1616 +             requirement,
1617 +         )
1618 ~         .await?);
     |

warning: these match arms have identical bodies
   --> services/ctl/src/push_release_manifest.rs:495:9
    |
495 |         OciDistributionError::ImageManifestNotFoundError(_) => true,
    |         ^^^^^^^^^^^^^^^^^^^^^^^^^^^^^^^^^^^^^^^^^^^^^^^^^^^^^^^^^^^
...
507 |         OciDistributionError::ServerError { code: 404, .. } => true,
    |         ^^^^^^^^^^^^^^^^^^^^^^^^^^^^^^^^^^^^^^^^^^^^^^^^^^^^^^^^^^^
    |
    = help: if this is unintentional make the arms return different values
    = help: for further information visit https://rust-lang.github.io/rust-clippy/rust-1.98.0/index.html#match_same_arms
    = note: `-W clippy::match-same-arms` implied by `-W clippy::pedantic`
    = help: to override `-W clippy::pedantic` add `#[allow(clippy::match_same_arms)]`
help: otherwise merge the patterns into a single arm
    |
495 ~         OciDistributionError::RegistryError { envelope, .. } => {
496 |             !envelope.errors.is_empty()
...
505 |         }
506 ~         OciDistributionError::ImageManifestNotFoundError(_) | OciDistributionError::ServerError { code: 404, .. } => true,
    |

warning: this `if` statement can be collapsed
   --> services/ctl/src/reconcile_run_plane.rs:501:5
    |
501 | /     if !retires_node_runs {
502 | |         if let Some(action) = dispatch_reader_read_surface_action(schema, &obs, !plan.is_noop()) {
503 | |             plan.actions.push(action);
504 | |         }
505 | |     }
    | |_____^
    |
    = help: for further information visit https://rust-lang.github.io/rust-clippy/rust-1.98.0/index.html#collapsible_if
help: collapse nested if block
    |
501 ~     if !retires_node_runs
502 ~         && let Some(action) = dispatch_reader_read_surface_action(schema, &obs, !plan.is_noop()) {
503 |             plan.actions.push(action);
504 ~         }
    |

warning: this lint expectation is unfulfilled
    --> services/ctl/src/apply_package.rs:1370:5
     |
1370 |     clippy::too_many_arguments,
     |     ^^^^^^^^^^^^^^^^^^^^^^^^^^
     |
     = note: the arguments preserve exact refusal context at the effect boundary
     = note: `#[warn(unfulfilled_lint_expectations)]` on by default

warning: `wamn-ctl` (lib) generated 59 warnings (run `cargo clippy --fix --lib -p wamn-ctl -- ` to apply 28 suggestions)
    Checking wamn-proof-integration v0.1.0 (/home/kaalin/.cache/wamn-lanes/receiving-update-projection-20260910/tests/integration)
warning: binding's name is too similar to existing binding
    --> tests/integration/src/cdcbench.rs:1039:13
     |
1039 |     let mut wals: Vec<i64> = Vec::with_capacity(n);
     |             ^^^^
     |
note: existing binding defined here
    --> tests/integration/src/cdcbench.rs:1037:9
     |
1037 |     let wal0 = wal_lsn(admin).await?;
     |         ^^^^
     = help: for further information visit https://rust-lang.github.io/rust-clippy/rust-1.98.0/index.html#similar_names
     = note: `-W clippy::similar-names` implied by `-W clippy::pedantic`
     = help: to override `-W clippy::pedantic` add `#[allow(clippy::similar_names)]`

warning: unnecessary hashes around raw string literal
   --> tests/integration/src/measurement_schema.rs:86:34
    |
 86 |   const FLOOR_SQL_TEMPLATE: &str = r#"
    |  __________________________________^
 87 | | CREATE TABLE __SCHEMA__.users (
 88 | |     id uuid CONSTRAINT users_id_pkey PRIMARY KEY DEFAULT gen_random_uuid(),
 89 | |     tenant_id text NOT NULL,
...   |
179 | | $tenant_floor$;
180 | | "#;
    | |__^
    |
    = help: for further information visit https://rust-lang.github.io/rust-clippy/rust-1.98.0/index.html#needless_raw_string_hashes
    = note: `-W clippy::needless-raw-string-hashes` implied by `-W clippy::pedantic`
    = help: to override `-W clippy::pedantic` add `#[allow(clippy::needless_raw_string_hashes)]`
help: remove all the hashes around the string literal
    |
 86 ~ const FLOOR_SQL_TEMPLATE: &str = r"
 87 | CREATE TABLE __SCHEMA__.users (
...
179 | $tenant_floor$;
180 ~ ";
    |

warning: binding's name is too similar to existing binding
   --> tests/integration/src/provisionbench.rs:688:13
    |
688 |         let env_s = spec.env;
    |             ^^^^^
    |
note: existing binding defined here
   --> tests/integration/src/provisionbench.rs:531:5
    |
531 |     envs: &[EnvSpec],
    |     ^^^^
    = help: for further information visit https://rust-lang.github.io/rust-clippy/rust-1.98.0/index.html#similar_names

warning: long literal lacking separators
   --> tests/integration/src/walbench.rs:141:27
    |
141 |             .wrapping_mul(6364136223846793005)
    |                           ^^^^^^^^^^^^^^^^^^^ help: consider: `6_364_136_223_846_793_005`
    |
    = help: for further information visit https://rust-lang.github.io/rust-clippy/rust-1.98.0/index.html#unreadable_literal
    = note: `-W clippy::unreadable-literal` implied by `-W clippy::pedantic`
    = help: to override `-W clippy::pedantic` add `#[allow(clippy::unreadable_literal)]`

warning: long literal lacking separators
   --> tests/integration/src/walbench.rs:142:27
    |
142 |             .wrapping_add(1442695040888963407);
    |                           ^^^^^^^^^^^^^^^^^^^ help: consider: `1_442_695_040_888_963_407`
    |
    = help: for further information visit https://rust-lang.github.io/rust-clippy/rust-1.98.0/index.html#unreadable_literal

warning: long literal lacking separators
   --> tests/integration/src/route_authentication_live/fresh_only.rs:198:39
    |
198 |         "raw-body-bytes": {"maximum": 1048576},
    |                                       ^^^^^^^ help: consider: `1_048_576`
    |
    = help: for further information visit https://rust-lang.github.io/rust-clippy/rust-1.98.0/index.html#unreadable_literal
    = note: `-W clippy::unreadable-literal` implied by `-W clippy::pedantic`
    = help: to override `-W clippy::pedantic` add `#[allow(clippy::unreadable_literal)]`

warning: binding's name is too similar to existing binding
    --> tests/integration/src/route_authentication_live.rs:4775:9
     |
4775 |     let verified = verifier.verify(token).await?;
     |         ^^^^^^^^
     |
note: existing binding defined here
    --> tests/integration/src/route_authentication_live.rs:4774:9
     |
4774 |     let verifier = SessionVerifier::new(keys, ORG, &audience)?;
     |         ^^^^^^^^
     = help: for further information visit https://rust-lang.github.io/rust-clippy/rust-1.98.0/index.html#similar_names

warning: long literal lacking separators
   --> tests/integration/src/throughput_bench.rs:775:44
    |
775 |         assert!((got.requests_per_second - 4081.211897645458).abs() < 1e-9);
    |                                            ^^^^^^^^^^^^^^^^^ help: consider: `4_081.211_897_645_458`
    |
    = help: for further information visit https://rust-lang.github.io/rust-clippy/rust-1.98.0/index.html#unreadable_literal

warning: long literal lacking separators
   --> tests/integration/src/throughput_bench.rs:776:31
    |
776 |         assert!((got.p50_ms - 0.931111).abs() < 1e-9);
    |                               ^^^^^^^^ help: consider: `0.931_111`
    |
    = help: for further information visit https://rust-lang.github.io/rust-clippy/rust-1.98.0/index.html#unreadable_literal

warning: long literal lacking separators
   --> tests/integration/src/throughput_bench.rs:777:31
    |
777 |         assert!((got.p99_ms - 1.877135).abs() < 1e-9);
    |                               ^^^^^^^^ help: consider: `1.877_135`
    |
    = help: for further information visit https://rust-lang.github.io/rust-clippy/rust-1.98.0/index.html#unreadable_literal

warning: long literal lacking separators
   --> tests/integration/src/throughput_bench.rs:799:44
    |
799 |         assert!((got.requests_per_second - 34879.230595).abs() < 1e-9);
    |                                            ^^^^^^^^^^^^ help: consider: `34_879.230_595`
    |
    = help: for further information visit https://rust-lang.github.io/rust-clippy/rust-1.98.0/index.html#unreadable_literal

warning: long literal lacking separators
   --> tests/integration/src/throughput_bench.rs:818:82
    |
818 |             (cpu_usage_seconds("usage_usec 20558\nuser_usec 14390\n").unwrap() - 0.020558).abs()
    |                                                                                  ^^^^^^^^ help: consider: `0.020_558`
    |
    = help: for further information visit https://rust-lang.github.io/rust-clippy/rust-1.98.0/index.html#unreadable_literal

warning: long literal lacking separators
   --> tests/integration/src/walbench.rs:141:27
    |
141 |             .wrapping_mul(6364136223846793005)
    |                           ^^^^^^^^^^^^^^^^^^^ help: consider: `6_364_136_223_846_793_005`
    |
    = help: for further information visit https://rust-lang.github.io/rust-clippy/rust-1.98.0/index.html#unreadable_literal

warning: function `models` is never used
  --> tests/integration/src/measurement_schema.rs:25:8
   |
25 | pub fn models(schema: &str) -> Vec<ManagedModel> {
   |        ^^^^^^
   |
   = note: `#[warn(dead_code)]` (part of `#[warn(unused)]`) on by default

warning: field `release` is never read
   --> tests/integration/src/trusted_http_route.rs:110:16
    |
105 | pub struct TrustedHttpRoute {
    |            ---------------- field in this struct
...
110 |     pub(crate) release: Arc<ReleaseManifestWeld>,
    |                ^^^^^^^

warning: this argument is passed by value, but not consumed in the function body
  --> tests/integration/src/cdc_reader_process.rs:35:15
   |
35 |         args: ReaderArgs,
   |               ^^^^^^^^^^
   |
   = help: for further information visit https://rust-lang.github.io/rust-clippy/rust-1.98.0/index.html#needless_pass_by_value
   = note: `-W clippy::needless-pass-by-value` implied by `-W clippy::pedantic`
   = help: to override `-W clippy::pedantic` add `#[allow(clippy::needless_pass_by_value)]`
help: consider taking a reference instead
   |
35 |         args: &ReaderArgs,
   |               +

warning: you seem to be trying to use `match` for destructuring a single pattern. Consider using `if let`
  --> tests/integration/src/cdc_reader_process.rs:86:9
   |
86 | /         match tokio::time::timeout(timeout, self.child.wait()).await {
87 | |             Ok(status) => Ok(status.context("wait for CDC reader shutdown")?.success()),
88 | |             Err(_) => {
89 | |                 self.child
...  |
95 | |         }
   | |_________^
   |
   = help: for further information visit https://rust-lang.github.io/rust-clippy/rust-1.98.0/index.html#single_match_else
   = note: `-W clippy::single-match-else` implied by `-W clippy::pedantic`
   = help: to override `-W clippy::pedantic` add `#[allow(clippy::single_match_else)]`
help: try
   |
86 ~         if let Ok(status) = tokio::time::timeout(timeout, self.child.wait()).await { Ok(status.context("wait for CDC reader shutdown")?.success()) } else {
87 +             self.child
88 +                 .start_kill()
89 +                 .context("kill CDC reader after shutdown timeout")?;
90 +             let _ = self.child.wait().await;
91 +             Ok(false)
92 +         }
   |

warning: called `map(<f>).unwrap_or_else(<g>)` on an `Option` value
   --> tests/integration/src/cdc_reader_process.rs:107:5
    |
107 | /     sibling
108 | |         .filter(|path| path.is_file())
109 | |         .map(PathBuf::into_os_string)
110 | |         .unwrap_or_else(|| OsString::from("wamn-cdc-reader"))
    | |_____________________________________________________________^
    |
    = help: for further information visit https://rust-lang.github.io/rust-clippy/rust-1.98.0/index.html#map_unwrap_or
    = note: `-W clippy::map-unwrap-or` implied by `-W clippy::pedantic`
    = help: to override `-W clippy::pedantic` add `#[allow(clippy::map_unwrap_or)]`
help: try
    |
107 ~     sibling
108 +         .filter(|path| path.is_file()).map_or_else(|| OsString::from("wamn-cdc-reader"), PathBuf::into_os_string)
    |

warning: called `map(<f>).unwrap_or(<a>)` on an `Option` value
   --> tests/integration/src/cdcbench.rs:266:8
    |
266 |       Ok(db
    |  ________^
267 | |         .query_opt(
268 | |             "SELECT COALESCE(pg_wal_lsn_diff(pg_current_wal_insert_lsn(), confirmed_flush_lsn), -1)::bigint \
269 | |              FROM pg_replication_slots WHERE slot_name = $1",
...   |
273 | |         .map(|r| r.get(0))
274 | |         .unwrap_or(-1))
    | |______________________^
    |
    = help: for further information visit https://rust-lang.github.io/rust-clippy/rust-1.98.0/index.html#map_unwrap_or
help: use `map_or(<a>, <f>)` instead
    |
273 -         .map(|r| r.get(0))
274 -         .unwrap_or(-1))
273 +         .map_or(-1, |r| r.get(0)))
    |

warning: called `map(<f>).unwrap_or(<a>)` on a `Result` value
   --> tests/integration/src/cdcbench.rs:344:22
    |
344 |         Ok(mut s) => s.info().await.map(|i| i.state.messages).unwrap_or(0),
    |                      ^^^^^^^^^^^^^^^^^^^^^^^^^^^^^^^^^^^^^^^^^^^^^^^^^^^^^
    |
    = help: for further information visit https://rust-lang.github.io/rust-clippy/rust-1.98.0/index.html#map_unwrap_or
help: use `map_or(<a>, <f>)` instead
    |
344 -         Ok(mut s) => s.info().await.map(|i| i.state.messages).unwrap_or(0),
344 +         Ok(mut s) => s.info().await.map_or(0, |i| i.state.messages),
    |

warning: called `map(<f>).unwrap_or(<a>)` on a `Result` value
   --> tests/integration/src/cdcbench.rs:386:5
    |
386 | /     SystemTime::now()
387 | |         .duration_since(UNIX_EPOCH)
388 | |         .map(|d| d.as_millis() as i64)
389 | |         .unwrap_or(0)
    | |_____________________^
    |
    = help: for further information visit https://rust-lang.github.io/rust-clippy/rust-1.98.0/index.html#map_unwrap_or
help: use `map_or(<a>, <f>)` instead
    |
388 -         .map(|d| d.as_millis() as i64)
389 -         .unwrap_or(0)
388 +         .map_or(0, |d| d.as_millis() as i64)
    |

warning: casting `u128` to `i64` may truncate the value
   --> tests/integration/src/cdcbench.rs:388:18
    |
388 |         .map(|d| d.as_millis() as i64)
    |                  ^^^^^^^^^^^^^^^^^^^^
    |
    = help: if this is intentional allow the lint with `#[allow(clippy::cast_possible_truncation)]` ...
    = help: for further information visit https://rust-lang.github.io/rust-clippy/rust-1.98.0/index.html#cast_possible_truncation
    = note: `-W clippy::cast-possible-truncation` implied by `-W clippy::pedantic`
    = help: to override `-W clippy::pedantic` add `#[allow(clippy::cast_possible_truncation)]`
help: ... or use `try_from` and handle the error accordingly
    |
388 -         .map(|d| d.as_millis() as i64)
388 +         .map(|d| i64::try_from(d.as_millis()))
    |

warning: `format!(..)` appended to existing `String`
   --> tests/integration/src/cdcbench.rs:776:13
    |
776 | /             series.push_str(&format!(
777 | |                 "{},{},{msgs},{lag}\n",
778 | |                 v.name,
779 | |                 t0.elapsed().as_millis()
780 | |             ));
    | |______________^
    |
    = note: you may need to import the `std::fmt::Write` trait
    = help: for further information visit https://rust-lang.github.io/rust-clippy/rust-1.98.0/index.html#format_push_string
    = note: `-W clippy::format-push-string` implied by `-W clippy::pedantic`
    = help: to override `-W clippy::pedantic` add `#[allow(clippy::format_push_string)]`
help: consider using `write!` to avoid the extra allocation
    |
776 ~             let _ = write!(series, "{},{},{msgs},{lag}\n",
777 +                 v.name,
778 ~                 t0.elapsed().as_millis());
    |

warning: casting `usize` to `f64` may cause a loss of precision (`usize` can be up to 64 bits wide depending on the target architecture, but `f64`'s mantissa is only 52 bits wide)
   --> tests/integration/src/cdcbench.rs:834:28
    |
834 |         let rows_per_sec = v.rows as f64 / drain_secs;
    |                            ^^^^^^^^^^^^^
    |
    = help: for further information visit https://rust-lang.github.io/rust-clippy/rust-1.98.0/index.html#cast_precision_loss
    = note: `-W clippy::cast-precision-loss` implied by `-W clippy::pedantic`
    = help: to override `-W clippy::pedantic` add `#[allow(clippy::cast_precision_loss)]`

warning: casting `i64` to `f64` may cause a loss of precision (`i64` is 64 bits wide, but `f64`'s mantissa is only 52 bits wide)
   --> tests/integration/src/cdcbench.rs:835:26
    |
835 |         let mb_per_sec = backlog as f64 / drain_secs / 1e6;
    |                          ^^^^^^^^^^^^^^
    |
    = help: for further information visit https://rust-lang.github.io/rust-clippy/rust-1.98.0/index.html#cast_precision_loss

warning: `format!(..)` appended to existing `String`
   --> tests/integration/src/cdcbench.rs:841:9
    |
841 | /         csv.push_str(&format!(
842 | |             "{},{},{txns},{import_secs:.1},{import_wal},{backlog},{drain_secs:.2},{rows_per_sec:.0},\
843 | |              {mb_per_sec:.2},{},{},{},{},{},{},{}\n",
844 | |             v.name,
...   |
852 | |             stats.total_bytes,
853 | |         ));
    | |__________^
    |
    = note: you may need to import the `std::fmt::Write` trait
    = help: for further information visit https://rust-lang.github.io/rust-clippy/rust-1.98.0/index.html#format_push_string
help: consider using `write!` to avoid the extra allocation
    |
841 ~         let _ = write!(csv, "{},{},{txns},{import_secs:.1},{import_wal},{backlog},{drain_secs:.2},{rows_per_sec:.0},\
842 +              {mb_per_sec:.2},{},{},{},{},{},{},{}\n",
843 +             v.name,
844 +             v.rows,
845 +             stats.spill_txns,
846 +             stats.spill_count,
847 +             stats.spill_bytes,
848 +             stats.stream_txns,
849 +             stats.stream_bytes,
850 +             stats.total_txns,
851 ~             stats.total_bytes);
    |

warning: casting `usize` to `f64` may cause a loss of precision (`usize` can be up to 64 bits wide depending on the target architecture, but `f64`'s mantissa is only 52 bits wide)
   --> tests/integration/src/cdcbench.rs:909:33
    |
909 |         let per_writer = rate / args.lag_writers as f64;
    |                                 ^^^^^^^^^^^^^^^^^^^^^^^
    |
    = help: for further information visit https://rust-lang.github.io/rust-clippy/rust-1.98.0/index.html#cast_precision_loss

warning: casting `u64` to `f64` may cause a loss of precision (`u64` is 64 bits wide, but `f64`'s mantissa is only 52 bits wide)
   --> tests/integration/src/cdcbench.rs:926:55
    |
926 |                 while start.elapsed().as_secs_f64() < step_secs as f64 {
    |                                                       ^^^^^^^^^^^^^^^^
    |
    = help: for further information visit https://rust-lang.github.io/rust-clippy/rust-1.98.0/index.html#cast_precision_loss

warning: casting `f64` to `u64` may truncate the value
   --> tests/integration/src/cdcbench.rs:927:31
    |
927 |                     let due = (start.elapsed().as_secs_f64() * per_writer) as u64 + 1;
    |                               ^^^^^^^^^^^^^^^^^^^^^^^^^^^^^^^^^^^^^^^^^^^^^^^^^^^
    |
    = help: if this is intentional allow the lint with `#[allow(clippy::cast_possible_truncation)]` ...
    = help: for further information visit https://rust-lang.github.io/rust-clippy/rust-1.98.0/index.html#cast_possible_truncation

warning: casting `f64` to `u64` may lose the sign of the value
   --> tests/integration/src/cdcbench.rs:927:31
    |
927 |                     let due = (start.elapsed().as_secs_f64() * per_writer) as u64 + 1;
    |                               ^^^^^^^^^^^^^^^^^^^^^^^^^^^^^^^^^^^^^^^^^^^^^^^^^^^
    |
    = help: for further information visit https://rust-lang.github.io/rust-clippy/rust-1.98.0/index.html#cast_sign_loss
    = note: `-W clippy::cast-sign-loss` implied by `-W clippy::pedantic`
    = help: to override `-W clippy::pedantic` add `#[allow(clippy::cast_sign_loss)]`

warning: `format!(..)` appended to existing `String`
   --> tests/integration/src/cdcbench.rs:945:13
    |
945 | /             series.push_str(&format!(
946 | |                 "{rate},{},{msgs},{lag}\n",
947 | |                 t0.elapsed().as_millis()
948 | |             ));
    | |______________^
    |
    = note: you may need to import the `std::fmt::Write` trait
    = help: for further information visit https://rust-lang.github.io/rust-clippy/rust-1.98.0/index.html#format_push_string
help: consider using `write!` to avoid the extra allocation
    |
945 ~             let _ = write!(series, "{rate},{},{msgs},{lag}\n",
946 ~                 t0.elapsed().as_millis());
    |

warning: redundant closure
   --> tests/integration/src/cdcbench.rs:949:35
    |
949 |             if handles.iter().all(|h| h.is_finished()) {
    |                                   ^^^^^^^^^^^^^^^^^^^ help: replace the closure with the method itself: `tokio::task::JoinHandle::is_finished`
    |
    = help: for further information visit https://rust-lang.github.io/rust-clippy/rust-1.98.0/index.html#redundant_closure_for_method_calls
    = note: `-W clippy::redundant-closure-for-method-calls` implied by `-W clippy::pedantic`
    = help: to override `-W clippy::pedantic` add `#[allow(clippy::redundant_closure_for_method_calls)]`

warning: casting `u64` to `f64` may cause a loss of precision (`u64` is 64 bits wide, but `f64`'s mantissa is only 52 bits wide)
   --> tests/integration/src/cdcbench.rs:962:24
    |
962 |         let achieved = written as f64 / elapsed;
    |                        ^^^^^^^^^^^^^^
    |
    = help: for further information visit https://rust-lang.github.io/rust-clippy/rust-1.98.0/index.html#cast_precision_loss

warning: casting `u64` to `f64` may cause a loss of precision (`u64` is 64 bits wide, but `f64`'s mantissa is only 52 bits wide)
   --> tests/integration/src/cdcbench.rs:964:24
    |
964 |         let pub_rate = published as f64 / elapsed;
    |                        ^^^^^^^^^^^^^^^^
    |
    = help: for further information visit https://rust-lang.github.io/rust-clippy/rust-1.98.0/index.html#cast_precision_loss

warning: `format!(..)` appended to existing `String`
   --> tests/integration/src/cdcbench.rs:969:9
    |
969 | /         csv.push_str(&format!(
970 | |             "{rate:.0},{},{},{written},{achieved:.0},{published},{pub_rate:.0},{lag_start},{lag_end},{lag_max}\n",
971 | |             args.lag_writers, args.lag_step_secs
972 | |         ));
    | |__________^
    |
    = note: you may need to import the `std::fmt::Write` trait
    = help: for further information visit https://rust-lang.github.io/rust-clippy/rust-1.98.0/index.html#format_push_string
help: consider using `write!` to avoid the extra allocation
    |
969 ~         let _ = write!(csv, "{rate:.0},{},{},{written},{achieved:.0},{published},{pub_rate:.0},{lag_start},{lag_end},{lag_max}\n",
970 ~             args.lag_writers, args.lag_step_secs);
    |

warning: casting `i64` to `f64` may cause a loss of precision (`i64` is 64 bits wide, but `f64`'s mantissa is only 52 bits wide)
    --> tests/integration/src/cdcbench.rs:1053:19
     |
1053 |         wal_mean: wal as f64 / n as f64,
     |                   ^^^^^^^^^^
     |
     = help: for further information visit https://rust-lang.github.io/rust-clippy/rust-1.98.0/index.html#cast_precision_loss

warning: casting `usize` to `f64` may cause a loss of precision (`usize` can be up to 64 bits wide depending on the target architecture, but `f64`'s mantissa is only 52 bits wide)
    --> tests/integration/src/cdcbench.rs:1053:32
     |
1053 |         wal_mean: wal as f64 / n as f64,
     |                                ^^^^^^^^
     |
     = help: for further information visit https://rust-lang.github.io/rust-clippy/rust-1.98.0/index.html#cast_precision_loss

warning: casting `i64` to `f64` may cause a loss of precision (`i64` is 64 bits wide, but `f64`'s mantissa is only 52 bits wide)
    --> tests/integration/src/cdcbench.rs:1054:18
     |
1054 |         wal_p50: wals.get(wals.len() / 2).copied().unwrap_or(0) as f64,
     |                  ^^^^^^^^^^^^^^^^^^^^^^^^^^^^^^^^^^^^^^^^^^^^^^^^^^^^^
     |
     = help: for further information visit https://rust-lang.github.io/rust-clippy/rust-1.98.0/index.html#cast_precision_loss

warning: `format!(..)` appended to existing `String`
    --> tests/integration/src/cdcbench.rs:1083:9
     |
1083 | /         csv.push_str(&format!(
1084 | |             "{shape},{op},{regime},{n},{:.3},{:.3},{:.0},{:.0}\n",
1085 | |             s.p50_ms, s.p99_ms, s.wal_p50, s.wal_mean
1086 | |         ));
     | |__________^
     |
     = note: you may need to import the `std::fmt::Write` trait
     = help: for further information visit https://rust-lang.github.io/rust-clippy/rust-1.98.0/index.html#format_push_string
help: consider using `write!` to avoid the extra allocation
     |
1083 ~         let _ = write!(csv, "{shape},{op},{regime},{n},{:.3},{:.3},{:.0},{:.0}\n",
1084 ~             s.p50_ms, s.p99_ms, s.wal_p50, s.wal_mean);
     |

warning: these match arms have identical bodies
    --> tests/integration/src/cdcbench.rs:1255:9
     |
1255 |         (Err(error), _) => return Err(error),
     |         ^^^^^^^^^^^^^^^^^^^^^^^^^^^^^^^^^^^^
1256 |         (Ok(_), Err(error)) => return Err(error),
     |         ^^^^^^^^^^^^^^^^^^^^^^^^^^^^^^^^^^^^^^^^
     |
     = help: if this is unintentional make the arms return different values
     = help: for further information visit https://rust-lang.github.io/rust-clippy/rust-1.98.0/index.html#match_same_arms
     = note: `-W clippy::match-same-arms` implied by `-W clippy::pedantic`
     = help: to override `-W clippy::pedantic` add `#[allow(clippy::match_same_arms)]`
help: otherwise merge the patterns into a single arm
     |
1255 ~         (Err(error), _) | (Ok(_), Err(error)) => return Err(error),
1256 ~         };
     |

warning: adding items after statements is confusing, since items exist from the start of the scope
    --> tests/integration/src/cdcbench.rs:1363:5
     |
1363 |     type Tail = Arc<Mutex<std::collections::BTreeMap<i64, (i64, u32)>>>;
     |     ^^^^^^^^^^^^^^^^^^^^^^^^^^^^^^^^^^^^^^^^^^^^^^^^^^^^^^^^^^^^^^^^^^^^
     |
     = help: for further information visit https://rust-lang.github.io/rust-clippy/rust-1.98.0/index.html#items_after_statements
     = note: `-W clippy::items-after-statements` implied by `-W clippy::pedantic`
     = help: to override `-W clippy::pedantic` add `#[allow(clippy::items_after_statements)]`

warning: this could be rewritten as `let...else`
    --> tests/integration/src/cdcbench.rs:1385:17
     |
1385 | /                 let mut batch = match consumer.fetch().max_messages(500).messages().await {
1386 | |                     Ok(b) => b,
1387 | |                     Err(_) => {
1388 | |                         tokio::time::sleep(Duration::from_millis(250)).await;
...    |
1391 | |                 };
     | |__________________^
     |
     = help: for further information visit https://rust-lang.github.io/rust-clippy/rust-1.98.0/index.html#manual_let_else
     = note: `-W clippy::manual-let-else` implied by `-W clippy::pedantic`
     = help: to override `-W clippy::pedantic` add `#[allow(clippy::manual_let_else)]`
help: consider writing
     |
1385 ~                 let Ok(mut batch) = consumer.fetch().max_messages(500).messages().await else {
1386 +                         tokio::time::sleep(Duration::from_millis(250)).await;
1387 +                         continue;
1388 +                     };
     |

warning: you seem to be trying to use `match` for destructuring a single pattern. Consider using `if let`
    --> tests/integration/src/cdcbench.rs:1385:33
     |
1385 |                   let mut batch = match consumer.fetch().max_messages(500).messages().await {
     |  _________________________________^
1386 | |                     Ok(b) => b,
1387 | |                     Err(_) => {
1388 | |                         tokio::time::sleep(Duration::from_millis(250)).await;
...    |
1391 | |                 };
     | |_________________^
     |
     = help: for further information visit https://rust-lang.github.io/rust-clippy/rust-1.98.0/index.html#single_match_else
help: try
     |
1385 ~                 let mut batch = if let Ok(b) = consumer.fetch().max_messages(500).messages().await { b } else {
1386 +                     tokio::time::sleep(Duration::from_millis(250)).await;
1387 +                     continue;
1388 ~                 };
     |

warning: called `map(<f>).unwrap_or_else(<g>)` on a `Result` value
    --> tests/integration/src/cdcbench.rs:1412:37
     |
1412 |                       let ingest_ms = msg
     |  _____________________________________^
1413 | |                         .info()
1414 | |                         .map(|i| (i.published.unix_timestamp_nanos() / 1_000_000) as i64)
1415 | |                         .unwrap_or_else(|_| unix_ms());
     | |______________________________________________________^
     |
     = help: for further information visit https://rust-lang.github.io/rust-clippy/rust-1.98.0/index.html#map_unwrap_or
help: try
     |
1412 ~                     let ingest_ms = msg
1413 ~                         .info().map_or_else(|_| unix_ms(), |i| (i.published.unix_timestamp_nanos() / 1_000_000) as i64);
     |

warning: casting `i128` to `i64` may truncate the value
    --> tests/integration/src/cdcbench.rs:1414:34
     |
1414 |                         .map(|i| (i.published.unix_timestamp_nanos() / 1_000_000) as i64)
     |                                  ^^^^^^^^^^^^^^^^^^^^^^^^^^^^^^^^^^^^^^^^^^^^^^^^^^^^^^^
     |
     = help: if this is intentional allow the lint with `#[allow(clippy::cast_possible_truncation)]` ...
     = help: for further information visit https://rust-lang.github.io/rust-clippy/rust-1.98.0/index.html#cast_possible_truncation
help: ... or use `try_from` and handle the error accordingly
     |
1414 -                         .map(|i| (i.published.unix_timestamp_nanos() / 1_000_000) as i64)
1414 +                         .map(|i| i64::try_from(i.published.unix_timestamp_nanos() / 1_000_000))
     |

warning: you seem to be trying to use `match` for destructuring a single pattern. Consider using `if let`
    --> tests/integration/src/cdcbench.rs:1444:13
     |
1444 | /             match connect(&swap_db(&args.admin_database_url, DB)).await {
1445 | |                 Ok(c) => {
1446 | |                     println!(
1447 | |                         "[writer {:>5.1}s] connected",
...    |
1456 | |             }
     | |_____________^
     |
     = help: for further information visit https://rust-lang.github.io/rust-clippy/rust-1.98.0/index.html#single_match_else
help: try
     |
1444 ~             if let Ok(c) = connect(&swap_db(&args.admin_database_url, DB)).await {
1445 +                 println!(
1446 +                     "[writer {:>5.1}s] connected",
1447 +                     started.elapsed().as_secs_f32()
1448 +                 );
1449 +                 writer = Some(c);
1450 +             } else {
1451 +                 tokio::time::sleep(Duration::from_millis(500)).await;
1452 +                 continue;
1453 +             }
     |

warning: casting `f64` to `usize` may truncate the value
    --> tests/integration/src/cdcbench.rs:1533:18
     |
1533 |             .get(((latencies.len() as f64 - 1.0) * p).round() as usize)
     |                  ^^^^^^^^^^^^^^^^^^^^^^^^^^^^^^^^^^^^^^^^^^^^^^^^^^^^^
     |
     = help: if this is intentional allow the lint with `#[allow(clippy::cast_possible_truncation)]` ...
     = help: for further information visit https://rust-lang.github.io/rust-clippy/rust-1.98.0/index.html#cast_possible_truncation

warning: casting `f64` to `usize` may lose the sign of the value
    --> tests/integration/src/cdcbench.rs:1533:18
     |
1533 |             .get(((latencies.len() as f64 - 1.0) * p).round() as usize)
     |                  ^^^^^^^^^^^^^^^^^^^^^^^^^^^^^^^^^^^^^^^^^^^^^^^^^^^^^
     |
     = help: for further information visit https://rust-lang.github.io/rust-clippy/rust-1.98.0/index.html#cast_sign_loss

warning: casting `usize` to `f64` may cause a loss of precision (`usize` can be up to 64 bits wide depending on the target architecture, but `f64`'s mantissa is only 52 bits wide)
    --> tests/integration/src/cdcbench.rs:1533:20
     |
1533 |             .get(((latencies.len() as f64 - 1.0) * p).round() as usize)
     |                    ^^^^^^^^^^^^^^^^^^^^^^
     |
     = help: for further information visit https://rust-lang.github.io/rust-clippy/rust-1.98.0/index.html#cast_precision_loss

warning: `format!(..)` appended to existing `String`
    --> tests/integration/src/cdcbench.rs:1580:5
     |
1580 | /     csv.push_str(&format!(
1581 | |         "{},{},{},{extras},{dupes},{write_blackout_ms},{publish_gap_ms},{catchup_secs:.1},{},{},{}\n",
1582 | |         committed.len(),
1583 | |         rec.len(),
...    |
1587 | |         latencies.last().copied().unwrap_or(0),
1588 | |     ));
     | |______^
     |
     = note: you may need to import the `std::fmt::Write` trait
     = help: for further information visit https://rust-lang.github.io/rust-clippy/rust-1.98.0/index.html#format_push_string
help: consider using `write!` to avoid the extra allocation
     |
1580 ~     let _ = write!(csv, "{},{},{},{extras},{dupes},{write_blackout_ms},{publish_gap_ms},{catchup_secs:.1},{},{},{}\n",
1581 +         committed.len(),
1582 +         rec.len(),
1583 +         missing.len(),
1584 +         lat(0.50),
1585 +         lat(0.95),
1586 ~         latencies.last().copied().unwrap_or(0));
     |

warning: `format!(..)` appended to existing `String`
    --> tests/integration/src/cdcbench.rs:1592:13
     |
1592 |             series.push_str(&format!("{s},{t},{i}\n"));
     |             ^^^^^^^^^^^^^^^^^^^^^^^^^^^^^^^^^^^^^^^^^^
     |
     = note: you may need to import the `std::fmt::Write` trait
     = help: for further information visit https://rust-lang.github.io/rust-clippy/rust-1.98.0/index.html#format_push_string
help: consider using `write!` to avoid the extra allocation
     |
1592 -             series.push_str(&format!("{s},{t},{i}\n"));
1592 +             let _ = write!(series, "{s},{t},{i}\n");
     |

warning: bit mask could be simplified with a call to `trailing_zeros`
   --> tests/integration/src/host_session_proof.rs:205:44
    |
205 |         metadata.is_file() && (!private || metadata.permissions().mode() & 0o077 == 0),
    |                                            ^^^^^^^^^^^^^^^^^^^^^^^^^^^^^^^^^^^^^^^^^^ help: try: `metadata.permissions().mode().trailing_zeros() >= 6`
    |
    = help: for further information visit https://rust-lang.github.io/rust-clippy/rust-1.98.0/index.html#verbose_bit_mask
    = note: `-W clippy::verbose-bit-mask` implied by `-W clippy::pedantic`
    = help: to override `-W clippy::pedantic` add `#[allow(clippy::verbose_bit_mask)]`

warning: casting `u64` to `i64` may wrap around the value
   --> tests/integration/src/host_session_proof.rs:414:30
    |
414 |                 .checked_add(KEY_MAX_AGE.as_secs() as i64)
    |                              ^^^^^^^^^^^^^^^^^^^^^^^^^^^^ help: if this is intentional, use `cast_signed()` instead: `KEY_MAX_AGE.as_secs().cast_signed()`
    |
    = help: for further information visit https://rust-lang.github.io/rust-clippy/rust-1.98.0/index.html#cast_possible_wrap
    = note: `-W clippy::cast-possible-wrap` implied by `-W clippy::pedantic`
    = help: to override `-W clippy::pedantic` add `#[allow(clippy::cast_possible_wrap)]`

warning: matching over `()` is more explicit
  --> tests/integration/src/identity_keys_proof.rs:79:19
   |
79 |         .map_err(|_| anyhow!("construct plaintext control"))?;
   |                   ^ help: use `()` instead of `_`: `()`
   |
   = help: for further information visit https://rust-lang.github.io/rust-clippy/rust-1.98.0/index.html#ignored_unit_patterns
   = note: `-W clippy::ignored-unit-patterns` implied by `-W clippy::pedantic`
   = help: to override `-W clippy::pedantic` add `#[allow(clippy::ignored_unit_patterns)]`

warning: matching over `()` is more explicit
  --> tests/integration/src/identity_keys_proof.rs:82:19
   |
82 |         .map_err(|_| anyhow!("preserve TLS listener port for plaintext control"))?;
   |                   ^ help: use `()` instead of `_`: `()`
   |
   = help: for further information visit https://rust-lang.github.io/rust-clippy/rust-1.98.0/index.html#ignored_unit_patterns

warning: constructing a `Duration` using a smaller unit when a larger unit would be more readable
   --> tests/integration/src/membershipproof.rs:105:17
    |
105 |                 Duration::from_secs(2 * 60 * 60),
    |                 ^^^^^^^^^^^^^^^^^^^^^^^^^^^^^^^^
    |
    = help: for further information visit https://rust-lang.github.io/rust-clippy/rust-1.98.0/index.html#duration_suboptimal_units
    = note: `-W clippy::duration-suboptimal-units` implied by `-W clippy::pedantic`
    = help: to override `-W clippy::pedantic` add `#[allow(clippy::duration_suboptimal_units)]`
help: try using from_hours
    |
105 -                 Duration::from_secs(2 * 60 * 60),
105 +                 Duration::from_hours(2),
    |

warning: casting `usize` to `i64` may wrap around the value on targets with 64-bit wide pointers
   --> tests/integration/src/provisionbench.rs:719:40
    |
719 |     if org_rows != 1 || policy_rows != stamped.len() as i64 || env_rows != envs.len() as i64 {
    |                                        ^^^^^^^^^^^^^^^^^^^^
    |
    = help: for further information visit https://rust-lang.github.io/rust-clippy/rust-1.98.0/index.html#cast_possible_wrap

warning: casting `usize` to `i64` may wrap around the value on targets with 64-bit wide pointers
   --> tests/integration/src/provisionbench.rs:719:76
    |
719 |     if org_rows != 1 || policy_rows != stamped.len() as i64 || env_rows != envs.len() as i64 {
    |                                                                            ^^^^^^^^^^^^^^^^^
    |
    = help: for further information visit https://rust-lang.github.io/rust-clippy/rust-1.98.0/index.html#cast_possible_wrap

warning: casting `usize` to `i32` may truncate the value on targets with 64-bit wide pointers
   --> tests/integration/src/provisionbench.rs:734:17
    |
734 |     let total = envs.len() as i32;
    |                 ^^^^^^^^^^^^^^^^^
    |
    = help: if this is intentional allow the lint with `#[allow(clippy::cast_possible_truncation)]` ...
    = help: for further information visit https://rust-lang.github.io/rust-clippy/rust-1.98.0/index.html#cast_possible_truncation
help: ... or use `try_from` and handle the error accordingly
    |
734 -     let total = envs.len() as i32;
734 +     let total = i32::try_from(envs.len());
    |

warning: casting `usize` to `i32` may wrap around the value on targets with 32-bit wide pointers
   --> tests/integration/src/provisionbench.rs:734:17
    |
734 |     let total = envs.len() as i32;
    |                 ^^^^^^^^^^^^^^^^^
    |
    = help: for further information visit https://rust-lang.github.io/rust-clippy/rust-1.98.0/index.html#cast_possible_wrap

warning: wildcard matches only a single variant and will also match any future added variants
   --> tests/integration/src/provisionbench.rs:898:13
    |
898 |             _ => None,
    |             ^ help: try: `tokio_postgres::config::Host::Unix(_)`
    |
    = help: for further information visit https://rust-lang.github.io/rust-clippy/rust-1.98.0/index.html#match_wildcard_for_single_variants
    = note: `-W clippy::match-wildcard-for-single-variants` implied by `-W clippy::pedantic`
    = help: to override `-W clippy::pedantic` add `#[allow(clippy::match_wildcard_for_single_variants)]`

warning: redundant closure
   --> tests/integration/src/readerbench.rs:178:22
    |
178 |                 .map(|v| v.to_string())
    |                      ^^^^^^^^^^^^^^^^^ help: replace the closure with the method itself: `std::string::ToString::to_string`
    |
    = help: for further information visit https://rust-lang.github.io/rust-clippy/rust-1.98.0/index.html#redundant_closure_for_method_calls

warning: casting `usize` to `u32` may truncate the value on targets with 64-bit wide pointers
   --> tests/integration/src/streambench.rs:151:19
    |
151 |         txid: 1 + i as u32,
    |                   ^^^^^^^^
    |
    = help: if this is intentional allow the lint with `#[allow(clippy::cast_possible_truncation)]` ...
    = help: for further information visit https://rust-lang.github.io/rust-clippy/rust-1.98.0/index.html#cast_possible_truncation
help: ... or use `try_from` and handle the error accordingly
    |
151 -         txid: 1 + i as u32,
151 +         txid: 1 + u32::try_from(i),
    |

warning: casting `u64` to `usize` may truncate the value on targets with 32-bit wide pointers
   --> tests/integration/src/streambench.rs:336:9
    |
336 |         stored as usize == n,
    |         ^^^^^^^^^^^^^^^
    |
    = help: if this is intentional allow the lint with `#[allow(clippy::cast_possible_truncation)]` ...
    = help: for further information visit https://rust-lang.github.io/rust-clippy/rust-1.98.0/index.html#cast_possible_truncation
help: ... or use `try_from` and handle the error accordingly
    |
336 -         stored as usize == n,
336 +         usize::try_from(stored) == n,
    |

warning: casting `u64` to `usize` may truncate the value on targets with 32-bit wide pointers
   --> tests/integration/src/streambench.rs:370:9
    |
370 |         stored_again as usize == n,
    |         ^^^^^^^^^^^^^^^^^^^^^
    |
    = help: if this is intentional allow the lint with `#[allow(clippy::cast_possible_truncation)]` ...
    = help: for further information visit https://rust-lang.github.io/rust-clippy/rust-1.98.0/index.html#cast_possible_truncation
help: ... or use `try_from` and handle the error accordingly
    |
370 -         stored_again as usize == n,
370 +         usize::try_from(stored_again) == n,
    |

warning: casting `u64` to `usize` may truncate the value on targets with 32-bit wide pointers
   --> tests/integration/src/streambench.rs:431:9
    |
431 |         delta as usize == n,
    |         ^^^^^^^^^^^^^^
    |
    = help: if this is intentional allow the lint with `#[allow(clippy::cast_possible_truncation)]` ...
    = help: for further information visit https://rust-lang.github.io/rust-clippy/rust-1.98.0/index.html#cast_possible_truncation
help: ... or use `try_from` and handle the error accordingly
    |
431 -         delta as usize == n,
431 +         usize::try_from(delta) == n,
    |

warning: called `map(<f>).unwrap_or(false)` on an `Option` value
   --> tests/integration/src/streambench.rs:540:25
    |
540 |               let id_ok = msg
    |  _________________________^
541 | |                 .headers
542 | |                 .as_ref()
543 | |                 .and_then(|h| h.get(NATS_MESSAGE_ID))
544 | |                 .map(|v| v.as_str().starts_with(&format!("{}:", args.project_env())))
545 | |                 .unwrap_or(false);
    | |_________________________________^
    |
    = help: for further information visit https://rust-lang.github.io/rust-clippy/rust-1.98.0/index.html#map_unwrap_or
help: use `is_some_and(<f>)` instead
    |
544 -                 .map(|v| v.as_str().starts_with(&format!("{}:", args.project_env())))
545 -                 .unwrap_or(false);
544 +                 .is_some_and(|v| v.as_str().starts_with(&format!("{}:", args.project_env())));
    |

warning: redundant closure
   --> tests/integration/src/streambench.rs:614:38
    |
614 |         resp.get("success").and_then(|v| v.as_bool()) == Some(true),
    |                                      ^^^^^^^^^^^^^^^ help: replace the closure with the method itself: `serde_json::Value::as_bool`
    |
    = help: for further information visit https://rust-lang.github.io/rust-clippy/rust-1.98.0/index.html#redundant_closure_for_method_calls

warning: casting `u64` to `usize` may truncate the value on targets with 32-bit wide pointers
   --> tests/integration/src/streambench.rs:675:9
    |
675 |         stored as usize == expect,
    |         ^^^^^^^^^^^^^^^
    |
    = help: if this is intentional allow the lint with `#[allow(clippy::cast_possible_truncation)]` ...
    = help: for further information visit https://rust-lang.github.io/rust-clippy/rust-1.98.0/index.html#cast_possible_truncation
help: ... or use `try_from` and handle the error accordingly
    |
675 -         stored as usize == expect,
675 +         usize::try_from(stored) == expect,
    |

warning: casting `i64` to `f64` may cause a loss of precision (`i64` is 64 bits wide, but `f64`'s mantissa is only 52 bits wide)
   --> tests/integration/src/walbench.rs:498:21
    |
498 |         wal_per_op: wal as f64 / n as f64,
    |                     ^^^^^^^^^^
    |
    = help: for further information visit https://rust-lang.github.io/rust-clippy/rust-1.98.0/index.html#cast_precision_loss

warning: casting `usize` to `f64` may cause a loss of precision (`usize` can be up to 64 bits wide depending on the target architecture, but `f64`'s mantissa is only 52 bits wide)
   --> tests/integration/src/walbench.rs:498:34
    |
498 |         wal_per_op: wal as f64 / n as f64,
    |                                  ^^^^^^^^
    |
    = help: for further information visit https://rust-lang.github.io/rust-clippy/rust-1.98.0/index.html#cast_precision_loss

warning: `format!(..)` appended to existing `String`
   --> tests/integration/src/walbench.rs:507:5
    |
507 | /     csv.push_str(&format!(
508 | |         "{shape},{op},{n},{:.3},{:.3},{:.0}\n",
509 | |         s.p50_ms, s.p99_ms, s.wal_per_op
510 | |     ));
    | |______^
    |
    = note: you may need to import the `std::fmt::Write` trait
    = help: for further information visit https://rust-lang.github.io/rust-clippy/rust-1.98.0/index.html#format_push_string
help: consider using `write!` to avoid the extra allocation
    |
507 ~     let _ = write!(csv, "{shape},{op},{n},{:.3},{:.3},{:.0}\n",
508 ~         s.p50_ms, s.p99_ms, s.wal_per_op);
    |

warning: casting `usize` to `i64` may wrap around the value on targets with 64-bit wide pointers
   --> tests/integration/src/walbench.rs:592:46
    |
592 |         count(&admin, "suppliers").await? == n as i64,
    |                                              ^^^^^^^^
    |
    = help: for further information visit https://rust-lang.github.io/rust-clippy/rust-1.98.0/index.html#cast_possible_wrap

warning: casting `usize` to `i64` may wrap around the value on targets with 64-bit wide pointers
   --> tests/integration/src/walbench.rs:657:42
    |
657 |         count(&admin, "users").await? == n as i64,
    |                                          ^^^^^^^^
    |
    = help: for further information visit https://rust-lang.github.io/rust-clippy/rust-1.98.0/index.html#cast_possible_wrap

warning: casting `u64` to `usize` may truncate the value on targets with 32-bit wide pointers
   --> tests/integration/src/walbench.rs:846:33
    |
846 |     let supplier = &r.suppliers[(seq as usize) % r.suppliers.len()];
    |                                 ^^^^^^^^^^^^^^
    |
    = help: if this is intentional allow the lint with `#[allow(clippy::cast_possible_truncation)]` ...
    = help: for further information visit https://rust-lang.github.io/rust-clippy/rust-1.98.0/index.html#cast_possible_truncation
help: ... or use `try_from` and handle the error accordingly
    |
846 -     let supplier = &r.suppliers[(seq as usize) % r.suppliers.len()];
846 +     let supplier = &r.suppliers[usize::try_from(seq) % r.suppliers.len()];
    |

warning: casting `u64` to `usize` may truncate the value on targets with 32-bit wide pointers
   --> tests/integration/src/walbench.rs:847:25
    |
847 |     let site = &r.sites[(seq as usize) % r.sites.len()];
    |                         ^^^^^^^^^^^^^^
    |
    = help: if this is intentional allow the lint with `#[allow(clippy::cast_possible_truncation)]` ...
    = help: for further information visit https://rust-lang.github.io/rust-clippy/rust-1.98.0/index.html#cast_possible_truncation
help: ... or use `try_from` and handle the error accordingly
    |
847 -     let site = &r.sites[(seq as usize) % r.sites.len()];
847 +     let site = &r.sites[usize::try_from(seq) % r.sites.len()];
    |

warning: casting `u64` to `usize` may truncate the value on targets with 32-bit wide pointers
   --> tests/integration/src/walbench.rs:855:38
    |
855 |         let material = &r.materials[(seq as usize + k) % r.materials.len()];
    |                                      ^^^^^^^^^^^^
    |
    = help: if this is intentional allow the lint with `#[allow(clippy::cast_possible_truncation)]` ...
    = help: for further information visit https://rust-lang.github.io/rust-clippy/rust-1.98.0/index.html#cast_possible_truncation
help: ... or use `try_from` and handle the error accordingly
    |
855 -         let material = &r.materials[(seq as usize + k) % r.materials.len()];
855 +         let material = &r.materials[(usize::try_from(seq) + k) % r.materials.len()];
    |

warning: casting `u64` to `usize` may truncate the value on targets with 32-bit wide pointers
   --> tests/integration/src/walbench.rs:866:34
    |
866 |         let inspector = &r.users[(seq as usize) % r.users.len()];
    |                                  ^^^^^^^^^^^^^^
    |
    = help: if this is intentional allow the lint with `#[allow(clippy::cast_possible_truncation)]` ...
    = help: for further information visit https://rust-lang.github.io/rust-clippy/rust-1.98.0/index.html#cast_possible_truncation
help: ... or use `try_from` and handle the error accordingly
    |
866 -         let inspector = &r.users[(seq as usize) % r.users.len()];
866 +         let inspector = &r.users[usize::try_from(seq) % r.users.len()];
    |

warning: casting `u64` to `f64` may cause a loss of precision (`u64` is 64 bits wide, but `f64`'s mantissa is only 52 bits wide)
   --> tests/integration/src/walbench.rs:918:47
    |
918 |         while start.elapsed().as_secs_f64() < args.mixed_secs as f64 {
    |                                               ^^^^^^^^^^^^^^^^^^^^^^
    |
    = help: for further information visit https://rust-lang.github.io/rust-clippy/rust-1.98.0/index.html#cast_precision_loss

warning: casting `f64` to `u64` may truncate the value
   --> tests/integration/src/walbench.rs:919:23
    |
919 |             let due = (start.elapsed().as_secs_f64() * rate) as u64 + 1;
    |                       ^^^^^^^^^^^^^^^^^^^^^^^^^^^^^^^^^^^^^^^^^^^^^
    |
    = help: if this is intentional allow the lint with `#[allow(clippy::cast_possible_truncation)]` ...
    = help: for further information visit https://rust-lang.github.io/rust-clippy/rust-1.98.0/index.html#cast_possible_truncation

warning: casting `f64` to `u64` may lose the sign of the value
   --> tests/integration/src/walbench.rs:919:23
    |
919 |             let due = (start.elapsed().as_secs_f64() * rate) as u64 + 1;
    |                       ^^^^^^^^^^^^^^^^^^^^^^^^^^^^^^^^^^^^^^^^^^^^^
    |
    = help: for further information visit https://rust-lang.github.io/rust-clippy/rust-1.98.0/index.html#cast_sign_loss

warning: casting `i64` to `f64` may cause a loss of precision (`i64` is 64 bits wide, but `f64`'s mantissa is only 52 bits wide)
   --> tests/integration/src/walbench.rs:930:20
    |
930 |         let mean = total as f64 / sent.max(1) as f64;
    |                    ^^^^^^^^^^^^
    |
    = help: for further information visit https://rust-lang.github.io/rust-clippy/rust-1.98.0/index.html#cast_precision_loss

warning: casting `u64` to `f64` may cause a loss of precision (`u64` is 64 bits wide, but `f64`'s mantissa is only 52 bits wide)
   --> tests/integration/src/walbench.rs:930:35
    |
930 |         let mean = total as f64 / sent.max(1) as f64;
    |                                   ^^^^^^^^^^^^^^^^^^
    |
    = help: for further information visit https://rust-lang.github.io/rust-clippy/rust-1.98.0/index.html#cast_precision_loss

warning: casting `i64` to `f64` may cause a loss of precision (`i64` is 64 bits wide, but `f64`'s mantissa is only 52 bits wide)
   --> tests/integration/src/walbench.rs:936:23
    |
936 |         let per_sec = total as f64 / elapsed;
    |                       ^^^^^^^^^^^^
    |
    = help: for further information visit https://rust-lang.github.io/rust-clippy/rust-1.98.0/index.html#cast_precision_loss

warning: casting `u64` to `f64` may cause a loss of precision (`u64` is 64 bits wide, but `f64`'s mantissa is only 52 bits wide)
   --> tests/integration/src/walbench.rs:937:26
    |
937 |         let ev_per_sec = sent as f64 / elapsed;
    |                          ^^^^^^^^^^^
    |
    = help: for further information visit https://rust-lang.github.io/rust-clippy/rust-1.98.0/index.html#cast_precision_loss

warning: `format!(..)` appended to existing `String`
   --> tests/integration/src/walbench.rs:942:9
    |
942 | /         csv.push_str(&format!(
943 | |             "{rate:.0},{sent},{elapsed:.1},{total},{mean:.0},{p50},{per_sec:.0},{ev_per_sec:.1}\n"
944 | |         ));
    | |__________^
    |
    = note: you may need to import the `std::fmt::Write` trait
    = help: for further information visit https://rust-lang.github.io/rust-clippy/rust-1.98.0/index.html#format_push_string
help: consider using `write!` to avoid the extra allocation
    |
942 -         csv.push_str(&format!(
943 -             "{rate:.0},{sent},{elapsed:.1},{total},{mean:.0},{p50},{per_sec:.0},{ev_per_sec:.1}\n"
944 -         ));
942 +         let _ = write!(csv, "{rate:.0},{sent},{elapsed:.1},{total},{mean:.0},{p50},{per_sec:.0},{ev_per_sec:.1}\n");
    |

warning: type does not implement `std::fmt::Debug`; consider adding `#[derive(Debug)]` or a manual implementation
   --> tests/integration/src/trusted_http_route.rs:105:1
    |
105 | / pub struct TrustedHttpRoute {
106 | |     pub driver: Arc<RouterDriver>,
107 | |     /// The same welded release the driver authorizes. Callers that exercise a
108 | |     /// release-owned ingress plugin must share this exact weld rather than mint
...   |
116 | |     pub wiring_hash: String,
117 | | }
    | |_^
    |
    = note: requested on the command line with `-W missing-debug-implementations`

warning: `wamn-proof-integration` (lib) generated 79 warnings (run `cargo clippy --fix --lib -p wamn-proof-integration -- ` to apply 16 suggestions)
warning: unnecessary hashes around raw string literal
  --> tests/integration/tests/receiving_history/database.rs:67:9
   |
67 | /         r#"WITH item AS (
68 | |             INSERT INTO receiving.item (id, item_number)
69 | |             VALUES ($4, $7 || '-item') RETURNING id
70 | |         ), location AS (
...  |
85 | |         SELECT $3::uuid, purchase.id, 2, item.id, $10::int4::numeric, 0
86 | |         FROM purchase CROSS JOIN item"#,
   | |_______________________________________^
   |
   = help: for further information visit https://rust-lang.github.io/rust-clippy/rust-1.98.0/index.html#needless_raw_string_hashes
   = note: `-W clippy::needless-raw-string-hashes` implied by `-W clippy::pedantic`
   = help: to override `-W clippy::pedantic` add `#[allow(clippy::needless_raw_string_hashes)]`
help: remove all the hashes around the string literal
   |
67 ~         r"WITH item AS (
68 |             INSERT INTO receiving.item (id, item_number)
...
85 |         SELECT $3::uuid, purchase.id, 2, item.id, $10::int4::numeric, 0
86 ~         FROM purchase CROSS JOIN item",
   |

warning: unnecessary hashes around raw string literal
   --> tests/integration/tests/receiving_history/database.rs:111:13
    |
111 | /             r#"WITH orders AS (
112 | |             SELECT * FROM receiving.purchase_order WHERE id = $1
113 | |         ), lines AS (
114 | |             SELECT * FROM receiving.purchase_order_line WHERE purchase_order_id = $1
...   |
137 | |                 'quantity', l.quantity::text) ORDER BY l.id)
138 | |                 FROM receipt_lines l), '[]'::jsonb))"#,
    | |______________________________________________________^
    |
    = help: for further information visit https://rust-lang.github.io/rust-clippy/rust-1.98.0/index.html#needless_raw_string_hashes
help: remove all the hashes around the string literal
    |
111 ~             r"WITH orders AS (
112 |             SELECT * FROM receiving.purchase_order WHERE id = $1
...
137 |                 'quantity', l.quantity::text) ORDER BY l.id)
138 ~                 FROM receipt_lines l), '[]'::jsonb))",
    |

warning: unnecessary hashes around raw string literal
   --> tests/integration/tests/receiving_history/database.rs:273:17
    |
273 | /                 r#"WITH RECURSIVE activity AS MATERIALIZED (
274 | |                     SELECT a.pid, a.usename, a.wait_event_type, a.wait_event,
275 | |                         pg_blocking_pids(a.pid) AS blockers,
276 | |                         a.state = 'active' AND a.wait_event_type = 'Lock'
...   |
290 | |                     COALESCE(a.receiving_command, false) AND b.pid IS NOT NULL AS matched
291 | |                 FROM activity a LEFT JOIN blocked b ON b.pid = a.pid ORDER BY a.pid"#,
    | |_____________________________________________________________________________________^
    |
    = help: for further information visit https://rust-lang.github.io/rust-clippy/rust-1.98.0/index.html#needless_raw_string_hashes
help: remove all the hashes around the string literal
    |
273 ~                 r"WITH RECURSIVE activity AS MATERIALIZED (
274 |                     SELECT a.pid, a.usename, a.wait_event_type, a.wait_event,
...
290 |                     COALESCE(a.receiving_command, false) AND b.pid IS NOT NULL AS matched
291 ~                 FROM activity a LEFT JOIN blocked b ON b.pid = a.pid ORDER BY a.pid",
    |

warning: this argument is passed by value, but not consumed in the function body
   --> tests/integration/tests/receiving_command_histories_live.rs:134:39
    |
134 | fn record(evidence: &mut File, value: Value) -> Result<()> {
    |                                       ^^^^^
    |
    = help: for further information visit https://rust-lang.github.io/rust-clippy/rust-1.98.0/index.html#needless_pass_by_value
    = note: `-W clippy::needless-pass-by-value` implied by `-W clippy::pedantic`
    = help: to override `-W clippy::pedantic` add `#[allow(clippy::needless_pass_by_value)]`
help: consider taking a reference instead
    |
134 | fn record(evidence: &mut File, value: &Value) -> Result<()> {
    |                                       +

warning: this creates an owned instance just for comparison
   --> tests/integration/tests/receiving_command_histories_live.rs:388:49
    |
388 |                         value["row_version"] == revision.to_string(),
    |                                                 ^^^^^^^^^^^^^^^^^^^^ help: try: `revision`
    |
    = help: for further information visit https://rust-lang.github.io/rust-clippy/rust-1.98.0/index.html#cmp_owned
    = note: `-W clippy::cmp-owned` implied by `-W clippy::perf`
    = help: to override `-W clippy::perf` add `#[allow(clippy::cmp_owned)]`

warning: boolean to int conversion using if
   --> tests/integration/tests/receiving_command_histories_live.rs:670:18
    |
670 |             key: if same_key { 0 } else { 1 },
    |                  ^^^^^^^^^^^^^^^^^^^^^^^^^^^^ help: replace with from: `u8::from(!same_key)`
    |
    = note: `!same_key as u8` or `(!same_key).into()` can also be valid options
    = help: for further information visit https://rust-lang.github.io/rust-clippy/rust-1.98.0/index.html#bool_to_int_with_if
    = note: `-W clippy::bool-to-int-with-if` implied by `-W clippy::pedantic`
    = help: to override `-W clippy::pedantic` add `#[allow(clippy::bool_to_int_with_if)]`

warning: matching over `()` is more explicit
   --> tests/integration/tests/receiving_command_histories_live.rs:805:23
    |
805 |             .map_err(|_| anyhow::anyhow!("response control disappeared"))?;
    |                       ^ help: use `()` instead of `_`: `()`
    |
    = help: for further information visit https://rust-lang.github.io/rust-clippy/rust-1.98.0/index.html#ignored_unit_patterns
    = note: `-W clippy::ignored-unit-patterns` implied by `-W clippy::pedantic`
    = help: to override `-W clippy::pedantic` add `#[allow(clippy::ignored_unit_patterns)]`

warning: matching over `()` is more explicit
   --> tests/integration/tests/receiving_command_histories_live.rs:820:19
    |
820 |         .map_err(|_| anyhow::anyhow!("response suppression task disappeared"))?;
    |                   ^ help: use `()` instead of `_`: `()`
    |
    = help: for further information visit https://rust-lang.github.io/rust-clippy/rust-1.98.0/index.html#ignored_unit_patterns

warning: `wamn-proof-integration` (test "receiving_command_histories_live") generated 8 warnings (run `cargo clippy --fix --test "receiving_command_histories_live" -p wamn-proof-integration -- ` to apply 7 suggestions)
warning: casting `usize` to `f64` may cause a loss of precision (`usize` can be up to 64 bits wide depending on the target architecture, but `f64`'s mantissa is only 52 bits wide)
  --> tests/integration/src/bin/instantiate-bench.rs:41:19
   |
41 |         let mib = bytes.len() as f64 / (1024.0 * 1024.0);
   |                   ^^^^^^^^^^^^^^^^^^
   |
   = help: for further information visit https://rust-lang.github.io/rust-clippy/rust-1.98.0/index.html#cast_precision_loss
   = note: `-W clippy::cast-precision-loss` implied by `-W clippy::pedantic`
   = help: to override `-W clippy::pedantic` add `#[allow(clippy::cast_precision_loss)]`

warning: casting `usize` to `f64` may cause a loss of precision (`usize` can be up to 64 bits wide depending on the target architecture, but `f64`'s mantissa is only 52 bits wide)
  --> tests/integration/src/bin/instantiate-bench.rs:89:50
   |
89 |         let mean = samples.iter().sum::<f64>() / samples.len() as f64;
   |                                                  ^^^^^^^^^^^^^^^^^^^^
   |
   = help: for further information visit https://rust-lang.github.io/rust-clippy/rust-1.98.0/index.html#cast_precision_loss

warning: `wamn-proof-integration` (bin "instantiate-bench" test) generated 2 warnings
warning: `wamn-proof-integration` (bin "instantiate-bench") generated 2 warnings (2 duplicates)
warning: this function has too many arguments (8/7)
   --> tests/integration/src/receiving_data_access.rs:931:5
    |
931 | /     async fn insert_receipt_fixtures(
932 | |         client: &Client,
933 | |         item_id: Uuid,
934 | |         purchase_order_id: Uuid,
...   |
939 | |         location_id: Uuid,
940 | |     ) -> Result<()> {
    | |___________________^
    |
    = help: for further information visit https://rust-lang.github.io/rust-clippy/rust-1.98.0/index.html#too_many_arguments
    = note: `-W clippy::too-many-arguments` implied by `-W clippy::complexity`
    = help: to override `-W clippy::complexity` add `#[allow(clippy::too_many_arguments)]`

warning: calling `BTreeSet::default()` is more clear than this expression
   --> tests/integration/src/route_authentication_live/fresh_only.rs:935:49
    |
935 |             effect_free_operation_dependencies: Default::default(),
    |                                                 ^^^^^^^^^^^^^^^^^^ help: try: `BTreeSet::default()`
    |
    = help: for further information visit https://rust-lang.github.io/rust-clippy/rust-1.98.0/index.html#default_trait_access
    = note: `-W clippy::default-trait-access` implied by `-W clippy::pedantic`
    = help: to override `-W clippy::pedantic` add `#[allow(clippy::default_trait_access)]`

warning: the borrowed expression implements the required traits
    --> tests/integration/src/route_authentication_live/fresh_only.rs:1288:53
     |
1288 |                 instance.get_typed_func(&mut store, &export)?;
     |                                                     ^^^^^^^ help: change this to: `export`
     |
     = help: for further information visit https://rust-lang.github.io/rust-clippy/rust-1.98.0/index.html#needless_borrows_for_generic_args
     = note: `-W clippy::needless-borrows-for-generic-args` implied by `-W clippy::style`
     = help: to override `-W clippy::style` add `#[allow(clippy::needless_borrows_for_generic_args)]`

warning: this argument is passed by value, but not consumed in the function body
   --> tests/integration/src/route_authentication_live/session_client.rs:222:13
    |
222 |     result: Result<Vec<ItemOutcome>, ClientError>,
    |             ^^^^^^^^^^^^^^^^^^^^^^^^^^^^^^^^^^^^^
    |
    = help: for further information visit https://rust-lang.github.io/rust-clippy/rust-1.98.0/index.html#needless_pass_by_value
help: consider taking a reference instead
    |
222 |     result: &Result<Vec<ItemOutcome>, ClientError>,
    |             +

warning: constructing a `Duration` using a smaller unit when a larger unit would be more readable
  --> tests/integration/src/route_authentication_live.rs:98:39
   |
98 | const DEV_COMMAND_TIMEOUT: Duration = Duration::from_secs(12 * 60);
   |                                       ^^^^^^^^^^^^^^^^^^^^^^^^^^^^
   |
   = help: for further information visit https://rust-lang.github.io/rust-clippy/rust-1.98.0/index.html#duration_suboptimal_units
help: try using from_mins
   |
98 - const DEV_COMMAND_TIMEOUT: Duration = Duration::from_secs(12 * 60);
98 + const DEV_COMMAND_TIMEOUT: Duration = Duration::from_mins(12);
   |

warning: this expression creates a reference which is immediately dereferenced by the compiler
   --> tests/integration/src/route_authentication_live.rs:921:53
    |
921 |     let route = provision_route(&admin_url, &admin, &root, None)
    |                                                     ^^^^^ help: change this to: `root`
    |
    = help: for further information visit https://rust-lang.github.io/rust-clippy/rust-1.98.0/index.html#needless_borrow
    = note: `-W clippy::needless-borrow` implied by `-W clippy::style`
    = help: to override `-W clippy::style` add `#[allow(clippy::needless_borrow)]`

warning: casting `u32` to `i32` may wrap around the value
    --> tests/integration/src/route_authentication_live.rs:2287:25
     |
2287 |             &[&TENANT, &(RELEASE_ID as i32)],
     |                         ^^^^^^^^^^^^^^^^^^^ help: if this is intentional, use `cast_signed()` instead: `RELEASE_ID.cast_signed()`
     |
     = help: for further information visit https://rust-lang.github.io/rust-clippy/rust-1.98.0/index.html#cast_possible_wrap

warning: casting `u32` to `i32` may wrap around the value
    --> tests/integration/src/route_authentication_live.rs:2305:25
     |
2305 |             &[&TENANT, &(RELEASE_ID as i32), &ORG, &PROJECT, &ENVIRONMENT],
     |                         ^^^^^^^^^^^^^^^^^^^ help: if this is intentional, use `cast_signed()` instead: `RELEASE_ID.cast_signed()`
     |
     = help: for further information visit https://rust-lang.github.io/rust-clippy/rust-1.98.0/index.html#cast_possible_wrap

warning: this argument is passed by value, but not consumed in the function body
    --> tests/integration/src/route_authentication_live.rs:2624:71
     |
2624 | fn gate_document(command_id: &str, package: JourneyPackage, document: Value) -> Value {
     |                                                                       ^^^^^
     |
     = help: for further information visit https://rust-lang.github.io/rust-clippy/rust-1.98.0/index.html#needless_pass_by_value
help: consider taking a reference instead
     |
2624 | fn gate_document(command_id: &str, package: JourneyPackage, document: &Value) -> Value {
     |                                                                       +

warning: casting `u32` to `i32` may wrap around the value
    --> tests/integration/src/route_authentication_live.rs:2814:25
     |
2814 |             &[&TENANT, &(release_id as i32), &ORG, &PROJECT, &ENVIRONMENT],
     |                         ^^^^^^^^^^^^^^^^^^^ help: if this is intentional, use `cast_signed()` instead: `release_id.cast_signed()`
     |
     = help: for further information visit https://rust-lang.github.io/rust-clippy/rust-1.98.0/index.html#cast_possible_wrap

warning: casting `u32` to `i32` may wrap around the value
    --> tests/integration/src/route_authentication_live.rs:2826:25
     |
2826 |             &[&TENANT, &(release_id as i32)],
     |                         ^^^^^^^^^^^^^^^^^^^ help: if this is intentional, use `cast_signed()` instead: `release_id.cast_signed()`
     |
     = help: for further information visit https://rust-lang.github.io/rust-clippy/rust-1.98.0/index.html#cast_possible_wrap

warning: casting `u32` to `i32` may wrap around the value
    --> tests/integration/src/route_authentication_live.rs:2849:25
     |
2849 |             &[&TENANT, &(release_id as i32), &ORG, &PROJECT, &ENVIRONMENT],
     |                         ^^^^^^^^^^^^^^^^^^^ help: if this is intentional, use `cast_signed()` instead: `release_id.cast_signed()`
     |
     = help: for further information visit https://rust-lang.github.io/rust-clippy/rust-1.98.0/index.html#cast_possible_wrap

warning: this function has too many arguments (9/7)
    --> tests/integration/src/route_authentication_live.rs:3107:1
     |
3107 | / async fn invoke_journey_route(
3108 | |     engine: &wash_runtime::engine::Engine,
3109 | |     flow_http: &Component,
3110 | |     routing: Arc<FlowHttpRouting>,
...    |
3116 | |     body: Bytes,
3117 | | ) -> anyhow::Result<hyper::Response<Bytes>> {
     | |___________________________________________^
     |
     = help: for further information visit https://rust-lang.github.io/rust-clippy/rust-1.98.0/index.html#too_many_arguments

warning: casting `u32` to `i32` may wrap around the value
    --> tests/integration/src/route_authentication_live.rs:4316:25
     |
4316 |             &[&TENANT, &(RELEASE_ID as i32)],
     |                         ^^^^^^^^^^^^^^^^^^^ help: if this is intentional, use `cast_signed()` instead: `RELEASE_ID.cast_signed()`
     |
     = help: for further information visit https://rust-lang.github.io/rust-clippy/rust-1.98.0/index.html#cast_possible_wrap

warning: casting `usize` to `f64` may cause a loss of precision (`usize` can be up to 64 bits wide depending on the target architecture, but `f64`'s mantissa is only 52 bits wide)
   --> tests/integration/src/walbench.rs:982:13
    |
982 |             *counts.iter().max().unwrap() as f64 / a.len() as f64
    |             ^^^^^^^^^^^^^^^^^^^^^^^^^^^^^^^^^^^^
    |
    = help: for further information visit https://rust-lang.github.io/rust-clippy/rust-1.98.0/index.html#cast_precision_loss

warning: casting `usize` to `f64` may cause a loss of precision (`usize` can be up to 64 bits wide depending on the target architecture, but `f64`'s mantissa is only 52 bits wide)
   --> tests/integration/src/walbench.rs:982:52
    |
982 |             *counts.iter().max().unwrap() as f64 / a.len() as f64
    |                                                    ^^^^^^^^^^^^^^
    |
    = help: for further information visit https://rust-lang.github.io/rust-clippy/rust-1.98.0/index.html#cast_precision_loss

warning: strict comparison of `f32` or `f64`
   --> tests/integration/src/wms_runtime_live.rs:336:9
    |
336 |         quantity(&adjusted["adjusted_quantity"])? == 7.0
    |         ^^^^^^^^^^^^^^^^^^^^^^^^^^^^^^^^^^^^^^^^^^^^^^^^ help: consider comparing them within some margin of error: `(quantity(&adjusted["adjusted_quantity"])? - 7.0).abs() < error_margin`
    |
    = help: for further information visit https://rust-lang.github.io/rust-clippy/rust-1.98.0/index.html#float_cmp
    = note: `-W clippy::float-cmp` implied by `-W clippy::pedantic`
    = help: to override `-W clippy::pedantic` add `#[allow(clippy::float_cmp)]`

warning: strict comparison of `f32` or `f64`
   --> tests/integration/src/wms_runtime_live.rs:384:48
    |
384 |         detail["field"] == "value.quantity" && quantity(&detail["observed"])? == 4.0,
    |                                                ^^^^^^^^^^^^^^^^^^^^^^^^^^^^^^^^^^^^^ help: consider comparing them within some margin of error: `(quantity(&detail["observed"])? - 4.0).abs() < error_margin`
    |
    = help: for further information visit https://rust-lang.github.io/rust-clippy/rust-1.98.0/index.html#float_cmp

warning: strict comparison of `f32` or `f64`
   --> tests/integration/src/wms_runtime_live.rs:450:28
    |
450 |         rows.len() == 1 && quantity(&rows[0]["quantity"])? == 7.0 && rows[0]["pallet_count"] == 1,
    |                            ^^^^^^^^^^^^^^^^^^^^^^^^^^^^^^^^^^^^^^ help: consider comparing them within some margin of error: `(quantity(&rows[0]["quantity"])? - 7.0).abs() < error_margin`
    |
    = help: for further information visit https://rust-lang.github.io/rust-clippy/rust-1.98.0/index.html#float_cmp

warning: `wamn-proof-integration` (lib test) generated 104 warnings (77 duplicates) (run `cargo clippy --fix --lib -p wamn-proof-integration --tests -- ` to apply 3 suggestions)
    Finished `dev` profile [unoptimized + debuginfo] target(s) in 46.19s
