build-components: m1 selects 9 component packages across 9 Cargo invocations
    Finished `release` profile [optimized] target(s) in 0.17s
    Finished `release` profile [optimized] target(s) in 0.12s
    Finished `release` profile [optimized] target(s) in 0.13s
    Finished `release` profile [optimized] target(s) in 0.16s
    Finished `release` profile [optimized] target(s) in 0.16s
warning: field `adjusted_quantity` is never read
  --> /wamn/components/data/wms-data/../../../packages/wms/generated/wamn/inventory_adjust.rs:10:9
   |
 9 | pub(crate) struct FinalizeCommandRow {
   |                   ------------------ field in this struct
10 |     pub adjusted_quantity: Option<wamn_postgres_statements::Numeric>,
   |         ^^^^^^^^^^^^^^^^^
   |
   = note: `FinalizeCommandRow` has a derived impl for the trait `Debug`, but this is intentionally ignored during dead code analysis
   = note: `#[warn(dead_code)]` (part of `#[warn(unused)]`) on by default

warning: field `id` is never read
  --> /wamn/components/data/wms-data/../../../packages/wms/generated/wamn/inventory_adjust.rs:25:9
   |
24 | pub(crate) struct InsertMovementRow {
   |                   ----------------- field in this struct
25 |     pub id: wamn_postgres_statements::Uuid,
   |         ^^
   |
   = note: `InsertMovementRow` has a derived impl for the trait `Debug`, but this is intentionally ignored during dead code analysis

warning: field `location_id` is never read
  --> /wamn/components/data/wms-data/../../../packages/wms/generated/wamn/inventory_adjust.rs:30:9
   |
29 | pub(crate) struct LockPalletRow {
   |                   ------------- field in this struct
30 |     pub location_id: wamn_postgres_statements::Uuid,
   |         ^^^^^^^^^^^
   |
   = note: `LockPalletRow` has a derived impl for the trait `Debug`, but this is intentionally ignored during dead code analysis

warning: field `id` is never read
  --> /wamn/components/data/wms-data/../../../packages/wms/generated/wamn/inventory_adjust.rs:37:9
   |
36 | pub(crate) struct SetQuantityRow {
   |                   -------------- field in this struct
37 |     pub id: wamn_postgres_statements::Uuid,
   |         ^^
   |
   = note: `SetQuantityRow` has a derived impl for the trait `Debug`, but this is intentionally ignored during dead code analysis

warning: fields `id` and `quantity` are never read
 --> /wamn/components/data/wms-data/../../../packages/wms/generated/wamn/inventory_merge.rs:5:9
  |
4 | pub(crate) struct AddToTargetRow {
  |                   -------------- fields in this struct
5 |     pub id: wamn_postgres_statements::Uuid,
  |         ^^
6 |     pub quantity: wamn_postgres_statements::Numeric,
  |         ^^^^^^^^
  |
  = note: `AddToTargetRow` has a derived impl for the trait `Debug`, but this is intentionally ignored during dead code analysis

warning: field `row_version` is never read
  --> /wamn/components/data/wms-data/../../../packages/wms/generated/wamn/inventory_merge.rs:16:9
   |
15 | pub(crate) struct ConsumeSourceRow {
   |                   ---------------- field in this struct
16 |     pub row_version: i64,
   |         ^^^^^^^^^^^
   |
   = note: `ConsumeSourceRow` has a derived impl for the trait `Debug`, but this is intentionally ignored during dead code analysis

warning: field `id` is never read
  --> /wamn/components/data/wms-data/../../../packages/wms/generated/wamn/inventory_merge.rs:35:9
   |
34 | pub(crate) struct InsertMovementRow {
   |                   ----------------- field in this struct
35 |     pub id: wamn_postgres_statements::Uuid,
   |         ^^
   |
   = note: `InsertMovementRow` has a derived impl for the trait `Debug`, but this is intentionally ignored during dead code analysis

warning: field `location_id` is never read
  --> /wamn/components/data/wms-data/../../../packages/wms/generated/wamn/inventory_merge.rs:41:9
   |
39 | pub(crate) struct LockBothPalletsRow {
   |                   ------------------ field in this struct
40 |     pub id: wamn_postgres_statements::Uuid,
41 |     pub location_id: wamn_postgres_statements::Uuid,
   |         ^^^^^^^^^^^
   |
   = note: `LockBothPalletsRow` has a derived impl for the trait `Debug`, but this is intentionally ignored during dead code analysis

warning: fields `id` and `quantity` are never read
  --> /wamn/components/data/wms-data/../../../packages/wms/generated/wamn/inventory_merge.rs:48:9
   |
47 | pub(crate) struct PlaceOnTargetRow {
   |                   ---------------- fields in this struct
48 |     pub id: wamn_postgres_statements::Uuid,
   |         ^^
49 |     pub quantity: wamn_postgres_statements::Numeric,
   |         ^^^^^^^^
   |
   = note: `PlaceOnTargetRow` has a derived impl for the trait `Debug`, but this is intentionally ignored during dead code analysis

warning: field `pallet_status` is never read
  --> /wamn/components/data/wms-data/../../../packages/wms/generated/wamn/inventory_move.rs:10:9
   |
 9 | pub(crate) struct FinalizeCommandRow {
   |                   ------------------ field in this struct
10 |     pub pallet_status: Option<String>,
   |         ^^^^^^^^^^^^^
   |
   = note: `FinalizeCommandRow` has a derived impl for the trait `Debug`, but this is intentionally ignored during dead code analysis

warning: field `id` is never read
  --> /wamn/components/data/wms-data/../../../packages/wms/generated/wamn/inventory_move.rs:25:9
   |
24 | pub(crate) struct InsertMovementRow {
   |                   ----------------- field in this struct
25 |     pub id: wamn_postgres_statements::Uuid,
   |         ^^
   |
   = note: `InsertMovementRow` has a derived impl for the trait `Debug`, but this is intentionally ignored during dead code analysis

warning: field `status` is never read
  --> /wamn/components/data/wms-data/../../../packages/wms/generated/wamn/inventory_move.rs:32:9
   |
29 | pub(crate) struct LockPalletRow {
   |                   ------------- field in this struct
...
32 |     pub status: String,
   |         ^^^^^^
   |
   = note: `LockPalletRow` has a derived impl for the trait `Debug`, but this is intentionally ignored during dead code analysis

warning: field `status` is never read
  --> /wamn/components/data/wms-data/../../../packages/wms/generated/wamn/inventory_move.rs:46:9
   |
43 | pub(crate) struct SelectPalletQuantityRow {
   |                   ----------------------- field in this struct
...
46 |     pub status: String,
   |         ^^^^^^
   |
   = note: `SelectPalletQuantityRow` has a derived impl for the trait `Debug`, but this is intentionally ignored during dead code analysis

warning: field `id` is never read
  --> /wamn/components/data/wms-data/../../../packages/wms/generated/wamn/inventory_move.rs:51:9
   |
50 | pub(crate) struct ValidateLocationRow {
   |                   ------------------- field in this struct
51 |     pub id: wamn_postgres_statements::Uuid,
   |         ^^
   |
   = note: `ValidateLocationRow` has a derived impl for the trait `Debug`, but this is intentionally ignored during dead code analysis

warning: fields `id`, `row_version`, and `status` are never read
  --> /wamn/components/data/wms-data/../../../packages/wms/generated/wamn/inventory_split.rs:11:9
   |
10 | pub(crate) struct CreatePalletRow {
   |                   --------------- fields in this struct
11 |     pub id: wamn_postgres_statements::Uuid,
   |         ^^
12 |     pub row_version: i64,
   |         ^^^^^^^^^^^
13 |     pub status: String,
   |         ^^^^^^
   |
   = note: `CreatePalletRow` has a derived impl for the trait `Debug`, but this is intentionally ignored during dead code analysis

warning: field `id` is never read
  --> /wamn/components/data/wms-data/../../../packages/wms/generated/wamn/inventory_split.rs:32:9
   |
31 | pub(crate) struct InsertMovementRow {
   |                   ----------------- field in this struct
32 |     pub id: wamn_postgres_statements::Uuid,
   |         ^^
   |
   = note: `InsertMovementRow` has a derived impl for the trait `Debug`, but this is intentionally ignored during dead code analysis

warning: field `location_id` is never read
  --> /wamn/components/data/wms-data/../../../packages/wms/generated/wamn/inventory_split.rs:37:9
   |
36 | pub(crate) struct LockPalletRow {
   |                   ------------- field in this struct
37 |     pub location_id: wamn_postgres_statements::Uuid,
   |         ^^^^^^^^^^^
   |
   = note: `LockPalletRow` has a derived impl for the trait `Debug`, but this is intentionally ignored during dead code analysis

warning: fields `id` and `quantity` are never read
  --> /wamn/components/data/wms-data/../../../packages/wms/generated/wamn/inventory_split.rs:44:9
   |
43 | pub(crate) struct PlaceQuantityRow {
   |                   ---------------- fields in this struct
44 |     pub id: wamn_postgres_statements::Uuid,
   |         ^^
45 |     pub quantity: wamn_postgres_statements::Numeric,
   |         ^^^^^^^^
   |
   = note: `PlaceQuantityRow` has a derived impl for the trait `Debug`, but this is intentionally ignored during dead code analysis

warning: fields `id` and `quantity` are never read
  --> /wamn/components/data/wms-data/../../../packages/wms/generated/wamn/inventory_split.rs:55:9
   |
54 | pub(crate) struct TakeFromSourceRow {
   |                   ----------------- fields in this struct
55 |     pub id: wamn_postgres_statements::Uuid,
   |         ^^
56 |     pub quantity: wamn_postgres_statements::Numeric,
   |         ^^^^^^^^
   |
   = note: `TakeFromSourceRow` has a derived impl for the trait `Debug`, but this is intentionally ignored during dead code analysis

warning: field `id` is never read
  --> /wamn/components/data/wms-data/../../../packages/wms/generated/wamn/inventory_split.rs:67:9
   |
66 | pub(crate) struct ValidateLocationRow {
   |                   ------------------- field in this struct
67 |     pub id: wamn_postgres_statements::Uuid,
   |         ^^
   |
   = note: `ValidateLocationRow` has a derived impl for the trait `Debug`, but this is intentionally ignored during dead code analysis

warning: constant `REFUSALS` is never used
  --> data/wms-data/src/inventory_adjust.rs:28:18
   |
28 | pub(crate) const REFUSALS: &[AccessErrorKind] = &[
   |                  ^^^^^^^^

warning: constant `REFUSALS` is never used
  --> data/wms-data/src/inventory_aggregate.rs:14:18
   |
14 | pub(crate) const REFUSALS: &[AccessErrorKind] = &[
   |                  ^^^^^^^^

warning: constant `REFUSALS` is never used
  --> data/wms-data/src/inventory_merge.rs:30:18
   |
30 | pub(crate) const REFUSALS: &[AccessErrorKind] = &[
   |                  ^^^^^^^^

warning: constant `REFUSALS` is never used
  --> data/wms-data/src/inventory_move.rs:33:18
   |
33 | pub(crate) const REFUSALS: &[AccessErrorKind] = &[
   |                  ^^^^^^^^

warning: constant `REFUSALS` is never used
  --> data/wms-data/src/inventory_split.rs:29:18
   |
29 | pub(crate) const REFUSALS: &[AccessErrorKind] = &[
   |                  ^^^^^^^^

warning: constant `GET_REFUSALS` is never used
  --> data/wms-data/src/pallet.rs:16:18
   |
16 | pub(crate) const GET_REFUSALS: &[AccessErrorKind] = &[
   |                  ^^^^^^^^^^^^

warning: constant `QUERY_REFUSALS` is never used
  --> data/wms-data/src/pallet.rs:25:18
   |
25 | pub(crate) const QUERY_REFUSALS: &[AccessErrorKind] = &[
   |                  ^^^^^^^^^^^^^^

warning: `wamn-wms-data-access` (lib) generated 27 warnings
    Finished `release` profile [optimized] target(s) in 0.12s
warning: suspicious definition of the runtime `memcmp` symbol used by the standard library
  --> http-request/src/../../guest_runtime.rs:60:1
   |
60 | unsafe extern "C" fn memcmp(left: *const u8, right: *const u8, length: usize) -> i32 {
   | ^^^^^^^^^^^^^^^^^^^^^^^^^^^^^^^^^^^^^^^^^^^^^^^^^^^^^^^^^^^^^^^^^^^^^^^^^^^^^^^^^^^^
   |
   = note: expected `unsafe extern "C" fn(*const c_void, *const c_void, usize) -> i32`
           found    `unsafe extern "C" fn(*const u8, *const u8, usize) -> i32`
   = help: either fix the signature or remove any attributes like `#[unsafe(no_mangle)]`, `#[unsafe(export_name = "memcmp")]`, or `#[link_name = "memcmp"]`
   = help: allow this lint if the signature is compatible
   = note: `#[warn(suspicious_runtime_symbol_definitions)]` on by default

warning: `http-request` (lib) generated 1 warning
    Finished `release` profile [optimized] target(s) in 0.11s
warning: unused variable: `record`
  --> label-render/src/lib.rs:86:22
   |
86 |             let Some(record) = fields.as_object_mut() else {
   |                      ^^^^^^ help: if this is intentional, prefix it with an underscore: `_record`
   |
   = note: `#[warn(unused_variables)]` (part of `#[warn(unused)]`) on by default

warning: suspicious definition of the runtime `memcmp` symbol used by the standard library
  --> label-render/src/../../guest_runtime.rs:60:1
   |
60 | unsafe extern "C" fn memcmp(left: *const u8, right: *const u8, length: usize) -> i32 {
   | ^^^^^^^^^^^^^^^^^^^^^^^^^^^^^^^^^^^^^^^^^^^^^^^^^^^^^^^^^^^^^^^^^^^^^^^^^^^^^^^^^^^^
   |
   = note: expected `unsafe extern "C" fn(*const c_void, *const c_void, usize) -> i32`
           found    `unsafe extern "C" fn(*const u8, *const u8, usize) -> i32`
   = help: either fix the signature or remove any attributes like `#[unsafe(no_mangle)]`, `#[unsafe(export_name = "memcmp")]`, or `#[link_name = "memcmp"]`
   = help: allow this lint if the signature is compatible
   = note: `#[warn(suspicious_runtime_symbol_definitions)]` on by default

warning: `label-render` (lib) generated 2 warnings (run `cargo fix --lib -p label-render` to apply 1 suggestion)
    Finished `release` profile [optimized] target(s) in 0.07s
warning: suspicious definition of the runtime `memcmp` symbol used by the standard library
  --> transform/src/../../guest_runtime.rs:60:1
   |
60 | unsafe extern "C" fn memcmp(left: *const u8, right: *const u8, length: usize) -> i32 {
   | ^^^^^^^^^^^^^^^^^^^^^^^^^^^^^^^^^^^^^^^^^^^^^^^^^^^^^^^^^^^^^^^^^^^^^^^^^^^^^^^^^^^^
   |
   = note: expected `unsafe extern "C" fn(*const c_void, *const c_void, usize) -> i32`
           found    `unsafe extern "C" fn(*const u8, *const u8, usize) -> i32`
   = help: either fix the signature or remove any attributes like `#[unsafe(no_mangle)]`, `#[unsafe(export_name = "memcmp")]`, or `#[link_name = "memcmp"]`
   = help: allow this lint if the signature is compatible
   = note: `#[warn(suspicious_runtime_symbol_definitions)]` on by default

warning: `transform` (lib) generated 1 warning
    Finished `release` profile [optimized] target(s) in 0.08s
build-components: m1 normalizes 4 declared artifacts with profile std-empty-environment
    Finished `dev` profile [unoptimized + debuginfo] target(s) in 0.39s
     Running `target/debug/wamn-component-virtualizer --input /home/kaalin/.cache/wamn-lanes/receiving-postcommit-20260910/target/wasm32-wasip2/release/blob_put.wasm --output /home/kaalin/.cache/wamn-lanes/receiving-postcommit-20260910/target/virtualized/std-empty-environment/blob_put.wasm.partial.2450600`
wasi-virt-source-rev=448f6df8f688cee5d6995e96b1ffc31f9bf00742 wasi-virt-adapter-sha256=sha256:28eff8a2255812b440fbad2784a5a87660321e667331c17fb9a95f29caa85632
build-components: normalized blob-put -> /home/kaalin/.cache/wamn-lanes/receiving-postcommit-20260910/target/virtualized/std-empty-environment/blob_put.wasm
    Finished `dev` profile [unoptimized + debuginfo] target(s) in 0.28s
     Running `target/debug/wamn-component-virtualizer --input /home/kaalin/.cache/wamn-lanes/receiving-postcommit-20260910/target/wasm32-wasip2/release/client_acme_receiving.wasm --output /home/kaalin/.cache/wamn-lanes/receiving-postcommit-20260910/target/virtualized/std-empty-environment/client_acme_receiving.wasm.partial.2450600`
wasi-virt-source-rev=448f6df8f688cee5d6995e96b1ffc31f9bf00742 wasi-virt-adapter-sha256=sha256:28eff8a2255812b440fbad2784a5a87660321e667331c17fb9a95f29caa85632
build-components: normalized client-acme-receiving -> /home/kaalin/.cache/wamn-lanes/receiving-postcommit-20260910/target/virtualized/std-empty-environment/client_acme_receiving.wasm
    Finished `dev` profile [unoptimized + debuginfo] target(s) in 0.30s
     Running `target/debug/wamn-component-virtualizer --input /home/kaalin/.cache/wamn-lanes/receiving-postcommit-20260910/target/wasm32-wasip2/release/receiving.wasm --output /home/kaalin/.cache/wamn-lanes/receiving-postcommit-20260910/target/virtualized/std-empty-environment/receiving.wasm.partial.2450600`
wasi-virt-source-rev=448f6df8f688cee5d6995e96b1ffc31f9bf00742 wasi-virt-adapter-sha256=sha256:28eff8a2255812b440fbad2784a5a87660321e667331c17fb9a95f29caa85632
build-components: normalized receiving -> /home/kaalin/.cache/wamn-lanes/receiving-postcommit-20260910/target/virtualized/std-empty-environment/receiving.wasm
    Finished `dev` profile [unoptimized + debuginfo] target(s) in 0.31s
     Running `target/debug/wamn-component-virtualizer --input /home/kaalin/.cache/wamn-lanes/receiving-postcommit-20260910/target/wasm32-wasip2/release/wms.wasm --output /home/kaalin/.cache/wamn-lanes/receiving-postcommit-20260910/target/virtualized/std-empty-environment/wms.wasm.partial.2450600`
wasi-virt-source-rev=448f6df8f688cee5d6995e96b1ffc31f9bf00742 wasi-virt-adapter-sha256=sha256:28eff8a2255812b440fbad2784a5a87660321e667331c17fb9a95f29caa85632
build-components: normalized wms -> /home/kaalin/.cache/wamn-lanes/receiving-postcommit-20260910/target/virtualized/std-empty-environment/wms.wasm
warning: function `canonical_serialized` is never used
   --> crates/catalog/model/src/lib.rs:792:4
    |
792 | fn canonical_serialized(value: &impl Serialize) -> Vec<u8> {
    |    ^^^^^^^^^^^^^^^^^^^^
    |
    = note: `#[warn(dead_code)]` (part of `#[warn(unused)]`) on by default

warning: `wamn-catalog` (lib) generated 1 warning
warning: the item `Future` is imported redundantly
 --> crates/platform/runtime/src/connection_authority.rs:3:5
  |
3 | use std::future::Future;
  |     ^^^^^^^^^^^^^^^^^^^
  |
 --> /rustc/88d9e12ae178fab0fb5cc050a94da85685d449ea/library/std/src/prelude/mod.rs:166:12
  |
  = note: the item `Future` is already defined here
  |
  = note: requested on the command line with `-W redundant-imports`

warning: the item `Future` is imported redundantly
 --> crates/platform/runtime/src/plugins/wamn_postgres/pool.rs:7:5
  |
7 | use std::future::Future;
  |     ^^^^^^^^^^^^^^^^^^^
  |
 --> /rustc/88d9e12ae178fab0fb5cc050a94da85685d449ea/library/std/src/prelude/mod.rs:166:12
  |
  = note: the item `Future` is already defined here

warning: constant `HTTP_CONTRACT` is never used
  --> crates/platform/runtime/src/plugins/connection_http.rs:52:7
   |
52 | const HTTP_CONTRACT: &str = "wamn:connection/http@0.1.0";
   |       ^^^^^^^^^^^^^
   |
   = note: `#[warn(dead_code)]` (part of `#[warn(unused)]`) on by default

warning: type does not implement `std::fmt::Debug`; consider adding `#[derive(Debug)]` or a manual implementation
   --> crates/platform/runtime/src/plugins/connection_http.rs:114:1
    |
114 | / pub struct ConnectionHttp {
115 | |     postgres: Arc<WamnPostgres>,
116 | |     vault: Arc<WamnCredentials>,
117 | |     tenant: Box<str>,
...   |
133 | |     invocations: std::sync::RwLock<HashMap<String, ConnectionInvocation>>,
134 | | }
    | |_^
    |
    = note: requested on the command line with `-W missing-debug-implementations`

warning: type does not implement `std::fmt::Debug`; consider adding `#[derive(Debug)]` or a manual implementation
  --> crates/platform/runtime/src/plugins/wamn_credentials.rs:27:1
   |
27 | / pub struct WamnCredentials {
28 | |     /// Whether ANY backing source was configured. Distinguishes `unavailable`
29 | |     /// (no source — retryable) from `not-found` (source present, name absent —
30 | |     /// config-shaped).
...  |
33 | |     projects: HashMap<String, HashMap<String, String>>,
34 | | }
   | |_^

warning: type does not implement `std::fmt::Debug`; consider adding `#[derive(Debug)]` or a manual implementation
   --> crates/platform/runtime/src/plugins/wamn_jetstream.rs:544:1
    |
544 | / pub struct WamnJetstream {
545 | |     nats_url: Option<String>,
546 | |     /// Lazily-connected, memoized JetStream context. A `Mutex<Option<_>>` (not a
547 | |     /// `OnceCell`) so a transient connect failure is retried on the next call
...   |
569 | |     dlq_depth: Arc<DeadLetterDepth>,
570 | | }
    | |_^

warning: type does not implement `std::fmt::Debug`; consider adding `#[derive(Debug)]` or a manual implementation
    --> crates/platform/runtime/src/plugins/wamn_jetstream.rs:1209:1
     |
1209 | / pub struct JsConsumer {
1210 | |     consumer: Consumer<PullConfig>,
1211 | |     dead_letter: Option<DeadLetterIdentity>,
1212 | | }
     | |_^

warning: type does not implement `std::fmt::Debug`; consider adding `#[derive(Debug)]` or a manual implementation
    --> crates/platform/runtime/src/plugins/wamn_jetstream.rs:1216:1
     |
1216 | / pub struct JsMessage {
1217 | |     msg: async_nats::jetstream::Message,
1218 | |     dead_letter: Option<DeadLetterIdentity>,
1219 | | }
     | |_^

warning: type does not implement `std::fmt::Debug`; consider adding `#[derive(Debug)]` or a manual implementation
   --> crates/platform/runtime/src/plugins/wamn_logging.rs:213:1
    |
213 | / pub struct Capture {
214 | |     records: std::sync::Mutex<Vec<CapturedRec>>,
215 | | }
    | |_^

warning: type does not implement `std::fmt::Debug`; consider adding `#[derive(Debug)]` or a manual implementation
   --> crates/platform/runtime/src/plugins/wamn_logging.rs:235:1
    |
235 | / pub struct WamnLogging {
236 | |     /// component id → host-trusted {tenant, project}.
237 | |     claims: std::sync::RwLock<HashMap<String, Claim>>,
238 | |     /// Bounded front queue; `try_send` keeps `log()` non-blocking.
...   |
243 | |     _drain: tokio::task::JoinHandle<()>,
244 | | }
    | |_^

warning: type does not implement `std::fmt::Debug`; consider adding `#[derive(Debug)]` or a manual implementation
   --> crates/platform/runtime/src/plugins/wamn_postgres/claims.rs:55:1
    |
 55 | / pub struct WamnPostgres {
 56 | |     /// Resolves a project id → its database connection + policy.
 57 | |     provider: Arc<dyn CredentialProvider>,
 58 | |     /// Guest-visible project pools, built lazily and never shared with host-owned
...   |
121 | |     pub(super) bind_counters: super::BindCounters,
122 | | }
    | |_^

warning: type does not implement `std::fmt::Debug`; consider adding `#[derive(Debug)]` or a manual implementation
   --> crates/platform/runtime/src/plugins/wamn_postgres/pool.rs:339:1
    |
339 | / pub struct StaticCredentialProvider {
340 | |     projects: HashMap<String, ProjectConfig>,
341 | | }
    | |_^

warning: type does not implement `std::fmt::Debug`; consider adding `#[derive(Debug)]` or a manual implementation
   --> crates/platform/runtime/src/plugins/wamn_postgres/pool.rs:514:1
    |
514 | / pub struct K8sSecretProvider {
515 | |     pub namespace: String,
516 | | }
    | |_^

warning: type does not implement `std::fmt::Debug`; consider adding `#[derive(Debug)]` or a manual implementation
   --> crates/platform/runtime/src/plugins/wamn_postgres/resources.rs:99:1
    |
 99 | / pub struct PgTransaction {
100 | |     state: SharedTxnState,
101 | |     destroyed: Arc<AtomicU64>,
102 | |     cursor_seq: u32,
103 | |     /// Row limit of the project this transaction's connection belongs to.
104 | |     row_limit: u64,
105 | | }
    | |_^

warning: type does not implement `std::fmt::Debug`; consider adding `#[derive(Debug)]` or a manual implementation
   --> crates/platform/runtime/src/plugins/wamn_postgres/resources.rs:145:1
    |
145 | / pub struct PgCursor {
146 | |     state: SharedTxnState,
147 | |     destroyed: Arc<AtomicU64>,
148 | |     name: String,
149 | | }
    | |_^

warning: type does not implement `std::fmt::Debug`; consider adding `#[derive(Debug)]` or a manual implementation
   --> crates/platform/runtime/src/wiring_doorbell.rs:145:1
    |
145 | / pub struct WiringDoorbellListener {
146 | |     shutdown: tokio::sync::watch::Sender<bool>,
147 | |     task: tokio::task::JoinHandle<()>,
148 | | }
    | |_^

warning: `wamn-runtime` (lib) generated 16 warnings
warning: function `run_once_stages` is never used
   --> services/ctl/src/dev.rs:604:10
    |
604 | async fn run_once_stages<R>(
    |          ^^^^^^^^^^^^^^^
    |
    = note: `#[warn(dead_code)]` (part of `#[warn(unused)]`) on by default

warning: function `verify_source_package_with_client` is never used
    --> services/ctl/src/push_component.rs:1301:10
     |
1301 | async fn verify_source_package_with_client(
     |          ^^^^^^^^^^^^^^^^^^^^^^^^^^^^^^^^^

warning: `wamn-ctl` (lib) generated 2 warnings
warning: type does not implement `std::fmt::Debug`; consider adding `#[derive(Debug)]` or a manual implementation
   --> services/scenario-worker/src/authoring.rs:218:1
    |
218 | / pub struct InternalAuthoringBackend {
219 | |     authority: InternalDevAdmin,
220 | |     client: Client,
221 | |     connection_task: tokio::task::JoinHandle<()>,
222 | |     tenant_id: Box<str>,
223 | |     source_schema: BareSchemaName,
224 | | }
    | |_^
    |
    = note: requested on the command line with `-W missing-debug-implementations`

warning: type does not implement `std::fmt::Debug`; consider adding `#[derive(Debug)]` or a manual implementation
   --> services/scenario-worker/src/store/admission.rs:316:1
    |
316 | / pub struct AdmissionSurface {
317 | |     /// The explicit credential and exact server-side predicates are retained so
318 | |     /// every replacement physical connection is checked identically.
319 | |     probe: CredentialExactnessProbe,
...   |
322 | |     tenant_id: Box<str>,
323 | | }
    | |_^

warning: `wamn-scenario-worker` (lib) generated 2 warnings
    Finished `dev` profile [unoptimized + debuginfo] target(s) in 0.53s
#0 building with "default" instance using docker driver

#1 [internal] load build definition from Dockerfile
#1 transferring dockerfile: 19.05kB done
#1 DONE 0.0s

#2 [internal] load metadata for docker.io/library/debian:trixie-slim
#2 DONE 0.0s

#3 [internal] load metadata for docker.io/library/rust:1.98-trixie
#3 DONE 0.0s

#4 [internal] load .dockerignore
#4 transferring context: 245B done
#4 DONE 0.0s

#5 [host 1/3] FROM docker.io/library/debian:trixie-slim
#5 DONE 0.0s

#6 [chef 1/4] FROM docker.io/library/rust:1.98-trixie
#6 DONE 0.0s

#7 [internal] load build context
#7 transferring context: 597.35kB 0.1s done
#7 DONE 0.1s

#8 [chef 2/4] RUN apt-get update && apt-get install -y --no-install-recommends clang mold protobuf-compiler libprotobuf-dev git && rm -rf /var/lib/apt/lists/*
#8 CACHED

#9 [chef 3/4] WORKDIR /build
#9 CACHED

#10 [chef 4/4] RUN --mount=type=cache,id=wamn-chef-cargo-registry,target=/usr/local/cargo/registry,sharing=locked     --mount=type=cache,id=wamn-chef-cargo-git,target=/usr/local/cargo/git,sharing=locked     cargo install cargo-chef --version 0.1.77 --locked
#10 CACHED

#11 [root-planner 1/8] COPY Cargo.toml Cargo.lock ./
#11 DONE 0.3s

#12 [root-planner 2/8] COPY crates ./crates
#12 DONE 0.2s

#13 [root-planner 3/8] COPY components ./components
#13 DONE 0.2s

#14 [root-planner 4/8] COPY packages ./packages
#14 DONE 0.2s

#15 [root-planner 5/8] COPY services ./services
#15 DONE 0.2s

#16 [root-planner 6/8] COPY test-support ./test-support
#16 DONE 0.2s

#17 [root-planner 7/8] COPY tests ./tests
#17 DONE 0.1s

#18 [root-planner 8/8] RUN cargo chef prepare --recipe-path root-recipe.json
#18 DONE 0.4s

#19 [root-recipe 1/3] COPY .cargo/config.toml ./.cargo/config.toml
#19 CACHED

#20 [root-source 1/2] COPY .cargo/config.toml ./.cargo/config.toml
#20 DONE 0.2s

#21 [root-recipe 2/3] COPY --from=root-planner /build/root-recipe.json ./root-recipe.json
#21 DONE 0.2s

#22 [root-recipe 3/3] COPY components ./components
#22 DONE 0.2s

#23 [root-source 2/2] COPY deploy ./deploy
#23 DONE 0.2s

#24 [cook-host 1/1] RUN --mount=type=cache,id=wamn-root-cargo-registry,target=/usr/local/cargo/registry,sharing=locked     --mount=type=cache,id=wamn-root-cargo-git,target=/usr/local/cargo/git,sharing=locked     --mount=type=cache,id=wamn-root-target,target=/build/target,sharing=locked     cargo chef cook --locked --release --recipe-path root-recipe.json -p wamn-host
#24 1.468    Compiling wamn-component-policy v0.0.1 (/build/crates/platform/component-policy)
#24 1.474    Compiling wamn-pg-core v0.0.1 (/build/crates/platform/pg-core)
#24 1.479    Compiling wamn-control-registry v0.0.1 (/build/crates/control/registry)
#24 1.485    Compiling wamn-router v0.0.1 (/build/crates/execution/router)
#24 1.506    Compiling wamn-catalog v0.0.1 (/build/crates/catalog/model)
#24 1.517    Compiling wamn-run-state v0.0.1 (/build/crates/execution/run-state)
#24 1.521    Compiling wamn-platform-identity v0.0.1 (/build/crates/identity/platform)
#24 1.522    Compiling wamn-schema-introspection v0.0.1 (/build/crates/schema/introspection)
#24 1.551    Compiling wamn-runtime v0.0.1 (/build/crates/platform/runtime)
#24 1.562    Compiling wamn-schema-generator v0.0.1 (/build/crates/schema/generator)
#24 1.581    Compiling wamn-execution-host v0.0.1 (/build/crates/execution/host)
#24 1.594    Compiling wamn-control-provision v0.0.1 (/build/crates/control/provision)
#24 1.623    Compiling wamn-host v0.0.1 (/build/services/host)
#24 5.295     Finished `release` profile [optimized] target(s) in 4.96s
#24 DONE 6.5s

#25 [build-host 1/2] COPY --from=root-source /build /build
#25 DONE 0.3s

#26 [build-host 2/2] RUN --mount=type=cache,id=wamn-root-cargo-registry,target=/usr/local/cargo/registry,sharing=locked     --mount=type=cache,id=wamn-root-cargo-git,target=/usr/local/cargo/git,sharing=locked     --mount=type=cache,id=wamn-root-target,target=/build/target,sharing=locked     cargo build --locked --release -p wamn-host  && install -D -m 0755 target/release/wamn-host /native-output/wamn-host
#26 0.965    Compiling wamn-component-policy v0.1.0 (/build/crates/platform/component-policy)
#26 0.975    Compiling wamn-pg-core v0.1.0 (/build/crates/platform/pg-core)
#26 0.987    Compiling wamn-control-registry v0.1.0 (/build/crates/control/registry)
#26 0.995    Compiling wamn-router v0.1.0 (/build/crates/execution/router)
#26 1.248    Compiling wamn-catalog v0.1.0 (/build/crates/catalog/model)
#26 1.547    Compiling wamn-run-state v0.1.0 (/build/crates/execution/run-state)
#26 3.393    Compiling wamn-schema-introspection v0.1.0 (/build/crates/schema/introspection)
#26 4.348 warning: function `canonical_serialized` is never used
#26 4.348    --> crates/catalog/model/src/lib.rs:792:4
#26 4.348     |
#26 4.348 792 | fn canonical_serialized(value: &impl Serialize) -> Vec<u8> {
#26 4.348     |    ^^^^^^^^^^^^^^^^^^^^
#26 4.348     |
#26 4.348     = note: `#[warn(dead_code)]` (part of `#[warn(unused)]`) on by default
#26 4.348 
#26 5.738    Compiling wamn-platform-identity v0.1.0 (/build/crates/identity/platform)
#26 8.305    Compiling wamn-runtime v0.1.0 (/build/crates/platform/runtime)
#26 9.418    Compiling wamn-schema-generator v0.1.0 (/build/crates/schema/generator)
#26 11.07 warning: the item `Future` is imported redundantly
#26 11.07  --> crates/platform/runtime/src/connection_authority.rs:3:5
#26 11.07   |
#26 11.07 3 | use std::future::Future;
#26 11.07   |     ^^^^^^^^^^^^^^^^^^^
#26 11.07   |
#26 11.07  --> /rustc/88d9e12ae178fab0fb5cc050a94da85685d449ea/library/std/src/prelude/mod.rs:166:12
#26 11.07   |
#26 11.07   = note: the item `Future` is already defined here
#26 11.07   |
#26 11.07   = note: requested on the command line with `-W redundant-imports`
#26 11.07 
#26 11.12 warning: the item `Future` is imported redundantly
#26 11.12  --> crates/platform/runtime/src/plugins/wamn_postgres/pool.rs:7:5
#26 11.12   |
#26 11.12 7 | use std::future::Future;
#26 11.12   |     ^^^^^^^^^^^^^^^^^^^
#26 11.12   |
#26 11.12  --> /rustc/88d9e12ae178fab0fb5cc050a94da85685d449ea/library/std/src/prelude/mod.rs:166:12
#26 11.12   |
#26 11.12   = note: the item `Future` is already defined here
#26 11.12 
#26 16.62 warning: `wamn-catalog` (lib) generated 1 warning
#26 20.90    Compiling wamn-control-provision v0.1.0 (/build/crates/control/provision)
#26 30.78 warning: constant `HTTP_CONTRACT` is never used
#26 30.78   --> crates/platform/runtime/src/plugins/connection_http.rs:52:7
#26 30.78    |
#26 30.78 52 | const HTTP_CONTRACT: &str = "wamn:connection/http@0.1.0";
#26 30.78    |       ^^^^^^^^^^^^^
#26 30.78    |
#26 30.78    = note: `#[warn(dead_code)]` (part of `#[warn(unused)]`) on by default
#26 30.78 
#26 30.87 warning: type does not implement `std::fmt::Debug`; consider adding `#[derive(Debug)]` or a manual implementation
#26 30.87    --> crates/platform/runtime/src/plugins/connection_http.rs:114:1
#26 30.87     |
#26 30.87 114 | / pub struct ConnectionHttp {
#26 30.87 115 | |     postgres: Arc<WamnPostgres>,
#26 30.87 116 | |     vault: Arc<WamnCredentials>,
#26 30.87 117 | |     tenant: Box<str>,
#26 30.87 ...   |
#26 30.87 133 | |     invocations: std::sync::RwLock<HashMap<String, ConnectionInvocation>>,
#26 30.87 134 | | }
#26 30.87     | |_^
#26 30.87     |
#26 30.87     = note: requested on the command line with `-W missing-debug-implementations`
#26 30.87 
#26 30.92 warning: type does not implement `std::fmt::Debug`; consider adding `#[derive(Debug)]` or a manual implementation
#26 30.92   --> crates/platform/runtime/src/plugins/wamn_credentials.rs:27:1
#26 30.92    |
#26 30.92 27 | / pub struct WamnCredentials {
#26 30.92 28 | |     /// Whether ANY backing source was configured. Distinguishes `unavailable`
#26 30.92 29 | |     /// (no source — retryable) from `not-found` (source present, name absent —
#26 30.92 30 | |     /// config-shaped).
#26 30.92 ...  |
#26 30.92 33 | |     projects: HashMap<String, HashMap<String, String>>,
#26 30.92 34 | | }
#26 30.92    | |_^
#26 30.92 
#26 30.93 warning: type does not implement `std::fmt::Debug`; consider adding `#[derive(Debug)]` or a manual implementation
#26 30.93    --> crates/platform/runtime/src/plugins/wamn_jetstream.rs:544:1
#26 30.93     |
#26 30.93 544 | / pub struct WamnJetstream {
#26 30.93 545 | |     nats_url: Option<String>,
#26 30.93 546 | |     /// Lazily-connected, memoized JetStream context. A `Mutex<Option<_>>` (not a
#26 30.93 547 | |     /// `OnceCell`) so a transient connect failure is retried on the next call
#26 30.93 ...   |
#26 30.93 569 | |     dlq_depth: Arc<DeadLetterDepth>,
#26 30.93 570 | | }
#26 30.93     | |_^
#26 30.93 
#26 30.93 warning: type does not implement `std::fmt::Debug`; consider adding `#[derive(Debug)]` or a manual implementation
#26 30.93     --> crates/platform/runtime/src/plugins/wamn_jetstream.rs:1209:1
#26 30.93      |
#26 30.93 1209 | / pub struct JsConsumer {
#26 30.93 1210 | |     consumer: Consumer<PullConfig>,
#26 30.93 1211 | |     dead_letter: Option<DeadLetterIdentity>,
#26 30.93 1212 | | }
#26 30.93      | |_^
#26 30.93 
#26 30.93 warning: type does not implement `std::fmt::Debug`; consider adding `#[derive(Debug)]` or a manual implementation
#26 30.93     --> crates/platform/runtime/src/plugins/wamn_jetstream.rs:1216:1
#26 30.93      |
#26 30.93 1216 | / pub struct JsMessage {
#26 30.93 1217 | |     msg: async_nats::jetstream::Message,
#26 30.93 1218 | |     dead_letter: Option<DeadLetterIdentity>,
#26 30.93 1219 | | }
#26 30.93      | |_^
#26 30.93 
#26 30.94 warning: type does not implement `std::fmt::Debug`; consider adding `#[derive(Debug)]` or a manual implementation
#26 30.94    --> crates/platform/runtime/src/plugins/wamn_logging.rs:213:1
#26 30.94     |
#26 30.94 213 | / pub struct Capture {
#26 30.94 214 | |     records: std::sync::Mutex<Vec<CapturedRec>>,
#26 30.94 215 | | }
#26 30.94     | |_^
#26 30.94 
#26 30.94 warning: type does not implement `std::fmt::Debug`; consider adding `#[derive(Debug)]` or a manual implementation
#26 30.94    --> crates/platform/runtime/src/plugins/wamn_logging.rs:235:1
#26 30.94     |
#26 30.94 235 | / pub struct WamnLogging {
#26 30.94 236 | |     /// component id → host-trusted {tenant, project}.
#26 30.94 237 | |     claims: std::sync::RwLock<HashMap<String, Claim>>,
#26 30.94 238 | |     /// Bounded front queue; `try_send` keeps `log()` non-blocking.
#26 30.94 ...   |
#26 30.94 243 | |     _drain: tokio::task::JoinHandle<()>,
#26 30.94 244 | | }
#26 30.94     | |_^
#26 30.94 
#26 30.94 warning: type does not implement `std::fmt::Debug`; consider adding `#[derive(Debug)]` or a manual implementation
#26 30.94    --> crates/platform/runtime/src/plugins/wamn_postgres/claims.rs:55:1
#26 30.94     |
#26 30.94  55 | / pub struct WamnPostgres {
#26 30.94  56 | |     /// Resolves a project id → its database connection + policy.
#26 30.94  57 | |     provider: Arc<dyn CredentialProvider>,
#26 30.94  58 | |     /// Guest-visible project pools, built lazily and never shared with host-owned
#26 30.94 ...   |
#26 30.94 121 | |     pub(super) bind_counters: super::BindCounters,
#26 30.94 122 | | }
#26 30.94     | |_^
#26 30.94 
#26 30.95 warning: type does not implement `std::fmt::Debug`; consider adding `#[derive(Debug)]` or a manual implementation
#26 30.95    --> crates/platform/runtime/src/plugins/wamn_postgres/pool.rs:339:1
#26 30.95     |
#26 30.95 339 | / pub struct StaticCredentialProvider {
#26 30.95 340 | |     projects: HashMap<String, ProjectConfig>,
#26 30.95 341 | | }
#26 30.95     | |_^
#26 30.95 
#26 30.95 warning: type does not implement `std::fmt::Debug`; consider adding `#[derive(Debug)]` or a manual implementation
#26 30.95    --> crates/platform/runtime/src/plugins/wamn_postgres/pool.rs:514:1
#26 30.95     |
#26 30.95 514 | / pub struct K8sSecretProvider {
#26 30.95 515 | |     pub namespace: String,
#26 30.95 516 | | }
#26 30.95     | |_^
#26 30.95 
#26 30.96 warning: type does not implement `std::fmt::Debug`; consider adding `#[derive(Debug)]` or a manual implementation
#26 30.96    --> crates/platform/runtime/src/plugins/wamn_postgres/resources.rs:99:1
#26 30.96     |
#26 30.96  99 | / pub struct PgTransaction {
#26 30.96 100 | |     state: SharedTxnState,
#26 30.96 101 | |     destroyed: Arc<AtomicU64>,
#26 30.96 102 | |     cursor_seq: u32,
#26 30.96 103 | |     /// Row limit of the project this transaction's connection belongs to.
#26 30.96 104 | |     row_limit: u64,
#26 30.96 105 | | }
#26 30.96     | |_^
#26 30.96 
#26 30.96 warning: type does not implement `std::fmt::Debug`; consider adding `#[derive(Debug)]` or a manual implementation
#26 30.96    --> crates/platform/runtime/src/plugins/wamn_postgres/resources.rs:145:1
#26 30.96     |
#26 30.96 145 | / pub struct PgCursor {
#26 30.96 146 | |     state: SharedTxnState,
#26 30.96 147 | |     destroyed: Arc<AtomicU64>,
#26 30.96 148 | |     name: String,
#26 30.96 149 | | }
#26 30.96     | |_^
#26 30.96 
#26 31.00 warning: type does not implement `std::fmt::Debug`; consider adding `#[derive(Debug)]` or a manual implementation
#26 31.00    --> crates/platform/runtime/src/wiring_doorbell.rs:145:1
#26 31.00     |
#26 31.00 145 | / pub struct WiringDoorbellListener {
#26 31.00 146 | |     shutdown: tokio::sync::watch::Sender<bool>,
#26 31.00 147 | |     task: tokio::task::JoinHandle<()>,
#26 31.00 148 | | }
#26 31.00     | |_^
#26 31.00 
#26 41.88    Compiling wamn-execution-host v0.1.0 (/build/crates/execution/host)
#26 65.49 warning: `wamn-runtime` (lib) generated 16 warnings
#26 78.32    Compiling wamn-host v0.1.0 (/build/services/host)
#26 435.8     Finished `release` profile [optimized] target(s) in 7m 15s
#26 DONE 436.1s

#27 [host 2/3] RUN apt-get update && apt-get install -y --no-install-recommends ca-certificates && rm -rf /var/lib/apt/lists/*
#27 CACHED

#28 [host 3/3] COPY --from=build-host /native-output/wamn-host /usr/local/bin/wamn-host
#28 CACHED

#29 exporting to image
#29 exporting layers done
#29 writing image sha256:ab42b7b40c7925a019ef6f7c1169e0d4d7cb59e264bf77dec854dbbd1616b431 done
#29 naming to docker.io/library/wamn-host:receiving-a0775e679cd9-2450479-release 0.0s done
#29 DONE 0.1s
#0 building with "default" instance using docker driver

#1 [internal] load build definition from Dockerfile
#1 transferring dockerfile: 19.05kB done
#1 DONE 0.0s

#2 [internal] load metadata for docker.io/library/debian:trixie-slim
#2 DONE 0.0s

#3 [internal] load metadata for docker.io/library/rust:1.98-trixie
#3 DONE 0.0s

#4 [internal] load .dockerignore
#4 transferring context: 245B done
#4 DONE 0.0s

#5 [host 1/3] FROM docker.io/library/debian:trixie-slim
#5 DONE 0.0s

#6 [chef 1/4] FROM docker.io/library/rust:1.98-trixie
#6 DONE 0.0s

#7 [internal] load build context
#7 transferring context: 94.88kB 0.1s done
#7 DONE 0.1s

#8 [root-source 1/2] COPY .cargo/config.toml ./.cargo/config.toml
#8 CACHED

#9 [root-planner 6/8] COPY test-support ./test-support
#9 CACHED

#10 [root-planner 5/8] COPY services ./services
#10 CACHED

#11 [root-recipe 2/3] COPY --from=root-planner /build/root-recipe.json ./root-recipe.json
#11 CACHED

#12 [chef 4/4] RUN --mount=type=cache,id=wamn-chef-cargo-registry,target=/usr/local/cargo/registry,sharing=locked     --mount=type=cache,id=wamn-chef-cargo-git,target=/usr/local/cargo/git,sharing=locked     cargo install cargo-chef --version 0.1.77 --locked
#12 CACHED

#13 [root-planner 1/8] COPY Cargo.toml Cargo.lock ./
#13 CACHED

#14 [root-planner 4/8] COPY packages ./packages
#14 CACHED

#15 [root-planner 3/8] COPY components ./components
#15 CACHED

#16 [root-planner 8/8] RUN cargo chef prepare --recipe-path root-recipe.json
#16 CACHED

#17 [chef 2/4] RUN apt-get update && apt-get install -y --no-install-recommends clang mold protobuf-compiler libprotobuf-dev git && rm -rf /var/lib/apt/lists/*
#17 CACHED

#18 [root-planner 7/8] COPY tests ./tests
#18 CACHED

#19 [chef 3/4] WORKDIR /build
#19 CACHED

#20 [root-planner 2/8] COPY crates ./crates
#20 CACHED

#21 [root-recipe 1/3] COPY .cargo/config.toml ./.cargo/config.toml
#21 CACHED

#22 [root-source 2/2] COPY deploy ./deploy
#22 CACHED

#23 [root-recipe 3/3] COPY components ./components
#23 CACHED

#24 [cook-ctl 1/1] RUN --mount=type=cache,id=wamn-root-cargo-registry,target=/usr/local/cargo/registry,sharing=locked     --mount=type=cache,id=wamn-root-cargo-git,target=/usr/local/cargo/git,sharing=locked     --mount=type=cache,id=wamn-root-target,target=/build/target,sharing=locked     cargo chef cook --locked --release --recipe-path root-recipe.json -p wamn-ctl
#24 ...

#25 [cook-dispatcher 1/1] RUN --mount=type=cache,id=wamn-root-cargo-registry,target=/usr/local/cargo/registry,sharing=locked     --mount=type=cache,id=wamn-root-cargo-git,target=/usr/local/cargo/git,sharing=locked     --mount=type=cache,id=wamn-root-target,target=/build/target,sharing=locked     cargo chef cook --locked --release --recipe-path root-recipe.json -p wamn-dispatcher
#25 1.251    Compiling wamn-pg-core v0.0.1 (/build/crates/platform/pg-core)
#25 1.255    Compiling wamn-control-registry v0.0.1 (/build/crates/control/registry)
#25 1.255    Compiling wamn-scheduler v0.0.1 (/build/crates/execution/scheduler)
#25 1.278    Compiling wamn-run-state v0.0.1 (/build/crates/execution/run-state)
#25 1.303    Compiling wamn-dispatcher v0.0.1 (/build/services/dispatcher)
#25 5.269     Finished `release` profile [optimized] target(s) in 4.85s
#25 DONE 6.7s

#26 [cook-cdc-reader 1/1] RUN --mount=type=cache,id=wamn-root-cargo-registry,target=/usr/local/cargo/registry,sharing=locked     --mount=type=cache,id=wamn-root-cargo-git,target=/usr/local/cargo/git,sharing=locked     --mount=type=cache,id=wamn-root-target,target=/build/target,sharing=locked     cargo chef cook --locked --release --recipe-path root-recipe.json -p wamn-cdc-reader
#26 ...

#27 [build-dispatcher 1/2] COPY --from=root-source /build /build
#27 DONE 0.4s

#28 [build-gates 1/1] RUN --mount=type=cache,id=wamn-root-cargo-registry,target=/usr/local/cargo/registry,sharing=locked     --mount=type=cache,id=wamn-root-cargo-git,target=/usr/local/cargo/git,sharing=locked     --mount=type=cache,id=wamn-root-target,target=/build/target,sharing=locked     cargo build --locked --release -p wamn-gates  && install -D -m 0755 target/release/wamn-gates /native-output/wamn-gates
#28 ...

#29 [build-dispatcher 2/2] RUN --mount=type=cache,id=wamn-root-cargo-registry,target=/usr/local/cargo/registry,sharing=locked     --mount=type=cache,id=wamn-root-cargo-git,target=/usr/local/cargo/git,sharing=locked     --mount=type=cache,id=wamn-root-target,target=/build/target,sharing=locked     cargo build --locked --release -p wamn-dispatcher  && install -D -m 0755 target/release/wamn-dispatcher /native-output/wamn-dispatcher
#29 ...

#26 [cook-cdc-reader 1/1] RUN --mount=type=cache,id=wamn-root-cargo-registry,target=/usr/local/cargo/registry,sharing=locked     --mount=type=cache,id=wamn-root-cargo-git,target=/usr/local/cargo/git,sharing=locked     --mount=type=cache,id=wamn-root-target,target=/build/target,sharing=locked     cargo chef cook --locked --release --recipe-path root-recipe.json -p wamn-cdc-reader
#26 7.575    Compiling wamn-component-policy v0.0.1 (/build/crates/platform/component-policy)
#26 7.578    Compiling wamn-schema-introspection v0.0.1 (/build/crates/schema/introspection)
#26 7.582    Compiling wamn-pg-core v0.0.1 (/build/crates/platform/pg-core)
#26 7.588    Compiling wamn-control-registry v0.0.1 (/build/crates/control/registry)
#26 7.615    Compiling wamn-catalog v0.0.1 (/build/crates/catalog/model)
#26 7.621    Compiling wamn-run-state v0.0.1 (/build/crates/execution/run-state)
#26 7.662    Compiling wamn-schema-generator v0.0.1 (/build/crates/schema/generator)
#26 7.708    Compiling wamn-control-provision v0.0.1 (/build/crates/control/provision)
#26 7.739    Compiling wamn-cdc-reader v0.0.1 (/build/services/cdc-reader)
#26 12.48     Finished `release` profile [optimized] target(s) in 5.46s
#26 DONE 13.6s

#29 [build-dispatcher 2/2] RUN --mount=type=cache,id=wamn-root-cargo-registry,target=/usr/local/cargo/registry,sharing=locked     --mount=type=cache,id=wamn-root-cargo-git,target=/usr/local/cargo/git,sharing=locked     --mount=type=cache,id=wamn-root-target,target=/build/target,sharing=locked     cargo build --locked --release -p wamn-dispatcher  && install -D -m 0755 target/release/wamn-dispatcher /native-output/wamn-dispatcher
#29 ...

#30 [build-cdc-reader 1/2] COPY --from=root-source /build /build
#30 DONE 0.4s

#28 [build-gates 1/1] RUN --mount=type=cache,id=wamn-root-cargo-registry,target=/usr/local/cargo/registry,sharing=locked     --mount=type=cache,id=wamn-root-cargo-git,target=/usr/local/cargo/git,sharing=locked     --mount=type=cache,id=wamn-root-target,target=/build/target,sharing=locked     cargo build --locked --release -p wamn-gates  && install -D -m 0755 target/release/wamn-gates /native-output/wamn-gates
#28 ...

#31 [build-cdc-reader 2/2] RUN --mount=type=cache,id=wamn-root-cargo-registry,target=/usr/local/cargo/registry,sharing=locked     --mount=type=cache,id=wamn-root-cargo-git,target=/usr/local/cargo/git,sharing=locked     --mount=type=cache,id=wamn-root-target,target=/build/target,sharing=locked     cargo build --locked --release -p wamn-cdc-reader  && install -D -m 0755 target/release/wamn-cdc-reader /native-output/wamn-cdc-reader
#31 ...

#28 [build-gates 1/1] RUN --mount=type=cache,id=wamn-root-cargo-registry,target=/usr/local/cargo/registry,sharing=locked     --mount=type=cache,id=wamn-root-cargo-git,target=/usr/local/cargo/git,sharing=locked     --mount=type=cache,id=wamn-root-target,target=/build/target,sharing=locked     cargo build --locked --release -p wamn-gates  && install -D -m 0755 target/release/wamn-gates /native-output/wamn-gates
#28 14.87    Compiling wamn-component-policy v0.1.0 (/build/crates/platform/component-policy)
#28 14.88    Compiling wamn-pg-core v0.1.0 (/build/crates/platform/pg-core)
#28 14.88    Compiling wamn-control-registry v0.1.0 (/build/crates/control/registry)
#28 14.90    Compiling wamn-router v0.1.0 (/build/crates/execution/router)
#28 15.04    Compiling wamn-catalog v0.1.0 (/build/crates/catalog/model)
#28 15.31    Compiling wamn-run-state v0.1.0 (/build/crates/execution/run-state)
#28 16.88    Compiling wamn-platform-identity v0.1.0 (/build/crates/identity/platform)
#28 17.21 warning: function `canonical_serialized` is never used
#28 17.21    --> crates/catalog/model/src/lib.rs:792:4
#28 17.21     |
#28 17.21 792 | fn canonical_serialized(value: &impl Serialize) -> Vec<u8> {
#28 17.21     |    ^^^^^^^^^^^^^^^^^^^^
#28 17.21     |
#28 17.21     = note: `#[warn(dead_code)]` (part of `#[warn(unused)]`) on by default
#28 17.21 
#28 18.70    Compiling wamn-runtime v0.1.0 (/build/crates/platform/runtime)
#28 19.50    Compiling wamn-schema-introspection v0.1.0 (/build/crates/schema/introspection)
#28 19.70    Compiling wamn-client v0.1.0 (/build/crates/client/core)
#28 20.47 warning: the item `Future` is imported redundantly
#28 20.47  --> crates/platform/runtime/src/connection_authority.rs:3:5
#28 20.47   |
#28 20.47 3 | use std::future::Future;
#28 20.47   |     ^^^^^^^^^^^^^^^^^^^
#28 20.47   |
#28 20.47  --> /rustc/88d9e12ae178fab0fb5cc050a94da85685d449ea/library/std/src/prelude/mod.rs:166:12
#28 20.47   |
#28 20.47   = note: the item `Future` is already defined here
#28 20.47   |
#28 20.47   = note: requested on the command line with `-W redundant-imports`
#28 20.47 
#28 20.50 warning: the item `Future` is imported redundantly
#28 20.50  --> crates/platform/runtime/src/plugins/wamn_postgres/pool.rs:7:5
#28 20.50   |
#28 20.50 7 | use std::future::Future;
#28 20.50   |     ^^^^^^^^^^^^^^^^^^^
#28 20.50   |
#28 20.50  --> /rustc/88d9e12ae178fab0fb5cc050a94da85685d449ea/library/std/src/prelude/mod.rs:166:12
#28 20.50   |
#28 20.50   = note: the item `Future` is already defined here
#28 20.50 
#28 24.00    Compiling wamn-schema-generator v0.1.0 (/build/crates/schema/generator)
#28 27.13    Compiling wamn-client-tui v0.1.0 (/build/crates/client/tui)
#28 28.77 warning: `wamn-catalog` (lib) generated 1 warning
#28 28.78    Compiling wamn-authoring-model v0.1.0 (/build/crates/authoring/model)
#28 29.53    Compiling wamn-client-terminal v0.1.0 (/build/crates/client/terminal)
#28 34.07    Compiling wamn-schema-control v0.1.0 (/build/crates/schema/control)
#28 35.52 warning: constant `HTTP_CONTRACT` is never used
#28 35.52   --> crates/platform/runtime/src/plugins/connection_http.rs:52:7
#28 35.52    |
#28 35.52 52 | const HTTP_CONTRACT: &str = "wamn:connection/http@0.1.0";
#28 35.52    |       ^^^^^^^^^^^^^
#28 35.52    |
#28 35.52    = note: `#[warn(dead_code)]` (part of `#[warn(unused)]`) on by default
#28 35.52 
#28 35.59 warning: type does not implement `std::fmt::Debug`; consider adding `#[derive(Debug)]` or a manual implementation
#28 35.59    --> crates/platform/runtime/src/plugins/connection_http.rs:114:1
#28 35.59     |
#28 35.59 114 | / pub struct ConnectionHttp {
#28 35.59 115 | |     postgres: Arc<WamnPostgres>,
#28 35.59 116 | |     vault: Arc<WamnCredentials>,
#28 35.59 117 | |     tenant: Box<str>,
#28 35.59 ...   |
#28 35.59 133 | |     invocations: std::sync::RwLock<HashMap<String, ConnectionInvocation>>,
#28 35.59 134 | | }
#28 35.59     | |_^
#28 35.59     |
#28 35.59     = note: requested on the command line with `-W missing-debug-implementations`
#28 35.59 
#28 35.62 warning: type does not implement `std::fmt::Debug`; consider adding `#[derive(Debug)]` or a manual implementation
#28 35.62   --> crates/platform/runtime/src/plugins/wamn_credentials.rs:27:1
#28 35.62    |
#28 35.62 27 | / pub struct WamnCredentials {
#28 35.62 28 | |     /// Whether ANY backing source was configured. Distinguishes `unavailable`
#28 35.62 29 | |     /// (no source — retryable) from `not-found` (source present, name absent —
#28 35.62 30 | |     /// config-shaped).
#28 35.62 ...  |
#28 35.62 33 | |     projects: HashMap<String, HashMap<String, String>>,
#28 35.62 34 | | }
#28 35.62    | |_^
#28 35.62 
#28 35.62 warning: type does not implement `std::fmt::Debug`; consider adding `#[derive(Debug)]` or a manual implementation
#28 35.62    --> crates/platform/runtime/src/plugins/wamn_jetstream.rs:544:1
#28 35.62     |
#28 35.62 544 | / pub struct WamnJetstream {
#28 35.62 545 | |     nats_url: Option<String>,
#28 35.62 546 | |     /// Lazily-connected, memoized JetStream context. A `Mutex<Option<_>>` (not a
#28 35.62 547 | |     /// `OnceCell`) so a transient connect failure is retried on the next call
#28 35.62 ...   |
#28 35.62 569 | |     dlq_depth: Arc<DeadLetterDepth>,
#28 35.62 570 | | }
#28 35.62     | |_^
#28 35.62 
#28 35.62 warning: type does not implement `std::fmt::Debug`; consider adding `#[derive(Debug)]` or a manual implementation
#28 35.62     --> crates/platform/runtime/src/plugins/wamn_jetstream.rs:1209:1
#28 35.62      |
#28 35.62 1209 | / pub struct JsConsumer {
#28 35.62 1210 | |     consumer: Consumer<PullConfig>,
#28 35.62 1211 | |     dead_letter: Option<DeadLetterIdentity>,
#28 35.62 1212 | | }
#28 35.62      | |_^
#28 35.62 
#28 35.62 warning: type does not implement `std::fmt::Debug`; consider adding `#[derive(Debug)]` or a manual implementation
#28 35.62     --> crates/platform/runtime/src/plugins/wamn_jetstream.rs:1216:1
#28 35.62      |
#28 35.62 1216 | / pub struct JsMessage {
#28 35.62 1217 | |     msg: async_nats::jetstream::Message,
#28 35.62 1218 | |     dead_letter: Option<DeadLetterIdentity>,
#28 35.62 1219 | | }
#28 35.62      | |_^
#28 35.62 
#28 35.63 warning: type does not implement `std::fmt::Debug`; consider adding `#[derive(Debug)]` or a manual implementation
#28 35.63    --> crates/platform/runtime/src/plugins/wamn_logging.rs:213:1
#28 35.63     |
#28 35.63 213 | / pub struct Capture {
#28 35.63 214 | |     records: std::sync::Mutex<Vec<CapturedRec>>,
#28 35.63 215 | | }
#28 35.63     | |_^
#28 35.63 
#28 35.63 warning: type does not implement `std::fmt::Debug`; consider adding `#[derive(Debug)]` or a manual implementation
#28 35.63    --> crates/platform/runtime/src/plugins/wamn_logging.rs:235:1
#28 35.63     |
#28 35.63 235 | / pub struct WamnLogging {
#28 35.63 236 | |     /// component id → host-trusted {tenant, project}.
#28 35.63 237 | |     claims: std::sync::RwLock<HashMap<String, Claim>>,
#28 35.63 238 | |     /// Bounded front queue; `try_send` keeps `log()` non-blocking.
#28 35.63 ...   |
#28 35.63 243 | |     _drain: tokio::task::JoinHandle<()>,
#28 35.63 244 | | }
#28 35.63     | |_^
#28 35.63 
#28 35.64 warning: type does not implement `std::fmt::Debug`; consider adding `#[derive(Debug)]` or a manual implementation
#28 35.64    --> crates/platform/runtime/src/plugins/wamn_postgres/claims.rs:55:1
#28 35.64     |
#28 35.64  55 | / pub struct WamnPostgres {
#28 35.64  56 | |     /// Resolves a project id → its database connection + policy.
#28 35.64  57 | |     provider: Arc<dyn CredentialProvider>,
#28 35.64  58 | |     /// Guest-visible project pools, built lazily and never shared with host-owned
#28 35.64 ...   |
#28 35.64 121 | |     pub(super) bind_counters: super::BindCounters,
#28 35.64 122 | | }
#28 35.64     | |_^
#28 35.64 
#28 35.65 warning: type does not implement `std::fmt::Debug`; consider adding `#[derive(Debug)]` or a manual implementation
#28 35.65    --> crates/platform/runtime/src/plugins/wamn_postgres/pool.rs:339:1
#28 35.65     |
#28 35.65 339 | / pub struct StaticCredentialProvider {
#28 35.65 340 | |     projects: HashMap<String, ProjectConfig>,
#28 35.65 341 | | }
#28 35.65     | |_^
#28 35.65 
#28 35.65 warning: type does not implement `std::fmt::Debug`; consider adding `#[derive(Debug)]` or a manual implementation
#28 35.65    --> crates/platform/runtime/src/plugins/wamn_postgres/pool.rs:514:1
#28 35.65     |
#28 35.65 514 | / pub struct K8sSecretProvider {
#28 35.65 515 | |     pub namespace: String,
#28 35.65 516 | | }
#28 35.65     | |_^
#28 35.65 
#28 35.65 warning: type does not implement `std::fmt::Debug`; consider adding `#[derive(Debug)]` or a manual implementation
#28 35.65    --> crates/platform/runtime/src/plugins/wamn_postgres/resources.rs:99:1
#28 35.65     |
#28 35.65  99 | / pub struct PgTransaction {
#28 35.65 100 | |     state: SharedTxnState,
#28 35.65 101 | |     destroyed: Arc<AtomicU64>,
#28 35.65 102 | |     cursor_seq: u32,
#28 35.65 103 | |     /// Row limit of the project this transaction's connection belongs to.
#28 35.65 104 | |     row_limit: u64,
#28 35.65 105 | | }
#28 35.65     | |_^
#28 35.65 
#28 35.65 warning: type does not implement `std::fmt::Debug`; consider adding `#[derive(Debug)]` or a manual implementation
#28 35.65    --> crates/platform/runtime/src/plugins/wamn_postgres/resources.rs:145:1
#28 35.65     |
#28 35.65 145 | / pub struct PgCursor {
#28 35.65 146 | |     state: SharedTxnState,
#28 35.66 147 | |     destroyed: Arc<AtomicU64>,
#28 35.66 148 | |     name: String,
#28 35.66 149 | | }
#28 35.66     | |_^
#28 35.66 
#28 35.68 warning: type does not implement `std::fmt::Debug`; consider adding `#[derive(Debug)]` or a manual implementation
#28 35.68    --> crates/platform/runtime/src/wiring_doorbell.rs:145:1
#28 35.68     |
#28 35.68 145 | / pub struct WiringDoorbellListener {
#28 35.68 146 | |     shutdown: tokio::sync::watch::Sender<bool>,
#28 35.68 147 | |     task: tokio::task::JoinHandle<()>,
#28 35.68 148 | | }
#28 35.68     | |_^
#28 35.68 
#28 37.47    Compiling wamn-control-provision v0.1.0 (/build/crates/control/provision)
#28 42.71    Compiling wamn-gate-harness v0.1.0 (/build/test-support/harness)
#28 43.15 warning: type does not implement `std::fmt::Debug`; consider adding `#[derive(Debug)]` or a manual implementation
#28 43.15   --> test-support/harness/src/ceiling.rs:72:1
#28 43.15    |
#28 43.15 72 | / pub struct Ramp {
#28 43.15 73 | |     tolerance: f64,
#28 43.15 74 | |     max_levels: usize,
#28 43.15 75 | |     levels: Vec<LevelStats>,
#28 43.15 ...  |
#28 43.15 82 | |     retrying: bool,
#28 43.15 83 | | }
#28 43.15    | |_^
#28 43.15    |
#28 43.15    = note: requested on the command line with `-W missing-debug-implementations`
#28 43.15 
#28 43.91    Compiling wamn-proof-system v0.1.0 (/build/tests/system)
#28 44.36    Compiling wamn-test-infrastructure v0.1.0 (/build/test-support/infrastructure)
#28 46.05 warning: `wamn-gate-harness` (lib) generated 1 warning
#28 49.90    Compiling wamn-ctl v0.1.0 (/build/services/ctl)
#28 53.84    Compiling wamn-execution-host v0.1.0 (/build/crates/execution/host)
#28 63.17 warning: function `run_once_stages` is never used
#28 63.17    --> services/ctl/src/dev.rs:604:10
#28 63.17     |
#28 63.17 604 | async fn run_once_stages<R>(
#28 63.17     |          ^^^^^^^^^^^^^^^
#28 63.17     |
#28 63.17     = note: `#[warn(dead_code)]` (part of `#[warn(unused)]`) on by default
#28 63.17 
#28 63.17 warning: function `verify_source_package_with_client` is never used
#28 63.17     --> services/ctl/src/push_component.rs:1301:10
#28 63.17      |
#28 63.17 1301 | async fn verify_source_package_with_client(
#28 63.17      |          ^^^^^^^^^^^^^^^^^^^^^^^^^^^^^^^^^
#28 63.17 
#28 84.06    Compiling wamn-scenario-worker v0.1.0 (/build/services/scenario-worker)
#28 85.07 warning: `wamn-runtime` (lib) generated 16 warnings
#28 85.07    Compiling wamn-proof-conformance v0.1.0 (/build/tests/conformance)
#28 85.09 warning: type does not implement `std::fmt::Debug`; consider adding `#[derive(Debug)]` or a manual implementation
#28 85.09    --> services/scenario-worker/src/authoring.rs:218:1
#28 85.09     |
#28 85.09 218 | / pub struct InternalAuthoringBackend {
#28 85.09 219 | |     authority: InternalDevAdmin,
#28 85.09 220 | |     client: Client,
#28 85.09 221 | |     connection_task: tokio::task::JoinHandle<()>,
#28 85.09 222 | |     tenant_id: Box<str>,
#28 85.09 223 | |     source_schema: BareSchemaName,
#28 85.09 224 | | }
#28 85.09     | |_^
#28 85.09     |
#28 85.09     = note: requested on the command line with `-W missing-debug-implementations`
#28 85.09 
#28 85.10 warning: type does not implement `std::fmt::Debug`; consider adding `#[derive(Debug)]` or a manual implementation
#28 85.10    --> services/scenario-worker/src/store/admission.rs:316:1
#28 85.10     |
#28 85.10 316 | / pub struct AdmissionSurface {
#28 85.10 317 | |     /// The explicit credential and exact server-side predicates are retained so
#28 85.10 318 | |     /// every replacement physical connection is checked identically.
#28 85.10 319 | |     probe: CredentialExactnessProbe,
#28 85.10 ...   |
#28 85.10 322 | |     tenant_id: Box<str>,
#28 85.10 323 | | }
#28 85.10     | |_^
#28 85.10 
#28 85.62 warning: type does not implement `Debug`; consider adding `#[derive(Debug)]` or a manual implementation
#28 85.62   --> tests/conformance/src/socketguard.rs:26:1
#28 85.62    |
#28 85.62 26 | pub struct SocketGuardArgs {}
#28 85.62    | ^^^^^^^^^^^^^^^^^^^^^^^^^^^^^
#28 85.62    |
#28 85.62    = note: requested on the command line with `-W missing-debug-implementations`
#28 85.62 
#28 89.15 warning: `wamn-proof-conformance` (lib) generated 1 warning
#28 89.15    Compiling wamn-proof-integration v0.1.0 (/build/tests/integration)
#28 94.07 warning: function `models` is never used
#28 94.07   --> tests/integration/src/measurement_schema.rs:25:8
#28 94.07    |
#28 94.07 25 | pub fn models(schema: &str) -> Vec<ManagedModel> {
#28 94.07    |        ^^^^^^
#28 94.07    |
#28 94.07    = note: `#[warn(dead_code)]` (part of `#[warn(unused)]`) on by default
#28 94.07 
#28 94.07 warning: field `release` is never read
#28 94.07    --> tests/integration/src/trusted_http_route.rs:110:16
#28 94.07     |
#28 94.07 105 | pub struct TrustedHttpRoute {
#28 94.07     |            ---------------- field in this struct
#28 94.07 ...
#28 94.07 110 |     pub(crate) release: Arc<ReleaseManifestWeld>,
#28 94.07     |                ^^^^^^^
#28 94.07 
#28 94.12 warning: type does not implement `std::fmt::Debug`; consider adding `#[derive(Debug)]` or a manual implementation
#28 94.12    --> tests/integration/src/trusted_http_route.rs:105:1
#28 94.12     |
#28 94.12 105 | / pub struct TrustedHttpRoute {
#28 94.12 106 | |     pub driver: Arc<RouterDriver>,
#28 94.12 107 | |     /// The same welded release the driver authorizes. Callers that exercise a
#28 94.12 108 | |     /// release-owned ingress plugin must share this exact weld rather than mint
#28 94.12 ...   |
#28 94.12 116 | |     pub wiring_hash: String,
#28 94.12 117 | | }
#28 94.12     | |_^
#28 94.12     |
#28 94.12     = note: requested on the command line with `-W missing-debug-implementations`
#28 94.12 
#28 100.8 warning: `wamn-scenario-worker` (lib) generated 2 warnings
#28 120.1 warning: `wamn-proof-integration` (lib) generated 3 warnings
#28 121.4 warning: `wamn-ctl` (lib) generated 2 warnings
#28 121.4    Compiling wamn-gates v0.1.0 (/build/tests/orchestrator)
#28 306.8     Finished `release` profile [optimized] target(s) in 4m 52s
#28 DONE 307.2s

#29 [build-dispatcher 2/2] RUN --mount=type=cache,id=wamn-root-cargo-registry,target=/usr/local/cargo/registry,sharing=locked     --mount=type=cache,id=wamn-root-cargo-git,target=/usr/local/cargo/git,sharing=locked     --mount=type=cache,id=wamn-root-target,target=/build/target,sharing=locked     cargo build --locked --release -p wamn-dispatcher  && install -D -m 0755 target/release/wamn-dispatcher /native-output/wamn-dispatcher
#29 ...

#24 [cook-ctl 1/1] RUN --mount=type=cache,id=wamn-root-cargo-registry,target=/usr/local/cargo/registry,sharing=locked     --mount=type=cache,id=wamn-root-cargo-git,target=/usr/local/cargo/git,sharing=locked     --mount=type=cache,id=wamn-root-target,target=/build/target,sharing=locked     cargo chef cook --locked --release --recipe-path root-recipe.json -p wamn-ctl
#24 308.5    Compiling wamn-component-policy v0.0.1 (/build/crates/platform/component-policy)
#24 308.6    Compiling wamn-pg-core v0.0.1 (/build/crates/platform/pg-core)
#24 308.6    Compiling wamn-schema-introspection v0.0.1 (/build/crates/schema/introspection)
#24 308.6    Compiling wamn-control-registry v0.0.1 (/build/crates/control/registry)
#24 308.6    Compiling wamn-catalog v0.0.1 (/build/crates/catalog/model)
#24 308.6    Compiling wamn-run-state v0.0.1 (/build/crates/execution/run-state)
#24 308.6    Compiling wamn-client v0.0.1 (/build/crates/client/core)
#24 308.6    Compiling wamn-router v0.0.1 (/build/crates/execution/router)
#24 308.6    Compiling wamn-schema-generator v0.0.1 (/build/crates/schema/generator)
#24 308.6    Compiling wamn-client-tui v0.0.1 (/build/crates/client/tui)
#24 308.6    Compiling wamn-platform-identity v0.0.1 (/build/crates/identity/platform)
#24 308.6    Compiling wamn-authoring-model v0.0.1 (/build/crates/authoring/model)
#24 308.7    Compiling wamn-schema-control v0.0.1 (/build/crates/schema/control)
#24 308.7    Compiling wamn-runtime v0.0.1 (/build/crates/platform/runtime)
#24 308.7    Compiling wamn-client-terminal v0.0.1 (/build/crates/client/terminal)
#24 308.7    Compiling wamn-control-provision v0.0.1 (/build/crates/control/provision)
#24 308.7    Compiling wamn-ctl v0.0.1 (/build/services/ctl)
#24 313.0     Finished `release` profile [optimized] target(s) in 5.56s
#24 DONE 314.3s

#29 [build-dispatcher 2/2] RUN --mount=type=cache,id=wamn-root-cargo-registry,target=/usr/local/cargo/registry,sharing=locked     --mount=type=cache,id=wamn-root-cargo-git,target=/usr/local/cargo/git,sharing=locked     --mount=type=cache,id=wamn-root-target,target=/build/target,sharing=locked     cargo build --locked --release -p wamn-dispatcher  && install -D -m 0755 target/release/wamn-dispatcher /native-output/wamn-dispatcher
#29 ...

#32 [build-ctl 1/2] COPY --from=root-source /build /build
#32 DONE 0.3s

#29 [build-dispatcher 2/2] RUN --mount=type=cache,id=wamn-root-cargo-registry,target=/usr/local/cargo/registry,sharing=locked     --mount=type=cache,id=wamn-root-cargo-git,target=/usr/local/cargo/git,sharing=locked     --mount=type=cache,id=wamn-root-target,target=/build/target,sharing=locked     cargo build --locked --release -p wamn-dispatcher  && install -D -m 0755 target/release/wamn-dispatcher /native-output/wamn-dispatcher
#29 ...

#33 [build-ctl 2/2] RUN --mount=type=cache,id=wamn-root-cargo-registry,target=/usr/local/cargo/registry,sharing=locked     --mount=type=cache,id=wamn-root-cargo-git,target=/usr/local/cargo/git,sharing=locked     --mount=type=cache,id=wamn-root-target,target=/build/target,sharing=locked     cargo build --locked --release -p wamn-ctl  && cargo build --locked --release -p wamn-ctl --features ops --bin wamn-ctl-ops  && install -D -m 0755 target/release/wamn-ctl /native-output/wamn-ctl  && install -D -m 0755 target/release/wamn-ctl-ops /native-output/wamn-ctl-ops
#33 ...

#29 [build-dispatcher 2/2] RUN --mount=type=cache,id=wamn-root-cargo-registry,target=/usr/local/cargo/registry,sharing=locked     --mount=type=cache,id=wamn-root-cargo-git,target=/usr/local/cargo/git,sharing=locked     --mount=type=cache,id=wamn-root-target,target=/build/target,sharing=locked     cargo build --locked --release -p wamn-dispatcher  && install -D -m 0755 target/release/wamn-dispatcher /native-output/wamn-dispatcher
#29 307.9    Compiling wamn-pg-core v0.1.0 (/build/crates/platform/pg-core)
#29 307.9    Compiling wamn-control-registry v0.1.0 (/build/crates/control/registry)
#29 307.9    Compiling wamn-scheduler v0.1.0 (/build/crates/execution/scheduler)
#29 308.0    Compiling wamn-run-state v0.1.0 (/build/crates/execution/run-state)
#29 309.3    Compiling wamn-dispatcher v0.1.0 (/build/services/dispatcher)
#29 309.9 warning: type does not implement `std::fmt::Debug`; consider adding `#[derive(Debug)]` or a manual implementation
#29 309.9    --> services/dispatcher/src/lib.rs:293:1
#29 309.9     |
#29 309.9 293 | / pub struct ProjectState {
#29 309.9 294 | |     pub spec: ProjectSpec,
#29 309.9 295 | |     client: Client,
#29 309.9 296 | |     _conn: tokio::task::JoinHandle<()>,
#29 309.9 ...   |
#29 309.9 299 | |     pub last_sweep_ms: i64,
#29 309.9 300 | | }
#29 309.9     | |_^
#29 309.9     |
#29 309.9     = note: requested on the command line with `-W missing-debug-implementations`
#29 309.9 
#29 309.9 warning: type does not implement `std::fmt::Debug`; consider adding `#[derive(Debug)]` or a manual implementation
#29 309.9    --> services/dispatcher/src/lib.rs:318:1
#29 309.9     |
#29 309.9 318 | / pub struct DispatcherConfig {
#29 309.9 319 | |     /// The validated adaptive poll cadence: an inverted `min > max` band is
#29 309.9 320 | |     /// rejected at [`Cadence::new`], so the dispatcher's interval math can never
#29 309.9 321 | |     /// see one (R13-hardening — inverted ranges are unrepresentable here).
#29 309.9 322 | |     pub cadence: Cadence,
#29 309.9 323 | |     pub batch: usize,
#29 309.9 324 | | }
#29 309.9     | |_^
#29 309.9 
#29 309.9 warning: type does not implement `std::fmt::Debug`; consider adding `#[derive(Debug)]` or a manual implementation
#29 309.9    --> services/dispatcher/src/lib.rs:352:1
#29 309.9     |
#29 309.9 352 | / pub struct Dispatcher {
#29 309.9 353 | |     pub projects: Vec<ProjectState>,
#29 309.9 354 | |     nats: Option<async_nats::Client>,
#29 309.9 355 | |     cfg: DispatcherConfig,
#29 309.9 ...   |
#29 309.9 358 | |     depth: DepthRegistry,
#29 309.9 359 | | }
#29 309.9     | |_^
#29 309.9 
#29 313.1 warning: `wamn-dispatcher` (lib) generated 3 warnings
#29 363.7     Finished `release` profile [optimized] target(s) in 56.28s
#29 DONE 364.0s

#33 [build-ctl 2/2] RUN --mount=type=cache,id=wamn-root-cargo-registry,target=/usr/local/cargo/registry,sharing=locked     --mount=type=cache,id=wamn-root-cargo-git,target=/usr/local/cargo/git,sharing=locked     --mount=type=cache,id=wamn-root-target,target=/build/target,sharing=locked     cargo build --locked --release -p wamn-ctl  && cargo build --locked --release -p wamn-ctl --features ops --bin wamn-ctl-ops  && install -D -m 0755 target/release/wamn-ctl /native-output/wamn-ctl  && install -D -m 0755 target/release/wamn-ctl-ops /native-output/wamn-ctl-ops
#33 57.74    Compiling wamn-component-policy v0.1.0 (/build/crates/platform/component-policy)
#33 57.75    Compiling wamn-schema-introspection v0.1.0 (/build/crates/schema/introspection)
#33 57.75    Compiling wamn-control-registry v0.1.0 (/build/crates/control/registry)
#33 57.76    Compiling wamn-run-state v0.1.0 (/build/crates/execution/run-state)
#33 58.07    Compiling wamn-catalog v0.1.0 (/build/crates/catalog/model)
#33 59.97 warning: function `canonical_serialized` is never used
#33 59.97    --> crates/catalog/model/src/lib.rs:792:4
#33 59.97     |
#33 59.97 792 | fn canonical_serialized(value: &impl Serialize) -> Vec<u8> {
#33 59.97     |    ^^^^^^^^^^^^^^^^^^^^
#33 59.97     |
#33 59.97     = note: `#[warn(dead_code)]` (part of `#[warn(unused)]`) on by default
#33 59.97 
#33 60.92    Compiling wamn-client v0.1.0 (/build/crates/client/core)
#33 61.72    Compiling wamn-schema-generator v0.1.0 (/build/crates/schema/generator)
#33 64.50    Compiling wamn-client-tui v0.1.0 (/build/crates/client/tui)
#33 64.56    Compiling wamn-router v0.1.0 (/build/crates/execution/router)
#33 66.30    Compiling wamn-platform-identity v0.1.0 (/build/crates/identity/platform)
#33 66.88    Compiling wamn-client-terminal v0.1.0 (/build/crates/client/terminal)
#33 68.88    Compiling wamn-runtime v0.1.0 (/build/crates/platform/runtime)
#33 70.09 warning: `wamn-catalog` (lib) generated 1 warning
#33 70.09    Compiling wamn-schema-control v0.1.0 (/build/crates/schema/control)
#33 70.37    Compiling wamn-control-provision v0.1.0 (/build/crates/control/provision)
#33 70.38 warning: the item `Future` is imported redundantly
#33 70.38  --> crates/platform/runtime/src/connection_authority.rs:3:5
#33 70.38   |
#33 70.38 3 | use std::future::Future;
#33 70.38   |     ^^^^^^^^^^^^^^^^^^^
#33 70.38   |
#33 70.38  --> /rustc/88d9e12ae178fab0fb5cc050a94da85685d449ea/library/std/src/prelude/mod.rs:166:12
#33 70.38   |
#33 70.38   = note: the item `Future` is already defined here
#33 70.38   |
#33 70.38   = note: requested on the command line with `-W redundant-imports`
#33 70.38 
#33 70.42 warning: the item `Future` is imported redundantly
#33 70.42  --> crates/platform/runtime/src/plugins/wamn_postgres/pool.rs:7:5
#33 70.42   |
#33 70.42 7 | use std::future::Future;
#33 70.42   |     ^^^^^^^^^^^^^^^^^^^
#33 70.42   |
#33 70.42  --> /rustc/88d9e12ae178fab0fb5cc050a94da85685d449ea/library/std/src/prelude/mod.rs:166:12
#33 70.42   |
#33 70.42   = note: the item `Future` is already defined here
#33 70.42 
#33 74.58    Compiling wamn-authoring-model v0.1.0 (/build/crates/authoring/model)
#33 83.18 warning: constant `HTTP_CONTRACT` is never used
#33 83.18   --> crates/platform/runtime/src/plugins/connection_http.rs:52:7
#33 83.18    |
#33 83.18 52 | const HTTP_CONTRACT: &str = "wamn:connection/http@0.1.0";
#33 83.18    |       ^^^^^^^^^^^^^
#33 83.18    |
#33 83.18    = note: `#[warn(dead_code)]` (part of `#[warn(unused)]`) on by default
#33 83.18 
#33 83.25 warning: type does not implement `std::fmt::Debug`; consider adding `#[derive(Debug)]` or a manual implementation
#33 83.25    --> crates/platform/runtime/src/plugins/connection_http.rs:114:1
#33 83.25     |
#33 83.25 114 | / pub struct ConnectionHttp {
#33 83.25 115 | |     postgres: Arc<WamnPostgres>,
#33 83.25 116 | |     vault: Arc<WamnCredentials>,
#33 83.25 117 | |     tenant: Box<str>,
#33 83.25 ...   |
#33 83.25 133 | |     invocations: std::sync::RwLock<HashMap<String, ConnectionInvocation>>,
#33 83.25 134 | | }
#33 83.25     | |_^
#33 83.25     |
#33 83.25     = note: requested on the command line with `-W missing-debug-implementations`
#33 83.25 
#33 83.26 warning: type does not implement `std::fmt::Debug`; consider adding `#[derive(Debug)]` or a manual implementation
#33 83.26   --> crates/platform/runtime/src/plugins/wamn_credentials.rs:27:1
#33 83.26    |
#33 83.26 27 | / pub struct WamnCredentials {
#33 83.26 28 | |     /// Whether ANY backing source was configured. Distinguishes `unavailable`
#33 83.26 29 | |     /// (no source — retryable) from `not-found` (source present, name absent —
#33 83.26 30 | |     /// config-shaped).
#33 83.26 ...  |
#33 83.26 33 | |     projects: HashMap<String, HashMap<String, String>>,
#33 83.26 34 | | }
#33 83.26    | |_^
#33 83.26 
#33 83.26 warning: type does not implement `std::fmt::Debug`; consider adding `#[derive(Debug)]` or a manual implementation
#33 83.26    --> crates/platform/runtime/src/plugins/wamn_jetstream.rs:544:1
#33 83.26     |
#33 83.26 544 | / pub struct WamnJetstream {
#33 83.26 545 | |     nats_url: Option<String>,
#33 83.26 546 | |     /// Lazily-connected, memoized JetStream context. A `Mutex<Option<_>>` (not a
#33 83.26 547 | |     /// `OnceCell`) so a transient connect failure is retried on the next call
#33 83.26 ...   |
#33 83.26 569 | |     dlq_depth: Arc<DeadLetterDepth>,
#33 83.26 570 | | }
#33 83.26     | |_^
#33 83.26 
#33 83.26 warning: type does not implement `std::fmt::Debug`; consider adding `#[derive(Debug)]` or a manual implementation
#33 83.26     --> crates/platform/runtime/src/plugins/wamn_jetstream.rs:1209:1
#33 83.26      |
#33 83.26 1209 | / pub struct JsConsumer {
#33 83.26 1210 | |     consumer: Consumer<PullConfig>,
#33 83.26 1211 | |     dead_letter: Option<DeadLetterIdentity>,
#33 83.26 1212 | | }
#33 83.26      | |_^
#33 83.26 
#33 83.26 warning: type does not implement `std::fmt::Debug`; consider adding `#[derive(Debug)]` or a manual implementation
#33 83.26     --> crates/platform/runtime/src/plugins/wamn_jetstream.rs:1216:1
#33 83.26      |
#33 83.26 1216 | / pub struct JsMessage {
#33 83.26 1217 | |     msg: async_nats::jetstream::Message,
#33 83.26 1218 | |     dead_letter: Option<DeadLetterIdentity>,
#33 83.26 1219 | | }
#33 83.26      | |_^
#33 83.26 
#33 83.27 warning: type does not implement `std::fmt::Debug`; consider adding `#[derive(Debug)]` or a manual implementation
#33 83.27    --> crates/platform/runtime/src/plugins/wamn_logging.rs:213:1
#33 83.27     |
#33 83.27 213 | / pub struct Capture {
#33 83.27 214 | |     records: std::sync::Mutex<Vec<CapturedRec>>,
#33 83.27 215 | | }
#33 83.27     | |_^
#33 83.27 
#33 83.27 warning: type does not implement `std::fmt::Debug`; consider adding `#[derive(Debug)]` or a manual implementation
#33 83.27    --> crates/platform/runtime/src/plugins/wamn_logging.rs:235:1
#33 83.27     |
#33 83.27 235 | / pub struct WamnLogging {
#33 83.27 236 | |     /// component id → host-trusted {tenant, project}.
#33 83.27 237 | |     claims: std::sync::RwLock<HashMap<String, Claim>>,
#33 83.27 238 | |     /// Bounded front queue; `try_send` keeps `log()` non-blocking.
#33 83.27 ...   |
#33 83.27 243 | |     _drain: tokio::task::JoinHandle<()>,
#33 83.27 244 | | }
#33 83.27     | |_^
#33 83.27 
#33 83.27 warning: type does not implement `std::fmt::Debug`; consider adding `#[derive(Debug)]` or a manual implementation
#33 83.27    --> crates/platform/runtime/src/plugins/wamn_postgres/claims.rs:55:1
#33 83.27     |
#33 83.27  55 | / pub struct WamnPostgres {
#33 83.27  56 | |     /// Resolves a project id → its database connection + policy.
#33 83.27  57 | |     provider: Arc<dyn CredentialProvider>,
#33 83.27  58 | |     /// Guest-visible project pools, built lazily and never shared with host-owned
#33 83.27 ...   |
#33 83.27 121 | |     pub(super) bind_counters: super::BindCounters,
#33 83.27 122 | | }
#33 83.27     | |_^
#33 83.27 
#33 83.28 warning: type does not implement `std::fmt::Debug`; consider adding `#[derive(Debug)]` or a manual implementation
#33 83.28    --> crates/platform/runtime/src/plugins/wamn_postgres/pool.rs:339:1
#33 83.28     |
#33 83.28 339 | / pub struct StaticCredentialProvider {
#33 83.28 340 | |     projects: HashMap<String, ProjectConfig>,
#33 83.28 341 | | }
#33 83.28     | |_^
#33 83.28 
#33 83.28 warning: type does not implement `std::fmt::Debug`; consider adding `#[derive(Debug)]` or a manual implementation
#33 83.28    --> crates/platform/runtime/src/plugins/wamn_postgres/pool.rs:514:1
#33 83.28     |
#33 83.28 514 | / pub struct K8sSecretProvider {
#33 83.28 515 | |     pub namespace: String,
#33 83.28 516 | | }
#33 83.28     | |_^
#33 83.28 
#33 83.28 warning: type does not implement `std::fmt::Debug`; consider adding `#[derive(Debug)]` or a manual implementation
#33 83.28    --> crates/platform/runtime/src/plugins/wamn_postgres/resources.rs:99:1
#33 83.28     |
#33 83.28  99 | / pub struct PgTransaction {
#33 83.28 100 | |     state: SharedTxnState,
#33 83.28 101 | |     destroyed: Arc<AtomicU64>,
#33 83.28 102 | |     cursor_seq: u32,
#33 83.28 103 | |     /// Row limit of the project this transaction's connection belongs to.
#33 83.28 104 | |     row_limit: u64,
#33 83.28 105 | | }
#33 83.28     | |_^
#33 83.28 
#33 83.28 warning: type does not implement `std::fmt::Debug`; consider adding `#[derive(Debug)]` or a manual implementation
#33 83.28    --> crates/platform/runtime/src/plugins/wamn_postgres/resources.rs:145:1
#33 83.28     |
#33 83.28 145 | / pub struct PgCursor {
#33 83.28 146 | |     state: SharedTxnState,
#33 83.29 147 | |     destroyed: Arc<AtomicU64>,
#33 83.29 148 | |     name: String,
#33 83.29 149 | | }
#33 83.29     | |_^
#33 83.29 
#33 83.30 warning: type does not implement `std::fmt::Debug`; consider adding `#[derive(Debug)]` or a manual implementation
#33 83.30    --> crates/platform/runtime/src/wiring_doorbell.rs:145:1
#33 83.30     |
#33 83.30 145 | / pub struct WiringDoorbellListener {
#33 83.30 146 | |     shutdown: tokio::sync::watch::Sender<bool>,
#33 83.30 147 | |     task: tokio::task::JoinHandle<()>,
#33 83.30 148 | | }
#33 83.30     | |_^
#33 83.30 
#33 89.97    Compiling wamn-ctl v0.1.0 (/build/services/ctl)
#33 100.5 warning: function `run_once_stages` is never used
#33 100.5    --> services/ctl/src/dev.rs:604:10
#33 100.5     |
#33 100.5 604 | async fn run_once_stages<R>(
#33 100.5     |          ^^^^^^^^^^^^^^^
#33 100.5     |
#33 100.5     = note: `#[warn(dead_code)]` (part of `#[warn(unused)]`) on by default
#33 100.5 
#33 100.5 warning: function `verify_source_package_with_client` is never used
#33 100.5     --> services/ctl/src/push_component.rs:1301:10
#33 100.5      |
#33 100.5 1301 | async fn verify_source_package_with_client(
#33 100.5      |          ^^^^^^^^^^^^^^^^^^^^^^^^^^^^^^^^^
#33 100.5 
#33 110.3 warning: `wamn-runtime` (lib) generated 16 warnings
#33 126.0 warning: `wamn-ctl` (lib) generated 2 warnings
#33 480.5     Finished `release` profile [optimized] target(s) in 7m 03s
#33 481.3 warning: function `canonical_serialized` is never used
#33 481.3    --> crates/catalog/model/src/lib.rs:792:4
#33 481.3     |
#33 481.3 792 | fn canonical_serialized(value: &impl Serialize) -> Vec<u8> {
#33 481.3     |    ^^^^^^^^^^^^^^^^^^^^
#33 481.3     |
#33 481.3     = note: `#[warn(dead_code)]` (part of `#[warn(unused)]`) on by default
#33 481.3 
#33 481.3 warning: `wamn-catalog` (lib) generated 1 warning
#33 481.3 warning: the item `Future` is imported redundantly
#33 481.3  --> crates/platform/runtime/src/connection_authority.rs:3:5
#33 481.3   |
#33 481.3 3 | use std::future::Future;
#33 481.3   |     ^^^^^^^^^^^^^^^^^^^
#33 481.3   |
#33 481.3  --> /rustc/88d9e12ae178fab0fb5cc050a94da85685d449ea/library/std/src/prelude/mod.rs:166:12
#33 481.3   |
#33 481.3   = note: the item `Future` is already defined here
#33 481.3   |
#33 481.3   = note: requested on the command line with `-W redundant-imports`
#33 481.3 
#33 481.3 warning: the item `Future` is imported redundantly
#33 481.3  --> crates/platform/runtime/src/plugins/wamn_postgres/pool.rs:7:5
#33 481.3   |
#33 481.3 7 | use std::future::Future;
#33 481.3   |     ^^^^^^^^^^^^^^^^^^^
#33 481.3   |
#33 481.3  --> /rustc/88d9e12ae178fab0fb5cc050a94da85685d449ea/library/std/src/prelude/mod.rs:166:12
#33 481.3   |
#33 481.3   = note: the item `Future` is already defined here
#33 481.3 
#33 481.3 warning: constant `HTTP_CONTRACT` is never used
#33 481.3   --> crates/platform/runtime/src/plugins/connection_http.rs:52:7
#33 481.3    |
#33 481.3 52 | const HTTP_CONTRACT: &str = "wamn:connection/http@0.1.0";
#33 481.3    |       ^^^^^^^^^^^^^
#33 481.3    |
#33 481.3    = note: `#[warn(dead_code)]` (part of `#[warn(unused)]`) on by default
#33 481.3 
#33 481.3 warning: type does not implement `std::fmt::Debug`; consider adding `#[derive(Debug)]` or a manual implementation
#33 481.3    --> crates/platform/runtime/src/plugins/connection_http.rs:114:1
#33 481.3     |
#33 481.3 114 | / pub struct ConnectionHttp {
#33 481.3 115 | |     postgres: Arc<WamnPostgres>,
#33 481.3 116 | |     vault: Arc<WamnCredentials>,
#33 481.3 117 | |     tenant: Box<str>,
#33 481.3 ...   |
#33 481.3 133 | |     invocations: std::sync::RwLock<HashMap<String, ConnectionInvocation>>,
#33 481.3 134 | | }
#33 481.3     | |_^
#33 481.3     |
#33 481.3     = note: requested on the command line with `-W missing-debug-implementations`
#33 481.3 
#33 481.3 warning: type does not implement `std::fmt::Debug`; consider adding `#[derive(Debug)]` or a manual implementation
#33 481.3   --> crates/platform/runtime/src/plugins/wamn_credentials.rs:27:1
#33 481.3    |
#33 481.3 27 | / pub struct WamnCredentials {
#33 481.3 28 | |     /// Whether ANY backing source was configured. Distinguishes `unavailable`
#33 481.3 29 | |     /// (no source — retryable) from `not-found` (source present, name absent —
#33 481.3 30 | |     /// config-shaped).
#33 481.3 ...  |
#33 481.3 33 | |     projects: HashMap<String, HashMap<String, String>>,
#33 481.3 34 | | }
#33 481.3    | |_^
#33 481.3 
#33 481.3 warning: type does not implement `std::fmt::Debug`; consider adding `#[derive(Debug)]` or a manual implementation
#33 481.3    --> crates/platform/runtime/src/plugins/wamn_jetstream.rs:544:1
#33 481.3     |
#33 481.3 544 | / pub struct WamnJetstream {
#33 481.3 545 | |     nats_url: Option<String>,
#33 481.3 546 | |     /// Lazily-connected, memoized JetStream context. A `Mutex<Option<_>>` (not a
#33 481.3 547 | |     /// `OnceCell`) so a transient connect failure is retried on the next call
#33 481.3 ...   |
#33 481.3 569 | |     dlq_depth: Arc<DeadLetterDepth>,
#33 481.3 570 | | }
#33 481.3     | |_^
#33 481.3 
#33 481.3 warning: type does not implement `std::fmt::Debug`; consider adding `#[derive(Debug)]` or a manual implementation
#33 481.3     --> crates/platform/runtime/src/plugins/wamn_jetstream.rs:1209:1
#33 481.3      |
#33 481.3 1209 | / pub struct JsConsumer {
#33 481.3 1210 | |     consumer: Consumer<PullConfig>,
#33 481.3 1211 | |     dead_letter: Option<DeadLetterIdentity>,
#33 481.3 1212 | | }
#33 481.3      | |_^
#33 481.3 
#33 481.3 warning: type does not implement `std::fmt::Debug`; consider adding `#[derive(Debug)]` or a manual implementation
#33 481.3     --> crates/platform/runtime/src/plugins/wamn_jetstream.rs:1216:1
#33 481.3      |
#33 481.3 1216 | / pub struct JsMessage {
#33 481.3 1217 | |     msg: async_nats::jetstream::Message,
#33 481.3 1218 | |     dead_letter: Option<DeadLetterIdentity>,
#33 481.3 1219 | | }
#33 481.3      | |_^
#33 481.3 
#33 481.3 warning: type does not implement `std::fmt::Debug`; consider adding `#[derive(Debug)]` or a manual implementation
#33 481.3    --> crates/platform/runtime/src/plugins/wamn_logging.rs:213:1
#33 481.3     |
#33 481.3 213 | / pub struct Capture {
#33 481.3 214 | |     records: std::sync::Mutex<Vec<CapturedRec>>,
#33 481.3 215 | | }
#33 481.3     | |_^
#33 481.3 
#33 481.3 warning: type does not implement `std::fmt::Debug`; consider adding `#[derive(Debug)]` or a manual implementation
#33 481.3    --> crates/platform/runtime/src/plugins/wamn_logging.rs:235:1
#33 481.3     |
#33 481.3 235 | / pub struct WamnLogging {
#33 481.3 236 | |     /// component id → host-trusted {tenant, project}.
#33 481.3 237 | |     claims: std::sync::RwLock<HashMap<String, Claim>>,
#33 481.3 238 | |     /// Bounded front queue; `try_send` keeps `log()` non-blocking.
#33 481.3 ...   |
#33 481.3 243 | |     _drain: tokio::task::JoinHandle<()>,
#33 481.3 244 | | }
#33 481.3     | |_^
#33 481.3 
#33 481.3 warning: type does not implement `std::fmt::Debug`; consider adding `#[derive(Debug)]` or a manual implementation
#33 481.3    --> crates/platform/runtime/src/plugins/wamn_postgres/claims.rs:55:1
#33 481.3     |
#33 481.3  55 | / pub struct WamnPostgres {
#33 481.3  56 | |     /// Resolves a project id → its database connection + policy.
#33 481.3  57 | |     provider: Arc<dyn CredentialProvider>,
#33 481.3  58 | |     /// Guest-visible project pools, built lazily and never shared with host-owned
#33 481.3 ...   |
#33 481.3 121 | |     pub(super) bind_counters: super::BindCounters,
#33 481.3 122 | | }
#33 481.3     | |_^
#33 481.3 
#33 481.3 warning: type does not implement `std::fmt::Debug`; consider adding `#[derive(Debug)]` or a manual implementation
#33 481.3    --> crates/platform/runtime/src/plugins/wamn_postgres/pool.rs:339:1
#33 481.3     |
#33 481.3 339 | / pub struct StaticCredentialProvider {
#33 481.3 340 | |     projects: HashMap<String, ProjectConfig>,
#33 481.3 341 | | }
#33 481.3     | |_^
#33 481.3 
#33 481.3 warning: type does not implement `std::fmt::Debug`; consider adding `#[derive(Debug)]` or a manual implementation
#33 481.3    --> crates/platform/runtime/src/plugins/wamn_postgres/pool.rs:514:1
#33 481.3     |
#33 481.3 514 | / pub struct K8sSecretProvider {
#33 481.3 515 | |     pub namespace: String,
#33 481.3 516 | | }
#33 481.3     | |_^
#33 481.3 
#33 481.3 warning: type does not implement `std::fmt::Debug`; consider adding `#[derive(Debug)]` or a manual implementation
#33 481.3    --> crates/platform/runtime/src/plugins/wamn_postgres/resources.rs:99:1
#33 481.3     |
#33 481.3  99 | / pub struct PgTransaction {
#33 481.3 100 | |     state: SharedTxnState,
#33 481.3 101 | |     destroyed: Arc<AtomicU64>,
#33 481.3 102 | |     cursor_seq: u32,
#33 481.3 103 | |     /// Row limit of the project this transaction's connection belongs to.
#33 481.3 104 | |     row_limit: u64,
#33 481.3 105 | | }
#33 481.3     | |_^
#33 481.3 
#33 481.3 warning: type does not implement `std::fmt::Debug`; consider adding `#[derive(Debug)]` or a manual implementation
#33 481.3    --> crates/platform/runtime/src/plugins/wamn_postgres/resources.rs:145:1
#33 481.3     |
#33 481.3 145 | / pub struct PgCursor {
#33 481.3 146 | |     state: SharedTxnState,
#33 481.3 147 | |     destroyed: Arc<AtomicU64>,
#33 481.3 148 | |     name: String,
#33 481.3 149 | | }
#33 481.3     | |_^
#33 481.3 
#33 481.3 warning: type does not implement `std::fmt::Debug`; consider adding `#[derive(Debug)]` or a manual implementation
#33 481.3    --> crates/platform/runtime/src/wiring_doorbell.rs:145:1
#33 481.3     |
#33 481.3 145 | / pub struct WiringDoorbellListener {
#33 481.3 146 | |     shutdown: tokio::sync::watch::Sender<bool>,
#33 481.3 147 | |     task: tokio::task::JoinHandle<()>,
#33 481.3 148 | | }
#33 481.3     | |_^
#33 481.3 
#33 481.3 warning: `wamn-runtime` (lib) generated 16 warnings
#33 481.3    Compiling wamn-control-provision v0.1.0 (/build/crates/control/provision)
#33 481.8    Compiling wamn-ctl v0.1.0 (/build/services/ctl)
#33 487.0 warning: function `run_once_stages` is never used
#33 487.0    --> services/ctl/src/dev.rs:604:10
#33 487.0     |
#33 487.0 604 | async fn run_once_stages<R>(
#33 487.0     |          ^^^^^^^^^^^^^^^
#33 487.0     |
#33 487.0     = note: `#[warn(dead_code)]` (part of `#[warn(unused)]`) on by default
#33 487.0 
#33 487.0 warning: function `verify_source_package_with_client` is never used
#33 487.0     --> services/ctl/src/push_component.rs:1301:10
#33 487.0      |
#33 487.0 1301 | async fn verify_source_package_with_client(
#33 487.0      |          ^^^^^^^^^^^^^^^^^^^^^^^^^^^^^^^^^
#33 487.0 
#33 504.1 warning: `wamn-ctl` (lib) generated 2 warnings
#33 549.7     Finished `release` profile [optimized] target(s) in 1m 09s
#33 DONE 549.9s

#31 [build-cdc-reader 2/2] RUN --mount=type=cache,id=wamn-root-cargo-registry,target=/usr/local/cargo/registry,sharing=locked     --mount=type=cache,id=wamn-root-cargo-git,target=/usr/local/cargo/git,sharing=locked     --mount=type=cache,id=wamn-root-target,target=/build/target,sharing=locked     cargo build --locked --release -p wamn-cdc-reader  && install -D -m 0755 target/release/wamn-cdc-reader /native-output/wamn-cdc-reader
#31 ...

#34 [gates  1/10] COPY --from=build-gates /native-output/wamn-gates /usr/local/bin/wamn-gates
#34 CACHED

#35 [build-host 1/2] COPY --from=root-source /build /build
#35 CACHED

#36 [build-host 2/2] RUN --mount=type=cache,id=wamn-root-cargo-registry,target=/usr/local/cargo/registry,sharing=locked     --mount=type=cache,id=wamn-root-cargo-git,target=/usr/local/cargo/git,sharing=locked     --mount=type=cache,id=wamn-root-target,target=/build/target,sharing=locked     cargo build --locked --release -p wamn-host  && install -D -m 0755 target/release/wamn-host /native-output/wamn-host
#36 CACHED

#37 [host 3/3] COPY --from=build-host /native-output/wamn-host /usr/local/bin/wamn-host
#37 CACHED

#38 [cook-host 1/1] RUN --mount=type=cache,id=wamn-root-cargo-registry,target=/usr/local/cargo/registry,sharing=locked     --mount=type=cache,id=wamn-root-cargo-git,target=/usr/local/cargo/git,sharing=locked     --mount=type=cache,id=wamn-root-target,target=/build/target,sharing=locked     cargo chef cook --locked --release --recipe-path root-recipe.json -p wamn-host
#38 CACHED

#39 [host 2/3] RUN apt-get update && apt-get install -y --no-install-recommends ca-certificates && rm -rf /var/lib/apt/lists/*
#39 CACHED

#40 [gates  2/10] COPY --from=build-ctl /native-output/wamn-ctl /usr/local/bin/wamn-ctl
#40 CACHED

#41 [gates  3/10] COPY --from=build-ctl /native-output/wamn-ctl-ops /usr/local/bin/wamn-ctl-ops
#41 DONE 0.1s

#31 [build-cdc-reader 2/2] RUN --mount=type=cache,id=wamn-root-cargo-registry,target=/usr/local/cargo/registry,sharing=locked     --mount=type=cache,id=wamn-root-cargo-git,target=/usr/local/cargo/git,sharing=locked     --mount=type=cache,id=wamn-root-target,target=/build/target,sharing=locked     cargo build --locked --release -p wamn-cdc-reader  && install -D -m 0755 target/release/wamn-cdc-reader /native-output/wamn-cdc-reader
#31 ...

#42 [component-toolchain 3/6] COPY Cargo.toml /build/Cargo.toml
#42 CACHED

#43 [component-toolchain 1/6] RUN rustup target add --toolchain 1.97.0 wasm32-wasip2
#43 CACHED

#44 [component-toolchain 5/6] COPY components /build/components
#44 CACHED

#45 [component-toolchain 6/6] WORKDIR /build/components
#45 CACHED

#46 [component-toolchain 2/6] COPY .cargo/config.toml /build/.cargo/config.toml
#46 CACHED

#47 [component-toolchain 4/6] COPY crates /build/crates
#47 CACHED

#48 [component-builder 1/1] RUN --mount=type=cache,id=wamn-component-cargo-registry,target=/usr/local/cargo/registry,sharing=locked     --mount=type=cache,id=wamn-component-cargo-git,target=/usr/local/cargo/git,sharing=locked     --mount=type=cache,id=wamn-component-target,target=/build/components/target,sharing=locked     cargo +1.97.0 build --locked --release --target wasm32-wasip2       -p http-route  && cargo +1.97.0 build --locked --release --target wasm32-wasip2       -p materializer -p busyloop -p connection-http-standard -p sockprobe  && install -d /component-output  && for artifact in       http_route materializer       busyloop connection_http_standard sockprobe; do       install -m 0644 "target/wasm32-wasip2/release/${artifact}.wasm"         "/component-output/${artifact}.wasm";     done
#48 CACHED

#31 [build-cdc-reader 2/2] RUN --mount=type=cache,id=wamn-root-cargo-registry,target=/usr/local/cargo/registry,sharing=locked     --mount=type=cache,id=wamn-root-cargo-git,target=/usr/local/cargo/git,sharing=locked     --mount=type=cache,id=wamn-root-target,target=/build/target,sharing=locked     cargo build --locked --release -p wamn-cdc-reader  && install -D -m 0755 target/release/wamn-cdc-reader /native-output/wamn-cdc-reader
#31 851.0    Compiling wamn-catalog v0.1.0 (/build/crates/catalog/model)
#31 851.0    Compiling wamn-schema-introspection v0.1.0 (/build/crates/schema/introspection)
#31 851.0    Compiling wamn-run-state v0.1.0 (/build/crates/execution/run-state)
#31 851.0    Compiling wamn-control-registry v0.1.0 (/build/crates/control/registry)
#31 852.4 warning: function `canonical_serialized` is never used
#31 852.4    --> crates/catalog/model/src/lib.rs:792:4
#31 852.4     |
#31 852.4 792 | fn canonical_serialized(value: &impl Serialize) -> Vec<u8> {
#31 852.4     |    ^^^^^^^^^^^^^^^^^^^^
#31 852.4     |
#31 852.4     = note: `#[warn(dead_code)]` (part of `#[warn(unused)]`) on by default
#31 852.4 
#31 853.4    Compiling wamn-schema-generator v0.1.0 (/build/crates/schema/generator)
#31 856.6 warning: `wamn-catalog` (lib) generated 1 warning
#31 858.2    Compiling wamn-control-provision v0.1.0 (/build/crates/control/provision)
#31 860.7    Compiling wamn-cdc-reader v0.1.0 (/build/services/cdc-reader)
#31 903.5     Finished `release` profile [optimized] target(s) in 52.78s
#31 DONE 903.6s

#49 [gates  4/10] COPY --from=build-cdc-reader /native-output/wamn-cdc-reader /usr/local/bin/wamn-cdc-reader
#49 DONE 0.1s

#50 [gates  5/10] COPY --from=build-dispatcher /native-output/wamn-dispatcher /usr/local/bin/wamn-dispatcher
#50 DONE 0.2s

#51 [gates  6/10] COPY --from=component-builder /component-output/busyloop.wasm /bench/busyloop.wasm
#51 DONE 0.1s

#52 [gates  7/10] COPY --from=component-builder /component-output/sockprobe.wasm /bench/sockprobe.wasm
#52 DONE 0.1s

#53 [gates  8/10] COPY --from=component-builder /component-output/http_route.wasm /bench/http-route.wasm
#53 DONE 0.1s

#54 [gates  9/10] COPY --from=component-builder /component-output/materializer.wasm /bench/materializer.wasm
#54 DONE 0.1s

#55 [gates 10/10] COPY --from=component-builder /component-output/connection_http_standard.wasm /bench/connection-http-standard.wasm
#55 DONE 0.1s

#56 exporting to image
#56 exporting layers
#56 exporting layers 0.5s done
#56 writing image sha256:60a5775fd596f37eca44bc5c689dfd5293b15709bbbf74d0d60df6ab01a8de47 done
#56 naming to docker.io/library/wamn-gates:receiving-a0775e679cd9-2450479-release 0.0s done
#56 DONE 0.5s
Creating cluster "wamn-receiving-postcommit" ...
 • Ensuring node image (kindest/node:v1.36.1) 🖼  ...
 ✓ Ensuring node image (kindest/node:v1.36.1) 🖼
 • Preparing nodes 📦 📦 📦   ...
 ✓ Preparing nodes 📦 📦 📦 
 • Writing configuration 📜  ...
 ✓ Writing configuration 📜
 • Starting control-plane 🕹️  ...
 ✓ Starting control-plane 🕹️
 • Installing CNI 🔌  ...
 ✓ Installing CNI 🔌
 • Installing StorageClass 💾  ...
 ✓ Installing StorageClass 💾
 • Joining worker nodes 🚜  ...
 ✓ Joining worker nodes 🚜
Set kubectl context to "kind-wamn-receiving-postcommit"
You can now use your cluster with:

kubectl cluster-info --context kind-wamn-receiving-postcommit --kubeconfig /tmp/tmp.g08VbGateG/kubeconfig

Have a question, bug, or feature request? Let us know! https://kind.sigs.k8s.io/#community 🙂
node/wamn-receiving-postcommit-control-plane condition met
node/wamn-receiving-postcommit-worker condition met
node/wamn-receiving-postcommit-worker2 condition met
namespace/wamn-receiving-postcommit created
Image: "wamn-host:receiving-a0775e679cd9-2450479-release" with ID "sha256:ab42b7b40c7925a019ef6f7c1169e0d4d7cb59e264bf77dec854dbbd1616b431" not yet present on node "wamn-receiving-postcommit-worker2", loading...
Image: "wamn-host:receiving-a0775e679cd9-2450479-release" with ID "sha256:ab42b7b40c7925a019ef6f7c1169e0d4d7cb59e264bf77dec854dbbd1616b431" not yet present on node "wamn-receiving-postcommit-control-plane", loading...
Image: "wamn-host:receiving-a0775e679cd9-2450479-release" with ID "sha256:ab42b7b40c7925a019ef6f7c1169e0d4d7cb59e264bf77dec854dbbd1616b431" not yet present on node "wamn-receiving-postcommit-worker", loading...
Image: "wamn-gates:receiving-a0775e679cd9-2450479-release" with ID "sha256:60a5775fd596f37eca44bc5c689dfd5293b15709bbbf74d0d60df6ab01a8de47" not yet present on node "wamn-receiving-postcommit-worker2", loading...
Image: "wamn-gates:receiving-a0775e679cd9-2450479-release" with ID "sha256:60a5775fd596f37eca44bc5c689dfd5293b15709bbbf74d0d60df6ab01a8de47" not yet present on node "wamn-receiving-postcommit-control-plane", loading...
Image: "wamn-gates:receiving-a0775e679cd9-2450479-release" with ID "sha256:60a5775fd596f37eca44bc5c689dfd5293b15709bbbf74d0d60df6ab01a8de47" not yet present on node "wamn-receiving-postcommit-worker", loading...
10a27a7e469b3657c1bb7140535a7e9006cf6618ae770d7c79eaddb0cb476b7d
2d9a14aeb1388c8258900d71379637bc5124d8f74e64e012e46b71207514b4a8
aeb4aabb6be517648691caac3ea762852a038dcc59e22a9aa1553fc345df384a
warning: function `canonical_serialized` is never used
   --> crates/catalog/model/src/lib.rs:792:4
    |
792 | fn canonical_serialized(value: &impl Serialize) -> Vec<u8> {
    |    ^^^^^^^^^^^^^^^^^^^^
    |
    = note: `#[warn(dead_code)]` (part of `#[warn(unused)]`) on by default

warning: `wamn-catalog` (lib) generated 1 warning
warning: the item `Future` is imported redundantly
 --> crates/platform/runtime/src/connection_authority.rs:3:5
  |
3 | use std::future::Future;
  |     ^^^^^^^^^^^^^^^^^^^
  |
 --> /rustc/88d9e12ae178fab0fb5cc050a94da85685d449ea/library/std/src/prelude/mod.rs:166:12
  |
  = note: the item `Future` is already defined here
  |
  = note: requested on the command line with `-W redundant-imports`

warning: the item `Future` is imported redundantly
 --> crates/platform/runtime/src/plugins/wamn_postgres/pool.rs:7:5
  |
7 | use std::future::Future;
  |     ^^^^^^^^^^^^^^^^^^^
  |
 --> /rustc/88d9e12ae178fab0fb5cc050a94da85685d449ea/library/std/src/prelude/mod.rs:166:12
  |
  = note: the item `Future` is already defined here

warning: constant `HTTP_CONTRACT` is never used
  --> crates/platform/runtime/src/plugins/connection_http.rs:52:7
   |
52 | const HTTP_CONTRACT: &str = "wamn:connection/http@0.1.0";
   |       ^^^^^^^^^^^^^
   |
   = note: `#[warn(dead_code)]` (part of `#[warn(unused)]`) on by default

warning: type does not implement `std::fmt::Debug`; consider adding `#[derive(Debug)]` or a manual implementation
   --> crates/platform/runtime/src/plugins/connection_http.rs:114:1
    |
114 | / pub struct ConnectionHttp {
115 | |     postgres: Arc<WamnPostgres>,
116 | |     vault: Arc<WamnCredentials>,
117 | |     tenant: Box<str>,
...   |
133 | |     invocations: std::sync::RwLock<HashMap<String, ConnectionInvocation>>,
134 | | }
    | |_^
    |
    = note: requested on the command line with `-W missing-debug-implementations`

warning: type does not implement `std::fmt::Debug`; consider adding `#[derive(Debug)]` or a manual implementation
  --> crates/platform/runtime/src/plugins/wamn_credentials.rs:27:1
   |
27 | / pub struct WamnCredentials {
28 | |     /// Whether ANY backing source was configured. Distinguishes `unavailable`
29 | |     /// (no source — retryable) from `not-found` (source present, name absent —
30 | |     /// config-shaped).
...  |
33 | |     projects: HashMap<String, HashMap<String, String>>,
34 | | }
   | |_^

warning: type does not implement `std::fmt::Debug`; consider adding `#[derive(Debug)]` or a manual implementation
   --> crates/platform/runtime/src/plugins/wamn_jetstream.rs:544:1
    |
544 | / pub struct WamnJetstream {
545 | |     nats_url: Option<String>,
546 | |     /// Lazily-connected, memoized JetStream context. A `Mutex<Option<_>>` (not a
547 | |     /// `OnceCell`) so a transient connect failure is retried on the next call
...   |
569 | |     dlq_depth: Arc<DeadLetterDepth>,
570 | | }
    | |_^

warning: type does not implement `std::fmt::Debug`; consider adding `#[derive(Debug)]` or a manual implementation
    --> crates/platform/runtime/src/plugins/wamn_jetstream.rs:1209:1
     |
1209 | / pub struct JsConsumer {
1210 | |     consumer: Consumer<PullConfig>,
1211 | |     dead_letter: Option<DeadLetterIdentity>,
1212 | | }
     | |_^

warning: type does not implement `std::fmt::Debug`; consider adding `#[derive(Debug)]` or a manual implementation
    --> crates/platform/runtime/src/plugins/wamn_jetstream.rs:1216:1
     |
1216 | / pub struct JsMessage {
1217 | |     msg: async_nats::jetstream::Message,
1218 | |     dead_letter: Option<DeadLetterIdentity>,
1219 | | }
     | |_^

warning: type does not implement `std::fmt::Debug`; consider adding `#[derive(Debug)]` or a manual implementation
   --> crates/platform/runtime/src/plugins/wamn_logging.rs:213:1
    |
213 | / pub struct Capture {
214 | |     records: std::sync::Mutex<Vec<CapturedRec>>,
215 | | }
    | |_^

warning: type does not implement `std::fmt::Debug`; consider adding `#[derive(Debug)]` or a manual implementation
   --> crates/platform/runtime/src/plugins/wamn_logging.rs:235:1
    |
235 | / pub struct WamnLogging {
236 | |     /// component id → host-trusted {tenant, project}.
237 | |     claims: std::sync::RwLock<HashMap<String, Claim>>,
238 | |     /// Bounded front queue; `try_send` keeps `log()` non-blocking.
...   |
243 | |     _drain: tokio::task::JoinHandle<()>,
244 | | }
    | |_^

warning: type does not implement `std::fmt::Debug`; consider adding `#[derive(Debug)]` or a manual implementation
   --> crates/platform/runtime/src/plugins/wamn_postgres/claims.rs:55:1
    |
 55 | / pub struct WamnPostgres {
 56 | |     /// Resolves a project id → its database connection + policy.
 57 | |     provider: Arc<dyn CredentialProvider>,
 58 | |     /// Guest-visible project pools, built lazily and never shared with host-owned
...   |
121 | |     pub(super) bind_counters: super::BindCounters,
122 | | }
    | |_^

warning: type does not implement `std::fmt::Debug`; consider adding `#[derive(Debug)]` or a manual implementation
   --> crates/platform/runtime/src/plugins/wamn_postgres/pool.rs:339:1
    |
339 | / pub struct StaticCredentialProvider {
340 | |     projects: HashMap<String, ProjectConfig>,
341 | | }
    | |_^

warning: type does not implement `std::fmt::Debug`; consider adding `#[derive(Debug)]` or a manual implementation
   --> crates/platform/runtime/src/plugins/wamn_postgres/pool.rs:514:1
    |
514 | / pub struct K8sSecretProvider {
515 | |     pub namespace: String,
516 | | }
    | |_^

warning: type does not implement `std::fmt::Debug`; consider adding `#[derive(Debug)]` or a manual implementation
   --> crates/platform/runtime/src/plugins/wamn_postgres/resources.rs:99:1
    |
 99 | / pub struct PgTransaction {
100 | |     state: SharedTxnState,
101 | |     destroyed: Arc<AtomicU64>,
102 | |     cursor_seq: u32,
103 | |     /// Row limit of the project this transaction's connection belongs to.
104 | |     row_limit: u64,
105 | | }
    | |_^

warning: type does not implement `std::fmt::Debug`; consider adding `#[derive(Debug)]` or a manual implementation
   --> crates/platform/runtime/src/plugins/wamn_postgres/resources.rs:145:1
    |
145 | / pub struct PgCursor {
146 | |     state: SharedTxnState,
147 | |     destroyed: Arc<AtomicU64>,
148 | |     name: String,
149 | | }
    | |_^

warning: type does not implement `std::fmt::Debug`; consider adding `#[derive(Debug)]` or a manual implementation
   --> crates/platform/runtime/src/wiring_doorbell.rs:145:1
    |
145 | / pub struct WiringDoorbellListener {
146 | |     shutdown: tokio::sync::watch::Sender<bool>,
147 | |     task: tokio::task::JoinHandle<()>,
148 | | }
    | |_^

warning: `wamn-runtime` (lib) generated 16 warnings
warning: function `run_once_stages` is never used
   --> services/ctl/src/dev.rs:604:10
    |
604 | async fn run_once_stages<R>(
    |          ^^^^^^^^^^^^^^^
    |
    = note: `#[warn(dead_code)]` (part of `#[warn(unused)]`) on by default

warning: function `verify_source_package_with_client` is never used
    --> services/ctl/src/push_component.rs:1301:10
     |
1301 | async fn verify_source_package_with_client(
     |          ^^^^^^^^^^^^^^^^^^^^^^^^^^^^^^^^^

warning: type does not implement `std::fmt::Debug`; consider adding `#[derive(Debug)]` or a manual implementation
   --> services/scenario-worker/src/authoring.rs:218:1
    |
218 | / pub struct InternalAuthoringBackend {
219 | |     authority: InternalDevAdmin,
220 | |     client: Client,
221 | |     connection_task: tokio::task::JoinHandle<()>,
222 | |     tenant_id: Box<str>,
223 | |     source_schema: BareSchemaName,
224 | | }
    | |_^
    |
    = note: requested on the command line with `-W missing-debug-implementations`

warning: type does not implement `std::fmt::Debug`; consider adding `#[derive(Debug)]` or a manual implementation
   --> services/scenario-worker/src/store/admission.rs:316:1
    |
316 | / pub struct AdmissionSurface {
317 | |     /// The explicit credential and exact server-side predicates are retained so
318 | |     /// every replacement physical connection is checked identically.
319 | |     probe: CredentialExactnessProbe,
...   |
322 | |     tenant_id: Box<str>,
323 | | }
    | |_^

warning: `wamn-ctl` (lib) generated 2 warnings
warning: `wamn-scenario-worker` (lib) generated 2 warnings
warning: type does not implement `std::fmt::Debug`; consider adding `#[derive(Debug)]` or a manual implementation
  --> test-support/harness/src/ceiling.rs:72:1
   |
72 | / pub struct Ramp {
73 | |     tolerance: f64,
74 | |     max_levels: usize,
75 | |     levels: Vec<LevelStats>,
...  |
82 | |     retrying: bool,
83 | | }
   | |_^
   |
   = note: requested on the command line with `-W missing-debug-implementations`

warning: `wamn-gate-harness` (lib) generated 1 warning
   Compiling wamn-proof-integration v0.1.0 (/home/kaalin/.cache/wamn-lanes/receiving-postcommit-20260910/tests/integration)
warning: function `models` is never used
  --> tests/integration/src/measurement_schema.rs:25:8
   |
25 | pub fn models(schema: &str) -> Vec<ManagedModel> {
   |        ^^^^^^
   |
   = note: `#[warn(dead_code)]` (part of `#[warn(unused)]`) on by default

warning: type does not implement `std::fmt::Debug`; consider adding `#[derive(Debug)]` or a manual implementation
   --> tests/integration/src/trusted_http_route.rs:105:1
    |
105 | / pub struct TrustedHttpRoute {
106 | |     pub driver: Arc<RouterDriver>,
107 | |     /// The same welded release the driver authorizes. Callers that exercise a
108 | |     /// release-owned ingress plugin must share this exact weld rather than mint
...   |
116 | |     pub wiring_hash: String,
117 | | }
    | |_^
    |
    = note: requested on the command line with `-W missing-debug-implementations`

warning: `wamn-proof-integration` (lib test) generated 2 warnings
    Finished `test` profile [unoptimized + debuginfo] target(s) in 4.87s
     Running unittests src/lib.rs (target/debug/deps/wamn_proof_integration-3e51950a7100ab11)

running 1 test
test route_authentication_live::production_two_package_release_serves_all_thirteen_pat_routes ... recorded org "acme" (template "trials") in registry.orgs + 2 env policy row(s) stamped insert-if-absent (wamn_system)
org "acme" (template "trials", pooled): placed on the shared pool "route-auth-pg18" (owns no clusters)
prepared identity database generation a
project-env acme/receiving/dev: database "wamn-db-acme--receiving--dev--5ve5w4p0" on cluster "route-auth-pg18" (owner wamn_db_owner)
wrote /tmp/route-authentication-live-2510513/database.json (Database CR (kubectl apply))
wrote /tmp/route-authentication-live-2510513/roles.sql (role SQL (psql the TARGET cluster BEFORE the Database CR))
wrote /tmp/route-authentication-live-2510513/privileges.sql (privilege SQL (psql the TARGET cluster AFTER the Database is ready))
wrote /tmp/route-authentication-live-2510513/database-secret.json (database credential Secret; kubectl apply)
recorded project "receiving" + project-env acme/receiving/dev in the registry (wamn_system)
environment namespace "wamn-acme--receiving--dev--5ve5w4p0" (instance suffix "5ve5w4p0")
wrote /tmp/route-authentication-live-2510513/management-author-pat.json (management-author PAT Secret; kubectl apply)
wrote /tmp/route-authentication-live-2510513/route-caller-pat.json (route-caller PAT Secret; kubectl apply)
aborted identity database generation a
applied wamn_receiving@1.0.0: 1 migration(s)
applied client_acme_receiving@3.0.0: 2 migration(s)
applied EnsureSchema: wamn_run
applied RepairHelperFunction: require_executor_platform_authority
applied RepairHelperFunction: require_management_admission_authority
applied RepairHelperFunction: pin_run_durability_class
applied RepairHelperFunction: guard_event_lineage_immutable
applied RepairHelperFunction: guard_run_admission_pins_immutable
applied RepairHelperFunction: guard_terminal_run_delete
applied RepairHelperFunction: reject_immutable_effect_fact_change
applied RepairHelperFunction: reject_immutable_operator_run_action_change
applied CreateTable: environment_policies
applied CreateTable: runs
applied CreateTable: effect_attempts
applied CreateTable: effect_attempt_dispatches
applied CreateTable: effect_attempt_outcomes
applied CreateTable: operator_run_actions
applied CreateTable: run_queue
applied RepairEffectWriterPrivilege: wamn_run.usage
applied RepairAuthoringPrivilege: wamn_run.usage
applied RepairDispatchReaderPrivilege: wamn_run.dispatch-reader-read-surface
  converged environment policy tenant="receiving-route-auth" environment="dev" durability_class=standard
prepared and authenticated app credential generation a for acme/receiving/dev; wrote /tmp/tmp.g08VbGateG/host-secrets/guest-sql.json
prepared and authenticated executor-platform credential generation a for acme/receiving/dev; wrote /tmp/tmp.g08VbGateG/host-secrets/executor-platform.json
prepared and authenticated event-materializer credential generation a for acme/receiving/dev; wrote /tmp/tmp.g08VbGateG/host-secrets/event-materializer.json
prepared and authenticated http-admitter credential generation a for acme/receiving/dev; wrote /tmp/tmp.g08VbGateG/host-secrets/http-admitter.json
prepared and authenticated identity-reader credential generation a for acme/receiving/dev; wrote /tmp/tmp.g08VbGateG/host-secrets/identity-reader.json
prepared and authenticated control-author credential generation a for acme/receiving/dev; wrote /tmp/route-authentication-live-2510513/control-author.json
prepared and authenticated management-admitter credential generation a for acme/receiving/dev; wrote /tmp/route-authentication-live-2510513/management-admitter.json
projected sha256:bb2aa728d578c8a5181b5127b1238acccde844b9394561e25182106517e3177f (source-project: already converged; control: changed)
sha256:bb2aa728d578c8a5181b5127b1238acccde844b9394561e25182106517e3177f
projected sha256:cbc8b844b3999acb7cd60c12936727545555c6385236b6e8e59c98043dd6a910 (source-project: already converged; control: changed)
sha256:cbc8b844b3999acb7cd60c12936727545555c6385236b6e8e59c98043dd6a910
2026-09-10T21:10:20.365970Z  INFO control authoring credential accepted database="wamn_system" role="wamn_control_author_8af1646575ff2081d34e71ba59848f0734b2e1f8_a" generation="a"
2026-09-10T21:10:20.411175Z  INFO management admission credential accepted database="wamn-db-acme--receiving--dev--5ve5w4p0" role="wamn_mgmt_admitter_938c908714087a38eb330d8682d24ac1ae1db56d_a" generation="a"
2026-09-10T21:10:20.452981Z  INFO project admission database connection ready endpoint=postgresql://172.28.0.8:5432/wamn-db-acme--receiving--dev--5ve5w4p0 attempt=1
2026-09-10T21:10:20.453056Z  INFO management authoring surface listening address=127.0.0.1:18089
sha256:506e8a5861568ef66f0d944006c9e0535ead4d5006413ed667bf966a116cd8f4
sha256:682009a5c03a16c1093d13cf449046a197cbafb163b5c4bbc1a0b5542464b8f7
sha256:13b2e3972739106d9b35588201c732d3fc7cdb9b2900dae135ea0bf699c431f3
sha256:a6e70070435b43837194f2f8386cf54c0742a5a8f9d5f885789499e009b1751d
sha256:4cc692f557f2ed5d4dddd1a446e263c1358b229cfa48c8530be76caa42828073
sha256:c2f685cc1ca3a3a083b3fec01e5b6d6ebf6a0045f4fb74067718215a675b14b2
sha256:c8ce4012c813225ce4cc05b48637fbcf134f567b2f868bb6935d710936bc8e00
sha256:03f035ffb64b1f8fc0a6b6f175e4d7910a30af99bc247bc655d351143f73a7be
sha256:c5d614478655eebefb81cbb907796c381efe1fea951480cc8ce68a33d0208a4a
sha256:25379650819aa4282b572ea497f64bf9ca78e5e28dc32a92cb3783164ce2787d
sha256:003fea6dc6ed14076bc69528c8230384490b7a035c5f98d582f025bb75c84792
sha256:400cd2538d296fb24910be7a244241d801b75ba26f75176cc783e401d631d340
sha256:3e8ab8e57d877e66f22b432d929b3d98c53d11edfc184cdb6616b7304225fb61
sha256:2d8ec8d81933ef57c75b1c4760850eb1f77f3200d1ba87f6afb7a80ea59c52e8
run plane already at the schema of record — no actions (7 tables at target)
sha256:8a2ccfde4c60f73adbce73e9df0a3172ce7ffc7a37a4c2d02a17fba70573005b
sha256:8a2ccfde4c60f73adbce73e9df0a3172ce7ffc7a37a4c2d02a17fba70573005b
P3 protocol cases passed: origin-form-host, stalled-body-missing-auth, stalled-body-unknown-route, exact-1mib, 1mib-plus-one, transport-error-after-json, pending-body-cancellation, recovery-after-cancellation
RECEIVING_COLD_NESTED_PHASES wamn.component.pull=177ms wamn.component.compile=12673ms wamn.component.linker_setup=0ms wamn.component.link=4ms wamn.component.instantiate=2ms
applied wamn_receiving@1.0.0: 0 migration(s)
applied wamn_receiving@1.0.0: 1 migration(s)
ok

test result: ok. 1 passed; 0 failed; 0 ignored; 0 measured; 77 filtered out; finished in 28.95s

secret/wamn-pat-route-caller-acme--receiving--dev created
cdc for project-env acme/receiving/dev: publication/slot/role "wamn_cdc_acme__receiving__dev__5ve5w4p0" over schema "receiving" on cluster "route-auth-pg18"; stream "EVT_acme_dev"; replication secret "wamn-cdc-acme--receiving--dev"
wrote /tmp/tmp.g08VbGateG/cdc-role.sql (replication-role SQL (psql the TARGET cluster — roles are cluster-global))
wrote /tmp/tmp.g08VbGateG/cdc.sql (CDC SQL (psql the PROJECT-ENV database — publication + slot are database-bound))
wrote /tmp/tmp.g08VbGateG/cdc-reader.json (replication-credential Secret (kubectl apply))
recorded event-reader registration for acme/receiving/dev in the registry (wamn_system)
DO
psql:/tmp/tmp.g08VbGateG/cdc.sql:1: NOTICE:  schema "receiving" already exists, skipping
CREATE SCHEMA
DO
DO
psql:/tmp/tmp.g08VbGateG/cdc.sql:4: NOTICE:  relation "wamn_entities" already exists, skipping
CREATE TABLE
psql:/tmp/tmp.g08VbGateG/cdc.sql:5: NOTICE:  relation "wamn_cdc_exclusions" already exists, skipping
CREATE TABLE
GRANT
GRANT
REVOKE
GRANT
GRANT
2026-09-10T21:10:37.817270Z  INFO tokio_postgres::connection: WARNING: role "wamn_registry_reader" has not been granted membership in role "wamn_platform" by role "postgres"
2026-09-10T21:10:37.817320Z  INFO tokio_postgres::connection: WARNING: role "wamn_registry_reader_e4b7cf1eabe9f44377ec6a954421bcdf299c69ae_a" has not been granted membership in role "wamn_registry_reader" by role "postgres"
prepared and authenticated registry-reader credential generation a for acme/receiving/dev; wrote /tmp/tmp.g08VbGateG/registry-reader.json
secret/wamn-guest-acme--receiving--dev created
secret/wamn-executor-platform-acme--receiving--dev created
secret/wamn-identity-reader-acme--receiving--dev created
secret/wamn-http-admitter-acme--receiving--dev created
secret/wamn-event-materializer-acme--receiving--dev created
secret/wamn-registry-pull created
namespace/cert-manager created
customresourcedefinition.apiextensions.k8s.io/challenges.acme.cert-manager.io created
customresourcedefinition.apiextensions.k8s.io/orders.acme.cert-manager.io created
customresourcedefinition.apiextensions.k8s.io/certificaterequests.cert-manager.io created
customresourcedefinition.apiextensions.k8s.io/certificates.cert-manager.io created
customresourcedefinition.apiextensions.k8s.io/clusterissuers.cert-manager.io created
customresourcedefinition.apiextensions.k8s.io/issuers.cert-manager.io created
serviceaccount/cert-manager-cainjector created
serviceaccount/cert-manager created
serviceaccount/cert-manager-webhook created
clusterrole.rbac.authorization.k8s.io/cert-manager-cainjector created
clusterrole.rbac.authorization.k8s.io/cert-manager-controller-issuers created
clusterrole.rbac.authorization.k8s.io/cert-manager-controller-clusterissuers created
clusterrole.rbac.authorization.k8s.io/cert-manager-controller-certificates created
clusterrole.rbac.authorization.k8s.io/cert-manager-controller-orders created
clusterrole.rbac.authorization.k8s.io/cert-manager-controller-challenges created
clusterrole.rbac.authorization.k8s.io/cert-manager-controller-ingress-shim created
clusterrole.rbac.authorization.k8s.io/cert-manager-cluster-view created
clusterrole.rbac.authorization.k8s.io/cert-manager-view created
clusterrole.rbac.authorization.k8s.io/cert-manager-edit created
clusterrole.rbac.authorization.k8s.io/cert-manager-controller-approve:cert-manager-io created
clusterrole.rbac.authorization.k8s.io/cert-manager-controller-certificatesigningrequests created
clusterrole.rbac.authorization.k8s.io/cert-manager-webhook:subjectaccessreviews created
clusterrolebinding.rbac.authorization.k8s.io/cert-manager-cainjector created
clusterrolebinding.rbac.authorization.k8s.io/cert-manager-controller-issuers created
clusterrolebinding.rbac.authorization.k8s.io/cert-manager-controller-clusterissuers created
clusterrolebinding.rbac.authorization.k8s.io/cert-manager-controller-certificates created
clusterrolebinding.rbac.authorization.k8s.io/cert-manager-controller-orders created
clusterrolebinding.rbac.authorization.k8s.io/cert-manager-controller-challenges created
clusterrolebinding.rbac.authorization.k8s.io/cert-manager-controller-ingress-shim created
clusterrolebinding.rbac.authorization.k8s.io/cert-manager-controller-approve:cert-manager-io created
clusterrolebinding.rbac.authorization.k8s.io/cert-manager-controller-certificatesigningrequests created
clusterrolebinding.rbac.authorization.k8s.io/cert-manager-webhook:subjectaccessreviews created
role.rbac.authorization.k8s.io/cert-manager-cainjector:leaderelection created
role.rbac.authorization.k8s.io/cert-manager:leaderelection created
role.rbac.authorization.k8s.io/cert-manager-webhook:dynamic-serving created
rolebinding.rbac.authorization.k8s.io/cert-manager-cainjector:leaderelection created
rolebinding.rbac.authorization.k8s.io/cert-manager:leaderelection created
rolebinding.rbac.authorization.k8s.io/cert-manager-webhook:dynamic-serving created
service/cert-manager-cainjector created
service/cert-manager created
service/cert-manager-webhook created
deployment.apps/cert-manager-cainjector created
deployment.apps/cert-manager created
deployment.apps/cert-manager-webhook created
mutatingwebhookconfiguration.admissionregistration.k8s.io/cert-manager-webhook created
validatingwebhookconfiguration.admissionregistration.k8s.io/cert-manager-webhook created
deployment.apps/cert-manager condition met
deployment.apps/cert-manager-cainjector condition met
deployment.apps/cert-manager-webhook condition met
Release "wamn" does not exist. Installing it now.
Pulled: ghcr.io/wasmcloud/charts/runtime-operator:2.9.0
Digest: sha256:d70b240cfc3c745f306fc6ebecebff4370e6c8c0568b55c1d02b1eda1716fd17
NAME: wamn
LAST DEPLOYED: Thu Sep 10 17:10:53 2026
NAMESPACE: wamn-system
STATUS: deployed
REVISION: 1
DESCRIPTION: Install complete
TEST SUITE: None
NOTES:
The wasmCloud runtime-operator is installed.

To verify your deployment:
  kubectl get pods -l app.kubernetes.io/instance=wamn -n wamn-system
role.rbac.authorization.k8s.io/wamn-runtime-operator-events created
rolebinding.rbac.authorization.k8s.io/wamn-runtime-operator-events created
configmap/tempo-config created
deployment.apps/tempo created
service/tempo created
configmap/otel-collector-config created
deployment.apps/otel-collector created
service/otel-collector created
deployment.apps/tempo condition met
deployment.apps/otel-collector condition met
secret/wasmcloud-ca created
clusterissuer.cert-manager.io/wasmcloud-ca created
clusterissuer.cert-manager.io/wasmcloud-ca condition met
certificate.cert-manager.io/wasmcloud-runtime-tls created
certificate.cert-manager.io/wasmcloud-data-tls created
certificate.cert-manager.io/wasmcloud-runtime-tls condition met
certificate.cert-manager.io/wasmcloud-data-tls condition met
Release "wamn-host" does not exist. Installing it now.
Pulled: ghcr.io/wasmcloud/charts/runtime-operator:2.9.0
Digest: sha256:d70b240cfc3c745f306fc6ebecebff4370e6c8c0568b55c1d02b1eda1716fd17
NAME: wamn-host
LAST DEPLOYED: Thu Sep 10 17:11:20 2026
NAMESPACE: wamn-receiving-postcommit
STATUS: deployed
REVISION: 1
DESCRIPTION: Install complete
TEST SUITE: None
NOTES:
The wasmCloud runtime-operator is installed.

To verify your deployment:
  kubectl get pods -l app.kubernetes.io/instance=wamn-host -n wamn-receiving-postcommit
deployment "hostgroup-default" successfully rolled out
service/flow-http created
workloaddeployment.runtime.wasmcloud.dev/flow-http created
workloaddeployment.runtime.wasmcloud.dev/flow-http condition met
job.batch/flow-http-reachability created
error: timed out waiting for the condition on jobs/flow-http-reachability
