pgbench (18.6 (Debian 18.6-1.pgdg13+2))
transaction type: /tmp/bench.sql
scaling factor: 1
query mode: prepared
number of clients: 4
number of threads: 4
maximum number of tries: 1
duration: 10 s
number of transactions actually processed: 587540
number of failed transactions: 0 (0.000%)
latency average = 0.068 ms
initial connection time = 13.240 ms
tps = 58830.173308 (without initial connection time)
===LOGS===
0 6 62 0 1788978390 579820
0 43 61 0 1788978390 583656
0 54 45 0 1788978390 584180
0 77 61 0 1788978390 586830
0 91 73 0 1788978390 587931
0 106 78 0 1788978390 589176
0 111 80 0 1788978390 589569
0 113 95 0 1788978390 589758
0 117 77 0 1788978390 590089
0 131 56 0 1788978390 590988
0 137 42 0 1788978390 591260
0 153 54 0 1788978390 592214
0 162 72 0 1788978390 592733
0 165 61 0 1788978390 592919
0 169 62 0 1788978390 593170
0 170 64 0 1788978390 593237
0 196 58 0 1788978390 595021
0 211 53 0 1788978390 595936
0 223 62 0 1788978390 596580
0 254 44 0 1788978390 598549
0 269 38 0 1788978390 599306
0 270 39 0 1788978390 599347
0 283 37 0 1788978390 599926
0 337 39 0 1788978390 602299
0 342 39 0 1788978390 602501
0 376 38 0 1788978390 604005
0 412 38 0 1788978390 605421
0 424 56 0 1788978390 606077
0 444 73 0 1788978390 607309
0 455 70 0 1788978390 608007
0 464 73 0 1788978390 608589
0 475 66 0 1788978390 609369
0 514 0 0 1788978390 612593
0 521 81 0 1788978390 613189
0 543 103 0 1788978390 615023
0 548 81 0 1788978390 615413
0 589 59 0 1788978390 618313
0 608 0 0 1788978390 619777
0 614 73 0 1788978390 620254
0 627 57 0 1788978390 621108
0 646 45 0 1788978390 622180
0 671 0 0 1788978390 623693
0 721 39 0 1788978390 626027
0 745 61 0 1788978390 627275
0 757 0 0 1788978390 628053
0 775 60 0 1788978390 629220
0 784 66 0 1788978390 629807
0 794 59 0 1788978390 630389
0 805 51 0 1788978390 631051
0 828 56 0 1788978390 632429
0 856 60 0 1788978390 634269
0 864 67 0 1788978390 634814
0 886 64 0 1788978390 636340
0 897 63 0 1788978390 637074
0 898 62 0 1788978390 637139
0 902 65 0 1788978390 637404
0 903 69 0 1788978390 637475
0 905 78 0 1788978390 637620
0 919 72 0 1788978390 638580
0 922 59 0 1788978390 638774
0 924 65 0 1788978390 638898
0 958 43 0 1788978390 640875
0 980 43 0 1788978390 641913
0 1017 69 0 1788978390 645284
0 1122 53 0 1788978390 651995
0 1127 60 0 1788978390 652320
0 1142 52 0 1788978390 653322
0 1147 64 0 1788978390 653591
0 1151 58 0 1788978390 653900
0 1164 82 0 1788978390 654824
0 1166 61 0 1788978390 654959
0 1169 59 0 1788978390 655133
0 1172 57 0 1788978390 655329
0 1191 64 0 1788978390 656591
0 1200 75 0 1788978390 657187
0 1202 59 0 1788978390 657313
0 1222 0 0 1788978390 658704
0 1229 0 0 1788978390 659101
0 1238 0 0 1788978390 659659
0 1261 0 0 1788978390 660928
0 1276 67 0 1788978390 661916
0 1296 64 0 1788978390 663252
0 1306 72 0 1788978390 664013
0 1320 54 0 1788978390 665039
0 1334 51 0 1788978390 665918
0 1343 50 0 1788978390 666378
0 1396 53 0 1788978390 669320
0 1406 53 0 1788978390 669936
0 1410 54 0 1788978390 670152
0 1435 67 0 1788978390 671778
0 1438 0 0 1788978390 671969
0 1441 54 0 1788978390 672161
0 1455 51 0 1788978390 672915
0 1475 51 0 1788978390 673969
0 1481 54 0 1788978390 674288
0 1502 56 0 1788978390 675462
0 1510 57 0 1788978390 675931
0 1519 46 0 1788978390 676399
0 1535 53 0 1788978390 677236
0 1552 52 0 1788978390 678162
0 1602 50 0 1788978390 680865
0 1624 51 0 1788978390 681996
0 1637 69 0 1788978390 682680
0 1670 55 0 1788978390 684387
0 1714 60 0 1788978390 686992
0 1723 75 0 1788978390 687623
0 1737 62 0 1788978390 688531
0 1747 0 0 1788978390 689165
0 1775 93 0 1788978390 691731
0 1781 78 0 1788978390 692185
0 1834 59 0 1788978390 695911
0 1840 70 0 1788978390 696334
0 1856 69 0 1788978390 698307
0 1864 61 0 1788978390 698889
0 1885 68 0 1788978390 700499
0 1909 76 0 1788978390 702301
0 1914 83 0 1788978390 702716
0 1921 84 0 1788978390 703267
0 1946 75 0 1788978390 705297
0 1958 0 0 1788978390 706199
0 1969 71 0 1788978390 707005
0 1970 86 0 1788978390 707095
0 2011 98 0 1788978390 711171
0 2018 0 0 1788978390 711964
0 2048 68 0 1788978390 714272
0 2049 76 0 1788978390 714352
0 2052 69 0 1788978390 714558
0 2061 67 0 1788978390 715206
0 2066 63 0 1788978390 715537
0 2067 79 0 1788978390 715618
0 2123 103 0 1788978390 720146
0 2150 157 0 1788978390 722745
0 2194 143 0 1788978390 726718
0 2231 72 0 1788978390 729595
0 2255 81 0 1788978390 731796
0 2260 97 0 1788978390 732295
0 2305 67 0 1788978390 735933
0 2306 68 0 1788978390 736004
0 2322 0 0 1788978390 737020
0 2337 83 0 1788978390 738354
0 2354 131 0 1788978390 739704
0 2360 63 0 1788978390 740238
0 2374 112 0 1788978390 741870
0 2375 119 0 1788978390 741996
0 2393 90 0 1788978390 743696
0 2400 66 0 1788978390 744209
0 2405 58 0 1788978390 744576
0 2430 63 0 1788978390 746474
0 2434 73 0 1788978390 746781
0 2439 81 0 1788978390 747130
0 2476 58 0 1788978390 749599
0 2485 54 0 1788978390 750160
0 2494 63 0 1788978390 750661
0 2513 70 0 1788978390 752004
0 2520 103 0 1788978390 752488
0 2525 70 0 1788978390 752871
0 2584 105 0 1788978390 758511
0 2601 97 0 1788978390 760078
0 2631 116 0 1788978390 762692
0 2640 68 0 1788978390 763498
0 2688 57 0 1788978390 767247
0 2698 62 0 1788978390 767871
0 2702 78 0 1788978390 768174
0 2723 62 0 1788978390 769428
0 2731 50 0 1788978390 769905
0 2740 68 0 1788978390 770469
0 2773 59 0 1788978390 772581
0 2778 51 0 1788978390 772865
0 2779 51 0 1788978390 772918
0 2790 53 0 1788978390 773475
0 2797 65 0 1788978390 773967
0 2820 82 0 1788978390 775693
0 2841 60 0 1788978390 776873
0 2849 57 0 1788978390 777367
0 2889 60 0 1788978390 779997
0 2892 64 0 1788978390 780198
0 2896 76 0 1788978390 780462
0 2904 49 0 1788978390 780946
0 2913 119 0 1788978390 781525
0 2963 71 0 1788978390 784694
0 2980 59 0 1788978390 785919
0 2981 56 0 1788978390 785977
0 3002 58 0 1788978390 787263
0 3011 56 0 1788978390 787808
0 3046 119 0 1788978390 790170
0 3062 58 0 1788978390 791234
0 3096 65 0 1788978390 793258
0 3134 0 0 1788978390 795384
0 3158 54 0 1788978390 796930
0 3172 55 0 1788978390 797715
0 3213 47 0 1788978390 800067
0 3235 46 0 1788978390 801178
0 3280 122 0 1788978390 804302
0 3301 60 0 1788978390 805776
0 3312 0 0 1788978390 806515
0 3335 61 0 1788978390 808191
0 3345 88 0 1788978390 808884
0 3361 62 0 1788978390 809994
0 3402 82 0 1788978390 812681
0 3452 59 0 1788978390 815956
0 3484 89 0 1788978390 817819
0 3524 63 0 1788978390 820576
0 3553 0 0 1788978390 822752
0 3562 54 0 1788978390 823333
0 3605 59 0 1788978390 826090
0 3624 58 0 1788978390 827227
0 3634 62 0 1788978390 827798
0 3679 106 0 1788978390 830840
0 3688 56 0 1788978390 831396
0 3692 86 0 1788978390 831662
0 3693 60 0 1788978390 831726
0 3696 58 0 1788978390 831902
0 3703 57 0 1788978390 832318
0 3707 56 0 1788978390 832551
0 3719 67 0 1788978390 833289
0 3737 63 0 1788978390 834407
0 3757 67 0 1788978390 835753
0 3771 68 0 1788978390 836812
0 3793 65 0 1788978390 838573
0 3797 61 0 1788978390 838851
0 3830 60 0 1788978390 840924
0 3834 49 0 1788978390 841133
0 3882 62 0 1788978390 844244
0 3903 61 0 1788978390 845492
0 3915 53 0 1788978390 846206
0 3925 55 0 1788978390 846776
0 3969 70 0 1788978390 849330
0 3998 47 0 1788978390 851036
0 4081 69 0 1788978390 856709
0 4082 122 0 1788978390 856835
0 4169 60 0 1788978390 863160
0 4203 62 0 1788978390 865595
0 4204 99 0 1788978390 865698
0 4244 104 0 1788978390 868596
0 4251 101 0 1788978390 869145
0 4255 75 0 1788978390 869429
0 4271 100 0 1788978390 870844
0 4291 92 0 1788978390 872839
0 4345 69 0 1788978390 879042
0 4348 77 0 1788978390 879278
0 4357 57 0 1788978390 879854
0 4360 65 0 1788978390 880063
0 4382 64 0 1788978390 881565
0 4413 50 0 1788978390 883329
0 4445 63 0 1788978390 885250
0 4458 58 0 1788978390 885955
0 4491 55 0 1788978390 888010
0 4493 83 0 1788978390 888148
0 4503 63 0 1788978390 888712
0 4522 61 0 1788978390 889865
0 4538 71 0 1788978390 891016
0 4543 60 0 1788978390 891335
0 4553 46 0 1788978390 892012
0 4557 72 0 1788978390 892258
0 4558 58 0 1788978390 892319
0 4562 48 0 1788978390 892523
0 4573 66 0 1788978390 893250
0 4575 72 0 1788978390 893395
0 4604 44 0 1788978390 895259
0 4630 75 0 1788978390 897117
0 4641 58 0 1788978390 897906
0 4646 45 0 1788978390 898130
0 4675 61 0 1788978390 899894
0 4688 51 0 1788978390 900850
0 4707 61 0 1788978390 901982
0 4709 66 0 1788978390 902111
0 4711 58 0 1788978390 902229
0 4776 78 0 1788978390 906460
0 4782 78 0 1788978390 906922
0 4793 74 0 1788978390 907610
0 4810 165 0 1788978390 908776
0 4811 0 0 1788978390 908908
0 4817 83 0 1788978390 909429
0 4900 69 0 1788978390 915549
0 4912 59 0 1788978390 916337
0 4943 75 0 1788978390 918461
0 4959 76 0 1788978390 919765
0 4978 55 0 1788978390 921080
0 4993 56 0 1788978390 922065
0 5006 57 0 1788978390 922942
0 5026 69 0 1788978390 924215
0 5039 56 0 1788978390 925030
0 5050 56 0 1788978390 925728
0 5074 71 0 1788978390 927186
0 5088 76 0 1788978390 928075
0 5178 0 0 1788978390 934054
0 5181 67 0 1788978390 934285
0 5194 53 0 1788978390 935111
0 5206 58 0 1788978390 935838
0 5216 56 0 1788978390 936459
0 5226 59 0 1788978390 937059
0 5263 72 0 1788978390 939553
0 5287 66 0 1788978390 941534
0 5296 54 0 1788978390 942126
0 5312 59 0 1788978390 943195
0 5348 55 0 1788978390 945704
0 5405 136 0 1788978390 950716
0 5465 75 0 1788978390 955920
0 5492 49 0 1788978390 957720
0 5496 60 0 1788978390 957971
0 5528 69 0 1788978390 960397
0 5544 61 0 1788978390 961552
0 5558 62 0 1788978390 962486
0 5574 65 0 1788978390 963602
0 5579 61 0 1788978390 963934
0 5602 64 0 1788978390 965411
0 5610 73 0 1788978390 965942
0 5622 64 0 1788978390 966738
0 5624 61 0 1788978390 966869
0 5631 64 0 1788978390 967331
0 5637 76 0 1788978390 967761
0 5700 76 0 1788978390 971680
0 5701 56 0 1788978390 971740
0 5741 51 0 1788978390 974384
0 5771 70 0 1788978390 976218
0 5773 0 0 1788978390 976350
0 5831 64 0 1788978390 980234
0 5849 74 0 1788978390 981764
0 5860 60 0 1788978390 982480
0 5887 112 0 1788978390 984815
0 5892 77 0 1788978390 985217
0 5913 68 0 1788978390 986779
0 5934 60 0 1788978390 988450
0 5955 72 0 1788978390 989969
0 5993 83 0 1788978390 992646
0 6012 62 0 1788978390 993825
0 6025 79 0 1788978390 994588
0 6035 83 0 1788978390 995434
0 6058 80 0 1788978390 997156
0 6073 58 0 1788978390 998050
0 6074 82 0 1788978390 998137
0 6091 61 0 1788978390 999271
0 6120 76 0 1788978391 1171
0 6126 68 0 1788978391 1575
0 6130 81 0 1788978391 1877
0 6164 67 0 1788978391 4325
0 6177 74 0 1788978391 5283
0 6191 84 0 1788978391 6397
0 6194 111 0 1788978391 6728
0 6206 0 0 1788978391 7721
0 6207 80 0 1788978391 7806
0 6208 85 0 1788978391 7894
0 6255 63 0 1788978391 11302
0 6264 58 0 1788978391 11912
0 6266 58 0 1788978391 12028
0 6290 56 0 1788978391 13557
0 6348 75 0 1788978391 17119
0 6360 64 0 1788978391 17944
0 6388 62 0 1788978391 19915
0 6415 66 0 1788978391 21794
0 6437 73 0 1788978391 23291
0 6475 58 0 1788978391 25342
0 6511 84 0 1788978391 27636
0 6530 81 0 1788978391 29069
0 6534 68 0 1788978391 29390
0 6563 90 0 1788978391 31526
0 6575 62 0 1788978391 32428
0 6586 64 0 1788978391 33129
0 6588 72 0 1788978391 33265
0 6623 64 0 1788978391 35401
0 6637 56 0 1788978391 36209
0 6654 0 0 1788978391 37282
0 6658 65 0 1788978391 37524
0 6673 65 0 1788978391 38410
0 6709 91 0 1788978391 40898
0 6724 126 0 1788978391 42679
0 6781 44 0 1788978391 46374
0 6798 47 0 1788978391 47319
0 6835 77 0 1788978391 49450
0 6843 65 0 1788978391 50023
0 6846 68 0 1788978391 50227
0 6869 69 0 1788978391 51768
0 6874 75 0 1788978391 52140
0 6887 65 0 1788978391 53071
0 6889 64 0 1788978391 53206
0 6894 0 0 1788978391 53542
0 6900 68 0 1788978391 53960
0 6943 72 0 1788978391 56782
0 6975 63 0 1788978391 58836
0 6997 58 0 1788978391 60334
0 7002 85 0 1788978391 60684
0 7013 54 0 1788978391 61349
0 7112 54 0 1788978391 67370
0 7136 61 0 1788978391 68849
0 7143 51 0 1788978391 69206
0 7170 60 0 1788978391 70654
0 7180 53 0 1788978391 71183
0 7186 47 0 1788978391 71510
0 7191 48 0 1788978391 71757
0 7261 52 0 1788978391 75265
0 7266 59 0 1788978391 75543
0 7280 65 0 1788978391 76519
0 7281 80 0 1788978391 76602
0 7296 58 0 1788978391 77556
0 7298 56 0 1788978391 77695
0 7311 61 0 1788978391 78414
0 7326 72 0 1788978391 79425
0 7344 0 0 1788978391 80844
0 7394 90 0 1788978391 83852
0 7406 90 0 1788978391 84693
0 7466 78 0 1788978391 88574
0 7482 71 0 1788978391 89647
0 7492 56 0 1788978391 90259
0 7504 52 0 1788978391 91085
0 7535 65 0 1788978391 93091
0 7594 120 0 1788978391 97664
0 7623 64 0 1788978391 99661
0 7626 58 0 1788978391 99841
0 7659 72 0 1788978391 102137
0 7685 58 0 1788978391 103936
0 7715 72 0 1788978391 105964
0 7729 80 0 1788978391 107031
0 7754 71 0 1788978391 108954
0 7777 86 0 1788978391 110692
0 7781 70 0 1788978391 111020
0 7806 79 0 1788978391 112990
0 7853 71 0 1788978391 116417
0 7858 71 0 1788978391 116793
0 7880 73 0 1788978391 118462
0 7884 73 0 1788978391 118763
0 7890 71 0 1788978391 119194
0 7898 78 0 1788978391 119783
0 7903 79 0 1788978391 120179
0 7936 80 0 1788978391 122675
0 7940 71 0 1788978391 122961
0 7967 71 0 1788978391 124904
0 7968 73 0 1788978391 124980
0 7972 71 0 1788978391 125268
0 8022 73 0 1788978391 129014
0 8035 73 0 1788978391 130055
0 8049 75 0 1788978391 131103
0 8058 106 0 1788978391 131920
0 8086 73 0 1788978391 134786
0 8120 72 0 1788978391 137128
0 8122 73 0 1788978391 137282
0 8132 53 0 1788978391 138054
0 8153 67 0 1788978391 139429
0 8158 59 0 1788978391 139798
0 8159 89 0 1788978391 139891
0 8170 106 0 1788978391 140698
0 8217 72 0 1788978391 144468
0 8229 67 0 1788978391 145361
0 8236 85 0 1788978391 145947
0 8242 67 0 1788978391 146331
0 8300 58 0 1788978391 150077
0 8322 52 0 1788978391 154022
0 8330 55 0 1788978391 154479
0 8345 56 0 1788978391 155311
0 8359 54 0 1788978391 156117
0 8376 61 0 1788978391 157122
0 8387 56 0 1788978391 157889
0 8388 58 0 1788978391 157951
0 8393 53 0 1788978391 158232
0 8412 55 0 1788978391 159301
0 8431 54 0 1788978391 160436
0 8439 59 0 1788978391 160895
0 8480 56 0 1788978391 163455
0 8518 63 0 1788978391 165633
0 8523 56 0 1788978391 165920
0 8526 56 0 1788978391 166091
0 8574 58 0 1788978391 168901
0 8588 58 0 1788978391 170101
0 8601 56 0 1788978391 170887
0 8616 65 0 1788978391 171782
0 8635 58 0 1788978391 173107
0 8652 63 0 1788978391 174161
0 8663 60 0 1788978391 174865
0 8679 65 0 1788978391 175848
0 8701 66 0 1788978391 177297
0 8702 66 0 1788978391 177366
0 8709 66 0 1788978391 177830
0 8739 66 0 1788978391 179700
0 8787 69 0 1788978391 182712
0 8827 57 0 1788978391 185350
0 8844 61 0 1788978391 186378
0 8850 72 0 1788978391 186933
0 8895 58 0 1788978391 190035
0 8927 60 0 1788978391 191993
0 8960 74 0 1788978391 194248
0 8962 81 0 1788978391 194443
0 8967 75 0 1788978391 194828
0 8993 90 0 1788978391 196553
0 9015 64 0 1788978391 198010
0 9017 65 0 1788978391 198144
0 9083 59 0 1788978391 202476
0 9125 64 0 1788978391 205168
0 9128 65 0 1788978391 205368
0 9165 60 0 1788978391 208039
0 9183 70 0 1788978391 209301
0 9205 66 0 1788978391 210853
0 9219 80 0 1788978391 211850
0 9223 75 0 1788978391 212135
0 9224 70 0 1788978391 212208
0 9233 65 0 1788978391 213165
0 9302 71 0 1788978391 217707
0 9330 55 0 1788978391 219280
0 9360 52 0 1788978391 220963
0 9445 59 0 1788978391 225748
0 9454 54 0 1788978391 226236
0 9489 57 0 1788978391 228127
0 9499 58 0 1788978391 228753
0 9538 55 0 1788978391 231004
0 9588 63 0 1788978391 234135
0 9597 86 0 1788978391 234695
0 9606 51 0 1788978391 235192
0 9692 50 0 1788978391 240200
0 9700 62 0 1788978391 240654
0 9703 100 0 1788978391 240873
0 9751 54 0 1788978391 243866
0 9780 55 0 1788978391 245512
0 9787 50 0 1788978391 245895
0 9798 48 0 1788978391 246466
0 9809 48 0 1788978391 247061
0 9829 61 0 1788978391 248054
0 9851 62 0 1788978391 249448
0 9854 65 0 1788978391 249642
0 9856 56 0 1788978391 249760
0 9871 56 0 1788978391 250722
0 9879 38 0 1788978391 251147
0 9901 57 0 1788978391 252308
0 9937 0 0 1788978391 254365
0 9974 0 0 1788978391 257273
0 9991 66 0 1788978391 258581
0 9996 71 0 1788978391 258968
0 10033 49 0 1788978391 261204
0 10059 69 0 1788978391 262779
0 10129 72 0 1788978391 267693
0 10168 52 0 1788978391 269872
0 10215 59 0 1788978391 272753
0 10219 52 0 1788978391 272951
0 10308 52 0 1788978391 277515
0 10329 61 0 1788978391 278767
0 10373 50 0 1788978391 281077
0 10376 58 0 1788978391 281273
0 10380 53 0 1788978391 281500
0 10384 85 0 1788978391 281791
0 10391 69 0 1788978391 282194
0 10400 77 0 1788978391 282846
0 10417 101 0 1788978391 283959
0 10431 0 0 1788978391 284868
0 10459 53 0 1788978391 286461
0 10464 64 0 1788978391 286796
0 10497 68 0 1788978391 288631
0 10501 44 0 1788978391 288828
0 10502 45 0 1788978391 288875
0 10525 59 0 1788978391 290092
0 10533 48 0 1788978391 290559
0 10540 52 0 1788978391 290940
0 10543 63 0 1788978391 291124
0 10608 63 0 1788978391 294737
0 10640 38 0 1788978391 296388
0 10662 62 0 1788978391 297602
0 10673 58 0 1788978391 298308
0 10682 54 0 1788978391 298901
0 10696 62 0 1788978391 299636
0 10719 58 0 1788978391 300871
0 10728 53 0 1788978391 301396
0 10730 59 0 1788978391 301526
0 10805 72 0 1788978391 305763
0 10837 48 0 1788978391 307569
0 10838 64 0 1788978391 307637
0 10911 62 0 1788978391 311886
0 10924 76 0 1788978391 312672
0 10947 43 0 1788978391 313905
0 10949 45 0 1788978391 313994
0 10961 61 0 1788978391 314570
0 11005 90 0 1788978391 317802
0 11052 84 0 1788978391 321383
0 11070 121 0 1788978391 322728
0 11091 76 0 1788978391 324278
0 11115 57 0 1788978391 325870
0 11146 47 0 1788978391 327585
0 11186 60 0 1788978391 329877
0 11205 53 0 1788978391 330953
0 11223 73 0 1788978391 332046
0 11224 0 0 1788978391 332126
0 11228 69 0 1788978391 332439
0 11236 60 0 1788978391 332990
0 11268 88 0 1788978391 335336
0 11272 94 0 1788978391 335703
0 11291 70 0 1788978391 337120
0 11325 75 0 1788978391 339661
0 11330 56 0 1788978391 339962
0 11333 56 0 1788978391 340129
0 11370 79 0 1788978391 342412
0 11394 48 0 1788978391 343906
0 11436 62 0 1788978391 346200
0 11441 59 0 1788978391 346509
0 11475 50 0 1788978391 348386
0 11485 50 0 1788978391 348884
0 11528 64 0 1788978391 351373
0 11550 56 0 1788978391 352587
0 11553 63 0 1788978391 352801
0 11601 47 0 1788978391 355773
0 11624 53 0 1788978391 356971
0 11628 56 0 1788978391 357192
0 11636 54 0 1788978391 357660
0 11642 52 0 1788978391 357976
0 11658 49 0 1788978391 358747
0 11671 60 0 1788978391 359410
0 11683 58 0 1788978391 360091
0 11697 71 0 1788978391 361034
0 11703 66 0 1788978391 361449
0 11720 61 0 1788978391 362488
0 11730 51 0 1788978391 363078
0 11731 51 0 1788978391 363131
0 11773 55 0 1788978391 365455
0 11815 50 0 1788978391 367754
0 11818 50 0 1788978391 367906
0 11864 55 0 1788978391 370716
0 11892 58 0 1788978391 371992
0 11902 60 0 1788978391 372626
0 11930 40 0 1788978391 374096
0 11949 40 0 1788978391 375009
0 11959 70 0 1788978391 375605
0 11974 52 0 1788978391 376533
0 11994 59 0 1788978391 377643
0 11996 45 0 1788978391 377737
0 12029 55 0 1788978391 380041
0 12037 108 0 1788978391 380644
0 12047 57 0 1788978391 381206
0 12176 44 0 1788978391 388257
0 12186 50 0 1788978391 388689
0 12187 49 0 1788978391 388741
0 12207 60 0 1788978391 389721
0 12234 80 0 1788978391 391511
0 12242 51 0 1788978391 392062
0 12281 88 0 1788978391 396399
0 12284 101 0 1788978391 396683
0 12324 70 0 1788978391 399610
0 12337 111 0 1788978391 400696
0 12349 62 0 1788978391 401453
0 12419 71 0 1788978391 407207
0 12424 106 0 1788978391 407704
0 12425 84 0 1788978391 407793
0 12433 72 0 1788978391 408344
0 12441 80 0 1788978391 408951
0 12489 71 0 1788978391 413118
0 12499 74 0 1788978391 413969
0 12538 97 0 1788978391 417274
0 12572 73 0 1788978391 420003
0 12585 87 0 1788978391 421133
0 12618 65 0 1788978391 423426
0 12688 93 0 1788978391 428265
0 12759 68 0 1788978391 433718
0 12766 55 0 1788978391 434160
0 12806 61 0 1788978391 436473
0 12885 64 0 1788978391 442574
0 12894 83 0 1788978391 443427
0 12920 55 0 1788978391 445184
0 12983 65 0 1788978391 450131
0 12998 61 0 1788978391 451258
0 13006 65 0 1788978391 451847
0 13022 68 0 1788978391 452920
0 13087 98 0 1788978391 458516
0 13099 84 0 1788978391 459586
0 13118 89 0 1788978391 461137
0 13124 118 0 1788978391 461690
0 13137 86 0 1788978391 462935
0 13140 82 0 1788978391 463200
0 13155 112 0 1788978391 464557
0 13178 73 0 1788978391 466317
0 13227 71 0 1788978391 469771
0 13244 89 0 1788978391 471036
0 13295 70 0 1788978391 474669
0 13306 73 0 1788978391 475413
0 13307 72 0 1788978391 475489
0 13349 65 0 1788978391 478182
0 13373 89 0 1788978391 479781
0 13412 59 0 1788978391 482205
0 13430 52 0 1788978391 483330
0 13474 69 0 1788978391 486556
0 13498 61 0 1788978391 488279
0 13513 55 0 1788978391 489269
0 13531 63 0 1788978391 490462
0 13534 84 0 1788978391 490695
0 13568 88 0 1788978391 492967
0 13584 88 0 1788978391 494340
0 13601 41 0 1788978391 495311
0 13696 84 0 1788978391 500663
0 13707 53 0 1788978391 501279
0 13715 61 0 1788978391 501867
0 13716 58 0 1788978391 501929
0 13731 65 0 1788978391 502943
0 13789 139 0 1788978391 507597
0 13793 59 0 1788978391 507945
0 13796 54 0 1788978391 508143
0 13815 52 0 1788978391 509411
0 13821 69 0 1788978391 509851
0 13822 71 0 1788978391 509925
0 13829 58 0 1788978391 510423
0 13845 63 0 1788978391 511553
0 13879 55 0 1788978391 514253
0 13887 57 0 1788978391 514948
0 13894 63 0 1788978391 515377
0 13897 81 0 1788978391 515646
0 13949 292 0 1788978391 520530
0 13959 49 0 1788978391 521328
0 13966 44 0 1788978391 521678
0 13970 49 0 1788978391 521846
0 13977 51 0 1788978391 522208
0 13981 45 0 1788978391 522400
0 13989 47 0 1788978391 522782
0 14005 51 0 1788978391 523977
0 14007 46 0 1788978391 524077
0 14010 45 0 1788978391 524216
0 14017 45 0 1788978391 524537
0 14018 46 0 1788978391 524585
0 14021 45 0 1788978391 524736
0 14061 57 0 1788978391 526823
0 14063 55 0 1788978391 526937
0 14064 56 0 1788978391 526995
0 14067 61 0 1788978391 527183
0 14077 53 0 1788978391 527785
0 14081 48 0 1788978391 527983
0 14127 52 0 1788978391 530533
0 14134 55 0 1788978391 530932
0 14161 40 0 1788978391 532393
0 14166 88 0 1788978391 532656
0 14217 48 0 1788978391 535184
0 14238 37 0 1788978391 536229
0 14244 45 0 1788978391 536504
0 14245 44 0 1788978391 536550
0 14249 46 0 1788978391 536750
0 14258 43 0 1788978391 537143
0 14266 52 0 1788978391 537528
0 14267 57 0 1788978391 537587
0 14284 61 0 1788978391 538571
0 14295 50 0 1788978391 539198
0 14299 54 0 1788978391 539411
0 14303 59 0 1788978391 539628
0 14321 44 0 1788978391 540477
0 14334 42 0 1788978391 541082
0 14373 43 0 1788978391 543839
0 14375 42 0 1788978391 543926
0 14401 57 0 1788978391 545239
0 14429 40 0 1788978391 546933
0 14485 57 0 1788978391 550219
0 14505 48 0 1788978391 551149
0 14547 56 0 1788978391 553599
0 14672 69 0 1788978391 560264
0 14726 63 0 1788978391 563244
0 14848 43 0 1788978391 569736
0 14880 61 0 1788978391 571458
0 14889 52 0 1788978391 571989
0 14890 52 0 1788978391 572044
0 14896 62 0 1788978391 572403
0 14897 57 0 1788978391 572463
0 14916 49 0 1788978391 573413
0 14937 74 0 1788978391 574430
0 14950 52 0 1788978391 575254
0 14961 51 0 1788978391 575867
0 14969 41 0 1788978391 576310
0 14970 56 0 1788978391 576368
0 14973 49 0 1788978391 576504
0 14984 44 0 1788978391 577025
0 14989 62 0 1788978391 577250
0 14990 42 0 1788978391 577293
0 14994 36 0 1788978391 577431
0 15009 87 0 1788978391 578433
0 15016 53 0 1788978391 578894
0 15048 62 0 1788978391 580670
0 15103 41 0 1788978391 583704
0 15112 41 0 1788978391 584068
0 15182 44 0 1788978391 587711
0 15193 49 0 1788978391 588198
0 15205 50 0 1788978391 588871
0 15210 50 0 1788978391 589126
0 15224 55 0 1788978391 589862
0 15293 71 0 1788978391 593594
0 15303 64 0 1788978391 594371
0 15314 42 0 1788978391 594954
0 15330 68 0 1788978391 595671
0 15343 63 0 1788978391 596358
0 15353 64 0 1788978391 596983
0 15354 57 0 1788978391 597043
0 15364 54 0 1788978391 597595
0 15370 57 0 1788978391 597993
0 15383 51 0 1788978391 598708
0 15418 63 0 1788978391 600466
0 15464 54 0 1788978391 602997
0 15479 66 0 1788978391 603811
0 15499 49 0 1788978391 604966
0 15541 41 0 1788978391 606903
0 15561 58 0 1788978391 608019
0 15565 56 0 1788978391 608245
0 15611 53 0 1788978391 610573
0 15621 77 0 1788978391 611287
0 15655 63 0 1788978391 613455
0 15682 82 0 1788978391 615203
0 15706 57 0 1788978391 617004
0 15710 73 0 1788978391 617252
0 15735 56 0 1788978391 618623
0 15739 53 0 1788978391 618827
0 15781 50 0 1788978391 621050
0 15804 48 0 1788978391 622202
0 15831 70 0 1788978391 623671
0 15856 64 0 1788978391 625147
0 15873 62 0 1788978391 626228
0 15886 66 0 1788978391 627037
0 15888 57 0 1788978391 627154
0 15893 53 0 1788978391 627425
0 15938 50 0 1788978391 630198
0 15965 70 0 1788978391 631899
0 15995 51 0 1788978391 633894
0 16016 57 0 1788978391 635108
0 16021 68 0 1788978391 635451
0 16040 60 0 1788978391 636588
0 16062 51 0 1788978391 637998
0 16080 124 0 1788978391 639649
0 16106 73 0 1788978391 641203
0 16163 66 0 1788978391 645992
0 16177 0 0 1788978391 647171
0 16191 89 0 1788978391 648283
0 16218 76 0 1788978391 650146
0 16237 72 0 1788978391 651422
0 16251 59 0 1788978391 652310
0 16253 55 0 1788978391 652425
0 16285 52 0 1788978391 654135
0 16327 52 0 1788978391 656519
0 16334 43 0 1788978391 656901
0 16335 42 0 1788978391 656945
0 16351 83 0 1788978391 657848
0 16353 80 0 1788978391 657992
0 16386 57 0 1788978391 660416
0 16387 63 0 1788978391 660483
0 16393 53 0 1788978391 660853
0 16395 51 0 1788978391 660963
0 16465 47 0 1788978391 664944
0 16469 49 0 1788978391 665132
0 16483 56 0 1788978391 665865
0 16510 57 0 1788978391 667550
0 16580 60 0 1788978391 671409
0 16583 66 0 1788978391 671606
0 16589 53 0 1788978391 671922
0 16608 53 0 1788978391 673004
0 16656 52 0 1788978391 675769
0 16688 68 0 1788978391 677706
0 16691 53 0 1788978391 677883
0 16696 65 0 1788978391 678196
0 16769 56 0 1788978391 682051
0 16776 52 0 1788978391 682414
0 16777 54 0 1788978391 682469
0 16779 62 0 1788978391 682600
0 16785 53 0 1788978391 682996
0 16811 53 0 1788978391 684388
0 16814 53 0 1788978391 684552
0 16842 44 0 1788978391 686115
0 16844 44 0 1788978391 686206
0 16854 50 0 1788978391 686683
0 16877 76 0 1788978391 687931
0 16906 74 0 1788978391 689994
0 16918 51 0 1788978391 690611
0 16920 86 0 1788978391 690785
0 16967 47 0 1788978391 693583
0 16997 76 0 1788978391 695209
0 17006 69 0 1788978391 695863
0 17012 58 0 1788978391 696237
0 17023 53 0 1788978391 696879
0 17027 57 0 1788978391 697107
0 17028 56 0 1788978391 697165
0 17033 43 0 1788978391 697389
0 17042 42 0 1788978391 697777
0 17053 46 0 1788978391 698271
0 17067 67 0 1788978391 699057
0 17069 59 0 1788978391 699183
0 17084 61 0 1788978391 701100
0 17090 64 0 1788978391 701408
0 17106 66 0 1788978391 702362
0 17112 69 0 1788978391 702762
0 17164 71 0 1788978391 706107
0 17179 63 0 1788978391 707057
0 17227 87 0 1788978391 709674
0 17235 65 0 1788978391 710245
0 17243 55 0 1788978391 710805
0 17244 55 0 1788978391 710864
0 17281 84 0 1788978391 713193
0 17294 62 0 1788978391 714023
0 17305 62 0 1788978391 714733
0 17308 57 0 1788978391 714905
0 17343 55 0 1788978391 717005
0 17354 71 0 1788978391 717665
0 17373 53 0 1788978391 718683
0 17427 45 0 1788978391 721799
0 17479 56 0 1788978391 724585
0 17495 39 0 1788978391 725362
0 17499 40 0 1788978391 725524
0 17518 90 0 1788978391 726411
0 17539 70 0 1788978391 728150
0 17541 58 0 1788978391 728285
0 17545 45 0 1788978391 728477
0 17575 62 0 1788978391 730021
0 17589 54 0 1788978391 730820
0 17626 46 0 1788978391 732849
0 17635 64 0 1788978391 733312
0 17658 71 0 1788978391 734660
0 17663 58 0 1788978391 734938
0 17715 70 0 1788978391 737360
0 17721 64 0 1788978391 737781
0 17732 94 0 1788978391 740047
0 17759 57 0 1788978391 742223
0 17814 44 0 1788978391 745950
0 17818 46 0 1788978391 746129
0 17819 44 0 1788978391 746174
0 17826 39 0 1788978391 746487
0 17830 53 0 1788978391 746681
0 17839 53 0 1788978391 747174
0 17873 52 0 1788978391 749308
0 17878 54 0 1788978391 749607
0 17883 61 0 1788978391 749935
0 17898 46 0 1788978391 750684
0 17900 47 0 1788978391 750782
0 17960 40 0 1788978391 754116
0 17979 66 0 1788978391 755163
0 18023 48 0 1788978391 757761
0 18034 49 0 1788978391 758270
0 18039 47 0 1788978391 758503
0 18046 64 0 1788978391 758910
0 18081 53 0 1788978391 761210
0 18102 50 0 1788978391 762411
0 18154 49 0 1788978391 765334
0 18163 41 0 1788978391 765786
0 18221 52 0 1788978391 768769
0 18233 43 0 1788978391 769386
0 18268 56 0 1788978391 771097
0 18270 56 0 1788978391 771213
0 18286 50 0 1788978391 772095
0 18300 69 0 1788978391 772949
0 18328 57 0 1788978391 774453
0 18332 60 0 1788978391 774702
0 18368 41 0 1788978391 776713
0 18389 40 0 1788978391 777576
0 18410 59 0 1788978391 778765
0 18416 54 0 1788978391 779142
0 18449 48 0 1788978391 780959
0 18465 65 0 1788978391 781715
0 18476 68 0 1788978391 782445
0 18490 61 0 1788978391 783365
0 18519 54 0 1788978391 785191
0 18581 67 0 1788978391 788710
0 18585 54 0 1788978391 788946
0 18586 55 0 1788978391 789004
0 18628 47 0 1788978391 791513
0 18645 55 0 1788978391 792524
0 18665 67 0 1788978391 794049
0 18672 53 0 1788978391 794516
0 18701 78 0 1788978391 796887
0 18705 85 0 1788978391 797252
0 18716 73 0 1788978391 798167
0 18724 99 0 1788978391 799156
0 18736 75 0 1788978391 800099
0 18777 59 0 1788978391 803153
0 18788 80 0 1788978391 803998
0 18795 88 0 1788978391 804597
0 18814 74 0 1788978391 806099
0 18898 57 0 1788978391 812600
0 18902 60 0 1788978391 812877
0 18907 58 0 1788978391 813163
0 18908 58 0 1788978391 813223
0 18938 50 0 1788978391 815023
0 18965 52 0 1788978391 816459
0 18978 45 0 1788978391 817101
0 18991 53 0 1788978391 817785
0 18995 56 0 1788978391 818017
0 19031 51 0 1788978391 820132
0 19041 52 0 1788978391 820642
0 19057 52 0 1788978391 821398
0 19062 62 0 1788978391 821656
0 19067 55 0 1788978391 821976
0 19102 42 0 1788978391 824072
0 19110 38 0 1788978391 824412
0 19135 74 0 1788978391 825719
0 19142 83 0 1788978391 826247
0 19238 49 0 1788978391 831578
0 19243 49 0 1788978391 831839
0 19254 40 0 1788978391 832311
0 19258 40 0 1788978391 832474
0 19263 41 0 1788978391 832687
0 19403 71 0 1788978391 840998
0 19404 73 0 1788978391 841074
0 19407 81 0 1788978391 841308
0 19413 41 0 1788978391 841787
0 19421 49 0 1788978391 842190
0 19456 59 0 1788978391 844250
0 19469 64 0 1788978391 844998
0 19482 40 0 1788978391 845607
0 19498 44 0 1788978391 846310
0 19514 56 0 1788978391 847208
0 19527 61 0 1788978391 848018
0 19532 54 0 1788978391 848328
0 19548 39 0 1788978391 849169
0 19568 50 0 1788978391 850085
0 19574 38 0 1788978391 850350
0 19576 61 0 1788978391 850470
0 19580 61 0 1788978391 850715
0 19587 74 0 1788978391 851142
0 19665 62 0 1788978391 855543
0 19672 56 0 1788978391 855974
0 19691 49 0 1788978391 856809
0 19707 60 0 1788978391 857601
0 19727 66 0 1788978391 859019
0 19731 78 0 1788978391 859345
0 19744 67 0 1788978391 860244
0 19750 93 0 1788978391 860670
0 19760 61 0 1788978391 861323
0 19762 54 0 1788978391 861442
0 19769 72 0 1788978391 862068
0 19773 73 0 1788978391 862347
0 19774 86 0 1788978391 862436
0 19789 118 0 1788978391 863565
0 19790 175 0 1788978391 863744
0 19807 75 0 1788978391 865179
0 19853 0 0 1788978391 868867
0 19861 0 0 1788978391 869399
0 19927 68 0 1788978391 874921
0 19936 104 0 1788978391 875644
0 19944 71 0 1788978391 876139
0 19999 63 0 1788978391 879248
0 20025 66 0 1788978391 880644
0 20030 63 0 1788978391 880922
0 20063 72 0 1788978391 882676
0 20065 63 0 1788978391 882805
0 20075 59 0 1788978391 883348
0 20101 56 0 1788978391 884727
0 20122 49 0 1788978391 885772
0 20132 46 0 1788978391 886240
0 20181 49 0 1788978391 888877
0 20197 52 0 1788978391 889713
0 20267 61 0 1788978391 893419
0 20281 50 0 1788978391 894151
0 20315 43 0 1788978391 895701
0 20341 47 0 1788978391 896937
0 20346 57 0 1788978391 897189
0 20353 64 0 1788978391 897627
0 20397 62 0 1788978391 899909
0 20428 61 0 1788978391 901704
0 20435 42 0 1788978391 902078
0 20450 47 0 1788978391 902749
0 20489 52 0 1788978391 905005
0 20530 63 0 1788978391 906975
0 20534 62 0 1788978391 907231
0 20540 79 0 1788978391 907644
0 20553 58 0 1788978391 908429
0 20558 63 0 1788978391 908745
0 20572 45 0 1788978391 909463
0 20575 44 0 1788978391 909594
0 20582 43 0 1788978391 909906
0 20643 40 0 1788978391 913470
0 20651 63 0 1788978391 913913
0 20677 55 0 1788978391 915491
0 20680 72 0 1788978391 915678
0 20700 41 0 1788978391 916575
0 20716 58 0 1788978391 917322
0 20717 78 0 1788978391 917403
0 20724 69 0 1788978391 917888
0 20755 46 0 1788978391 919986
0 20777 57 0 1788978391 921416
0 20783 76 0 1788978391 921917
0 20795 56 0 1788978391 922735
0 20825 63 0 1788978391 924808
0 20834 73 0 1788978391 925473
0 20885 56 0 1788978391 928503
0 20893 43 0 1788978391 928936
0 20895 57 0 1788978391 929045
0 20956 77 0 1788978391 932295
0 21020 63 0 1788978391 935749
0 21030 45 0 1788978391 936272
0 21045 35 0 1788978391 936925
0 21063 74 0 1788978391 937789
0 21080 61 0 1788978391 939013
0 21089 64 0 1788978391 939571
0 21159 45 0 1788978391 943548
0 21172 41 0 1788978391 944167
0 21236 43 0 1788978391 947265
0 21239 40 0 1788978391 947381
0 21242 39 0 1788978391 947503
0 21249 42 0 1788978391 947799
0 21292 77 0 1788978391 950212
0 21305 64 0 1788978391 950997
0 21310 47 0 1788978391 951287
0 21314 64 0 1788978391 951471
0 21322 43 0 1788978391 951860
0 21340 79 0 1788978391 952836
0 21364 60 0 1788978391 954455
0 21383 41 0 1788978391 955314
0 21385 41 0 1788978391 955397
0 21396 38 0 1788978391 955836
0 21399 44 0 1788978391 955958
0 21409 77 0 1788978391 956652
0 21413 69 0 1788978391 956925
0 21430 55 0 1788978391 958064
0 21462 40 0 1788978391 959433
0 21482 60 0 1788978391 960812
0 21518 45 0 1788978391 962582
0 21536 59 0 1788978391 963587
0 21585 55 0 1788978391 966242
0 21621 53 0 1788978391 968199
0 21630 53 0 1788978391 968710
0 21631 54 0 1788978391 968768
0 21642 55 0 1788978391 969369
0 21655 50 0 1788978391 970086
0 21666 61 0 1788978391 970777
0 21673 44 0 1788978391 971094
0 21721 56 0 1788978391 973533
0 21731 63 0 1788978391 974167
0 21743 55 0 1788978391 974856
0 21778 55 0 1788978391 976722
0 21786 50 0 1788978391 977119
0 21872 62 0 1788978391 981726
0 21877 52 0 1788978391 982020
0 21879 49 0 1788978391 982122
0 21911 59 0 1788978391 984094
0 21948 56 0 1788978391 986035
0 21953 45 0 1788978391 986270
0 21955 50 0 1788978391 986369
0 21959 49 0 1788978391 986558
0 21989 47 0 1788978391 988083
0 22003 54 0 1788978391 988835
0 22052 46 0 1788978391 991312
0 22058 46 0 1788978391 991605
0 22069 54 0 1788978391 992204
0 22074 84 0 1788978391 992556
0 22077 73 0 1788978391 992799
0 22083 57 0 1788978391 993161
0 22114 58 0 1788978391 994992
0 22139 52 0 1788978391 996292
0 22143 42 0 1788978391 996467
0 22163 40 0 1788978391 997334
0 22273 52 0 1788978392 3259
0 22283 57 0 1788978392 3817
0 22292 53 0 1788978392 4345
0 22294 54 0 1788978392 4460
0 22321 49 0 1788978392 5927
0 22331 61 0 1788978392 6489
0 22341 49 0 1788978392 6993
0 22344 45 0 1788978392 7131
0 22352 101 0 1788978392 7683
0 22358 84 0 1788978392 8159
0 22373 80 0 1788978392 9460
0 22374 268 0 1788978392 9732
0 22375 60 0 1788978392 9796
0 22402 46 0 1788978392 11242
0 22404 55 0 1788978392 11342
0 22422 61 0 1788978392 12393
0 22446 46 0 1788978392 13714
0 22449 50 0 1788978392 13861
0 22471 55 0 1788978392 15121
0 22495 42 0 1788978392 16314
0 22501 43 0 1788978392 16591
0 22504 44 0 1788978392 16733
0 22513 45 0 1788978392 17143
0 22527 49 0 1788978392 17849
0 22559 53 0 1788978392 19546
0 22572 56 0 1788978392 20298
0 22576 48 0 1788978392 20491
0 22587 60 0 1788978392 21125
0 22594 55 0 1788978392 21500
0 22707 47 0 1788978392 27414
0 22758 49 0 1788978392 30190
0 22771 56 0 1788978392 30903
0 22780 58 0 1788978392 31521
0 22803 50 0 1788978392 32801
0 22819 60 0 1788978392 33617
0 22841 52 0 1788978392 34833
0 22860 49 0 1788978392 35777
0 22891 60 0 1788978392 37538
0 22925 50 0 1788978392 39319
0 22950 59 0 1788978392 40662
0 22961 64 0 1788978392 41295
0 22964 0 0 1788978392 41491
0 22975 51 0 1788978392 42090
0 22985 56 0 1788978392 42617
0 23008 48 0 1788978392 43836
0 23023 40 0 1788978392 44526
0 23028 36 0 1788978392 44786
0 23029 38 0 1788978392 44827
0 23059 68 0 1788978392 46244
0 23067 55 0 1788978392 46758
0 23133 73 0 1788978392 50236
0 23137 70 0 1788978392 50541
0 23140 64 0 1788978392 50750
0 23152 41 0 1788978392 51457
0 23161 36 0 1788978392 51883
0 23185 38 0 1788978392 52800
0 23207 60 0 1788978392 54144
0 23230 43 0 1788978392 55452
0 23249 51 0 1788978392 56408
0 23279 65 0 1788978392 58180
0 23280 55 0 1788978392 58239
0 23300 54 0 1788978392 59387
0 23352 64 0 1788978392 62228
0 23366 41 0 1788978392 62971
0 23368 41 0 1788978392 63058
0 23373 59 0 1788978392 63350
0 23383 51 0 1788978392 63894
0 23392 51 0 1788978392 64369
0 23398 57 0 1788978392 64753
0 23421 72 0 1788978392 66131
0 23458 61 0 1788978392 68079
0 23487 46 0 1788978392 69908
0 23515 61 0 1788978392 71282
0 23562 45 0 1788978392 73757
0 23572 41 0 1788978392 74222
0 23576 66 0 1788978392 74464
0 23587 57 0 1788978392 75142
0 23606 51 0 1788978392 76237
0 23608 51 0 1788978392 76348
0 23673 62 0 1788978392 79699
0 23701 45 0 1788978392 81166
0 23724 50 0 1788978392 82360
0 23726 53 0 1788978392 82465
0 23731 59 0 1788978392 82776
0 23759 49 0 1788978392 84404
0 23772 64 0 1788978392 85188
0 23777 64 0 1788978392 85554
0 23820 35 0 1788978392 87823
0 23834 40 0 1788978392 88367
0 23838 55 0 1788978392 88604
0 23860 59 0 1788978392 90147
0 23899 72 0 1788978392 92342
0 23908 56 0 1788978392 93063
0 23950 78 0 1788978392 96829
0 23951 70 0 1788978392 96904
0 23984 158 0 1788978392 99741
0 23992 88 0 1788978392 100560
0 24024 82 0 1788978392 102948
0 24028 74 0 1788978392 103286
0 24035 80 0 1788978392 103847
0 24051 79 0 1788978392 105400
0 24103 51 0 1788978392 109460
0 24144 78 0 1788978392 112240
0 24189 71 0 1788978392 115720
0 24195 63 0 1788978392 116105
0 24238 78 0 1788978392 118840
0 24240 66 0 1788978392 118983
0 24246 63 0 1788978392 119399
0 24257 67 0 1788978392 120133
0 24272 51 0 1788978392 121118
0 24296 58 0 1788978392 122913
0 24350 57 0 1788978392 126879
0 24396 65 0 1788978392 130205
0 24397 58 0 1788978392 130266
0 24415 64 0 1788978392 131354
0 24419 61 0 1788978392 131606
0 24422 73 0 1788978392 131843
0 24438 74 0 1788978392 132952
0 24452 59 0 1788978392 134057
0 24477 75 0 1788978392 135724
0 24497 76 0 1788978392 137046
0 24521 52 0 1788978392 138494
0 24524 75 0 1788978392 138707
0 24528 89 0 1788978392 139060
0 24567 69 0 1788978392 142385
0 24597 53 0 1788978392 144749
0 24619 66 0 1788978392 146179
0 24623 82 0 1788978392 146488
0 24628 80 0 1788978392 146871
0 24661 60 0 1788978392 149023
0 24666 50 0 1788978392 149321
0 24676 50 0 1788978392 149847
0 24678 53 0 1788978392 149952
0 24748 44 0 1788978392 153932
0 24753 44 0 1788978392 154158
0 24772 66 0 1788978392 155264
0 24819 50 0 1788978392 157799
0 24821 53 0 1788978392 157914
0 24827 67 0 1788978392 158266
0 24847 71 0 1788978392 159782
0 24881 48 0 1788978392 161476
0 24890 54 0 1788978392 161931
0 24931 50 0 1788978392 164229
0 24942 66 0 1788978392 164829
0 24968 59 0 1788978392 166336
0 24987 48 0 1788978392 167403
0 24999 55 0 1788978392 167976
0 25000 56 0 1788978392 168036
0 25009 48 0 1788978392 168463
0 25015 50 0 1788978392 168910
0 25023 62 0 1788978392 169440
0 25024 60 0 1788978392 169503
0 25026 78 0 1788978392 169652
0 25085 60 0 1788978392 173513
0 25123 49 0 1788978392 175522
0 25129 41 0 1788978392 175809
0 25193 50 0 1788978392 179287
0 25204 49 0 1788978392 179868
0 25215 50 0 1788978392 180412
0 25258 53 0 1788978392 182619
0 25264 45 0 1788978392 182905
0 25265 45 0 1788978392 182953
0 25267 46 0 1788978392 183046
0 25299 54 0 1788978392 184813
0 25368 59 0 1788978392 188575
0 25369 65 0 1788978392 188647
0 25376 65 0 1788978392 189092
0 25433 48 0 1788978392 192396
0 25441 49 0 1788978392 192804
0 25449 53 0 1788978392 193204
0 25454 52 0 1788978392 193496
0 25518 48 0 1788978392 196829
0 25550 38 0 1788978392 198301
0 25591 50 0 1788978392 200475
0 25603 51 0 1788978392 201100
0 25609 58 0 1788978392 201430
0 25629 69 0 1788978392 202633
0 25644 70 0 1788978392 203707
0 25668 65 0 1788978392 205122
0 25669 62 0 1788978392 205188
0 25688 49 0 1788978392 206349
0 25695 49 0 1788978392 206777
0 25746 63 0 1788978392 209348
0 25762 60 0 1788978392 210304
0 25768 74 0 1788978392 210652
0 25769 70 0 1788978392 210725
0 25771 59 0 1788978392 210844
0 25783 46 0 1788978392 211392
0 25825 59 0 1788978392 213585
0 25833 52 0 1788978392 214018
0 25862 48 0 1788978392 215449
0 25881 48 0 1788978392 216456
0 25886 63 0 1788978392 216744
0 25911 57 0 1788978392 218202
0 25957 56 0 1788978392 220512
0 25994 32 0 1788978392 222450
0 25998 38 0 1788978392 222595
0 26002 32 0 1788978392 222757
0 26021 95 0 1788978392 223706
0 26032 73 0 1788978392 224504
0 26091 83 0 1788978392 227660
0 26105 71 0 1788978392 228591
0 26167 64 0 1788978392 232217
0 26179 57 0 1788978392 232891
0 26182 50 0 1788978392 233034
0 26215 92 0 1788978392 235155
0 26229 46 0 1788978392 236087
0 26236 43 0 1788978392 236404
0 26277 48 0 1788978392 238756
0 26282 49 0 1788978392 239032
0 26335 75 0 1788978392 242047
0 26345 41 0 1788978392 242735
0 26391 48 0 1788978392 244747
0 26397 48 0 1788978392 245028
0 26401 42 0 1788978392 245216
0 26402 48 0 1788978392 245266
0 26408 59 0 1788978392 245620
0 26440 42 0 1788978392 247192
0 26457 41 0 1788978392 247906
0 26470 75 0 1788978392 248671
0 26482 58 0 1788978392 249342
0 26487 1869 0 1788978392 251468
0 26490 60 0 1788978392 251703
0 26501 74 0 1788978392 252537
0 26556 56 0 1788978392 256112
0 26559 54 0 1788978392 256282
0 26567 46 0 1788978392 256651
0 26582 45 0 1788978392 257328
0 26616 88 0 1788978392 259441
0 26626 66 0 1788978392 260073
0 26642 83 0 1788978392 261092
0 26670 62 0 1788978392 263113
0 26678 64 0 1788978392 263560
0 26695 71 0 1788978392 265148
0 26701 64 0 1788978392 265596
0 26757 53 0 1788978392 268793
0 26762 48 0 1788978392 269036
0 26766 51 0 1788978392 269233
0 26789 40 0 1788978392 270246
0 26820 53 0 1788978392 272022
0 26841 39 0 1788978392 273003
0 26877 79 0 1788978392 274761
0 26881 65 0 1788978392 275020
0 26885 54 0 1788978392 275243
0 26952 59 0 1788978392 278356
0 26989 56 0 1788978392 280416
0 26991 41 0 1788978392 280506
0 27032 53 0 1788978392 282938
0 27046 54 0 1788978392 283756
0 27061 42 0 1788978392 284412
0 27096 60 0 1788978392 286187
0 27109 61 0 1788978392 286917
0 27148 50 0 1788978392 288824
0 27149 50 0 1788978392 288877
0 27152 70 0 1788978392 289062
0 27174 67 0 1788978392 290384
0 27193 46 0 1788978392 291467
0 27241 69 0 1788978392 295360
0 27261 64 0 1788978392 296720
0 27265 0 0 1788978392 297087
0 27271 62 0 1788978392 297454
0 27294 89 0 1788978392 299841
0 27341 74 0 1788978392 303152
0 27355 45 0 1788978392 304011
0 27395 51 0 1788978392 306202
0 27416 50 0 1788978392 307284
0 27422 70 0 1788978392 307608
0 27423 90 0 1788978392 307700
0 27445 50 0 1788978392 308860
0 27483 46 0 1788978392 311315
0 27500 70 0 1788978392 313502
0 27527 64 0 1788978392 315454
0 27536 67 0 1788978392 316148
0 27588 69 0 1788978392 319886
0 27602 47 0 1788978392 320780
0 27621 75 0 1788978392 321900
0 27635 57 0 1788978392 322745
0 27637 60 0 1788978392 322869
0 27665 59 0 1788978392 324880
0 27670 50 0 1788978392 325150
0 27718 56 0 1788978392 327854
0 27732 57 0 1788978392 328630
0 27749 58 0 1788978392 329589
0 27758 44 0 1788978392 330079
0 27760 49 0 1788978392 330175
0 27769 56 0 1788978392 330619
0 27791 75 0 1788978392 332026
0 27825 68 0 1788978392 334420
0 27830 118 0 1788978392 334913
0 27859 78 0 1788978392 337261
0 27882 74 0 1788978392 338803
0 27895 57 0 1788978392 339595
0 27896 68 0 1788978392 339668
0 27922 76 0 1788978392 341213
0 27923 51 0 1788978392 341266
0 27930 66 0 1788978392 341638
0 27944 60 0 1788978392 342542
0 27945 55 0 1788978392 342600
0 27950 58 0 1788978392 342909
0 27964 76 0 1788978392 343680
0 27976 39 0 1788978392 344292
0 27998 41 0 1788978392 345194
0 28026 67 0 1788978392 346716
0 28038 61 0 1788978392 347491
0 28042 64 0 1788978392 347776
0 28044 67 0 1788978392 347905
0 28062 39 0 1788978392 348722
0 28067 39 0 1788978392 348921
0 28086 52 0 1788978392 349834
0 28089 59 0 1788978392 350010
0 28092 66 0 1788978392 350191
0 28113 49 0 1788978392 351422
0 28121 54 0 1788978392 351840
0 28135 46 0 1788978392 352520
0 28173 85 0 1788978392 354937
0 28189 43 0 1788978392 355816
0 28191 48 0 1788978392 355916
0 28193 48 0 1788978392 356020
0 28194 47 0 1788978392 356069
0 28196 48 0 1788978392 356166
0 28234 53 0 1788978392 358708
0 28240 58 0 1788978392 359084
0 28260 55 0 1788978392 360546
0 28281 56 0 1788978392 361793
0 28286 51 0 1788978392 362072
0 28290 63 0 1788978392 362305
0 28294 61 0 1788978392 362560
0 28321 50 0 1788978392 363954
0 28339 62 0 1788978392 364861
0 28343 48 0 1788978392 365083
0 28344 48 0 1788978392 365133
0 28368 69 0 1788978392 366418
0 28418 52 0 1788978392 369155
0 28423 52 0 1788978392 369438
0 28450 53 0 1788978392 370951
0 28493 53 0 1788978392 373039
0 28502 50 0 1788978392 373507
0 28556 49 0 1788978392 376199
0 28558 63 0 1788978392 376315
0 28573 55 0 1788978392 377164
0 28583 53 0 1788978392 377751
0 28625 50 0 1788978392 379541
0 28636 62 0 1788978392 380229
0 28641 62 0 1788978392 380527
0 28659 59 0 1788978392 381595
0 28674 39 0 1788978392 382258
0 28686 38 0 1788978392 382747
0 28702 69 0 1788978392 383585
0 28711 61 0 1788978392 384177
0 28739 43 0 1788978392 385867
0 28745 39 0 1788978392 386117
0 28766 55 0 1788978392 387025
0 28782 63 0 1788978392 388011
0 28784 61 0 1788978392 388136
0 28792 85 0 1788978392 388663
0 28798 61 0 1788978392 389023
0 28842 60 0 1788978392 391234
0 28873 58 0 1788978392 393051
0 28886 50 0 1788978392 393652
0 28907 40 0 1788978392 394494
0 28925 69 0 1788978392 395529
0 28931 58 0 1788978392 395894
0 28936 58 0 1788978392 396218
0 28949 41 0 1788978392 396993
0 28976 62 0 1788978392 398249
0 29015 49 0 1788978392 400628
0 29016 48 0 1788978392 400678
0 29070 47 0 1788978392 404158
0 29075 46 0 1788978392 404388
0 29083 67 0 1788978392 404797
0 29094 47 0 1788978392 405369
0 29127 65 0 1788978392 407180
0 29140 58 0 1788978392 407952
0 29167 45 0 1788978392 409242
0 29213 40 0 1788978392 411553
0 29217 42 0 1788978392 411726
0 29252 49 0 1788978392 413172
0 29280 57 0 1788978392 414696
0 29346 61 0 1788978392 418868
0 29365 48 0 1788978392 419729
0 29367 52 0 1788978392 419832
0 29384 69 0 1788978392 420831
0 29396 57 0 1788978392 421553
0 29398 71 0 1788978392 421729
0 29413 53 0 1788978392 422619
0 29425 43 0 1788978392 423174
0 29473 43 0 1788978392 425732
0 29478 40 0 1788978392 425937
0 29491 46 0 1788978392 426565
0 29517 76 0 1788978392 428210
0 29528 55 0 1788978392 428819
0 29544 48 0 1788978392 429680
0 29595 55 0 1788978392 432743
0 29633 40 0 1788978392 434271
0 29634 39 0 1788978392 434312
0 29656 62 0 1788978392 435609
0 29663 66 0 1788978392 436062
0 29708 67 0 1788978392 438312
0 29721 58 0 1788978392 439102
0 29727 52 0 1788978392 439458
0 29733 61 0 1788978392 439843
0 29743 58 0 1788978392 440403
0 29787 58 0 1788978392 443134
0 29801 56 0 1788978392 444085
0 29813 74 0 1788978392 444868
0 29825 97 0 1788978392 445701
0 29827 63 0 1788978392 445826
0 29844 44 0 1788978392 446785
0 29852 49 0 1788978392 447152
0 29903 53 0 1788978392 449960
0 29914 47 0 1788978392 450585
0 29919 48 0 1788978392 450837
0 29921 59 0 1788978392 450946
0 30026 58 0 1788978392 456324
0 30061 43 0 1788978392 458228
0 30064 44 0 1788978392 458362
0 30090 59 0 1788978392 459848
0 30093 56 0 1788978392 460030
0 30106 52 0 1788978392 460785
0 30141 47 0 1788978392 462552
0 30237 45 0 1788978392 467997
0 30312 45 0 1788978392 472099
0 30340 53 0 1788978392 473429
0 30423 58 0 1788978392 477640
0 30433 49 0 1788978392 478108
0 30463 57 0 1788978392 479723
0 30523 52 0 1788978392 482523
0 30551 58 0 1788978392 484109
0 30557 51 0 1788978392 484416
0 30565 53 0 1788978392 484851
0 30601 80 0 1788978392 487309
0 30650 59 0 1788978392 489801
0 30665 50 0 1788978392 490602
0 30671 53 0 1788978392 490920
0 30673 43 0 1788978392 491015
0 30698 61 0 1788978392 492248
0 30747 38 0 1788978392 495092
0 30750 50 0 1788978392 495229
0 30759 66 0 1788978392 495707
0 30780 79 0 1788978392 497206
0 30799 52 0 1788978392 498409
0 30806 64 0 1788978392 498885
0 30815 48 0 1788978392 499434
0 30850 60 0 1788978392 501448
0 30870 80 0 1788978392 502606
0 30871 63 0 1788978392 502672
0 30877 66 0 1788978392 503051
0 30878 55 0 1788978392 503108
0 30934 51 0 1788978392 506072
0 30951 62 0 1788978392 507121
0 30959 49 0 1788978392 507589
0 30970 50 0 1788978392 508264
0 30981 47 0 1788978392 508813
0 31005 58 0 1788978392 509959
0 31024 46 0 1788978392 510943
0 31035 51 0 1788978392 511479
0 31045 50 0 1788978392 512030
0 31070 43 0 1788978392 513080
0 31123 59 0 1788978392 515763
0 31131 38 0 1788978392 516138
0 31144 48 0 1788978392 516653
0 31187 55 0 1788978392 519379
0 31205 38 0 1788978392 520192
0 31233 75 0 1788978392 521789
0 31260 54 0 1788978392 524356
0 31281 91 0 1788978392 525670
0 31322 57 0 1788978392 528040
0 31335 51 0 1788978392 528824
0 31341 98 0 1788978392 529245
0 31370 52 0 1788978392 530914
0 31374 47 0 1788978392 531130
0 31399 52 0 1788978392 532496
0 31402 67 0 1788978392 532662
0 31429 47 0 1788978392 534046
0 31439 54 0 1788978392 534568
0 31452 53 0 1788978392 535241
0 31477 89 0 1788978392 536635
0 31484 56 0 1788978392 537035
0 31502 48 0 1788978392 538022
0 31510 51 0 1788978392 538411
0 31512 51 0 1788978392 538518
0 31516 60 0 1788978392 538746
0 31520 50 0 1788978392 538950
0 31553 72 0 1788978392 541183
0 31557 82 0 1788978392 541479
0 31600 51 0 1788978392 544240
0 31629 45 0 1788978392 545680
0 31637 55 0 1788978392 546029
0 31643 44 0 1788978392 546302
0 31661 52 0 1788978392 547171
0 31671 54 0 1788978392 547728
0 31686 61 0 1788978392 548601
0 31700 39 0 1788978392 549337
0 31703 40 0 1788978392 549460
0 31732 57 0 1788978392 550817
0 31738 82 0 1788978392 551251
0 31775 34 0 1788978392 553152
0 31782 44 0 1788978392 553466
0 31790 50 0 1788978392 553886
0 31796 48 0 1788978392 554169
0 31799 46 0 1788978392 554312
0 31808 73 0 1788978392 554831
0 31815 56 0 1788978392 555264
0 31818 60 0 1788978392 555442
0 31875 82 0 1788978392 558689
0 31885 65 0 1788978392 559313
0 31890 69 0 1788978392 559640
0 31908 38 0 1788978392 560467
0 32023 64 0 1788978392 567448
0 32038 57 0 1788978392 568332
0 32044 58 0 1788978392 568715
0 32062 41 0 1788978392 569698
0 32087 39 0 1788978392 570700
0 32092 39 0 1788978392 570895
0 32132 116 0 1788978392 573824
0 32147 70 0 1788978392 575030
0 32206 51 0 1788978392 578653
0 32209 46 0 1788978392 578799
0 32210 55 0 1788978392 578856
0 32224 68 0 1788978392 579866
0 32232 64 0 1788978392 580366
0 32233 63 0 1788978392 580432
0 32236 86 0 1788978392 580647
0 32239 57 0 1788978392 580835
0 32263 54 0 1788978392 582086
0 32269 60 0 1788978392 582408
0 32271 57 0 1788978392 582528
0 32273 76 0 1788978392 582665
0 32300 56 0 1788978392 584305
0 32307 57 0 1788978392 584690
0 32314 45 0 1788978392 585026
0 32333 48 0 1788978392 585899
0 32377 60 0 1788978392 588452
0 32379 47 0 1788978392 588570
0 32392 45 0 1788978392 589167
0 32405 53 0 1788978392 589838
0 32413 58 0 1788978392 590312
0 32455 47 0 1788978392 592787
0 32468 55 0 1788978392 593597
0 32493 55 0 1788978392 595068
0 32527 66 0 1788978392 596730
0 32569 67 0 1788978392 599083
0 32603 43 0 1788978392 600684
0 32614 53 0 1788978392 601337
0 32617 50 0 1788978392 601491
0 32622 54 0 1788978392 601779
0 32632 65 0 1788978392 602432
0 32634 86 0 1788978392 602589
0 32635 71 0 1788978392 602663
0 32655 41 0 1788978392 603837
0 32678 59 0 1788978392 605280
0 32692 61 0 1788978392 606161
0 32709 69 0 1788978392 607170
0 32736 57 0 1788978392 608800
0 32773 62 0 1788978392 610730
0 32779 43 0 1788978392 611069
0 32845 59 0 1788978392 616903
0 32850 52 0 1788978392 617176
0 32877 68 0 1788978392 618648
0 32888 59 0 1788978392 619164
0 32899 68 0 1788978392 619897
0 32921 64 0 1788978392 621203
0 32922 61 0 1788978392 621269
0 32976 58 0 1788978392 624216
0 32985 64 0 1788978392 624790
0 32987 62 0 1788978392 624919
0 32997 51 0 1788978392 625430
0 33011 47 0 1788978392 626137
0 33018 51 0 1788978392 626502
0 33030 55 0 1788978392 627161
0 33040 63 0 1788978392 627752
0 33062 51 0 1788978392 629022
0 33071 52 0 1788978392 629504
0 33106 54 0 1788978392 631413
0 33114 60 0 1788978392 631902
0 33121 42 0 1788978392 632289
0 33224 57 0 1788978392 637936
0 33253 58 0 1788978392 639641
0 33264 57 0 1788978392 640149
0 33271 44 0 1788978392 640521
0 33291 52 0 1788978392 641609
0 33295 76 0 1788978392 641876
0 33305 57 0 1788978392 642474
0 33315 56 0 1788978392 643076
0 33319 43 0 1788978392 643296
0 33361 78 0 1788978392 646004
0 33373 55 0 1788978392 646793
0 33406 48 0 1788978392 648582
0 33412 69 0 1788978392 648925
0 33428 68 0 1788978392 650300
0 33461 41 0 1788978392 652042
0 33509 43 0 1788978392 654961
0 33561 54 0 1788978392 657928
0 33563 67 0 1788978392 658058
0 33564 74 0 1788978392 658135
0 33577 51 0 1788978392 658913
0 33648 45 0 1788978392 663018
0 33670 51 0 1788978392 664010
0 33676 51 0 1788978392 664297
0 33687 55 0 1788978392 664864
0 33690 53 0 1788978392 665031
0 33698 61 0 1788978392 665479
0 33720 64 0 1788978392 666675
0 33738 41 0 1788978392 667457
0 33749 66 0 1788978392 668134
0 33756 88 0 1788978392 668649
0 33783 50 0 1788978392 670222
0 33805 42 0 1788978392 671374
0 33816 51 0 1788978392 671865
0 33831 60 0 1788978392 672710
0 33838 62 0 1788978392 673159
0 33841 60 0 1788978392 673344
0 33854 51 0 1788978392 674063
0 33875 44 0 1788978392 675094
0 33878 44 0 1788978392 675226
0 33887 49 0 1788978392 675701
0 33936 51 0 1788978392 678403
0 33945 44 0 1788978392 678854
0 34019 44 0 1788978392 682935
0 34031 41 0 1788978392 683444
0 34059 54 0 1788978392 685033
0 34077 54 0 1788978392 686031
0 34078 54 0 1788978392 686086
0 34090 40 0 1788978392 686592
0 34100 43 0 1788978392 687035
0 34136 54 0 1788978392 689148
0 34137 57 0 1788978392 689209
0 34152 48 0 1788978392 690058
0 34187 52 0 1788978392 692000
0 34196 61 0 1788978392 692553
0 34208 52 0 1788978392 693242
0 34232 50 0 1788978392 694488
0 34272 50 0 1788978392 696726
0 34280 47 0 1788978392 697113
0 34304 59 0 1788978392 698310
0 34378 50 0 1788978392 702448
0 34379 58 0 1788978392 702508
0 34409 42 0 1788978392 704031
0 34417 51 0 1788978392 704448
0 34427 52 0 1788978392 704994
0 34497 67 0 1788978392 708884
0 34540 164 0 1788978392 711707
0 34591 53 0 1788978392 714992
0 34623 52 0 1788978392 716731
0 34676 52 0 1788978392 719596
0 34681 54 0 1788978392 719902
0 34706 59 0 1788978392 721254
0 34770 89 0 1788978392 724907
0 34778 51 0 1788978392 725371
0 34791 40 0 1788978392 726008
0 34805 55 0 1788978392 726942
0 34808 63 0 1788978392 727135
0 34890 49 0 1788978392 731712
0 34894 65 0 1788978392 731930
0 34897 52 0 1788978392 732088
0 34932 55 0 1788978392 734020
0 34938 49 0 1788978392 734349
0 34941 49 0 1788978392 734499
0 34946 60 0 1788978392 734801
0 34953 50 0 1788978392 735205
0 34956 42 0 1788978392 735352
0 34973 43 0 1788978392 736151
0 34976 43 0 1788978392 736283
0 34994 58 0 1788978392 737238
0 34999 55 0 1788978392 737535
0 35019 45 0 1788978392 738772
0 35030 50 0 1788978392 739430
0 35056 64 0 1788978392 740987
0 35073 67 0 1788978392 742027
0 35091 43 0 1788978392 742874
0 35110 45 0 1788978392 743719
0 35113 54 0 1788978392 743889
0 35155 44 0 1788978392 746177
0 35167 43 0 1788978392 746678
0 35182 60 0 1788978392 747352
0 35252 56 0 1788978392 751050
0 35267 53 0 1788978392 751982
0 35280 64 0 1788978392 752758
0 35283 37 0 1788978392 752935
0 35299 57 0 1788978392 753631
0 35332 49 0 1788978392 755389
0 35337 60 0 1788978392 755657
0 35379 60 0 1788978392 757837
0 35436 51 0 1788978392 761555
0 35442 66 0 1788978392 761988
0 35461 45 0 1788978392 763183
0 35487 69 0 1788978392 764501
0 35522 49 0 1788978392 766561
0 35544 69 0 1788978392 767659
0 35567 57 0 1788978392 769021
0 35591 47 0 1788978392 770310
0 35602 47 0 1788978392 770832
0 35619 54 0 1788978392 771680
0 35630 99 0 1788978392 772459
0 35672 51 0 1788978392 774943
0 35702 78 0 1788978392 776626
0 35746 55 0 1788978392 779506
0 35773 43 0 1788978392 781078
0 35791 45 0 1788978392 781882
0 35820 55 0 1788978392 783579
0 35835 57 0 1788978392 784447
0 35854 46 0 1788978392 785441
0 35858 46 0 1788978392 785622
0 35869 61 0 1788978392 786177
0 35879 52 0 1788978392 786707
0 35894 58 0 1788978392 787563
0 35914 40 0 1788978392 788606
0 35930 50 0 1788978392 789325
0 35948 98 0 1788978392 790342
0 35960 80 0 1788978392 791159
0 35965 56 0 1788978392 791457
0 35976 54 0 1788978392 792110
0 36038 79 0 1788978392 795624
0 36043 50 0 1788978392 795903
0 36090 47 0 1788978392 798756
0 36093 52 0 1788978392 798919
0 36106 74 0 1788978392 799661
0 36128 73 0 1788978392 801298
0 36137 58 0 1788978392 801903
0 36157 53 0 1788978392 803113
0 36159 51 0 1788978392 803217
0 36192 93 0 1788978392 805565
0 36194 92 0 1788978392 805744
0 36200 79 0 1788978392 806162
0 36204 51 0 1788978392 806376
0 36213 62 0 1788978392 806913
0 36216 68 0 1788978392 807108
0 36254 63 0 1788978392 809797
0 36255 66 0 1788978392 809867
0 36318 153 0 1788978392 814480
0 36320 88 0 1788978392 814730
0 36323 109 0 1788978392 815083
0 36335 78 0 1788978392 816245
0 36339 78 0 1788978392 816553
0 36345 66 0 1788978392 817071
0 36348 76 0 1788978392 817321
0 36352 104 0 1788978392 817689
0 36384 111 0 1788978392 820514
0 36388 64 0 1788978392 820836
0 36402 58 0 1788978392 821862
0 36410 60 0 1788978392 822356
0 36472 74 0 1788978392 827143
0 36530 62 0 1788978392 830869
0 36535 68 0 1788978392 831175
0 36552 71 0 1788978392 832572
0 36554 80 0 1788978392 832736
0 36587 82 0 1788978392 835875
0 36604 60 0 1788978392 837184
0 36623 70 0 1788978392 838650
0 36719 54 0 1788978392 845236
0 36735 47 0 1788978392 846064
0 36736 45 0 1788978392 846111
0 36752 52 0 1788978392 846968
0 36759 50 0 1788978392 847339
0 36770 53 0 1788978392 847947
0 36789 50 0 1788978392 848983
0 36808 52 0 1788978392 850021
0 36842 67 0 1788978392 851881
0 36848 52 0 1788978392 852273
0 36851 80 0 1788978392 852503
0 36890 90 0 1788978392 854977
0 36924 81 0 1788978392 859175
0 36934 90 0 1788978392 860164
0 36945 70 0 1788978392 861050
0 36951 80 0 1788978392 861547
0 37001 79 0 1788978392 866794
0 37004 77 0 1788978392 867027
0 37014 78 0 1788978392 867934
0 37031 80 0 1788978392 869517
0 37066 72 0 1788978392 872605
0 37079 73 0 1788978392 873722
0 37090 82 0 1788978392 874866
0 37099 0 0 1788978392 875529
0 37105 78 0 1788978392 876104
0 37118 65 0 1788978392 877128
0 37179 0 0 1788978392 882825
0 37218 72 0 1788978392 885683
0 37251 0 0 1788978392 888243
0 37256 78 0 1788978392 888574
0 37266 61 0 1788978392 889300
0 37273 80 0 1788978392 889928
0 37280 115 0 1788978392 890539
0 37294 114 0 1788978392 891710
0 37308 81 0 1788978392 892876
0 37322 80 0 1788978392 893924
0 37329 66 0 1788978392 894396
0 37368 55 0 1788978392 896968
0 37397 81 0 1788978392 899318
0 37406 59 0 1788978392 899985
0 37435 54 0 1788978392 902122
0 37444 87 0 1788978392 902759
0 37450 58 0 1788978392 903132
0 37472 137 0 1788978392 904693
0 37475 100 0 1788978392 904969
0 37548 62 0 1788978392 909736
0 37560 68 0 1788978392 910826
0 37568 68 0 1788978392 911350
0 37598 59 0 1788978392 913518
0 37611 50 0 1788978392 914233
0 37612 56 0 1788978392 914292
0 37651 0 0 1788978392 916875
0 37682 55 0 1788978392 918788
0 37685 66 0 1788978392 918960
0 37719 55 0 1788978392 920965
0 37760 125 0 1788978392 923660
0 37772 80 0 1788978392 924775
0 37802 58 0 1788978392 928212
0 37880 0 0 1788978392 933459
0 37890 83 0 1788978392 934256
0 37926 72 0 1788978392 937351
0 37928 76 0 1788978392 937523
0 37930 80 0 1788978392 937690
0 37947 85 0 1788978392 939063
0 37963 73 0 1788978392 940345
0 38000 55 0 1788978392 943044
0 38001 88 0 1788978392 943136
0 38010 68 0 1788978392 943699
0 38032 84 0 1788978392 945421
0 38044 54 0 1788978392 946228
0 38056 86 0 1788978392 947026
0 38074 64 0 1788978392 948172
0 38106 0 0 1788978392 950346
0 38111 70 0 1788978392 950838
0 38167 71 0 1788978392 955100
0 38169 71 0 1788978392 955254
0 38221 72 0 1788978392 959744
0 38232 54 0 1788978392 960466
0 38240 56 0 1788978392 960959
0 38310 101 0 1788978392 966370
0 38323 67 0 1788978392 967753
0 38377 76 0 1788978392 972413
0 38384 69 0 1788978392 972955
0 38398 55 0 1788978392 974022
0 38434 53 0 1788978392 976047
0 38490 66 0 1788978392 979581
0 38504 72 0 1788978392 980589
0 38512 63 0 1788978392 981242
0 38536 68 0 1788978392 983074
0 38573 69 0 1788978392 985737
0 38614 54 0 1788978392 988436
0 38622 57 0 1788978392 988925
0 38624 56 0 1788978392 989044
0 38636 70 0 1788978392 989982
0 38641 72 0 1788978392 990349
0 38651 74 0 1788978392 991093
0 38696 50 0 1788978392 993842
0 38708 96 0 1788978392 994656
0 38717 80 0 1788978392 995380
0 38728 71 0 1788978392 996192
0 38770 83 0 1788978392 998889
0 38791 81 0 1788978393 423
0 38808 65 0 1788978393 2113
0 38822 55 0 1788978393 2973
0 38852 96 0 1788978393 5447
0 38857 57 0 1788978393 5805
0 38910 73 0 1788978393 9606
0 39000 53 0 1788978393 16342
0 39012 52 0 1788978393 17077
0 39029 86 0 1788978393 18195
0 39052 76 0 1788978393 19833
0 39090 137 0 1788978393 22689
0 39096 0 0 1788978393 23328
0 39181 68 0 1788978393 29170
0 39232 112 0 1788978393 33091
0 39234 74 0 1788978393 33261
0 39235 100 0 1788978393 33365
0 39246 85 0 1788978393 34533
0 39294 88 0 1788978393 37683
0 39310 70 0 1788978393 38879
0 39338 76 0 1788978393 40688
0 39344 63 0 1788978393 41054
0 39421 69 0 1788978393 46932
0 39422 64 0 1788978393 47000
0 39557 45 0 1788978393 54736
0 39573 44 0 1788978393 55459
0 39591 58 0 1788978393 56389
0 39596 52 0 1788978393 56675
0 39601 55 0 1788978393 56955
0 39634 43 0 1788978393 58693
0 39641 48 0 1788978393 59030
0 39643 56 0 1788978393 59184
0 39684 59 0 1788978393 61629
0 39691 55 0 1788978393 62028
0 39741 103 0 1788978393 65096
0 39756 60 0 1788978393 66268
0 39766 89 0 1788978393 67097
0 39774 179 0 1788978393 68379
0 39791 95 0 1788978393 70368
0 39804 80 0 1788978393 71537
0 39841 144 0 1788978393 74697
0 39846 63 0 1788978393 75101
0 39848 0 0 1788978393 75287
0 39924 74 0 1788978393 80899
0 39943 68 0 1788978393 82279
0 39944 71 0 1788978393 82353
0 39955 74 0 1788978393 83182
0 40008 90 0 1788978393 86837
0 40035 84 0 1788978393 89076
0 40039 0 0 1788978393 89411
0 40056 100 0 1788978393 90707
0 40057 109 0 1788978393 90821
0 40061 61 0 1788978393 91093
0 40067 52 0 1788978393 91441
0 40087 64 0 1788978393 93018
0 40104 58 0 1788978393 94335
0 40131 70 0 1788978393 96310
0 40154 67 0 1788978393 97921
0 40195 77 0 1788978393 100884
0 40252 64 0 1788978393 105281
0 40255 80 0 1788978393 105497
0 40269 65 0 1788978393 106487
0 40290 67 0 1788978393 108041
0 40314 80 0 1788978393 109913
0 40330 94 0 1788978393 111169
0 40391 94 0 1788978393 116430
0 40411 64 0 1788978393 117963
0 40484 54 0 1788978393 123974
0 40494 70 0 1788978393 124670
0 40514 64 0 1788978393 125928
0 40515 65 0 1788978393 125997
0 40556 53 0 1788978393 128241
0 40583 65 0 1788978393 129685
0 40593 59 0 1788978393 130270
0 40598 60 0 1788978393 130596
0 40642 57 0 1788978393 133023
0 40656 63 0 1788978393 133990
0 40696 51 0 1788978393 136139
0 40714 55 0 1788978393 137144
0 40724 61 0 1788978393 137764
0 40725 52 0 1788978393 137820
0 40766 47 0 1788978393 140116
0 40783 67 0 1788978393 141015
0 40805 69 0 1788978393 142241
0 40849 75 0 1788978393 144865
0 40852 69 0 1788978393 145093
0 40856 82 0 1788978393 145387
0 40905 49 0 1788978393 148261
0 40906 49 0 1788978393 148313
0 40963 0 0 1788978393 151889
0 40977 54 0 1788978393 152877
0 41038 65 0 1788978393 156441
0 41044 62 0 1788978393 156798
0 41073 60 0 1788978393 158491
0 41089 54 0 1788978393 159516
0 41138 63 0 1788978393 162810
0 41157 47 0 1788978393 163973
0 41214 57 0 1788978393 167013
0 41219 76 0 1788978393 167375
0 41228 64 0 1788978393 167930
0 41235 66 0 1788978393 168334
0 41241 54 0 1788978393 168781
0 41242 60 0 1788978393 168844
0 41264 77 0 1788978393 170217
0 41269 87 0 1788978393 170640
0 41303 58 0 1788978393 173253
0 41312 64 0 1788978393 173791
0 41321 52 0 1788978393 174287
0 41346 52 0 1788978393 175772
0 41360 59 0 1788978393 176516
0 41362 67 0 1788978393 176639
0 41384 61 0 1788978393 177888
0 41402 53 0 1788978393 178966
0 41419 47 0 1788978393 179971
0 41421 49 0 1788978393 180068
0 41436 58 0 1788978393 180942
0 41439 50 0 1788978393 181108
0 41449 77 0 1788978393 181649
0 41451 52 0 1788978393 181758
0 41478 52 0 1788978393 183269
0 41481 93 0 1788978393 183472
0 41495 60 0 1788978393 184280
0 41507 48 0 1788978393 184993
0 41514 50 0 1788978393 185349
0 41550 89 0 1788978393 187328
0 41576 86 0 1788978393 188802
0 41582 64 0 1788978393 189222
0 41588 68 0 1788978393 189607
0 41606 0 0 1788978393 191061
0 41616 59 0 1788978393 191850
0 41641 56 0 1788978393 193512
0 41665 47 0 1788978393 194890
0 41673 50 0 1788978393 195316
0 41680 60 0 1788978393 195747
0 41767 54 0 1788978393 200583
0 41776 65 0 1788978393 201121
0 41781 65 0 1788978393 201444
0 41819 47 0 1788978393 203481
0 41832 56 0 1788978393 204158
0 41855 46 0 1788978393 205520
0 41857 72 0 1788978393 205651
0 41888 51 0 1788978393 207415
0 41896 48 0 1788978393 207865
0 41916 69 0 1788978393 208917
0 41936 60 0 1788978393 210062
0 41955 47 0 1788978393 211272
0 41968 53 0 1788978393 211980
0 41999 84 0 1788978393 213644
0 42016 53 0 1788978393 214555
0 42039 60 0 1788978393 215834
0 42047 47 0 1788978393 216268
0 42085 71 0 1788978393 218339
0 42103 47 0 1788978393 219300
0 42111 50 0 1788978393 219713
0 42150 50 0 1788978393 221810
0 42205 48 0 1788978393 224787
0 42207 48 0 1788978393 224886
0 42227 48 0 1788978393 225864
0 42260 50 0 1788978393 227525
0 42264 59 0 1788978393 227778
0 42268 48 0 1788978393 227979
0 42285 52 0 1788978393 228908
0 42323 50 0 1788978393 231013
0 42339 66 0 1788978393 231879
0 42342 62 0 1788978393 232076
0 42377 58 0 1788978393 234105
0 42435 66 0 1788978393 237209
0 42464 64 0 1788978393 239005
0 42484 61 0 1788978393 240212
0 42486 54 0 1788978393 240341
0 42488 73 0 1788978393 240472
0 42493 70 0 1788978393 240814
0 42506 53 0 1788978393 241562
0 42508 54 0 1788978393 241697
0 42530 51 0 1788978393 242975
0 42541 0 0 1788978393 243552
0 42575 48 0 1788978393 245470
0 42601 60 0 1788978393 246876
0 42711 53 0 1788978393 253361
0 42737 57 0 1788978393 254833
0 42774 52 0 1788978393 256862
0 42803 61 0 1788978393 258517
0 42834 49 0 1788978393 260216
0 42860 45 0 1788978393 261598
0 42875 53 0 1788978393 262498
0 42893 73 0 1788978393 263631
0 42900 60 0 1788978393 264100
0 42926 94 0 1788978393 266024
0 42927 84 0 1788978393 266113
0 42942 73 0 1788978393 267571
0 42958 52 0 1788978393 268812
0 43028 49 0 1788978393 272948
0 43039 65 0 1788978393 273648
0 43046 55 0 1788978393 274056
0 43088 48 0 1788978393 276446
0 43107 53 0 1788978393 277512
0 43160 52 0 1788978393 280599
0 43165 70 0 1788978393 280915
0 43168 59 0 1788978393 281096
0 43179 53 0 1788978393 281762
0 43188 55 0 1788978393 282263
0 43228 50 0 1788978393 284580
0 43247 55 0 1788978393 285763
0 43285 54 0 1788978393 287825
0 43295 52 0 1788978393 288342
0 43303 44 0 1788978393 288742
0 43320 48 0 1788978393 289559
0 43342 53 0 1788978393 290795
0 43355 51 0 1788978393 291503
0 43356 52 0 1788978393 291557
0 43362 52 0 1788978393 291888
0 43374 51 0 1788978393 292518
0 43384 54 0 1788978393 293040
0 43407 57 0 1788978393 294344
0 43413 57 0 1788978393 294723
0 43423 51 0 1788978393 295330
0 43427 53 0 1788978393 295543
0 43432 56 0 1788978393 295817
0 43440 50 0 1788978393 296265
0 43443 89 0 1788978393 296467
0 43468 51 0 1788978393 297841
0 43479 51 0 1788978393 298420
0 43488 55 0 1788978393 298939
0 43499 51 0 1788978393 299569
0 43507 66 0 1788978393 300126
0 43555 59 0 1788978393 302918
0 43559 57 0 1788978393 303156
0 43622 51 0 1788978393 306761
0 43638 56 0 1788978393 307719
0 43653 100 0 1788978393 308601
0 43656 61 0 1788978393 308785
0 43694 47 0 1788978393 310807
0 43704 47 0 1788978393 311305
0 43719 58 0 1788978393 312152
0 43741 50 0 1788978393 313422
0 43743 70 0 1788978393 313572
0 43757 51 0 1788978393 314339
0 43829 81 0 1788978393 319352
0 43836 55 0 1788978393 319852
0 43837 76 0 1788978393 319932
0 43859 55 0 1788978393 321461
0 43872 48 0 1788978393 322116
0 43874 48 0 1788978393 322215
0 43890 57 0 1788978393 323065
0 43898 55 0 1788978393 323517
0 43910 71 0 1788978393 324315
0 43929 53 0 1788978393 325514
0 43940 54 0 1788978393 326192
0 43959 60 0 1788978393 327392
0 43966 64 0 1788978393 327855
0 43986 50 0 1788978393 329056
0 44007 64 0 1788978393 330383
0 44038 78 0 1788978393 332459
0 44063 77 0 1788978393 334208
0 44096 59 0 1788978393 336496
0 44145 47 0 1788978393 339794
0 44147 54 0 1788978393 339899
0 44157 57 0 1788978393 340425
0 44161 71 0 1788978393 340670
0 44167 50 0 1788978393 340981
0 44180 59 0 1788978393 341703
0 44185 53 0 1788978393 341978
0 44195 71 0 1788978393 342662
0 44213 61 0 1788978393 343769
0 44280 66 0 1788978393 347744
0 44292 55 0 1788978393 348445
0 44342 49 0 1788978393 351420
0 44347 64 0 1788978393 351736
0 44350 72 0 1788978393 351950
0 44385 76 0 1788978393 354163
0 44419 68 0 1788978393 356748
0 44424 50 0 1788978393 357091
0 44459 57 0 1788978393 359061
0 44506 55 0 1788978393 361915
0 44520 58 0 1788978393 362745
0 44538 56 0 1788978393 363775
0 44551 65 0 1788978393 364507
0 44561 57 0 1788978393 365101
0 44566 46 0 1788978393 365366
0 44575 51 0 1788978393 365878
0 44605 57 0 1788978393 367590
0 44606 67 0 1788978393 367660
0 44632 55 0 1788978393 369347
0 44675 50 0 1788978393 371894
0 44704 53 0 1788978393 373537
0 44720 58 0 1788978393 374528
0 44742 91 0 1788978393 376022
0 44793 57 0 1788978393 379456
0 44795 51 0 1788978393 379570
0 44817 54 0 1788978393 380801
0 44821 56 0 1788978393 381020
0 44859 54 0 1788978393 383269
0 44863 74 0 1788978393 383520
0 44877 59 0 1788978393 384323
0 44883 76 0 1788978393 384692
0 44921 53 0 1788978393 386936
0 44922 62 0 1788978393 387029
0 44944 59 0 1788978393 388383
0 44951 66 0 1788978393 388848
0 44965 62 0 1788978393 389667
0 44972 54 0 1788978393 390074
0 44985 55 0 1788978393 390824
0 44992 53 0 1788978393 391212
0 45004 56 0 1788978393 391884
0 45016 60 0 1788978393 392640
0 45038 60 0 1788978393 394181
0 45052 68 0 1788978393 395186
0 45055 77 0 1788978393 395400
0 45063 69 0 1788978393 395977
0 45067 57 0 1788978393 396222
0 45105 59 0 1788978393 398910
0 45125 65 0 1788978393 400107
0 45126 61 0 1788978393 400170
0 45136 65 0 1788978393 400767
0 45150 74 0 1788978393 401671
0 45187 83 0 1788978393 403998
0 45198 77 0 1788978393 407026
0 45204 70 0 1788978393 407468
0 45233 63 0 1788978393 409246
0 45239 96 0 1788978393 409661
0 45259 60 0 1788978393 410989
0 45297 59 0 1788978393 413490
0 45299 65 0 1788978393 413624
0 45342 52 0 1788978393 416262
0 45355 67 0 1788978393 417142
0 45364 71 0 1788978393 417826
0 45380 56 0 1788978393 418860
0 45381 56 0 1788978393 418919
0 45409 56 0 1788978393 420491
0 45426 55 0 1788978393 421449
0 45427 55 0 1788978393 421506
0 45440 62 0 1788978393 422326
0 45441 61 0 1788978393 422390
0 45453 67 0 1788978393 423186
0 45508 69 0 1788978393 426601
0 45515 57 0 1788978393 427043
0 45548 61 0 1788978393 429182
0 45558 53 0 1788978393 429765
0 45564 52 0 1788978393 430085
0 45566 52 0 1788978393 430193
0 45581 52 0 1788978393 430989
0 45646 105 0 1788978393 434673
0 45647 71 0 1788978393 434748
0 45654 62 0 1788978393 435197
0 45671 54 0 1788978393 436320
0 45678 63 0 1788978393 436716
0 45691 82 0 1788978393 437675
0 45701 66 0 1788978393 438307
0 45744 83 0 1788978393 441309
0 45755 87 0 1788978393 442446
0 45759 90 0 1788978393 442788
0 45773 53 0 1788978393 443776
0 45789 70 0 1788978393 444885
0 45834 65 0 1788978393 447813
0 45839 74 0 1788978393 448165
0 45847 67 0 1788978393 448822
0 45903 55 0 1788978393 452922
0 45905 77 0 1788978393 453058
0 45916 86 0 1788978393 453784
0 45934 66 0 1788978393 455124
0 45936 119 0 1788978393 455319
0 45971 67 0 1788978393 457633
0 45993 77 0 1788978393 459179
0 46002 74 0 1788978393 459891
0 46074 63 0 1788978393 465181
0 46075 59 0 1788978393 465244
0 46121 102 0 1788978393 468557
0 46122 85 0 1788978393 468647
0 46142 87 0 1788978393 470349
0 46147 87 0 1788978393 470801
0 46169 56 0 1788978393 472292
0 46199 65 0 1788978393 474263
0 46215 67 0 1788978393 475355
0 46262 62 0 1788978393 478255
0 46281 57 0 1788978393 479527
0 46297 58 0 1788978393 480552
0 46332 58 0 1788978393 482909
0 46333 57 0 1788978393 482968
0 46364 61 0 1788978393 484858
0 46365 80 0 1788978393 484941
0 46400 79 0 1788978393 487227
0 46406 90 0 1788978393 487656
0 46407 80 0 1788978393 487739
0 46438 79 0 1788978393 489677
0 46455 63 0 1788978393 490783
0 46530 76 0 1788978393 496218
0 46582 69 0 1788978393 500795
0 46594 78 0 1788978393 501839
0 46600 101 0 1788978393 502313
0 46621 86 0 1788978393 503979
0 46626 93 0 1788978393 504357
0 46627 0 0 1788978393 504440
0 46629 62 0 1788978393 504584
0 46642 57 0 1788978393 505584
0 46677 56 0 1788978393 508208
0 46694 130 0 1788978393 509386
0 46696 68 0 1788978393 509538
0 46698 102 0 1788978393 509723
0 46704 74 0 1788978393 510190
0 46706 74 0 1788978393 510345
0 46707 59 0 1788978393 510408
0 46710 71 0 1788978393 510604
0 46726 106 0 1788978393 511938
0 46752 0 0 1788978393 513998
0 46855 78 0 1788978393 521728
0 46857 60 0 1788978393 521857
0 46868 93 0 1788978393 522696
0 46876 60 0 1788978393 523210
0 46879 55 0 1788978393 523384
0 46900 88 0 1788978393 524973
0 46917 60 0 1788978393 526300
0 46944 59 0 1788978393 528212
0 46956 83 0 1788978393 529059
0 46965 75 0 1788978393 529621
0 46991 76 0 1788978393 531278
0 47035 67 0 1788978393 534878
0 47054 72 0 1788978393 536277
0 47060 75 0 1788978393 536748
0 47080 67 0 1788978393 538269
0 47151 98 0 1788978393 544079
0 47153 93 0 1788978393 544269
0 47162 64 0 1788978393 545008
0 47216 74 0 1788978393 549041
0 47218 117 0 1788978393 549235
0 47259 62 0 1788978393 552101
0 47313 79 0 1788978393 555739
0 47371 71 0 1788978393 559768
0 47380 75 0 1788978393 560430
0 47408 66 0 1788978393 562334
0 47439 74 0 1788978393 564414
0 47442 87 0 1788978393 564648
0 47444 75 0 1788978393 564819
0 47454 57 0 1788978393 565488
0 47460 74 0 1788978393 565935
0 47472 96 0 1788978393 566790
0 47474 66 0 1788978393 566931
0 47557 60 0 1788978393 572798
0 47588 69 0 1788978393 574804
0 47594 64 0 1788978393 575238
0 47632 66 0 1788978393 577769
0 47660 81 0 1788978393 579753
0 47725 70 0 1788978393 584168
0 47733 97 0 1788978393 584779
0 47735 68 0 1788978393 584928
0 47736 72 0 1788978393 585003
0 47746 100 0 1788978393 585791
0 47764 70 0 1788978393 586906
0 47789 62 0 1788978393 588596
0 47803 101 0 1788978393 589636
0 47804 66 0 1788978393 589706
0 47821 82 0 1788978393 590867
0 47828 63 0 1788978393 591376
0 47832 75 0 1788978393 591648
0 47841 62 0 1788978393 592282
0 47843 72 0 1788978393 592418
0 47878 59 0 1788978393 594767
0 47911 64 0 1788978393 597081
0 47934 63 0 1788978393 598735
0 47948 87 0 1788978393 599662
0 47971 71 0 1788978393 601155
0 47972 65 0 1788978393 601222
0 48019 77 0 1788978393 604416
0 48044 61 0 1788978393 606074
0 48061 66 0 1788978393 607111
0 48076 61 0 1788978393 608210
0 48087 68 0 1788978393 608959
0 48102 57 0 1788978393 610062
0 48145 68 0 1788978393 613246
0 48159 72 0 1788978393 614359
0 48185 111 0 1788978393 616674
0 48210 62 0 1788978393 618499
0 48225 59 0 1788978393 619456
0 48243 60 0 1788978393 620605
0 48258 59 0 1788978393 621563
0 48301 65 0 1788978393 624511
0 48355 64 0 1788978393 628180
0 48370 61 0 1788978393 629209
0 48398 68 0 1788978393 631150
0 48433 64 0 1788978393 633470
0 48434 64 0 1788978393 633536
0 48441 64 0 1788978393 634001
0 48448 64 0 1788978393 634436
0 48474 54 0 1788978393 636101
0 48534 84 0 1788978393 640481
0 48564 127 0 1788978393 642880
0 48582 67 0 1788978393 645365
0 48588 2293 0 1788978393 649698
0 48619 3358 0 1788978393 658723
0 48643 0 0 1788978393 660669
0 48658 79 0 1788978393 664931
0 48678 78 0 1788978393 666522
0 48709 86 0 1788978393 672185
0 48712 77 0 1788978393 672429
0 48736 95 0 1788978393 677604
0 48757 98 0 1788978393 679462
0 48764 147 0 1788978393 680210
0 48772 82 0 1788978393 680917
0 48773 84 0 1788978393 681006
0 48786 77 0 1788978393 682094
0 48819 85 0 1788978393 687203
0 48842 84 0 1788978393 690867
0 48852 84 0 1788978393 691729
0 48867 83 0 1788978393 696550
0 48918 69 0 1788978393 700801
0 48951 71 0 1788978393 703378
0 48953 68 0 1788978393 703516
0 48956 84 0 1788978393 703753
0 48976 65 0 1788978393 705208
0 49057 68 0 1788978393 711035
0 49103 66 0 1788978393 714519
0 49130 69 0 1788978393 716737
0 49170 120 0 1788978393 719582
0 49217 60 0 1788978393 722704
0 49239 73 0 1788978393 724270
0 49241 81 0 1788978393 724425
0 49255 58 0 1788978393 725301
0 49275 74 0 1788978393 726635
0 49291 81 0 1788978393 727661
0 49306 67 0 1788978393 728567
0 49333 63 0 1788978393 730391
0 49336 95 0 1788978393 730604
0 49367 87 0 1788978393 732677
0 49374 68 0 1788978393 733126
0 49381 73 0 1788978393 733639
0 49382 67 0 1788978393 733709
0 49394 71 0 1788978393 734531
0 49403 74 0 1788978393 735201
0 49423 61 0 1788978393 736570
0 49446 68 0 1788978393 738243
0 49486 63 0 1788978393 741068
0 49535 65 0 1788978393 744563
0 49536 77 0 1788978393 744643
0 49564 61 0 1788978393 746578
0 49572 59 0 1788978393 747079
0 49639 58 0 1788978393 751506
0 49649 72 0 1788978393 752318
0 49659 60 0 1788978393 752987
0 49694 60 0 1788978393 755447
0 49695 62 0 1788978393 755515
0 49707 58 0 1788978393 756288
0 49709 61 0 1788978393 756410
0 49716 59 0 1788978393 756851
0 49733 58 0 1788978393 757927
0 49806 55 0 1788978393 763266
0 49823 62 0 1788978393 764354
0 49862 66 0 1788978393 766880
0 49869 64 0 1788978393 767348
0 49904 65 0 1788978393 770236
0 49931 72 0 1788978393 772188
0 49951 60 0 1788978393 773529
0 49981 66 0 1788978393 775575
0 50015 61 0 1788978393 778010
0 50018 68 0 1788978393 778204
0 50035 77 0 1788978393 779363
0 50072 58 0 1788978393 781961
0 50083 57 0 1788978393 782603
0 50093 70 0 1788978393 783315
0 50134 71 0 1788978393 786239
0 50150 63 0 1788978393 787317
0 50189 68 0 1788978393 790058
0 50191 61 0 1788978393 790227
0 50205 64 0 1788978393 791193
0 50261 65 0 1788978393 794665
0 50283 80 0 1788978393 796035
0 50290 67 0 1788978393 796481
0 50306 63 0 1788978393 797504
0 50383 59 0 1788978393 802513
0 50431 65 0 1788978393 805707
0 50486 68 0 1788978393 809584
0 50533 69 0 1788978393 812729
0 50554 66 0 1788978393 814270
0 50594 74 0 1788978393 816776
0 50623 81 0 1788978393 818673
0 50624 60 0 1788978393 818737
0 50634 72 0 1788978393 819417
0 50664 74 0 1788978393 821807
0 50680 72 0 1788978393 822980
0 50683 73 0 1788978393 823216
0 50737 56 0 1788978393 826976
0 50765 60 0 1788978393 828741
0 50775 64 0 1788978393 829369
0 50776 61 0 1788978393 829433
0 50805 62 0 1788978393 831351
0 50814 63 0 1788978393 831944
0 50830 65 0 1788978393 833040
0 50851 85 0 1788978393 834513
0 50886 59 0 1788978393 836836
0 50909 72 0 1788978393 838460
0 50938 72 0 1788978393 840351
0 50962 72 0 1788978393 842165
0 50965 128 0 1788978393 842461
0 50996 63 0 1788978393 844977
0 51017 66 0 1788978393 846403
0 51089 79 0 1788978393 851037
0 51102 66 0 1788978393 852016
0 51121 58 0 1788978393 853310
0 51122 65 0 1788978393 853378
0 51164 58 0 1788978393 856460
0 51175 58 0 1788978393 857204
0 51200 70 0 1788978393 859173
0 51217 69 0 1788978393 860540
0 51220 79 0 1788978393 860797
0 51226 93 0 1788978393 861367
0 51230 75 0 1788978393 861710
0 51273 103 0 1788978393 866326
0 51280 86 0 1788978393 867017
0 51289 94 0 1788978393 867870
0 51301 145 0 1788978393 869010
0 51310 84 0 1788978393 869849
0 51320 130 0 1788978393 870738
0 51323 128 0 1788978393 871036
0 51339 88 0 1788978393 872574
0 51354 79 0 1788978393 873924
0 51388 74 0 1788978393 876852
0 51404 66 0 1788978393 877991
0 51417 70 0 1788978393 878875
0 51425 70 0 1788978393 879424
0 51434 78 0 1788978393 880056
0 51436 69 0 1788978393 880225
0 51471 73 0 1788978393 882557
0 51480 59 0 1788978393 883226
0 51488 60 0 1788978393 883731
0 51489 60 0 1788978393 883794
0 51512 70 0 1788978393 885448
0 51527 60 0 1788978393 886414
0 51556 67 0 1788978393 888382
0 51564 65 0 1788978393 888960
0 51566 69 0 1788978393 889103
0 51592 57 0 1788978393 890883
0 51638 126 0 1788978393 893999
0 51640 89 0 1788978393 894163
0 51662 55 0 1788978393 895597
0 51691 52 0 1788978393 897557
0 51710 60 0 1788978393 898798
0 51745 66 0 1788978393 901191
0 51756 56 0 1788978393 902001
0 51773 64 0 1788978393 903129
0 51787 66 0 1788978393 904047
0 51802 65 0 1788978393 905023
0 51819 62 0 1788978393 906189
0 51943 68 0 1788978393 915072
0 51953 62 0 1788978393 915657
0 51955 57 0 1788978393 915775
0 51959 57 0 1788978393 916005
0 51960 57 0 1788978393 916064
0 52005 64 0 1788978393 919191
0 52027 83 0 1788978393 920693
0 52047 71 0 1788978393 921960
0 52092 55 0 1788978393 924798
0 52104 62 0 1788978393 925545
0 52135 76 0 1788978393 927671
0 52141 72 0 1788978393 928105
0 52146 71 0 1788978393 928441
0 52150 74 0 1788978393 928755
0 52160 67 0 1788978393 929431
0 52173 70 0 1788978393 930399
0 52236 67 0 1788978393 935140
0 52238 89 0 1788978393 935322
0 52254 69 0 1788978393 936432
0 52277 59 0 1788978393 938026
0 52281 59 0 1788978393 938266
0 52287 87 0 1788978393 938775
0 52317 74 0 1788978393 940720
0 52332 91 0 1788978393 941684
0 52337 70 0 1788978393 942023
0 52378 64 0 1788978393 944853
0 52399 60 0 1788978393 946186
0 52402 60 0 1788978393 946368
0 52413 60 0 1788978393 947067
0 52445 63 0 1788978393 949087
0 52490 57 0 1788978393 952225
0 52500 57 0 1788978393 952820
0 52515 80 0 1788978393 953779
0 52523 77 0 1788978393 954353
0 52534 58 0 1788978393 955333
0 52562 65 0 1788978393 957096
0 52569 62 0 1788978393 957527
0 52574 115 0 1788978393 957933
0 52580 61 0 1788978393 958315
0 52583 62 0 1788978393 958500
0 52599 60 0 1788978393 959697
0 52634 59 0 1788978393 962058
0 52653 92 0 1788978393 963371
0 52672 63 0 1788978393 964597
0 52675 60 0 1788978393 964824
0 52679 67 0 1788978393 965115
0 52719 60 0 1788978393 967864
0 52724 65 0 1788978393 968175
0 52748 59 0 1788978393 969819
0 52766 60 0 1788978393 971011
0 52811 56 0 1788978393 974171
0 52825 62 0 1788978393 975070
0 52828 60 0 1788978393 975290
0 52834 66 0 1788978393 975731
0 52843 72 0 1788978393 976361
0 52857 68 0 1788978393 977311
0 52953 80 0 1788978393 984104
0 52975 70 0 1788978393 985556
0 52986 72 0 1788978393 986276
0 53069 70 0 1788978393 991719
0 53072 65 0 1788978393 991924
0 53097 74 0 1788978393 993587
0 53114 46 0 1788978393 994778
0 53126 56 0 1788978393 995619
0 53142 65 0 1788978393 996746
0 53165 64 0 1788978393 998471
0 53176 57 0 1788978393 999247
0 53186 55 0 1788978393 999926
0 53191 63 0 1788978394 227
0 53226 85 0 1788978394 2474
0 53238 96 0 1788978394 3408
0 53250 57 0 1788978394 4182
0 53268 51 0 1788978394 5245
0 53286 62 0 1788978394 8081
0 53312 60 0 1788978394 10086
0 53324 55 0 1788978394 10795
0 53338 55 0 1788978394 11569
0 53352 57 0 1788978394 12431
0 53354 62 0 1788978394 12555
0 53395 86 0 1788978394 15160
0 53405 55 0 1788978394 15810
0 53408 58 0 1788978394 16016
0 53415 64 0 1788978394 16468
0 53488 58 0 1788978394 21191
0 53502 58 0 1788978394 22093
0 53515 63 0 1788978394 22936
0 53522 63 0 1788978394 23376
0 53528 59 0 1788978394 23767
0 53534 57 0 1788978394 24122
0 53550 63 0 1788978394 25107
0 53552 65 0 1788978394 25241
0 53600 62 0 1788978394 28360
0 53601 57 0 1788978394 28420
0 53609 76 0 1788978394 28967
0 53617 79 0 1788978394 29504
0 53619 92 0 1788978394 29670
0 53621 61 0 1788978394 29805
0 53626 56 0 1788978394 30149
0 53638 79 0 1788978394 30898
0 53645 59 0 1788978394 31342
0 53669 56 0 1788978394 33020
0 53675 66 0 1788978394 33391
0 53702 55 0 1788978394 35080
0 53721 57 0 1788978394 36275
0 53733 72 0 1788978394 37092
0 53747 53 0 1788978394 37890
0 53764 59 0 1788978394 38923
0 53770 79 0 1788978394 39426
0 53771 75 0 1788978394 39505
0 53782 52 0 1788978394 40198
0 53806 70 0 1788978394 41809
0 53820 60 0 1788978394 42740
0 53845 68 0 1788978394 44233
0 53855 68 0 1788978394 44946
0 53865 60 0 1788978394 45593
0 53868 75 0 1788978394 45810
0 53876 63 0 1788978394 46305
0 53889 70 0 1788978394 47174
0 53898 71 0 1788978394 47886
0 53899 64 0 1788978394 47955
0 53945 68 0 1788978394 50954
0 53991 65 0 1788978394 54016
0 54005 55 0 1788978394 54881
0 54015 65 0 1788978394 55564
0 54023 58 0 1788978394 56068
0 54030 63 0 1788978394 56556
0 54031 87 0 1788978394 56646
0 54066 63 0 1788978394 58895
0 54076 56 0 1788978394 59530
0 54115 61 0 1788978394 61997
0 54128 62 0 1788978394 62867
0 54135 56 0 1788978394 63275
0 54136 53 0 1788978394 63330
0 54168 66 0 1788978394 65452
0 54186 58 0 1788978394 66561
0 54189 60 0 1788978394 66749
0 54195 59 0 1788978394 67160
0 54222 62 0 1788978394 68838
0 54257 61 0 1788978394 71128
0 54319 62 0 1788978394 75268
0 54355 68 0 1788978394 77565
0 54392 64 0 1788978394 79975
0 54414 61 0 1788978394 81425
0 54421 53 0 1788978394 81858
0 54443 62 0 1788978394 83273
0 54446 67 0 1788978394 83487
0 54479 60 0 1788978394 85710
0 54498 42 0 1788978394 86826
0 54635 89 0 1788978394 95687
0 54640 84 0 1788978394 96119
0 54655 61 0 1788978394 97100
0 54662 0 0 1788978394 97697
0 54670 75 0 1788978394 98308
0 54676 78 0 1788978394 98715
0 54698 56 0 1788978394 100339
0 54700 56 0 1788978394 100455
0 54708 55 0 1788978394 100949
0 54713 54 0 1788978394 101226
0 54727 54 0 1788978394 101999
0 54757 69 0 1788978394 103880
0 54771 62 0 1788978394 104880
0 54797 76 0 1788978394 106850
0 54828 56 0 1788978394 108851
0 54858 59 0 1788978394 110744
0 54892 79 0 1788978394 113059
0 54915 66 0 1788978394 114735
0 54943 51 0 1788978394 116485
0 54968 65 0 1788978394 118132
0 54983 63 0 1788978394 119116
0 55000 53 0 1788978394 120222
0 55010 58 0 1788978394 120809
0 55050 59 0 1788978394 123282
0 55071 59 0 1788978394 124577
0 55079 62 0 1788978394 125082
0 55128 71 0 1788978394 128038
0 55135 57 0 1788978394 128444
0 55157 84 0 1788978394 130135
0 55185 58 0 1788978394 131956
0 55193 65 0 1788978394 132438
0 55232 69 0 1788978394 135035
0 55241 54 0 1788978394 135609
0 55248 54 0 1788978394 136034
0 55277 48 0 1788978394 137693
0 55329 72 0 1788978394 141127
0 55397 63 0 1788978394 145511
0 55415 56 0 1788978394 146607
0 55421 66 0 1788978394 146986
0 55439 55 0 1788978394 148232
0 55452 57 0 1788978394 149049
0 55456 64 0 1788978394 149299
0 55464 74 0 1788978394 149965
0 55478 58 0 1788978394 150887
0 55483 59 0 1788978394 151190
0 55487 57 0 1788978394 151423
0 55531 58 0 1788978394 154160
0 55539 63 0 1788978394 154674
0 55552 57 0 1788978394 155476
0 55592 66 0 1788978394 158427
0 55606 105 0 1788978394 159496
0 55607 89 0 1788978394 159590
0 55609 75 0 1788978394 159754
0 55611 67 0 1788978394 159915
0 55615 71 0 1788978394 160218
0 55619 55 0 1788978394 160499
0 55630 79 0 1788978394 161372
0 55642 90 0 1788978394 162487
0 55662 64 0 1788978394 163763
0 55671 56 0 1788978394 164290
0 55693 82 0 1788978394 165734
0 55709 56 0 1788978394 166738
0 55732 60 0 1788978394 168249
0 55737 78 0 1788978394 168630
0 55780 66 0 1788978394 171812
0 55785 56 0 1788978394 172108
0 55789 61 0 1788978394 172399
0 55793 95 0 1788978394 172685
0 55799 66 0 1788978394 173112
0 55803 61 0 1788978394 173370
0 55833 56 0 1788978394 175267
0 55857 53 0 1788978394 176806
0 55863 63 0 1788978394 177167
0 55883 60 0 1788978394 178345
0 55906 56 0 1788978394 179838
0 55922 64 0 1788978394 180922
0 55964 67 0 1788978394 183673
0 56009 71 0 1788978394 186846
0 56012 70 0 1788978394 187101
0 56028 69 0 1788978394 188261
0 56044 76 0 1788978394 189389
0 56068 69 0 1788978394 191316
0 56110 64 0 1788978394 194142
0 56159 115 0 1788978394 197561
0 56196 97 0 1788978394 200911
0 56210 81 0 1788978394 202121
0 56232 74 0 1788978394 203808
0 56246 72 0 1788978394 204842
0 56284 58 0 1788978394 207449
0 56292 63 0 1788978394 207974
0 56333 72 0 1788978394 210715
0 56347 69 0 1788978394 211871
0 56359 73 0 1788978394 212739
0 56373 72 0 1788978394 213915
0 56380 85 0 1788978394 214411
0 56382 57 0 1788978394 214548
0 56409 105 0 1788978394 216697
0 56423 92 0 1788978394 217848
0 56426 75 0 1788978394 218071
0 56476 121 0 1788978394 221832
0 56546 63 0 1788978394 226889
0 56548 78 0 1788978394 227036
0 56577 61 0 1788978394 229096
0 56580 101 0 1788978394 229328
0 56589 72 0 1788978394 229957
0 56597 67 0 1788978394 230520
0 56600 86 0 1788978394 230777
0 56612 68 0 1788978394 231517
0 56661 77 0 1788978394 234694
0 56695 91 0 1788978394 236807
0 56734 63 0 1788978394 239844
0 56743 64 0 1788978394 240469
0 56778 79 0 1788978394 243207
0 56791 61 0 1788978394 244141
0 56806 60 0 1788978394 245201
0 56812 73 0 1788978394 245634
0 56878 68 0 1788978394 250096
0 56890 75 0 1788978394 251023
0 56905 83 0 1788978394 252232
0 56933 58 0 1788978394 254413
0 56948 62 0 1788978394 255388
0 56974 80 0 1788978394 257160
0 56981 63 0 1788978394 257604
0 56999 85 0 1788978394 258827
0 57036 67 0 1788978394 261399
0 57065 74 0 1788978394 263549
0 57071 57 0 1788978394 264435
0 57096 83 0 1788978394 266356
0 57106 75 0 1788978394 267129
0 57114 87 0 1788978394 267748
0 57141 65 0 1788978394 269804
0 57144 68 0 1788978394 270030
0 57160 69 0 1788978394 271179
0 57165 89 0 1788978394 271564
0 57181 96 0 1788978394 272894
0 57193 67 0 1788978394 273947
0 57194 90 0 1788978394 274041
0 57200 81 0 1788978394 274522
0 57212 69 0 1788978394 275478
0 57234 64 0 1788978394 276946
0 57241 65 0 1788978394 277402
0 57249 63 0 1788978394 277929
0 57346 58 0 1788978394 284104
0 57363 65 0 1788978394 285332
0 57374 63 0 1788978394 286098
0 57387 65 0 1788978394 286953
0 57396 56 0 1788978394 287492
0 57418 59 0 1788978394 288807
0 57425 65 0 1788978394 289255
0 57439 63 0 1788978394 290203
0 57444 60 0 1788978394 290503
0 57465 54 0 1788978394 291849
0 57466 55 0 1788978394 291908
0 57479 82 0 1788978394 292888
0 57496 56 0 1788978394 293947
0 57525 61 0 1788978394 295803
0 57548 65 0 1788978394 297301
0 57549 62 0 1788978394 297365
0 57554 65 0 1788978394 297730
0 57577 70 0 1788978394 299334
0 57580 62 0 1788978394 299553
0 57585 64 0 1788978394 299912
0 57613 64 0 1788978394 301605
0 57633 62 0 1788978394 302999
0 57661 56 0 1788978394 304765
0 57675 65 0 1788978394 305638
0 57680 61 0 1788978394 305965
0 57686 56 0 1788978394 306333
0 57690 61 0 1788978394 306564
0 57701 83 0 1788978394 307317
0 57710 61 0 1788978394 307916
0 57752 59 0 1788978394 310818
0 57757 56 0 1788978394 311097
0 57761 64 0 1788978394 311349
0 57780 95 0 1788978394 312657
0 57798 54 0 1788978394 313903
0 57819 65 0 1788978394 315263
0 57847 62 0 1788978394 317259
0 57894 120 0 1788978394 321163
0 57914 53 0 1788978394 322572
0 57919 61 0 1788978394 322916
0 57921 71 0 1788978394 323051
0 58037 58 0 1788978394 331038
0 58038 58 0 1788978394 331099
0 58046 126 0 1788978394 331662
0 58065 69 0 1788978394 333144
0 58066 71 0 1788978394 333220
0 58103 112 0 1788978394 336270
0 58105 86 0 1788978394 336449
0 58109 76 0 1788978394 336761
0 58125 83 0 1788978394 338180
0 58138 65 0 1788978394 339265
0 58153 55 0 1788978394 340175
0 58209 63 0 1788978394 343828
0 58233 61 0 1788978394 345357
0 58239 64 0 1788978394 345763
0 58261 55 0 1788978394 347022
0 58268 60 0 1788978394 347429
0 58279 61 0 1788978394 348164
0 58288 55 0 1788978394 348762
0 58356 62 0 1788978394 353275
0 58357 58 0 1788978394 353338
0 58372 67 0 1788978394 354471
0 58386 67 0 1788978394 355455
0 58419 66 0 1788978394 357542
0 58442 60 0 1788978394 359111
0 58467 56 0 1788978394 360836
0 58482 56 0 1788978394 361691
0 58524 58 0 1788978394 364331
0 58530 57 0 1788978394 364748
0 58533 54 0 1788978394 364917
0 58587 62 0 1788978394 368318
0 58596 58 0 1788978394 368886
0 58597 58 0 1788978394 368947
0 58603 55 0 1788978394 369290
0 58613 63 0 1788978394 369859
0 58622 88 0 1788978394 370448
0 58685 65 0 1788978394 374517
0 58691 59 0 1788978394 374932
0 58709 53 0 1788978394 375997
0 58730 60 0 1788978394 377306
0 58744 58 0 1788978394 378244
0 58746 64 0 1788978394 378373
0 58767 64 0 1788978394 379767
0 58775 63 0 1788978394 380304
0 58779 66 0 1788978394 380537
0 58792 69 0 1788978394 381337
0 58798 59 0 1788978394 381748
0 58824 59 0 1788978394 383559
0 58857 67 0 1788978394 385728
0 58880 56 0 1788978394 387197
0 58889 61 0 1788978394 387752
0 58944 57 0 1788978394 391227
0 58950 54 0 1788978394 391559
0 58966 68 0 1788978394 392602
0 58986 77 0 1788978394 393952
0 59025 56 0 1788978394 396314
0 59038 85 0 1788978394 397209
0 59048 62 0 1788978394 397937
0 59052 59 0 1788978394 398170
0 59078 61 0 1788978394 399709
0 59080 55 0 1788978394 399825
0 59084 55 0 1788978394 400047
0 59110 55 0 1788978394 401575
0 59112 63 0 1788978394 401706
0 59122 58 0 1788978394 402292
0 59127 56 0 1788978394 402595
0 59139 75 0 1788978394 403313
0 59179 61 0 1788978394 405856
0 59202 55 0 1788978394 407281
0 59221 64 0 1788978394 408443
0 59228 59 0 1788978394 408920
0 59229 63 0 1788978394 408987
0 59245 58 0 1788978394 410055
0 59250 58 0 1788978394 410365
0 59261 57 0 1788978394 411065
0 59276 61 0 1788978394 411993
0 59288 63 0 1788978394 412746
0 59313 59 0 1788978394 414467
0 59315 56 0 1788978394 414584
0 59323 57 0 1788978394 415030
0 59330 57 0 1788978394 415465
0 59336 76 0 1788978394 415926
0 59370 67 0 1788978394 418284
0 59376 69 0 1788978394 418700
0 59390 76 0 1788978394 419704
0 59417 58 0 1788978394 421590
0 59437 51 0 1788978394 422729
0 59449 61 0 1788978394 423499
0 59454 61 0 1788978394 423839
0 59458 62 0 1788978394 424086
0 59466 58 0 1788978394 424559
0 59520 78 0 1788978394 428035
0 59528 94 0 1788978394 428683
0 59568 74 0 1788978394 431385
0 59580 52 0 1788978394 432306
0 59595 56 0 1788978394 433187
0 59642 61 0 1788978394 436716
0 59652 56 0 1788978394 437295
0 59663 65 0 1788978394 438037
0 59664 85 0 1788978394 438126
0 59701 0 0 1788978394 441201
0 59704 75 0 1788978394 441442
0 59716 78 0 1788978394 442416
0 59752 74 0 1788978394 445533
0 59776 69 0 1788978394 447406
0 59790 63 0 1788978394 448465
0 59801 71 0 1788978394 449298
0 59825 59 0 1788978394 451149
0 59844 60 0 1788978394 452400
0 59869 99 0 1788978394 454374
0 59874 114 0 1788978394 454962
0 59892 67 0 1788978394 456397
0 59901 63 0 1788978394 457025
0 59941 44 0 1788978394 459788
0 59951 43 0 1788978394 460232
0 59960 52 0 1788978394 460637
0 59961 46 0 1788978394 460685
0 59970 44 0 1788978394 461083
0 60001 43 0 1788978394 462464
0 60009 51 0 1788978394 462859
0 60012 44 0 1788978394 462995
0 60064 75 0 1788978394 465831
0 60075 43 0 1788978394 466589
0 60121 76 0 1788978394 469943
0 60145 78 0 1788978394 471635
0 60148 78 0 1788978394 471872
0 60175 63 0 1788978394 473818
0 60196 62 0 1788978394 475350
0 60207 69 0 1788978394 476215
0 60242 68 0 1788978394 478880
0 60256 94 0 1788978394 479948
0 60272 60 0 1788978394 481025
0 60323 67 0 1788978394 484726
0 60374 82 0 1788978394 488043
0 60417 81 0 1788978394 491363
0 60425 85 0 1788978394 491975
0 60455 72 0 1788978394 494170
0 60511 71 0 1788978394 498027
0 60528 82 0 1788978394 499266
0 60533 83 0 1788978394 499625
0 60539 64 0 1788978394 500063
0 60624 63 0 1788978394 506101
0 60643 68 0 1788978394 507461
0 60652 61 0 1788978394 508033
0 60688 83 0 1788978394 510587
0 60724 66 0 1788978394 513161
0 60738 97 0 1788978394 514255
0 60767 61 0 1788978394 516555
0 60785 70 0 1788978394 517776
0 60792 69 0 1788978394 518261
0 60831 62 0 1788978394 521037
0 60833 68 0 1788978394 521169
0 60864 73 0 1788978394 523442
0 60868 72 0 1788978394 523726
0 60915 65 0 1788978394 527054
0 60923 68 0 1788978394 527584
0 60927 66 0 1788978394 527866
0 61010 68 0 1788978394 533482
0 61023 58 0 1788978394 534334
0 61028 72 0 1788978394 534641
0 61049 69 0 1788978394 536020
0 61126 65 0 1788978394 541181
0 61149 60 0 1788978394 542940
0 61203 55 0 1788978394 548291
0 61211 63 0 1788978394 548889
0 61221 69 0 1788978394 549593
0 61222 106 0 1788978394 549703
0 61238 80 0 1788978394 550837
0 61250 56 0 1788978394 551584
0 61275 56 0 1788978394 553275
0 61281 89 0 1788978394 553679
0 61283 63 0 1788978394 553811
0 61288 84 0 1788978394 554175
0 61362 57 0 1788978394 559070
0 61384 67 0 1788978394 560604
0 61434 59 0 1788978394 563890
0 61497 61 0 1788978394 568027
0 61499 59 0 1788978394 568153
0 61505 66 0 1788978394 568538
0 61550 105 0 1788978394 571671
0 61553 85 0 1788978394 571939
0 61564 68 0 1788978394 572926
0 61565 85 0 1788978394 573013
0 61568 80 0 1788978394 573303
0 61587 124 0 1788978394 575043
0 61618 81 0 1788978394 577556
0 61681 83 0 1788978394 582602
0 61694 59 0 1788978394 583550
0 61702 74 0 1788978394 584175
0 61743 59 0 1788978394 586940
0 61793 60 0 1788978394 590083
0 61844 62 0 1788978394 593552
0 61947 61 0 1788978394 600554
0 61948 82 0 1788978394 600640
0 61950 60 0 1788978394 600771
0 61997 56 0 1788978394 603990
0 62004 57 0 1788978394 604395
0 62054 62 0 1788978394 607878
0 62057 62 0 1788978394 608073
0 62063 72 0 1788978394 608483
0 62091 117 0 1788978394 610336
0 62118 71 0 1788978394 612304
0 62217 65 0 1788978394 619367
0 62246 74 0 1788978394 621366
0 62264 57 0 1788978394 622574
0 62271 67 0 1788978394 623094
0 62279 69 0 1788978394 623650
0 62283 69 0 1788978394 623918
0 62297 73 0 1788978394 624923
0 62336 56 0 1788978394 627500
0 62360 65 0 1788978394 628940
0 62414 64 0 1788978394 632359
0 62426 59 0 1788978394 633167
0 62459 61 0 1788978394 635361
0 62475 60 0 1788978394 636390
0 62486 57 0 1788978394 637056
0 62502 69 0 1788978394 638073
0 62510 89 0 1788978394 638644
0 62511 67 0 1788978394 638714
0 62544 57 0 1788978394 640896
0 62557 58 0 1788978394 641754
0 62589 60 0 1788978394 643977
0 62606 60 0 1788978394 645112
0 62715 59 0 1788978394 652220
0 62728 64 0 1788978394 652985
0 62749 68 0 1788978394 654273
0 62759 54 0 1788978394 654947
0 62763 56 0 1788978394 655207
0 62790 59 0 1788978394 656844
0 62812 79 0 1788978394 658379
0 62832 77 0 1788978394 659843
0 62860 63 0 1788978394 661812
0 62878 67 0 1788978394 663178
0 62936 87 0 1788978394 667205
0 62973 86 0 1788978394 670414
0 63012 64 0 1788978394 673309
0 63013 58 0 1788978394 673370
0 63016 58 0 1788978394 673541
0 63067 61 0 1788978394 676770
0 63091 60 0 1788978394 678217
0 63107 56 0 1788978394 679135
0 63124 72 0 1788978394 680284
0 63139 58 0 1788978394 681242
0 63143 56 0 1788978394 681478
0 63150 83 0 1788978394 682026
0 63154 58 0 1788978394 682284
0 63189 57 0 1788978394 684344
0 63241 71 0 1788978394 687711
0 63255 58 0 1788978394 688587
0 63267 63 0 1788978394 689358
0 63290 60 0 1788978394 690765
0 63316 62 0 1788978394 692346
0 63332 58 0 1788978394 693304
0 63337 57 0 1788978394 693598
0 63376 59 0 1788978394 695978
0 63472 63 0 1788978394 702002
0 63486 63 0 1788978394 702890
0 63488 57 0 1788978394 703008
0 63512 55 0 1788978394 704511
0 63538 59 0 1788978394 706185
0 63548 55 0 1788978394 706797
0 63570 66 0 1788978394 708059
0 63608 79 0 1788978394 710689
0 63631 57 0 1788978394 712437
0 63671 58 0 1788978394 714899
0 63707 60 0 1788978394 717196
0 63717 65 0 1788978394 717832
0 63727 62 0 1788978394 718534
0 63763 62 0 1788978394 720881
0 63764 59 0 1788978394 720945
0 63765 60 0 1788978394 721007
0 63801 78 0 1788978394 723411
0 63819 67 0 1788978394 724596
0 63842 54 0 1788978394 726041
0 63876 75 0 1788978394 728192
0 63880 64 0 1788978394 728471
0 63889 58 0 1788978394 729028
0 63894 52 0 1788978394 729323
0 63962 69 0 1788978394 733458
0 63963 65 0 1788978394 733527
0 63982 67 0 1788978394 734781
0 63987 56 0 1788978394 735088
0 64012 90 0 1788978394 736711
0 64057 92 0 1788978394 739678
0 64081 67 0 1788978394 741451
0 64127 62 0 1788978394 744731
0 64139 55 0 1788978394 745405
0 64142 48 0 1788978394 745567
0 64174 56 0 1788978394 747563
0 64178 59 0 1788978394 747810
0 64203 59 0 1788978394 749328
0 64215 53 0 1788978394 750126
0 64234 55 0 1788978394 751353
0 64283 73 0 1788978394 754716
0 64294 57 0 1788978394 755417
0 64331 70 0 1788978394 757695
0 64339 70 0 1788978394 758232
0 64352 65 0 1788978394 759100
0 64424 58 0 1788978394 763785
0 64500 82 0 1788978394 768703
0 64515 93 0 1788978394 769667
0 64523 62 0 1788978394 770177
0 64579 92 0 1788978394 773825
0 64600 58 0 1788978394 775052
0 64602 52 0 1788978394 775163
0 64605 87 0 1788978394 775385
0 64652 59 0 1788978394 778410
0 64689 74 0 1788978394 780852
0 64700 50 0 1788978394 781516
0 64722 58 0 1788978394 782999
0 64757 59 0 1788978394 785356
0 64784 59 0 1788978394 787046
0 64812 62 0 1788978394 788834
0 64850 58 0 1788978394 791161
0 64870 67 0 1788978394 792478
0 64875 49 0 1788978394 792850
0 64913 55 0 1788978394 795156
0 64988 69 0 1788978394 800152
0 64992 57 0 1788978394 800460
0 65038 64 0 1788978394 803467
0 65053 91 0 1788978394 804767
0 65062 133 0 1788978394 805604
0 65071 69 0 1788978394 806299
0 65082 64 0 1788978394 807042
0 65093 66 0 1788978394 807671
0 65112 58 0 1788978394 808839
0 65156 57 0 1788978394 811597
0 65194 64 0 1788978394 814335
0 65198 99 0 1788978394 814654
0 65235 64 0 1788978394 817229
0 65269 66 0 1788978394 819386
0 65272 66 0 1788978394 819588
0 65277 81 0 1788978394 819934
0 65300 54 0 1788978394 821296
0 65306 69 0 1788978394 821709
0 65309 69 0 1788978394 821918
0 65325 55 0 1788978394 822920
0 65326 55 0 1788978394 822978
0 65364 52 0 1788978394 825242
0 65371 71 0 1788978394 825705
0 65404 67 0 1788978394 828198
0 65405 63 0 1788978394 828265
0 65409 65 0 1788978394 828530
0 65468 63 0 1788978394 832356
0 65493 57 0 1788978394 833836
0 65497 56 0 1788978394 834067
0 65522 50 0 1788978394 835514
0 65536 57 0 1788978394 836299
0 65562 70 0 1788978394 838047
0 65597 53 0 1788978394 840185
0 65601 56 0 1788978394 840422
0 65622 103 0 1788978394 841712
0 65673 54 0 1788978394 844831
0 65691 60 0 1788978394 845847
0 65701 82 0 1788978394 846602
0 65745 61 0 1788978394 849602
0 65766 66 0 1788978394 850967
0 65809 81 0 1788978394 853989
0 65812 89 0 1788978394 854253
0 65813 69 0 1788978394 854326
0 65823 63 0 1788978394 855013
0 65826 46 0 1788978394 855172
0 65839 41 0 1788978394 856049
0 65962 71 0 1788978394 865350
0 65977 83 0 1788978394 866508
0 65983 64 0 1788978394 867001
0 66008 71 0 1788978394 869426
0 66027 113 0 1788978394 870980
0 66038 57 0 1788978394 871914
0 66041 84 0 1788978394 872165
0 66042 120 0 1788978394 872290
0 66049 143 0 1788978394 873058
0 66052 81 0 1788978394 873324
0 66066 83 0 1788978394 874443
0 66080 87 0 1788978394 875547
0 66143 50 0 1788978394 880009
0 66151 58 0 1788978394 880488
0 66155 65 0 1788978394 880747
0 66205 53 0 1788978394 883889
0 66222 56 0 1788978394 884828
0 66225 53 0 1788978394 884987
0 66232 53 0 1788978394 885381
0 66247 70 0 1788978394 886243
0 66292 56 0 1788978394 888980
0 66332 57 0 1788978394 891422
0 66354 68 0 1788978394 892721
0 66392 59 0 1788978394 894997
0 66398 49 0 1788978394 895324
0 66399 52 0 1788978394 895377
0 66465 61 0 1788978394 899167
0 66466 65 0 1788978394 899236
0 66469 78 0 1788978394 900016
0 66475 63 0 1788978394 900498
0 66482 52 0 1788978394 900889
0 66499 62 0 1788978394 902020
0 66513 107 0 1788978394 903169
0 66528 61 0 1788978394 904186
0 66535 83 0 1788978394 904633
0 66557 59 0 1788978394 906030
0 66566 62 0 1788978394 906575
0 66575 73 0 1788978394 907318
0 66588 52 0 1788978394 908407
0 66606 61 0 1788978394 909719
0 66618 64 0 1788978394 910492
0 66651 69 0 1788978394 912717
0 66706 64 0 1788978394 916421
0 66742 95 0 1788978394 918779
0 66758 65 0 1788978394 919962
0 66772 60 0 1788978394 921014
0 66777 69 0 1788978394 921344
0 66789 65 0 1788978394 922191
0 66796 92 0 1788978394 922681
0 66813 65 0 1788978394 923754
0 66818 59 0 1788978394 924092
0 66851 81 0 1788978394 926970
0 66860 56 0 1788978394 927554
0 66883 69 0 1788978394 929270
0 66897 61 0 1788978394 930171
0 66950 62 0 1788978394 933541
0 66966 64 0 1788978394 934551
0 67034 76 0 1788978394 940214
0 67084 88 0 1788978394 944257
0 67097 0 0 1788978394 945370
0 67138 63 0 1788978394 948417
0 67149 65 0 1788978394 949162
0 67161 84 0 1788978394 950070
0 67172 86 0 1788978394 950927
0 67182 96 0 1788978394 951864
0 67187 70 0 1788978394 952236
0 67200 60 0 1788978394 953115
0 67210 80 0 1788978394 953919
0 67215 83 0 1788978394 954349
0 67216 77 0 1788978394 954432
0 67230 65 0 1788978394 955502
0 67243 60 0 1788978394 956384
0 67276 107 0 1788978394 958846
0 67289 68 0 1788978394 959764
0 67372 80 0 1788978394 965315
0 67388 127 0 1788978394 966576
0 67428 88 0 1788978394 969430
0 67448 75 0 1788978394 970972
0 67510 52 0 1788978394 975093
0 67525 55 0 1788978394 976025
0 67533 84 0 1788978394 976543
0 67609 56 0 1788978394 982181
0 67629 71 0 1788978394 983592
0 67640 62 0 1788978394 984585
0 67647 60 0 1788978394 985006
0 67666 55 0 1788978394 986205
0 67672 57 0 1788978394 986580
0 67680 59 0 1788978394 987089
0 67738 61 0 1788978394 990964
0 67739 61 0 1788978394 991028
0 67753 66 0 1788978394 991926
0 67760 86 0 1788978394 992387
0 67767 54 0 1788978394 992850
0 67769 71 0 1788978394 992979
0 67809 72 0 1788978394 995670
0 67822 51 0 1788978394 996530
0 67884 72 0 1788978395 830
0 67909 68 0 1788978395 2404
0 67911 61 0 1788978395 2550
0 67926 73 0 1788978395 3837
0 67966 73 0 1788978395 6779
0 67979 76 0 1788978395 7698
0 67986 63 0 1788978395 8158
0 67987 63 0 1788978395 8225
0 68047 61 0 1788978395 12143
0 68074 60 0 1788978395 14043
0 68088 65 0 1788978395 15035
0 68104 81 0 1788978395 16151
0 68119 58 0 1788978395 17148
0 68129 69 0 1788978395 17866
0 68134 66 0 1788978395 18221
0 68136 65 0 1788978395 18352
0 68149 61 0 1788978395 19218
0 68191 54 0 1788978395 21777
0 68199 57 0 1788978395 22271
0 68207 59 0 1788978395 22835
0 68217 63 0 1788978395 23497
0 68286 68 0 1788978395 28114
0 68289 68 0 1788978395 28325
0 68303 73 0 1788978395 29272
0 68306 55 0 1788978395 29462
0 68349 71 0 1788978395 32287
0 68359 66 0 1788978395 32944
0 68385 65 0 1788978395 34867
0 68391 62 0 1788978395 35290
0 68403 64 0 1788978395 36262
0 68416 60 0 1788978395 37113
0 68440 95 0 1788978395 38688
0 68462 60 0 1788978395 40038
0 68513 65 0 1788978395 43740
0 68522 62 0 1788978395 44351
0 68581 74 0 1788978395 48458
0 68583 61 0 1788978395 48592
0 68632 69 0 1788978395 51860
0 68648 59 0 1788978395 52961
0 68658 55 0 1788978395 53517
0 68663 71 0 1788978395 53887
0 68680 82 0 1788978395 55082
0 68681 70 0 1788978395 55156
0 68744 69 0 1788978395 59178
0 68754 54 0 1788978395 59857
0 68785 67 0 1788978395 61830
0 68795 55 0 1788978395 62490
0 68798 60 0 1788978395 62677
0 68845 88 0 1788978395 66022
0 68863 63 0 1788978395 67363
0 68979 72 0 1788978395 74796
0 68997 62 0 1788978395 75996
0 68999 60 0 1788978395 76120
0 69013 61 0 1788978395 77018
0 69060 58 0 1788978395 79970
0 69068 72 0 1788978395 80527
0 69079 68 0 1788978395 81225
0 69100 70 0 1788978395 82521
0 69131 56 0 1788978395 84495
0 69140 56 0 1788978395 85017
0 69148 71 0 1788978395 85499
0 69156 63 0 1788978395 86031
0 69161 70 0 1788978395 86409
0 69179 59 0 1788978395 87491
0 69213 72 0 1788978395 89712
0 69255 65 0 1788978395 92716
0 69298 63 0 1788978395 95409
0 69336 74 0 1788978395 97907
0 69337 63 0 1788978395 97973
0 69354 66 0 1788978395 99040
0 69361 56 0 1788978395 99453
0 69382 60 0 1788978395 100756
0 69396 59 0 1788978395 101594
0 69420 69 0 1788978395 103289
0 69437 59 0 1788978395 104399
0 69448 58 0 1788978395 105130
0 69490 75 0 1788978395 107832
0 69513 60 0 1788978395 109137
0 69514 59 0 1788978395 109199
0 69552 60 0 1788978395 111555
0 69573 110 0 1788978395 113024
0 69589 68 0 1788978395 114027
0 69605 62 0 1788978395 114989
0 69611 63 0 1788978395 115371
0 69616 69 0 1788978395 115699
0 69629 63 0 1788978395 116588
0 69640 75 0 1788978395 117339
0 69642 65 0 1788978395 117475
0 69672 63 0 1788978395 119574
0 69684 70 0 1788978395 120462
0 69713 61 0 1788978395 122352
0 69728 73 0 1788978395 123414
0 69741 75 0 1788978395 124345
0 69785 54 0 1788978395 127194
0 69791 57 0 1788978395 127537
0 69810 67 0 1788978395 128796
0 69812 64 0 1788978395 128928
0 69819 62 0 1788978395 129357
0 69820 62 0 1788978395 129420
0 69833 66 0 1788978395 130298
0 69849 58 0 1788978395 131308
0 69883 68 0 1788978395 133717
0 69921 59 0 1788978395 136110
0 69928 64 0 1788978395 136558
0 69935 58 0 1788978395 136979
0 69938 69 0 1788978395 137166
0 69947 62 0 1788978395 137830
0 69957 74 0 1788978395 138487
0 69958 100 0 1788978395 138590
0 69999 66 0 1788978395 141387
0 70000 73 0 1788978395 141464
0 70012 65 0 1788978395 142314
0 70013 64 0 1788978395 142382
0 70017 99 0 1788978395 142681
0 70027 68 0 1788978395 143350
0 70034 67 0 1788978395 143819
0 70068 0 0 1788978395 146289
0 70075 64 0 1788978395 146819
0 70099 64 0 1788978395 148561
0 70104 60 0 1788978395 148887
0 70108 77 0 1788978395 149154
0 70115 62 0 1788978395 149593
0 70131 78 0 1788978395 150732
0 70136 86 0 1788978395 151085
0 70140 372 0 1788978395 151728
0 70150 121 0 1788978395 152723
0 70175 63 0 1788978395 154602
0 70176 73 0 1788978395 154680
0 70194 63 0 1788978395 155795
0 70212 52 0 1788978395 156904
0 70227 68 0 1788978395 157881
0 70231 81 0 1788978395 158189
0 70261 75 0 1788978395 160274
0 70294 65 0 1788978395 162765
0 70295 61 0 1788978395 162829
0 70297 60 0 1788978395 162949
0 70299 68 0 1788978395 163080
0 70323 59 0 1788978395 164748
0 70332 55 0 1788978395 165264
0 70364 58 0 1788978395 167319
0 70411 100 0 1788978395 171641
0 70412 77 0 1788978395 171722
0 70425 69 0 1788978395 172705
0 70430 124 0 1788978395 173183
0 70454 68 0 1788978395 174883
0 70462 61 0 1788978395 175416
0 70469 68 0 1788978395 175945
0 70483 84 0 1788978395 176895
0 70489 64 0 1788978395 177327
0 70502 76 0 1788978395 178236
0 70511 59 0 1788978395 178806
0 70572 74 0 1788978395 183015
0 70613 63 0 1788978395 185938
0 70622 100 0 1788978395 186638
0 70664 94 0 1788978395 189757
0 70673 100 0 1788978395 190451
0 70678 78 0 1788978395 190863
0 70686 0 0 1788978395 191507
0 70687 87 0 1788978395 191599
0 70760 57 0 1788978395 196859
0 70777 64 0 1788978395 198067
0 70792 62 0 1788978395 199025
0 70804 66 0 1788978395 199826
0 70870 77 0 1788978395 204608
0 70882 66 0 1788978395 205422
0 70917 75 0 1788978395 207684
0 70963 58 0 1788978395 210742
0 70965 62 0 1788978395 210880
0 70979 66 0 1788978395 211842
0 71004 84 0 1788978395 213505
0 71005 81 0 1788978395 213590
0 71025 56 0 1788978395 214904
0 71032 63 0 1788978395 215328
0 71060 56 0 1788978395 217100
0 71074 59 0 1788978395 218099
0 71097 54 0 1788978395 219605
0 71128 64 0 1788978395 221468
0 71132 67 0 1788978395 221766
0 71148 72 0 1788978395 222843
0 71164 50 0 1788978395 223817
0 71207 84 0 1788978395 226511
0 71208 106 0 1788978395 226622
0 71227 65 0 1788978395 227855
0 71243 61 0 1788978395 228915
0 71250 67 0 1788978395 229400
0 71252 65 0 1788978395 229536
0 71264 57 0 1788978395 230277
0 71309 76 0 1788978395 233355
0 71318 59 0 1788978395 233997
0 71330 76 0 1788978395 234831
0 71341 70 0 1788978395 235568
0 71351 56 0 1788978395 236242
0 71352 57 0 1788978395 236303
0 71363 67 0 1788978395 237066
0 71365 77 0 1788978395 237252
0 71373 71 0 1788978395 237858
0 71425 71 0 1788978395 241494
0 71432 90 0 1788978395 242126
0 71461 82 0 1788978395 244215
0 71483 74 0 1788978395 245736
0 71484 83 0 1788978395 245822
0 71507 55 0 1788978395 247599
0 71573 96 0 1788978395 252781
0 71579 87 0 1788978395 253310
0 71621 59 0 1788978395 256430
0 71634 55 0 1788978395 257212
0 71656 56 0 1788978395 258567
0 71739 69 0 1788978395 264511
0 71740 74 0 1788978395 264591
0 71752 68 0 1788978395 265413
0 71788 67 0 1788978395 268198
0 71792 61 0 1788978395 268457
0 71795 100 0 1788978395 268683
0 71845 64 0 1788978395 271862
0 71861 59 0 1788978395 272870
0 71866 56 0 1788978395 273167
0 71873 57 0 1788978395 273568
0 71877 56 0 1788978395 273813
0 71976 72 0 1788978395 280782
0 72010 63 0 1788978395 282877
0 72012 68 0 1788978395 283015
0 72025 67 0 1788978395 283848
0 72030 63 0 1788978395 284184
0 72034 56 0 1788978395 284431
0 72037 56 0 1788978395 284603
0 72091 54 0 1788978395 288008
0 72103 65 0 1788978395 288774
0 72106 66 0 1788978395 288970
0 72118 61 0 1788978395 289807
0 72157 59 0 1788978395 292328
0 72160 56 0 1788978395 292508
0 72164 58 0 1788978395 292763
0 72197 59 0 1788978395 294857
0 72216 59 0 1788978395 296136
0 72285 58 0 1788978395 300764
0 72297 67 0 1788978395 301540
0 72308 68 0 1788978395 302280
0 72315 59 0 1788978395 302784
0 72321 65 0 1788978395 303192
0 72328 76 0 1788978395 303667
0 72329 64 0 1788978395 303734
0 72391 79 0 1788978395 307953
0 72437 63 0 1788978395 311271
0 72450 55 0 1788978395 312068
0 72454 75 0 1788978395 312340
0 72466 58 0 1788978395 313193
0 72503 62 0 1788978395 315931
0 72508 82 0 1788978395 316343
0 72529 66 0 1788978395 318067
0 72539 92 0 1788978395 318866
0 72568 119 0 1788978395 321320
0 72572 83 0 1788978395 321706
0 72616 70 0 1788978395 324866
0 72620 68 0 1788978395 325141
0 72625 73 0 1788978395 325526
0 72648 56 0 1788978395 327247
0 72691 55 0 1788978395 330014
0 72692 56 0 1788978395 330073
0 72702 82 0 1788978395 330663
0 72797 82 0 1788978395 338093
0 72837 64 0 1788978395 340824
0 72838 76 0 1788978395 340905
0 72921 75 0 1788978395 346388
0 72924 68 0 1788978395 346600
0 72933 57 0 1788978395 347146
0 72944 67 0 1788978395 347807
0 72974 62 0 1788978395 349863
0 73001 62 0 1788978395 351600
0 73018 61 0 1788978395 352801
0 73044 96 0 1788978395 354706
0 73065 58 0 1788978395 356027
0 73066 58 0 1788978395 356088
0 73070 57 0 1788978395 356319
0 73090 58 0 1788978395 357517
0 73123 88 0 1788978395 359646
0 73126 71 0 1788978395 359865
0 73172 57 0 1788978395 362581
0 73187 55 0 1788978395 363531
0 73239 81 0 1788978395 366977
0 73250 67 0 1788978395 367649
0 73257 67 0 1788978395 368168
0 73271 58 0 1788978395 369096
0 73273 59 0 1788978395 369217
0 73308 58 0 1788978395 371410
0 73331 68 0 1788978395 372851
0 73336 69 0 1788978395 373230
0 73359 78 0 1788978395 374785
0 73360 67 0 1788978395 374855
0 73392 73 0 1788978395 377332
0 73412 83 0 1788978395 379147
0 73420 68 0 1788978395 380005
0 73432 74 0 1788978395 381038
0 73443 80 0 1788978395 382030
0 73450 133 0 1788978395 382668
0 73474 104 0 1788978395 384669
0 73487 80 0 1788978395 385661
0 73500 95 0 1788978395 386652
0 73507 84 0 1788978395 387253
0 73508 68 0 1788978395 387326
0 73512 61 0 1788978395 387609
0 73526 79 0 1788978395 388656
0 73590 62 0 1788978395 393004
0 73593 52 0 1788978395 393171
0 73613 62 0 1788978395 394496
0 73635 63 0 1788978395 396043
0 73636 62 0 1788978395 396109
0 73649 67 0 1788978395 397073
0 73706 113 0 1788978395 401698
0 73737 90 0 1788978395 405567
0 73740 69 0 1788978395 405826
0 73752 110 0 1788978395 407240
0 73771 75 0 1788978395 408525
0 73773 103 0 1788978395 408702
0 73794 61 0 1788978395 410291
0 73802 69 0 1788978395 410832
0 73820 59 0 1788978395 412058
0 73826 68 0 1788978395 412456
0 73828 75 0 1788978395 412627
0 73851 59 0 1788978395 414152
0 73868 60 0 1788978395 415279
0 73870 60 0 1788978395 415405
0 73872 53 0 1788978395 415516
0 73880 70 0 1788978395 416103
0 73913 72 0 1788978395 418383
0 73919 71 0 1788978395 418840
0 73922 79 0 1788978395 419060
0 73928 58 0 1788978395 419461
0 73936 73 0 1788978395 420031
0 73964 94 0 1788978395 422142
0 73973 54 0 1788978395 422801
0 74014 50 0 1788978395 425531
0 74019 105 0 1788978395 425913
0 74038 64 0 1788978395 427170
0 74069 64 0 1788978395 429286
0 74074 73 0 1788978395 429662
0 74094 75 0 1788978395 431039
0 74143 69 0 1788978395 434409
0 74161 57 0 1788978395 435487
0 74164 75 0 1788978395 435680
0 74170 70 0 1788978395 436101
0 74175 96 0 1788978395 436530
0 74190 62 0 1788978395 437590
0 74197 75 0 1788978395 438078
0 74227 57 0 1788978395 440116
0 74234 76 0 1788978395 440570
0 74238 69 0 1788978395 440873
0 74241 67 0 1788978395 441081
0 74249 73 0 1788978395 441751
0 74255 74 0 1788978395 442183
0 74256 84 0 1788978395 442269
0 74266 90 0 1788978395 443144
0 74268 72 0 1788978395 443300
0 74277 113 0 1788978395 444092
0 74296 58 0 1788978395 445350
0 74319 52 0 1788978395 446958
0 74328 60 0 1788978395 447467
0 74368 66 0 1788978395 450217
0 74375 68 0 1788978395 450704
0 74378 69 0 1788978395 450928
0 74382 58 0 1788978395 451169
0 74387 56 0 1788978395 451472
0 74405 64 0 1788978395 452878
0 74414 68 0 1788978395 453503
0 74434 60 0 1788978395 454876
0 74443 73 0 1788978395 455480
0 74464 59 0 1788978395 457127
0 74511 69 0 1788978395 460988
0 74515 70 0 1788978395 461270
0 74518 67 0 1788978395 461483
0 74522 67 0 1788978395 461794
0 74527 68 0 1788978395 462145
0 74549 60 0 1788978395 463544
0 74596 73 0 1788978395 466840
0 74601 62 0 1788978395 467161
0 74631 73 0 1788978395 469246
0 74634 70 0 1788978395 469455
0 74679 64 0 1788978395 472550
0 74683 71 0 1788978395 472893
0 74698 64 0 1788978395 473880
0 74707 66 0 1788978395 474486
0 74717 67 0 1788978395 475131
0 74746 60 0 1788978395 476995
0 74762 62 0 1788978395 478012
0 74772 79 0 1788978395 478682
0 74774 69 0 1788978395 478827
0 74792 72 0 1788978395 480315
0 74805 64 0 1788978395 481157
0 74810 59 0 1788978395 481465
0 74819 55 0 1788978395 482030
0 74825 62 0 1788978395 482393
0 74836 56 0 1788978395 483139
0 74838 58 0 1788978395 483259
0 74846 59 0 1788978395 483762
0 74860 74 0 1788978395 484636
0 74869 57 0 1788978395 485251
0 74883 69 0 1788978395 486323
0 74911 65 0 1788978395 488271
0 74948 63 0 1788978395 490894
0 74957 54 0 1788978395 491506
0 74966 68 0 1788978395 492104
0 74981 71 0 1788978395 493222
0 74986 63 0 1788978395 493585
0 74989 62 0 1788978395 493792
0 75017 71 0 1788978395 495779
0 75042 77 0 1788978395 497556
0 75046 67 0 1788978395 497851
0 75106 59 0 1788978395 502110
0 75124 63 0 1788978395 503358
0 75165 74 0 1788978395 506112
0 75183 67 0 1788978395 507479
0 75201 68 0 1788978395 508711
0 75256 76 0 1788978395 512312
0 75292 65 0 1788978395 514959
0 75318 64 0 1788978395 516761
0 75321 62 0 1788978395 516952
0 75340 63 0 1788978395 518162
0 75365 70 0 1788978395 519776
0 75375 61 0 1788978395 520424
0 75408 62 0 1788978395 522509
0 75469 65 0 1788978395 526823
0 75471 86 0 1788978395 526984
0 75511 55 0 1788978395 529854
0 75514 68 0 1788978395 530036
0 75518 61 0 1788978395 530299
0 75523 75 0 1788978395 530646
0 75539 68 0 1788978395 531724
0 75560 60 0 1788978395 533062
0 75589 59 0 1788978395 535039
0 75628 63 0 1788978395 537464
0 75736 69 0 1788978395 544458
0 75741 64 0 1788978395 544796
0 75751 76 0 1788978395 545506
0 75755 73 0 1788978395 545877
0 75759 58 0 1788978395 546136
0 75767 65 0 1788978395 546629
0 75826 71 0 1788978395 550430
0 75849 64 0 1788978395 552170
0 75851 69 0 1788978395 552307
0 75858 73 0 1788978395 552850
0 75914 619 0 1788978395 558194
0 75957 88 0 1788978395 561325
0 75963 61 0 1788978395 561730
0 75975 66 0 1788978395 562487
0 76035 63 0 1788978395 566553
0 76100 117 0 1788978395 570800
0 76125 67 0 1788978395 572501
0 76175 88 0 1788978395 575671
0 76215 56 0 1788978395 578263
0 76218 76 0 1788978395 578459
0 76243 62 0 1788978395 580264
0 76245 58 0 1788978395 580387
0 76253 65 0 1788978395 580920
0 76266 64 0 1788978395 581798
0 76279 78 0 1788978395 582721
0 76294 55 0 1788978395 583821
0 76299 65 0 1788978395 584139
0 76310 52 0 1788978395 584929
0 76313 60 0 1788978395 585104
0 76348 58 0 1788978395 587346
0 76408 53 0 1788978395 591313
0 76422 62 0 1788978395 592242
0 76425 57 0 1788978395 592420
0 76427 57 0 1788978395 592536
0 76462 78 0 1788978395 595334
0 76463 71 0 1788978395 595409
0 76467 88 0 1788978395 595685
0 76471 62 0 1788978395 595916
0 76474 63 0 1788978395 596103
0 76500 61 0 1788978395 597734
0 76534 63 0 1788978395 599867
0 76543 77 0 1788978395 600504
0 76546 121 0 1788978395 600785
0 76549 79 0 1788978395 601031
0 76589 70 0 1788978395 604368
0 76595 97 0 1788978395 604928
0 76607 75 0 1788978395 605857
0 76608 88 0 1788978395 605950
0 76625 67 0 1788978395 607310
0 76664 73 0 1788978395 610164
0 76673 72 0 1788978395 610916
0 76678 0 0 1788978395 611333
0 76688 80 0 1788978395 612171
0 76745 73 0 1788978395 617391
0 76756 74 0 1788978395 618290
0 76806 71 0 1788978395 622132
0 76813 136 0 1788978395 622718
0 76817 72 0 1788978395 623037
0 76829 76 0 1788978395 624145
0 76835 91 0 1788978395 624599
0 76837 94 0 1788978395 624823
0 76839 88 0 1788978395 624999
0 76882 69 0 1788978395 628136
0 76916 65 0 1788978395 630697
0 76917 71 0 1788978395 630772
0 76928 63 0 1788978395 631489
0 76949 71 0 1788978395 633129
0 76967 64 0 1788978395 634471
0 76992 65 0 1788978395 636360
0 77017 83 0 1788978395 638335
0 77028 92 0 1788978395 639180
0 77029 116 0 1788978395 639303
0 77032 0 0 1788978395 639714
0 77033 100 0 1788978395 639821
0 77063 53 0 1788978395 642148
0 77070 121 0 1788978395 642722
0 77100 101 0 1788978395 645148
0 77119 66 0 1788978395 646576
0 77160 103 0 1788978395 649649
0 77182 59 0 1788978395 651263
0 77183 58 0 1788978395 651326
0 77198 76 0 1788978395 652407
0 77221 66 0 1788978395 654219
0 77222 63 0 1788978395 654287
0 77227 105 0 1788978395 654665
0 77260 80 0 1788978395 657153
0 77265 109 0 1788978395 657603
0 77266 85 0 1788978395 657693
0 77278 65 0 1788978395 658783
0 77304 64 0 1788978395 660874
0 77320 76 0 1788978395 661941
0 77348 64 0 1788978395 663826
0 77367 73 0 1788978395 665085
0 77370 60 0 1788978395 665272
0 77375 68 0 1788978395 665573
0 77378 63 0 1788978395 665796
0 77384 63 0 1788978395 666161
0 77398 79 0 1788978395 667117
0 77435 71 0 1788978395 669857
0 77451 162 0 1788978395 671481
0 77457 0 0 1788978395 672217
0 77532 88 0 1788978395 677981
0 77536 65 0 1788978395 678285
0 77556 81 0 1788978395 679893
0 77575 72 0 1788978395 681339
0 77650 61 0 1788978395 686486
0 77653 65 0 1788978395 686692
0 77667 77 0 1788978395 687573
0 77720 59 0 1788978395 691273
0 77773 66 0 1788978395 695193
0 77804 46 0 1788978395 697150
0 77810 56 0 1788978395 697459
0 77826 67 0 1788978395 698547
0 77834 85 0 1788978395 699152
0 77858 61 0 1788978395 700899
0 77870 60 0 1788978395 701688
0 77886 66 0 1788978395 702741
0 77895 76 0 1788978395 703364
0 77902 71 0 1788978395 703877
0 77914 86 0 1788978395 704697
0 77932 68 0 1788978395 705898
0 77934 68 0 1788978395 706042
0 77939 62 0 1788978395 706358
0 77944 72 0 1788978395 706715
0 77948 66 0 1788978395 706994
0 77983 58 0 1788978395 709394
0 78022 70 0 1788978395 712001
0 78036 73 0 1788978395 712938
0 78049 64 0 1788978395 713934
0 78051 65 0 1788978395 714071
0 78065 63 0 1788978395 715032
0 78071 75 0 1788978395 715433
0 78083 57 0 1788978395 716225
0 78084 73 0 1788978395 716301
0 78098 61 0 1788978395 717253
0 78100 66 0 1788978395 717383
0 78101 65 0 1788978395 717450
0 78107 63 0 1788978395 717845
0 78137 58 0 1788978395 719919
0 78169 72 0 1788978395 722182
0 78191 80 0 1788978395 723705
0 78215 61 0 1788978395 725238
0 78263 83 0 1788978395 728968
0 78293 60 0 1788978395 731410
0 78341 65 0 1788978395 734574
0 78370 72 0 1788978395 736506
0 78373 66 0 1788978395 736745
0 78442 68 0 1788978395 741561
0 78458 74 0 1788978395 742728
0 78469 68 0 1788978395 743501
0 78493 94 0 1788978395 745223
0 78510 61 0 1788978395 746464
0 78515 57 0 1788978395 746778
0 78540 62 0 1788978395 748400
0 78590 87 0 1788978395 751930
0 78618 71 0 1788978395 754037
0 78632 58 0 1788978395 755099
0 78644 80 0 1788978395 755842
0 78650 69 0 1788978395 756306
0 78652 64 0 1788978395 756451
0 78682 55 0 1788978395 758269
0 78685 57 0 1788978395 758481
0 78688 61 0 1788978395 758713
0 78706 67 0 1788978395 760050
0 78713 65 0 1788978395 760496
0 78746 67 0 1788978395 762784
0 78756 58 0 1788978395 763493
0 78781 59 0 1788978395 765114
0 78799 56 0 1788978395 766178
0 78819 57 0 1788978395 767430
0 78831 67 0 1788978395 768279
0 78892 57 0 1788978395 772409
0 78903 79 0 1788978395 773121
0 78926 74 0 1788978395 774692
0 78948 62 0 1788978395 776074
0 78952 63 0 1788978395 776325
0 78958 59 0 1788978395 776721
0 78985 73 0 1788978395 778541
0 79020 70 0 1788978395 780964
0 79025 61 0 1788978395 781301
0 79055 68 0 1788978395 783188
0 79071 48 0 1788978395 784438
0 79083 68 0 1788978395 785195
0 79096 70 0 1788978395 786026
0 79156 66 0 1788978395 790003
0 79159 66 0 1788978395 790203
0 79194 58 0 1788978395 792487
0 79200 58 0 1788978395 792875
0 79207 61 0 1788978395 793289
0 79213 60 0 1788978395 793698
0 79221 60 0 1788978395 794183
0 79223 64 0 1788978395 794308
0 79239 74 0 1788978395 795354
0 79258 73 0 1788978395 796725
0 79316 71 0 1788978395 800504
0 79334 69 0 1788978395 801787
0 79367 69 0 1788978395 804014
0 79378 78 0 1788978395 804791
0 79388 66 0 1788978395 805442
0 79406 62 0 1788978395 806623
0 79410 65 0 1788978395 806894
0 79460 60 0 1788978395 810185
0 79467 81 0 1788978395 810646
0 79473 61 0 1788978395 811016
0 79482 112 0 1788978395 811666
0 79495 62 0 1788978395 812529
0 79510 68 0 1788978395 813485
0 79515 64 0 1788978395 813886
0 79548 62 0 1788978395 816124
0 79563 67 0 1788978395 817174
0 79582 61 0 1788978395 818403
0 79610 64 0 1788978395 820206
0 79658 71 0 1788978395 823475
0 79674 60 0 1788978395 824527
0 79678 69 0 1788978395 824829
0 79691 60 0 1788978395 825607
0 79722 70 0 1788978395 827552
0 79753 74 0 1788978395 829609
0 79758 66 0 1788978395 830000
0 79767 77 0 1788978395 830600
0 79770 74 0 1788978395 830853
0 79808 84 0 1788978395 833827
0 79817 67 0 1788978395 834444
0 79880 96 0 1788978395 839273
0 79883 65 0 1788978395 839479
0 79901 69 0 1788978395 840973
0 79915 67 0 1788978395 841965
0 79922 76 0 1788978395 842533
0 80018 105 0 1788978395 849713
0 80056 54 0 1788978395 852178
0 80061 88 0 1788978395 852519
0 80089 61 0 1788978395 854508
0 80094 62 0 1788978395 854865
0 80137 56 0 1788978395 857568
0 80144 113 0 1788978395 858178
0 80151 83 0 1788978395 858743
0 80157 68 0 1788978395 859174
0 80299 88 0 1788978395 871462
0 80310 74 0 1788978395 872526
0 80323 80 0 1788978395 873560
0 80326 60 0 1788978395 873787
0 80336 68 0 1788978395 874559
0 80361 93 0 1788978395 876664
0 80385 79 0 1788978395 878500
0 80392 84 0 1788978395 879083
0 80408 69 0 1788978395 880234
0 80413 61 0 1788978395 880586
0 80423 69 0 1788978395 881266
0 80440 82 0 1788978395 882584
0 80495 59 0 1788978395 886101
0 80507 58 0 1788978395 886831
0 80556 56 0 1788978395 889906
0 80567 54 0 1788978395 890518
0 80570 68 0 1788978395 890701
0 80571 75 0 1788978395 890779
0 80591 81 0 1788978395 892232
0 80614 63 0 1788978395 893774
0 80663 55 0 1788978395 896793
0 80692 55 0 1788978395 898461
0 80726 56 0 1788978395 900556
0 80741 62 0 1788978395 901471
0 80755 62 0 1788978395 902404
0 80808 58 0 1788978395 905843
0 80817 59 0 1788978395 906364
0 80846 52 0 1788978395 908243
0 80865 87 0 1788978395 909668
0 80885 85 0 1788978395 911170
0 80955 54 0 1788978395 916982
0 81008 99 0 1788978395 920701
0 81030 54 0 1788978395 922256
0 81044 69 0 1788978395 923181
0 81050 52 0 1788978395 923520
0 81058 56 0 1788978395 924025
0 81123 86 0 1788978395 927957
0 81130 57 0 1788978395 928396
0 81132 86 0 1788978395 928543
0 81148 61 0 1788978395 929586
0 81256 58 0 1788978395 936440
0 81283 78 0 1788978395 938181
0 81324 68 0 1788978395 940895
0 81336 68 0 1788978395 941704
0 81339 68 0 1788978395 941911
0 81386 76 0 1788978395 945084
0 81403 68 0 1788978395 946360
0 81426 54 0 1788978395 948161
0 81439 110 0 1788978395 949127
0 81447 81 0 1788978395 949722
0 81453 82 0 1788978395 950192
0 81553 53 0 1788978395 956722
0 81594 65 0 1788978395 959359
0 81715 64 0 1788978395 967040
0 81738 91 0 1788978395 968820
0 81739 75 0 1788978395 968900
0 81750 59 0 1788978395 969609
0 81754 58 0 1788978395 969877
0 81777 61 0 1788978395 971329
0 81814 63 0 1788978395 973766
0 81820 63 0 1788978395 974146
0 81856 56 0 1788978395 976300
0 81924 68 0 1788978395 980419
0 81926 67 0 1788978395 980559
0 81949 57 0 1788978395 982194
0 81957 66 0 1788978395 982649
0 81960 54 0 1788978395 982828
0 81999 51 0 1788978395 985707
0 82011 62 0 1788978395 986398
0 82023 59 0 1788978395 987152
0 82040 76 0 1788978395 988364
0 82042 59 0 1788978395 988488
0 82048 76 0 1788978395 988882
0 82080 54 0 1788978395 990935
0 82153 65 0 1788978395 995423
0 82180 64 0 1788978395 997144
0 82197 54 0 1788978395 998279
0 82201 55 0 1788978395 998504
0 82202 56 0 1788978395 998562
0 82205 76 0 1788978395 998763
0 82220 79 0 1788978395 999771
0 82228 84 0 1788978396 421
0 82257 64 0 1788978396 2590
0 82284 59 0 1788978396 4525
0 82304 0 0 1788978396 5765
0 82308 92 0 1788978396 6102
0 82316 97 0 1788978396 6670
0 82333 0 0 1788978396 7909
0 82362 65 0 1788978396 10021
0 82368 55 0 1788978396 10360
0 82370 50 0 1788978396 10462
0 82384 69 0 1788978396 11339
0 82401 60 0 1788978396 12515
0 82482 79 0 1788978396 17642
0 82495 54 0 1788978396 18416
0 82502 60 0 1788978396 18825
0 82505 64 0 1788978396 18999
0 82524 62 0 1788978396 20328
0 82537 64 0 1788978396 21125
0 82560 63 0 1788978396 22566
0 82566 64 0 1788978396 22981
0 82571 78 0 1788978396 23341
0 82588 70 0 1788978396 24540
0 82606 53 0 1788978396 25686
0 82607 68 0 1788978396 25758
0 82613 59 0 1788978396 26129
0 82671 83 0 1788978396 30126
0 82691 72 0 1788978396 31486
0 82692 69 0 1788978396 31558
0 82707 95 0 1788978396 32559
0 82711 64 0 1788978396 32852
0 82733 68 0 1788978396 34230
0 82744 62 0 1788978396 34983
0 82748 55 0 1788978396 35222
0 82749 57 0 1788978396 35283
0 82770 90 0 1788978396 36697
0 82782 67 0 1788978396 37545
0 82804 60 0 1788978396 39049
0 82809 65 0 1788978396 39379
0 82812 61 0 1788978396 39578
0 82827 62 0 1788978396 40542
0 82830 70 0 1788978396 40780
0 82866 49 0 1788978396 43126
0 82885 58 0 1788978396 44478
0 82905 74 0 1788978396 45679
0 82940 55 0 1788978396 47842
0 82943 60 0 1788978396 48012
0 82956 66 0 1788978396 48748
0 82975 62 0 1788978396 49959
0 82992 70 0 1788978396 50998
0 82996 57 0 1788978396 51232
0 83012 55 0 1788978396 52216
0 83033 66 0 1788978396 53545
0 83075 60 0 1788978396 56300
0 83081 74 0 1788978396 56654
0 83126 53 0 1788978396 59784
0 83135 73 0 1788978396 60312
0 83141 58 0 1788978396 60745
0 83145 57 0 1788978396 60977
0 83153 57 0 1788978396 61437
0 83167 65 0 1788978396 62325
0 83172 79 0 1788978396 62686
0 83187 92 0 1788978396 63665
0 83202 73 0 1788978396 64630
0 83207 61 0 1788978396 64968
0 83213 65 0 1788978396 65326
0 83218 93 0 1788978396 65684
0 83245 59 0 1788978396 67389
0 83261 54 0 1788978396 68303
0 83308 72 0 1788978396 71039
0 83313 65 0 1788978396 71387
0 83324 65 0 1788978396 72128
0 83390 77 0 1788978396 76182
0 83396 58 0 1788978396 76552
0 83430 75 0 1788978396 78793
0 83432 66 0 1788978396 78937
0 83433 64 0 1788978396 79005
0 83442 86 0 1788978396 79650
0 83446 77 0 1788978396 79942
0 83484 58 0 1788978396 82278
0 83508 56 0 1788978396 83780
0 83510 57 0 1788978396 83898
0 83517 69 0 1788978396 84390
0 83523 68 0 1788978396 84819
0 83568 58 0 1788978396 87546
0 83627 54 0 1788978396 90891
0 83637 62 0 1788978396 91553
0 83653 67 0 1788978396 92503
0 83674 56 0 1788978396 93896
0 83675 65 0 1788978396 93965
0 83704 72 0 1788978396 96236
0 83712 89 0 1788978396 96913
0 83725 79 0 1788978396 98065
0 83728 79 0 1788978396 98297
0 83738 63 0 1788978396 99008
0 83740 65 0 1788978396 99154
0 83769 52 0 1788978396 100935
0 83776 59 0 1788978396 101337
0 83818 77 0 1788978396 104806
0 83833 83 0 1788978396 106002
0 83836 73 0 1788978396 106270
0 83867 55 0 1788978396 108238
0 83902 79 0 1788978396 110311
0 83958 110 0 1788978396 114383
0 83981 59 0 1788978396 116200
0 83983 57 0 1788978396 116328
0 83992 62 0 1788978396 116967
0 84003 53 0 1788978396 117720
0 84025 74 0 1788978396 119375
0 84026 64 0 1788978396 119443
0 84075 63 0 1788978396 123101
0 84097 69 0 1788978396 124580
0 84139 62 0 1788978396 127435
0 84194 57 0 1788978396 131291
0 84204 62 0 1788978396 131966
0 84224 53 0 1788978396 133136
0 84273 63 0 1788978396 136268
0 84320 62 0 1788978396 139197
0 84339 63 0 1788978396 140352
0 84384 59 0 1788978396 143121
0 84428 62 0 1788978396 145792
0 84436 60 0 1788978396 146286
0 84447 42 0 1788978396 146950
0 84450 47 0 1788978396 147091
0 84502 72 0 1788978396 149961
0 84511 110 0 1788978396 150569
0 84524 54 0 1788978396 151413
0 84527 52 0 1788978396 151578
0 84542 65 0 1788978396 152545
0 84544 63 0 1788978396 152731
0 84558 80 0 1788978396 153670
0 84560 50 0 1788978396 153775
0 84614 60 0 1788978396 157157
0 84637 60 0 1788978396 158495
0 84647 55 0 1788978396 159109
0 84650 55 0 1788978396 159277
0 84660 59 0 1788978396 159965
0 84696 52 0 1788978396 162083
0 84717 55 0 1788978396 163294
0 84720 64 0 1788978396 163475
0 84722 53 0 1788978396 163591
0 84730 55 0 1788978396 164047
0 84821 70 0 1788978396 169473
0 84834 59 0 1788978396 170298
0 84840 66 0 1788978396 170695
0 84848 60 0 1788978396 171231
0 84897 55 0 1788978396 174427
0 84950 58 0 1788978396 177698
0 84968 57 0 1788978396 178753
0 84972 63 0 1788978396 178986
0 84977 64 0 1788978396 179296
0 85002 80 0 1788978396 180921
0 85017 52 0 1788978396 181928
0 85031 59 0 1788978396 182925
0 85059 62 0 1788978396 184556
0 85062 54 0 1788978396 184741
0 85087 64 0 1788978396 186320
0 85112 74 0 1788978396 188106
0 85124 55 0 1788978396 188884
0 85139 74 0 1788978396 189907
0 85179 54 0 1788978396 193036
0 85180 53 0 1788978396 193093
0 85199 55 0 1788978396 194264
0 85204 51 0 1788978396 194540
0 85237 83 0 1788978396 196610
0 85244 83 0 1788978396 197190
0 85260 79 0 1788978396 198505
0 85263 81 0 1788978396 198819
0 85271 56 0 1788978396 199271
0 85285 57 0 1788978396 200118
0 85322 53 0 1788978396 202377
0 85337 58 0 1788978396 203260
0 85353 59 0 1788978396 204309
0 85365 58 0 1788978396 205027
0 85392 64 0 1788978396 206603
0 85414 72 0 1788978396 208087
0 85422 64 0 1788978396 208621
0 85435 67 0 1788978396 209473
0 85527 68 0 1788978396 215203
0 85545 60 0 1788978396 216353
0 85574 55 0 1788978396 218206
0 85603 49 0 1788978396 220010
0 85609 50 0 1788978396 220335
0 85619 58 0 1788978396 220896
0 85647 57 0 1788978396 222439
0 85663 65 0 1788978396 223449
0 85704 65 0 1788978396 226039
0 85734 62 0 1788978396 227904
0 85747 55 0 1788978396 228736
0 85756 57 0 1788978396 229314
0 85760 57 0 1788978396 229579
0 85804 52 0 1788978396 232400
0 85812 73 0 1788978396 232935
0 85819 64 0 1788978396 233338
0 85850 68 0 1788978396 235170
0 85895 66 0 1788978396 238089
0 85917 54 0 1788978396 239444
0 85928 62 0 1788978396 240148
0 85947 57 0 1788978396 241300
0 85956 60 0 1788978396 241864
0 85965 66 0 1788978396 242576
0 85986 67 0 1788978396 243995
0 86032 63 0 1788978396 247216
0 86061 54 0 1788978396 249080
0 86076 66 0 1788978396 250122
0 86107 75 0 1788978396 252455
0 86109 90 0 1788978396 252639
0 86117 64 0 1788978396 253288
0 86130 55 0 1788978396 253999
0 86140 62 0 1788978396 254593
0 86145 53 0 1788978396 254930
0 86149 54 0 1788978396 255147
0 86200 52 0 1788978396 258075
0 86213 61 0 1788978396 258860
0 86228 54 0 1788978396 259890
0 86234 78 0 1788978396 260337
0 86245 57 0 1788978396 261010
0 86271 83 0 1788978396 262985
0 86284 76 0 1788978396 264150
0 86285 64 0 1788978396 264217
0 86301 74 0 1788978396 265488
0 86303 134 0 1788978396 265710
0 86391 66 0 1788978396 271820
0 86400 60 0 1788978396 272406
0 86404 75 0 1788978396 272634
0 86422 60 0 1788978396 273706
0 86439 67 0 1788978396 274676
0 86450 55 0 1788978396 275304
0 86458 59 0 1788978396 275798
0 86468 73 0 1788978396 276572
0 86481 99 0 1788978396 277480
0 86548 55 0 1788978396 282074
0 86570 65 0 1788978396 283533
0 86583 56 0 1788978396 284407
0 86623 56 0 1788978396 286806
0 86638 84 0 1788978396 287768
0 86639 91 0 1788978396 287863
0 86680 53 0 1788978396 290604
0 86683 49 0 1788978396 290800
0 86692 56 0 1788978396 291299
0 86737 57 0 1788978396 293803
0 86749 71 0 1788978396 294530
0 86778 54 0 1788978396 296380
0 86804 61 0 1788978396 298109
0 86813 93 0 1788978396 298695
0 86948 61 0 1788978396 311406
0 86962 64 0 1788978396 312968
0 87017 83 0 1788978396 317177
0 87023 96 0 1788978396 317756
0 87030 77 0 1788978396 318280
0 87032 68 0 1788978396 318443
0 87054 84 0 1788978396 320321
0 87077 76 0 1788978396 322262
0 87082 73 0 1788978396 322589
0 87100 82 0 1788978396 324011
0 87105 63 0 1788978396 324370
0 87109 71 0 1788978396 324638
0 87116 73 0 1788978396 325120
0 87141 64 0 1788978396 326751
0 87168 95 0 1788978396 328693
0 87181 65 0 1788978396 330455
0 87182 63 0 1788978396 330523
0 87200 110 0 1788978396 332147
0 87240 77 0 1788978396 335739
0 87244 83 0 1788978396 336072
0 87283 75 0 1788978396 339296
0 87384 107 0 1788978396 347080
0 87442 59 0 1788978396 351191
0 87456 59 0 1788978396 352121
0 87480 70 0 1788978396 353961
0 87481 93 0 1788978396 354059
0 87556 54 0 1788978396 359141
0 87572 69 0 1788978396 360320
0 87586 78 0 1788978396 361314
0 87599 46 0 1788978396 362195
0 87610 61 0 1788978396 362878
0 87612 69 0 1788978396 363017
0 87614 75 0 1788978396 363183
0 87639 73 0 1788978396 364692
0 87651 54 0 1788978396 365508
0 87652 55 0 1788978396 365567
0 87673 53 0 1788978396 366933
0 87699 55 0 1788978396 368429
0 87708 55 0 1788978396 368964
0 87730 0 0 1788978396 370436
0 87791 54 0 1788978396 374506
0 87814 53 0 1788978396 375903
0 87821 55 0 1788978396 376291
0 87877 68 0 1788978396 379984
0 87882 52 0 1788978396 380283
0 87893 59 0 1788978396 380998
0 87896 62 0 1788978396 381190
0 87916 61 0 1788978396 382387
0 87918 60 0 1788978396 382516
0 87950 58 0 1788978396 384700
0 88004 61 0 1788978396 388026
0 88022 63 0 1788978396 389130
0 88038 63 0 1788978396 390143
0 88040 63 0 1788978396 390275
0 88052 62 0 1788978396 391031
0 88062 82 0 1788978396 391668
0 88132 58 0 1788978396 396098
0 88150 58 0 1788978396 397196
0 88169 59 0 1788978396 398357
0 88180 67 0 1788978396 399037
0 88199 66 0 1788978396 400217
0 88203 58 0 1788978396 400455
0 88241 65 0 1788978396 402933
0 88286 61 0 1788978396 406030
0 88295 61 0 1788978396 406579
0 88306 58 0 1788978396 407292
0 88383 55 0 1788978396 412098
0 88384 56 0 1788978396 412157
0 88397 60 0 1788978396 412970
0 88427 58 0 1788978396 414754
0 88433 58 0 1788978396 415103
0 88510 77 0 1788978396 419915
0 88514 57 0 1788978396 420176
0 88554 81 0 1788978396 423069
0 88599 56 0 1788978396 426156
0 88622 69 0 1788978396 427588
0 88638 96 0 1788978396 428677
0 88645 61 0 1788978396 429112
0 88670 65 0 1788978396 430701
0 88672 54 0 1788978396 430820
0 88674 67 0 1788978396 430950
0 88688 73 0 1788978396 431857
0 88714 71 0 1788978396 433535
0 88724 91 0 1788978396 434285
0 88731 59 0 1788978396 434772
0 88751 62 0 1788978396 436047
0 88754 58 0 1788978396 436242
0 88811 65 0 1788978396 439868
0 88837 85 0 1788978396 442002
0 88846 70 0 1788978396 442736
0 88868 59 0 1788978396 444311
0 88932 55 0 1788978396 448235
0 88977 57 0 1788978396 451257
0 88984 69 0 1788978396 451745
0 88993 68 0 1788978396 452360
0 89033 65 0 1788978396 454975
0 89049 54 0 1788978396 455920
0 89099 76 0 1788978396 459333
0 89104 67 0 1788978396 459706
0 89112 55 0 1788978396 460242
0 89156 59 0 1788978396 463222
0 89175 61 0 1788978396 464392
0 89198 60 0 1788978396 465783
0 89231 58 0 1788978396 467838
0 89247 47 0 1788978396 468760
0 89259 50 0 1788978396 469453
0 89287 70 0 1788978396 471371
0 89293 56 0 1788978396 471801
0 89296 55 0 1788978396 471988
0 89300 65 0 1788978396 472229
0 89306 57 0 1788978396 472590
0 89325 55 0 1788978396 473814
0 89328 58 0 1788978396 473989
0 89359 56 0 1788978396 475848
0 89399 61 0 1788978396 478296
0 89410 68 0 1788978396 479051
0 89434 52 0 1788978396 480560
0 89446 53 0 1788978396 481261
0 89475 52 0 1788978396 482918
0 89483 60 0 1788978396 483356
0 89499 52 0 1788978396 484346
0 89504 64 0 1788978396 484635
0 89509 64 0 1788978396 484989
0 89521 67 0 1788978396 485753
0 89533 0 0 1788978396 486704
0 89547 69 0 1788978396 487743
0 89548 65 0 1788978396 487812
0 89559 57 0 1788978396 488446
0 89571 70 0 1788978396 489163
0 89618 73 0 1788978396 492322
0 89697 60 0 1788978396 497391
0 89720 63 0 1788978396 498784
0 89727 64 0 1788978396 499255
0 89748 53 0 1788978396 500550
0 89784 66 0 1788978396 502652
0 89821 52 0 1788978396 505031
0 89831 76 0 1788978396 505660
0 89893 61 0 1788978396 509329
0 89933 64 0 1788978396 512005
0 89937 65 0 1788978396 512274
0 89950 63 0 1788978396 513205
0 89956 76 0 1788978396 513629
0 90002 55 0 1788978396 516302
0 90018 65 0 1788978396 517342
0 90043 54 0 1788978396 518868
0 90049 101 0 1788978396 519237
0 90087 57 0 1788978396 521743
0 90105 58 0 1788978396 522847
0 90193 50 0 1788978396 527989
0 90230 103 0 1788978396 530280
0 90236 81 0 1788978396 530674
0 90283 85 0 1788978396 533588
0 90300 54 0 1788978396 534793
0 90327 52 0 1788978396 536304
0 90372 53 0 1788978396 539054
0 90417 61 0 1788978396 541787
0 90419 67 0 1788978396 541921
0 90527 64 0 1788978396 548974
0 90544 62 0 1788978396 550071
0 90554 79 0 1788978396 550641
0 90565 63 0 1788978396 551314
0 90589 53 0 1788978396 552799
0 90594 52 0 1788978396 553057
0 90597 56 0 1788978396 553224
0 90656 66 0 1788978396 556844
0 90664 58 0 1788978396 557345
0 90673 60 0 1788978396 557888
0 90681 52 0 1788978396 558344
0 90694 56 0 1788978396 559052
0 90703 63 0 1788978396 559623
0 90712 78 0 1788978396 560257
0 90728 61 0 1788978396 561251
0 90736 55 0 1788978396 561858
0 90754 56 0 1788978396 563173
0 90765 59 0 1788978396 563872
0 90815 63 0 1788978396 567156
0 90856 57 0 1788978396 570226
0 90857 56 0 1788978396 570284
0 90867 56 0 1788978396 570863
0 90882 66 0 1788978396 571827
0 90885 77 0 1788978396 572044
0 90910 74 0 1788978396 573750
0 90935 84 0 1788978396 575640
0 91023 64 0 1788978396 581221
0 91039 57 0 1788978396 582207
0 91104 104 0 1788978396 586066
0 91119 69 0 1788978396 587012
0 91120 69 0 1788978396 587084
0 91142 55 0 1788978396 588476
0 91146 65 0 1788978396 588752
0 91171 56 0 1788978396 590243
0 91188 63 0 1788978396 591270
0 91268 64 0 1788978396 596288
0 91321 64 0 1788978396 599577
0 91383 51 0 1788978396 603385
0 91414 56 0 1788978396 605244
0 91455 62 0 1788978396 607835
0 91476 64 0 1788978396 609489
0 91523 70 0 1788978396 613149
0 91534 88 0 1788978396 614782
0 91553 60 0 1788978396 616479
0 91563 100 0 1788978396 617168
0 91571 61 0 1788978396 617801
0 91577 80 0 1788978396 618224
0 91593 62 0 1788978396 619323
0 91594 65 0 1788978396 619393
0 91606 111 0 1788978396 620217
0 91607 71 0 1788978396 620293
0 91633 60 0 1788978396 622160
0 91648 57 0 1788978396 623137
0 91659 60 0 1788978396 623906
0 91702 80 0 1788978396 627066
0 91792 74 0 1788978396 633349
0 91805 66 0 1788978396 634254
0 91810 75 0 1788978396 634625
0 91811 83 0 1788978396 634713
0 91827 64 0 1788978396 635943
0 91832 54 0 1788978396 636259
0 91860 65 0 1788978396 638316
0 91867 61 0 1788978396 638805
0 91872 90 0 1788978396 639171
0 91883 71 0 1788978396 640155
0 91892 64 0 1788978396 640767
0 91897 54 0 1788978396 641067
0 91916 71 0 1788978396 642389
0 91928 61 0 1788978396 643324
0 91929 68 0 1788978396 643397
0 91932 59 0 1788978396 643584
0 91933 73 0 1788978396 643660
0 91937 56 0 1788978396 643882
0 91953 60 0 1788978396 644733
0 91961 52 0 1788978396 645175
0 91963 59 0 1788978396 645286
0 91971 53 0 1788978396 645751
0 91975 62 0 1788978396 645984
0 91979 75 0 1788978396 646242
0 91981 69 0 1788978396 646393
0 91993 62 0 1788978396 647289
0 92003 58 0 1788978396 647898
0 92005 68 0 1788978396 648031
0 92006 70 0 1788978396 648106
0 92089 77 0 1788978396 654302
0 92171 58 0 1788978396 660218
0 92177 83 0 1788978396 660646
0 92201 66 0 1788978396 662367
0 92238 58 0 1788978396 664830
0 92297 99 0 1788978396 668673
0 92328 53 0 1788978396 670767
0 92358 59 0 1788978396 672779
0 92366 60 0 1788978396 673257
0 92402 76 0 1788978396 676185
0 92432 64 0 1788978396 678263
0 92449 70 0 1788978396 679397
0 92452 66 0 1788978396 679589
0 92465 82 0 1788978396 680501
0 92498 68 0 1788978396 682543
0 92516 63 0 1788978396 683717
0 92542 59 0 1788978396 685226
0 92560 48 0 1788978396 686344
0 92561 49 0 1788978396 686396
0 92570 66 0 1788978396 686960
0 92678 66 0 1788978396 694331
0 92681 58 0 1788978396 694568
0 92685 57 0 1788978396 694830
0 92689 54 0 1788978396 695045
0 92705 56 0 1788978396 696046
0 92708 50 0 1788978396 696208
0 92712 53 0 1788978396 696426
0 92725 63 0 1788978396 697232
0 92753 54 0 1788978396 699063
0 92798 62 0 1788978396 701970
0 92811 73 0 1788978396 702781
0 92817 63 0 1788978396 703180
0 92867 69 0 1788978396 706401
0 92874 62 0 1788978396 706860
0 92882 53 0 1788978396 707375
0 92896 64 0 1788978396 708241
0 92901 76 0 1788978396 708596
0 92932 68 0 1788978396 711023
0 92948 66 0 1788978396 712295
0 92965 68 0 1788978396 713462
0 92971 59 0 1788978396 713878
0 92975 65 0 1788978396 714137
0 92983 99 0 1788978396 714679
0 93057 60 0 1788978396 719537
0 93068 60 0 1788978396 720222
0 93116 51 0 1788978396 723355
0 93121 85 0 1788978396 723674
0 93155 60 0 1788978396 725909
0 93184 86 0 1788978396 727776
0 93205 62 0 1788978396 729177
0 93236 59 0 1788978396 731283
0 93248 69 0 1788978396 732084
0 93256 58 0 1788978396 732609
0 93280 64 0 1788978396 734220
0 93282 74 0 1788978396 734360
0 93291 64 0 1788978396 734916
0 93297 72 0 1788978396 735317
0 93367 43 0 1788978396 739547
0 93372 66 0 1788978396 739851
0 93376 62 0 1788978396 740119
0 93394 54 0 1788978396 741186
0 93460 62 0 1788978396 746231
0 93539 66 0 1788978396 751630
0 93550 55 0 1788978396 752305
0 93552 57 0 1788978396 752422
0 93580 57 0 1788978396 754253
0 93588 64 0 1788978396 754795
0 93598 59 0 1788978396 755408
0 93620 53 0 1788978396 756745
0 93629 67 0 1788978396 757411
0 93704 51 0 1788978396 763058
0 93706 57 0 1788978396 763181
0 93709 57 0 1788978396 763351
0 93724 55 0 1788978396 764249
0 93732 67 0 1788978396 764718
0 93754 56 0 1788978396 766099
0 93782 58 0 1788978396 767927
0 93785 62 0 1788978396 768110
0 93876 53 0 1788978396 773953
0 93886 58 0 1788978396 774536
0 93913 56 0 1788978396 776257
0 93925 65 0 1788978396 777040
0 93936 69 0 1788978396 777769
0 93938 61 0 1788978396 777896
0 93957 56 0 1788978396 779070
0 93959 70 0 1788978396 779198
0 93968 77 0 1788978396 779762
0 94061 58 0 1788978396 785961
0 94107 65 0 1788978396 789021
0 94123 56 0 1788978396 790016
0 94163 56 0 1788978396 792400
0 94180 56 0 1788978396 793356
0 94219 62 0 1788978396 795749
0 94236 60 0 1788978396 796867
0 94247 61 0 1788978396 797529
0 94280 57 0 1788978396 799558
0 94295 83 0 1788978396 800659
0 94321 65 0 1788978396 802202
0 94337 84 0 1788978396 803286
0 94353 59 0 1788978396 804328
0 94369 103 0 1788978396 805368
0 94400 92 0 1788978396 807777
0 94404 85 0 1788978396 808117
0 94422 64 0 1788978396 809483
0 94480 55 0 1788978396 813451
0 94550 51 0 1788978396 817956
0 94559 56 0 1788978396 818443
0 94571 72 0 1788978396 819193
0 94599 55 0 1788978396 821026
0 94600 56 0 1788978396 821083
0 94645 57 0 1788978396 823871
0 94653 57 0 1788978396 824335
0 94654 58 0 1788978396 824395
0 94657 60 0 1788978396 824572
0 94690 88 0 1788978396 826660
0 94697 63 0 1788978396 827092
0 94719 64 0 1788978396 828431
0 94725 62 0 1788978396 828831
0 94750 67 0 1788978396 830460
0 94776 57 0 1788978396 832046
0 94792 56 0 1788978396 833018
0 94797 64 0 1788978396 833320
0 94805 56 0 1788978396 833843
0 94834 62 0 1788978396 835576
0 94841 58 0 1788978396 836026
0 94866 82 0 1788978396 837781
0 94874 86 0 1788978396 838469
0 94885 64 0 1788978396 839319
0 94897 77 0 1788978396 840199
0 94904 79 0 1788978396 840800
0 94916 62 0 1788978396 841569
0 94966 54 0 1788978396 844888
0 94989 70 0 1788978396 846373
0 95013 57 0 1788978396 848001
0 95015 56 0 1788978396 848118
0 95031 56 0 1788978396 849070
0 95052 82 0 1788978396 850446
0 95053 78 0 1788978396 850528
0 95097 71 0 1788978396 854109
0 95098 71 0 1788978396 854185
0 95112 57 0 1788978396 855178
0 95126 55 0 1788978396 856123
0 95173 65 0 1788978396 860261
0 95180 100 0 1788978396 860918
0 95182 0 0 1788978396 861102
0 95210 81 0 1788978396 863268
0 95226 111 0 1788978396 864714
0 95227 81 0 1788978396 864800
0 95237 95 0 1788978396 865655
0 95252 77 0 1788978396 866895
0 95277 83 0 1788978396 869233
0 95298 82 0 1788978396 871089
0 95316 126 0 1788978396 872811
0 95341 65 0 1788978396 874861
0 95353 0 0 1788978396 875843
0 95365 84 0 1788978396 876831
0 95378 77 0 1788978396 877855
0 95379 68 0 1788978396 877927
0 95467 87 0 1788978396 883785
0 95472 62 0 1788978396 884107
0 95486 64 0 1788978396 885020
0 95498 63 0 1788978396 885811
0 95503 69 0 1788978396 886152
0 95520 63 0 1788978396 887285
0 95522 63 0 1788978396 887412
0 95524 65 0 1788978396 887544
0 95543 52 0 1788978396 888826
0 95588 64 0 1788978396 892137
0 95615 66 0 1788978396 894066
0 95616 66 0 1788978396 894136
0 95619 68 0 1788978396 894363
0 95630 70 0 1788978396 895187
0 95636 59 0 1788978396 895565
0 95646 67 0 1788978396 896297
0 95652 67 0 1788978396 896720
0 95658 66 0 1788978396 897093
0 95660 63 0 1788978396 897226
0 95676 64 0 1788978396 898269
0 95688 67 0 1788978396 899195
0 95692 66 0 1788978396 899469
0 95712 67 0 1788978396 900843
0 95715 70 0 1788978396 901061
0 95744 61 0 1788978396 903153
0 95795 103 0 1788978396 906644
0 95845 60 0 1788978396 910349
0 95855 77 0 1788978396 911029
0 95866 59 0 1788978396 911715
0 95886 71 0 1788978396 913102
0 95935 67 0 1788978396 916288
0 95943 72 0 1788978396 916859
0 95954 76 0 1788978396 917662
0 95957 112 0 1788978396 917952
0 95961 73 0 1788978396 918298
0 95972 73 0 1788978396 919008
0 95991 67 0 1788978396 920252
0 95993 71 0 1788978396 920400
0 96028 82 0 1788978396 922657
0 96048 70 0 1788978396 923896
0 96063 65 0 1788978396 924952
0 96066 60 0 1788978396 925134
0 96082 68 0 1788978396 926091
0 96114 83 0 1788978396 928453
0 96120 62 0 1788978396 928881
0 96136 73 0 1788978396 930099
0 96201 60 0 1788978396 934885
0 96230 59 0 1788978396 936803
0 96246 65 0 1788978396 937866
0 96256 66 0 1788978396 938776
0 96273 54 0 1788978396 939910
0 96291 57 0 1788978396 940974
0 96306 78 0 1788978396 941993
0 96309 81 0 1788978396 942217
0 96358 66 0 1788978396 945310
0 96369 64 0 1788978396 946039
0 96387 66 0 1788978396 947297
0 96403 66 0 1788978396 948387
0 96413 62 0 1788978396 949030
0 96426 57 0 1788978396 949823
0 96502 66 0 1788978396 955334
0 96538 69 0 1788978396 958065
0 96543 61 0 1788978396 958409
0 96556 63 0 1788978396 959358
0 96569 56 0 1788978396 960352
0 96579 54 0 1788978396 960945
0 96590 63 0 1788978396 961598
0 96614 59 0 1788978396 963166
0 96639 63 0 1788978396 964654
0 96666 59 0 1788978396 966244
0 96684 56 0 1788978396 967414
0 96699 57 0 1788978396 968338
0 96702 60 0 1788978396 968519
0 96721 63 0 1788978396 969824
0 96729 58 0 1788978396 970342
0 96742 59 0 1788978396 971123
0 96747 57 0 1788978396 971424
0 96751 66 0 1788978396 971714
0 96790 67 0 1788978396 974305
0 96798 68 0 1788978396 974873
0 96815 66 0 1788978396 976092
0 96827 55 0 1788978396 976783
0 96847 63 0 1788978396 977947
0 96870 69 0 1788978396 979542
0 96897 74 0 1788978396 981594
0 96902 65 0 1788978396 981939
0 96916 56 0 1788978396 982796
0 96930 73 0 1788978396 983830
0 96955 94 0 1788978396 985639
0 96967 78 0 1788978396 986800
0 96973 71 0 1788978396 987359
0 96978 70 0 1788978396 987734
0 96992 60 0 1788978396 988587
0 96999 57 0 1788978396 989072
0 97000 68 0 1788978396 989142
0 97082 57 0 1788978396 994515
0 97122 66 0 1788978396 997716
0 97143 52 0 1788978396 999047
0 97152 55 0 1788978396 999582
0 97176 62 0 1788978397 1154
0 97177 60 0 1788978397 1216
0 97179 59 0 1788978397 1336
0 97181 72 0 1788978397 1475
0 97197 93 0 1788978397 2873
0 97209 0 0 1788978397 4233
0 97222 69 0 1788978397 5257
0 97225 72 0 1788978397 5461
0 97232 65 0 1788978397 6120
0 97248 69 0 1788978397 7429
0 97262 116 0 1788978397 8685
0 97276 76 0 1788978397 9926
0 97300 62 0 1788978397 11915
0 97334 57 0 1788978397 14442
0 97418 105 0 1788978397 20701
0 97423 77 0 1788978397 21079
0 97458 84 0 1788978397 23862
0 97501 98 0 1788978397 27246
0 97515 93 0 1788978397 28295
0 97565 112 0 1788978397 32419
0 97566 82 0 1788978397 32506
0 97587 61 0 1788978397 34184
0 97607 67 0 1788978397 35877
0 97672 66 0 1788978397 41466
0 97673 69 0 1788978397 41542
0 97688 127 0 1788978397 42737
0 97738 66 0 1788978397 46319
0 97739 74 0 1788978397 46398
0 97806 65 0 1788978397 51593
0 97815 67 0 1788978397 52331
0 97846 85 0 1788978397 54688
0 97875 60 0 1788978397 56846
0 97879 65 0 1788978397 57105
0 97902 67 0 1788978397 58716
0 97947 58 0 1788978397 61979
0 97954 72 0 1788978397 62443
0 98038 91 0 1788978397 68025
0 98052 74 0 1788978397 69044
0 98057 76 0 1788978397 69401
0 98059 66 0 1788978397 69544
0 98073 55 0 1788978397 70357
0 98075 80 0 1788978397 70512
0 98081 67 0 1788978397 71045
0 98131 91 0 1788978397 75120
0 98152 90 0 1788978397 77109
0 98159 86 0 1788978397 77808
0 98193 71 0 1788978397 80893
0 98241 83 0 1788978397 84518
0 98250 70 0 1788978397 85228
0 98261 83 0 1788978397 86182
0 98283 77 0 1788978397 87953
0 98311 58 0 1788978397 90434
0 98332 135 0 1788978397 92190
0 98373 82 0 1788978397 95463
0 98374 73 0 1788978397 95539
0 98387 67 0 1788978397 96557
0 98397 78 0 1788978397 97357
0 98410 67 0 1788978397 98296
0 98436 74 0 1788978397 100249
0 98446 81 0 1788978397 101024
0 98460 57 0 1788978397 101906
0 98493 74 0 1788978397 104526
0 98496 65 0 1788978397 104729
0 98528 63 0 1788978397 106914
0 98562 81 0 1788978397 109400
0 98568 94 0 1788978397 109985
0 98608 71 0 1788978397 113031
0 98680 96 0 1788978397 118706
0 98690 86 0 1788978397 119587
0 98696 64 0 1788978397 119993
0 98716 63 0 1788978397 121273
0 98718 64 0 1788978397 121412
0 98719 65 0 1788978397 121479
0 98747 56 0 1788978397 123508
0 98752 59 0 1788978397 123812
0 98763 68 0 1788978397 124505
0 98864 60 0 1788978397 131262
0 98869 53 0 1788978397 131545
0 98908 77 0 1788978397 134092
0 98945 74 0 1788978397 136579
0 98971 68 0 1788978397 138288
0 98982 60 0 1788978397 138982
0 99007 62 0 1788978397 140588
0 99016 64 0 1788978397 141206
0 99062 60 0 1788978397 144281
0 99141 64 0 1788978397 149776
0 99155 90 0 1788978397 150743
0 99156 81 0 1788978397 150829
0 99247 62 0 1788978397 157417
0 99315 83 0 1788978397 162304
0 99317 79 0 1788978397 162468
0 99371 88 0 1788978397 166122
0 99384 67 0 1788978397 166970
0 99388 56 0 1788978397 167216
0 99418 70 0 1788978397 169289
0 99423 99 0 1788978397 169657
0 99448 84 0 1788978397 171620
0 99494 65 0 1788978397 175523
0 99570 72 0 1788978397 184969
0 99573 61 0 1788978397 185219
0 99588 81 0 1788978397 186477
0 99608 81 0 1788978397 188366
0 99629 81 0 1788978397 190278
0 99636 89 0 1788978397 190933
0 99666 52 0 1788978397 193089
0 99673 66 0 1788978397 193548
0 99683 70 0 1788978397 194263
0 99720 66 0 1788978397 197070
0 99744 60 0 1788978397 198969
0 99761 56 0 1788978397 200076
0 99776 74 0 1788978397 201183
0 99780 70 0 1788978397 201486
0 99830 60 0 1788978397 205074
0 99841 61 0 1788978397 205822
0 99843 61 0 1788978397 205947
0 99949 57 0 1788978397 213124
0 99954 69 0 1788978397 213466
0 99975 73 0 1788978397 215811
0 99986 95 0 1788978397 216669
0 100000 85 0 1788978397 217673
0 100012 64 0 1788978397 218510
0 100050 60 0 1788978397 220993
0 100075 69 0 1788978397 222594
0 100079 72 0 1788978397 222906
0 100101 60 0 1788978397 224410
0 100114 81 0 1788978397 225273
0 100140 66 0 1788978397 227143
0 100207 71 0 1788978397 231384
0 100234 70 0 1788978397 233346
0 100239 73 0 1788978397 233666
0 100270 71 0 1788978397 235769
0 100295 64 0 1788978397 237436
0 100330 52 0 1788978397 239739
0 100378 74 0 1788978397 242998
0 100380 60 0 1788978397 243122
0 100422 0 0 1788978397 245999
0 100520 97 0 1788978397 253454
0 100535 66 0 1788978397 254468
0 100555 65 0 1788978397 255725
0 100568 101 0 1788978397 256654
0 100570 63 0 1788978397 256812
0 100598 75 0 1788978397 258551
0 100611 78 0 1788978397 259741
0 100632 83 0 1788978397 261308
0 100642 76 0 1788978397 262013
0 100644 67 0 1788978397 262147
0 100655 120 0 1788978397 263096
0 100673 70 0 1788978397 264640
0 100682 82 0 1788978397 265342
0 100715 76 0 1788978397 267925
0 100734 66 0 1788978397 269188
0 100746 63 0 1788978397 269993
0 100765 68 0 1788978397 271238
0 100786 56 0 1788978397 272537
0 100795 59 0 1788978397 273090
0 100805 66 0 1788978397 273759
0 100825 57 0 1788978397 274965
0 100886 58 0 1788978397 278914
0 100891 72 0 1788978397 279261
0 100892 74 0 1788978397 279338
0 100907 85 0 1788978397 280483
0 100923 68 0 1788978397 281602
0 100934 70 0 1788978397 282311
0 101013 74 0 1788978397 288097
0 101040 78 0 1788978397 290052
0 101041 81 0 1788978397 290135
0 101064 63 0 1788978397 291620
0 101090 70 0 1788978397 293368
0 101157 63 0 1788978397 297870
0 101161 56 0 1788978397 298103
0 101189 68 0 1788978397 300047
0 101235 55 0 1788978397 303150
0 101256 70 0 1788978397 304697
0 101258 93 0 1788978397 304869
0 101280 61 0 1788978397 306402
0 101285 61 0 1788978397 306739
0 101305 62 0 1788978397 307995
0 101350 57 0 1788978397 310735
0 101352 56 0 1788978397 310852
0 101355 56 0 1788978397 311025
0 101356 57 0 1788978397 311084
0 101362 56 0 1788978397 311426
0 101380 56 0 1788978397 312468
0 101384 71 0 1788978397 312782
0 101391 69 0 1788978397 313324
0 101429 61 0 1788978397 316343
0 101449 63 0 1788978397 318550
0 101474 77 0 1788978397 320569
0 101521 57 0 1788978397 323904
0 101524 60 0 1788978397 324086
0 101526 55 0 1788978397 324201
0 101531 66 0 1788978397 324540
0 101542 56 0 1788978397 325350
0 101561 82 0 1788978397 326650
0 101607 66 0 1788978397 330094
0 101648 78 0 1788978397 333408
0 101676 71 0 1788978397 335898
0 101677 92 0 1788978397 335994
0 101695 80 0 1788978397 337533
0 101723 95 0 1788978397 339738
0 101732 63 0 1788978397 340333
0 101788 68 0 1788978397 344256
0 101823 55 0 1788978397 346609
0 101841 66 0 1788978397 347907
0 101854 88 0 1788978397 348817
0 101855 74 0 1788978397 348893
0 101859 68 0 1788978397 349177
0 101867 66 0 1788978397 349774
0 101900 65 0 1788978397 351840
0 101908 59 0 1788978397 352348
0 101911 61 0 1788978397 352543
0 101917 79 0 1788978397 353104
0 101920 74 0 1788978397 353334
0 101941 58 0 1788978397 354890
0 101950 54 0 1788978397 355424
0 101961 68 0 1788978397 356141
0 101975 0 0 1788978397 357198
0 101984 56 0 1788978397 357893
0 101993 66 0 1788978397 358486
0 102005 74 0 1788978397 359372
0 102038 67 0 1788978397 361545
0 102061 125 0 1788978397 363120
0 102070 60 0 1788978397 363745
0 102085 81 0 1788978397 364675
0 102105 59 0 1788978397 365928
0 102118 67 0 1788978397 366796
0 102120 57 0 1788978397 366917
0 102136 55 0 1788978397 367930
0 102138 55 0 1788978397 368046
0 102145 59 0 1788978397 368441
0 102150 64 0 1788978397 368741
0 102154 62 0 1788978397 369001
0 102211 57 0 1788978397 372503
0 102232 65 0 1788978397 373814
0 102261 62 0 1788978397 375722
0 102263 58 0 1788978397 375842
0 102332 54 0 1788978397 380017
0 102338 70 0 1788978397 380425
0 102358 64 0 1788978397 381771
0 102380 56 0 1788978397 383106
0 102411 56 0 1788978397 385134
0 102421 64 0 1788978397 385728
0 102438 56 0 1788978397 386889
0 102443 66 0 1788978397 387191
0 102489 84 0 1788978397 390250
0 102542 73 0 1788978397 393645
0 102579 56 0 1788978397 395914
0 102584 56 0 1788978397 396199
0 102623 65 0 1788978397 398552
0 102635 61 0 1788978397 399340
0 102653 72 0 1788978397 400510
0 102670 68 0 1788978397 401658
0 102714 101 0 1788978397 404707
0 102716 65 0 1788978397 404851
0 102740 66 0 1788978397 406420
0 102748 63 0 1788978397 406962
0 102771 65 0 1788978397 408887
0 102776 65 0 1788978397 409303
0 102787 88 0 1788978397 410205
0 102790 80 0 1788978397 410456
0 102811 76 0 1788978397 412142
0 102822 91 0 1788978397 413088
0 102843 58 0 1788978397 414607
0 102849 59 0 1788978397 415000
0 102871 67 0 1788978397 416337
0 102879 80 0 1788978397 416909
0 102893 85 0 1788978397 418099
0 102902 79 0 1788978397 418877
0 102917 74 0 1788978397 420129
0 102926 52 0 1788978397 420760
0 102939 63 0 1788978397 421559
0 102944 89 0 1788978397 421948
0 102967 81 0 1788978397 424201
0 103018 107 0 1788978397 428819
0 103048 61 0 1788978397 430875
0 103078 71 0 1788978397 432938
0 103087 100 0 1788978397 433646
0 103101 59 0 1788978397 434728
0 103165 67 0 1788978397 439090
0 103171 71 0 1788978397 439695
0 103184 147 0 1788978397 440911
0 103189 66 0 1788978397 441320
0 103210 71 0 1788978397 442936
0 103237 0 0 1788978397 445096
0 103242 80 0 1788978397 445474
0 103255 81 0 1788978397 446538
0 103275 85 0 1788978397 448270
0 103276 0 0 1788978397 448372
0 103310 75 0 1788978397 451250
0 103319 83 0 1788978397 452752
0 103342 73 0 1788978397 454493
0 103344 96 0 1788978397 454667
0 103365 74 0 1788978397 456297
0 103381 93 0 1788978397 457531
0 103387 77 0 1788978397 458014
0 103399 77 0 1788978397 458951
0 103418 76 0 1788978397 460403
0 103420 75 0 1788978397 460561
0 103442 78 0 1788978397 462363
0 103480 70 0 1788978397 465564
0 103498 90 0 1788978397 467134
0 103529 75 0 1788978397 469592
0 103542 106 0 1788978397 470675
0 103547 59 0 1788978397 471015
0 103576 110 0 1788978397 473302
0 103595 83 0 1788978397 475015
0 103621 76 0 1788978397 477175
0 103653 76 0 1788978397 479815
0 103659 100 0 1788978397 480292
0 103671 65 0 1788978397 481142
0 103698 63 0 1788978397 483029
0 103713 90 0 1788978397 484112
0 103761 73 0 1788978397 487736
0 103764 87 0 1788978397 487991
0 103775 68 0 1788978397 489074
0 103804 87 0 1788978397 491268
0 103814 74 0 1788978397 492099
0 103838 73 0 1788978397 494084
0 103848 88 0 1788978397 494916
0 103855 72 0 1788978397 495474
0 103866 96 0 1788978397 496362
0 103886 0 0 1788978397 498151
0 103924 73 0 1788978397 501222
0 103938 58 0 1788978397 502308
0 103946 61 0 1788978397 502864
0 103975 100 0 1788978397 505172
0 103993 81 0 1788978397 506602
0 103995 78 0 1788978397 506778
0 104062 84 0 1788978397 512916
0 104069 85 0 1788978397 513724
0 104080 117 0 1788978397 514689
0 104082 103 0 1788978397 514881
0 104152 82 0 1788978397 520651
0 104164 65 0 1788978397 521535
0 104171 70 0 1788978397 522062
0 104189 67 0 1788978397 523431
0 104195 56 0 1788978397 523852
0 104234 72 0 1788978397 526592
0 104237 67 0 1788978397 526843
0 104240 68 0 1788978397 527043
0 104277 67 0 1788978397 529574
0 104283 68 0 1788978397 530024
0 104307 66 0 1788978397 531635
0 104309 64 0 1788978397 531778
0 104352 71 0 1788978397 534742
0 104387 78 0 1788978397 537138
0 104391 66 0 1788978397 537418
0 104393 60 0 1788978397 537540
0 104451 103 0 1788978397 541651
0 104465 78 0 1788978397 542738
0 104472 68 0 1788978397 543238
0 104491 69 0 1788978397 544628
0 104517 60 0 1788978397 547237
0 104520 79 0 1788978397 547481
0 104521 78 0 1788978397 547563
0 104539 68 0 1788978397 549039
0 104548 61 0 1788978397 549730
0 104550 56 0 1788978397 549848
0 104568 60 0 1788978397 551001
0 104571 69 0 1788978397 551210
0 104572 78 0 1788978397 551292
0 104586 81 0 1788978397 552310
0 104597 69 0 1788978397 553139
0 104624 73 0 1788978397 554923
0 104630 53 0 1788978397 555311
0 104661 64 0 1788978397 557352
0 104698 61 0 1788978397 560054
0 104706 57 0 1788978397 560529
0 104739 78 0 1788978397 562680
0 104747 61 0 1788978397 563217
0 104752 72 0 1788978397 563536
0 104757 109 0 1788978397 563897
0 104764 69 0 1788978397 564412
0 104779 77 0 1788978397 565454
0 104789 83 0 1788978397 566153
0 104807 70 0 1788978397 567415
0 104816 74 0 1788978397 568041
0 104818 63 0 1788978397 568176
0 104828 64 0 1788978397 568837
0 104851 64 0 1788978397 570309
0 104855 63 0 1788978397 570563
0 104863 84 0 1788978397 571229
0 104898 52 0 1788978397 574742
0 104907 88 0 1788978397 575460
0 104959 73 0 1788978397 579618
0 104961 67 0 1788978397 579759
0 104976 62 0 1788978397 580758
0 104985 79 0 1788978397 581291
0 104991 93 0 1788978397 581693
0 105035 58 0 1788978397 584596
0 105059 71 0 1788978397 586144
0 105092 68 0 1788978397 588454
0 105137 71 0 1788978397 592183
0 105178 69 0 1788978397 596236
0 105219 67 0 1788978397 599359
0 105223 75 0 1788978397 599648
0 105231 71 0 1788978397 600184
0 105247 74 0 1788978397 601372
0 105322 74 0 1788978397 606939
0 105329 89 0 1788978397 607400
0 105345 83 0 1788978397 608765
0 105369 67 0 1788978397 610895
0 105379 0 0 1788978397 612178
0 105432 68 0 1788978397 616732
0 105448 83 0 1788978397 618152
0 105481 63 0 1788978397 620478
0 105503 62 0 1788978397 621906
0 105505 73 0 1788978397 622050
0 105511 73 0 1788978397 622480
0 105523 63 0 1788978397 623294
0 105569 60 0 1788978397 626231
0 105575 61 0 1788978397 626587
0 105618 72 0 1788978397 629498
0 105628 82 0 1788978397 630402
0 105639 70 0 1788978397 631357
0 105646 58 0 1788978397 631801
0 105657 65 0 1788978397 632477
0 105659 69 0 1788978397 632650
0 105701 60 0 1788978397 635297
0 105709 100 0 1788978397 635873
0 105755 75 0 1788978397 639159
0 105756 62 0 1788978397 639223
0 105773 62 0 1788978397 640424
0 105777 75 0 1788978397 640695
0 105793 69 0 1788978397 641668
0 105856 79 0 1788978397 646476
0 105927 103 0 1788978397 651543
0 105942 68 0 1788978397 652763
0 105952 59 0 1788978397 653428
0 105971 67 0 1788978397 654787
0 105972 64 0 1788978397 654854
0 106007 70 0 1788978397 657403
0 106013 75 0 1788978397 658339
0 106018 100 0 1788978397 658817
0 106033 77 0 1788978397 659831
0 106039 72 0 1788978397 660280
0 106133 58 0 1788978397 667044
0 106173 89 0 1788978397 669683
0 106174 81 0 1788978397 669768
0 106192 62 0 1788978397 671053
0 106198 52 0 1788978397 671449
0 106221 84 0 1788978397 673894
0 106246 71 0 1788978397 675957
0 106282 78 0 1788978397 679343
0 106287 88 0 1788978397 679810
0 106291 77 0 1788978397 680064
0 106294 57 0 1788978397 680265
0 106321 66 0 1788978397 681988
0 106342 68 0 1788978397 683403
0 106345 61 0 1788978397 683597
0 106352 62 0 1788978397 684040
0 106361 79 0 1788978397 684801
0 106367 85 0 1788978397 685348
0 106417 62 0 1788978397 688710
0 106434 69 0 1788978397 689817
0 106443 61 0 1788978397 690407
0 106478 68 0 1788978397 693172
0 106506 73 0 1788978397 695081
0 106517 66 0 1788978397 695811
0 106535 67 0 1788978397 697051
0 106538 71 0 1788978397 697273
0 106579 72 0 1788978397 700030
0 106605 67 0 1788978397 701869
0 106608 69 0 1788978397 702091
0 106619 71 0 1788978397 702813
0 106636 83 0 1788978397 704252
0 106726 59 0 1788978397 711476
0 106734 75 0 1788978397 712093
0 106735 67 0 1788978397 712165
0 106740 66 0 1788978397 712516
0 106784 80 0 1788978397 715865
0 106786 69 0 1788978397 716059
0 106794 92 0 1788978397 716814
0 106816 102 0 1788978397 718685
0 106818 62 0 1788978397 718817
0 106831 79 0 1788978397 719882
0 106869 70 0 1788978397 722731
0 106874 86 0 1788978397 723184
0 106875 81 0 1788978397 723270
0 106928 76 0 1788978397 727235
0 106931 107 0 1788978397 727501
0 106944 68 0 1788978397 728542
0 106952 58 0 1788978397 729109
0 106953 64 0 1788978397 729176
0 106968 83 0 1788978397 730331
0 106977 93 0 1788978397 731751
0 107022 58 0 1788978397 734978
0 107059 79 0 1788978397 737605
0 107141 86 0 1788978397 744555
0 107169 63 0 1788978397 746882
0 107188 79 0 1788978397 748268
0 107201 79 0 1788978397 749223
0 107247 89 0 1788978397 752870
0 107252 85 0 1788978397 753239
0 107281 109 0 1788978397 755676
0 107325 71 0 1788978397 759435
0 107330 79 0 1788978397 759942
0 107331 70 0 1788978397 760014
0 107343 72 0 1788978397 761007
0 107360 70 0 1788978397 762160
0 107463 64 0 1788978397 769314
0 107486 95 0 1788978397 770864
0 107520 62 0 1788978397 773172
0 107535 59 0 1788978397 774201
0 107539 63 0 1788978397 774465
0 107559 76 0 1788978397 776103
0 107570 80 0 1788978397 776918
0 107584 69 0 1788978397 777888
0 107591 99 0 1788978397 778456
0 107600 64 0 1788978397 779041
0 107602 70 0 1788978397 779204
0 107670 72 0 1788978397 784015
0 107687 63 0 1788978397 785147
0 107706 68 0 1788978397 786396
0 107739 64 0 1788978397 788790
0 107746 67 0 1788978397 789310
0 107787 60 0 1788978397 792516
0 107816 65 0 1788978397 794479
0 107848 76 0 1788978397 796816
0 107858 63 0 1788978397 797449
0 107873 60 0 1788978397 798484
0 107891 62 0 1788978397 799880
0 107900 56 0 1788978397 800462
0 107905 65 0 1788978397 800803
0 107920 71 0 1788978397 801828
0 107922 72 0 1788978397 801978
0 107954 66 0 1788978397 804267
0 107971 75 0 1788978397 805457
0 107998 60 0 1788978397 807343
0 108009 59 0 1788978397 808040
0 108014 66 0 1788978397 808396
0 108015 65 0 1788978397 808463
0 108037 65 0 1788978397 809981
0 108080 67 0 1788978397 813346
0 108083 68 0 1788978397 813585
0 108089 79 0 1788978397 814085
0 108108 64 0 1788978397 815449
0 108119 64 0 1788978397 816167
0 108130 59 0 1788978397 816865
0 108221 66 0 1788978397 823222
0 108295 85 0 1788978397 828086
0 108305 78 0 1788978397 828817
0 108353 60 0 1788978397 832174
0 108360 75 0 1788978397 832658
0 108390 59 0 1788978397 834500
0 108402 59 0 1788978397 835274
0 108457 69 0 1788978397 839026
0 108460 66 0 1788978397 839234
0 108470 59 0 1788978397 839846
0 108479 62 0 1788978397 840383
0 108491 57 0 1788978397 841167
0 108493 57 0 1788978397 841286
0 108508 63 0 1788978397 842386
0 108530 82 0 1788978397 844277
0 108531 65 0 1788978397 844347
0 108540 87 0 1788978397 845056
0 108549 90 0 1788978397 845782
0 108565 60 0 1788978397 847166
0 108571 77 0 1788978397 847605
0 108583 58 0 1788978397 848515
0 108610 71 0 1788978397 850360
0 108633 70 0 1788978397 852017
0 108642 75 0 1788978397 852751
0 108716 73 0 1788978397 858288
0 108718 89 0 1788978397 858464
0 108742 83 0 1788978397 860476
0 108781 79 0 1788978397 863928
0 108805 77 0 1788978397 870877
0 108826 86 0 1788978397 872658
0 108854 77 0 1788978397 875171
0 108865 0 0 1788978397 876349
0 108881 66 0 1788978397 881921
0 108885 93 0 1788978397 882288
0 108952 76 0 1788978397 888367
0 109034 63 0 1788978397 893953
0 109036 63 0 1788978397 894086
0 109053 58 0 1788978397 895306
0 109066 68 0 1788978397 896243
0 109067 68 0 1788978397 896316
0 109091 60 0 1788978397 897923
0 109124 57 0 1788978397 900079
0 109133 54 0 1788978397 900678
0 109184 73 0 1788978397 904114
0 109185 76 0 1788978397 904194
0 109187 55 0 1788978397 904313
0 109242 70 0 1788978397 907896
0 109341 75 0 1788978397 914694
0 109365 57 0 1788978397 916243
0 109376 93 0 1788978397 917035
0 109386 71 0 1788978397 917838
0 109401 69 0 1788978397 919027
0 109404 70 0 1788978397 919244
0 109415 73 0 1788978397 920039
0 109418 62 0 1788978397 920237
0 109420 61 0 1788978397 920362
0 109453 64 0 1788978397 922517
0 109522 66 0 1788978397 927170
0 109527 74 0 1788978397 927555
0 109597 70 0 1788978397 932410
0 109603 85 0 1788978397 932830
0 109631 60 0 1788978397 934557
0 109639 67 0 1788978397 935075
0 109712 66 0 1788978397 940270
0 109713 63 0 1788978397 940336
0 109749 69 0 1788978397 942843
0 109751 72 0 1788978397 942991
0 109780 88 0 1788978397 944960
0 109783 80 0 1788978397 945235
0 109801 66 0 1788978397 946438
0 109850 93 0 1788978397 949655
0 109864 60 0 1788978397 950521
0 109875 78 0 1788978397 951253
0 109877 55 0 1788978397 951372
0 109894 111 0 1788978397 952665
0 109923 67 0 1788978397 954804
0 109945 62 0 1788978397 956285
0 109975 70 0 1788978397 958316
0 110004 135 0 1788978397 960831
0 110011 57 0 1788978397 961377
0 110036 84 0 1788978397 963345
0 110047 64 0 1788978397 964287
0 110049 66 0 1788978397 964428
0 110054 70 0 1788978397 964796
0 110075 58 0 1788978397 966160
0 110079 59 0 1788978397 966409
0 110108 87 0 1788978397 968410
0 110112 71 0 1788978397 968704
0 110128 59 0 1788978397 969813
0 110156 72 0 1788978397 971623
0 110158 64 0 1788978397 971760
0 110178 63 0 1788978397 973045
0 110184 64 0 1788978397 973432
0 110191 58 0 1788978397 973885
0 110198 63 0 1788978397 974340
0 110243 64 0 1788978397 977303
0 110244 63 0 1788978397 977368
0 110279 59 0 1788978397 979855
0 110301 65 0 1788978397 981376
0 110352 61 0 1788978397 985197
0 110356 75 0 1788978397 985460
0 110360 77 0 1788978397 985725
0 110402 59 0 1788978397 988492
0 110414 71 0 1788978397 989322
0 110474 61 0 1788978397 993409
0 110489 60 0 1788978397 994409
0 110510 57 0 1788978397 995876
0 110542 55 0 1788978397 997931
0 110549 55 0 1788978397 998327
0 110587 64 0 1788978398 778
0 110679 80 0 1788978398 7854
0 110684 75 0 1788978398 8231
0 110688 62 0 1788978398 8480
0 110699 55 0 1788978398 9181
0 110708 82 0 1788978398 9913
0 110715 96 0 1788978398 10518
0 110765 89 0 1788978398 13667
0 110824 59 0 1788978398 17394
0 110826 81 0 1788978398 17543
0 110849 60 0 1788978398 19108
0 110851 60 0 1788978398 19234
0 110861 63 0 1788978398 19899
0 110880 57 0 1788978398 21178
0 110897 59 0 1788978398 22235
0 110978 73 0 1788978398 27557
0 110983 74 0 1788978398 27941
0 110984 74 0 1788978398 28017
0 110999 61 0 1788978398 29016
0 111029 63 0 1788978398 30986
0 111052 60 0 1788978398 32392
0 111103 63 0 1788978398 35705
0 111111 62 0 1788978398 36178
0 111113 60 0 1788978398 36301
0 111138 55 0 1788978398 37862
0 111144 68 0 1788978398 38243
0 111160 66 0 1788978398 39282
0 111194 66 0 1788978398 41833
0 111198 50 0 1788978398 42054
0 111205 63 0 1788978398 42491
0 111208 64 0 1788978398 42711
0 111217 53 0 1788978398 43199
0 111230 67 0 1788978398 44143
0 111232 68 0 1788978398 44286
0 111254 64 0 1788978398 45740
0 111262 54 0 1788978398 46260
0 111264 50 0 1788978398 46364
0 111272 53 0 1788978398 46843
0 111296 54 0 1788978398 48412
0 111299 54 0 1788978398 48577
0 111316 59 0 1788978398 49556
0 111331 54 0 1788978398 50453
0 111411 68 0 1788978398 55654
0 111413 73 0 1788978398 55789
0 111418 58 0 1788978398 56088
0 111438 62 0 1788978398 57356
0 111449 55 0 1788978398 58023
0 111465 69 0 1788978398 59154
0 111479 66 0 1788978398 60145
0 111523 71 0 1788978398 62977
0 111555 73 0 1788978398 65195
0 111571 57 0 1788978398 66264
0 111591 58 0 1788978398 67484
0 111601 55 0 1788978398 68084
0 111627 60 0 1788978398 69866
0 111628 60 0 1788978398 69928
0 111631 64 0 1788978398 70155
0 111640 58 0 1788978398 70748
0 111644 60 0 1788978398 70982
0 111662 72 0 1788978398 72248
0 111664 73 0 1788978398 72400
0 111682 55 0 1788978398 73499
0 111716 64 0 1788978398 75753
0 111719 64 0 1788978398 75955
0 111741 80 0 1788978398 77386
0 111746 73 0 1788978398 77743
0 111781 58 0 1788978398 80014
0 111796 59 0 1788978398 80933
0 111820 58 0 1788978398 82362
0 111832 67 0 1788978398 83089
0 111890 68 0 1788978398 87241
0 111935 55 0 1788978398 90086
0 111988 60 0 1788978398 93446
0 112005 57 0 1788978398 94564
0 112016 56 0 1788978398 95248
0 112023 107 0 1788978398 95758
0 112054 101 0 1788978398 98012
0 112057 77 0 1788978398 98247
0 112100 65 0 1788978398 101276
0 112108 65 0 1788978398 101810
0 112116 66 0 1788978398 102328
0 112121 62 0 1788978398 102718
0 112125 62 0 1788978398 102970
0 112126 71 0 1788978398 103044
0 112169 79 0 1788978398 106342
0 112245 67 0 1788978398 111444
0 112275 59 0 1788978398 113287
0 112344 55 0 1788978398 117697
0 112354 56 0 1788978398 118263
0 112397 62 0 1788978398 121029
0 112455 71 0 1788978398 124691
0 112493 57 0 1788978398 127122
0 112548 66 0 1788978398 130642
0 112626 51 0 1788978398 135329
0 112630 51 0 1788978398 135531
0 112651 62 0 1788978398 136787
0 112668 52 0 1788978398 137896
0 112669 58 0 1788978398 137958
0 112672 67 0 1788978398 138165
0 112735 61 0 1788978398 142237
0 112742 68 0 1788978398 142795
0 112743 72 0 1788978398 142872
0 112754 63 0 1788978398 143556
0 112755 80 0 1788978398 143640
0 112780 64 0 1788978398 145409
0 112807 68 0 1788978398 147093
0 112861 90 0 1788978398 150673
0 112869 73 0 1788978398 151208
0 112889 54 0 1788978398 152530
0 112907 85 0 1788978398 153672
0 112933 64 0 1788978398 155425
0 112942 56 0 1788978398 155980
0 112962 58 0 1788978398 157180
0 113019 70 0 1788978398 160963
0 113028 55 0 1788978398 161488
0 113030 56 0 1788978398 161604
0 113034 59 0 1788978398 161866
0 113039 60 0 1788978398 162170
0 113040 58 0 1788978398 162230
0 113070 63 0 1788978398 164148
0 113077 66 0 1788978398 164606
0 113104 64 0 1788978398 166430
0 113120 63 0 1788978398 167441
0 113174 85 0 1788978398 171330
0 113178 114 0 1788978398 171677
0 113184 66 0 1788978398 172075
0 113186 73 0 1788978398 172250
0 113194 83 0 1788978398 172860
0 113197 93 0 1788978398 173126
0 113202 55 0 1788978398 173483
0 113203 56 0 1788978398 173542
0 113208 62 0 1788978398 173863
0 113225 65 0 1788978398 175041
0 113259 81 0 1788978398 177558
0 113270 82 0 1788978398 178383
0 113271 0 0 1788978398 178481
0 113369 71 0 1788978398 184711
0 113383 55 0 1788978398 185545
0 113462 76 0 1788978398 191214
0 113473 72 0 1788978398 192048
0 113523 55 0 1788978398 195280
0 113580 59 0 1788978398 198661
0 113613 96 0 1788978398 200686
0 113628 58 0 1788978398 201766
0 113640 55 0 1788978398 202583
0 113684 62 0 1788978398 205211
0 113695 60 0 1788978398 205839
0 113709 61 0 1788978398 206619
0 113720 64 0 1788978398 207279
0 113773 66 0 1788978398 210591
0 113783 61 0 1788978398 211283
0 113820 57 0 1788978398 213793
0 113849 55 0 1788978398 215489
0 113851 52 0 1788978398 215599
0 113913 62 0 1788978398 219250
0 113929 65 0 1788978398 220221
0 113937 55 0 1788978398 220705
0 113942 56 0 1788978398 220991
0 113957 57 0 1788978398 221906
0 113968 88 0 1788978398 222754
0 113974 82 0 1788978398 223264
0 113987 82 0 1788978398 224366
0 114029 82 0 1788978398 227931
0 114033 90 0 1788978398 228266
0 114037 84 0 1788978398 228592
0 114066 78 0 1788978398 230716
0 114089 59 0 1788978398 232216
0 114097 76 0 1788978398 232717
0 114106 54 0 1788978398 233300
0 114135 59 0 1788978398 235025
0 114159 58 0 1788978398 236379
0 114161 53 0 1788978398 236493
0 114169 68 0 1788978398 236994
0 114182 75 0 1788978398 237893
0 114221 48 0 1788978398 240315
0 114268 50 0 1788978398 243413
0 114285 65 0 1788978398 244543
0 114303 69 0 1788978398 245759
0 114336 65 0 1788978398 247912
0 114355 61 0 1788978398 249176
0 114383 67 0 1788978398 251321
0 114392 75 0 1788978398 252020
0 114446 53 0 1788978398 255514
0 114458 54 0 1788978398 256198
0 114467 61 0 1788978398 256786
0 114530 66 0 1788978398 260760
0 114533 57 0 1788978398 260943
0 114545 64 0 1788978398 261731
0 114581 77 0 1788978398 264322
0 114623 83 0 1788978398 267669
0 114626 63 0 1788978398 267889
0 114638 127 0 1788978398 268766
0 114652 66 0 1788978398 269730
0 114654 54 0 1788978398 269843
0 114676 57 0 1788978398 271221
0 114688 80 0 1788978398 272105
0 114690 71 0 1788978398 272268
0 114699 76 0 1788978398 273086
0 114741 62 0 1788978398 275592
0 114747 64 0 1788978398 275985
0 114790 62 0 1788978398 278708
0 114793 71 0 1788978398 278901
0 114798 61 0 1788978398 279219
0 114833 71 0 1788978398 281462
0 114852 61 0 1788978398 282695
0 114911 56 0 1788978398 286236
0 114925 50 0 1788978398 287048
0 114935 53 0 1788978398 287590
0 114945 52 0 1788978398 288196
0 114963 76 0 1788978398 289392
0 114990 64 0 1788978398 291365
0 114998 60 0 1788978398 291916
0 115009 70 0 1788978398 292612
0 115035 59 0 1788978398 294244
0 115041 59 0 1788978398 294607
0 115043 58 0 1788978398 294752
0 115069 66 0 1788978398 296327
0 115114 68 0 1788978398 299238
0 115139 59 0 1788978398 300988
0 115160 55 0 1788978398 302295
0 115184 66 0 1788978398 303780
0 115207 67 0 1788978398 305345
0 115211 74 0 1788978398 305652
0 115221 66 0 1788978398 306297
0 115233 62 0 1788978398 307094
0 115235 60 0 1788978398 307217
0 115247 57 0 1788978398 307972
0 115250 74 0 1788978398 308167
0 115263 72 0 1788978398 309061
0 115270 54 0 1788978398 309435
0 115273 48 0 1788978398 309598
0 115278 56 0 1788978398 309959
0 115295 70 0 1788978398 311117
0 115303 61 0 1788978398 311604
0 115316 61 0 1788978398 312541
0 115320 61 0 1788978398 312797
0 115345 68 0 1788978398 314442
0 115361 78 0 1788978398 315553
0 115387 72 0 1788978398 317623
0 115394 72 0 1788978398 318203
0 115412 67 0 1788978398 319593
0 115413 111 0 1788978398 319707
0 115529 82 0 1788978398 326838
0 115535 53 0 1788978398 327196
0 115556 60 0 1788978398 328770
0 115563 83 0 1788978398 329274
0 115582 91 0 1788978398 330671
0 115594 64 0 1788978398 331450
0 115606 63 0 1788978398 332384
0 115616 68 0 1788978398 333062
0 115626 56 0 1788978398 333795
0 115629 58 0 1788978398 333972
0 115669 81 0 1788978398 337033
0 115673 70 0 1788978398 337319
0 115680 68 0 1788978398 337860
0 115708 53 0 1788978398 339797
0 115738 96 0 1788978398 342209
0 115739 66 0 1788978398 342280
0 115781 58 0 1788978398 345052
0 115802 55 0 1788978398 346315
0 115816 55 0 1788978398 347171
0 115824 70 0 1788978398 347675
0 115860 72 0 1788978398 349920
0 116035 48 0 1788978398 361586
0 116040 46 0 1788978398 361854
0 116127 66 0 1788978398 367196
0 116128 48 0 1788978398 367246
0 116129 49 0 1788978398 367296
0 116141 51 0 1788978398 368000
0 116148 56 0 1788978398 368408
0 116155 55 0 1788978398 368808
0 116158 59 0 1788978398 368979
0 116163 60 0 1788978398 369280
0 116175 62 0 1788978398 370024
0 116187 55 0 1788978398 370807
0 116204 63 0 1788978398 371819
0 116231 67 0 1788978398 373596
0 116247 53 0 1788978398 374512
0 116324 79 0 1788978398 379563
0 116393 62 0 1788978398 383684
0 116405 63 0 1788978398 384446
0 116409 59 0 1788978398 384717
0 116443 75 0 1788978398 386662
0 116451 63 0 1788978398 387156
0 116492 90 0 1788978398 389639
0 116513 55 0 1788978398 391023
0 116535 53 0 1788978398 392322
0 116536 53 0 1788978398 392378
0 116557 60 0 1788978398 393562
0 116569 59 0 1788978398 394320
0 116579 67 0 1788978398 394945
0 116628 60 0 1788978398 398174
0 116661 57 0 1788978398 400089
0 116662 57 0 1788978398 400149
0 116693 62 0 1788978398 402036
0 116709 58 0 1788978398 403061
0 116723 64 0 1788978398 404004
0 116744 52 0 1788978398 405213
0 116770 76 0 1788978398 407102
0 116771 69 0 1788978398 407174
0 116788 88 0 1788978398 408370
0 116801 83 0 1788978398 409521
0 116818 66 0 1788978398 410872
0 116847 64 0 1788978398 413507
0 116857 75 0 1788978398 414292
0 116869 59 0 1788978398 415103
0 116920 76 0 1788978398 418936
0 116926 91 0 1788978398 419545
0 116937 91 0 1788978398 420350
0 116963 82 0 1788978398 422332
0 116972 70 0 1788978398 423042
0 116978 66 0 1788978398 423441
0 116996 65 0 1788978398 424761
0 117032 121 0 1788978398 427540
0 117051 60 0 1788978398 428967
0 117056 64 0 1788978398 429311
0 117073 57 0 1788978398 430412
0 117075 68 0 1788978398 430553
0 117086 65 0 1788978398 431342
0 117092 66 0 1788978398 431896
0 117095 58 0 1788978398 432096
0 117108 70 0 1788978398 433018
0 117112 56 0 1788978398 433260
0 117131 48 0 1788978398 434534
0 117138 56 0 1788978398 435024
0 117148 130 0 1788978398 435677
0 117159 67 0 1788978398 436603
0 117162 64 0 1788978398 436820
0 117167 60 0 1788978398 437172
0 117191 105 0 1788978398 438953
0 117206 96 0 1788978398 440188
0 117210 69 0 1788978398 440493
0 117212 99 0 1788978398 440675
0 117213 84 0 1788978398 440763
0 117214 59 0 1788978398 440826
0 117229 68 0 1788978398 441896
0 117239 91 0 1788978398 442657
0 117260 67 0 1788978398 444416
0 117268 61 0 1788978398 444993
0 117284 62 0 1788978398 445971
0 117285 64 0 1788978398 446039
0 117290 66 0 1788978398 446375
0 117305 56 0 1788978398 447350
0 117405 76 0 1788978398 453894
0 117418 66 0 1788978398 454906
0 117449 99 0 1788978398 457341
0 117455 73 0 1788978398 457850
0 117465 61 0 1788978398 458548
0 117470 84 0 1788978398 458930
0 117505 78 0 1788978398 461743
0 117537 59 0 1788978398 463969
0 117538 60 0 1788978398 464032
0 117598 60 0 1788978398 467821
0 117621 59 0 1788978398 469434
0 117666 75 0 1788978398 472668
0 117687 53 0 1788978398 474194
0 117709 74 0 1788978398 475658
0 117743 57 0 1788978398 477952
0 117775 79 0 1788978398 479982
0 117781 92 0 1788978398 480390
0 117787 62 0 1788978398 480813
0 117841 56 0 1788978398 484382
0 117866 66 0 1788978398 486050
0 117870 53 0 1788978398 486294
0 117894 55 0 1788978398 487890
0 117915 81 0 1788978398 489198
0 117952 57 0 1788978398 491557
0 117984 64 0 1788978398 493880
0 117986 84 0 1788978398 494036
0 117997 50 0 1788978398 494835
0 118003 69 0 1788978398 495267
0 118015 57 0 1788978398 496186
0 118055 73 0 1788978398 499009
0 118165 72 0 1788978398 506303
0 118166 69 0 1788978398 506377
0 118170 76 0 1788978398 506658
0 118206 60 0 1788978398 509223
0 118243 62 0 1788978398 511551
0 118248 59 0 1788978398 511883
0 118291 81 0 1788978398 514638
0 118301 61 0 1788978398 515220
0 118349 67 0 1788978398 518519
0 118383 54 0 1788978398 520790
0 118384 80 0 1788978398 520875
0 118389 61 0 1788978398 521203
0 118416 53 0 1788978398 522960
0 118433 63 0 1788978398 524108
0 118446 59 0 1788978398 524928
0 118595 58 0 1788978398 534544
0 118600 66 0 1788978398 534880
0 118620 63 0 1788978398 536143
0 118644 71 0 1788978398 537592
0 118695 51 0 1788978398 540842
0 118696 68 0 1788978398 540913
0 118743 55 0 1788978398 544024
0 118797 59 0 1788978398 547523
0 118863 73 0 1788978398 552002
0 118877 65 0 1788978398 552868
0 118920 68 0 1788978398 555651
0 118931 64 0 1788978398 556293
0 118939 65 0 1788978398 556814
0 118964 64 0 1788978398 558307
0 118992 62 0 1788978398 560396
0 118998 60 0 1788978398 560787
0 119014 56 0 1788978398 561783
0 119027 74 0 1788978398 562634
0 119039 82 0 1788978398 563589
0 119073 62 0 1788978398 565723
0 119079 65 0 1788978398 566130
0 119083 67 0 1788978398 566401
0 119088 65 0 1788978398 566733
0 119103 64 0 1788978398 567731
0 119104 68 0 1788978398 567802
0 119105 65 0 1788978398 567870
0 119136 65 0 1788978398 569967
0 119144 71 0 1788978398 570633
0 119195 130 0 1788978398 574482
0 119209 79 0 1788978398 575529
0 119225 63 0 1788978398 576571
0 119227 64 0 1788978398 576729
0 119241 65 0 1788978398 577617
0 119255 64 0 1788978398 578511
0 119279 83 0 1788978398 580051
0 119295 62 0 1788978398 581070
0 119307 64 0 1788978398 582323
0 119355 91 0 1788978398 586549
0 119377 48 0 1788978398 588231
0 119394 178 0 1788978398 589557
0 119407 67 0 1788978398 590535
0 119415 71 0 1788978398 591275
0 119425 59 0 1788978398 591932
0 119434 65 0 1788978398 592533
0 119446 58 0 1788978398 593345
0 119450 62 0 1788978398 593602
0 119454 57 0 1788978398 593915
0 119468 56 0 1788978398 594738
0 119474 62 0 1788978398 595216
0 119489 72 0 1788978398 596162
0 119496 54 0 1788978398 596573
0 119498 68 0 1788978398 596727
0 119500 66 0 1788978398 596864
0 119578 56 0 1788978398 601740
0 119580 56 0 1788978398 601856
0 119581 71 0 1788978398 601928
0 119611 71 0 1788978398 604119
0 119635 58 0 1788978398 605737
0 119640 63 0 1788978398 606106
0 119670 64 0 1788978398 608047
0 119706 97 0 1788978398 610684
0 119712 56 0 1788978398 611093
0 119738 59 0 1788978398 612898
0 119747 72 0 1788978398 613549
0 119770 60 0 1788978398 615372
0 119786 63 0 1788978398 616563
0 119803 53 0 1788978398 617623
0 119839 62 0 1788978398 619859
0 119843 58 0 1788978398 620097
0 119892 55 0 1788978398 623168
0 119926 72 0 1788978398 625310
0 119980 60 0 1788978398 628778
0 120004 53 0 1788978398 630239
0 120025 57 0 1788978398 631481
0 120026 58 0 1788978398 631541
0 120030 82 0 1788978398 631814
0 120044 88 0 1788978398 632695
0 120055 62 0 1788978398 633427
0 120094 68 0 1788978398 636097
0 120103 69 0 1788978398 636687
0 120112 57 0 1788978398 637230
0 120211 61 0 1788978398 644214
0 120212 63 0 1788978398 644281
0 120224 65 0 1788978398 645168
0 120262 71 0 1788978398 648227
0 120287 59 0 1788978398 650391
0 120303 123 0 1788978398 651733
0 120308 70 0 1788978398 652163
0 120310 62 0 1788978398 652292
0 120312 72 0 1788978398 652445
0 120319 75 0 1788978398 653020
0 120334 0 0 1788978398 654091
0 120371 74 0 1788978398 657000
0 120375 74 0 1788978398 657314
0 120419 71 0 1788978398 660598
0 120428 61 0 1788978398 661258
0 120429 56 0 1788978398 661318
0 120444 72 0 1788978398 662399
0 120485 67 0 1788978398 665350
0 120508 92 0 1788978398 667159
0 120523 59 0 1788978398 668131
0 120528 60 0 1788978398 668413
0 120533 58 0 1788978398 668698
0 120546 52 0 1788978398 669485
0 120562 59 0 1788978398 670441
0 120574 91 0 1788978398 671262
0 120584 66 0 1788978398 671886
0 120613 65 0 1788978398 673722
0 120647 70 0 1788978398 676000
0 120674 94 0 1788978398 677703
0 120708 59 0 1788978398 679961
0 120741 57 0 1788978398 682024
0 120757 55 0 1788978398 682996
0 120775 66 0 1788978398 684057
0 120824 103 0 1788978398 689703
0 120828 64 0 1788978398 689982
0 120834 55 0 1788978398 690337
0 120849 54 0 1788978398 691207
0 120855 60 0 1788978398 691576
0 120865 61 0 1788978398 692177
0 120876 56 0 1788978398 692802
0 120877 46 0 1788978398 692851
0 120880 59 0 1788978398 693033
0 120930 65 0 1788978398 696587
0 120940 53 0 1788978398 697279
0 120944 53 0 1788978398 697496
0 120947 63 0 1788978398 697692
0 121003 56 0 1788978398 701126
0 121027 56 0 1788978398 702558
0 121035 56 0 1788978398 703050
0 121079 61 0 1788978398 705659
0 121087 60 0 1788978398 706122
0 121126 90 0 1788978398 708531
0 121155 70 0 1788978398 710582
0 121165 93 0 1788978398 711376
0 121187 57 0 1788978398 712767
0 121220 65 0 1788978398 714816
0 121305 76 0 1788978398 719667
0 121314 43 0 1788978398 720216
0 121337 83 0 1788978398 721566
0 121371 81 0 1788978398 724374
0 121388 63 0 1788978398 725763
0 121446 87 0 1788978398 730355
0 121463 72 0 1788978398 731720
0 121499 62 0 1788978398 734383
0 121505 61 0 1788978398 734801
0 121507 68 0 1788978398 734956
0 121529 109 0 1788978398 736540
0 121536 69 0 1788978398 737109
0 121552 60 0 1788978398 738225
0 121584 69 0 1788978398 740395
0 121591 58 0 1788978398 740952
0 121611 66 0 1788978398 742237
0 121636 63 0 1788978398 743945
0 121646 65 0 1788978398 744544
0 121701 58 0 1788978398 747965
0 121715 58 0 1788978398 748847
0 121721 54 0 1788978398 749204
0 121732 60 0 1788978398 749885
0 121789 65 0 1788978398 753454
0 121806 67 0 1788978398 754519
0 121826 54 0 1788978398 755843
0 121876 52 0 1788978398 758792
0 121884 57 0 1788978398 759239
0 121887 89 0 1788978398 759478
0 121935 63 0 1788978398 762589
0 122012 49 0 1788978398 768013
0 122061 59 0 1788978398 770901
0 122174 53 0 1788978398 777501
0 122223 57 0 1788978398 780480
0 122227 54 0 1788978398 780724
0 122258 53 0 1788978398 782533
0 122260 55 0 1788978398 782680
0 122271 60 0 1788978398 783304
0 122273 55 0 1788978398 783419
0 122277 60 0 1788978398 783651
0 122366 69 0 1788978398 789114
0 122393 49 0 1788978398 790850
0 122455 56 0 1788978398 794460
0 122502 67 0 1788978398 797419
0 122533 53 0 1788978398 799174
0 122541 76 0 1788978398 799632
0 122549 58 0 1788978398 800137
0 122570 76 0 1788978398 801515
0 122582 51 0 1788978398 802273
0 122636 61 0 1788978398 805832
0 122694 63 0 1788978398 809381
0 122747 72 0 1788978398 812872
0 122779 49 0 1788978398 814853
0 122786 61 0 1788978398 815294
0 122791 55 0 1788978398 815597
0 122805 60 0 1788978398 816446
0 122808 66 0 1788978398 816642
0 122830 56 0 1788978398 818030
0 122846 57 0 1788978398 818971
0 122852 57 0 1788978398 819319
0 122868 63 0 1788978398 820370
0 122887 55 0 1788978398 821574
0 122921 79 0 1788978398 823637
0 122922 69 0 1788978398 823711
0 122966 81 0 1788978398 826651
0 123025 88 0 1788978398 830692
0 123063 56 0 1788978398 833020
0 123065 58 0 1788978398 833136
0 123088 68 0 1788978398 834604
0 123106 77 0 1788978398 835638
0 123127 71 0 1788978398 837053
0 123148 97 0 1788978398 838697
0 123192 57 0 1788978398 841762
0 123221 56 0 1788978398 844013
0 123254 69 0 1788978398 846353
0 123258 71 0 1788978398 846714
0 123264 63 0 1788978398 847146
0 123265 61 0 1788978398 847211
0 123304 79 0 1788978398 850011
0 123322 105 0 1788978398 851356
0 123385 80 0 1788978398 857916
0 123443 102 0 1788978398 862516
0 123478 72 0 1788978398 865502
0 123490 109 0 1788978398 866481
0 123494 95 0 1788978398 866806
0 123500 67 0 1788978398 867304
0 123535 74 0 1788978398 870304
0 123546 69 0 1788978398 871177
0 123562 114 0 1788978398 872676
0 123597 76 0 1788978398 876024
0 123607 57 0 1788978398 876737
0 123627 63 0 1788978398 878172
0 123647 58 0 1788978398 879461
0 123688 58 0 1788978398 882070
0 123690 56 0 1788978398 882186
0 123708 57 0 1788978398 883352
0 123719 63 0 1788978398 884011
0 123727 59 0 1788978398 884500
0 123749 55 0 1788978398 885916
0 123802 49 0 1788978398 889176
0 123825 49 0 1788978398 890421
0 123862 50 0 1788978398 892338
0 123878 53 0 1788978398 893182
0 123882 51 0 1788978398 893382
0 123884 49 0 1788978398 893487
0 123902 62 0 1788978398 894618
0 123959 68 0 1788978398 897765
0 123961 96 0 1788978398 897935
0 123990 70 0 1788978398 899571
0 124061 61 0 1788978398 904191
0 124069 0 0 1788978398 904738
0 124077 64 0 1788978398 905263
0 124097 65 0 1788978398 906495
0 124111 62 0 1788978398 907408
0 124162 60 0 1788978398 910794
0 124163 57 0 1788978398 910855
0 124174 68 0 1788978398 911555
0 124177 69 0 1788978398 911778
0 124181 79 0 1788978398 912091
0 124184 67 0 1788978398 912341
0 124270 54 0 1788978398 918054
0 124300 58 0 1788978398 919821
0 124301 58 0 1788978398 919882
0 124338 56 0 1788978398 922287
0 124369 57 0 1788978398 924153
0 124381 58 0 1788978398 924851
0 124417 60 0 1788978398 927000
0 124441 94 0 1788978398 928662
0 124452 63 0 1788978398 929463
0 124463 59 0 1788978398 930232
0 124475 66 0 1788978398 931046
0 124478 63 0 1788978398 931250
0 124499 69 0 1788978398 932620
0 124505 63 0 1788978398 933012
0 124515 64 0 1788978398 933735
0 124559 60 0 1788978398 936419
0 124592 59 0 1788978398 938609
0 124602 78 0 1788978398 939298
0 124632 63 0 1788978398 941222
0 124664 56 0 1788978398 943307
0 124667 51 0 1788978398 943475
0 124684 66 0 1788978398 944478
0 124757 68 0 1788978398 948970
0 124814 68 0 1788978398 952844
0 124850 80 0 1788978398 955226
0 124862 55 0 1788978398 955954
0 124863 57 0 1788978398 956015
0 124876 95 0 1788978398 956840
0 124879 74 0 1788978398 957071
0 124890 63 0 1788978398 957892
0 124913 58 0 1788978398 959353
0 124947 61 0 1788978398 961488
0 124967 59 0 1788978398 962785
0 124997 56 0 1788978398 964744
0 125004 60 0 1788978398 965164
0 125024 67 0 1788978398 966551
0 125035 72 0 1788978398 967373
0 125038 122 0 1788978398 967644
0 125044 61 0 1788978398 968031
0 125046 59 0 1788978398 968156
0 125073 57 0 1788978398 970062
0 125082 58 0 1788978398 970712
0 125104 63 0 1788978398 972180
0 125105 63 0 1788978398 972246
0 125129 57 0 1788978398 973760
0 125182 58 0 1788978398 977162
0 125200 64 0 1788978398 978282
0 125259 60 0 1788978398 982159
0 125269 61 0 1788978398 982832
0 125271 60 0 1788978398 982963
0 125274 68 0 1788978398 983153
0 125277 55 0 1788978398 983341
0 125285 66 0 1788978398 983922
0 125371 87 0 1788978398 990028
0 125373 70 0 1788978398 990164
0 125387 65 0 1788978398 991105
0 125426 64 0 1788978398 994085
0 125456 67 0 1788978398 996043
0 125459 66 0 1788978398 996248
0 125482 64 0 1788978398 997739
0 125544 66 0 1788978399 4755
0 125601 83 0 1788978399 9050
0 125618 91 0 1788978399 10355
0 125635 57 0 1788978399 11558
0 125694 69 0 1788978399 15473
0 125715 60 0 1788978399 16999
0 125732 69 0 1788978399 18275
0 125738 67 0 1788978399 18705
0 125740 0 0 1788978399 18839
0 125750 68 0 1788978399 19520
0 125780 74 0 1788978399 21534
0 125785 59 0 1788978399 21887
0 125786 61 0 1788978399 21951
0 125799 68 0 1788978399 22753
0 125807 65 0 1788978399 23309
0 125835 55 0 1788978399 25121
0 125855 61 0 1788978399 26580
0 125901 69 0 1788978399 29433
0 125933 71 0 1788978399 31512
0 126004 56 0 1788978399 35783
0 126010 53 0 1788978399 36114
0 126017 75 0 1788978399 36605
0 126021 69 0 1788978399 36931
0 126026 84 0 1788978399 37343
0 126035 75 0 1788978399 38128
0 126041 66 0 1788978399 38548
0 126055 61 0 1788978399 39442
0 126056 65 0 1788978399 39509
0 126062 60 0 1788978399 39926
0 126085 63 0 1788978399 41324
0 126104 59 0 1788978399 42585
0 126106 62 0 1788978399 42718
0 126123 117 0 1788978399 43804
0 126148 52 0 1788978399 45516
0 126150 93 0 1788978399 45672
0 126167 70 0 1788978399 46729
0 126183 63 0 1788978399 47942
0 126208 69 0 1788978399 49547
0 126239 68 0 1788978399 51550
0 126260 59 0 1788978399 52924
0 126308 59 0 1788978399 56039
0 126313 83 0 1788978399 56372
0 126380 66 0 1788978399 60611
0 126400 60 0 1788978399 61942
0 126417 58 0 1788978399 63030
0 126430 61 0 1788978399 63811
0 126490 57 0 1788978399 67551
0 126515 59 0 1788978399 69174
0 126524 60 0 1788978399 69761
0 126550 78 0 1788978399 71511
0 126580 54 0 1788978399 73472
0 126585 68 0 1788978399 73795
0 126600 65 0 1788978399 74758
0 126602 87 0 1788978399 74918
0 126663 67 0 1788978399 79505
0 126670 62 0 1788978399 79967
0 126684 66 0 1788978399 80944
0 126724 48 0 1788978399 83505
0 126726 47 0 1788978399 83602
0 126734 60 0 1788978399 84079
0 126745 59 0 1788978399 84804
0 126771 65 0 1788978399 86414
0 126809 71 0 1788978399 89151
0 126814 66 0 1788978399 89483
0 126829 60 0 1788978399 90423
0 126830 60 0 1788978399 90485
0 126836 60 0 1788978399 90858
0 126889 55 0 1788978399 94315
0 126893 62 0 1788978399 94548
0 126904 62 0 1788978399 95315
0 126906 62 0 1788978399 95456
0 126921 55 0 1788978399 96439
0 126963 56 0 1788978399 99243
0 126965 56 0 1788978399 99364
0 126968 55 0 1788978399 99533
0 126993 55 0 1788978399 101226
0 126997 57 0 1788978399 101467
0 127055 58 0 1788978399 105162
0 127080 64 0 1788978399 106659
0 127097 77 0 1788978399 107841
0 127108 221 0 1788978399 109085
0 127140 57 0 1788978399 111554
0 127163 59 0 1788978399 113448
0 127169 49 0 1788978399 113833
0 127195 80 0 1788978399 115750
0 127206 63 0 1788978399 117207
0 127241 118 0 1788978399 119688
0 127243 73 0 1788978399 119843
0 127270 86 0 1788978399 121743
0 127284 109 0 1788978399 122690
0 127288 76 0 1788978399 122953
0 127301 0 0 1788978399 123895
0 127306 75 0 1788978399 124304
0 127312 63 0 1788978399 124805
0 127320 66 0 1788978399 125357
0 127375 86 0 1788978399 128978
0 127396 82 0 1788978399 130746
0 127400 82 0 1788978399 131071
0 127427 93 0 1788978399 133421
0 127437 79 0 1788978399 134253
0 127450 88 0 1788978399 135406
0 127451 86 0 1788978399 135494
0 127456 78 0 1788978399 135915
0 127464 84 0 1788978399 136665
0 127471 71 0 1788978399 137219
0 127479 61 0 1788978399 137785
0 127499 79 0 1788978399 139337
0 127503 99 0 1788978399 139680
0 127504 81 0 1788978399 139765
0 127525 86 0 1788978399 141580
0 127545 83 0 1788978399 143122
0 127643 86 0 1788978399 151332
0 127658 73 0 1788978399 152440
0 127716 118 0 1788978399 156727
0 127741 74 0 1788978399 158829
0 127761 78 0 1788978399 160518
0 127791 52 0 1788978399 163229
0 127813 64 0 1788978399 164706
0 127834 79 0 1788978399 166276
0 127854 72 0 1788978399 167985
0 127887 65 0 1788978399 170262
0 127896 63 0 1788978399 170872
0 127940 78 0 1788978399 174268
0 127955 63 0 1788978399 175347
0 128002 70 0 1788978399 178816
0 128010 0 0 1788978399 179420
0 128036 66 0 1788978399 181203
0 128084 58 0 1788978399 184489
0 128090 67 0 1788978399 184894
0 128102 83 0 1788978399 185633
0 128108 65 0 1788978399 186079
0 128128 110 0 1788978399 187707
0 128145 70 0 1788978399 188907
0 128175 60 0 1788978399 191244
0 128179 86 0 1788978399 191583
0 128188 73 0 1788978399 192363
0 128198 65 0 1788978399 193240
0 128205 69 0 1788978399 193721
0 128221 58 0 1788978399 194783
0 128263 68 0 1788978399 197543
0 128265 66 0 1788978399 197687
0 128303 59 0 1788978399 200328
0 128312 58 0 1788978399 200885
0 128317 78 0 1788978399 201212
0 128367 60 0 1788978399 204754
0 128369 62 0 1788978399 204880
0 128373 60 0 1788978399 205139
0 128398 70 0 1788978399 206768
0 128431 72 0 1788978399 209134
0 128477 65 0 1788978399 212271
0 128498 54 0 1788978399 213575
0 128506 67 0 1788978399 214141
0 128526 61 0 1788978399 215370
0 128539 67 0 1788978399 216190
0 128549 67 0 1788978399 216919
0 128573 57 0 1788978399 218419
0 128594 72 0 1788978399 219825
0 128628 60 0 1788978399 221988
0 128638 68 0 1788978399 222623
0 128661 90 0 1788978399 224395
0 128673 60 0 1788978399 225269
0 128676 58 0 1788978399 225448
0 128695 89 0 1788978399 226972
0 128703 75 0 1788978399 227603
0 128715 71 0 1788978399 228576
0 128727 78 0 1788978399 229562
0 128736 72 0 1788978399 230313
0 128746 85 0 1788978399 231110
0 128762 43 0 1788978399 232318
0 128793 55 0 1788978399 234283
0 128805 61 0 1788978399 235050
0 128830 70 0 1788978399 236646
0 128839 57 0 1788978399 237228
0 128846 73 0 1788978399 237717
0 128847 68 0 1788978399 237789
0 128853 57 0 1788978399 238143
0 128869 62 0 1788978399 239193
0 128877 61 0 1788978399 239663
0 128892 108 0 1788978399 240689
0 128938 63 0 1788978399 243705
0 128948 68 0 1788978399 244295
0 128957 54 0 1788978399 244904
0 128961 53 0 1788978399 245109
0 128962 56 0 1788978399 245167
0 128999 72 0 1788978399 247611
0 129031 90 0 1788978399 249870
0 129038 60 0 1788978399 250356
0 129046 61 0 1788978399 251021
0 129050 60 0 1788978399 251272
0 129060 72 0 1788978399 251930
0 129074 58 0 1788978399 252815
0 129086 62 0 1788978399 253519
0 129095 53 0 1788978399 254135
0 129166 61 0 1788978399 258509
0 129190 89 0 1788978399 260112
0 129213 63 0 1788978399 261522
0 129236 85 0 1788978399 263208
0 129258 67 0 1788978399 264887
0 129265 89 0 1788978399 265383
0 129291 108 0 1788978399 267497
0 129313 78 0 1788978399 269214
0 129344 60 0 1788978399 271465
0 129363 62 0 1788978399 272737
0 129396 58 0 1788978399 274834
0 129420 59 0 1788978399 276431
0 129430 59 0 1788978399 277062
0 129437 50 0 1788978399 277542
0 129442 60 0 1788978399 277849
0 129448 66 0 1788978399 278295
0 129461 60 0 1788978399 279152
0 129499 62 0 1788978399 281494
0 129508 60 0 1788978399 281997
0 129521 66 0 1788978399 282847
0 129525 67 0 1788978399 283115
0 129528 63 0 1788978399 283316
0 129549 74 0 1788978399 284749
0 129565 53 0 1788978399 285800
0 129575 53 0 1788978399 286353
0 129582 55 0 1788978399 286816
0 129589 57 0 1788978399 287232
0 129668 54 0 1788978399 292112
0 129677 82 0 1788978399 292675
0 129720 67 0 1788978399 295928
0 129725 71 0 1788978399 296319
0 129736 72 0 1788978399 297156
0 129751 69 0 1788978399 298198
0 129755 56 0 1788978399 298452
0 129784 91 0 1788978399 300688
0 129829 71 0 1788978399 303420
0 129831 62 0 1788978399 303557
0 129856 61 0 1788978399 305240
0 129891 66 0 1788978399 307465
0 129895 67 0 1788978399 307737
0 129912 121 0 1788978399 309039
0 129917 62 0 1788978399 309393
0 129927 66 0 1788978399 310138
0 129932 54 0 1788978399 310420
0 129991 76 0 1788978399 314115
0 130050 0 0 1788978399 319239
0 130058 80 0 1788978399 319962
0 130067 77 0 1788978399 320750
0 130101 65 0 1788978399 326889
0 130118 52 0 1788978399 328013
0 130121 57 0 1788978399 328193
0 130214 78 0 1788978399 335181
0 130216 77 0 1788978399 335355
0 130217 71 0 1788978399 335430
0 130231 119 0 1788978399 336659
0 130266 62 0 1788978399 339258
0 130294 74 0 1788978399 341070
0 130297 62 0 1788978399 341266
0 130352 55 0 1788978399 345249
0 130360 58 0 1788978399 345798
0 130408 68 0 1788978399 348864
0 130411 62 0 1788978399 349061
0 130414 75 0 1788978399 349284
0 130454 70 0 1788978399 352085
0 130463 58 0 1788978399 352723
0 130469 55 0 1788978399 353111
0 130557 113 0 1788978399 359306
0 130560 71 0 1788978399 359549
0 130574 77 0 1788978399 360552
0 130604 109 0 1788978399 362704
0 130661 54 0 1788978399 366300
0 130664 57 0 1788978399 366472
0 130706 56 0 1788978399 369237
0 130749 59 0 1788978399 371832
0 130763 63 0 1788978399 372713
0 130770 57 0 1788978399 373156
0 130774 67 0 1788978399 373433
0 130795 62 0 1788978399 374774
0 130803 59 0 1788978399 375239
0 130830 65 0 1788978399 377026
0 130832 72 0 1788978399 377160
0 130839 58 0 1788978399 377605
0 130849 75 0 1788978399 378284
0 130851 68 0 1788978399 378424
0 130862 73 0 1788978399 379175
0 130888 57 0 1788978399 380994
0 130903 68 0 1788978399 381876
0 130941 65 0 1788978399 384236
0 130957 60 0 1788978399 385202
0 130964 107 0 1788978399 385700
0 130976 60 0 1788978399 386533
0 130989 65 0 1788978399 387379
0 130990 63 0 1788978399 387446
0 130994 65 0 1788978399 387739
0 131011 63 0 1788978399 388890
0 131022 64 0 1788978399 389611
0 131055 63 0 1788978399 391643
0 131133 80 0 1788978399 396769
0 131134 93 0 1788978399 396866
0 131135 63 0 1788978399 396934
0 131184 74 0 1788978399 400249
0 131195 60 0 1788978399 401040
0 131202 59 0 1788978399 401461
0 131229 65 0 1788978399 403242
0 131241 87 0 1788978399 404027
0 131276 65 0 1788978399 406389
0 131278 67 0 1788978399 406526
0 131310 69 0 1788978399 408783
0 131326 63 0 1788978399 409706
0 131344 59 0 1788978399 410861
0 131348 62 0 1788978399 411125
0 131405 55 0 1788978399 414515
0 131407 59 0 1788978399 414645
0 131417 64 0 1788978399 415250
0 131422 66 0 1788978399 415590
0 131424 69 0 1788978399 415762
0 131478 68 0 1788978399 419422
0 131479 74 0 1788978399 419501
0 131508 70 0 1788978399 421300
0 131521 58 0 1788978399 422087
0 131524 71 0 1788978399 422304
0 131592 107 0 1788978399 427680
0 131596 97 0 1788978399 428044
0 131639 66 0 1788978399 431362
0 131683 58 0 1788978399 434071
0 131687 50 0 1788978399 434291
0 131700 60 0 1788978399 435083
0 131711 61 0 1788978399 435770
0 131717 64 0 1788978399 436178
0 131720 68 0 1788978399 436371
0 131739 99 0 1788978399 437849
0 131740 0 0 1788978399 437943
0 131765 67 0 1788978399 440127
0 131801 59 0 1788978399 442755
0 131809 90 0 1788978399 443258
0 131830 63 0 1788978399 444737
0 131849 56 0 1788978399 445855
0 131878 59 0 1788978399 447751
0 131881 63 0 1788978399 447949
0 131882 87 0 1788978399 448041
0 131884 71 0 1788978399 448210
0 131885 97 0 1788978399 448311
0 131886 77 0 1788978399 448393
0 131917 56 0 1788978399 450548
0 131941 63 0 1788978399 452149
0 131945 72 0 1788978399 452440
0 131976 66 0 1788978399 454487
0 132007 64 0 1788978399 456590
0 132021 61 0 1788978399 457456
0 132050 64 0 1788978399 459391
0 132065 58 0 1788978399 460364
0 132088 58 0 1788978399 461847
0 132092 61 0 1788978399 462106
0 132097 57 0 1788978399 462414
0 132101 86 0 1788978399 462676
0 132109 79 0 1788978399 463230
0 132123 64 0 1788978399 464225
0 132140 54 0 1788978399 465291
0 132196 72 0 1788978399 468703
0 132225 57 0 1788978399 470604
0 132234 68 0 1788978399 471227
0 132242 64 0 1788978399 471731
0 132268 56 0 1788978399 473335
0 132270 73 0 1788978399 473471
0 132349 58 0 1788978399 479029
0 132356 103 0 1788978399 479700
0 132359 73 0 1788978399 479950
0 132378 73 0 1788978399 481374
0 132385 59 0 1788978399 481942
0 132408 81 0 1788978399 483839
0 132427 67 0 1788978399 485264
0 132457 64 0 1788978399 487509
0 132488 82 0 1788978399 489789
0 132501 73 0 1788978399 490650
0 132508 68 0 1788978399 491128
0 132524 80 0 1788978399 492347
0 132529 75 0 1788978399 492757
0 132552 72 0 1788978399 494396
0 132565 66 0 1788978399 495284
0 132568 58 0 1788978399 495479
0 132569 60 0 1788978399 495544
0 132594 76 0 1788978399 497217
0 132605 65 0 1788978399 498011
0 132626 61 0 1788978399 499316
0 132629 56 0 1788978399 499496
0 132692 76 0 1788978399 503650
0 132783 64 0 1788978399 511004
0 132792 59 0 1788978399 511570
0 132793 84 0 1788978399 511658
0 132801 69 0 1788978399 512199
0 132807 74 0 1788978399 512601
0 132809 56 0 1788978399 512758
0 132830 58 0 1788978399 514310
0 132831 61 0 1788978399 514376
0 132848 56 0 1788978399 515369
0 132861 71 0 1788978399 516275
0 132888 65 0 1788978399 518162
0 132900 57 0 1788978399 519111
0 132973 54 0 1788978399 524535
0 133004 56 0 1788978399 526847
0 133066 61 0 1788978399 531071
0 133104 62 0 1788978399 533846
0 133118 80 0 1788978399 534841
0 133139 54 0 1788978399 536441
0 133140 52 0 1788978399 536498
0 133163 54 0 1788978399 537903
0 133199 56 0 1788978399 540007
0 133203 56 0 1788978399 540248
0 133221 105 0 1788978399 541689
0 133227 65 0 1788978399 542110
0 133229 66 0 1788978399 542237
0 133302 79 0 1788978399 547105
0 133342 76 0 1788978399 549851
0 133343 71 0 1788978399 549926
0 133353 58 0 1788978399 550572
0 133375 65 0 1788978399 552013
0 133402 56 0 1788978399 553923
0 133414 58 0 1788978399 554738
0 133420 65 0 1788978399 555148
0 133458 56 0 1788978399 557525
0 133462 56 0 1788978399 557764
0 133468 67 0 1788978399 558114
0 133472 63 0 1788978399 558391
0 133473 63 0 1788978399 558458
0 133479 67 0 1788978399 558859
0 133488 64 0 1788978399 559469
0 133498 73 0 1788978399 560221
0 133504 70 0 1788978399 560619
0 133570 63 0 1788978399 564594
0 133633 59 0 1788978399 568830
0 133701 54 0 1788978399 573183
0 133729 68 0 1788978399 575043
0 133747 59 0 1788978399 576338
0 133782 62 0 1788978399 578555
0 133788 61 0 1788978399 578937
0 133793 68 0 1788978399 579272
0 133816 69 0 1788978399 580914
0 133820 70 0 1788978399 581192
0 133854 64 0 1788978399 583485
0 133861 64 0 1788978399 583940
0 133900 59 0 1788978399 586698
0 133918 68 0 1788978399 587748
0 133932 68 0 1788978399 588691
0 133941 65 0 1788978399 589273
0 133962 61 0 1788978399 590597
0 134012 99 0 1788978399 594647
0 134061 67 0 1788978399 598392
0 134065 125 0 1788978399 598722
0 134084 69 0 1788978399 600106
0 134097 51 0 1788978399 600936
0 134111 88 0 1788978399 602025
0 134149 61 0 1788978399 605008
0 134160 63 0 1788978399 605796
0 134161 66 0 1788978399 605867
0 134172 62 0 1788978399 606580
0 134223 64 0 1788978399 609926
0 134230 63 0 1788978399 610413
0 134235 62 0 1788978399 610800
0 134241 70 0 1788978399 611209
0 134245 66 0 1788978399 611533
0 134260 70 0 1788978399 612748
0 134273 63 0 1788978399 613742
0 134274 64 0 1788978399 613809
0 134298 91 0 1788978399 615893
0 134353 58 0 1788978399 619536
0 134386 56 0 1788978399 621477
0 134405 61 0 1788978399 622743
0 134412 62 0 1788978399 623159
0 134417 58 0 1788978399 623457
0 134425 60 0 1788978399 623944
0 134451 58 0 1788978399 625414
0 134456 62 0 1788978399 625744
0 134465 59 0 1788978399 626272
0 134469 65 0 1788978399 626516
0 134470 69 0 1788978399 626587
0 134509 64 0 1788978399 629308
0 134519 60 0 1788978399 629948
0 134560 61 0 1788978399 632589
0 134571 53 0 1788978399 633269
0 134577 47 0 1788978399 633581
0 134611 0 0 1788978399 636001
0 134629 92 0 1788978399 637363
0 134660 69 0 1788978399 639410
0 134668 59 0 1788978399 639942
0 134674 74 0 1788978399 640375
0 134682 59 0 1788978399 640982
0 134686 61 0 1788978399 641228
0 134692 78 0 1788978399 641619
0 134704 67 0 1788978399 642603
0 134764 57 0 1788978399 646882
0 134767 56 0 1788978399 647056
0 134769 56 0 1788978399 647171
0 134786 63 0 1788978399 648329
0 134802 63 0 1788978399 649375
0 134813 83 0 1788978399 650190
0 134834 72 0 1788978399 651605
0 134846 57 0 1788978399 652436
0 134886 127 0 1788978399 655284
0 134892 105 0 1788978399 655710
0 134907 70 0 1788978399 656774
0 134921 70 0 1788978399 657712
0 134932 65 0 1788978399 658419
0 134977 63 0 1788978399 661533
0 134980 60 0 1788978399 661737
0 134982 57 0 1788978399 661855
0 135011 64 0 1788978399 663646
0 135017 58 0 1788978399 664001
0 135022 113 0 1788978399 664389
0 135028 61 0 1788978399 664779
0 135030 60 0 1788978399 664904
0 135042 76 0 1788978399 665657
0 135047 59 0 1788978399 665960
0 135050 57 0 1788978399 666138
0 135063 68 0 1788978399 667011
0 135121 68 0 1788978399 670835
0 135179 74 0 1788978399 674744
0 135187 60 0 1788978399 675306
0 135210 61 0 1788978399 676714
0 135219 61 0 1788978399 677305
0 135234 75 0 1788978399 678382
0 135246 103 0 1788978399 679241
0 135249 90 0 1788978399 679502
0 135277 73 0 1788978399 681883
0 135304 71 0 1788978399 683897
0 135305 70 0 1788978399 683972
0 135316 72 0 1788978399 684776
0 135317 72 0 1788978399 684852
0 135320 61 0 1788978399 685054
0 135325 74 0 1788978399 685354
0 135345 502 0 1788978399 687411
0 135394 101 0 1788978399 691441
0 135429 59 0 1788978399 694104
0 135430 65 0 1788978399 694173
0 135441 57 0 1788978399 694826
0 135456 59 0 1788978399 695813
0 135467 66 0 1788978399 696501
0 135490 72 0 1788978399 698166
0 135530 75 0 1788978399 700888
0 135546 79 0 1788978399 702043
0 135573 61 0 1788978399 703938
0 135603 61 0 1788978399 705827
0 135606 62 0 1788978399 706025
0 135611 66 0 1788978399 706353
0 135616 94 0 1788978399 706727
0 135666 57 0 1788978399 709978
0 135702 60 0 1788978399 712473
0 135706 66 0 1788978399 712781
0 135707 65 0 1788978399 712850
0 135720 65 0 1788978399 713743
0 135740 62 0 1788978399 714964
0 135747 66 0 1788978399 715431
0 135795 48 0 1788978399 718350
0 135868 68 0 1788978399 723088
0 135904 68 0 1788978399 725522
0 135968 64 0 1788978399 729920
0 135969 61 0 1788978399 729986
0 135972 61 0 1788978399 730175
0 136034 71 0 1788978399 734449
0 136045 71 0 1788978399 735280
0 136052 70 0 1788978399 735772
0 136066 67 0 1788978399 736738
0 136071 73 0 1788978399 737117
0 136072 74 0 1788978399 737196
0 136081 57 0 1788978399 737843
0 136086 69 0 1788978399 738160
0 136089 76 0 1788978399 738378
0 136099 61 0 1788978399 739060
0 136122 61 0 1788978399 740540
0 136128 85 0 1788978399 741043
0 136136 71 0 1788978399 741712
0 136145 83 0 1788978399 742373
0 136149 89 0 1788978399 742680
0 136152 72 0 1788978399 742892
0 136155 63 0 1788978399 743083
0 136172 92 0 1788978399 744505
0 136187 88 0 1788978399 745859
0 136204 93 0 1788978399 747368
0 136260 60 0 1788978399 751544
0 136273 75 0 1788978399 752444
0 136343 57 0 1788978399 757193
0 136363 58 0 1788978399 758495
0 136372 64 0 1788978399 759161
0 136394 62 0 1788978399 760765
0 136399 64 0 1788978399 761100
0 136420 58 0 1788978399 762536
0 136471 75 0 1788978399 765968
0 136505 49 0 1788978399 768202
0 136506 60 0 1788978399 768263
0 136530 59 0 1788978399 769916
0 136531 54 0 1788978399 769974
0 136533 53 0 1788978399 770081
0 136547 79 0 1788978399 770957
0 136549 76 0 1788978399 771116
0 136588 64 0 1788978399 773620
0 136591 61 0 1788978399 773833
0 136644 60 0 1788978399 777367
0 136645 64 0 1788978399 777435
0 136667 65 0 1788978399 778970
0 136674 57 0 1788978399 779397
0 136710 94 0 1788978399 781682
0 136715 62 0 1788978399 782034
0 136744 62 0 1788978399 783919
0 136753 54 0 1788978399 784488
0 136769 71 0 1788978399 785481
0 136775 64 0 1788978399 785919
0 136787 75 0 1788978399 786757
0 136799 65 0 1788978399 787590
0 136810 63 0 1788978399 788324
0 136820 60 0 1788978399 788977
0 136845 61 0 1788978399 790504
0 136876 60 0 1788978399 792421
0 136923 60 0 1788978399 795349
0 136924 60 0 1788978399 795431
0 136946 59 0 1788978399 796767
0 136954 53 0 1788978399 797222
0 136991 53 0 1788978399 799432
0 137022 67 0 1788978399 801452
0 137045 63 0 1788978399 803169
0 137080 70 0 1788978399 805842
0 137082 69 0 1788978399 805990
0 137103 67 0 1788978399 807443
0 137119 60 0 1788978399 808463
0 137138 78 0 1788978399 809764
0 137145 75 0 1788978399 810240
0 137226 62 0 1788978399 815900
0 137229 67 0 1788978399 816095
0 137234 73 0 1788978399 816441
0 137256 75 0 1788978399 818024
0 137309 66 0 1788978399 822085
0 137310 67 0 1788978399 822157
0 137320 87 0 1788978399 822971
0 137328 132 0 1788978399 823679
0 137337 89 0 1788978399 824414
0 137357 67 0 1788978399 826000
0 137375 81 0 1788978399 827305
0 137410 71 0 1788978399 830087
0 137414 43 0 1788978399 830298
0 137471 56 0 1788978399 834482
0 137479 114 0 1788978399 835236
0 137480 80 0 1788978399 835321
0 137484 109 0 1788978399 835691
0 137505 66 0 1788978399 837264
0 137513 70 0 1788978399 837930
0 137567 80 0 1788978399 842548
0 137575 85 0 1788978399 843266
0 137599 68 0 1788978399 845179
0 137616 71 0 1788978399 846451
0 137657 102 0 1788978399 849984
0 137662 70 0 1788978399 850387
0 137679 89 0 1788978399 851738
0 137706 108 0 1788978399 854365
0 137720 73 0 1788978399 855599
0 137757 94 0 1788978399 862242
0 137778 75 0 1788978399 864127
0 137786 122 0 1788978399 864894
0 137802 77 0 1788978399 866281
0 137816 81 0 1788978399 867750
0 137877 78 0 1788978399 873187
0 137886 82 0 1788978399 875088
0 137899 69 0 1788978399 876303
0 137924 95 0 1788978399 878522
0 137959 86 0 1788978399 881919
0 137968 97 0 1788978399 882777
0 138023 86 0 1788978399 887580
0 138028 69 0 1788978399 888115
0 138066 66 0 1788978399 891068
0 138114 95 0 1788978399 894680
0 138127 68 0 1788978399 895588
0 138133 68 0 1788978399 896036
0 138147 79 0 1788978399 897197
0 138173 86 0 1788978399 899392
0 138196 78 0 1788978399 901411
0 138208 108 0 1788978399 902481
0 138320 88 0 1788978399 912483
0 138381 83 0 1788978399 918035
0 138385 68 0 1788978399 918322
0 138392 78 0 1788978399 918918
0 138415 74 0 1788978399 920964
0 138442 87 0 1788978399 923258
0 138454 94 0 1788978399 924525
0 138461 105 0 1788978399 925240
0 138510 72 0 1788978399 929151
0 138550 67 0 1788978399 932286
0 138571 64 0 1788978399 933920
0 138574 81 0 1788978399 934135
0 138639 69 0 1788978399 939121
0 138649 62 0 1788978399 939896
0 138667 76 0 1788978399 941256
0 138681 58 0 1788978399 942291
0 138698 74 0 1788978399 943530
0 138709 75 0 1788978399 944405
0 138714 67 0 1788978399 944784
0 138765 89 0 1788978399 948527
0 138781 78 0 1788978399 949781
0 138838 75 0 1788978399 954258
0 138853 68 0 1788978399 955385
0 138857 77 0 1788978399 955700
0 138874 101 0 1788978399 957019
0 138883 99 0 1788978399 957687
0 138884 75 0 1788978399 957766
0 138916 80 0 1788978399 960258
0 138925 61 0 1788978399 960967
0 138928 66 0 1788978399 961169
0 138931 60 0 1788978399 961361
0 138933 62 0 1788978399 961487
0 138942 71 0 1788978399 962173
0 138978 78 0 1788978399 964945
0 138995 76 0 1788978399 966230
0 139003 69 0 1788978399 966814
0 139054 95 0 1788978399 970706
0 139080 88 0 1788978399 972879
0 139092 80 0 1788978399 973865
0 139121 120 0 1788978399 976395
0 139127 67 0 1788978399 976846
0 139215 70 0 1788978399 983326
0 139223 67 0 1788978399 984019
0 139253 81 0 1788978399 986501
0 139262 91 0 1788978399 987172
0 139274 67 0 1788978399 988061
0 139276 94 0 1788978399 988227
0 139280 64 0 1788978399 988533
0 139306 71 0 1788978399 990416
0 139322 79 0 1788978399 991647
0 139350 86 0 1788978399 993888
0 139387 61 0 1788978399 996771
0 139398 68 0 1788978399 997546
0 139405 70 0 1788978399 998079
0 139409 82 0 1788978399 998407
0 139431 87 0 1788978400 218
0 139433 89 0 1788978400 397
0 139446 83 0 1788978400 1423
0 139455 84 0 1788978400 2131
0 139478 72 0 1788978400 4065
0 139480 62 0 1788978400 4200
0 139499 126 0 1788978400 5724
0 139576 72 0 1788978400 12490
0 139588 70 0 1788978400 13383
0 139602 77 0 1788978400 14439
0 139613 64 0 1788978400 15341
0 139621 72 0 1788978400 15907
0 139643 75 0 1788978400 17436
0 139646 89 0 1788978400 17671
0 139676 86 0 1788978400 19979
0 139705 66 0 1788978400 22217
0 139756 60 0 1788978400 26120
0 139762 63 0 1788978400 26517
0 139765 74 0 1788978400 26764
0 139775 90 0 1788978400 27514
0 139779 67 0 1788978400 27842
0 139805 85 0 1788978400 29811
0 139841 66 0 1788978400 32383
0 139868 69 0 1788978400 34456
0 139888 77 0 1788978400 36010
0 139921 75 0 1788978400 38535
0 139952 77 0 1788978400 40914
0 139998 76 0 1788978400 44857
0 140016 63 0 1788978400 46499
0 140031 71 0 1788978400 47568
0 140046 79 0 1788978400 48780
0 140072 74 0 1788978400 50737
0 140095 74 0 1788978400 52444
0 140101 82 0 1788978400 52924
0 140119 83 0 1788978400 54275
0 140169 69 0 1788978400 58078
0 140178 75 0 1788978400 58725
0 140186 66 0 1788978400 59248
0 140191 115 0 1788978400 59649
0 140197 64 0 1788978400 60072
0 140203 72 0 1788978400 60452
0 140225 76 0 1788978400 62088
0 140266 77 0 1788978400 65146
0 140309 73 0 1788978400 68318
0 140337 92 0 1788978400 70548
0 140385 88 0 1788978400 74133
0 140402 66 0 1788978400 75455
0 140416 69 0 1788978400 76477
0 140424 67 0 1788978400 77102
0 140433 63 0 1788978400 77779
0 140538 72 0 1788978400 85426
0 140571 73 0 1788978400 87842
0 140595 82 0 1788978400 89721
0 140598 68 0 1788978400 89933
0 140617 83 0 1788978400 91297
0 140661 82 0 1788978400 94584
0 140675 111 0 1788978400 95760
0 140677 100 0 1788978400 95942
0 140682 78 0 1788978400 96345
0 140702 91 0 1788978400 98007
0 140717 80 0 1788978400 99274
0 140738 85 0 1788978400 100934
0 140748 69 0 1788978400 101654
0 140761 79 0 1788978400 102565
0 140766 87 0 1788978400 103015
0 140774 80 0 1788978400 103649
0 140775 70 0 1788978400 103722
0 140786 66 0 1788978400 104570
0 140806 79 0 1788978400 106189
0 140814 83 0 1788978400 106860
0 140842 64 0 1788978400 109143
0 140845 91 0 1788978400 109421
0 140864 59 0 1788978400 110750
0 140872 73 0 1788978400 111319
0 140883 64 0 1788978400 112188
0 140887 61 0 1788978400 112441
0 140928 63 0 1788978400 115310
0 140944 62 0 1788978400 116512
0 140951 56 0 1788978400 117086
0 140973 74 0 1788978400 118817
0 141004 57 0 1788978400 120934
0 141009 62 0 1788978400 121240
0 141023 66 0 1788978400 122226
0 141039 67 0 1788978400 123300
0 141096 66 0 1788978400 127508
0 141101 65 0 1788978400 127846
0 141125 66 0 1788978400 129524
0 141134 61 0 1788978400 130168
0 141144 64 0 1788978400 130861
0 141175 78 0 1788978400 133133
0 141199 80 0 1788978400 134841
0 141213 87 0 1788978400 136048
0 141224 54 0 1788978400 137150
0 141233 63 0 1788978400 137846
0 141291 59 0 1788978400 142114
0 141318 61 0 1788978400 144049
0 141360 72 0 1788978400 147105
0 141466 84 0 1788978400 155286
0 141475 84 0 1788978400 155924
0 141481 60 0 1788978400 156372
0 141502 67 0 1788978400 158041
0 141520 81 0 1788978400 159359
0 141538 65 0 1788978400 160844
0 141562 70 0 1788978400 162449
0 141600 73 0 1788978400 165110
0 141621 89 0 1788978400 166709
0 141655 81 0 1788978400 169243
0 141671 68 0 1788978400 170573
0 141693 80 0 1788978400 172516
0 141695 78 0 1788978400 172681
0 141702 0 0 1788978400 173387
0 141723 64 0 1788978400 175175
0 141755 70 0 1788978400 177624
0 141758 87 0 1788978400 177862
0 141770 64 0 1788978400 178796
0 141854 77 0 1788978400 185154
0 141866 70 0 1788978400 185995
0 141870 69 0 1788978400 186280
0 141921 76 0 1788978400 190461
0 141952 71 0 1788978400 192758
0 141956 84 0 1788978400 193133
0 141962 100 0 1788978400 193647
0 141971 97 0 1788978400 194519
0 141976 89 0 1788978400 194982
0 142020 67 0 1788978400 198201
0 142028 64 0 1788978400 198760
0 142035 62 0 1788978400 199226
0 142065 67 0 1788978400 201533
0 142070 66 0 1788978400 201963
0 142083 72 0 1788978400 202814
0 142095 78 0 1788978400 203644
0 142141 56 0 1788978400 206417
0 142161 73 0 1788978400 207961
0 142194 70 0 1788978400 210439
0 142208 70 0 1788978400 211513
0 142223 57 0 1788978400 212517
0 142231 64 0 1788978400 213081
0 142243 67 0 1788978400 213887
0 142263 92 0 1788978400 215269
0 142276 62 0 1788978400 216275
0 142293 72 0 1788978400 217436
0 142301 66 0 1788978400 218031
0 142335 95 0 1788978400 220661
0 142342 82 0 1788978400 221156
0 142365 70 0 1788978400 222931
0 142383 91 0 1788978400 224207
0 142386 59 0 1788978400 224416
0 142400 92 0 1788978400 225510
0 142407 83 0 1788978400 226072
0 142411 73 0 1788978400 226384
0 142425 62 0 1788978400 227445
0 142488 58 0 1788978400 232147
0 142503 64 0 1788978400 233269
0 142509 123 0 1788978400 233692
0 142531 65 0 1788978400 235244
0 142558 65 0 1788978400 237091
0 142569 69 0 1788978400 237854
0 142592 69 0 1788978400 239569
0 142602 80 0 1788978400 240323
0 142627 56 0 1788978400 242283
0 142632 118 0 1788978400 242670
0 142634 57 0 1788978400 242801
0 142659 70 0 1788978400 244534
0 142672 68 0 1788978400 245461
0 142696 69 0 1788978400 247245
0 142703 71 0 1788978400 247747
0 142760 77 0 1788978400 252483
0 142778 84 0 1788978400 254346
0 142783 92 0 1788978400 254825
0 142807 84 0 1788978400 256724
0 142815 87 0 1788978400 257323
0 142826 58 0 1788978400 258061
0 142828 59 0 1788978400 258184
0 142839 79 0 1788978400 258943
0 142896 91 0 1788978400 263662
0 142897 76 0 1788978400 263742
0 142904 63 0 1788978400 264297
0 142922 86 0 1788978400 265826
0 142959 78 0 1788978400 268717
0 142964 83 0 1788978400 269083
0 142982 72 0 1788978400 270415
0 142986 102 0 1788978400 270779
0 143017 72 0 1788978400 273063
0 143094 70 0 1788978400 279103
0 143131 74 0 1788978400 281856
0 143158 74 0 1788978400 284063
0 143183 64 0 1788978400 286032
0 143209 63 0 1788978400 287925
0 143224 73 0 1788978400 289079
0 143235 71 0 1788978400 289996
0 143255 75 0 1788978400 291515
0 143259 76 0 1788978400 291838
0 143277 68 0 1788978400 293216
0 143313 73 0 1788978400 295819
0 143315 73 0 1788978400 295974
0 143371 81 0 1788978400 300541
0 143382 86 0 1788978400 301480
0 143415 108 0 1788978400 304300
0 143419 91 0 1788978400 304604
0 143464 93 0 1788978400 308079
0 143465 80 0 1788978400 308163
0 143477 59 0 1788978400 308922
0 143478 97 0 1788978400 309023
0 143526 67 0 1788978400 312457
0 143552 77 0 1788978400 314397
0 143584 59 0 1788978400 317341
0 143601 97 0 1788978400 318875
0 143612 74 0 1788978400 319814
0 143629 104 0 1788978400 321295
0 143676 71 0 1788978400 324581
0 143725 68 0 1788978400 328119
0 143733 90 0 1788978400 328675
0 143746 102 0 1788978400 329994
0 143751 0 0 1788978400 330421
0 143767 80 0 1788978400 331815
0 143769 82 0 1788978400 331994
0 143820 0 0 1788978400 336611
0 143867 58 0 1788978400 340870
0 143870 63 0 1788978400 341076
0 143886 87 0 1788978400 342509
0 143896 89 0 1788978400 343373
0 143922 79 0 1788978400 345283
0 143930 62 0 1788978400 345878
0 143968 79 0 1788978400 348898
0 143975 77 0 1788978400 349396
0 143980 90 0 1788978400 349805
0 144002 80 0 1788978400 351441
0 144012 71 0 1788978400 352324
0 144023 109 0 1788978400 353283
0 144031 84 0 1788978400 354286
0 144035 76 0 1788978400 354607
0 144036 102 0 1788978400 354719
0 144043 80 0 1788978400 355406
0 144092 73 0 1788978400 359429
0 144104 100 0 1788978400 360449
0 144127 75 0 1788978400 362289
0 144151 70 0 1788978400 364068
0 144168 68 0 1788978400 365321
0 144179 67 0 1788978400 366158
0 144247 76 0 1788978400 371229
0 144254 98 0 1788978400 371753
0 144260 63 0 1788978400 372190
0 144266 108 0 1788978400 372717
0 144279 124 0 1788978400 373863
0 144283 70 0 1788978400 374161
0 144301 75 0 1788978400 375410
0 144302 67 0 1788978400 375482
0 144321 92 0 1788978400 376980
0 144338 64 0 1788978400 378312
0 144393 96 0 1788978400 382590
0 144408 80 0 1788978400 383723
0 144452 99 0 1788978400 387222
0 144524 117 0 1788978400 392536
0 144525 99 0 1788978400 392640
0 144533 69 0 1788978400 393252
0 144666 71 0 1788978400 403217
0 144690 86 0 1788978400 404966
0 144700 77 0 1788978400 405663
0 144726 72 0 1788978400 407731
0 144751 81 0 1788978400 409583
0 144763 63 0 1788978400 410517
0 144793 72 0 1788978400 412727
0 144893 79 0 1788978400 421035
0 144938 71 0 1788978400 424597
0 144959 74 0 1788978400 426236
0 144999 91 0 1788978400 429293
0 145002 65 0 1788978400 429493
0 145007 74 0 1788978400 429891
0 145016 89 0 1788978400 430622
0 145039 78 0 1788978400 432581
0 145043 80 0 1788978400 432928
0 145080 69 0 1788978400 435956
0 145100 85 0 1788978400 437527
0 145127 88 0 1788978400 439879
0 145133 84 0 1788978400 440413
0 145148 0 0 1788978400 441788
0 145151 72 0 1788978400 442055
0 145161 75 0 1788978400 442851
0 145169 84 0 1788978400 443552
0 145225 0 0 1788978400 448588
0 145264 83 0 1788978400 452111
0 145276 62 0 1788978400 452962
0 145279 79 0 1788978400 453175
0 145296 60 0 1788978400 454344
0 145304 63 0 1788978400 455404
0 145316 0 0 1788978400 456228
0 145333 60 0 1788978400 457473
0 145337 67 0 1788978400 457755
0 145348 60 0 1788978400 458415
0 145352 101 0 1788978400 458706
0 145358 59 0 1788978400 459082
0 145363 65 0 1788978400 459391
0 145437 68 0 1788978400 465203
0 145442 94 0 1788978400 465636
0 145451 73 0 1788978400 466322
0 145474 80 0 1788978400 468268
0 145490 71 0 1788978400 469566
0 145529 86 0 1788978400 473086
0 145543 100 0 1788978400 474255
0 145595 142 0 1788978400 478730
0 145612 94 0 1788978400 480319
0 145627 92 0 1788978400 481639
0 145652 85 0 1788978400 483797
0 145658 79 0 1788978400 484258
0 145665 97 0 1788978400 484877
0 145725 83 0 1788978400 489994
0 145781 96 0 1788978400 494445
0 145829 80 0 1788978400 498166
0 145871 61 0 1788978400 501231
0 145883 59 0 1788978400 502080
0 145896 91 0 1788978400 503136
0 145899 75 0 1788978400 503414
0 145923 109 0 1788978400 505399
0 145924 96 0 1788978400 505499
0 145940 70 0 1788978400 506770
0 145966 71 0 1788978400 508816
0 145967 83 0 1788978400 508903
0 145995 140 0 1788978400 511659
0 145998 73 0 1788978400 511912
0 146017 98 0 1788978400 513561
0 146033 120 0 1788978400 514950
0 146050 63 0 1788978400 516323
0 146125 76 0 1788978400 524406
0 146134 80 0 1788978400 525259
0 146139 95 0 1788978400 525748
0 146186 86 0 1788978400 529985
0 146198 66 0 1788978400 531073
0 146205 121 0 1788978400 531765
0 146241 87 0 1788978400 535008
0 146273 100 0 1788978400 537667
0 146280 89 0 1788978400 538229
0 146305 137 0 1788978400 540728
0 146314 88 0 1788978400 541500
0 146323 93 0 1788978400 542516
0 146391 0 0 1788978400 549447
0 146393 84 0 1788978400 549621
0 146407 0 0 1788978400 550831
0 146411 73 0 1788978400 551132
0 146449 92 0 1788978400 554444
0 146451 125 0 1788978400 554665
0 146482 80 0 1788978400 557537
0 146489 69 0 1788978400 558107
0 146497 0 0 1788978400 558884
0 146518 114 0 1788978400 560681
0 146526 77 0 1788978400 561333
1 20 42 0 1788978390 580448
1 66 46 0 1788978390 584673
1 73 85 0 1788978390 585135
1 75 118 0 1788978390 585339
1 82 80 0 1788978390 585949
1 84 84 0 1788978390 586111
1 99 59 0 1788978390 587284
1 111 77 0 1788978390 588109
1 138 88 0 1788978390 590585
1 167 63 0 1788978390 592424
1 182 58 0 1788978390 593311
1 191 70 0 1788978390 593989
1 194 53 0 1788978390 594165
1 196 60 0 1788978390 594346
1 233 104 0 1788978390 596674
1 238 74 0 1788978390 597062
1 239 76 0 1788978390 597140
1 291 69 0 1788978390 600927
1 297 72 0 1788978390 601375
1 299 72 0 1788978390 601522
1 367 87 0 1788978390 606170
1 382 54 0 1788978390 607098
1 386 61 0 1788978390 607387
1 429 58 0 1788978390 610424
1 430 74 0 1788978390 610501
1 470 67 0 1788978390 613687
1 480 0 0 1788978390 614549
1 481 80 0 1788978390 614633
1 483 83 0 1788978390 614804
1 504 58 0 1788978390 616453
1 527 63 0 1788978390 618054
1 533 71 0 1788978390 618555
1 542 66 0 1788978390 619308
1 613 66 0 1788978390 624454
1 644 0 0 1788978390 626658
1 719 68 0 1788978390 631476
1 746 57 0 1788978390 633270
1 749 62 0 1788978390 633457
1 762 74 0 1788978390 634365
1 776 58 0 1788978390 635255
1 782 58 0 1788978390 635571
1 784 58 0 1788978390 635714
1 794 49 0 1788978390 636240
1 803 50 0 1788978390 636704
1 824 48 0 1788978390 637720
1 866 45 0 1788978390 639893
1 878 0 0 1788978390 640434
1 886 0 0 1788978390 640802
1 945 69 0 1788978390 644142
1 963 49 0 1788978390 645446
1 981 58 0 1788978390 646463
1 999 92 0 1788978390 647687
1 1002 54 0 1788978390 647895
1 1020 52 0 1788978390 649056
1 1072 68 0 1788978390 652580
1 1121 70 0 1788978390 656026
1 1219 60 0 1788978390 662649
1 1226 61 0 1788978390 663092
1 1228 68 0 1788978390 663224
1 1255 56 0 1788978390 664994
1 1264 49 0 1788978390 665511
1 1267 84 0 1788978390 665729
1 1268 71 0 1788978390 665803
1 1271 68 0 1788978390 666014
1 1288 0 0 1788978390 667177
1 1305 0 0 1788978390 668507
1 1306 93 0 1788978390 668604
1 1311 0 0 1788978390 669052
1 1319 73 0 1788978390 669834
1 1320 72 0 1788978390 669909
1 1334 70 0 1788978390 670839
1 1357 67 0 1788978390 672807
1 1366 65 0 1788978390 673410
1 1400 76 0 1788978390 675920
1 1408 62 0 1788978390 676464
1 1410 62 0 1788978390 676590
1 1420 70 0 1788978390 677273
1 1431 71 0 1788978390 678067
1 1470 65 0 1788978390 680752
1 1472 65 0 1788978390 680889
1 1478 65 0 1788978390 681290
1 1482 65 0 1788978390 681556
1 1496 67 0 1788978390 682506
1 1519 74 0 1788978390 684028
1 1527 76 0 1788978390 684622
1 1530 73 0 1788978390 684849
1 1536 64 0 1788978390 685293
1 1538 64 0 1788978390 685422
1 1566 77 0 1788978390 687188
1 1600 62 0 1788978390 689548
1 1631 101 0 1788978390 692796
1 1666 61 0 1788978390 695739
1 1668 420 0 1788978390 696225
1 1672 74 0 1788978390 696559
1 1684 71 0 1788978390 697860
1 1697 66 0 1788978390 699178
1 1700 439 0 1788978390 699755
1 1704 93 0 1788978390 700097
1 1713 111 0 1788978390 700873
1 1736 77 0 1788978390 702845
1 1741 85 0 1788978390 703202
1 1779 118 0 1788978390 706094
1 1786 80 0 1788978390 706591
1 1838 64 0 1788978390 711125
1 1857 70 0 1788978390 712431
1 1869 62 0 1788978390 713417
1 1903 64 0 1788978390 715761
1 1927 68 0 1788978390 717422
1 1962 74 0 1788978390 720058
1 1977 100 0 1788978390 721316
1 1994 69 0 1788978390 723049
1 2014 69 0 1788978390 724513
1 2017 72 0 1788978390 724790
1 2025 90 0 1788978390 725532
1 2122 66 0 1788978390 733472
1 2155 63 0 1788978390 735964
1 2161 66 0 1788978390 736352
1 2192 52 0 1788978390 738854
1 2193 56 0 1788978390 738913
1 2195 79 0 1788978390 739054
1 2212 116 0 1788978390 740532
1 2215 110 0 1788978390 740987
1 2221 104 0 1788978390 741597
1 2226 80 0 1788978390 742270
1 2251 81 0 1788978390 744493
1 2252 81 0 1788978390 744575
1 2286 75 0 1788978390 747182
1 2292 80 0 1788978390 747653
1 2328 62 0 1788978390 749604
1 2331 61 0 1788978390 749807
1 2345 0 0 1788978390 751204
1 2371 45 0 1788978390 752567
1 2386 71 0 1788978390 753749
1 2397 115 0 1788978390 754654
1 2418 89 0 1788978390 756675
1 2448 57 0 1788978390 760596
1 2454 84 0 1788978390 761206
1 2462 72 0 1788978390 761896
1 2499 71 0 1788978390 764791
1 2529 70 0 1788978390 767082
1 2546 63 0 1788978390 768126
1 2556 66 0 1788978390 768726
1 2632 85 0 1788978390 773638
1 2638 0 0 1788978390 774065
1 2640 65 0 1788978390 774197
1 2650 73 0 1788978390 774880
1 2659 52 0 1788978390 775469
1 2671 55 0 1788978390 776196
1 2686 55 0 1788978390 777064
1 2698 57 0 1788978390 777789
1 2715 97 0 1788978390 778874
1 2739 69 0 1788978390 780474
1 2770 65 0 1788978390 782379
1 2785 79 0 1788978390 783294
1 2799 65 0 1788978390 784234
1 2826 52 0 1788978390 786287
1 2830 66 0 1788978390 786552
1 2866 57 0 1788978390 788848
1 2891 61 0 1788978390 790591
1 2911 54 0 1788978390 791818
1 2914 59 0 1788978390 791986
1 2924 58 0 1788978390 792540
1 2948 0 0 1788978390 794040
1 2949 0 0 1788978390 794106
1 2961 0 0 1788978390 794853
1 2990 69 0 1788978390 796724
1 2997 55 0 1788978390 797116
1 3029 0 0 1788978390 799181
1 3049 0 0 1788978390 800458
1 3082 92 0 1788978390 802639
1 3107 67 0 1788978390 804481
1 3121 60 0 1788978390 805401
1 3129 61 0 1788978390 805865
1 3156 60 0 1788978390 807747
1 3173 58 0 1788978390 808906
1 3185 0 0 1788978390 809768
1 3199 52 0 1788978390 810672
1 3206 59 0 1788978390 811069
1 3236 67 0 1788978390 813337
1 3242 72 0 1788978390 813700
1 3257 129 0 1788978390 814761
1 3270 83 0 1788978390 815651
1 3275 51 0 1788978390 815945
1 3311 65 0 1788978390 818059
1 3343 74 0 1788978390 820319
1 3365 78 0 1788978390 821997
1 3410 61 0 1788978390 825191
1 3418 79 0 1788978390 825677
1 3431 71 0 1788978390 826471
1 3444 56 0 1788978390 827249
1 3466 73 0 1788978390 828549
1 3467 83 0 1788978390 828635
1 3506 54 0 1788978390 831320
1 3529 77 0 1788978390 832643
1 3560 74 0 1788978390 834538
1 3621 81 0 1788978390 839050
1 3673 53 0 1788978390 842257
1 3678 98 0 1788978390 842644
1 3685 68 0 1788978390 843170
1 3752 55 0 1788978390 847382
1 3776 67 0 1788978390 848859
1 3781 62 0 1788978390 849210
1 3782 70 0 1788978390 849284
1 3830 77 0 1788978390 852194
1 3831 78 0 1788978390 852276
1 3868 69 0 1788978390 854858
1 3883 76 0 1788978390 855955
1 3898 51 0 1788978390 856962
1 3899 59 0 1788978390 857023
1 3971 64 0 1788978390 862739
1 3990 84 0 1788978390 864043
1 4020 80 0 1788978390 866203
1 4025 54 0 1788978390 866574
1 4027 56 0 1788978390 866725
1 4069 59 0 1788978390 869878
1 4076 78 0 1788978390 870411
1 4113 97 0 1788978390 873332
1 4119 92 0 1788978390 873861
1 4130 74 0 1788978390 874833
1 4137 75 0 1788978390 875381
1 4160 0 0 1788978390 877195
1 4195 68 0 1788978390 880056
1 4208 70 0 1788978390 880942
1 4223 75 0 1788978390 882356
1 4228 69 0 1788978390 882772
1 4260 55 0 1788978390 884767
1 4266 53 0 1788978390 885087
1 4301 56 0 1788978390 887156
1 4332 54 0 1788978390 888955
1 4334 54 0 1788978390 889069
1 4347 0 0 1788978390 889872
1 4354 56 0 1788978390 890275
1 4362 61 0 1788978390 890732
1 4368 68 0 1788978390 891111
1 4369 71 0 1788978390 891185
1 4380 64 0 1788978390 891928
1 4440 69 0 1788978390 895789
1 4472 53 0 1788978390 898086
1 4481 49 0 1788978390 898552
1 4508 58 0 1788978390 900532
1 4537 65 0 1788978390 902264
1 4574 67 0 1788978390 904610
1 4628 260 0 1788978390 908451
1 4629 95 0 1788978390 908550
1 4645 74 0 1788978390 910003
1 4660 68 0 1788978390 911094
1 4724 70 0 1788978390 915603
1 4756 78 0 1788978390 917742
1 4775 63 0 1788978390 919091
1 4801 59 0 1788978390 920969
1 4805 59 0 1788978390 921206
1 4838 63 0 1788978390 923435
1 4840 69 0 1788978390 923572
1 4849 58 0 1788978390 924191
1 4852 57 0 1788978390 924380
1 4891 59 0 1788978390 926698
1 4936 78 0 1788978390 929824
1 4957 58 0 1788978390 931246
1 4962 110 0 1788978390 931640
1 4989 53 0 1788978390 933315
1 5026 53 0 1788978390 935792
1 5029 73 0 1788978390 935999
1 5031 80 0 1788978390 936139
1 5033 68 0 1788978390 936272
1 5046 47 0 1788978390 937058
1 5060 0 0 1788978390 937862
1 5062 0 0 1788978390 937997
1 5096 73 0 1788978390 940624
1 5130 59 0 1788978390 943037
1 5176 58 0 1788978390 946181
1 5190 58 0 1788978390 947041
1 5199 76 0 1788978390 947591
1 5203 68 0 1788978390 947887
1 5217 123 0 1788978390 949185
1 5239 70 0 1788978390 950943
1 5293 119 0 1788978390 955541
1 5318 60 0 1788978390 957884
1 5339 91 0 1788978390 959334
1 5357 74 0 1788978390 960733
1 5369 62 0 1788978390 961589
1 5376 58 0 1788978390 962104
1 5388 69 0 1788978390 962972
1 5399 65 0 1788978390 963765
1 5421 85 0 1788978390 965249
1 5425 53 0 1788978390 965512
1 5452 69 0 1788978390 967335
1 5465 62 0 1788978390 968398
1 5471 56 0 1788978390 968780
1 5484 57 0 1788978390 969541
1 5488 81 0 1788978390 969833
1 5515 59 0 1788978390 971592
1 5517 55 0 1788978390 971706
1 5520 48 0 1788978390 971870
1 5547 91 0 1788978390 973874
1 5596 68 0 1788978390 977305
1 5603 87 0 1788978390 977853
1 5612 60 0 1788978390 978427
1 5616 88 0 1788978390 978686
1 5617 64 0 1788978390 978754
1 5635 65 0 1788978390 979869
1 5667 50 0 1788978390 981853
1 5672 69 0 1788978390 982157
1 5734 80 0 1788978390 987322
1 5768 60 0 1788978390 989815
1 5872 68 0 1788978390 996712
1 5876 58 0 1788978390 996971
1 5877 79 0 1788978390 997053
1 5894 72 0 1788978390 998023
1 5895 67 0 1788978390 998092
1 5898 59 0 1788978390 998297
1 5938 57 0 1788978391 972
1 5940 75 0 1788978391 1110
1 5964 0 0 1788978391 2977
1 5966 68 0 1788978391 3131
1 5969 455 0 1788978391 3743
1 5983 70 0 1788978391 4819
1 6035 79 0 1788978391 9363
1 6040 59 0 1788978391 9773
1 6092 53 0 1788978391 13258
1 6112 59 0 1788978391 14388
1 6144 81 0 1788978391 16552
1 6167 70 0 1788978391 18220
1 6179 70 0 1788978391 18981
1 6239 53 0 1788978391 23002
1 6270 82 0 1788978391 25366
1 6279 66 0 1788978391 25993
1 6286 80 0 1788978391 26484
1 6297 60 0 1788978391 27162
1 6309 59 0 1788978391 27884
1 6364 70 0 1788978391 31882
1 6374 53 0 1788978391 32525
1 6394 58 0 1788978391 33863
1 6399 59 0 1788978391 34211
1 6415 68 0 1788978391 35137
1 6433 64 0 1788978391 36249
1 6455 64 0 1788978391 37735
1 6468 61 0 1788978391 38556
1 6520 71 0 1788978391 43855
1 6522 63 0 1788978391 43991
1 6560 85 0 1788978391 46780
1 6564 64 0 1788978391 47023
1 6633 56 0 1788978391 51256
1 6647 61 0 1788978391 52378
1 6683 49 0 1788978391 54477
1 6714 57 0 1788978391 56229
1 6785 54 0 1788978391 61278
1 6909 55 0 1788978391 69321
1 6925 58 0 1788978391 70393
1 6978 67 0 1788978391 73756
1 7002 67 0 1788978391 75255
1 7046 59 0 1788978391 78108
1 7054 56 0 1788978391 78576
1 7072 66 0 1788978391 79865
1 7074 0 0 1788978391 79991
1 7108 81 0 1788978391 82218
1 7119 58 0 1788978391 82904
1 7122 55 0 1788978391 83069
1 7144 84 0 1788978391 84555
1 7170 87 0 1788978391 86238
1 7172 63 0 1788978391 86375
1 7185 56 0 1788978391 87226
1 7190 70 0 1788978391 87554
1 7217 64 0 1788978391 89352
1 7238 65 0 1788978391 90698
1 7257 70 0 1788978391 92071
1 7298 77 0 1788978391 94967
1 7305 75 0 1788978391 95583
1 7376 64 0 1788978391 100539
1 7384 59 0 1788978391 101081
1 7391 60 0 1788978391 101517
1 7414 68 0 1788978391 105167
1 7460 79 0 1788978391 108679
1 7469 85 0 1788978391 110378
1 7472 85 0 1788978391 110636
1 7477 67 0 1788978391 111037
1 7488 69 0 1788978391 111822
1 7502 82 0 1788978391 112895
1 7505 81 0 1788978391 113142
1 7526 71 0 1788978391 114694
1 7565 76 0 1788978391 117550
1 7595 99 0 1788978391 119804
1 7617 69 0 1788978391 121463
1 7658 70 0 1788978391 124583
1 7659 78 0 1788978391 124666
1 7693 70 0 1788978391 127087
1 7701 76 0 1788978391 127668
1 7702 85 0 1788978391 127755
1 7705 83 0 1788978391 128005
1 7721 75 0 1788978391 129333
1 7782 69 0 1788978391 133993
1 7789 68 0 1788978391 134485
1 7824 88 0 1788978391 136868
1 7837 70 0 1788978391 137886
1 7858 60 0 1788978391 139327
1 7877 81 0 1788978391 141588
1 7879 80 0 1788978391 141763
1 7941 71 0 1788978391 146375
1 7942 71 0 1788978391 146451
1 8033 76 0 1788978391 152836
1 8044 81 0 1788978391 153683
1 8059 63 0 1788978391 154735
1 8098 52 0 1788978391 157003
1 8119 50 0 1788978391 158194
1 8164 59 0 1788978391 161582
1 8172 80 0 1788978391 162130
1 8173 70 0 1788978391 162204
1 8174 62 0 1788978391 162269
1 8232 59 0 1788978391 165543
1 8253 55 0 1788978391 166734
1 8254 54 0 1788978391 166792
1 8274 53 0 1788978391 167930
1 8298 0 0 1788978391 169832
1 8320 309 0 1788978391 175631
1 8321 245 0 1788978391 175882
1 8325 78 0 1788978391 176289
1 8326 0 0 1788978391 176369
1 8336 64 0 1788978391 177309
1 8352 63 0 1788978391 178376
1 8364 71 0 1788978391 179225
1 8378 70 0 1788978391 180284
1 8435 74 0 1788978391 184192
1 8503 73 0 1788978391 189057
1 8504 74 0 1788978391 189137
1 8529 67 0 1788978391 191046
1 8533 66 0 1788978391 191319
1 8544 67 0 1788978391 192098
1 8551 67 0 1788978391 192573
1 8613 78 0 1788978391 197673
1 8708 88 0 1788978391 204717
1 8709 64 0 1788978391 204786
1 8740 63 0 1788978391 206886
1 8769 69 0 1788978391 208967
1 8784 59 0 1788978391 210241
1 8791 63 0 1788978391 210682
1 8820 73 0 1788978391 212501
1 8869 62 0 1788978391 215760
1 8901 63 0 1788978391 217852
1 8920 61 0 1788978391 219049
1 8978 60 0 1788978391 222829
1 8979 60 0 1788978391 222893
1 8996 57 0 1788978391 223936
1 9088 62 0 1788978391 230203
1 9118 58 0 1788978391 232182
1 9123 59 0 1788978391 232494
1 9157 51 0 1788978391 235569
1 9160 53 0 1788978391 235818
1 9177 85 0 1788978391 236684
1 9188 51 0 1788978391 237276
1 9204 67 0 1788978391 238321
1 9218 98 0 1788978391 239333
1 9226 55 0 1788978391 239908
1 9287 46 0 1788978391 243607
1 9330 50 0 1788978391 245914
1 9337 61 0 1788978391 246313
1 9346 52 0 1788978391 246785
1 9355 47 0 1788978391 247186
1 9358 38 0 1788978391 247313
1 9414 35 0 1788978391 250409
1 9420 52 0 1788978391 250740
1 9499 159 0 1788978391 255716
1 9550 55 0 1788978391 259756
1 9557 53 0 1788978391 260136
1 9559 53 0 1788978391 260245
1 9600 674 0 1788978391 263233
1 9622 79 0 1788978391 264977
1 9634 62 0 1788978391 265867
1 9652 66 0 1788978391 267170
1 9727 46 0 1788978391 271373
1 9780 55 0 1788978391 274359
1 9788 58 0 1788978391 274806
1 9802 56 0 1788978391 275542
1 9869 64 0 1788978391 279288
1 9918 47 0 1788978391 281966
1 9919 47 0 1788978391 282017
1 9927 54 0 1788978391 282446
1 9942 52 0 1788978391 283248
1 9947 48 0 1788978391 283496
1 9969 57 0 1788978391 284642
1 10002 55 0 1788978391 286343
1 10008 59 0 1788978391 286700
1 10013 82 0 1788978391 287018
1 10026 45 0 1788978391 287754
1 10038 56 0 1788978391 288462
1 10057 53 0 1788978391 289449
1 10131 55 0 1788978391 293590
1 10134 53 0 1788978391 293770
1 10184 47 0 1788978391 296512
1 10209 60 0 1788978391 297847
1 10252 58 0 1788978391 300228
1 10279 54 0 1788978391 301866
1 10328 57 0 1788978391 304452
1 10334 55 0 1788978391 304855
1 10356 62 0 1788978391 306307
1 10428 42 0 1788978391 310222
1 10452 54 0 1788978391 311400
1 10454 66 0 1788978391 311545
1 10460 67 0 1788978391 311931
1 10507 56 0 1788978391 314594
1 10511 59 0 1788978391 314853
1 10516 63 0 1788978391 315168
1 10533 68 0 1788978391 316759
1 10537 84 0 1788978391 317088
1 10554 76 0 1788978391 318399
1 10567 55 0 1788978391 319372
1 10573 74 0 1788978391 319855
1 10616 75 0 1788978391 323707
1 10650 78 0 1788978391 326000
1 10705 48 0 1788978391 329109
1 10721 62 0 1788978391 330143
1 10737 51 0 1788978391 331079
1 10756 69 0 1788978391 332598
1 10819 60 0 1788978391 337119
1 10835 95 0 1788978391 338255
1 10844 86 0 1788978391 339127
1 10866 45 0 1788978391 340414
1 10878 52 0 1788978391 340958
1 10881 52 0 1788978391 341136
1 10902 80 0 1788978391 342621
1 10920 62 0 1788978391 343743
1 10921 56 0 1788978391 343803
1 10971 58 0 1788978391 346523
1 10982 44 0 1788978391 347118
1 10984 46 0 1788978391 347211
1 10990 46 0 1788978391 347486
1 11000 46 0 1788978391 347987
1 11006 45 0 1788978391 348265
1 11013 45 0 1788978391 348597
1 11059 53 0 1788978391 351232
1 11120 51 0 1788978391 354780
1 11148 48 0 1788978391 356119
1 11168 54 0 1788978391 357231
1 11188 47 0 1788978391 358375
1 11192 52 0 1788978391 358579
1 11210 48 0 1788978391 359469
1 11285 45 0 1788978391 363540
1 11296 47 0 1788978391 364047
1 11313 48 0 1788978391 365012
1 11336 51 0 1788978391 366182
1 11356 40 0 1788978391 367082
1 11363 39 0 1788978391 367372
1 11378 53 0 1788978391 368017
1 11386 64 0 1788978391 368502
1 11427 51 0 1788978391 370868
1 11462 56 0 1788978391 372808
1 11479 49 0 1788978391 373721
1 11516 59 0 1788978391 375523
1 11612 51 0 1788978391 381290
1 11635 46 0 1788978391 382587
1 11651 73 0 1788978391 383654
1 11667 44 0 1788978391 384509
1 11677 46 0 1788978391 384995
1 11695 51 0 1788978391 385803
1 11700 49 0 1788978391 386047
1 11719 58 0 1788978391 387074
1 11731 51 0 1788978391 387752
1 11738 50 0 1788978391 388109
1 11741 51 0 1788978391 388266
1 11783 53 0 1788978391 390528
1 11784 54 0 1788978391 390585
1 11786 80 0 1788978391 390793
1 11868 89 0 1788978391 398224
1 11878 76 0 1788978391 399068
1 11883 94 0 1788978391 399472
1 11895 77 0 1788978391 400476
1 11899 69 0 1788978391 400806
1 11912 57 0 1788978391 401558
1 11945 80 0 1788978391 404950
1 12012 95 0 1788978391 410125
1 12017 68 0 1788978391 410599
1 12034 75 0 1788978391 411849
1 12049 88 0 1788978391 413138
1 12054 140 0 1788978391 413658
1 12060 80 0 1788978391 414139
1 12159 74 0 1788978391 422185
1 12184 89 0 1788978391 423978
1 12211 84 0 1788978391 425586
1 12219 55 0 1788978391 426080
1 12226 59 0 1788978391 426503
1 12229 73 0 1788978391 426758
1 12251 88 0 1788978391 428366
1 12261 78 0 1788978391 429151
1 12263 77 0 1788978391 429310
1 12266 70 0 1788978391 429544
1 12267 92 0 1788978391 429639
1 12302 56 0 1788978391 431940
1 12308 56 0 1788978391 432306
1 12310 65 0 1788978391 432437
1 12321 67 0 1788978391 433158
1 12333 70 0 1788978391 434011
1 12373 53 0 1788978391 436365
1 12388 72 0 1788978391 437394
1 12429 89 0 1788978391 440837
1 12437 66 0 1788978391 441393
1 12456 63 0 1788978391 442891
1 12530 69 0 1788978391 449738
1 12554 65 0 1788978391 451384
1 12616 85 0 1788978391 454602
1 12634 87 0 1788978391 455979
1 12638 88 0 1788978391 456337
1 12657 83 0 1788978391 458290
1 12691 89 0 1788978391 461076
1 12693 80 0 1788978391 461282
1 12709 78 0 1788978391 462949
1 12749 77 0 1788978391 466195
1 12751 81 0 1788978391 466348
1 12785 60 0 1788978391 468811
1 12798 50 0 1788978391 469604
1 12849 61 0 1788978391 473103
1 12858 81 0 1788978391 473658
1 12876 54 0 1788978391 474842
1 12885 76 0 1788978391 475470
1 12887 78 0 1788978391 475621
1 12899 88 0 1788978391 476415
1 12935 50 0 1788978391 478820
1 12936 65 0 1788978391 478889
1 12943 54 0 1788978391 479296
1 12949 86 0 1788978391 479678
1 12951 56 0 1788978391 479812
1 12975 65 0 1788978391 481136
1 12993 65 0 1788978391 482307
1 13014 67 0 1788978391 483541
1 13052 63 0 1788978391 486133
1 13061 70 0 1788978391 486754
1 13082 58 0 1788978391 488184
1 13084 89 0 1788978391 488336
1 13124 65 0 1788978391 491080
1 13126 63 0 1788978391 491209
1 13128 61 0 1788978391 491334
1 13173 105 0 1788978391 494776
1 13206 80 0 1788978391 497430
1 13208 83 0 1788978391 497590
1 13235 81 0 1788978391 499782
1 13243 72 0 1788978391 500531
1 13251 59 0 1788978391 501061
1 13266 58 0 1788978391 501958
1 13367 69 0 1788978391 509508
1 13415 72 0 1788978391 513181
1 13443 75 0 1788978391 515229
1 13452 77 0 1788978391 515890
1 13464 56 0 1788978391 516809
1 13475 93 0 1788978391 517502
1 13496 64 0 1788978391 518843
1 13506 53 0 1788978391 519459
1 13510 68 0 1788978391 519752
1 13527 48 0 1788978391 520838
1 13532 57 0 1788978391 521128
1 13552 57 0 1788978391 522186
1 13555 56 0 1788978391 522365
1 13573 108 0 1788978391 523673
1 13576 63 0 1788978391 523879
1 13586 55 0 1788978391 524434
1 13596 53 0 1788978391 525012
1 13624 51 0 1788978391 526822
1 13642 46 0 1788978391 527883
1 13656 69 0 1788978391 528635
1 13667 46 0 1788978391 529196
1 13685 53 0 1788978391 530100
1 13698 52 0 1788978391 530825
1 13718 50 0 1788978391 532063
1 13741 42 0 1788978391 533115
1 13758 53 0 1788978391 533906
1 13771 63 0 1788978391 534666
1 13772 58 0 1788978391 534727
1 13792 51 0 1788978391 535715
1 13811 42 0 1788978391 536594
1 13842 52 0 1788978391 538268
1 13861 53 0 1788978391 539447
1 13870 41 0 1788978391 539896
1 13925 89 0 1788978391 542921
1 13933 55 0 1788978391 543421
1 13937 43 0 1788978391 543609
1 13960 74 0 1788978391 544711
1 13962 57 0 1788978391 544832
1 13985 59 0 1788978391 546400
1 14001 46 0 1788978391 547252
1 14011 49 0 1788978391 547781
1 14012 47 0 1788978391 547830
1 14027 61 0 1788978391 548730
1 14033 56 0 1788978391 549064
1 14047 56 0 1788978391 549896
1 14061 55 0 1788978391 550640
1 14096 76 0 1788978391 552408
1 14145 43 0 1788978391 555069
1 14148 44 0 1788978391 555218
1 14151 42 0 1788978391 555348
1 14154 47 0 1788978391 555481
1 14198 63 0 1788978391 558023
1 14224 52 0 1788978391 559162
1 14242 64 0 1788978391 560244
1 14256 57 0 1788978391 561148
1 14283 51 0 1788978391 562504
1 14303 48 0 1788978391 563563
1 14328 58 0 1788978391 565008
1 14346 46 0 1788978391 565850
1 14355 42 0 1788978391 566242
1 14383 50 0 1788978391 567599
1 14404 53 0 1788978391 568705
1 14456 70 0 1788978391 571384
1 14472 56 0 1788978391 572450
1 14487 41 0 1788978391 573163
1 14494 37 0 1788978391 573431
1 14507 38 0 1788978391 574002
1 14528 58 0 1788978391 575365
1 14560 36 0 1788978391 577021
1 14581 92 0 1788978391 578157
1 14590 58 0 1788978391 578890
1 14627 77 0 1788978391 580921
1 14630 62 0 1788978391 581157
1 14631 51 0 1788978391 581212
1 14668 60 0 1788978391 583293
1 14669 43 0 1788978391 583340
1 14673 43 0 1788978391 583512
1 14705 53 0 1788978391 585030
1 14734 61 0 1788978391 586603
1 14743 44 0 1788978391 587030
1 14754 44 0 1788978391 587495
1 14765 40 0 1788978391 587966
1 14768 49 0 1788978391 588096
1 14780 63 0 1788978391 588821
1 14788 66 0 1788978391 589328
1 14811 40 0 1788978391 590581
1 14843 54 0 1788978391 591983
1 14856 86 0 1788978391 592905
1 14922 51 0 1788978391 596829
1 14967 40 0 1788978391 599108
1 14978 50 0 1788978391 599625
1 14984 58 0 1788978391 599938
1 14991 82 0 1788978391 600411
1 15063 56 0 1788978391 604092
1 15071 65 0 1788978391 604559
1 15080 60 0 1788978391 605112
1 15095 47 0 1788978391 605964
1 15110 45 0 1788978391 606610
1 15120 56 0 1788978391 607075
1 15129 56 0 1788978391 607576
1 15153 50 0 1788978391 608876
1 15159 50 0 1788978391 609167
1 15170 56 0 1788978391 609788
1 15200 68 0 1788978391 611529
1 15248 83 0 1788978391 614647
1 15301 45 0 1788978391 618156
1 15315 50 0 1788978391 618837
1 15354 51 0 1788978391 620802
1 15384 46 0 1788978391 622364
1 15385 47 0 1788978391 622413
1 15395 54 0 1788978391 622943
1 15401 49 0 1788978391 623282
1 15426 69 0 1788978391 624719
1 15438 70 0 1788978391 625581
1 15440 82 0 1788978391 625763
1 15504 47 0 1788978391 629946
1 15553 66 0 1788978391 632914
1 15610 49 0 1788978391 636527
1 15635 94 0 1788978391 638642
1 15675 45 0 1788978391 641092
1 15706 115 0 1788978391 644125
1 15712 84 0 1788978391 644556
1 15820 50 0 1788978391 651980
1 15827 46 0 1788978391 652361
1 15859 53 0 1788978391 654048
1 15862 108 0 1788978391 654297
1 15881 47 0 1788978391 655382
1 15896 48 0 1788978391 656235
1 15940 79 0 1788978391 658916
1 15946 59 0 1788978391 659370
1 15947 75 0 1788978391 659448
1 15956 61 0 1788978391 660003
1 15962 64 0 1788978391 660358
1 15979 46 0 1788978391 661294
1 15987 62 0 1788978391 661746
1 15990 45 0 1788978391 661880
1 16002 61 0 1788978391 662536
1 16046 49 0 1788978391 665131
1 16077 71 0 1788978391 666812
1 16092 54 0 1788978391 667584
1 16137 68 0 1788978391 670306
1 16139 56 0 1788978391 670429
1 16167 45 0 1788978391 671947
1 16172 47 0 1788978391 672170
1 16198 51 0 1788978391 673568
1 16208 55 0 1788978391 674122
1 16227 42 0 1788978391 675277
1 16235 45 0 1788978391 675619
1 16240 38 0 1788978391 675830
1 16278 57 0 1788978391 678195
1 16290 41 0 1788978391 678819
1 16299 42 0 1788978391 679258
1 16313 41 0 1788978391 679869
1 16317 53 0 1788978391 680087
1 16318 53 0 1788978391 680142
1 16325 53 0 1788978391 680516
1 16347 53 0 1788978391 681704
1 16400 52 0 1788978391 684467
1 16401 53 0 1788978391 684524
1 16417 52 0 1788978391 685420
1 16436 53 0 1788978391 686411
1 16464 54 0 1788978391 688057
1 16472 89 0 1788978391 688640
1 16476 70 0 1788978391 688919
1 16482 64 0 1788978391 689332
1 16487 82 0 1788978391 689682
1 16508 50 0 1788978391 690886
1 16517 59 0 1788978391 691397
1 16536 45 0 1788978391 692558
1 16565 55 0 1788978391 694174
1 16569 52 0 1788978391 694381
1 16581 62 0 1788978391 695067
1 16584 60 0 1788978391 695261
1 16637 45 0 1788978391 698115
1 16652 60 0 1788978391 698888
1 16679 65 0 1788978391 700573
1 16716 55 0 1788978391 702581
1 16725 76 0 1788978391 703136
1 16766 95 0 1788978391 705684
1 16770 62 0 1788978391 705930
1 16779 59 0 1788978391 706533
1 16812 53 0 1788978391 708397
1 16859 48 0 1788978391 711203
1 16868 63 0 1788978391 711695
1 16873 44 0 1788978391 711934
1 16895 48 0 1788978391 713028
1 16951 88 0 1788978391 716010
1 16953 77 0 1788978391 716161
1 16963 56 0 1788978391 716946
1 17003 52 0 1788978391 719063
1 17020 52 0 1788978391 720137
1 17043 44 0 1788978391 721415
1 17045 43 0 1788978391 721504
1 17073 58 0 1788978391 722819
1 17074 56 0 1788978391 722878
1 17080 51 0 1788978391 723228
1 17109 61 0 1788978391 725006
1 17143 109 0 1788978391 726672
1 17157 92 0 1788978391 727922
1 17293 55 0 1788978391 735141
1 17311 41 0 1788978391 736053
1 17353 0 0 1788978391 738454
1 17408 86 0 1788978391 742754
1 17482 50 0 1788978391 747100
1 17524 86 0 1788978391 749666
1 17530 53 0 1788978391 749992
1 17555 42 0 1788978391 751132
1 17564 74 0 1788978391 751643
1 17567 89 0 1788978391 751939
1 17572 77 0 1788978391 752349
1 17574 59 0 1788978391 752475
1 17599 43 0 1788978391 753873
1 17626 54 0 1788978391 755187
1 17627 56 0 1788978391 755247
1 17647 56 0 1788978391 756355
1 17655 62 0 1788978391 756822
1 17697 54 0 1788978391 758729
1 17719 78 0 1788978391 760134
1 17722 63 0 1788978391 760322
1 17750 47 0 1788978391 761889
1 17753 56 0 1788978391 762045
1 17767 47 0 1788978391 762745
1 17788 63 0 1788978391 763872
1 17790 62 0 1788978391 764020
1 17793 61 0 1788978391 764199
1 17802 59 0 1788978391 764749
1 17820 41 0 1788978391 765728
1 17837 48 0 1788978391 766475
1 17849 51 0 1788978391 767035
1 17962 57 0 1788978391 773557
1 17983 61 0 1788978391 774702
1 18035 40 0 1788978391 777531
1 18045 57 0 1788978391 778023
1 18062 54 0 1788978391 779078
1 18063 48 0 1788978391 779128
1 18077 66 0 1788978391 779987
1 18091 45 0 1788978391 780669
1 18098 42 0 1788978391 780984
1 18123 64 0 1788978391 782280
1 18130 59 0 1788978391 782758
1 18151 59 0 1788978391 783979
1 18161 53 0 1788978391 784496
1 18171 42 0 1788978391 784967
1 18175 56 0 1788978391 785177
1 18188 82 0 1788978391 786016
1 18265 151 0 1788978391 790659
1 18269 51 0 1788978391 790869
1 18273 63 0 1788978391 791103
1 18299 56 0 1788978391 792524
1 18345 71 0 1788978391 796371
1 18349 112 0 1788978391 796710
1 18353 82 0 1788978391 797045
1 18397 73 0 1788978391 800796
1 18399 90 0 1788978391 800964
1 18401 75 0 1788978391 801178
1 18402 70 0 1788978391 801251
1 18428 45 0 1788978391 803198
1 18430 68 0 1788978391 803321
1 18434 92 0 1788978391 803645
1 18436 84 0 1788978391 803819
1 18437 92 0 1788978391 803916
1 18440 74 0 1788978391 804180
1 18509 59 0 1788978391 809796
1 18514 58 0 1788978391 810068
1 18548 71 0 1788978391 812557
1 18595 52 0 1788978391 815418
1 18615 54 0 1788978391 816429
1 18658 66 0 1788978391 818786
1 18676 58 0 1788978391 819800
1 18729 59 0 1788978391 822779
1 18734 48 0 1788978391 823066
1 18737 49 0 1788978391 823231
1 18742 55 0 1788978391 823490
1 18785 53 0 1788978391 825502
1 18794 60 0 1788978391 826076
1 18804 49 0 1788978391 826731
1 18809 62 0 1788978391 827060
1 18814 58 0 1788978391 827368
1 18818 53 0 1788978391 827586
1 18845 49 0 1788978391 828964
1 18866 63 0 1788978391 830269
1 18909 42 0 1788978391 832513
1 18939 59 0 1788978391 834397
1 18953 54 0 1788978391 835191
1 18967 41 0 1788978391 835822
1 19027 43 0 1788978391 839323
1 19088 58 0 1788978391 842779
1 19096 60 0 1788978391 843305
1 19118 52 0 1788978391 844591
1 19165 60 0 1788978391 846867
1 19216 44 0 1788978391 849664
1 19284 48 0 1788978391 853294
1 19297 64 0 1788978391 853938
1 19429 70 0 1788978391 862255
1 19441 83 0 1788978391 863636
1 19460 72 0 1788978391 865222
1 19474 53 0 1788978391 866245
1 19478 109 0 1788978391 866536
1 19479 61 0 1788978391 866601
1 19487 122 0 1788978391 867554
1 19498 0 0 1788978391 868868
1 19513 71 0 1788978391 870257
1 19519 82 0 1788978391 870702
1 19535 68 0 1788978391 872071
1 19545 162 0 1788978391 872923
1 19554 111 0 1788978391 873656
1 19556 64 0 1788978391 873805
1 19562 69 0 1788978391 874259
1 19653 49 0 1788978391 879905
1 19732 48 0 1788978391 883920
1 19744 44 0 1788978391 884510
1 19789 51 0 1788978391 886822
1 19798 48 0 1788978391 887317
1 19811 55 0 1788978391 888118
1 19814 55 0 1788978391 888303
1 19844 55 0 1788978391 889915
1 19862 51 0 1788978391 890880
1 19901 55 0 1788978391 892926
1 19957 54 0 1788978391 895798
1 19982 48 0 1788978391 897161
1 19986 59 0 1788978391 897397
1 20007 42 0 1788978391 898437
1 20039 61 0 1788978391 900102
1 20049 55 0 1788978391 900676
1 20060 49 0 1788978391 901283
1 20064 52 0 1788978391 901497
1 20113 52 0 1788978391 904129
1 20116 51 0 1788978391 904291
1 20117 49 0 1788978391 904341
1 20137 49 0 1788978391 905441
1 20175 67 0 1788978391 907100
1 20182 66 0 1788978391 907546
1 20223 43 0 1788978391 909822
1 20261 84 0 1788978391 912097
1 20274 46 0 1788978391 912914
1 20288 60 0 1788978391 913661
1 20290 76 0 1788978391 913788
1 20301 63 0 1788978391 914529
1 20308 52 0 1788978391 914988
1 20317 53 0 1788978391 915468
1 20332 41 0 1788978391 916201
1 20344 42 0 1788978391 916709
1 20355 61 0 1788978391 917221
1 20388 50 0 1788978391 919706
1 20396 56 0 1788978391 920119
1 20398 45 0 1788978391 920230
1 20418 77 0 1788978391 921486
1 20441 47 0 1788978391 922985
1 20442 41 0 1788978391 923029
1 20460 35 0 1788978391 924002
1 20463 36 0 1788978391 924129
1 20464 36 0 1788978391 924166
1 20467 37 0 1788978391 924275
1 20469 36 0 1788978391 924349
1 20470 40 0 1788978391 924390
1 20479 48 0 1788978391 924804
1 20531 48 0 1788978391 927341
1 20534 56 0 1788978391 927510
1 20555 53 0 1788978391 928818
1 20569 41 0 1788978391 929504
1 20589 75 0 1788978391 930551
1 20661 62 0 1788978391 934052
1 20679 51 0 1788978391 935175
1 20720 44 0 1788978391 937120
1 20721 43 0 1788978391 937167
1 20735 83 0 1788978391 937949
1 20743 51 0 1788978391 938530
1 20780 50 0 1788978391 940476
1 20784 40 0 1788978391 940680
1 20793 39 0 1788978391 941053
1 20797 39 0 1788978391 941213
1 20814 66 0 1788978391 942424
1 20829 46 0 1788978391 943335
1 20855 40 0 1788978391 944487
1 20871 47 0 1788978391 945251
1 20987 47 0 1788978391 951529
1 21034 73 0 1788978391 954425
1 21064 46 0 1788978391 955903
1 21074 66 0 1788978391 956508
1 21097 67 0 1788978391 957999
1 21102 46 0 1788978391 958284
1 21135 62 0 1788978391 959876
1 21143 70 0 1788978391 960530
1 21149 64 0 1788978391 960944
1 21154 68 0 1788978391 961275
1 21159 39 0 1788978391 961553
1 21172 43 0 1788978391 962179
1 21176 48 0 1788978391 962366
1 21189 70 0 1788978391 963068
1 21213 52 0 1788978391 964489
1 21226 59 0 1788978391 965349
1 21233 49 0 1788978391 965807
1 21280 61 0 1788978391 968889
1 21294 66 0 1788978391 969803
1 21325 43 0 1788978391 971330
1 21352 51 0 1788978391 972761
1 21370 79 0 1788978391 973774
1 21423 52 0 1788978391 976487
1 21441 54 0 1788978391 977500
1 21465 48 0 1788978391 978845
1 21468 52 0 1788978391 979003
1 21473 50 0 1788978391 979254
1 21549 48 0 1788978391 982888
1 21551 69 0 1788978391 983016
1 21576 76 0 1788978391 984887
1 21594 45 0 1788978391 985822
1 21612 45 0 1788978391 986728
1 21615 47 0 1788978391 986867
1 21631 47 0 1788978391 987713
1 21656 46 0 1788978391 989111
1 21663 51 0 1788978391 989470
1 21673 46 0 1788978391 990016
1 21676 46 0 1788978391 990168
1 21679 52 0 1788978391 990316
1 21692 53 0 1788978391 991023
1 21695 51 0 1788978391 991178
1 21706 58 0 1788978391 991801
1 21753 60 0 1788978391 994618
1 21754 67 0 1788978391 994688
1 21774 54 0 1788978391 995857
1 21787 43 0 1788978391 996510
1 21796 43 0 1788978391 996947
1 21805 38 0 1788978391 997312
1 21857 49 0 1788978392 151
1 21872 54 0 1788978392 945
1 21902 55 0 1788978392 2535
1 21913 44 0 1788978392 3039
1 21926 53 0 1788978392 3728
1 21943 52 0 1788978392 4710
1 21958 48 0 1788978392 5459
1 21963 50 0 1788978392 5758
1 22028 51 0 1788978392 10406
1 22039 57 0 1788978392 11048
1 22045 55 0 1788978392 11377
1 22108 51 0 1788978392 14730
1 22116 57 0 1788978392 15189
1 22119 54 0 1788978392 15360
1 22162 49 0 1788978392 17607
1 22167 50 0 1788978392 17873
1 22170 48 0 1788978392 18020
1 22202 55 0 1788978392 19835
1 22245 49 0 1788978392 22018
1 22291 46 0 1788978392 24537
1 22292 65 0 1788978392 24643
1 22302 50 0 1788978392 25175
1 22391 60 0 1788978392 29668
1 22408 50 0 1788978392 30591
1 22420 47 0 1788978392 31349
1 22434 47 0 1788978392 32162
1 22442 73 0 1788978392 32622
1 22447 65 0 1788978392 32884
1 22451 47 0 1788978392 33095
1 22459 46 0 1788978392 33473
1 22468 52 0 1788978392 33954
1 22500 59 0 1788978392 35677
1 22546 56 0 1788978392 38378
1 22562 58 0 1788978392 39292
1 22583 55 0 1788978392 40486
1 22584 57 0 1788978392 40546
1 22586 77 0 1788978392 40682
1 22590 40 0 1788978392 40861
1 22604 56 0 1788978392 41655
1 22606 51 0 1788978392 41771
1 22653 44 0 1788978392 44424
1 22671 49 0 1788978392 45255
1 22704 56 0 1788978392 47013
1 22745 40 0 1788978392 49081
1 22748 41 0 1788978392 49207
1 22751 71 0 1788978392 49424
1 22764 67 0 1788978392 50443
1 22817 58 0 1788978392 53187
1 22830 65 0 1788978392 53996
1 22876 45 0 1788978392 56495
1 22950 50 0 1788978392 60459
1 22955 60 0 1788978392 60784
1 22966 59 0 1788978392 61426
1 22990 47 0 1788978392 62815
1 22994 44 0 1788978392 62995
1 23040 53 0 1788978392 65555
1 23103 44 0 1788978392 69492
1 23104 44 0 1788978392 69538
1 23156 50 0 1788978392 72112
1 23177 44 0 1788978392 73308
1 23199 46 0 1788978392 74311
1 23207 79 0 1788978392 74847
1 23208 61 0 1788978392 74911
1 23223 57 0 1788978392 75796
1 23227 65 0 1788978392 76038
1 23307 39 0 1788978392 80271
1 23417 50 0 1788978392 86287
1 23425 51 0 1788978392 86745
1 23443 37 0 1788978392 87589
1 23492 0 0 1788978392 90534
1 23509 42 0 1788978392 91387
1 23519 60 0 1788978392 91965
1 23525 70 0 1788978392 92398
1 23533 0 0 1788978392 93262
1 23554 110 0 1788978392 95277
1 23562 96 0 1788978392 96375
1 23607 67 0 1788978392 101396
1 23644 89 0 1788978392 104646
1 23650 80 0 1788978392 105107
1 23694 120 0 1788978392 108988
1 23737 84 0 1788978392 111996
1 23749 64 0 1788978392 113335
1 23791 69 0 1788978392 116473
1 23798 59 0 1788978392 116922
1 23811 64 0 1788978392 117786
1 23830 67 0 1788978392 118894
1 23854 95 0 1788978392 120642
1 23949 63 0 1788978392 127367
1 23960 62 0 1788978392 128143
1 23968 83 0 1788978392 128742
1 23978 64 0 1788978392 129554
1 23989 59 0 1788978392 130300
1 24002 55 0 1788978392 131074
1 24004 57 0 1788978392 131200
1 24035 84 0 1788978392 133449
1 24064 72 0 1788978392 135493
1 24122 83 0 1788978392 139313
1 24134 73 0 1788978392 140543
1 24139 82 0 1788978392 141016
1 24140 81 0 1788978392 141102
1 24158 64 0 1788978392 142460
1 24172 75 0 1788978392 143540
1 24212 71 0 1788978392 146310
1 24217 79 0 1788978392 146647
1 24223 67 0 1788978392 147073
1 24225 63 0 1788978392 147206
1 24230 61 0 1788978392 147516
1 24238 63 0 1788978392 148033
1 24242 54 0 1788978392 148290
1 24249 58 0 1788978392 148680
1 24252 56 0 1788978392 148852
1 24278 48 0 1788978392 150354
1 24287 46 0 1788978392 150815
1 24319 54 0 1788978392 152753
1 24359 64 0 1788978392 154775
1 24378 57 0 1788978392 155991
1 24439 78 0 1788978392 159409
1 24467 43 0 1788978392 161048
1 24492 48 0 1788978392 162324
1 24497 76 0 1788978392 162670
1 24506 50 0 1788978392 163166
1 24519 45 0 1788978392 163838
1 24533 46 0 1788978392 164519
1 24546 64 0 1788978392 165240
1 24610 65 0 1788978392 168665
1 24624 58 0 1788978392 169557
1 24683 61 0 1788978392 173391
1 24698 70 0 1788978392 174303
1 24703 70 0 1788978392 174707
1 24717 41 0 1788978392 175332
1 24785 47 0 1788978392 178907
1 24787 45 0 1788978392 179000
1 24797 49 0 1788978392 179452
1 24804 53 0 1788978392 179846
1 24815 49 0 1788978392 180393
1 24830 50 0 1788978392 181266
1 24841 57 0 1788978392 181848
1 24846 57 0 1788978392 182145
1 24856 55 0 1788978392 182659
1 24878 46 0 1788978392 183870
1 24887 45 0 1788978392 184279
1 24897 76 0 1788978392 184823
1 24911 87 0 1788978392 185658
1 24944 55 0 1788978392 187480
1 24951 62 0 1788978392 187866
1 24957 73 0 1788978392 188255
1 25046 51 0 1788978392 193496
1 25057 43 0 1788978392 193987
1 25072 39 0 1788978392 194586
1 25073 45 0 1788978392 194633
1 25105 53 0 1788978392 196441
1 25114 52 0 1788978392 196935
1 25132 41 0 1788978392 197708
1 25207 57 0 1788978392 201492
1 25209 56 0 1788978392 201633
1 25213 46 0 1788978392 201815
1 25217 54 0 1788978392 202025
1 25240 65 0 1788978392 203651
1 25307 48 0 1788978392 207629
1 25382 38 0 1788978392 211582
1 25389 44 0 1788978392 211922
1 25427 65 0 1788978392 214110
1 25436 40 0 1788978392 214582
1 25441 40 0 1788978392 214796
1 25459 44 0 1788978392 215541
1 25505 58 0 1788978392 218137
1 25514 45 0 1788978392 218544
1 25624 59 0 1788978392 224219
1 25706 61 0 1788978392 228750
1 25713 42 0 1788978392 229120
1 25716 58 0 1788978392 229279
1 25726 41 0 1788978392 229720
1 25727 42 0 1788978392 229764
1 25755 69 0 1788978392 231425
1 25785 45 0 1788978392 233154
1 25852 64 0 1788978392 237125
1 25866 65 0 1788978392 237940
1 25893 41 0 1788978392 239534
1 25894 40 0 1788978392 239576
1 25910 39 0 1788978392 240354
1 25921 88 0 1788978392 240938
1 25928 79 0 1788978392 241471
1 25956 43 0 1788978392 243214
1 25963 44 0 1788978392 243524
1 25967 47 0 1788978392 243717
1 25994 57 0 1788978392 245220
1 26006 50 0 1788978392 245765
1 26025 46 0 1788978392 246800
1 26035 41 0 1788978392 247215
1 26037 42 0 1788978392 247299
1 26038 41 0 1788978392 247341
1 26050 41 0 1788978392 247841
1 26079 51 0 1788978392 249377
1 26135 88 0 1788978392 252508
1 26168 66 0 1788978392 254766
1 26193 60 0 1788978392 256217
1 26229 60 0 1788978392 257922
1 26241 54 0 1788978392 258587
1 26275 61 0 1788978392 261038
1 26276 56 0 1788978392 261099
1 26292 72 0 1788978392 262185
1 26319 76 0 1788978392 263986
1 26321 88 0 1788978392 264194
1 26342 65 0 1788978392 265945
1 26354 76 0 1788978392 266685
1 26375 50 0 1788978392 267945
1 26392 50 0 1788978392 268883
1 26414 43 0 1788978392 269870
1 26421 40 0 1788978392 270176
1 26429 43 0 1788978392 270511
1 26432 71 0 1788978392 270708
1 26434 64 0 1788978392 270848
1 26443 58 0 1788978392 271391
1 26444 59 0 1788978392 271452
1 26452 51 0 1788978392 271911
1 26454 52 0 1788978392 272019
1 26485 38 0 1788978392 273518
1 26506 92 0 1788978392 274711
1 26510 63 0 1788978392 274987
1 26548 38 0 1788978392 276882
1 26586 82 0 1788978392 278650
1 26621 39 0 1788978392 280524
1 26633 45 0 1788978392 281098
1 26638 51 0 1788978392 281363
1 26646 69 0 1788978392 281869
1 26658 51 0 1788978392 282778
1 26668 64 0 1788978392 283361
1 26682 39 0 1788978392 284170
1 26693 54 0 1788978392 284669
1 26701 41 0 1788978392 285009
1 26719 58 0 1788978392 286017
1 26722 59 0 1788978392 286196
1 26725 56 0 1788978392 286369
1 26738 49 0 1788978392 287086
1 26761 37 0 1788978392 288238
1 26779 58 0 1788978392 289079
1 26791 61 0 1788978392 289867
1 26793 70 0 1788978392 290029
1 26803 64 0 1788978392 290586
1 26805 63 0 1788978392 290728
1 26871 80 0 1788978392 295013
1 26915 54 0 1788978392 298041
1 26920 0 0 1788978392 298554
1 26928 78 0 1788978392 299324
1 26943 50 0 1788978392 300524
1 26982 141 0 1788978392 303551
1 27049 48 0 1788978392 306972
1 27057 49 0 1788978392 307369
1 27058 52 0 1788978392 307423
1 27072 44 0 1788978392 308244
1 27119 55 0 1788978392 311130
1 27124 55 0 1788978392 311406
1 27164 101 0 1788978392 314310
1 27170 73 0 1788978392 314753
1 27197 79 0 1788978392 316870
1 27245 69 0 1788978392 320266
1 27252 64 0 1788978392 320711
1 27270 74 0 1788978392 321836
1 27283 74 0 1788978392 322670
1 27292 54 0 1788978392 323364
1 27308 59 0 1788978392 324261
1 27336 63 0 1788978392 325982
1 27355 47 0 1788978392 326955
1 27373 47 0 1788978392 327916
1 27405 60 0 1788978392 329796
1 27426 53 0 1788978392 331028
1 27427 55 0 1788978392 331085
1 27430 70 0 1788978392 331280
1 27438 71 0 1788978392 331861
1 27470 72 0 1788978392 334118
1 27471 65 0 1788978392 334187
1 27492 0 0 1788978392 335924
1 27508 65 0 1788978392 337444
1 27510 86 0 1788978392 337612
1 27515 65 0 1788978392 337985
1 27525 42 0 1788978392 338503
1 27547 56 0 1788978392 339887
1 27577 42 0 1788978392 341741
1 27581 58 0 1788978392 341962
1 27630 60 0 1788978392 344651
1 27643 40 0 1788978392 345178
1 27670 95 0 1788978392 346644
1 27672 78 0 1788978392 346804
1 27715 40 0 1788978392 349039
1 27716 40 0 1788978392 349080
1 27717 39 0 1788978392 349120
1 27727 66 0 1788978392 349638
1 27748 54 0 1788978392 350873
1 27796 40 0 1788978392 353159
1 27807 70 0 1788978392 353826
1 27808 94 0 1788978392 353924
1 27856 56 0 1788978392 357006
1 27879 65 0 1788978392 358638
1 27892 69 0 1788978392 359482
1 27914 71 0 1788978392 361079
1 27926 72 0 1788978392 361757
1 27935 66 0 1788978392 362330
1 27943 55 0 1788978392 362850
1 27950 45 0 1788978392 363190
1 27951 45 0 1788978392 363237
1 27962 57 0 1788978392 363778
1 27985 46 0 1788978392 365026
1 28005 48 0 1788978392 366042
1 28028 46 0 1788978392 367300
1 28122 58 0 1788978392 372315
1 28144 47 0 1788978392 373456
1 28145 48 0 1788978392 373506
1 28157 65 0 1788978392 374206
1 28159 89 0 1788978392 374358
1 28166 46 0 1788978392 374687
1 28188 54 0 1788978392 375835
1 28209 50 0 1788978392 377001
1 28228 37 0 1788978392 377965
1 28256 39 0 1788978392 379096
1 28359 82 0 1788978392 384466
1 28369 57 0 1788978392 385129
1 28411 53 0 1788978392 386995
1 28412 56 0 1788978392 387054
1 28434 52 0 1788978392 388277
1 28436 54 0 1788978392 388387
1 28531 39 0 1788978392 393301
1 28581 61 0 1788978392 395562
1 28582 64 0 1788978392 395628
1 28585 58 0 1788978392 395812
1 28604 47 0 1788978392 397005
1 28613 39 0 1788978392 397398
1 28617 48 0 1788978392 397565
1 28619 43 0 1788978392 397650
1 28665 50 0 1788978392 399918
1 28685 41 0 1788978392 401047
1 28700 64 0 1788978392 402043
1 28719 54 0 1788978392 403461
1 28829 45 0 1788978392 409242
1 28830 52 0 1788978392 409297
1 28845 49 0 1788978392 410129
1 28854 51 0 1788978392 410601
1 28874 41 0 1788978392 411610
1 28875 51 0 1788978392 411662
1 28886 53 0 1788978392 412171
1 28896 61 0 1788978392 412752
1 28912 73 0 1788978392 413703
1 28959 47 0 1788978392 416155
1 28965 75 0 1788978392 416477
1 28984 71 0 1788978392 417847
1 29001 48 0 1788978392 418846
1 29009 42 0 1788978392 419214
1 29024 52 0 1788978392 419882
1 29026 45 0 1788978392 419974
1 29032 55 0 1788978392 420256
1 29146 44 0 1788978392 426462
1 29149 42 0 1788978392 426593
1 29201 41 0 1788978392 429535
1 29215 40 0 1788978392 430128
1 29295 39 0 1788978392 434445
1 29301 65 0 1788978392 434777
1 29311 71 0 1788978392 435451
1 29328 56 0 1788978392 436562
1 29335 38 0 1788978392 436966
1 29354 42 0 1788978392 437750
1 29359 41 0 1788978392 437959
1 29361 51 0 1788978392 438055
1 29382 59 0 1788978392 439313
1 29435 56 0 1788978392 442809
1 29470 83 0 1788978392 445216
1 29477 86 0 1788978392 445703
1 29483 44 0 1788978392 446043
1 29491 55 0 1788978392 446497
1 29510 43 0 1788978392 447350
1 29529 54 0 1788978392 448212
1 29561 54 0 1788978392 449990
1 29601 61 0 1788978392 451953
1 29618 53 0 1788978392 452949
1 29625 50 0 1788978392 453345
1 29658 41 0 1788978392 454996
1 29663 40 0 1788978392 455202
1 29679 59 0 1788978392 456034
1 29684 57 0 1788978392 456320
1 29692 66 0 1788978392 456819
1 29710 50 0 1788978392 457898
1 29718 43 0 1788978392 458300
1 29721 45 0 1788978392 458433
1 29726 51 0 1788978392 458682
1 29727 48 0 1788978392 458731
1 29731 48 0 1788978392 458923
1 29751 65 0 1788978392 460032
1 29774 48 0 1788978392 461381
1 29778 49 0 1788978392 461581
1 29830 47 0 1788978392 464355
1 29834 52 0 1788978392 464557
1 29889 69 0 1788978392 467364
1 29932 53 0 1788978392 469473
1 29979 40 0 1788978392 471949
1 30010 61 0 1788978392 473410
1 30046 50 0 1788978392 475497
1 30047 51 0 1788978392 475550
1 30050 56 0 1788978392 475744
1 30057 43 0 1788978392 476066
1 30068 43 0 1788978392 476552
1 30108 48 0 1788978392 478481
1 30145 52 0 1788978392 480432
1 30168 41 0 1788978392 481392
1 30171 45 0 1788978392 481527
1 30182 60 0 1788978392 482129
1 30201 48 0 1788978392 483191
1 30246 61 0 1788978392 485731
1 30249 56 0 1788978392 485909
1 30273 45 0 1788978392 487478
1 30306 52 0 1788978392 489069
1 30328 55 0 1788978392 490302
1 30356 57 0 1788978392 491743
1 30360 52 0 1788978392 491968
1 30363 80 0 1788978392 492149
1 30373 64 0 1788978392 492771
1 30399 50 0 1788978392 494246
1 30413 53 0 1788978392 494935
1 30419 54 0 1788978392 495246
1 30435 62 0 1788978392 496137
1 30460 72 0 1788978392 497826
1 30472 63 0 1788978392 498569
1 30482 64 0 1788978392 499265
1 30521 51 0 1788978392 501548
1 30539 61 0 1788978392 502523
1 30557 53 0 1788978392 503604
1 30564 63 0 1788978392 503998
1 30571 57 0 1788978392 504390
1 30575 43 0 1788978392 504607
1 30577 72 0 1788978392 504738
1 30609 51 0 1788978392 506215
1 30682 44 0 1788978392 510262
1 30690 49 0 1788978392 510670
1 30715 53 0 1788978392 511975
1 30721 42 0 1788978392 512243
1 30731 43 0 1788978392 512663
1 30745 47 0 1788978392 513297
1 30775 59 0 1788978392 515100
1 30861 37 0 1788978392 519804
1 30899 67 0 1788978392 521574
1 30922 39 0 1788978392 523092
1 30937 54 0 1788978392 523853
1 30972 71 0 1788978392 525941
1 30975 46 0 1788978392 526085
1 31009 161 0 1788978392 528698
1 31127 60 0 1788978392 535272
1 31132 49 0 1788978392 535527
1 31133 54 0 1788978392 535583
1 31141 53 0 1788978392 536042
1 31151 51 0 1788978392 536558
1 31155 46 0 1788978392 536811
1 31158 47 0 1788978392 536947
1 31229 62 0 1788978392 541154
1 31237 71 0 1788978392 541750
1 31253 60 0 1788978392 542836
1 31274 66 0 1788978392 544207
1 31282 66 0 1788978392 544730
1 31284 59 0 1788978392 544853
1 31322 39 0 1788978392 546718
1 31335 59 0 1788978392 547438
1 31346 54 0 1788978392 548052
1 31403 63 0 1788978392 551004
1 31407 63 0 1788978392 551276
1 31439 45 0 1788978392 553097
1 31476 57 0 1788978392 555069
1 31480 57 0 1788978392 555295
1 31491 58 0 1788978392 555928
1 31512 39 0 1788978392 556938
1 31534 57 0 1788978392 558227
1 31545 71 0 1788978392 558953
1 31571 39 0 1788978392 560371
1 31633 54 0 1788978392 564500
1 31664 54 0 1788978392 566399
1 31665 48 0 1788978392 566450
1 31685 47 0 1788978392 567510
1 31697 57 0 1788978392 568270
1 31733 54 0 1788978392 570279
1 31756 69 0 1788978392 571398
1 31768 140 0 1788978392 572411
1 31779 70 0 1788978392 573223
1 31822 57 0 1788978392 576540
1 31877 76 0 1788978392 579434
1 31964 53 0 1788978392 584375
1 31997 44 0 1788978392 585973
1 32007 63 0 1788978392 586472
1 32038 53 0 1788978392 588211
1 32050 46 0 1788978392 588863
1 32060 46 0 1788978392 589325
1 32087 68 0 1788978392 590966
1 32108 43 0 1788978392 592267
1 32119 46 0 1788978392 592775
1 32143 50 0 1788978392 594218
1 32149 57 0 1788978392 594578
1 32198 43 0 1788978392 597062
1 32223 54 0 1788978392 598466
1 32275 48 0 1788978392 601243
1 32296 53 0 1788978392 602362
1 32298 66 0 1788978392 602487
1 32303 59 0 1788978392 602844
1 32318 54 0 1788978392 603637
1 32322 40 0 1788978392 603819
1 32337 56 0 1788978392 604534
1 32368 45 0 1788978392 606336
1 32396 59 0 1788978392 607813
1 32406 62 0 1788978392 608413
1 32414 52 0 1788978392 608919
1 32417 49 0 1788978392 609070
1 32432 81 0 1788978392 609896
1 32435 53 0 1788978392 610057
1 32460 57 0 1788978392 611292
1 32479 84 0 1788978392 612757
1 32505 63 0 1788978392 614524
1 32510 55 0 1788978392 614814
1 32512 59 0 1788978392 614934
1 32514 67 0 1788978392 615079
1 32520 86 0 1788978392 615606
1 32552 55 0 1788978392 617924
1 32586 60 0 1788978392 619720
1 32611 64 0 1788978392 621120
1 32641 57 0 1788978392 622635
1 32643 44 0 1788978392 622730
1 32658 60 0 1788978392 623608
1 32711 60 0 1788978392 626643
1 32716 57 0 1788978392 626919
1 32757 45 0 1788978392 629093
1 32779 55 0 1788978392 630285
1 32800 51 0 1788978392 631431
1 32836 44 0 1788978392 633380
1 32849 64 0 1788978392 634101
1 32855 61 0 1788978392 634468
1 32866 59 0 1788978392 635188
1 32869 59 0 1788978392 635368
1 32878 68 0 1788978392 635982
1 32901 37 0 1788978392 637050
1 32934 53 0 1788978392 638887
1 32936 53 0 1788978392 638996
1 32972 41 0 1788978392 640794
1 32975 54 0 1788978392 640962
1 32993 70 0 1788978392 641993
1 33019 58 0 1788978392 643459
1 33026 59 0 1788978392 643812
1 33115 72 0 1788978392 649566
1 33122 62 0 1788978392 650110
1 33148 56 0 1788978392 651538
1 33190 46 0 1788978392 653914
1 33237 50 0 1788978392 656514
1 33247 64 0 1788978392 657076
1 33282 53 0 1788978392 659115
1 33299 46 0 1788978392 659973
1 33321 82 0 1788978392 661288
1 33323 62 0 1788978392 661415
1 33409 56 0 1788978392 666351
1 33410 63 0 1788978392 666416
1 33455 74 0 1788978392 668842
1 33464 60 0 1788978392 669357
1 33481 52 0 1788978392 670301
1 33498 46 0 1788978392 671149
1 33510 48 0 1788978392 671714
1 33512 41 0 1788978392 671802
1 33540 55 0 1788978392 673464
1 33569 46 0 1788978392 674994
1 33631 52 0 1788978392 678228
1 33636 54 0 1788978392 678488
1 33660 44 0 1788978392 679608
1 33671 61 0 1788978392 680243
1 33680 59 0 1788978392 680850
1 33760 54 0 1788978392 685067
1 33762 54 0 1788978392 685178
1 33768 54 0 1788978392 685507
1 33787 42 0 1788978392 686468
1 33796 53 0 1788978392 686866
1 33798 45 0 1788978392 686959
1 33802 42 0 1788978392 687130
1 33804 32 0 1788978392 687207
1 33810 52 0 1788978392 687485
1 33842 53 0 1788978392 689434
1 33858 49 0 1788978392 690325
1 33889 53 0 1788978392 692131
1 33912 50 0 1788978392 693431
1 33918 49 0 1788978392 693735
1 33939 53 0 1788978392 694862
1 33949 56 0 1788978392 695415
1 33959 53 0 1788978392 695987
1 33973 51 0 1788978392 696791
1 34033 43 0 1788978392 699968
1 34080 68 0 1788978392 702793
1 34087 43 0 1788978392 703157
1 34089 43 0 1788978392 703247
1 34109 68 0 1788978392 704340
1 34137 47 0 1788978392 706137
1 34149 41 0 1788978392 706720
1 34169 52 0 1788978392 707722
1 34211 49 0 1788978392 710302
1 34230 71 0 1788978392 711908
1 34257 50 0 1788978392 713547
1 34270 50 0 1788978392 714218
1 34302 51 0 1788978392 715911
1 34338 49 0 1788978392 717763
1 34340 45 0 1788978392 717858
1 34395 63 0 1788978392 720594
1 34400 45 0 1788978392 720865
1 34432 42 0 1788978392 722341
1 34480 48 0 1788978392 725414
1 34569 58 0 1788978392 730327
1 34574 75 0 1788978392 730604
1 34600 45 0 1788978392 732134
1 34605 44 0 1788978392 732357
1 34608 45 0 1788978392 732493
1 34648 58 0 1788978392 734676
1 34660 46 0 1788978392 735328
1 34692 54 0 1788978392 736922
1 34695 52 0 1788978392 737080
1 34711 73 0 1788978392 738186
1 34726 0 0 1788978392 739017
1 34755 82 0 1788978392 740761
1 34815 77 0 1788978392 743827
1 34864 37 0 1788978392 746744
1 34890 53 0 1788978392 748017
1 34901 53 0 1788978392 748587
1 34904 61 0 1788978392 748775
1 34908 53 0 1788978392 749006
1 34915 40 0 1788978392 749384
1 34927 48 0 1788978392 749929
1 34942 87 0 1788978392 750682
1 34960 51 0 1788978392 751879
1 34979 44 0 1788978392 752969
1 34984 53 0 1788978392 753211
1 35023 61 0 1788978392 755275
1 35056 54 0 1788978392 757065
1 35057 46 0 1788978392 757113
1 35080 46 0 1788978392 758196
1 35089 69 0 1788978392 758767
1 35109 54 0 1788978392 760106
1 35116 53 0 1788978392 760456
1 35120 82 0 1788978392 760683
1 35126 84 0 1788978392 761179
1 35128 76 0 1788978392 761317
1 35149 69 0 1788978392 762713
1 35150 72 0 1788978392 762788
1 35179 65 0 1788978392 764368
1 35197 54 0 1788978392 765475
1 35273 80 0 1788978392 769664
1 35320 91 0 1788978392 772111
1 35336 43 0 1788978392 773116
1 35371 55 0 1788978392 774975
1 35386 55 0 1788978392 775838
1 35415 72 0 1788978392 777741
1 35441 65 0 1788978392 779473
1 35455 56 0 1788978392 780349
1 35488 49 0 1788978392 782197
1 35537 49 0 1788978392 784953
1 35540 41 0 1788978392 785092
1 35544 44 0 1788978392 785274
1 35627 42 0 1788978392 789411
1 35648 62 0 1788978392 790510
1 35653 62 0 1788978392 790857
1 35655 61 0 1788978392 790986
1 35670 56 0 1788978392 791899
1 35677 43 0 1788978392 792251
1 35695 43 0 1788978392 793051
1 35707 55 0 1788978392 793600
1 35710 55 0 1788978392 793795
1 35728 91 0 1788978392 795068
1 35829 74 0 1788978392 801492
1 35845 63 0 1788978392 802490
1 35859 54 0 1788978392 803284
1 35864 65 0 1788978392 803586
1 35877 78 0 1788978392 804588
1 35885 76 0 1788978392 805289
1 35889 66 0 1788978392 805599
1 35912 63 0 1788978392 807345
1 35924 56 0 1788978392 808082
1 35949 43 0 1788978392 809564
1 35950 100 0 1788978392 809667
1 35951 69 0 1788978392 809741
1 35978 60 0 1788978392 811519
1 35996 66 0 1788978392 812836
1 36012 96 0 1788978392 814059
1 36016 86 0 1788978392 814472
1 36035 94 0 1788978392 816067
1 36074 86 0 1788978392 819526
1 36093 74 0 1788978392 821222
1 36123 71 0 1788978392 823255
1 36127 74 0 1788978392 823548
1 36145 79 0 1788978392 825160
1 36148 70 0 1788978392 825438
1 36165 76 0 1788978392 826795
1 36213 76 0 1788978392 830047
1 36235 82 0 1788978392 831763
1 36260 94 0 1788978392 833951
1 36264 88 0 1788978392 834334
1 36289 66 0 1788978392 836401
1 36327 66 0 1788978392 839469
1 36382 64 0 1788978392 843532
1 36396 54 0 1788978392 844425
1 36445 52 0 1788978392 847166
1 36455 54 0 1788978392 847757
1 36467 69 0 1788978392 848398
1 36477 50 0 1788978392 848947
1 36490 64 0 1788978392 849656
1 36504 56 0 1788978392 850421
1 36515 51 0 1788978392 850998
1 36538 73 0 1788978392 852306
1 36560 46 0 1788978392 853733
1 36578 54 0 1788978392 854773
1 36593 121 0 1788978392 855968
1 36605 55 0 1788978392 857406
1 36688 73 0 1788978392 865322
1 36710 85 0 1788978392 866966
1 36715 92 0 1788978392 867426
1 36724 76 0 1788978392 868595
1 36802 72 0 1788978392 875973
1 36827 111 0 1788978392 877895
1 36829 73 0 1788978392 878062
1 36845 83 0 1788978392 879491
1 36848 87 0 1788978392 879768
1 36886 0 0 1788978392 882873
1 36888 64 0 1788978392 883012
1 36906 70 0 1788978392 884311
1 36933 74 0 1788978392 886380
1 36936 61 0 1788978392 886597
1 36942 66 0 1788978392 887055
1 36982 108 0 1788978392 890371
1 36984 262 0 1788978392 890722
1 37024 73 0 1788978392 893880
1 37041 51 0 1788978392 895106
1 37094 51 0 1788978392 898457
1 37129 0 0 1788978392 901260
1 37144 57 0 1788978392 902344
1 37168 57 0 1788978392 904018
1 37172 106 0 1788978392 904329
1 37230 55 0 1788978392 908147
1 37237 49 0 1788978392 908532
1 37243 60 0 1788978392 908902
1 37247 75 0 1788978392 909178
1 37277 49 0 1788978392 911007
1 37287 74 0 1788978392 911715
1 37290 87 0 1788978392 911951
1 37292 76 0 1788978392 912101
1 37305 61 0 1788978392 912946
1 37329 54 0 1788978392 914398
1 37349 64 0 1788978392 915632
1 37353 66 0 1788978392 915901
1 37361 62 0 1788978392 916427
1 37366 55 0 1788978392 916762
1 37379 53 0 1788978392 917570
1 37394 58 0 1788978392 918445
1 37397 75 0 1788978392 918847
1 37409 78 0 1788978392 919541
1 37412 51 0 1788978392 919707
1 37431 56 0 1788978392 920820
1 37513 66 0 1788978392 926646
1 37554 152 0 1788978392 931955
1 37558 85 0 1788978392 932316
1 37575 61 0 1788978392 933577
1 37611 93 0 1788978392 936758
1 37699 69 0 1788978392 943517
1 37702 61 0 1788978392 943717
1 37710 63 0 1788978392 944252
1 37782 79 0 1788978392 950032
1 37783 132 0 1788978392 950169
1 37785 69 0 1788978392 950333
1 37819 69 0 1788978392 952761
1 37825 74 0 1788978392 953164
1 37826 70 0 1788978392 953238
1 37868 96 0 1788978392 956658
1 37916 75 0 1788978392 960602
1 37918 78 0 1788978392 960775
1 37930 108 0 1788978392 961842
1 37945 73 0 1788978392 963171
1 37946 71 0 1788978392 963247
1 37962 71 0 1788978392 964533
1 37981 82 0 1788978392 966108
1 37982 118 0 1788978392 966231
1 38012 82 0 1788978392 969070
1 38120 68 0 1788978392 976758
1 38122 73 0 1788978392 976899
1 38149 77 0 1788978392 978920
1 38174 88 0 1788978392 981191
1 38176 70 0 1788978392 981335
1 38198 54 0 1788978392 983163
1 38230 60 0 1788978392 985076
1 38290 55 0 1788978392 988859
1 38339 90 0 1788978392 992511
1 38361 51 0 1788978392 993817
1 38373 141 0 1788978392 994711
1 38392 0 0 1788978392 995941
1 38394 68 0 1788978392 996072
1 38451 87 0 1788978392 999805
1 38453 93 0 1788978393 16
1 38460 128 0 1788978393 734
1 38519 72 0 1788978393 4815
1 38542 79 0 1788978393 6685
1 38578 60 0 1788978393 9238
1 38624 68 0 1788978393 12779
1 38635 94 0 1788978393 13702
1 38747 64 0 1788978393 22535
1 38753 72 0 1788978393 22945
1 38791 72 0 1788978393 25808
1 38808 66 0 1788978393 27006
1 38839 68 0 1788978393 29126
1 38841 69 0 1788978393 29268
1 38849 60 0 1788978393 29851
1 38868 60 0 1788978393 31139
1 38913 64 0 1788978393 34764
1 38917 68 0 1788978393 35038
1 38919 76 0 1788978393 35190
1 38925 64 0 1788978393 35585
1 38942 63 0 1788978393 36767
1 38972 52 0 1788978393 39017
1 38981 53 0 1788978393 39521
1 38989 67 0 1788978393 40059
1 39004 67 0 1788978393 41117
1 39013 71 0 1788978393 41751
1 39055 72 0 1788978393 45076
1 39098 84 0 1788978393 48219
1 39103 46 0 1788978393 48485
1 39116 68 0 1788978393 49313
1 39138 79 0 1788978393 50686
1 39179 45 0 1788978393 52925
1 39185 47 0 1788978393 53189
1 39210 51 0 1788978393 54599
1 39232 46 0 1788978393 55736
1 39255 53 0 1788978393 57030
1 39276 49 0 1788978393 58152
1 39322 61 0 1788978393 60829
1 39336 74 0 1788978393 61683
1 39342 41 0 1788978393 62043
1 39350 44 0 1788978393 62422
1 39356 49 0 1788978393 62682
1 39365 44 0 1788978393 63108
1 39371 52 0 1788978393 63403
1 39381 67 0 1788978393 64071
1 39388 75 0 1788978393 64524
1 39413 81 0 1788978393 66651
1 39429 93 0 1788978393 68005
1 39455 102 0 1788978393 70425
1 39461 0 0 1788978393 71013
1 39546 88 0 1788978393 77697
1 39556 101 0 1788978393 78486
1 39652 64 0 1788978393 85338
1 39691 58 0 1788978393 88534
1 39694 66 0 1788978393 88742
1 39701 105 0 1788978393 89431
1 39813 90 0 1788978393 97691
1 39818 92 0 1788978393 98083
1 39848 87 0 1788978393 100247
1 39857 70 0 1788978393 101042
1 39861 72 0 1788978393 101435
1 39875 62 0 1788978393 102509
1 39896 84 0 1788978393 104244
1 39921 66 0 1788978393 106012
1 39935 80 0 1788978393 107013
1 39968 76 0 1788978393 109377
1 39975 75 0 1788978393 110253
1 39994 73 0 1788978393 111851
1 40016 91 0 1788978393 113857
1 40036 0 0 1788978393 115548
1 40038 97 0 1788978393 115800
1 40050 74 0 1788978393 116706
1 40080 80 0 1788978393 121990
1 40174 51 0 1788978393 128330
1 40175 51 0 1788978393 128383
1 40183 59 0 1788978393 128866
1 40187 50 0 1788978393 129109
1 40215 70 0 1788978393 130672
1 40222 38 0 1788978393 130988
1 40241 53 0 1788978393 131842
1 40251 54 0 1788978393 132346
1 40255 47 0 1788978393 132565
1 40259 51 0 1788978393 132778
1 40263 56 0 1788978393 133022
1 40277 61 0 1788978393 133942
1 40347 52 0 1788978393 137871
1 40350 50 0 1788978393 138032
1 40400 45 0 1788978393 140421
1 40458 45 0 1788978393 143537
1 40479 86 0 1788978393 145127
1 40482 84 0 1788978393 145400
1 40485 101 0 1788978393 145670
1 40494 68 0 1788978393 146463
1 40517 77 0 1788978393 148128
1 40521 71 0 1788978393 148428
1 40526 75 0 1788978393 148813
1 40558 85 0 1788978393 150876
1 40579 54 0 1788978393 152300
1 40583 50 0 1788978393 152543
1 40595 54 0 1788978393 153235
1 40623 58 0 1788978393 154736
1 40683 67 0 1788978393 158382
1 40693 70 0 1788978393 159120
1 40698 56 0 1788978393 159438
1 40701 61 0 1788978393 159618
1 40727 71 0 1788978393 161269
1 40740 54 0 1788978393 162078
1 40757 54 0 1788978393 163165
1 40761 54 0 1788978393 163390
1 40770 49 0 1788978393 163928
1 40797 59 0 1788978393 165312
1 40803 51 0 1788978393 165643
1 40848 70 0 1788978393 168299
1 40869 49 0 1788978393 169548
1 40916 50 0 1788978393 172771
1 40945 63 0 1788978393 174540
1 40947 63 0 1788978393 174667
1 40972 47 0 1788978393 176120
1 40976 47 0 1788978393 176315
1 41013 50 0 1788978393 178200
1 41021 70 0 1788978393 178633
1 41030 65 0 1788978393 179199
1 41077 52 0 1788978393 181849
1 41082 56 0 1788978393 182133
1 41113 49 0 1788978393 183768
1 41115 52 0 1788978393 183871
1 41137 45 0 1788978393 185008
1 41196 49 0 1788978393 188303
1 41258 74 0 1788978393 192647
1 41259 61 0 1788978393 192711
1 41276 55 0 1788978393 193741
1 41291 48 0 1788978393 194600
1 41297 48 0 1788978393 194921
1 41362 51 0 1788978393 198587
1 41392 53 0 1788978393 200448
1 41397 69 0 1788978393 200756
1 41412 57 0 1788978393 201640
1 41427 54 0 1788978393 202492
1 41461 56 0 1788978393 204414
1 41529 48 0 1788978393 208075
1 41551 47 0 1788978393 209248
1 41574 102 0 1788978393 210677
1 41580 64 0 1788978393 211074
1 41590 53 0 1788978393 211704
1 41606 51 0 1788978393 212575
1 41623 54 0 1788978393 213536
1 41648 48 0 1788978393 215059
1 41665 50 0 1788978393 216018
1 41670 49 0 1788978393 216293
1 41694 49 0 1788978393 217532
1 41707 47 0 1788978393 218162
1 41729 52 0 1788978393 219405
1 41734 51 0 1788978393 219673
1 41763 50 0 1788978393 221252
1 41797 55 0 1788978393 223135
1 41817 52 0 1788978393 224280
1 41843 49 0 1788978393 225592
1 41853 48 0 1788978393 226102
1 41872 53 0 1788978393 227133
1 41873 56 0 1788978393 227192
1 41876 49 0 1788978393 227352
1 41887 56 0 1788978393 227974
1 41903 60 0 1788978393 228884
1 41909 59 0 1788978393 229257
1 41911 44 0 1788978393 229352
1 41983 59 0 1788978393 233267
1 41994 0 0 1788978393 233873
1 42007 50 0 1788978393 234746
1 42008 49 0 1788978393 234798
1 42023 54 0 1788978393 235557
1 42034 57 0 1788978393 236141
1 42069 75 0 1788978393 238094
1 42087 54 0 1788978393 239235
1 42101 65 0 1788978393 240134
1 42113 58 0 1788978393 240861
1 42153 51 0 1788978393 243160
1 42156 52 0 1788978393 243312
1 42165 55 0 1788978393 243852
1 42197 48 0 1788978393 245470
1 42199 47 0 1788978393 245570
1 42220 81 0 1788978393 246685
1 42222 53 0 1788978393 246799
1 42244 49 0 1788978393 247987
1 42248 49 0 1788978393 248189
1 42271 59 0 1788978393 249495
1 42274 52 0 1788978393 249690
1 42276 70 0 1788978393 249812
1 42280 61 0 1788978393 250049
1 42298 58 0 1788978393 251085
1 42304 56 0 1788978393 251446
1 42308 60 0 1788978393 251698
1 42363 52 0 1788978393 254750
1 42375 51 0 1788978393 255364
1 42392 53 0 1788978393 256280
1 42393 55 0 1788978393 256339
1 42411 51 0 1788978393 257328
1 42441 54 0 1788978393 258849
1 42452 53 0 1788978393 259461
1 42473 48 0 1788978393 260562
1 42478 47 0 1788978393 260843
1 42500 54 0 1788978393 262010
1 42508 69 0 1788978393 262504
1 42543 83 0 1788978393 265178
1 42547 88 0 1788978393 265456
1 42559 94 0 1788978393 266930
1 42585 61 0 1788978393 268885
1 42628 60 0 1788978393 271400
1 42642 69 0 1788978393 272241
1 42655 56 0 1788978393 273095
1 42660 67 0 1788978393 273403
1 42661 63 0 1788978393 273469
1 42678 55 0 1788978393 274504
1 42696 59 0 1788978393 275554
1 42726 55 0 1788978393 277335
1 42742 54 0 1788978393 278377
1 42757 66 0 1788978393 279335
1 42761 65 0 1788978393 279604
1 42772 67 0 1788978393 280277
1 42786 50 0 1788978393 281046
1 42798 57 0 1788978393 281659
1 42800 56 0 1788978393 281779
1 42834 57 0 1788978393 283602
1 42835 70 0 1788978393 283675
1 42837 61 0 1788978393 283802
1 42840 54 0 1788978393 283971
1 42895 51 0 1788978393 287062
1 42952 55 0 1788978393 290074
1 42959 53 0 1788978393 290453
1 42966 52 0 1788978393 290847
1 42984 52 0 1788978393 291809
1 42991 52 0 1788978393 292179
1 43030 50 0 1788978393 294307
1 43045 50 0 1788978393 295240
1 43116 74 0 1788978393 299311
1 43137 49 0 1788978393 300610
1 43148 48 0 1788978393 301177
1 43168 48 0 1788978393 302171
1 43174 68 0 1788978393 302568
1 43205 62 0 1788978393 304214
1 43228 68 0 1788978393 305574
1 43331 60 0 1788978393 311532
1 43344 51 0 1788978393 312312
1 43384 56 0 1788978393 314549
1 43389 61 0 1788978393 314878
1 43391 62 0 1788978393 315002
1 43412 75 0 1788978393 317086
1 43431 93 0 1788978393 318569
1 43474 59 0 1788978393 321490
1 43476 53 0 1788978393 321605
1 43517 0 0 1788978393 324064
1 43528 49 0 1788978393 324818
1 43549 55 0 1788978393 326094
1 43551 55 0 1788978393 326209
1 43556 56 0 1788978393 326512
1 43558 85 0 1788978393 326651
1 43560 67 0 1788978393 326796
1 43561 78 0 1788978393 326878
1 43562 102 0 1788978393 326984
1 43581 73 0 1788978393 328304
1 43585 60 0 1788978393 328535
1 43628 58 0 1788978393 331204
1 43632 65 0 1788978393 331440
1 43655 64 0 1788978393 333086
1 43679 75 0 1788978393 334890
1 43690 77 0 1788978393 335791
1 43699 70 0 1788978393 336488
1 43703 77 0 1788978393 336794
1 43708 80 0 1788978393 337139
1 43725 78 0 1788978393 338676
1 43751 80 0 1788978393 340757
1 43803 52 0 1788978393 344213
1 43848 51 0 1788978393 347027
1 43872 61 0 1788978393 348466
1 43878 58 0 1788978393 348836
1 43932 63 0 1788978393 352230
1 43949 51 0 1788978393 353400
1 43961 79 0 1788978393 354161
1 43964 59 0 1788978393 354357
1 44005 56 0 1788978393 357209
1 44015 70 0 1788978393 357817
1 44038 75 0 1788978393 359218
1 44044 60 0 1788978393 359701
1 44070 59 0 1788978393 361342
1 44107 52 0 1788978393 363563
1 44122 57 0 1788978393 364417
1 44175 63 0 1788978393 367714
1 44179 83 0 1788978393 367985
1 44190 81 0 1788978393 368819
1 44246 59 0 1788978393 372222
1 44277 54 0 1788978393 374115
1 44295 66 0 1788978393 375125
1 44304 66 0 1788978393 375760
1 44322 67 0 1788978393 377081
1 44326 118 0 1788978393 377435
1 44340 75 0 1788978393 378394
1 44369 59 0 1788978393 380280
1 44374 51 0 1788978393 380558
1 44385 57 0 1788978393 381180
1 44506 51 0 1788978393 388285
1 44507 53 0 1788978393 388342
1 44514 65 0 1788978393 388872
1 44568 51 0 1788978393 391905
1 44601 75 0 1788978393 394156
1 44602 77 0 1788978393 394238
1 44633 85 0 1788978393 396505
1 44646 50 0 1788978393 397469
1 44658 48 0 1788978393 398110
1 44661 89 0 1788978393 398333
1 44781 62 0 1788978393 405631
1 44798 67 0 1788978393 406754
1 44835 64 0 1788978393 409146
1 44852 54 0 1788978393 410179
1 44878 58 0 1788978393 411767
1 44904 60 0 1788978393 413389
1 44905 61 0 1788978393 413454
1 44917 53 0 1788978393 414164
1 44934 49 0 1788978393 415174
1 44937 57 0 1788978393 415358
1 44957 67 0 1788978393 416510
1 44960 73 0 1788978393 416741
1 44974 62 0 1788978393 417804
1 44985 56 0 1788978393 418427
1 44987 78 0 1788978393 418572
1 44994 56 0 1788978393 419030
1 44995 56 0 1788978393 419088
1 45001 55 0 1788978393 419423
1 45024 55 0 1788978393 420719
1 45025 55 0 1788978393 420775
1 45032 54 0 1788978393 421155
1 45043 55 0 1788978393 421784
1 45055 58 0 1788978393 422442
1 45063 50 0 1788978393 422914
1 45072 54 0 1788978393 423418
1 45074 53 0 1788978393 423531
1 45093 72 0 1788978393 424648
1 45131 66 0 1788978393 426944
1 45143 57 0 1788978393 427769
1 45158 56 0 1788978393 428696
1 45160 66 0 1788978393 428822
1 45220 54 0 1788978393 432297
1 45273 71 0 1788978393 435734
1 45278 76 0 1788978393 436083
1 45286 58 0 1788978393 436562
1 45293 55 0 1788978393 436984
1 45299 55 0 1788978393 437319
1 45306 80 0 1788978393 437919
1 45311 57 0 1788978393 438246
1 45315 68 0 1788978393 438527
1 45325 64 0 1788978393 439284
1 45329 83 0 1788978393 439580
1 45338 73 0 1788978393 440245
1 45341 65 0 1788978393 440462
1 45349 65 0 1788978393 441123
1 45353 72 0 1788978393 441412
1 45362 87 0 1788978393 442175
1 45376 69 0 1788978393 443184
1 45399 61 0 1788978393 444985
1 45407 62 0 1788978393 445468
1 45456 69 0 1788978393 449047
1 45459 60 0 1788978393 449258
1 45509 110 0 1788978393 452651
1 45536 80 0 1788978393 454490
1 45548 58 0 1788978393 455387
1 45569 0 0 1788978393 456814
1 45571 76 0 1788978393 456965
1 45579 52 0 1788978393 457445
1 45600 80 0 1788978393 458908
1 45601 85 0 1788978393 458997
1 45612 72 0 1788978393 459849
1 45668 60 0 1788978393 463986
1 45669 59 0 1788978393 464049
1 45674 75 0 1788978393 464428
1 45678 65 0 1788978393 464721
1 45695 64 0 1788978393 465945
1 45721 64 0 1788978393 467708
1 45742 42 0 1788978393 468920
1 45759 65 0 1788978393 469865
1 45766 55 0 1788978393 470287
1 45772 52 0 1788978393 470610
1 45789 63 0 1788978393 471879
1 45790 79 0 1788978393 471962
1 45830 84 0 1788978393 474619
1 45858 62 0 1788978393 476509
1 45865 64 0 1788978393 476953
1 45893 61 0 1788978393 478887
1 45910 53 0 1788978393 479966
1 45941 76 0 1788978393 482027
1 45946 59 0 1788978393 482342
1 45947 68 0 1788978393 482413
1 46015 61 0 1788978393 486856
1 46016 60 0 1788978393 486920
1 46028 66 0 1788978393 487751
1 46085 62 0 1788978393 491533
1 46098 53 0 1788978393 492488
1 46108 61 0 1788978393 493137
1 46117 68 0 1788978393 493782
1 46123 65 0 1788978393 494197
1 46124 61 0 1788978393 494262
1 46142 71 0 1788978393 495447
1 46164 76 0 1788978393 497644
1 46167 71 0 1788978393 497866
1 46234 105 0 1788978393 503446
1 46240 72 0 1788978393 503951
1 46262 116 0 1788978393 505660
1 46275 64 0 1788978393 506722
1 46281 90 0 1788978393 507242
1 46333 87 0 1788978393 510845
1 46336 63 0 1788978393 511050
1 46342 81 0 1788978393 511564
1 46352 78 0 1788978393 512330
1 46371 75 0 1788978393 513809
1 46377 70 0 1788978393 514265
1 46382 94 0 1788978393 514679
1 46420 61 0 1788978393 517444
1 46424 92 0 1788978393 517759
1 46430 80 0 1788978393 518205
1 46460 66 0 1788978393 520465
1 46490 73 0 1788978393 522781
1 46491 95 0 1788978393 522880
1 46495 65 0 1788978393 523113
1 46500 59 0 1788978393 523417
1 46526 56 0 1788978393 525362
1 46572 92 0 1788978393 528682
1 46586 66 0 1788978393 529737
1 46601 64 0 1788978393 530742
1 46607 57 0 1788978393 531107
1 46623 90 0 1788978393 532424
1 46638 76 0 1788978393 533724
1 46639 70 0 1788978393 533798
1 46678 63 0 1788978393 537064
1 46716 69 0 1788978393 540155
1 46729 86 0 1788978393 541067
1 46809 98 0 1788978393 547187
1 46837 71 0 1788978393 549266
1 46844 77 0 1788978393 549852
1 46855 69 0 1788978393 550589
1 46866 68 0 1788978393 551308
1 46881 54 0 1788978393 552366
1 46913 71 0 1788978393 554484
1 46988 78 0 1788978393 559943
1 47003 60 0 1788978393 561036
1 47039 67 0 1788978393 563342
1 47044 76 0 1788978393 563693
1 47106 61 0 1788978393 567934
1 47108 85 0 1788978393 568086
1 47129 51 0 1788978393 569709
1 47136 62 0 1788978393 570121
1 47149 67 0 1788978393 570956
1 47158 79 0 1788978393 571569
1 47160 66 0 1788978393 571727
1 47233 83 0 1788978393 576790
1 47237 60 0 1788978393 577046
1 47239 61 0 1788978393 577171
1 47252 67 0 1788978393 578099
1 47272 77 0 1788978393 579436
1 47305 71 0 1788978393 581721
1 47369 67 0 1788978393 586350
1 47382 81 0 1788978393 587314
1 47412 64 0 1788978393 589415
1 47430 65 0 1788978393 590582
1 47448 62 0 1788978393 591814
1 47494 64 0 1788978393 595108
1 47538 61 0 1788978393 598227
1 47545 62 0 1788978393 598777
1 47547 57 0 1788978393 598896
1 47556 57 0 1788978393 599414
1 47561 85 0 1788978393 599759
1 47591 63 0 1788978393 601802
1 47601 72 0 1788978393 602442
1 47631 80 0 1788978393 604687
1 47650 60 0 1788978393 605840
1 47653 67 0 1788978393 606033
1 47679 50 0 1788978393 607721
1 47687 61 0 1788978393 608236
1 47693 66 0 1788978393 608611
1 47703 59 0 1788978393 609283
1 47710 68 0 1788978393 609727
1 47778 106 0 1788978393 614656
1 47789 137 0 1788978393 615665
1 47868 60 0 1788978393 621530
1 47870 84 0 1788978393 621676
1 47882 64 0 1788978393 622434
1 47883 63 0 1788978393 622501
1 47890 70 0 1788978393 623003
1 47893 71 0 1788978393 623215
1 47907 101 0 1788978393 624128
1 47913 55 0 1788978393 624519
1 47935 58 0 1788978393 625839
1 47948 54 0 1788978393 626574
1 47954 55 0 1788978393 626934
1 47969 64 0 1788978393 627957
1 48010 80 0 1788978393 630744
1 48039 85 0 1788978393 633139
1 48058 84 0 1788978393 634776
1 48060 71 0 1788978393 634918
1 48110 62 0 1788978393 638725
1 48166 68 0 1788978393 642872
1 48189 71 0 1788978393 644886
1 48193 74 0 1788978393 645226
1 48224 71 0 1788978393 650660
1 48236 0 0 1788978393 652132
1 48258 75 0 1788978393 653682
1 48267 75 0 1788978393 654276
1 48288 80 0 1788978393 656051
1 48298 75 0 1788978393 656886
1 48299 71 0 1788978393 656962
1 48317 123 0 1788978393 659483
1 48329 0 0 1788978393 662352
1 48340 0 0 1788978393 663099
1 48391 69 0 1788978393 673316
1 48432 66 0 1788978393 676400
1 48434 64 0 1788978393 676538
1 48494 69 0 1788978393 684106
1 48498 71 0 1788978393 684400
1 48506 72 0 1788978393 685550
1 48516 63 0 1788978393 686253
1 48525 72 0 1788978393 690173
1 48526 75 0 1788978393 690256
1 48527 72 0 1788978393 690330
1 48541 78 0 1788978393 691333
1 48558 68 0 1788978393 692541
1 48572 0 0 1788978393 693552
1 48585 72 0 1788978393 694473
1 48615 75 0 1788978393 698588
1 48616 155 0 1788978393 698747
1 48641 74 0 1788978393 700946
1 48658 62 0 1788978393 702226
1 48675 73 0 1788978393 703606
1 48679 80 0 1788978393 703937
1 48697 68 0 1788978393 705337
1 48759 68 0 1788978393 709909
1 48796 67 0 1788978393 712585
1 48812 70 0 1788978393 713749
1 48866 70 0 1788978393 717762
1 48923 63 0 1788978393 721732
1 49006 68 0 1788978393 727256
1 49059 60 0 1788978393 730926
1 49103 59 0 1788978393 733922
1 49118 58 0 1788978393 734930
1 49128 68 0 1788978393 735621
1 49129 65 0 1788978393 735689
1 49156 57 0 1788978393 737495
1 49187 71 0 1788978393 739756
1 49191 62 0 1788978393 740024
1 49227 59 0 1788978393 742496
1 49231 63 0 1788978393 742757
1 49234 69 0 1788978393 742958
1 49247 51 0 1788978393 743748
1 49258 70 0 1788978393 744458
1 49287 57 0 1788978393 746444
1 49290 61 0 1788978393 746625
1 49309 63 0 1788978393 747837
1 49354 62 0 1788978393 750878
1 49367 89 0 1788978393 751888
1 49422 56 0 1788978393 755521
1 49435 61 0 1788978393 756349
1 49450 65 0 1788978393 757297
1 49497 76 0 1788978393 760649
1 49512 75 0 1788978393 761609
1 49515 75 0 1788978393 761880
1 49518 60 0 1788978393 762057
1 49534 71 0 1788978393 763291
1 49558 91 0 1788978393 765003
1 49575 69 0 1788978393 766131
1 49610 61 0 1788978393 768418
1 49630 58 0 1788978393 769731
1 49661 68 0 1788978393 771949
1 49664 65 0 1788978393 772149
1 49690 65 0 1788978393 773918
1 49710 60 0 1788978393 775268
1 49727 71 0 1788978393 776450
1 49741 63 0 1788978393 777397
1 49747 62 0 1788978393 777794
1 49758 58 0 1788978393 778520
1 49768 56 0 1788978393 779141
1 49801 60 0 1788978393 781305
1 49820 58 0 1788978393 782581
1 49834 69 0 1788978393 783602
1 49848 76 0 1788978393 784568
1 49850 64 0 1788978393 784723
1 49867 70 0 1788978393 785917
1 49868 71 0 1788978393 785993
1 49890 68 0 1788978393 787490
1 49925 62 0 1788978393 789812
1 49929 68 0 1788978393 790083
1 49949 63 0 1788978393 791407
1 49951 68 0 1788978393 791562
1 49954 64 0 1788978393 791798
1 49969 71 0 1788978393 792843
1 50006 68 0 1788978393 795457
1 50069 73 0 1788978393 799734
1 50140 61 0 1788978393 804302
1 50158 64 0 1788978393 805577
1 50159 74 0 1788978393 805655
1 50207 83 0 1788978393 808656
1 50218 67 0 1788978393 809418
1 50229 67 0 1788978393 810178
1 50237 67 0 1788978393 810748
1 50258 65 0 1788978393 812114
1 50301 60 0 1788978393 815092
1 50308 61 0 1788978393 815527
1 50322 78 0 1788978393 816453
1 50329 79 0 1788978393 817008
1 50354 57 0 1788978393 818822
1 50400 76 0 1788978393 822237
1 50427 89 0 1788978393 824282
1 50489 69 0 1788978393 828510
1 50524 62 0 1788978393 830767
1 50526 61 0 1788978393 830894
1 50527 61 0 1788978393 830957
1 50541 62 0 1788978393 831902
1 50560 60 0 1788978393 833146
1 50624 63 0 1788978393 837522
1 50629 73 0 1788978393 837893
1 50633 77 0 1788978393 838231
1 50634 75 0 1788978393 838312
1 50637 72 0 1788978393 838523
1 50639 108 0 1788978393 838707
1 50672 57 0 1788978393 840812
1 50715 77 0 1788978393 843978
1 50734 57 0 1788978393 845582
1 50743 68 0 1788978393 846126
1 50794 58 0 1788978393 849495
1 50809 61 0 1788978393 850461
1 50832 73 0 1788978393 852289
1 50840 72 0 1788978393 852840
1 50894 83 0 1788978393 856709
1 50902 75 0 1788978393 857297
1 50927 95 0 1788978393 859347
1 50929 79 0 1788978393 859509
1 50941 86 0 1788978393 860442
1 50958 96 0 1788978393 861937
1 50960 89 0 1788978393 862104
1 51002 98 0 1788978393 865770
1 51072 63 0 1788978393 873129
1 51074 65 0 1788978393 873268
1 51097 77 0 1788978393 875291
1 51158 74 0 1788978393 880250
1 51179 64 0 1788978393 881634
1 51181 69 0 1788978393 881778
1 51185 70 0 1788978393 882072
1 51192 115 0 1788978393 882671
1 51230 58 0 1788978393 885329
1 51247 71 0 1788978393 886449
1 51302 66 0 1788978393 890243
1 51313 67 0 1788978393 891047
1 51339 77 0 1788978393 892760
1 51375 78 0 1788978393 895375
1 51387 68 0 1788978393 896199
1 51392 64 0 1788978393 896520
1 51414 51 0 1788978393 897935
1 51416 58 0 1788978393 898050
1 51498 99 0 1788978393 903673
1 51500 49 0 1788978393 903783
1 51521 60 0 1788978393 905194
1 51536 61 0 1788978393 906164
1 51554 63 0 1788978393 907593
1 51565 53 0 1788978393 908277
1 51583 56 0 1788978393 909311
1 51600 64 0 1788978393 910377
1 51630 53 0 1788978393 912345
1 51725 63 0 1788978393 919159
1 51757 68 0 1788978393 921276
1 51774 62 0 1788978393 922345
1 51815 61 0 1788978393 925132
1 51816 63 0 1788978393 925198
1 51850 78 0 1788978393 927399
1 51865 91 0 1788978393 928486
1 51895 66 0 1788978393 930465
1 51927 95 0 1788978393 933245
1 51950 68 0 1788978393 935087
1 51963 70 0 1788978393 936068
1 51985 68 0 1788978393 937623
1 51999 89 0 1788978393 938610
1 52009 59 0 1788978393 939299
1 52023 68 0 1788978393 940236
1 52027 63 0 1788978393 940496
1 52087 84 0 1788978393 944314
1 52090 59 0 1788978393 944493
1 52104 61 0 1788978393 945415
1 52200 72 0 1788978393 951975
1 52222 57 0 1788978393 953374
1 52259 65 0 1788978393 956101
1 52261 81 0 1788978393 956259
1 52353 64 0 1788978393 962727
1 52360 66 0 1788978393 963171
1 52362 64 0 1788978393 963303
1 52390 56 0 1788978393 965119
1 52400 94 0 1788978393 965783
1 52423 75 0 1788978393 967601
1 52498 57 0 1788978393 972829
1 52557 68 0 1788978393 976537
1 52580 62 0 1788978393 978072
1 52585 65 0 1788978393 978387
1 52622 66 0 1788978393 981009
1 52625 66 0 1788978393 981215
1 52662 84 0 1788978393 984039
1 52665 110 0 1788978393 984345
1 52688 59 0 1788978393 985901
1 52742 57 0 1788978393 989341
1 52769 67 0 1788978393 991109
1 52777 67 0 1788978393 991621
1 52871 72 0 1788978393 998033
1 52883 67 0 1788978393 998874
1 52888 56 0 1788978393 999180
1 52901 53 0 1788978394 2
1 52905 59 0 1788978394 252
1 52906 68 0 1788978394 322
1 52918 55 0 1788978394 1085
1 52941 72 0 1788978394 2518
1 52958 55 0 1788978394 3815
1 52959 55 0 1788978394 3873
1 52961 54 0 1788978394 3982
1 52978 67 0 1788978394 5055
1 53004 59 0 1788978394 7005
1 53015 68 0 1788978394 7777
1 53022 84 0 1788978394 8314
1 53088 75 0 1788978394 12857
1 53102 58 0 1788978394 13661
1 53105 63 0 1788978394 13836
1 53106 65 0 1788978394 13904
1 53141 64 0 1788978394 16296
1 53163 86 0 1788978394 17728
1 53168 54 0 1788978394 18033
1 53172 68 0 1788978394 18294
1 53192 61 0 1788978394 19574
1 53195 74 0 1788978394 19793
1 53228 65 0 1788978394 21945
1 53272 67 0 1788978394 24690
1 53273 67 0 1788978394 24762
1 53292 63 0 1788978394 25993
1 53332 57 0 1788978394 28490
1 53350 75 0 1788978394 29735
1 53379 73 0 1788978394 31651
1 53423 59 0 1788978394 34514
1 53428 60 0 1788978394 34828
1 53455 76 0 1788978394 36547
1 53492 54 0 1788978394 38872
1 53501 76 0 1788978394 39512
1 53512 58 0 1788978394 40239
1 53560 57 0 1788978394 43347
1 53562 55 0 1788978394 43463
1 53581 66 0 1788978394 44797
1 53592 57 0 1788978394 45488
1 53642 56 0 1788978394 48781
1 53651 60 0 1788978394 49369
1 53735 57 0 1788978394 55742
1 53738 65 0 1788978394 55935
1 53746 58 0 1788978394 56527
1 53751 60 0 1788978394 56835
1 53768 56 0 1788978394 57876
1 53774 79 0 1788978394 58262
1 53787 63 0 1788978394 59115
1 53809 65 0 1788978394 60591
1 53810 73 0 1788978394 60668
1 53836 65 0 1788978394 62326
1 53843 51 0 1788978394 62770
1 53925 63 0 1788978394 67826
1 53987 70 0 1788978394 71715
1 53996 110 0 1788978394 72394
1 54024 90 0 1788978394 74713
1 54038 72 0 1788978394 75928
1 54053 62 0 1788978394 76944
1 54064 79 0 1788978394 77655
1 54065 59 0 1788978394 77717
1 54132 62 0 1788978394 81949
1 54154 60 0 1788978394 83288
1 54173 94 0 1788978394 84695
1 54190 58 0 1788978394 85740
1 54191 58 0 1788978394 85800
1 54222 62 0 1788978394 87838
1 54236 61 0 1788978394 88723
1 54292 67 0 1788978394 92219
1 54312 59 0 1788978394 93490
1 54329 54 0 1788978394 94592
1 54341 71 0 1788978394 95420
1 54348 66 0 1788978394 95910
1 54361 55 0 1788978394 96809
1 54368 69 0 1788978394 97267
1 54371 81 0 1788978394 97481
1 54392 70 0 1788978394 99150
1 54398 80 0 1788978394 99599
1 54454 106 0 1788978394 103279
1 54457 59 0 1788978394 103489
1 54483 64 0 1788978394 105305
1 54488 73 0 1788978394 105649
1 54528 57 0 1788978394 108443
1 54538 61 0 1788978394 109078
1 54552 54 0 1788978394 110003
1 54616 59 0 1788978394 114266
1 54645 62 0 1788978394 116279
1 54668 52 0 1788978394 117957
1 54681 63 0 1788978394 118633
1 54684 57 0 1788978394 118821
1 54696 58 0 1788978394 119557
1 54711 55 0 1788978394 120456
1 54713 55 0 1788978394 120570
1 54730 64 0 1788978394 121727
1 54759 67 0 1788978394 123564
1 54761 59 0 1788978394 123714
1 54763 59 0 1788978394 123832
1 54783 59 0 1788978394 125039
1 54789 60 0 1788978394 125402
1 54815 56 0 1788978394 127035
1 54829 55 0 1788978394 127871
1 54838 49 0 1788978394 128408
1 54853 83 0 1788978394 129419
1 54880 70 0 1788978394 131328
1 54885 69 0 1788978394 131642
1 54886 61 0 1788978394 131707
1 54891 53 0 1788978394 131999
1 54907 59 0 1788978394 133023
1 54920 53 0 1788978394 133836
1 54938 64 0 1788978394 134870
1 54963 71 0 1788978394 136591
1 54977 65 0 1788978394 137500
1 55001 78 0 1788978394 139078
1 55042 55 0 1788978394 141832
1 55094 55 0 1788978394 145116
1 55096 52 0 1788978394 145228
1 55109 59 0 1788978394 146017
1 55118 58 0 1788978394 146544
1 55200 67 0 1788978394 152164
1 55220 52 0 1788978394 153416
1 55265 55 0 1788978394 156268
1 55268 72 0 1788978394 156457
1 55275 61 0 1788978394 156976
1 55276 61 0 1788978394 157040
1 55277 75 0 1788978394 157118
1 55321 66 0 1788978394 160461
1 55369 67 0 1788978394 164128
1 55389 62 0 1788978394 165396
1 55390 58 0 1788978394 165457
1 55392 57 0 1788978394 165583
1 55421 62 0 1788978394 167455
1 55429 57 0 1788978394 167960
1 55431 56 0 1788978394 168078
1 55502 62 0 1788978394 173192
1 55513 59 0 1788978394 173918
1 55542 65 0 1788978394 175824
1 55561 59 0 1788978394 177083
1 55572 62 0 1788978394 177769
1 55574 81 0 1788978394 177924
1 55596 67 0 1788978394 179289
1 55598 70 0 1788978394 179426
1 55614 55 0 1788978394 180451
1 55628 55 0 1788978394 181238
1 55647 68 0 1788978394 182485
1 55745 70 0 1788978394 189209
1 55761 59 0 1788978394 190398
1 55789 61 0 1788978394 192314
1 55819 65 0 1788978394 194426
1 55840 54 0 1788978394 195690
1 55869 63 0 1788978394 197605
1 55922 70 0 1788978394 201883
1 55942 0 0 1788978394 203485
1 55961 60 0 1788978394 205017
1 55962 62 0 1788978394 205083
1 55985 61 0 1788978394 206607
1 55988 74 0 1788978394 206874
1 55993 64 0 1788978394 207232
1 56021 69 0 1788978394 209106
1 56039 78 0 1788978394 210370
1 56042 63 0 1788978394 210591
1 56056 84 0 1788978394 211790
1 56059 75 0 1788978394 212025
1 56068 75 0 1788978394 212790
1 56078 130 0 1788978394 213645
1 56079 90 0 1788978394 213740
1 56139 63 0 1788978394 218328
1 56164 71 0 1788978394 220047
1 56218 0 0 1788978394 224085
1 56256 69 0 1788978394 226725
1 56293 83 0 1788978394 229396
1 56306 72 0 1788978394 230429
1 56319 71 0 1788978394 231309
1 56336 61 0 1788978394 232407
1 56341 67 0 1788978394 232724
1 56390 68 0 1788978394 235828
1 56413 71 0 1788978394 237382
1 56432 77 0 1788978394 238888
1 56450 73 0 1788978394 240288
1 56462 73 0 1788978394 241217
1 56464 56 0 1788978394 241339
1 56530 68 0 1788978394 246257
1 56617 75 0 1788978394 252449
1 56640 67 0 1788978394 254258
1 56651 57 0 1788978394 254983
1 56672 68 0 1788978394 256441
1 56679 58 0 1788978394 256898
1 56698 64 0 1788978394 258216
1 56708 69 0 1788978394 258915
1 56731 70 0 1788978394 260394
1 56756 78 0 1788978394 262040
1 56853 61 0 1788978394 269406
1 56860 64 0 1788978394 269866
1 56871 100 0 1788978394 270708
1 56936 62 0 1788978394 275446
1 56937 59 0 1788978394 275510
1 56947 56 0 1788978394 276086
1 56958 52 0 1788978394 276711
1 57009 62 0 1788978394 279757
1 57016 57 0 1788978394 280154
1 57034 57 0 1788978394 281256
1 57036 69 0 1788978394 281395
1 57125 75 0 1788978394 287202
1 57165 60 0 1788978394 289724
1 57196 65 0 1788978394 291825
1 57212 70 0 1788978394 292919
1 57214 69 0 1788978394 293062
1 57229 59 0 1788978394 294023
1 57238 69 0 1788978394 294632
1 57248 54 0 1788978394 295232
1 57257 55 0 1788978394 295785
1 57284 55 0 1788978394 297294
1 57291 57 0 1788978394 297689
1 57292 56 0 1788978394 297747
1 57354 62 0 1788978394 301554
1 57380 66 0 1788978394 303465
1 57387 65 0 1788978394 303960
1 57419 68 0 1788978394 306074
1 57473 72 0 1788978394 309909
1 57479 66 0 1788978394 310302
1 57492 71 0 1788978394 311165
1 57504 62 0 1788978394 311971
1 57537 66 0 1788978394 314119
1 57643 55 0 1788978394 322523
1 57659 59 0 1788978394 323563
1 57736 67 0 1788978394 328930
1 57748 67 0 1788978394 329695
1 57803 80 0 1788978394 333526
1 57821 66 0 1788978394 335033
1 57826 76 0 1788978394 335468
1 57841 102 0 1788978394 336649
1 57889 74 0 1788978394 340606
1 57917 59 0 1788978394 342528
1 57950 83 0 1788978394 344755
1 57967 56 0 1788978394 345929
1 57970 57 0 1788978394 346102
1 57982 56 0 1788978394 346807
1 58080 80 0 1788978394 353042
1 58082 72 0 1788978394 353207
1 58097 75 0 1788978394 354305
1 58126 61 0 1788978394 356170
1 58138 58 0 1788978394 356912
1 58202 56 0 1788978394 361211
1 58229 61 0 1788978394 362880
1 58239 73 0 1788978394 363522
1 58296 44 0 1788978394 367192
1 58302 53 0 1788978394 367503
1 58314 45 0 1788978394 368110
1 58362 68 0 1788978394 371064
1 58366 57 0 1788978394 371296
1 58379 0 0 1788978394 372097
1 58384 57 0 1788978394 372429
1 58389 55 0 1788978394 372749
1 58402 58 0 1788978394 373518
1 58405 69 0 1788978394 373733
1 58438 49 0 1788978394 375739
1 58458 61 0 1788978394 377033
1 58460 63 0 1788978394 377163
1 58478 57 0 1788978394 378372
1 58489 68 0 1788978394 379069
1 58509 68 0 1788978394 380336
1 58534 63 0 1788978394 381965
1 58547 57 0 1788978394 382929
1 58550 61 0 1788978394 383112
1 58558 59 0 1788978394 383592
1 58560 66 0 1788978394 383756
1 58566 60 0 1788978394 384138
1 58708 54 0 1788978394 393284
1 58713 54 0 1788978394 393560
1 58730 68 0 1788978394 394674
1 58750 63 0 1788978394 395958
1 58762 84 0 1788978394 396683
1 58769 73 0 1788978394 397185
1 58797 54 0 1788978394 398871
1 58802 55 0 1788978394 399154
1 58847 60 0 1788978394 401690
1 58943 77 0 1788978394 407637
1 58950 59 0 1788978394 408100
1 58963 59 0 1788978394 408946
1 58993 58 0 1788978394 410800
1 59021 65 0 1788978394 412531
1 59022 69 0 1788978394 412604
1 59047 60 0 1788978394 414351
1 59048 62 0 1788978394 414416
1 59050 70 0 1788978394 414559
1 59069 77 0 1788978394 415869
1 59076 83 0 1788978394 416433
1 59089 54 0 1788978394 417329
1 59092 54 0 1788978394 417497
1 59096 62 0 1788978394 417783
1 59100 67 0 1788978394 418073
1 59152 83 0 1788978394 421848
1 59178 59 0 1788978394 423378
1 59240 60 0 1788978394 427291
1 59245 81 0 1788978394 427634
1 59263 69 0 1788978394 429065
1 59271 64 0 1788978394 429569
1 59276 66 0 1788978394 429928
1 59292 74 0 1788978394 431050
1 59307 59 0 1788978394 432215
1 59312 59 0 1788978394 432518
1 59336 61 0 1788978394 434061
1 59346 76 0 1788978394 434917
1 59370 55 0 1788978394 436466
1 59395 64 0 1788978394 438167
1 59465 82 0 1788978394 444054
1 59467 93 0 1788978394 444240
1 59486 76 0 1788978394 446010
1 59496 81 0 1788978394 446809
1 59497 94 0 1788978394 446907
1 59513 68 0 1788978394 448152
1 59541 81 0 1788978394 450276
1 59546 116 0 1788978394 450718
1 59550 67 0 1788978394 451027
1 59570 72 0 1788978394 452512
1 59592 97 0 1788978394 454198
1 59593 80 0 1788978394 454283
1 59622 113 0 1788978394 456745
1 59634 100 0 1788978394 457690
1 59640 66 0 1788978394 458119
1 59647 87 0 1788978394 458645
1 59651 49 0 1788978394 458971
1 59658 49 0 1788978394 459322
1 59700 42 0 1788978394 461404
1 59702 43 0 1788978394 461494
1 59717 43 0 1788978394 462217
1 59746 62 0 1788978394 463898
1 59762 57 0 1788978394 464920
1 59790 0 0 1788978394 466638
1 59791 69 0 1788978394 466710
1 59795 66 0 1788978394 467003
1 59833 68 0 1788978394 470399
1 59844 76 0 1788978394 471184
1 59866 55 0 1788978394 472747
1 59870 72 0 1788978394 473001
1 59878 64 0 1788978394 473541
1 59889 63 0 1788978394 474323
1 59923 85 0 1788978394 476749
1 59929 66 0 1788978394 477188
1 59930 69 0 1788978394 477263
1 59958 64 0 1788978394 479157
1 60025 74 0 1788978394 484116
1 60041 63 0 1788978394 485251
1 60073 68 0 1788978394 488257
1 60092 63 0 1788978394 489564
1 60096 85 0 1788978394 489917
1 60110 97 0 1788978394 490898
1 60138 73 0 1788978394 492996
1 60140 57 0 1788978394 493132
1 60148 99 0 1788978394 493687
1 60155 65 0 1788978394 494273
1 60175 64 0 1788978394 495685
1 60178 69 0 1788978394 495932
1 60189 86 0 1788978394 496657
1 60190 67 0 1788978394 496726
1 60221 62 0 1788978394 498997
1 60228 71 0 1788978394 499487
1 60246 57 0 1788978394 500793
1 60247 57 0 1788978394 500854
1 60250 74 0 1788978394 501068
1 60253 76 0 1788978394 501284
1 60254 96 0 1788978394 501385
1 60266 78 0 1788978394 502250
1 60270 70 0 1788978394 502552
1 60276 72 0 1788978394 503003
1 60281 70 0 1788978394 503391
1 60334 67 0 1788978394 507114
1 60376 78 0 1788978394 510074
1 60377 61 0 1788978394 510139
1 60419 76 0 1788978394 513295
1 60453 75 0 1788978394 516221
1 60463 62 0 1788978394 516929
1 60477 58 0 1788978394 517856
1 60484 59 0 1788978394 518285
1 60516 71 0 1788978394 520463
1 60530 57 0 1788978394 521391
1 60539 62 0 1788978394 521973
1 60575 59 0 1788978394 524328
1 60593 67 0 1788978394 525626
1 60617 58 0 1788978394 527202
1 60649 55 0 1788978394 529211
1 60677 58 0 1788978394 531065
1 60685 79 0 1788978394 531626
1 60691 71 0 1788978394 532104
1 60705 58 0 1788978394 533190
1 60712 54 0 1788978394 533606
1 60731 61 0 1788978394 534886
1 60741 58 0 1788978394 535529
1 60758 90 0 1788978394 536664
1 60765 64 0 1788978394 537128
1 60782 68 0 1788978394 538205
1 60790 64 0 1788978394 538737
1 60829 58 0 1788978394 541266
1 60843 110 0 1788978394 542396
1 60865 77 0 1788978394 544289
1 60909 83 0 1788978394 547515
1 60911 90 0 1788978394 547684
1 60950 61 0 1788978394 551188
1 60954 70 0 1788978394 551449
1 60955 72 0 1788978394 551525
1 61066 60 0 1788978394 559048
1 61076 76 0 1788978394 559771
1 61090 75 0 1788978394 560811
1 61108 63 0 1788978394 561990
1 61123 61 0 1788978394 562927
1 61135 69 0 1788978394 563675
1 61197 54 0 1788978394 567752
1 61212 77 0 1788978394 568722
1 61214 67 0 1788978394 568865
1 61270 80 0 1788978394 576607
1 61286 91 0 1788978394 577810
1 61304 68 0 1788978394 579354
1 61307 138 0 1788978394 579658
1 61356 70 0 1788978394 583718
1 61380 67 0 1788978394 585351
1 61438 56 0 1788978394 588970
1 61444 62 0 1788978394 589368
1 61460 68 0 1788978394 590520
1 61483 69 0 1788978394 592155
1 61490 73 0 1788978394 592623
1 61491 70 0 1788978394 592696
1 61512 59 0 1788978394 594369
1 61535 69 0 1788978394 595969
1 61549 59 0 1788978394 597098
1 61579 63 0 1788978394 598970
1 61581 64 0 1788978394 599102
1 61584 59 0 1788978394 599292
1 61594 62 0 1788978394 599947
1 61597 70 0 1788978394 600143
1 61599 66 0 1788978394 600281
1 61623 66 0 1788978394 602046
1 61631 109 0 1788978394 602666
1 61673 58 0 1788978394 605400
1 61688 75 0 1788978394 606331
1 61713 62 0 1788978394 607977
1 61716 62 0 1788978394 608166
1 61731 72 0 1788978394 609179
1 61745 68 0 1788978394 610103
1 61746 65 0 1788978394 610171
1 61765 77 0 1788978394 611519
1 61770 69 0 1788978394 611863
1 61782 75 0 1788978394 612720
1 61787 69 0 1788978394 613112
1 61795 92 0 1788978394 613658
1 61797 69 0 1788978394 613846
1 61845 61 0 1788978394 617454
1 61892 70 0 1788978394 620789
1 61902 59 0 1788978394 621435
1 61918 59 0 1788978394 622461
1 61927 65 0 1788978394 623080
1 62006 60 0 1788978394 628144
1 62013 67 0 1788978394 628563
1 62032 74 0 1788978394 629709
1 62038 58 0 1788978394 630081
1 62045 60 0 1788978394 630495
1 62102 65 0 1788978394 634150
1 62125 67 0 1788978394 635755
1 62131 61 0 1788978394 636139
1 62158 50 0 1788978394 637930
1 62181 55 0 1788978394 639505
1 62231 0 0 1788978394 642990
1 62253 62 0 1788978394 644463
1 62256 82 0 1788978394 644683
1 62282 60 0 1788978394 646532
1 62296 53 0 1788978394 647386
1 62315 0 0 1788978394 648543
1 62329 52 0 1788978394 649484
1 62356 57 0 1788978394 651224
1 62376 74 0 1788978394 652578
1 62405 58 0 1788978394 654406
1 62410 125 0 1788978394 654781
1 62423 58 0 1788978394 655535
1 62425 69 0 1788978394 655695
1 62439 56 0 1788978394 656571
1 62453 53 0 1788978394 657358
1 62467 52 0 1788978394 658204
1 62486 68 0 1788978394 659457
1 62518 70 0 1788978394 661709
1 62548 63 0 1788978394 663961
1 62553 62 0 1788978394 664287
1 62559 92 0 1788978394 664698
1 62571 58 0 1788978394 665465
1 62593 70 0 1788978394 666919
1 62667 64 0 1788978394 671781
1 62669 64 0 1788978394 671913
1 62711 57 0 1788978394 674874
1 62716 70 0 1788978394 675207
1 62717 69 0 1788978394 675281
1 62739 45 0 1788978394 676523
1 62756 48 0 1788978394 677512
1 62759 55 0 1788978394 677685
1 62773 74 0 1788978394 678629
1 62775 63 0 1788978394 678759
1 62776 72 0 1788978394 678833
1 62811 57 0 1788978394 680999
1 62821 93 0 1788978394 681630
1 62837 62 0 1788978394 682766
1 62840 64 0 1788978394 682960
1 62929 61 0 1788978394 688739
1 62940 56 0 1788978394 689395
1 62961 65 0 1788978394 690741
1 62988 57 0 1788978394 692393
1 62995 58 0 1788978394 692818
1 63014 57 0 1788978394 693941
1 63015 57 0 1788978394 694000
1 63016 58 0 1788978394 694059
1 63028 54 0 1788978394 694799
1 63030 61 0 1788978394 694929
1 63031 65 0 1788978394 694998
1 63039 56 0 1788978394 695499
1 63076 57 0 1788978394 697850
1 63080 56 0 1788978394 698079
1 63100 62 0 1788978394 699333
1 63109 54 0 1788978394 699886
1 63127 54 0 1788978394 700920
1 63129 54 0 1788978394 701033
1 63133 66 0 1788978394 701270
1 63144 66 0 1788978394 702026
1 63204 56 0 1788978394 706057
1 63274 76 0 1788978394 710380
1 63298 63 0 1788978394 712279
1 63315 66 0 1788978394 713400
1 63328 62 0 1788978394 714236
1 63339 67 0 1788978394 714941
1 63360 57 0 1788978394 716336
1 63377 58 0 1788978394 717438
1 63420 56 0 1788978394 720403
1 63463 69 0 1788978394 723133
1 63473 62 0 1788978394 723773
1 63478 59 0 1788978394 724100
1 63479 64 0 1788978394 724168
1 63579 58 0 1788978394 730475
1 63615 56 0 1788978394 732846
1 63619 55 0 1788978394 733072
1 63681 61 0 1788978394 737093
1 63690 65 0 1788978394 737650
1 63700 57 0 1788978394 738323
1 63784 70 0 1788978394 744104
1 63810 56 0 1788978394 745601
1 63813 55 0 1788978394 745791
1 63825 69 0 1788978394 746547
1 63837 58 0 1788978394 747365
1 63880 68 0 1788978394 750678
1 63914 63 0 1788978394 752868
1 63938 63 0 1788978394 754488
1 63957 74 0 1788978394 755747
1 63965 69 0 1788978394 756299
1 63975 48 0 1788978394 756986
1 64002 69 0 1788978394 758667
1 64015 64 0 1788978394 759621
1 64045 57 0 1788978394 761483
1 64048 81 0 1788978394 761683
1 64050 72 0 1788978394 761834
1 64051 68 0 1788978394 761905
1 64086 60 0 1788978394 764198
1 64100 61 0 1788978394 765131
1 64120 58 0 1788978394 766315
1 64130 46 0 1788978394 766882
1 64164 64 0 1788978394 768911
1 64196 60 0 1788978394 770987
1 64208 64 0 1788978394 771798
1 64221 61 0 1788978394 772556
1 64236 61 0 1788978394 773487
1 64246 55 0 1788978394 774104
1 64250 57 0 1788978394 774329
1 64267 73 0 1788978394 775290
1 64278 70 0 1788978394 776062
1 64290 61 0 1788978394 776845
1 64292 67 0 1788978394 776994
1 64296 67 0 1788978394 777295
1 64325 54 0 1788978394 778985
1 64365 79 0 1788978394 781765
1 64419 72 0 1788978394 785468
1 64491 58 0 1788978394 790162
1 64502 63 0 1788978394 790837
1 64509 78 0 1788978394 791276
1 64512 64 0 1788978394 791479
1 64514 63 0 1788978394 791607
1 64533 75 0 1788978394 792967
1 64548 62 0 1788978394 793967
1 64563 57 0 1788978394 794911
1 64572 55 0 1788978394 795597
1 64577 55 0 1788978394 795908
1 64611 64 0 1788978394 798045
1 64649 59 0 1788978394 800481
1 64662 69 0 1788978394 801409
1 64671 61 0 1788978394 802051
1 64686 60 0 1788978394 803027
1 64694 62 0 1788978394 803597
1 64788 66 0 1788978394 810176
1 64826 58 0 1788978394 812464
1 64827 58 0 1788978394 812525
1 64838 63 0 1788978394 813238
1 64885 56 0 1788978394 816418
1 64897 59 0 1788978394 817174
1 64911 55 0 1788978394 818027
1 64921 64 0 1788978394 818629
1 64933 54 0 1788978394 819350
1 64947 54 0 1788978394 820168
1 64954 54 0 1788978394 820562
1 64965 58 0 1788978394 821248
1 65002 56 0 1788978394 823551
1 65003 79 0 1788978394 823633
1 65007 63 0 1788978394 823889
1 65021 63 0 1788978394 824762
1 65022 65 0 1788978394 824830
1 65028 55 0 1788978394 825195
1 65041 64 0 1788978394 826062
1 65052 84 0 1788978394 826848
1 65084 71 0 1788978394 829186
1 65091 78 0 1788978394 829664
1 65102 62 0 1788978394 830408
1 65112 58 0 1788978394 830945
1 65164 56 0 1788978394 834043
1 65243 42 0 1788978394 838812
1 65271 53 0 1788978394 840261
1 65309 61 0 1788978394 842746
1 65316 77 0 1788978394 843163
1 65378 84 0 1788978394 847355
1 65382 100 0 1788978394 847701
1 65404 53 0 1788978394 849056
1 65413 54 0 1788978394 849544
1 65507 59 0 1788978394 855520
1 65535 62 0 1788978394 857392
1 65565 72 0 1788978394 859585
1 65664 75 0 1788978394 867439
1 65668 74 0 1788978394 867786
1 65691 84 0 1788978394 869528
1 65696 76 0 1788978394 869997
1 65708 80 0 1788978394 871007
1 65738 63 0 1788978394 873564
1 65766 0 0 1788978394 875882
1 65771 80 0 1788978394 876270
1 65794 55 0 1788978394 877975
1 65796 69 0 1788978394 878118
1 65803 86 0 1788978394 878575
1 65825 73 0 1788978394 880069
1 65830 61 0 1788978394 880398
1 65852 70 0 1788978394 881929
1 65856 56 0 1788978394 882163
1 65859 55 0 1788978394 882331
1 65863 55 0 1788978394 882553
1 65895 54 0 1788978394 884509
1 65898 57 0 1788978394 884693
1 65912 57 0 1788978394 885496
1 65916 55 0 1788978394 885734
1 65930 62 0 1788978394 886631
1 65944 58 0 1788978394 887478
1 65950 62 0 1788978394 887846
1 66010 55 0 1788978394 891399
1 66038 61 0 1788978394 893003
1 66054 62 0 1788978394 893899
1 66066 68 0 1788978394 894762
1 66073 61 0 1788978394 895214
1 66108 54 0 1788978394 897241
1 66122 62 0 1788978394 898021
1 66162 271 0 1788978394 901311
1 66182 64 0 1788978394 902575
1 66188 69 0 1788978394 903007
1 66203 269 0 1788978394 904173
1 66220 55 0 1788978394 905426
1 66244 64 0 1788978394 907033
1 66271 95 0 1788978394 908778
1 66299 74 0 1788978394 910673
1 66302 59 0 1788978394 910875
1 66305 71 0 1788978394 911102
1 66332 60 0 1788978394 912835
1 66355 67 0 1788978394 914452
1 66371 85 0 1788978394 915643
1 66373 62 0 1788978394 915775
1 66381 69 0 1788978394 916345
1 66391 59 0 1788978394 917021
1 66393 56 0 1788978394 917143
1 66402 60 0 1788978394 917720
1 66447 54 0 1788978394 921216
1 66501 59 0 1788978394 924772
1 66542 58 0 1788978394 927822
1 66559 83 0 1788978394 929115
1 66586 60 0 1788978394 930908
1 66603 65 0 1788978394 932113
1 66622 70 0 1788978394 933365
1 66637 63 0 1788978394 934312
1 66651 62 0 1788978394 935203
1 66665 65 0 1788978394 936150
1 66672 59 0 1788978394 936581
1 66673 102 0 1788978394 936686
1 66679 78 0 1788978394 937156
1 66693 108 0 1788978394 938514
1 66699 91 0 1788978394 939020
1 66741 66 0 1788978394 942401
1 66742 85 0 1788978394 942489
1 66750 80 0 1788978394 943149
1 66760 65 0 1788978394 943915
1 66766 60 0 1788978394 944327
1 66787 63 0 1788978394 945767
1 66793 61 0 1788978394 946181
1 66794 63 0 1788978394 946246
1 66829 56 0 1788978394 948787
1 66838 76 0 1788978394 949409
1 66840 58 0 1788978394 949533
1 66866 105 0 1788978394 951638
1 66912 58 0 1788978394 955267
1 66914 79 0 1788978394 955423
1 66917 60 0 1788978394 955626
1 66924 82 0 1788978394 956154
1 66948 62 0 1788978394 957873
1 66952 59 0 1788978394 958114
1 66970 72 0 1788978394 959477
1 66978 66 0 1788978394 960065
1 67037 82 0 1788978394 964106
1 67065 0 0 1788978394 966236
1 67092 63 0 1788978394 968150
1 67094 69 0 1788978394 968292
1 67101 66 0 1788978394 968818
1 67106 70 0 1788978394 969206
1 67120 75 0 1788978394 970435
1 67157 57 0 1788978394 972880
1 67183 67 0 1788978394 974499
1 67203 61 0 1788978394 975851
1 67216 75 0 1788978394 976735
1 67227 137 0 1788978394 977806
1 67242 67 0 1788978394 978907
1 67285 55 0 1788978394 981801
1 67314 71 0 1788978394 983956
1 67318 64 0 1788978394 984279
1 67332 70 0 1788978394 985190
1 67338 63 0 1788978394 985562
1 67358 64 0 1788978394 986845
1 67361 60 0 1788978394 987039
1 67381 61 0 1788978394 988262
1 67398 70 0 1788978394 989457
1 67408 58 0 1788978394 990113
1 67434 64 0 1788978394 991720
1 67457 64 0 1788978394 993214
1 67458 67 0 1788978394 993283
1 67492 63 0 1788978394 995606
1 67502 77 0 1788978394 996263
1 67527 54 0 1788978394 997898
1 67545 67 0 1788978394 999126
1 67550 94 0 1788978394 999576
1 67578 54 0 1788978395 1410
1 67586 82 0 1788978395 2004
1 67595 85 0 1788978395 2908
1 67622 89 0 1788978395 4658
1 67623 66 0 1788978395 4727
1 67628 63 0 1788978395 5047
1 67672 67 0 1788978395 8265
1 67680 59 0 1788978395 8826
1 67684 83 0 1788978395 9140
1 67686 72 0 1788978395 9297
1 67693 59 0 1788978395 9930
1 67696 56 0 1788978395 10106
1 67751 53 0 1788978395 13511
1 67769 69 0 1788978395 14837
1 67792 55 0 1788978395 16364
1 67810 59 0 1788978395 17573
1 67821 57 0 1788978395 18246
1 67831 71 0 1788978395 18949
1 67876 55 0 1788978395 21747
1 67881 68 0 1788978395 22076
1 67911 63 0 1788978395 23997
1 67917 69 0 1788978395 24424
1 67918 67 0 1788978395 24495
1 67922 62 0 1788978395 24773
1 67924 60 0 1788978395 24892
1 67927 61 0 1788978395 25080
1 67959 64 0 1788978395 27234
1 67986 78 0 1788978395 28922
1 67987 60 0 1788978395 28986
1 67998 76 0 1788978395 29673
1 68051 54 0 1788978395 32843
1 68108 59 0 1788978395 36952
1 68124 63 0 1788978395 37950
1 68128 80 0 1788978395 38215
1 68136 58 0 1788978395 38699
1 68140 87 0 1788978395 38961
1 68176 0 0 1788978395 41625
1 68195 58 0 1788978395 42830
1 68229 69 0 1788978395 44817
1 68248 68 0 1788978395 46097
1 68257 80 0 1788978395 46655
1 68309 50 0 1788978395 49979
1 68320 61 0 1788978395 50596
1 68327 55 0 1788978395 50999
1 68329 59 0 1788978395 51120
1 68337 140 0 1788978395 51713
1 68345 55 0 1788978395 52263
1 68368 58 0 1788978395 53592
1 68376 83 0 1788978395 54145
1 68380 60 0 1788978395 54396
1 68389 67 0 1788978395 54977
1 68394 54 0 1788978395 55256
1 68404 54 0 1788978395 55837
1 68418 91 0 1788978395 56660
1 68438 59 0 1788978395 57920
1 68441 66 0 1788978395 58110
1 68451 59 0 1788978395 58803
1 68453 59 0 1788978395 58926
1 68475 57 0 1788978395 60347
1 68483 60 0 1788978395 60864
1 68497 67 0 1788978395 61735
1 68498 68 0 1788978395 61807
1 68521 51 0 1788978395 63333
1 68534 86 0 1788978395 64263
1 68566 69 0 1788978395 66788
1 68599 69 0 1788978395 68936
1 68622 57 0 1788978395 70323
1 68701 66 0 1788978395 75511
1 68723 58 0 1788978395 76934
1 68791 58 0 1788978395 81529
1 68799 55 0 1788978395 82022
1 68866 53 0 1788978395 86059
1 68867 54 0 1788978395 86115
1 68879 58 0 1788978395 86853
1 68944 63 0 1788978395 91125
1 68950 66 0 1788978395 91576
1 68975 59 0 1788978395 93198
1 68996 60 0 1788978395 94417
1 69056 60 0 1788978395 98236
1 69101 57 0 1788978395 101034
1 69117 61 0 1788978395 102100
1 69129 72 0 1788978395 102886
1 69140 89 0 1788978395 103610
1 69151 62 0 1788978395 104314
1 69186 71 0 1788978395 106580
1 69190 64 0 1788978395 106878
1 69211 56 0 1788978395 108171
1 69212 55 0 1788978395 108229
1 69250 58 0 1788978395 110547
1 69269 52 0 1788978395 111755
1 69284 93 0 1788978395 112734
1 69286 62 0 1788978395 112868
1 69322 64 0 1788978395 115200
1 69334 53 0 1788978395 115976
1 69391 71 0 1788978395 119758
1 69397 572 0 1788978395 120696
1 69408 58 0 1788978395 121362
1 69416 54 0 1788978395 121854
1 69425 61 0 1788978395 122392
1 69477 61 0 1788978395 126017
1 69480 64 0 1788978395 126227
1 69545 61 0 1788978395 130440
1 69555 75 0 1788978395 131054
1 69556 72 0 1788978395 131127
1 69575 59 0 1788978395 132381
1 69578 59 0 1788978395 132563
1 69602 61 0 1788978395 134274
1 69610 61 0 1788978395 134809
1 69617 65 0 1788978395 135262
1 69678 65 0 1788978395 139269
1 69701 66 0 1788978395 140866
1 69730 69 0 1788978395 142973
1 69754 67 0 1788978395 144581
1 69773 74 0 1788978395 146088
1 69776 63 0 1788978395 146334
1 69785 69 0 1788978395 146987
1 69794 63 0 1788978395 147568
1 69810 61 0 1788978395 148578
1 69834 66 0 1788978395 150176
1 69841 95 0 1788978395 150691
1 69850 79 0 1788978395 151357
1 69853 80 0 1788978395 151587
1 69894 62 0 1788978395 154819
1 69896 62 0 1788978395 154946
1 69946 64 0 1788978395 158268
1 69963 71 0 1788978395 159494
1 69999 69 0 1788978395 162205
1 70023 57 0 1788978395 163749
1 70067 96 0 1788978395 166683
1 70103 92 0 1788978395 169803
1 70132 79 0 1788978395 172261
1 70151 60 0 1788978395 173785
1 70168 65 0 1788978395 174904
1 70185 65 0 1788978395 176121
1 70212 70 0 1788978395 178017
1 70270 57 0 1788978395 182187
1 70290 68 0 1788978395 183441
1 70318 111 0 1788978395 185424
1 70320 62 0 1788978395 185560
1 70359 78 0 1788978395 188433
1 70446 65 0 1788978395 195037
1 70486 61 0 1788978395 197773
1 70526 76 0 1788978395 200352
1 70549 65 0 1788978395 202139
1 70563 62 0 1788978395 203069
1 70564 69 0 1788978395 203143
1 70595 57 0 1788978395 205107
1 70599 57 0 1788978395 205339
1 70604 62 0 1788978395 205631
1 70611 57 0 1788978395 206039
1 70621 57 0 1788978395 206611
1 70636 56 0 1788978395 207531
1 70664 66 0 1788978395 209442
1 70691 66 0 1788978395 211269
1 70715 57 0 1788978395 212947
1 70741 57 0 1788978395 214553
1 70752 60 0 1788978395 215300
1 70774 68 0 1788978395 216688
1 70817 66 0 1788978395 219587
1 70819 70 0 1788978395 219739
1 70828 63 0 1788978395 220341
1 70888 75 0 1788978395 224307
1 70904 61 0 1788978395 225308
1 70908 61 0 1788978395 225550
1 70909 73 0 1788978395 225626
1 70911 62 0 1788978395 225752
1 70928 65 0 1788978395 227062
1 70932 57 0 1788978395 227302
1 70991 57 0 1788978395 231031
1 70994 74 0 1788978395 231217
1 71007 63 0 1788978395 232073
1 71010 65 0 1788978395 232270
1 71032 76 0 1788978395 233925
1 71084 56 0 1788978395 237586
1 71105 60 0 1788978395 239050
1 71113 70 0 1788978395 239579
1 71173 66 0 1788978395 244022
1 71184 71 0 1788978395 244772
1 71186 64 0 1788978395 244900
1 71228 65 0 1788978395 248139
1 71272 61 0 1788978395 251559
1 71282 63 0 1788978395 252238
1 71285 66 0 1788978395 252425
1 71299 63 0 1788978395 253353
1 71309 60 0 1788978395 254001
1 71346 70 0 1788978395 256723
1 71373 60 0 1788978395 258386
1 71391 71 0 1788978395 259538
1 71450 77 0 1788978395 263715
1 71480 66 0 1788978395 265999
1 71511 61 0 1788978395 268187
1 71526 58 0 1788978395 269214
1 71546 60 0 1788978395 270400
1 71554 58 0 1788978395 270873
1 71559 75 0 1788978395 271191
1 71582 61 0 1788978395 272542
1 71629 86 0 1788978395 275454
1 71630 71 0 1788978395 275529
1 71641 83 0 1788978395 276335
1 71646 70 0 1788978395 276716
1 71660 70 0 1788978395 277812
1 71664 65 0 1788978395 278098
1 71685 94 0 1788978395 279653
1 71686 73 0 1788978395 279730
1 71688 92 0 1788978395 279899
1 71696 56 0 1788978395 280351
1 71710 62 0 1788978395 281220
1 71716 72 0 1788978395 281624
1 71734 52 0 1788978395 282731
1 71753 63 0 1788978395 283915
1 71769 54 0 1788978395 284910
1 71794 55 0 1788978395 286330
1 71795 55 0 1788978395 286388
1 71803 52 0 1788978395 286870
1 71842 62 0 1788978395 289416
1 71866 53 0 1788978395 290955
1 71867 57 0 1788978395 291015
1 71871 71 0 1788978395 291255
1 71872 68 0 1788978395 291326
1 71878 78 0 1788978395 291733
1 71905 54 0 1788978395 293379
1 71927 60 0 1788978395 294798
1 71942 65 0 1788978395 295750
1 71945 57 0 1788978395 295930
1 71967 67 0 1788978395 297279
1 72022 57 0 1788978395 300572
1 72054 59 0 1788978395 302601
1 72071 68 0 1788978395 303727
1 72083 72 0 1788978395 304534
1 72133 64 0 1788978395 307714
1 72170 60 0 1788978395 310427
1 72181 80 0 1788978395 311151
1 72205 69 0 1788978395 312817
1 72241 73 0 1788978395 315360
1 72249 72 0 1788978395 315998
1 72255 82 0 1788978395 316435
1 72260 68 0 1788978395 316836
1 72338 61 0 1788978395 323035
1 72350 57 0 1788978395 323876
1 72386 90 0 1788978395 326174
1 72404 73 0 1788978395 327395
1 72429 56 0 1788978395 329047
1 72468 77 0 1788978395 331501
1 72507 68 0 1788978395 334625
1 72536 65 0 1788978395 336971
1 72543 70 0 1788978395 337532
1 72574 61 0 1788978395 339894
1 72587 71 0 1788978395 340740
1 72588 82 0 1788978395 340827
1 72591 62 0 1788978395 341022
1 72597 63 0 1788978395 341371
1 72603 81 0 1788978395 341807
1 72606 70 0 1788978395 342009
1 72619 62 0 1788978395 342917
1 72645 55 0 1788978395 344476
1 72709 68 0 1788978395 348719
1 72739 68 0 1788978395 350708
1 72755 59 0 1788978395 351775
1 72794 50 0 1788978395 354538
1 72799 64 0 1788978395 354922
1 72802 58 0 1788978395 355140
1 72854 52 0 1788978395 358187
1 72886 58 0 1788978395 360322
1 72891 78 0 1788978395 360625
1 72943 61 0 1788978395 364032
1 72946 78 0 1788978395 364255
1 72947 69 0 1788978395 364328
1 72951 69 0 1788978395 364603
1 72964 60 0 1788978395 365380
1 72967 53 0 1788978395 365560
1 72990 77 0 1788978395 367069
1 73007 62 0 1788978395 368275
1 73010 67 0 1788978395 368501
1 73127 62 0 1788978395 375942
1 73146 0 0 1788978395 377694
1 73157 120 0 1788978395 378662
1 73220 93 0 1788978395 384325
1 73228 74 0 1788978395 384971
1 73234 69 0 1788978395 385449
1 73258 64 0 1788978395 387315
1 73275 58 0 1788978395 388504
1 73283 66 0 1788978395 389105
1 73284 70 0 1788978395 389178
1 73306 89 0 1788978395 390660
1 73321 58 0 1788978395 391746
1 73356 67 0 1788978395 393939
1 73369 69 0 1788978395 394799
1 73408 95 0 1788978395 397679
1 73419 69 0 1788978395 398535
1 73438 68 0 1788978395 400128
1 73440 79 0 1788978395 400293
1 73441 63 0 1788978395 400361
1 73454 73 0 1788978395 401409
1 73458 88 0 1788978395 401782
1 73477 78 0 1788978395 403109
1 73489 61 0 1788978395 404020
1 73491 62 0 1788978395 404147
1 73496 59 0 1788978395 404457
1 73516 85 0 1788978395 406022
1 73533 86 0 1788978395 407452
1 73558 73 0 1788978395 409366
1 73570 64 0 1788978395 410131
1 73575 68 0 1788978395 410445
1 73594 60 0 1788978395 411608
1 73615 61 0 1788978395 412978
1 73618 71 0 1788978395 413188
1 73622 69 0 1788978395 413442
1 73629 61 0 1788978395 413914
1 73637 59 0 1788978395 414399
1 73638 76 0 1788978395 414478
1 73642 80 0 1788978395 414791
1 73671 71 0 1788978395 416892
1 73686 62 0 1788978395 417874
1 73710 59 0 1788978395 419341
1 73739 68 0 1788978395 421187
1 73790 60 0 1788978395 425013
1 73791 63 0 1788978395 425081
1 73799 90 0 1788978395 425635
1 73814 68 0 1788978395 426737
1 73840 72 0 1788978395 428485
1 73846 62 0 1788978395 428899
1 73864 68 0 1788978395 430161
1 73884 59 0 1788978395 431462
1 73902 67 0 1788978395 432756
1 73903 59 0 1788978395 432819
1 73912 61 0 1788978395 433398
1 73932 62 0 1788978395 434719
1 73944 63 0 1788978395 435428
1 73947 88 0 1788978395 435654
1 73949 66 0 1788978395 435796
1 73967 61 0 1788978395 437163
1 73978 72 0 1788978395 437946
1 73980 57 0 1788978395 438077
1 73986 101 0 1788978395 438712
1 73989 65 0 1788978395 438922
1 73999 60 0 1788978395 439565
1 74046 103 0 1788978395 443075
1 74123 60 0 1788978395 448238
1 74152 71 0 1788978395 450183
1 74205 71 0 1788978395 453922
1 74243 66 0 1788978395 456633
1 74247 63 0 1788978395 456878
1 74277 64 0 1788978395 458939
1 74287 73 0 1788978395 459795
1 74294 65 0 1788978395 460286
1 74301 57 0 1788978395 460715
1 74348 57 0 1788978395 463507
1 74365 59 0 1788978395 464553
1 74389 60 0 1788978395 466178
1 74397 68 0 1788978395 466795
1 74418 62 0 1788978395 468188
1 74495 72 0 1788978395 473056
1 74503 67 0 1788978395 473586
1 74509 64 0 1788978395 473994
1 74522 69 0 1788978395 474894
1 74545 60 0 1788978395 476389
1 74561 61 0 1788978395 477389
1 74575 69 0 1788978395 478314
1 74603 71 0 1788978395 480439
1 74628 69 0 1788978395 482195
1 74642 66 0 1788978395 483190
1 74647 60 0 1788978395 483517
1 74684 54 0 1788978395 486119
1 74686 60 0 1788978395 486241
1 74688 63 0 1788978395 486367
1 74701 73 0 1788978395 487242
1 74703 63 0 1788978395 487374
1 74731 65 0 1788978395 489260
1 74777 68 0 1788978395 492649
1 74780 64 0 1788978395 492850
1 74788 89 0 1788978395 493374
1 74790 66 0 1788978395 493525
1 74791 66 0 1788978395 493593
1 74812 60 0 1788978395 494942
1 74817 60 0 1788978395 495263
1 74820 63 0 1788978395 495446
1 74849 62 0 1788978395 497382
1 74862 59 0 1788978395 498270
1 74867 67 0 1788978395 498586
1 74879 57 0 1788978395 499414
1 74894 66 0 1788978395 500433
1 74900 69 0 1788978395 500854
1 74902 66 0 1788978395 501000
1 74936 68 0 1788978395 503297
1 74959 64 0 1788978395 504917
1 75006 76 0 1788978395 508026
1 75007 65 0 1788978395 508095
1 75102 67 0 1788978395 514494
1 75141 61 0 1788978395 516865
1 75158 69 0 1788978395 517948
1 75236 75 0 1788978395 523072
1 75245 87 0 1788978395 523667
1 75250 55 0 1788978395 523973
1 75260 63 0 1788978395 524560
1 75281 64 0 1788978395 526118
1 75296 77 0 1788978395 527210
1 75305 63 0 1788978395 527810
1 75310 92 0 1788978395 528167
1 75312 67 0 1788978395 528303
1 75357 62 0 1788978395 531495
1 75365 58 0 1788978395 532022
1 75367 83 0 1788978395 532169
1 75370 63 0 1788978395 532369
1 75377 60 0 1788978395 532810
1 75404 92 0 1788978395 534688
1 75417 64 0 1788978395 535517
1 75464 68 0 1788978395 538471
1 75484 58 0 1788978395 539827
1 75492 78 0 1788978395 540411
1 75511 97 0 1788978395 541682
1 75513 49 0 1788978395 541789
1 75514 81 0 1788978395 541873
1 75541 99 0 1788978395 543640
1 75575 61 0 1788978395 546078
1 75601 55 0 1788978395 547883
1 75604 60 0 1788978395 548057
1 75653 68 0 1788978395 551404
1 75655 247 0 1788978395 551723
1 75695 76 0 1788978395 554888
1 75707 85 0 1788978395 555752
1 75708 85 0 1788978395 555842
1 75780 60 0 1788978395 561046
1 75822 73 0 1788978395 563944
1 75882 59 0 1788978395 567930
1 75910 60 0 1788978395 569935
1 75953 77 0 1788978395 572767
1 75962 65 0 1788978395 573402
1 75975 59 0 1788978395 574209
1 75999 60 0 1788978395 575759
1 76019 63 0 1788978395 577080
1 76027 60 0 1788978395 577571
1 76032 62 0 1788978395 577884
1 76055 71 0 1788978395 579473
1 76158 63 0 1788978395 586400
1 76196 60 0 1788978395 588909
1 76212 71 0 1788978395 589922
1 76213 72 0 1788978395 589998
1 76293 59 0 1788978395 595783
1 76299 62 0 1788978395 596172
1 76329 57 0 1788978395 598044
1 76336 68 0 1788978395 598495
1 76349 55 0 1788978395 599322
1 76354 67 0 1788978395 599620
1 76363 86 0 1788978395 600313
1 76380 72 0 1788978395 601856
1 76389 80 0 1788978395 602764
1 76399 92 0 1788978395 603589
1 76422 90 0 1788978395 605443
1 76444 70 0 1788978395 607213
1 76460 68 0 1788978395 608359
1 76466 71 0 1788978395 608823
1 76494 81 0 1788978395 610963
1 76515 61 0 1788978395 612596
1 76522 85 0 1788978395 613211
1 76531 82 0 1788978395 613948
1 76535 66 0 1788978395 614241
1 76541 87 0 1788978395 614746
1 76561 85 0 1788978395 616775
1 76612 68 0 1788978395 620948
1 76622 109 0 1788978395 621686
1 76626 66 0 1788978395 621952
1 76634 92 0 1788978395 622609
1 76712 79 0 1788978395 628865
1 76716 82 0 1788978395 629197
1 76809 82 0 1788978395 636172
1 76816 101 0 1788978395 636694
1 76825 85 0 1788978395 637400
1 76857 77 0 1788978395 640179
1 76879 60 0 1788978395 642049
1 76883 60 0 1788978395 642323
1 76919 67 0 1788978395 645085
1 76937 64 0 1788978395 646446
1 76938 64 0 1788978395 646515
1 76949 64 0 1788978395 647252
1 76954 62 0 1788978395 647590
1 76967 84 0 1788978395 648508
1 76971 68 0 1788978395 648838
1 76983 85 0 1788978395 649757
1 76989 62 0 1788978395 650149
1 77020 51 0 1788978395 652352
1 77033 65 0 1788978395 653255
1 77081 63 0 1788978395 656965
1 77094 86 0 1788978395 659551
1 77098 75 0 1788978395 659858
1 77100 81 0 1788978395 660024
1 77114 94 0 1788978395 661145
1 77165 72 0 1788978395 664646
1 77170 64 0 1788978395 664965
1 77231 56 0 1788978395 669092
1 77233 83 0 1788978395 669235
1 77244 101 0 1788978395 670458
1 77256 103 0 1788978395 671820
1 77270 100 0 1788978395 672972
1 77329 119 0 1788978395 677718
1 77354 115 0 1788978395 679873
1 77371 57 0 1788978395 681242
1 77373 80 0 1788978395 681393
1 77410 59 0 1788978395 683889
1 77446 63 0 1788978395 686242
1 77453 80 0 1788978395 686689
1 77465 60 0 1788978395 687439
1 77469 96 0 1788978395 687746
1 77527 57 0 1788978395 691712
1 77535 72 0 1788978395 692324
1 77553 81 0 1788978395 693565
1 77560 59 0 1788978395 694103
1 77568 59 0 1788978395 694606
1 77583 64 0 1788978395 695582
1 77630 89 0 1788978395 698693
1 77631 70 0 1788978395 698767
1 77649 84 0 1788978395 699952
1 77666 64 0 1788978395 701092
1 77681 59 0 1788978395 702135
1 77698 81 0 1788978395 703224
1 77701 63 0 1788978395 703442
1 77725 58 0 1788978395 705100
1 77738 58 0 1788978395 705922
1 77740 67 0 1788978395 706053
1 77747 63 0 1788978395 706499
1 77755 62 0 1788978395 707010
1 77762 58 0 1788978395 707533
1 77771 57 0 1788978395 708103
1 77825 76 0 1788978395 711661
1 77880 71 0 1788978395 715402
1 77912 64 0 1788978395 717411
1 77918 62 0 1788978395 717794
1 77938 69 0 1788978395 719243
1 77958 71 0 1788978395 720674
1 77963 50 0 1788978395 720970
1 77982 71 0 1788978395 722209
1 78019 66 0 1788978395 724817
1 78023 64 0 1788978395 725098
1 78027 66 0 1788978395 725383
1 78081 90 0 1788978395 729961
1 78103 70 0 1788978395 731669
1 78137 72 0 1788978395 733964
1 78146 61 0 1788978395 734548
1 78154 57 0 1788978395 735048
1 78157 57 0 1788978395 735222
1 78185 69 0 1788978395 737000
1 78192 54 0 1788978395 737442
1 78211 69 0 1788978395 738622
1 78247 58 0 1788978395 741023
1 78263 79 0 1788978395 742179
1 78268 59 0 1788978395 742478
1 78287 63 0 1788978395 743705
1 78353 67 0 1788978395 748195
1 78395 57 0 1788978395 751027
1 78460 70 0 1788978395 755760
1 78464 70 0 1788978395 756049
1 78471 61 0 1788978395 756544
1 78489 62 0 1788978395 757707
1 78506 59 0 1788978395 758796
1 78511 84 0 1788978395 759146
1 78560 119 0 1788978395 762633
1 78575 88 0 1788978395 763677
1 78605 65 0 1788978395 765505
1 78634 51 0 1788978395 767284
1 78636 60 0 1788978395 767396
1 78638 56 0 1788978395 767514
1 78647 57 0 1788978395 768141
1 78662 52 0 1788978395 769112
1 78688 65 0 1788978395 770776
1 78707 57 0 1788978395 771920
1 78716 56 0 1788978395 772434
1 78733 59 0 1788978395 773468
1 78785 67 0 1788978395 776907
1 78799 68 0 1788978395 777933
1 78823 64 0 1788978395 779546
1 78827 60 0 1788978395 779819
1 78828 60 0 1788978395 779881
1 78858 75 0 1788978395 781889
1 78880 67 0 1788978395 783364
1 78898 78 0 1788978395 784656
1 78984 66 0 1788978395 790368
1 79007 124 0 1788978395 791994
1 79038 60 0 1788978395 794011
1 79042 80 0 1788978395 794283
1 79046 72 0 1788978395 794575
1 79063 64 0 1788978395 795875
1 79110 67 0 1788978395 799049
1 79128 59 0 1788978395 800203
1 79132 58 0 1788978395 800450
1 79147 66 0 1788978395 801376
1 79202 71 0 1788978395 805027
1 79211 73 0 1788978395 805707
1 79217 69 0 1788978395 806113
1 79234 76 0 1788978395 807259
1 79246 61 0 1788978395 808004
1 79262 54 0 1788978395 808957
1 79282 59 0 1788978395 810147
1 79294 62 0 1788978395 810915
1 79311 64 0 1788978395 812117
1 79325 61 0 1788978395 813022
1 79332 60 0 1788978395 813445
1 79369 63 0 1788978395 816036
1 79372 59 0 1788978395 816223
1 79378 92 0 1788978395 816664
1 79394 63 0 1788978395 817757
1 79405 63 0 1788978395 818451
1 79409 63 0 1788978395 818733
1 79414 58 0 1788978395 819034
1 79420 62 0 1788978395 819422
1 79422 58 0 1788978395 819544
1 79439 71 0 1788978395 820674
1 79464 58 0 1788978395 822512
1 79465 62 0 1788978395 822578
1 79475 59 0 1788978395 823241
1 79487 87 0 1788978395 824090
1 79495 72 0 1788978395 824656
1 79546 83 0 1788978395 827952
1 79583 58 0 1788978395 830518
1 79584 61 0 1788978395 830583
1 79586 67 0 1788978395 830729
1 79597 93 0 1788978395 831688
1 79600 73 0 1788978395 831915
1 79614 95 0 1788978395 833021
1 79657 88 0 1788978395 836373
1 79683 85 0 1788978395 838149
1 79700 57 0 1788978395 839562
1 79704 93 0 1788978395 839925
1 79709 86 0 1788978395 840336
1 79716 86 0 1788978395 840907
1 79717 91 0 1788978395 841003
1 79738 65 0 1788978395 842608
1 79743 88 0 1788978395 843086
1 79748 69 0 1788978395 843479
1 79753 81 0 1788978395 843986
1 79760 64 0 1788978395 844529
1 79797 62 0 1788978395 846967
1 79821 66 0 1788978395 848516
1 79825 69 0 1788978395 848844
1 79843 68 0 1788978395 850303
1 79846 62 0 1788978395 850521
1 79890 67 0 1788978395 853398
1 79906 63 0 1788978395 854564
1 79915 58 0 1788978395 855156
1 79928 59 0 1788978395 855891
1 79930 60 0 1788978395 856015
1 79940 67 0 1788978395 856598
1 79945 59 0 1788978395 856954
1 79954 89 0 1788978395 857576
1 79964 61 0 1788978395 858338
1 79972 65 0 1788978395 858977
1 79988 56 0 1788978395 860184
1 80026 70 0 1788978395 862987
1 80087 64 0 1788978395 868833
1 80129 112 0 1788978395 873149
1 80138 82 0 1788978395 873848
1 80153 73 0 1788978395 874928
1 80160 76 0 1788978395 875495
1 80166 75 0 1788978395 875977
1 80191 82 0 1788978395 878111
1 80203 73 0 1788978395 879076
1 80206 98 0 1788978395 879322
1 80239 71 0 1788978395 881670
1 80276 62 0 1788978395 884368
1 80282 58 0 1788978395 884719
1 80321 61 0 1788978395 887109
1 80330 87 0 1788978395 887697
1 80348 49 0 1788978395 888834
1 80368 65 0 1788978395 890108
1 80377 69 0 1788978395 890712
1 80421 66 0 1788978395 893758
1 80437 62 0 1788978395 894854
1 80463 65 0 1788978395 896517
1 80464 69 0 1788978395 896589
1 80520 61 0 1788978395 900211
1 80522 73 0 1788978395 900360
1 80549 59 0 1788978395 901973
1 80559 67 0 1788978395 902569
1 80576 63 0 1788978395 903808
1 80585 56 0 1788978395 904345
1 80592 63 0 1788978395 904815
1 80639 81 0 1788978395 907764
1 80644 62 0 1788978395 908104
1 80650 65 0 1788978395 908490
1 80652 132 0 1788978395 908691
1 80653 99 0 1788978395 908794
1 80693 124 0 1788978395 911832
1 80770 55 0 1788978395 917833
1 80814 57 0 1788978395 920863
1 80851 60 0 1788978395 923278
1 80864 56 0 1788978395 924085
1 80889 72 0 1788978395 925664
1 80922 82 0 1788978395 927960
1 80935 78 0 1788978395 928906
1 80947 64 0 1788978395 929696
1 80963 57 0 1788978395 930759
1 80967 57 0 1788978395 930975
1 80970 55 0 1788978395 931146
1 81038 75 0 1788978395 935379
1 81054 55 0 1788978395 936535
1 81076 72 0 1788978395 937956
1 81084 69 0 1788978395 938544
1 81115 57 0 1788978395 940586
1 81118 65 0 1788978395 940819
1 81119 65 0 1788978395 940887
1 81125 57 0 1788978395 941244
1 81150 65 0 1788978395 942743
1 81166 60 0 1788978395 943800
1 81175 56 0 1788978395 944325
1 81199 82 0 1788978395 946180
1 81216 65 0 1788978395 947398
1 81253 76 0 1788978395 950217
1 81277 59 0 1788978395 951909
1 81295 59 0 1788978395 952999
1 81307 58 0 1788978395 953795
1 81308 58 0 1788978395 953856
1 81320 65 0 1788978395 954624
1 81321 84 0 1788978395 954712
1 81325 55 0 1788978395 954944
1 81345 59 0 1788978395 956283
1 81369 50 0 1788978395 957935
1 81414 56 0 1788978395 960878
1 81475 68 0 1788978395 964697
1 81477 72 0 1788978395 964838
1 81494 63 0 1788978395 965965
1 81500 60 0 1788978395 966353
1 81506 77 0 1788978395 966781
1 81516 64 0 1788978395 967401
1 81527 89 0 1788978395 968254
1 81539 67 0 1788978395 969104
1 81577 55 0 1788978395 971499
1 81598 57 0 1788978395 972853
1 81608 52 0 1788978395 973507
1 81629 57 0 1788978395 974729
1 81650 56 0 1788978395 975961
1 81681 62 0 1788978395 977792
1 81689 62 0 1788978395 978354
1 81706 63 0 1788978395 979432
1 81745 60 0 1788978395 981886
1 81752 56 0 1788978395 982333
1 81756 55 0 1788978395 982557
1 81760 55 0 1788978395 982787
1 81777 87 0 1788978395 984097
1 81795 57 0 1788978395 985376
1 81801 63 0 1788978395 985770
1 81900 61 0 1788978395 992209
1 81923 62 0 1788978395 993730
1 81925 58 0 1788978395 993852
1 81946 56 0 1788978395 995170
1 81966 59 0 1788978395 996356
1 82021 59 0 1788978396 121
1 82023 90 0 1788978396 300
1 82029 87 0 1788978396 919
1 82034 70 0 1788978396 1317
1 82067 58 0 1788978396 3567
1 82068 81 0 1788978396 3652
1 82075 57 0 1788978396 4097
1 82101 88 0 1788978396 5743
1 82102 77 0 1788978396 5824
1 82150 66 0 1788978396 9238
1 82164 55 0 1788978396 10228
1 82175 60 0 1788978396 10911
1 82183 69 0 1788978396 11435
1 82184 73 0 1788978396 11512
1 82189 57 0 1788978396 11848
1 82200 73 0 1788978396 12709
1 82224 56 0 1788978396 14189
1 82245 66 0 1788978396 15487
1 82248 65 0 1788978396 15701
1 82387 68 0 1788978396 24944
1 82398 72 0 1788978396 25717
1 82413 80 0 1788978396 26682
1 82444 61 0 1788978396 28760
1 82452 72 0 1788978396 29348
1 82469 75 0 1788978396 30716
1 82489 55 0 1788978396 32092
1 82492 69 0 1788978396 32279
1 82584 63 0 1788978396 38475
1 82598 66 0 1788978396 39421
1 82613 58 0 1788978396 40370
1 82620 73 0 1788978396 40836
1 82626 73 0 1788978396 41309
1 82629 71 0 1788978396 41538
1 82630 70 0 1788978396 41611
1 82657 82 0 1788978396 43411
1 82707 57 0 1788978396 46682
1 82717 53 0 1788978396 47290
1 82719 54 0 1788978396 47400
1 82750 54 0 1788978396 49190
1 82774 63 0 1788978396 50666
1 82811 58 0 1788978396 53117
1 82816 56 0 1788978396 53406
1 82835 61 0 1788978396 54783
1 82853 57 0 1788978396 55919
1 82875 51 0 1788978396 57318
1 82893 60 0 1788978396 58362
1 82905 73 0 1788978396 59245
1 82957 60 0 1788978396 62470
1 82972 64 0 1788978396 63418
1 82974 60 0 1788978396 63548
1 82999 63 0 1788978396 65274
1 83004 89 0 1788978396 65636
1 83173 71 0 1788978396 75638
1 83181 57 0 1788978396 76091
1 83237 61 0 1788978396 79810
1 83311 72 0 1788978396 84654
1 83319 71 0 1788978396 85193
1 83324 59 0 1788978396 85552
1 83339 57 0 1788978396 86450
1 83344 57 0 1788978396 86745
1 83356 63 0 1788978396 87499
1 83368 62 0 1788978396 88243
1 83371 63 0 1788978396 88421
1 83428 60 0 1788978396 91960
1 83505 65 0 1788978396 96532
1 83513 66 0 1788978396 97054
1 83516 72 0 1788978396 97299
1 83553 52 0 1788978396 99773
1 83593 59 0 1788978396 102149
1 83600 58 0 1788978396 102565
1 83611 55 0 1788978396 103246
1 83621 57 0 1788978396 103794
1 83635 67 0 1788978396 104945
1 83653 85 0 1788978396 106349
1 83671 55 0 1788978396 107587
1 83707 54 0 1788978396 109827
1 83727 57 0 1788978396 111106
1 83740 82 0 1788978396 112027
1 83776 80 0 1788978396 114607
1 83784 84 0 1788978396 115204
1 83805 65 0 1788978396 116820
1 83809 77 0 1788978396 117099
1 83839 107 0 1788978396 119437
1 83864 63 0 1788978396 121365
1 83893 107 0 1788978396 123648
1 83909 79 0 1788978396 124753
1 83923 72 0 1788978396 125775
1 83945 51 0 1788978396 127224
1 83948 56 0 1788978396 127398
1 83958 61 0 1788978396 128125
1 83977 71 0 1788978396 129471
1 83983 68 0 1788978396 129942
1 83995 66 0 1788978396 130748
1 84018 52 0 1788978396 132233
1 84071 68 0 1788978396 135459
1 84124 66 0 1788978396 138781
1 84136 55 0 1788978396 139432
1 84151 54 0 1788978396 140288
1 84156 83 0 1788978396 140638
1 84185 56 0 1788978396 142517
1 84210 53 0 1788978396 144048
1 84244 73 0 1788978396 146072
1 84252 60 0 1788978396 146570
1 84289 60 0 1788978396 148819
1 84305 59 0 1788978396 149809
1 84355 59 0 1788978396 153035
1 84390 54 0 1788978396 155466
1 84423 49 0 1788978396 157483
1 84424 51 0 1788978396 157537
1 84482 50 0 1788978396 161061
1 84487 52 0 1788978396 161349
1 84505 58 0 1788978396 162367
1 84508 67 0 1788978396 162571
1 84513 65 0 1788978396 162903
1 84519 63 0 1788978396 163279
1 84549 57 0 1788978396 165132
1 84561 63 0 1788978396 165835
1 84571 64 0 1788978396 166475
1 84613 76 0 1788978396 169059
1 84622 92 0 1788978396 169677
1 84648 60 0 1788978396 171436
1 84692 57 0 1788978396 174292
1 84697 56 0 1788978396 174572
1 84716 96 0 1788978396 175706
1 84761 52 0 1788978396 178462
1 84804 58 0 1788978396 181126
1 84858 56 0 1788978396 184549
1 84887 52 0 1788978396 186272
1 84910 62 0 1788978396 187901
1 84919 68 0 1788978396 188459
1 84930 67 0 1788978396 189212
1 84934 55 0 1788978396 189452
1 84937 77 0 1788978396 189640
1 84939 76 0 1788978396 189784
1 84956 59 0 1788978396 191071
1 85023 62 0 1788978396 195769
1 85041 79 0 1788978396 197063
1 85061 62 0 1788978396 198694
1 85065 57 0 1788978396 198960
1 85069 56 0 1788978396 199186
1 85072 57 0 1788978396 199358
1 85084 57 0 1788978396 200146
1 85112 75 0 1788978396 201994
1 85113 75 0 1788978396 202073
1 85135 60 0 1788978396 203414
1 85165 63 0 1788978396 205195
1 85185 55 0 1788978396 206334
1 85188 57 0 1788978396 206503
1 85194 61 0 1788978396 206872
1 85208 57 0 1788978396 207685
1 85236 56 0 1788978396 209550
1 85247 56 0 1788978396 210310
1 85283 65 0 1788978396 212670
1 85289 59 0 1788978396 213025
1 85306 50 0 1788978396 214009
1 85376 63 0 1788978396 218423
1 85384 64 0 1788978396 218906
1 85452 56 0 1788978396 222955
1 85462 84 0 1788978396 223622
1 85522 61 0 1788978396 227227
1 85569 54 0 1788978396 230296
1 85594 54 0 1788978396 232007
1 85627 53 0 1788978396 233897
1 85645 51 0 1788978396 234930
1 85661 69 0 1788978396 235870
1 85711 52 0 1788978396 239138
1 85716 52 0 1788978396 239405
1 85750 52 0 1788978396 241355
1 85755 79 0 1788978396 241665
1 85760 85 0 1788978396 242064
1 85779 65 0 1788978396 243477
1 85813 54 0 1788978396 245900
1 85834 55 0 1788978396 247089
1 85843 58 0 1788978396 247601
1 85845 64 0 1788978396 247753
1 85857 73 0 1788978396 248451
1 85889 76 0 1788978396 250620
1 85910 82 0 1788978396 252113
1 85916 124 0 1788978396 252659
1 85928 60 0 1788978396 253538
1 85968 52 0 1788978396 256119
1 85980 58 0 1788978396 256827
1 85984 54 0 1788978396 257069
1 86019 52 0 1788978396 259047
1 86037 58 0 1788978396 260310
1 86049 57 0 1788978396 261013
1 86088 72 0 1788978396 263727
1 86101 84 0 1788978396 264670
1 86104 80 0 1788978396 264904
1 86126 68 0 1788978396 266908
1 86132 83 0 1788978396 267391
1 86158 63 0 1788978396 269293
1 86192 57 0 1788978396 271305
1 86212 65 0 1788978396 272577
1 86224 54 0 1788978396 273310
1 86263 77 0 1788978396 275664
1 86285 75 0 1788978396 277623
1 86294 66 0 1788978396 278185
1 86310 77 0 1788978396 279170
1 86311 66 0 1788978396 279239
1 86337 55 0 1788978396 281170
1 86391 56 0 1788978396 284866
1 86392 57 0 1788978396 284927
1 86397 60 0 1788978396 285231
1 86404 74 0 1788978396 285654
1 86405 57 0 1788978396 285714
1 86407 76 0 1788978396 285849
1 86415 53 0 1788978396 286334
1 86459 53 0 1788978396 289292
1 86466 67 0 1788978396 289722
1 86489 58 0 1788978396 291160
1 86529 50 0 1788978396 293440
1 86532 55 0 1788978396 293599
1 86551 57 0 1788978396 294791
1 86617 60 0 1788978396 298883
1 86634 64 0 1788978396 299995
1 86640 66 0 1788978396 300388
1 86686 81 0 1788978396 303472
1 86711 62 0 1788978396 305238
1 86719 48 0 1788978396 305748
1 86737 48 0 1788978396 306952
1 86750 64 0 1788978396 307824
1 86751 60 0 1788978396 307887
1 86782 72 0 1788978396 310192
1 86783 74 0 1788978396 310274
1 86795 61 0 1788978396 311074
1 86801 61 0 1788978396 311446
1 86812 58 0 1788978396 312161
1 86813 58 0 1788978396 312223
1 86818 61 0 1788978396 312562
1 86848 73 0 1788978396 314664
1 86862 76 0 1788978396 315715
1 86877 82 0 1788978396 316889
1 86899 63 0 1788978396 318777
1 86902 72 0 1788978396 319027
1 86908 79 0 1788978396 319549
1 86916 66 0 1788978396 320184
1 86942 64 0 1788978396 322367
1 87021 68 0 1788978396 328251
1 87064 82 0 1788978396 331893
1 87086 81 0 1788978396 334018
1 87100 71 0 1788978396 335141
1 87113 82 0 1788978396 336221
1 87137 76 0 1788978396 339176
1 87148 82 0 1788978396 340187
1 87150 77 0 1788978396 340339
1 87159 66 0 1788978396 341089
1 87194 102 0 1788978396 343711
1 87230 72 0 1788978396 346635
1 87283 58 0 1788978396 350491
1 87285 68 0 1788978396 350624
1 87299 63 0 1788978396 351590
1 87313 104 0 1788978396 352710
1 87328 64 0 1788978396 353872
1 87351 64 0 1788978396 355540
1 87362 66 0 1788978396 356336
1 87363 67 0 1788978396 356407
1 87366 101 0 1788978396 356645
1 87455 69 0 1788978396 362724
1 87467 72 0 1788978396 363538
1 87491 92 0 1788978396 365035
1 87548 57 0 1788978396 368529
1 87550 75 0 1788978396 368663
1 87580 97 0 1788978396 370700
1 87642 78 0 1788978396 374651
1 87698 62 0 1788978396 378423
1 87710 82 0 1788978396 379217
1 87727 54 0 1788978396 380304
1 87749 54 0 1788978396 381564
1 87763 59 0 1788978396 382496
1 87766 62 0 1788978396 382683
1 87774 58 0 1788978396 383154
1 87783 64 0 1788978396 383774
1 87789 69 0 1788978396 384204
1 87821 58 0 1788978396 386264
1 87865 62 0 1788978396 389103
1 87889 58 0 1788978396 390601
1 87918 55 0 1788978396 392306
1 87919 61 0 1788978396 392372
1 87935 58 0 1788978396 393434
1 87945 54 0 1788978396 394093
1 87969 60 0 1788978396 395565
1 87998 59 0 1788978396 397339
1 87999 59 0 1788978396 397400
1 88079 61 0 1788978396 402323
1 88094 56 0 1788978396 403196
1 88110 87 0 1788978396 404363
1 88115 74 0 1788978396 404779
1 88130 67 0 1788978396 405672
1 88138 58 0 1788978396 406181
1 88141 57 0 1788978396 406365
1 88153 61 0 1788978396 407071
1 88157 65 0 1788978396 407332
1 88197 54 0 1788978396 409851
1 88209 112 0 1788978396 410707
1 88213 59 0 1788978396 410952
1 88225 77 0 1788978396 411654
1 88243 70 0 1788978396 412737
1 88274 58 0 1788978396 414592
1 88293 59 0 1788978396 415746
1 88316 58 0 1788978396 417161
1 88319 58 0 1788978396 417337
1 88418 72 0 1788978396 423966
1 88422 78 0 1788978396 424285
1 88436 66 0 1788978396 425195
1 88451 64 0 1788978396 426174
1 88462 69 0 1788978396 426910
1 88470 61 0 1788978396 427438
1 88475 66 0 1788978396 427803
1 88482 62 0 1788978396 428246
1 88523 71 0 1788978396 430985
1 88529 51 0 1788978396 431367
1 88572 69 0 1788978396 434317
1 88575 64 0 1788978396 434523
1 88576 65 0 1788978396 434591
1 88614 60 0 1788978396 436919
1 88634 64 0 1788978396 438168
1 88698 52 0 1788978396 442247
1 88784 80 0 1788978396 447641
1 88793 55 0 1788978396 448155
1 88794 55 0 1788978396 448213
1 88802 80 0 1788978396 448683
1 88816 66 0 1788978396 449545
1 88831 70 0 1788978396 450567
1 88879 59 0 1788978396 453605
1 88908 84 0 1788978396 455885
1 88918 82 0 1788978396 456640
1 88944 58 0 1788978396 458381
1 88952 68 0 1788978396 458969
1 88960 72 0 1788978396 459522
1 89025 60 0 1788978396 463799
1 89033 56 0 1788978396 464256
1 89048 83 0 1788978396 465280
1 89050 67 0 1788978396 465422
1 89093 64 0 1788978396 468257
1 89100 68 0 1788978396 468754
1 89117 54 0 1788978396 469875
1 89119 56 0 1788978396 469993
1 89121 55 0 1788978396 470110
1 89123 54 0 1788978396 470223
1 89138 87 0 1788978396 471140
1 89147 77 0 1788978396 471764
1 89202 57 0 1788978396 475373
1 89207 75 0 1788978396 475683
1 89224 71 0 1788978396 476746
1 89244 57 0 1788978396 477971
1 89265 65 0 1788978396 479301
1 89271 73 0 1788978396 479744
1 89274 66 0 1788978396 479945
1 89297 59 0 1788978396 481374
1 89329 51 0 1788978396 483254
1 89352 80 0 1788978396 484720
1 89366 57 0 1788978396 485579
1 89374 0 0 1788978396 486105
1 89375 77 0 1788978396 486185
1 89385 109 0 1788978396 487005
1 89446 58 0 1788978396 490686
1 89468 53 0 1788978396 492100
1 89478 68 0 1788978396 492765
1 89503 62 0 1788978396 494544
1 89556 52 0 1788978396 497842
1 89560 55 0 1788978396 498076
1 89576 58 0 1788978396 499078
1 89580 77 0 1788978396 499400
1 89588 55 0 1788978396 499897
1 89607 69 0 1788978396 501084
1 89631 92 0 1788978396 502687
1 89632 67 0 1788978396 502758
1 89645 94 0 1788978396 503702
1 89658 64 0 1788978396 504587
1 89731 54 0 1788978396 509094
1 89747 68 0 1788978396 510139
1 89755 161 0 1788978396 510763
1 89759 68 0 1788978396 511074
1 89781 57 0 1788978396 512389
1 89807 52 0 1788978396 513940
1 89828 52 0 1788978396 515058
1 89846 60 0 1788978396 516055
1 89862 77 0 1788978396 517093
1 89873 85 0 1788978396 517799
1 89880 64 0 1788978396 518276
1 89885 62 0 1788978396 518599
1 89923 94 0 1788978396 521074
1 89953 58 0 1788978396 522963
1 89985 59 0 1788978396 524842
1 89995 59 0 1788978396 525476
1 90015 57 0 1788978396 526748
1 90018 55 0 1788978396 526917
1 90042 63 0 1788978396 528445
1 90061 86 0 1788978396 529678
1 90086 52 0 1788978396 531219
1 90122 61 0 1788978396 533410
1 90136 63 0 1788978396 534354
1 90139 58 0 1788978396 534538
1 90141 84 0 1788978396 534695
1 90154 82 0 1788978396 535466
1 90168 53 0 1788978396 536269
1 90173 53 0 1788978396 536539
1 90176 56 0 1788978396 536723
1 90189 53 0 1788978396 537437
1 90191 53 0 1788978396 537552
1 90197 45 0 1788978396 537891
1 90234 62 0 1788978396 540305
1 90257 65 0 1788978396 541759
1 90265 64 0 1788978396 542272
1 90281 0 0 1788978396 543323
1 90333 64 0 1788978396 546384
1 90394 63 0 1788978396 550088
1 90427 52 0 1788978396 551988
1 90428 53 0 1788978396 552044
1 90520 62 0 1788978396 557649
1 90523 56 0 1788978396 557826
1 90528 59 0 1788978396 558124
1 90631 50 0 1788978396 564539
1 90645 139 0 1788978396 565554
1 90661 0 0 1788978396 566750
1 90668 73 0 1788978396 567377
1 90685 76 0 1788978396 568387
1 90697 72 0 1788978396 569426
1 90709 66 0 1788978396 570215
1 90734 56 0 1788978396 571727
1 90761 62 0 1788978396 573588
1 90762 84 0 1788978396 573675
1 90779 65 0 1788978396 574993
1 90789 62 0 1788978396 575641
1 90819 55 0 1788978396 577426
1 90821 54 0 1788978396 577537
1 90852 67 0 1788978396 579455
1 90880 64 0 1788978396 581246
1 90881 65 0 1788978396 581315
1 90935 77 0 1788978396 584653
1 90970 62 0 1788978396 586887
1 91023 73 0 1788978396 590155
1 91039 57 0 1788978396 591079
1 91076 77 0 1788978396 593449
1 91084 46 0 1788978396 593995
1 91097 60 0 1788978396 594798
1 91110 60 0 1788978396 595550
1 91117 62 0 1788978396 596017
1 91120 61 0 1788978396 596199
1 91142 58 0 1788978396 597501
1 91166 59 0 1788978396 598935
1 91171 52 0 1788978396 599208
1 91206 88 0 1788978396 601364
1 91213 54 0 1788978396 601790
1 91217 61 0 1788978396 602048
1 91233 54 0 1788978396 603083
1 91235 52 0 1788978396 603191
1 91243 61 0 1788978396 603643
1 91281 53 0 1788978396 605850
1 91332 62 0 1788978396 609269
1 91337 64 0 1788978396 609597
1 91339 61 0 1788978396 609760
1 91343 81 0 1788978396 610363
1 91378 61 0 1788978396 612987
1 91393 77 0 1788978396 614262
1 91405 89 0 1788978396 615324
1 91462 73 0 1788978396 619341
1 91463 75 0 1788978396 619419
1 91466 90 0 1788978396 619640
1 91473 70 0 1788978396 620135
1 91512 77 0 1788978396 622835
1 91541 61 0 1788978396 624821
1 91548 52 0 1788978396 625252
1 91603 61 0 1788978396 629445
1 91609 101 0 1788978396 629917
1 91615 82 0 1788978396 630386
1 91630 76 0 1788978396 631496
1 91633 63 0 1788978396 631697
1 91698 65 0 1788978396 636490
1 91708 86 0 1788978396 637186
1 91713 86 0 1788978396 637584
1 91734 68 0 1788978396 639183
1 91773 82 0 1788978396 642109
1 91785 78 0 1788978396 643085
1 91829 64 0 1788978396 646148
1 91835 75 0 1788978396 646593
1 91868 69 0 1788978396 648827
1 91869 68 0 1788978396 648898
1 91952 68 0 1788978396 654994
1 91969 74 0 1788978396 656238
1 91973 63 0 1788978396 656505
1 91985 73 0 1788978396 657455
1 92017 81 0 1788978396 659724
1 92020 59 0 1788978396 659929
1 92040 69 0 1788978396 661385
1 92096 58 0 1788978396 665485
1 92100 59 0 1788978396 665730
1 92119 61 0 1788978396 666870
1 92142 73 0 1788978396 668457
1 92145 74 0 1788978396 668705
1 92168 61 0 1788978396 670230
1 92176 65 0 1788978396 670823
1 92249 61 0 1788978396 675869
1 92277 116 0 1788978396 677955
1 92281 92 0 1788978396 678326
1 92291 61 0 1788978396 678960
1 92293 58 0 1788978396 679079
1 92308 56 0 1788978396 680132
1 92309 57 0 1788978396 680193
1 92340 65 0 1788978396 682128
1 92349 61 0 1788978396 682686
1 92352 69 0 1788978396 682887
1 92360 54 0 1788978396 683413
1 92382 59 0 1788978396 684840
1 92386 65 0 1788978396 685122
1 92390 54 0 1788978396 685348
1 92403 57 0 1788978396 686176
1 92416 59 0 1788978396 687000
1 92471 67 0 1788978396 690753
1 92473 68 0 1788978396 690893
1 92478 57 0 1788978396 691191
1 92511 63 0 1788978396 693259
1 92521 56 0 1788978396 693881
1 92534 73 0 1788978396 694656
1 92573 55 0 1788978396 697101
1 92574 56 0 1788978396 697160
1 92575 55 0 1788978396 697216
1 92605 65 0 1788978396 699161
1 92614 66 0 1788978396 699778
1 92629 70 0 1788978396 700742
1 92637 55 0 1788978396 701278
1 92648 63 0 1788978396 702005
1 92649 59 0 1788978396 702068
1 92664 60 0 1788978396 703086
1 92686 70 0 1788978396 704572
1 92690 61 0 1788978396 704837
1 92724 58 0 1788978396 707016
1 92831 54 0 1788978396 714495
1 92843 54 0 1788978396 715173
1 92941 59 0 1788978396 721541
1 92967 54 0 1788978396 723249
1 92997 57 0 1788978396 725141
1 93049 67 0 1788978396 728551
1 93115 73 0 1788978396 732889
1 93156 79 0 1788978396 735684
1 93165 56 0 1788978396 736269
1 93174 64 0 1788978396 736961
1 93184 67 0 1788978396 737584
1 93209 58 0 1788978396 739290
1 93211 58 0 1788978396 739408
1 93232 60 0 1788978396 740735
1 93234 59 0 1788978396 740860
1 93242 74 0 1788978396 741394
1 93257 88 0 1788978396 742670
1 93272 88 0 1788978396 743836
1 93277 92 0 1788978396 744208
1 93284 94 0 1788978396 744704
1 93289 68 0 1788978396 745026
1 93318 61 0 1788978396 746862
1 93323 61 0 1788978396 747144
1 93340 67 0 1788978396 748504
1 93348 56 0 1788978396 749071
1 93349 61 0 1788978396 749136
1 93351 64 0 1788978396 749271
1 93353 60 0 1788978396 749394
1 93359 50 0 1788978396 749758
1 93383 56 0 1788978396 751363
1 93406 53 0 1788978396 752792
1 93408 56 0 1788978396 752905
1 93447 58 0 1788978396 755436
1 93517 54 0 1788978396 759844
1 93552 58 0 1788978396 762096
1 93555 63 0 1788978396 762314
1 93576 61 0 1788978396 763688
1 93602 61 0 1788978396 765299
1 93631 64 0 1788978396 767266
1 93658 68 0 1788978396 769066
1 93669 67 0 1788978396 769797
1 93672 60 0 1788978396 769991
1 93676 61 0 1788978396 770240
1 93704 50 0 1788978396 772029
1 93720 86 0 1788978396 773027
1 93879 138 0 1788978396 783595
1 93887 59 0 1788978396 784123
1 93903 58 0 1788978396 785179
1 93905 61 0 1788978396 785303
1 93908 66 0 1788978396 785505
1 93915 75 0 1788978396 786046
1 93952 62 0 1788978396 788409
1 94015 56 0 1788978396 792480
1 94031 55 0 1788978396 793409
1 94037 54 0 1788978396 793763
1 94090 54 0 1788978396 797066
1 94100 78 0 1788978396 797670
1 94115 96 0 1788978396 798633
1 94119 55 0 1788978396 798938
1 94146 59 0 1788978396 800591
1 94148 68 0 1788978396 800761
1 94160 63 0 1788978396 801544
1 94173 58 0 1788978396 802363
1 94215 52 0 1788978396 805124
1 94232 67 0 1788978396 806317
1 94252 64 0 1788978396 807566
1 94255 63 0 1788978396 807777
1 94271 63 0 1788978396 808825
1 94282 62 0 1788978396 809490
1 94326 58 0 1788978396 812497
1 94342 61 0 1788978396 813579
1 94354 78 0 1788978396 814379
1 94387 55 0 1788978396 816462
1 94404 59 0 1788978396 817483
1 94405 59 0 1788978396 817545
1 94423 68 0 1788978396 818768
1 94432 64 0 1788978396 819277
1 94442 58 0 1788978396 819864
1 94447 83 0 1788978396 820347
1 94454 59 0 1788978396 820830
1 94464 54 0 1788978396 821392
1 94470 59 0 1788978396 821758
1 94489 62 0 1788978396 822909
1 94494 59 0 1788978396 823235
1 94498 57 0 1788978396 823471
1 94523 58 0 1788978396 824978
1 94592 57 0 1788978396 829511
1 94644 63 0 1788978396 832993
1 94648 59 0 1788978396 833234
1 94657 54 0 1788978396 833806
1 94692 60 0 1788978396 835983
1 94696 68 0 1788978396 836263
1 94710 66 0 1788978396 837310
1 94733 72 0 1788978396 839180
1 94737 66 0 1788978396 839451
1 94751 82 0 1788978396 840482
1 94759 72 0 1788978396 841078
1 94764 67 0 1788978396 841406
1 94767 71 0 1788978396 841609
1 94776 56 0 1788978396 842363
1 94779 64 0 1788978396 842551
1 94786 65 0 1788978396 843055
1 94787 67 0 1788978396 843126
1 94793 68 0 1788978396 843536
1 94852 99 0 1788978396 847388
1 94879 54 0 1788978396 848955
1 94956 80 0 1788978396 854258
1 94964 77 0 1788978396 854844
1 94974 61 0 1788978396 855504
1 94982 58 0 1788978396 856040
1 94984 63 0 1788978396 856168
1 95005 103 0 1788978396 857680
1 95007 82 0 1788978396 857839
1 95018 56 0 1788978396 858540
1 95046 74 0 1788978396 860708
1 95050 82 0 1788978396 861014
1 95063 71 0 1788978396 862100
1 95114 80 0 1788978396 866221
1 95118 65 0 1788978396 866553
1 95131 77 0 1788978396 867609
1 95139 107 0 1788978396 868310
1 95176 79 0 1788978396 871795
1 95198 95 0 1788978396 873740
1 95226 66 0 1788978396 875999
1 95299 59 0 1788978396 881467
1 95310 61 0 1788978396 882166
1 95344 63 0 1788978396 884324
1 95356 63 0 1788978396 885079
1 95360 62 0 1788978396 885336
1 95373 64 0 1788978396 886231
1 95385 62 0 1788978396 887041
1 95459 60 0 1788978396 892139
1 95480 106 0 1788978396 893648
1 95560 60 0 1788978396 899032
1 95632 71 0 1788978396 903758
1 95634 64 0 1788978396 903922
1 95635 61 0 1788978396 903987
1 95649 56 0 1788978396 905040
1 95725 64 0 1788978396 910482
1 95740 67 0 1788978396 911530
1 95785 59 0 1788978396 914297
1 95802 70 0 1788978396 915315
1 95816 60 0 1788978396 916221
1 95834 62 0 1788978396 917341
1 95847 59 0 1788978396 918324
1 95864 71 0 1788978396 919430
1 95882 64 0 1788978396 920590
1 95890 58 0 1788978396 921095
1 95910 60 0 1788978396 922313
1 95923 58 0 1788978396 923181
1 95925 63 0 1788978396 923311
1 95926 63 0 1788978396 923376
1 95944 68 0 1788978396 924656
1 95976 60 0 1788978396 926554
1 96000 72 0 1788978396 928327
1 96031 61 0 1788978396 930729
1 96033 65 0 1788978396 930858
1 96057 90 0 1788978396 932517
1 96075 68 0 1788978396 933923
1 96106 55 0 1788978396 935983
1 96112 59 0 1788978396 936344
1 96113 58 0 1788978396 936407
1 96115 58 0 1788978396 936525
1 96161 69 0 1788978396 939725
1 96171 57 0 1788978396 940324
1 96180 61 0 1788978396 940892
1 96193 83 0 1788978396 941755
1 96215 65 0 1788978396 943169
1 96216 63 0 1788978396 943236
1 96222 66 0 1788978396 943638
1 96232 55 0 1788978396 944265
1 96240 64 0 1788978396 944746
1 96257 54 0 1788978396 945723
1 96260 61 0 1788978396 945907
1 96263 60 0 1788978396 946093
1 96266 57 0 1788978396 946270
1 96279 64 0 1788978396 947235
1 96346 56 0 1788978396 951841
1 96350 76 0 1788978396 952120
1 96370 135 0 1788978396 953752
1 96432 72 0 1788978396 958418
1 96443 74 0 1788978396 959139
1 96465 55 0 1788978396 960597
1 96480 65 0 1788978396 961583
1 96484 54 0 1788978396 961851
1 96490 60 0 1788978396 962196
1 96507 60 0 1788978396 963376
1 96510 60 0 1788978396 963560
1 96540 60 0 1788978396 965355
1 96551 60 0 1788978396 966052
1 96579 67 0 1788978396 967921
1 96600 57 0 1788978396 969374
1 96621 61 0 1788978396 970787
1 96627 64 0 1788978396 971183
1 96631 63 0 1788978396 971449
1 96647 61 0 1788978396 972539
1 96665 52 0 1788978396 973588
1 96669 57 0 1788978396 973843
1 96740 61 0 1788978396 978393
1 96741 60 0 1788978396 978456
1 96763 73 0 1788978396 979989
1 96796 67 0 1788978396 982321
1 96813 72 0 1788978396 983488
1 96817 97 0 1788978396 983843
1 96821 81 0 1788978396 984204
1 96842 112 0 1788978396 985837
1 96852 86 0 1788978396 986642
1 96895 91 0 1788978396 989654
1 96968 79 0 1788978396 994339
1 96977 52 0 1788978396 994998
1 96981 76 0 1788978396 995255
1 96982 65 0 1788978396 995323
1 97014 65 0 1788978396 998029
1 97017 63 0 1788978396 998228
1 97026 83 0 1788978396 998833
1 97047 63 0 1788978397 256
1 97049 61 0 1788978397 387
1 97050 59 0 1788978397 448
1 97052 65 0 1788978397 580
1 97054 92 0 1788978397 743
1 97058 73 0 1788978397 1036
1 97063 67 0 1788978397 1366
1 97075 92 0 1788978397 2247
1 97085 73 0 1788978397 3185
1 97090 72 0 1788978397 3586
1 97105 78 0 1788978397 4876
1 97109 0 0 1788978397 5232
1 97114 98 0 1788978397 5780
1 97159 71 0 1788978397 9537
1 97172 162 0 1788978397 10679
1 97182 65 0 1788978397 11478
1 97188 75 0 1788978397 12026
1 97202 65 0 1788978397 13102
1 97203 72 0 1788978397 13180
1 97215 80 0 1788978397 14125
1 97220 65 0 1788978397 14477
1 97258 77 0 1788978397 17396
1 97263 84 0 1788978397 17805
1 97266 77 0 1788978397 18062
1 97269 57 0 1788978397 18263
1 97282 88 0 1788978397 19309
1 97289 133 0 1788978397 20037
1 97292 78 0 1788978397 20351
1 97320 71 0 1788978397 22568
1 97321 108 0 1788978397 22681
1 97324 73 0 1788978397 22943
1 97370 87 0 1788978397 26576
1 97373 87 0 1788978397 26802
1 97412 79 0 1788978397 29658
1 97413 79 0 1788978397 29743
1 97428 72 0 1788978397 30951
1 97441 76 0 1788978397 32087
1 97447 75 0 1788978397 32573
1 97460 61 0 1788978397 34306
1 97466 84 0 1788978397 34784
1 97475 117 0 1788978397 35649
1 97506 68 0 1788978397 38177
1 97516 85 0 1788978397 39007
1 97635 72 0 1788978397 48883
1 97667 71 0 1788978397 51105
1 97671 71 0 1788978397 51390
1 97702 56 0 1788978397 53500
1 97708 65 0 1788978397 53881
1 97780 89 0 1788978397 59443
1 97782 86 0 1788978397 59626
1 97847 56 0 1788978397 64362
1 97900 61 0 1788978397 67846
1 97915 61 0 1788978397 68856
1 97944 70 0 1788978397 70968
1 97988 61 0 1788978397 74168
1 98002 63 0 1788978397 75092
1 98023 64 0 1788978397 76408
1 98074 60 0 1788978397 79907
1 98082 68 0 1788978397 80481
1 98096 70 0 1788978397 81545
1 98165 66 0 1788978397 86730
1 98169 72 0 1788978397 87024
1 98170 74 0 1788978397 87103
1 98186 74 0 1788978397 88308
1 98189 98 0 1788978397 88567
1 98196 55 0 1788978397 89058
1 98227 81 0 1788978397 91781
1 98232 60 0 1788978397 92161
1 98239 69 0 1788978397 92770
1 98246 74 0 1788978397 93267
1 98280 71 0 1788978397 96045
1 98287 71 0 1788978397 96591
1 98295 74 0 1788978397 97225
1 98316 70 0 1788978397 98655
1 98332 62 0 1788978397 99697
1 98335 73 0 1788978397 99906
1 98337 84 0 1788978397 100067
1 98340 70 0 1788978397 100290
1 98373 74 0 1788978397 102957
1 98380 86 0 1788978397 103494
1 98393 71 0 1788978397 104472
1 98394 64 0 1788978397 104540
1 98395 136 0 1788978397 104679
1 98407 76 0 1788978397 105600
1 98411 78 0 1788978397 105928
1 98424 62 0 1788978397 106939
1 98443 60 0 1788978397 108307
1 98451 64 0 1788978397 108950
1 98460 93 0 1788978397 109698
1 98480 84 0 1788978397 111273
1 98484 67 0 1788978397 111545
1 98486 78 0 1788978397 111713
1 98493 75 0 1788978397 112251
1 98504 79 0 1788978397 113105
1 98506 68 0 1788978397 113245
1 98517 80 0 1788978397 114249
1 98530 67 0 1788978397 115228
1 98535 91 0 1788978397 115589
1 98539 58 0 1788978397 115880
1 98558 88 0 1788978397 117503
1 98591 60 0 1788978397 120326
1 98627 67 0 1788978397 122805
1 98629 67 0 1788978397 122941
1 98642 64 0 1788978397 123801
1 98684 65 0 1788978397 126624
1 98691 59 0 1788978397 127135
1 98717 56 0 1788978397 128931
1 98753 66 0 1788978397 131202
1 98784 65 0 1788978397 133341
1 98796 70 0 1788978397 134212
1 98817 67 0 1788978397 135706
1 98825 63 0 1788978397 136213
1 98840 78 0 1788978397 137281
1 98841 64 0 1788978397 137349
1 98846 68 0 1788978397 137699
1 98853 84 0 1788978397 138263
1 98857 55 0 1788978397 138517
1 98859 64 0 1788978397 138633
1 98867 83 0 1788978397 139138
1 98873 77 0 1788978397 139513
1 98898 61 0 1788978397 141224
1 98912 65 0 1788978397 142149
1 98918 75 0 1788978397 142565
1 98930 61 0 1788978397 143310
1 98956 66 0 1788978397 144995
1 98967 70 0 1788978397 145795
1 98972 73 0 1788978397 146157
1 98996 79 0 1788978397 148066
1 99002 74 0 1788978397 148529
1 99006 74 0 1788978397 148850
1 99034 79 0 1788978397 151138
1 99036 58 0 1788978397 151269
1 99044 65 0 1788978397 151788
1 99054 68 0 1788978397 152486
1 99065 67 0 1788978397 153257
1 99074 118 0 1788978397 153954
1 99084 101 0 1788978397 154876
1 99125 69 0 1788978397 157801
1 99157 66 0 1788978397 160209
1 99172 63 0 1788978397 161200
1 99175 59 0 1788978397 161428
1 99234 92 0 1788978397 165660
1 99237 59 0 1788978397 165849
1 99298 89 0 1788978397 170037
1 99313 79 0 1788978397 171392
1 99316 96 0 1788978397 171642
1 99320 70 0 1788978397 171972
1 99369 146 0 1788978397 176286
1 99385 84 0 1788978397 177593
1 99405 78 0 1788978397 179204
1 99413 72 0 1788978397 179844
1 99420 97 0 1788978397 180590
1 99443 59 0 1788978397 182450
1 99455 71 0 1788978397 183259
1 99501 79 0 1788978397 186773
1 99502 69 0 1788978397 186847
1 99504 87 0 1788978397 187008
1 99517 69 0 1788978397 188108
1 99552 89 0 1788978397 191228
1 99590 55 0 1788978397 193945
1 99594 63 0 1788978397 194196
1 99601 121 0 1788978397 194792
1 99607 70 0 1788978397 195264
1 99620 67 0 1788978397 196216
1 99621 73 0 1788978397 196296
1 99654 75 0 1788978397 198870
1 99698 72 0 1788978397 202178
1 99721 62 0 1788978397 203625
1 99851 74 0 1788978397 213325
1 99871 59 0 1788978397 214580
1 99873 64 0 1788978397 214731
1 99900 63 0 1788978397 216575
1 99983 90 0 1788978397 222154
1 99984 67 0 1788978397 222225
1 99989 56 0 1788978397 222515
1 100029 73 0 1788978397 225251
1 100052 67 0 1788978397 226711
1 100073 68 0 1788978397 228126
1 100077 81 0 1788978397 228428
1 100108 60 0 1788978397 230481
1 100122 89 0 1788978397 232046
1 100124 60 0 1788978397 232187
1 100166 57 0 1788978397 234939
1 100183 61 0 1788978397 236023
1 100192 67 0 1788978397 236601
1 100196 73 0 1788978397 236890
1 100198 103 0 1788978397 237060
1 100243 62 0 1788978397 240025
1 100270 59 0 1788978397 241980
1 100276 64 0 1788978397 242368
1 100294 58 0 1788978397 243542
1 100326 79 0 1788978397 245671
1 100346 59 0 1788978397 247115
1 100347 61 0 1788978397 247180
1 100369 60 0 1788978397 248554
1 100412 76 0 1788978397 251751
1 100450 66 0 1788978397 254257
1 100500 58 0 1788978397 257577
1 100509 72 0 1788978397 258214
1 100510 72 0 1788978397 258290
1 100546 51 0 1788978397 260779
1 100547 62 0 1788978397 260845
1 100568 82 0 1788978397 262286
1 100573 105 0 1788978397 262703
1 100580 88 0 1788978397 263377
1 100581 0 0 1788978397 263443
1 100599 69 0 1788978397 264927
1 100636 73 0 1788978397 268121
1 100645 72 0 1788978397 268690
1 100673 55 0 1788978397 270559
1 100690 59 0 1788978397 271604
1 100698 62 0 1788978397 272125
1 100732 62 0 1788978397 274299
1 100733 61 0 1788978397 274364
1 100750 63 0 1788978397 275484
1 100751 62 0 1788978397 275549
1 100765 66 0 1788978397 276465
1 100773 84 0 1788978397 277091
1 100779 57 0 1788978397 277486
1 100780 58 0 1788978397 277548
1 100792 56 0 1788978397 278240
1 100834 56 0 1788978397 280961
1 100850 75 0 1788978397 282003
1 100859 59 0 1788978397 282493
1 100861 50 0 1788978397 282601
1 100890 70 0 1788978397 284499
1 100899 69 0 1788978397 285248
1 100937 76 0 1788978397 288141
1 100948 70 0 1788978397 288914
1 100949 66 0 1788978397 288984
1 100951 72 0 1788978397 289133
1 100969 60 0 1788978397 290519
1 100972 74 0 1788978397 290745
1 100983 63 0 1788978397 291496
1 101006 71 0 1788978397 293029
1 101052 56 0 1788978397 296176
1 101060 71 0 1788978397 296753
1 101064 69 0 1788978397 297064
1 101094 63 0 1788978397 299006
1 101113 71 0 1788978397 300293
1 101122 63 0 1788978397 300928
1 101165 59 0 1788978397 303823
1 101173 387 0 1788978397 304749
1 101179 75 0 1788978397 305341
1 101197 67 0 1788978397 306492
1 101203 58 0 1788978397 306870
1 101218 59 0 1788978397 307874
1 101220 61 0 1788978397 307996
1 101229 66 0 1788978397 308572
1 101236 57 0 1788978397 309006
1 101273 56 0 1788978397 311271
1 101345 88 0 1788978397 316406
1 101353 85 0 1788978397 317073
1 101357 88 0 1788978397 317424
1 101366 75 0 1788978397 318356
1 101380 80 0 1788978397 319553
1 101405 97 0 1788978397 321681
1 101415 59 0 1788978397 322388
1 101436 65 0 1788978397 323749
1 101437 57 0 1788978397 323811
1 101482 65 0 1788978397 326764
1 101491 65 0 1788978397 327380
1 101492 78 0 1788978397 327463
1 101508 81 0 1788978397 328797
1 101543 84 0 1788978397 331341
1 101570 79 0 1788978397 333668
1 101589 76 0 1788978397 335206
1 101603 77 0 1788978397 336441
1 101612 75 0 1788978397 337172
1 101618 109 0 1788978397 337678
1 101666 62 0 1788978397 341246
1 101668 62 0 1788978397 341372
1 101723 59 0 1788978397 345158
1 101725 58 0 1788978397 345279
1 101732 82 0 1788978397 345890
1 101733 86 0 1788978397 345979
1 101750 98 0 1788978397 347208
1 101801 87 0 1788978397 350485
1 101811 54 0 1788978397 351093
1 101812 61 0 1788978397 351191
1 101856 73 0 1788978397 354011
1 101866 68 0 1788978397 354709
1 101877 64 0 1788978397 355423
1 101879 62 0 1788978397 355549
1 101903 72 0 1788978397 357261
1 101908 85 0 1788978397 357667
1 101936 59 0 1788978397 359858
1 101937 60 0 1788978397 359921
1 101971 69 0 1788978397 362124
1 102000 62 0 1788978397 364038
1 102002 61 0 1788978397 364165
1 102012 59 0 1788978397 364805
1 102015 54 0 1788978397 364982
1 102039 53 0 1788978397 366444
1 102052 59 0 1788978397 367253
1 102055 57 0 1788978397 367427
1 102060 72 0 1788978397 367801
1 102081 60 0 1788978397 369096
1 102093 61 0 1788978397 369882
1 102125 58 0 1788978397 371832
1 102141 59 0 1788978397 372853
1 102191 75 0 1788978397 376090
1 102217 62 0 1788978397 377781
1 102229 62 0 1788978397 378554
1 102300 67 0 1788978397 382793
1 102307 61 0 1788978397 383247
1 102311 72 0 1788978397 383508
1 102312 80 0 1788978397 383593
1 102315 63 0 1788978397 383818
1 102333 55 0 1788978397 384963
1 102390 57 0 1788978397 388578
1 102396 59 0 1788978397 388988
1 102436 92 0 1788978397 391889
1 102464 70 0 1788978397 393631
1 102465 75 0 1788978397 393710
1 102485 54 0 1788978397 394874
1 102523 58 0 1788978397 397237
1 102533 65 0 1788978397 397923
1 102544 85 0 1788978397 398655
1 102556 69 0 1788978397 399420
1 102563 62 0 1788978397 399894
1 102616 60 0 1788978397 403512
1 102618 93 0 1788978397 403670
1 102629 70 0 1788978397 404458
1 102631 75 0 1788978397 404608
1 102634 0 0 1788978397 404851
1 102656 83 0 1788978397 406632
1 102657 75 0 1788978397 406711
1 102694 73 0 1788978397 410213
1 102715 75 0 1788978397 411913
1 102740 61 0 1788978397 413879
1 102757 68 0 1788978397 415120
1 102764 76 0 1788978397 415640
1 102789 75 0 1788978397 417535
1 102800 64 0 1788978397 418350
1 102875 85 0 1788978397 423914
1 102882 99 0 1788978397 424889
1 102889 141 0 1788978397 425664
1 102893 79 0 1788978397 426058
1 102910 64 0 1788978397 427445
1 102946 60 0 1788978397 430070
1 102948 67 0 1788978397 430202
1 102954 57 0 1788978397 430598
1 102983 80 0 1788978397 432748
1 103005 131 0 1788978397 434651
1 103022 84 0 1788978397 436206
1 103028 86 0 1788978397 436721
1 103029 82 0 1788978397 436806
1 103049 85 0 1788978397 438491
1 103076 88 0 1788978397 440854
1 103085 113 0 1788978397 441678
1 103101 67 0 1788978397 443317
1 103118 89 0 1788978397 444630
1 103126 87 0 1788978397 445330
1 103147 89 0 1788978397 447108
1 103212 68 0 1788978397 452247
1 103229 92 0 1788978397 453491
1 103253 74 0 1788978397 455433
1 103254 75 0 1788978397 455511
1 103320 0 0 1788978397 462464
1 103323 77 0 1788978397 462712
1 103335 0 0 1788978397 463744
1 103338 82 0 1788978397 464030
1 103355 83 0 1788978397 465478
1 103390 61 0 1788978397 468404
1 103430 91 0 1788978397 471713
1 103440 89 0 1788978397 472578
1 103457 81 0 1788978397 473935
1 103468 80 0 1788978397 474866
1 103478 130 0 1788978397 475820
1 103531 65 0 1788978397 479942
1 103537 65 0 1788978397 480361
1 103554 71 0 1788978397 481546
1 103579 64 0 1788978397 483169
1 103607 69 0 1788978397 485332
1 103617 65 0 1788978397 486127
1 103645 79 0 1788978397 488269
1 103688 117 0 1788978397 491713
1 103692 93 0 1788978397 492050
1 103736 80 0 1788978397 495396
1 103750 82 0 1788978397 497162
1 103774 71 0 1788978397 499340
1 103789 73 0 1788978397 500749
1 103833 69 0 1788978397 504165
1 103835 63 0 1788978397 504295
1 103851 65 0 1788978397 505535
1 103854 78 0 1788978397 505794
1 103858 83 0 1788978397 506166
1 103903 76 0 1788978397 509842
1 103929 100 0 1788978397 512004
1 103952 78 0 1788978397 514108
1 103996 0 0 1788978397 517736
1 104006 67 0 1788978397 518465
1 104049 67 0 1788978397 521793
1 104077 66 0 1788978397 523779
1 104084 53 0 1788978397 524196
1 104117 64 0 1788978397 526323
1 104128 85 0 1788978397 527073
1 104179 63 0 1788978397 530438
1 104252 65 0 1788978397 535091
1 104271 67 0 1788978397 536281
1 104283 91 0 1788978397 537208
1 104284 78 0 1788978397 537290
1 104288 63 0 1788978397 537576
1 104300 60 0 1788978397 538347
1 104315 59 0 1788978397 539518
1 104321 67 0 1788978397 539971
1 104327 61 0 1788978397 540432
1 104366 65 0 1788978397 543204
1 104379 60 0 1788978397 544545
1 104387 107 0 1788978397 545156
1 104417 0 0 1788978397 547924
1 104419 70 0 1788978397 548073
1 104431 57 0 1788978397 548982
1 104450 70 0 1788978397 550204
1 104490 68 0 1788978397 553117
1 104515 64 0 1788978397 554779
1 104519 78 0 1788978397 555093
1 104521 64 0 1788978397 555231
1 104547 61 0 1788978397 556932
1 104553 64 0 1788978397 557346
1 104565 69 0 1788978397 558167
1 104593 64 0 1788978397 560184
1 104599 59 0 1788978397 560546
1 104615 56 0 1788978397 561509
1 104661 61 0 1788978397 564606
1 104678 61 0 1788978397 565730
1 104681 58 0 1788978397 565910
1 104772 80 0 1788978397 572170
1 104784 59 0 1788978397 573315
1 104796 98 0 1788978397 575301
1 104808 63 0 1788978397 576388
1 104838 77 0 1788978397 578544
1 104839 106 0 1788978397 578654
1 104855 63 0 1788978397 579776
1 104904 68 0 1788978397 583233
1 104915 54 0 1788978397 583927
1 104931 61 0 1788978397 584888
1 104955 59 0 1788978397 586386
1 105003 66 0 1788978397 589548
1 105025 66 0 1788978397 591364
1 105081 156 0 1788978397 595802
1 105090 60 0 1788978397 596435
1 105101 65 0 1788978397 597160
1 105124 70 0 1788978397 599065
1 105128 66 0 1788978397 599332
1 105135 64 0 1788978397 599848
1 105136 75 0 1788978397 599928
1 105174 66 0 1788978397 602634
1 105181 63 0 1788978397 603114
1 105203 72 0 1788978397 604669
1 105205 66 0 1788978397 604807
1 105227 94 0 1788978397 606486
1 105244 95 0 1788978397 607755
1 105252 79 0 1788978397 608394
1 105259 70 0 1788978397 609007
1 105270 86 0 1788978397 609687
1 105280 56 0 1788978397 610390
1 105283 64 0 1788978397 610572
1 105286 78 0 1788978397 610841
1 105330 65 0 1788978397 614481
1 105351 93 0 1788978397 616572
1 105397 75 0 1788978397 619728
1 105405 61 0 1788978397 620265
1 105422 61 0 1788978397 621367
1 105427 73 0 1788978397 621691
1 105445 57 0 1788978397 622792
1 105514 60 0 1788978397 627189
1 105543 70 0 1788978397 629347
1 105547 93 0 1788978397 629734
1 105548 81 0 1788978397 629819
1 105556 87 0 1788978397 630488
1 105557 93 0 1788978397 630586
1 105563 0 0 1788978397 631155
1 105565 98 0 1788978397 631372
1 105596 71 0 1788978397 633539
1 105628 83 0 1788978397 635678
1 105634 68 0 1788978397 636578
1 105650 99 0 1788978397 637698
1 105659 66 0 1788978397 638282
1 105711 60 0 1788978397 641786
1 105716 64 0 1788978397 642099
1 105720 62 0 1788978397 642415
1 105749 59 0 1788978397 644709
1 105754 68 0 1788978397 645059
1 105784 72 0 1788978397 647360
1 105796 59 0 1788978397 648148
1 105816 72 0 1788978397 649476
1 105819 69 0 1788978397 649717
1 105834 59 0 1788978397 650857
1 105841 79 0 1788978397 651454
1 105859 54 0 1788978397 652830
1 105884 68 0 1788978397 654554
1 105893 63 0 1788978397 655212
1 105900 75 0 1788978397 655774
1 105915 67 0 1788978397 656852
1 105990 65 0 1788978397 662184
1 106016 0 0 1788978397 664241
1 106037 82 0 1788978397 665780
1 106060 65 0 1788978397 667310
1 106069 67 0 1788978397 667957
1 106073 87 0 1788978397 668260
1 106087 66 0 1788978397 669253
1 106108 96 0 1788978397 670680
1 106126 110 0 1788978397 672092
1 106143 79 0 1788978397 674020
1 106175 67 0 1788978397 676552
1 106183 72 0 1788978397 677246
1 106199 80 0 1788978397 678729
1 106201 80 0 1788978397 678896
1 106225 70 0 1788978397 680870
1 106319 59 0 1788978397 687813
1 106348 90 0 1788978397 689662
1 106360 72 0 1788978397 690453
1 106363 95 0 1788978397 690698
1 106367 83 0 1788978397 691035
1 106395 77 0 1788978397 693395
1 106473 61 0 1788978397 698606
1 106530 59 0 1788978397 702565
1 106533 64 0 1788978397 702772
1 106553 101 0 1788978397 704314
1 106559 81 0 1788978397 704886
1 106626 0 0 1788978397 710484
1 106645 81 0 1788978397 712286
1 106649 63 0 1788978397 712558
1 106655 60 0 1788978397 713008
1 106662 45 0 1788978397 713405
1 106691 110 0 1788978397 715533
1 106697 61 0 1788978397 716064
1 106732 74 0 1788978397 718310
1 106765 70 0 1788978397 720791
1 106786 86 0 1788978397 722350
1 106803 69 0 1788978397 723604
1 106826 73 0 1788978397 725400
1 106829 93 0 1788978397 725640
1 106837 67 0 1788978397 726265
1 106879 73 0 1788978397 729312
1 106887 62 0 1788978397 729945
1 106912 0 0 1788978397 731897
1 106927 61 0 1788978397 733002
1 106929 62 0 1788978397 733119
1 106969 59 0 1788978397 736110
1 106983 60 0 1788978397 737031
1 107013 134 0 1788978397 739611
1 107048 54 0 1788978397 742549
1 107059 59 0 1788978397 743263
1 107060 59 0 1788978397 743325
1 107113 69 0 1788978397 746772
1 107120 69 0 1788978397 747305
1 107123 74 0 1788978397 747528
1 107174 104 0 1788978397 751706
1 107229 87 0 1788978397 756500
1 107246 109 0 1788978397 757906
1 107253 88 0 1788978397 758489
1 107271 68 0 1788978397 759910
1 107277 62 0 1788978397 760348
1 107280 62 0 1788978397 760548
1 107304 63 0 1788978397 762147
1 107314 85 0 1788978397 762932
1 107319 91 0 1788978397 763326
1 107326 84 0 1788978397 763973
1 107363 67 0 1788978397 766584
1 107371 64 0 1788978397 767145
1 107468 61 0 1788978397 773560
1 107470 69 0 1788978397 773731
1 107516 61 0 1788978397 777390
1 107541 81 0 1788978397 779235
1 107578 71 0 1788978397 781926
1 107579 76 0 1788978397 782007
1 107601 86 0 1788978397 783731
1 107628 65 0 1788978397 785563
1 107639 80 0 1788978397 786317
1 107658 81 0 1788978397 787752
1 107668 64 0 1788978397 788393
1 107669 66 0 1788978397 788464
1 107711 61 0 1788978397 791634
1 107719 72 0 1788978397 792210
1 107736 53 0 1788978397 793266
1 107754 65 0 1788978397 794435
1 107783 73 0 1788978397 796515
1 107836 58 0 1788978397 800373
1 107857 57 0 1788978397 801815
1 107860 63 0 1788978397 802011
1 107861 59 0 1788978397 802072
1 107871 77 0 1788978397 802719
1 107898 97 0 1788978397 804833
1 107926 68 0 1788978397 806908
1 107944 57 0 1788978397 808148
1 107976 74 0 1788978397 810586
1 108017 68 0 1788978397 813912
1 108025 64 0 1788978397 814467
1 108026 63 0 1788978397 814533
1 108036 65 0 1788978397 815236
1 108059 71 0 1788978397 816862
1 108097 77 0 1788978397 819517
1 108154 68 0 1788978397 823450
1 108184 67 0 1788978397 825573
1 108202 72 0 1788978397 826749
1 108211 62 0 1788978397 827342
1 108260 64 0 1788978397 830873
1 108264 71 0 1788978397 831149
1 108325 73 0 1788978397 835410
1 108345 66 0 1788978397 836737
1 108368 63 0 1788978397 838396
1 108423 70 0 1788978397 842092
1 108457 76 0 1788978397 844861
1 108537 68 0 1788978397 850829
1 108559 70 0 1788978397 852484
1 108641 85 0 1788978397 859046
1 108651 70 0 1788978397 860155
1 108664 76 0 1788978397 861246
1 108697 87 0 1788978397 864634
1 108699 77 0 1788978397 864811
1 108730 90 0 1788978397 867335
1 108733 117 0 1788978397 867684
1 108735 105 0 1788978397 867928
1 108756 79 0 1788978397 869711
1 108769 74 0 1788978397 870775
1 108816 102 0 1788978397 875538
1 108855 61 0 1788978397 880438
1 108877 81 0 1788978397 882171
1 108918 63 0 1788978397 885311
1 108931 136 0 1788978397 886402
1 108933 64 0 1788978397 886554
1 108934 62 0 1788978397 886619
1 108950 85 0 1788978397 887884
1 108994 63 0 1788978397 890998
1 109008 87 0 1788978397 891981
1 109073 68 0 1788978397 896521
1 109101 61 0 1788978397 898380
1 109112 70 0 1788978397 899174
1 109131 104 0 1788978397 900665
1 109137 52 0 1788978397 901068
1 109154 58 0 1788978397 902115
1 109155 60 0 1788978397 902178
1 109219 61 0 1788978397 906451
1 109248 59 0 1788978397 908413
1 109253 65 0 1788978397 908733
1 109261 65 0 1788978397 909242
1 109284 66 0 1788978397 910760
1 109299 102 0 1788978397 911889
1 109315 57 0 1788978397 913029
1 109316 57 0 1788978397 913088
1 109327 70 0 1788978397 913794
1 109345 68 0 1788978397 914929
1 109355 89 0 1788978397 915645
1 109373 78 0 1788978397 916944
1 109401 58 0 1788978397 919244
1 109466 58 0 1788978397 923522
1 109479 63 0 1788978397 924338
1 109499 55 0 1788978397 925589
1 109542 65 0 1788978397 928333
1 109554 68 0 1788978397 929210
1 109573 57 0 1788978397 930432
1 109617 66 0 1788978397 933448
1 109662 67 0 1788978397 936405
1 109686 64 0 1788978397 938143
1 109691 63 0 1788978397 938527
1 109714 64 0 1788978397 940093
1 109720 63 0 1788978397 940484
1 109724 63 0 1788978397 940759
1 109727 61 0 1788978397 940944
1 109771 59 0 1788978397 943864
1 109792 75 0 1788978397 945335
1 109797 67 0 1788978397 945704
1 109835 69 0 1788978397 948111
1 109882 69 0 1788978397 951273
1 109902 79 0 1788978397 952804
1 109956 63 0 1788978397 956477
1 110050 64 0 1788978397 963930
1 110059 70 0 1788978397 964584
1 110117 75 0 1788978397 968373
1 110180 63 0 1788978397 972577
1 110202 55 0 1788978397 974043
1 110207 56 0 1788978397 974336
1 110239 68 0 1788978397 976373
1 110256 59 0 1788978397 977470
1 110270 71 0 1788978397 978430
1 110294 75 0 1788978397 980096
1 110333 56 0 1788978397 982801
1 110360 75 0 1788978397 984876
1 110393 54 0 1788978397 987072
1 110405 68 0 1788978397 987852
1 110410 57 0 1788978397 988146
1 110436 66 0 1788978397 989797
1 110470 55 0 1788978397 992029
1 110482 64 0 1788978397 992888
1 110509 65 0 1788978397 994723
1 110522 76 0 1788978397 995668
1 110537 63 0 1788978397 996648
1 110550 56 0 1788978397 997410
1 110552 61 0 1788978397 997529
1 110553 69 0 1788978397 997602
1 110580 60 0 1788978397 999402
1 110598 67 0 1788978398 595
1 110607 100 0 1788978398 1308
1 110619 109 0 1788978398 2118
1 110633 78 0 1788978398 3080
1 110646 105 0 1788978398 4041
1 110659 86 0 1788978398 5070
1 110663 78 0 1788978398 5405
1 110711 54 0 1788978398 8857
1 110712 60 0 1788978398 8921
1 110714 70 0 1788978398 9053
1 110762 82 0 1788978398 12853
1 110787 69 0 1788978398 14467
1 110822 69 0 1788978398 16733
1 110831 63 0 1788978398 17320
1 110843 76 0 1788978398 18269
1 110877 68 0 1788978398 20597
1 110931 59 0 1788978398 23795
1 110934 48 0 1788978398 23967
1 110970 66 0 1788978398 26153
1 111085 59 0 1788978398 33855
1 111174 64 0 1788978398 39394
1 111186 45 0 1788978398 40116
1 111222 66 0 1788978398 42338
1 111256 64 0 1788978398 44798
1 111285 91 0 1788978398 46649
1 111332 51 0 1788978398 49851
1 111362 65 0 1788978398 51685
1 111368 56 0 1788978398 52029
1 111371 62 0 1788978398 52224
1 111440 55 0 1788978398 56586
1 111441 91 0 1788978398 56679
1 111444 74 0 1788978398 56903
1 111447 61 0 1788978398 57088
1 111454 65 0 1788978398 57507
1 111545 63 0 1788978398 63389
1 111568 64 0 1788978398 64930
1 111572 69 0 1788978398 65231
1 111573 68 0 1788978398 65301
1 111578 109 0 1788978398 65667
1 111620 54 0 1788978398 68187
1 111723 60 0 1788978398 74879
1 111767 58 0 1788978398 77566
1 111776 64 0 1788978398 78178
1 111784 67 0 1788978398 78719
1 111785 61 0 1788978398 78785
1 111820 57 0 1788978398 80972
1 111822 57 0 1788978398 81091
1 111883 89 0 1788978398 85124
1 111916 74 0 1788978398 87709
1 111919 72 0 1788978398 87901
1 111954 56 0 1788978398 90078
1 111965 61 0 1788978398 90764
1 111971 68 0 1788978398 91164
1 111991 75 0 1788978398 92400
1 112010 69 0 1788978398 93733
1 112030 56 0 1788978398 95020
1 112080 99 0 1788978398 98662
1 112101 58 0 1788978398 100138
1 112111 58 0 1788978398 100753
1 112123 58 0 1788978398 101455
1 112174 62 0 1788978398 105022
1 112184 76 0 1788978398 105635
1 112220 58 0 1788978398 108314
1 112251 57 0 1788978398 110304
1 112259 113 0 1788978398 110917
1 112266 63 0 1788978398 111332
1 112269 54 0 1788978398 111505
1 112273 67 0 1788978398 111807
1 112286 62 0 1788978398 112592
1 112341 61 0 1788978398 116110
1 112357 59 0 1788978398 117035
1 112358 60 0 1788978398 117098
1 112362 57 0 1788978398 117323
1 112396 73 0 1788978398 119498
1 112408 58 0 1788978398 120258
1 112418 67 0 1788978398 120928
1 112433 110 0 1788978398 121978
1 112440 61 0 1788978398 122485
1 112466 57 0 1788978398 124065
1 112477 66 0 1788978398 124790
1 112480 66 0 1788978398 124995
1 112496 64 0 1788978398 126051
1 112514 57 0 1788978398 127238
1 112560 59 0 1788978398 130131
1 112576 65 0 1788978398 131163
1 112619 61 0 1788978398 134049
1 112673 58 0 1788978398 137401
1 112686 55 0 1788978398 138214
1 112710 57 0 1788978398 139774
1 112715 58 0 1788978398 140057
1 112745 72 0 1788978398 141772
1 112758 73 0 1788978398 142780
1 112778 74 0 1788978398 144097
1 112783 53 0 1788978398 144443
1 112788 58 0 1788978398 144764
1 112789 57 0 1788978398 144825
1 112797 64 0 1788978398 145362
1 112810 66 0 1788978398 146210
1 112821 60 0 1788978398 146983
1 112851 60 0 1788978398 148949
1 112865 69 0 1788978398 149851
1 112916 71 0 1788978398 153245
1 112918 57 0 1788978398 153377
1 112956 55 0 1788978398 155865
1 112967 70 0 1788978398 156532
1 112990 57 0 1788978398 157952
1 113045 57 0 1788978398 161551
1 113059 56 0 1788978398 162402
1 113085 63 0 1788978398 164119
1 113112 71 0 1788978398 165869
1 113117 62 0 1788978398 166209
1 113128 59 0 1788978398 166890
1 113150 69 0 1788978398 168196
1 113151 70 0 1788978398 168270
1 113214 93 0 1788978398 172985
1 113216 91 0 1788978398 173142
1 113224 61 0 1788978398 173696
1 113225 58 0 1788978398 173758
1 113235 82 0 1788978398 174488
1 113240 65 0 1788978398 174897
1 113243 78 0 1788978398 175161
1 113249 110 0 1788978398 175687
1 113278 68 0 1788978398 177871
1 113283 75 0 1788978398 178206
1 113298 71 0 1788978398 179455
1 113339 63 0 1788978398 182146
1 113340 60 0 1788978398 182211
1 113360 62 0 1788978398 183598
1 113395 72 0 1788978398 185919
1 113411 76 0 1788978398 187084
1 113418 70 0 1788978398 187576
1 113425 81 0 1788978398 188061
1 113427 69 0 1788978398 188208
1 113429 67 0 1788978398 188346
1 113447 56 0 1788978398 189438
1 113474 85 0 1788978398 191593
1 113490 60 0 1788978398 192694
1 113498 67 0 1788978398 193162
1 113503 68 0 1788978398 193528
1 113505 89 0 1788978398 193689
1 113531 57 0 1788978398 195336
1 113558 61 0 1788978398 196962
1 113733 58 0 1788978398 207973
1 113738 75 0 1788978398 208293
1 113750 57 0 1788978398 209072
1 113827 65 0 1788978398 214055
1 113829 60 0 1788978398 214179
1 113839 53 0 1788978398 214767
1 113886 57 0 1788978398 217601
1 113903 51 0 1788978398 218564
1 113932 62 0 1788978398 220368
1 113993 59 0 1788978398 224019
1 113996 64 0 1788978398 224215
1 114005 62 0 1788978398 224802
1 114015 63 0 1788978398 225433
1 114039 64 0 1788978398 226927
1 114076 67 0 1788978398 229258
1 114095 64 0 1788978398 230470
1 114132 64 0 1788978398 232941
1 114133 68 0 1788978398 233012
1 114144 58 0 1788978398 233691
1 114159 109 0 1788978398 234591
1 114168 55 0 1788978398 235194
1 114176 67 0 1788978398 235642
1 114184 60 0 1788978398 236102
1 114199 73 0 1788978398 236987
1 114200 68 0 1788978398 237058
1 114269 74 0 1788978398 241282
1 114306 77 0 1788978398 243713
1 114353 85 0 1788978398 246643
1 114356 54 0 1788978398 246821
1 114372 56 0 1788978398 247742
1 114384 53 0 1788978398 248430
1 114397 54 0 1788978398 249197
1 114406 60 0 1788978398 249833
1 114439 63 0 1788978398 252092
1 114446 81 0 1788978398 252637
1 114478 59 0 1788978398 255121
1 114480 55 0 1788978398 255239
1 114498 56 0 1788978398 256254
1 114508 45 0 1788978398 256837
1 114510 56 0 1788978398 256941
1 114512 49 0 1788978398 257046
1 114540 56 0 1788978398 258726
1 114551 72 0 1788978398 259351
1 114629 134 0 1788978398 264489
1 114631 51 0 1788978398 264607
1 114653 81 0 1788978398 266291
1 114660 79 0 1788978398 266818
1 114665 78 0 1788978398 267193
1 114671 129 0 1788978398 267672
1 114679 63 0 1788978398 268233
1 114696 66 0 1788978398 269455
1 114698 76 0 1788978398 269605
1 114703 70 0 1788978398 269964
1 114783 64 0 1788978398 275057
1 114828 64 0 1788978398 277900
1 114835 66 0 1788978398 278338
1 114846 59 0 1788978398 279007
1 114862 57 0 1788978398 280061
1 114867 58 0 1788978398 280349
1 114877 59 0 1788978398 280979
1 114894 57 0 1788978398 282002
1 114902 54 0 1788978398 282454
1 114914 55 0 1788978398 283180
1 114963 79 0 1788978398 286252
1 114965 58 0 1788978398 286378
1 114970 86 0 1788978398 286690
1 115037 82 0 1788978398 291194
1 115090 80 0 1788978398 294656
1 115113 72 0 1788978398 296112
1 115126 66 0 1788978398 296949
1 115133 55 0 1788978398 297372
1 115139 65 0 1788978398 297754
1 115154 56 0 1788978398 298776
1 115170 66 0 1788978398 299731
1 115180 74 0 1788978398 300369
1 115198 61 0 1788978398 301551
1 115212 52 0 1788978398 302432
1 115215 51 0 1788978398 302586
1 115248 56 0 1788978398 304530
1 115253 51 0 1788978398 304854
1 115260 59 0 1788978398 305293
1 115267 59 0 1788978398 305722
1 115298 68 0 1788978398 307606
1 115307 62 0 1788978398 308222
1 115332 78 0 1788978398 309907
1 115342 65 0 1788978398 310620
1 115427 63 0 1788978398 315988
1 115462 68 0 1788978398 318580
1 115475 80 0 1788978398 319544
1 115485 75 0 1788978398 320312
1 115488 81 0 1788978398 320583
1 115595 58 0 1788978398 327158
1 115604 66 0 1788978398 327691
1 115608 83 0 1788978398 328008
1 115681 79 0 1788978398 333283
1 115723 117 0 1788978398 336708
1 115763 57 0 1788978398 339587
1 115764 68 0 1788978398 339659
1 115766 53 0 1788978398 339770
1 115771 58 0 1788978398 340075
1 115779 53 0 1788978398 340578
1 115781 57 0 1788978398 340729
1 115797 85 0 1788978398 342008
1 115805 54 0 1788978398 342542
1 115822 92 0 1788978398 343683
1 115836 52 0 1788978398 344532
1 115848 64 0 1788978398 345197
1 115855 56 0 1788978398 345625
1 115876 54 0 1788978398 346841
1 115885 66 0 1788978398 347418
1 115915 60 0 1788978398 349218
1 115935 52 0 1788978398 350543
1 115956 63 0 1788978398 351900
1 116033 66 0 1788978398 357356
1 116040 60 0 1788978398 357901
1 116086 57 0 1788978398 360819
1 116112 53 0 1788978398 362278
1 116129 58 0 1788978398 363220
1 116194 55 0 1788978398 367099
1 116302 61 0 1788978398 373875
1 116303 58 0 1788978398 373936
1 116357 55 0 1788978398 377325
1 116379 56 0 1788978398 378596
1 116390 58 0 1788978398 379255
1 116400 57 0 1788978398 379873
1 116441 58 0 1788978398 382256
1 116475 57 0 1788978398 384358
1 116509 66 0 1788978398 386258
1 116561 54 0 1788978398 389376
1 116575 57 0 1788978398 390230
1 116620 53 0 1788978398 392905
1 116651 57 0 1788978398 394679
1 116655 60 0 1788978398 394913
1 116673 51 0 1788978398 395990
1 116685 61 0 1788978398 396910
1 116709 61 0 1788978398 398311
1 116718 52 0 1788978398 398898
1 116752 56 0 1788978398 400889
1 116755 55 0 1788978398 401060
1 116762 57 0 1788978398 401465
1 116782 63 0 1788978398 402636
1 116798 59 0 1788978398 403552
1 116800 78 0 1788978398 403715
1 116861 61 0 1788978398 407762
1 116869 77 0 1788978398 408291
1 116875 78 0 1788978398 408831
1 116879 56 0 1788978398 409059
1 116961 78 0 1788978398 415423
1 117004 96 0 1788978398 418648
1 117015 82 0 1788978398 419609
1 117041 99 0 1788978398 421674
1 117070 57 0 1788978398 423906
1 117078 74 0 1788978398 424435
1 117090 68 0 1788978398 425285
1 117206 62 0 1788978398 433479
1 117217 62 0 1788978398 434265
1 117230 59 0 1788978398 435234
1 117233 53 0 1788978398 435450
1 117242 107 0 1788978398 436216
1 117248 93 0 1788978398 436703
1 117283 65 0 1788978398 439083
1 117347 63 0 1788978398 444352
1 117380 62 0 1788978398 446453
1 117394 55 0 1788978398 447348
1 117425 52 0 1788978398 449136
1 117428 54 0 1788978398 449311
1 117444 44 0 1788978398 450321
1 117459 62 0 1788978398 451294
1 117474 69 0 1788978398 452328
1 117497 56 0 1788978398 453880
1 117517 65 0 1788978398 455276
1 117523 106 0 1788978398 455702
1 117536 140 0 1788978398 456713
1 117600 239 0 1788978398 461890
1 117603 67 0 1788978398 462134
1 117664 58 0 1788978398 466469
1 117687 60 0 1788978398 467924
1 117717 61 0 1788978398 469852
1 117736 145 0 1788978398 471332
1 117745 68 0 1788978398 472026
1 117748 78 0 1788978398 472233
1 117759 94 0 1788978398 472991
1 117765 58 0 1788978398 473382
1 117766 66 0 1788978398 473450
1 117776 78 0 1788978398 474252
1 117781 63 0 1788978398 474580
1 117800 70 0 1788978398 475835
1 117846 62 0 1788978398 478770
1 117858 60 0 1788978398 479549
1 117896 58 0 1788978398 482181
1 117929 60 0 1788978398 484254
1 117932 63 0 1788978398 484446
1 117933 66 0 1788978398 484514
1 117951 78 0 1788978398 485777
1 117982 69 0 1788978398 487936
1 118000 56 0 1788978398 489027
1 118022 62 0 1788978398 490607
1 118023 88 0 1788978398 490699
1 118054 60 0 1788978398 492893
1 118071 59 0 1788978398 494090
1 118072 65 0 1788978398 494159
1 118076 75 0 1788978398 494442
1 118125 93 0 1788978398 497755
1 118169 59 0 1788978398 500749
1 118184 60 0 1788978398 501726
1 118185 58 0 1788978398 501788
1 118188 68 0 1788978398 501991
1 118227 65 0 1788978398 504594
1 118231 64 0 1788978398 504897
1 118239 62 0 1788978398 505372
1 118250 54 0 1788978398 506059
1 118275 89 0 1788978398 507700
1 118296 55 0 1788978398 508992
1 118297 61 0 1788978398 509091
1 118325 55 0 1788978398 510805
1 118342 58 0 1788978398 511914
1 118346 60 0 1788978398 512152
1 118365 60 0 1788978398 513541
1 118374 63 0 1788978398 514165
1 118381 62 0 1788978398 514623
1 118389 61 0 1788978398 515108
1 118404 64 0 1788978398 516072
1 118538 64 0 1788978398 524962
1 118545 63 0 1788978398 525425
1 118577 61 0 1788978398 527581
1 118614 62 0 1788978398 530176
1 118615 71 0 1788978398 530251
1 118698 61 0 1788978398 535718
1 118699 59 0 1788978398 535780
1 118701 58 0 1788978398 535898
1 118715 55 0 1788978398 536752
1 118716 58 0 1788978398 536812
1 118720 57 0 1788978398 537047
1 118758 55 0 1788978398 539438
1 118769 55 0 1788978398 540122
1 118770 61 0 1788978398 540186
1 118807 66 0 1788978398 542631
1 118811 60 0 1788978398 542890
1 118822 61 0 1788978398 543595
1 118870 78 0 1788978398 546633
1 118904 64 0 1788978398 548799
1 118933 69 0 1788978398 550717
1 119009 56 0 1788978398 555495
1 119010 56 0 1788978398 555553
1 119039 62 0 1788978398 557380
1 119148 54 0 1788978398 564542
1 119155 61 0 1788978398 564990
1 119159 71 0 1788978398 565261
1 119194 64 0 1788978398 567508
1 119205 58 0 1788978398 568235
1 119229 69 0 1788978398 569676
1 119282 66 0 1788978398 573323
1 119286 78 0 1788978398 573721
1 119292 60 0 1788978398 574253
1 119320 66 0 1788978398 576269
1 119342 57 0 1788978398 577495
1 119363 78 0 1788978398 578760
1 119417 80 0 1788978398 582247
1 119443 64 0 1788978398 584185
1 119470 88 0 1788978398 586325
1 119508 67 0 1788978398 589168
1 119528 67 0 1788978398 590508
1 119537 53 0 1788978398 590979
1 119564 68 0 1788978398 592755
1 119568 57 0 1788978398 593020
1 119596 0 0 1788978398 595123
1 119606 58 0 1788978398 595761
1 119632 57 0 1788978398 597426
1 119662 80 0 1788978398 599278
1 119669 58 0 1788978398 599732
1 119684 56 0 1788978398 600602
1 119685 79 0 1788978398 600684
1 119696 73 0 1788978398 601374
1 119702 55 0 1788978398 601764
1 119704 59 0 1788978398 601880
1 119737 60 0 1788978398 604175
1 119754 59 0 1788978398 605216
1 119764 57 0 1788978398 605815
1 119790 59 0 1788978398 607583
1 119816 65 0 1788978398 609248
1 119826 102 0 1788978398 609998
1 119838 69 0 1788978398 610860
1 119858 74 0 1788978398 612247
1 119864 82 0 1788978398 612676
1 119875 68 0 1788978398 613532
1 119895 68 0 1788978398 615092
1 119928 54 0 1788978398 617290
1 119937 54 0 1788978398 617793
1 119948 54 0 1788978398 618392
1 119949 54 0 1788978398 618448
1 119951 54 0 1788978398 618559
1 119961 61 0 1788978398 619213
1 119983 57 0 1788978398 620566
1 119989 58 0 1788978398 620945
1 120003 63 0 1788978398 621825
1 120023 56 0 1788978398 623090
1 120032 65 0 1788978398 623636
1 120034 56 0 1788978398 623755
1 120038 70 0 1788978398 624053
1 120061 55 0 1788978398 625519
1 120062 55 0 1788978398 625578
1 120064 56 0 1788978398 625702
1 120088 60 0 1788978398 627168
1 120093 78 0 1788978398 627515
1 120094 73 0 1788978398 627593
1 120116 61 0 1788978398 629073
1 120138 54 0 1788978398 630367
1 120152 60 0 1788978398 631213
1 120163 65 0 1788978398 631902
1 120188 60 0 1788978398 633462
1 120193 61 0 1788978398 633794
1 120204 65 0 1788978398 634581
1 120206 71 0 1788978398 634756
1 120218 86 0 1788978398 635586
1 120226 61 0 1788978398 636146
1 120231 59 0 1788978398 636475
1 120234 71 0 1788978398 636669
1 120269 51 0 1788978398 638910
1 120294 66 0 1788978398 640778
1 120298 65 0 1788978398 641053
1 120333 70 0 1788978398 643917
1 120353 64 0 1788978398 645734
1 120373 77 0 1788978398 647293
1 120391 97 0 1788978398 648705
1 120393 73 0 1788978398 648860
1 120416 107 0 1788978398 650950
1 120428 75 0 1788978398 651962
1 120461 76 0 1788978398 654769
1 120471 73 0 1788978398 655542
1 120510 55 0 1788978398 658400
1 120570 72 0 1788978398 662760
1 120588 66 0 1788978398 664040
1 120605 70 0 1788978398 665217
1 120607 68 0 1788978398 665358
1 120612 65 0 1788978398 665729
1 120613 69 0 1788978398 665801
1 120618 57 0 1788978398 666146
1 120655 68 0 1788978398 668738
1 120672 58 0 1788978398 669880
1 120679 58 0 1788978398 670387
1 120690 69 0 1788978398 671074
1 120706 55 0 1788978398 672210
1 120715 70 0 1788978398 672762
1 120716 52 0 1788978398 672816
1 120754 55 0 1788978398 675108
1 120756 61 0 1788978398 675232
1 120770 64 0 1788978398 676147
1 120799 54 0 1788978398 677982
1 120849 61 0 1788978398 681073
1 120930 67 0 1788978398 686218
1 120949 68 0 1788978398 687575
1 120950 74 0 1788978398 687653
1 120963 75 0 1788978398 688652
1 120993 77 0 1788978398 690768
1 121000 59 0 1788978398 691184
1 121004 67 0 1788978398 691474
1 121037 82 0 1788978398 693675
1 121054 55 0 1788978398 694898
1 121058 54 0 1788978398 695121
1 121079 65 0 1788978398 696707
1 121114 49 0 1788978398 698740
1 121116 66 0 1788978398 698858
1 121145 52 0 1788978398 700535
1 121170 69 0 1788978398 702088
1 121196 56 0 1788978398 703607
1 121235 60 0 1788978398 705979
1 121237 61 0 1788978398 706102
1 121282 0 0 1788978398 708930
1 121333 57 0 1788978398 712687
1 121378 52 0 1788978398 715331
1 121393 57 0 1788978398 716228
1 121429 56 0 1788978398 718394
1 121430 58 0 1788978398 718454
1 121436 54 0 1788978398 718824
1 121449 85 0 1788978398 719660
1 121457 75 0 1788978398 720165
1 121471 56 0 1788978398 721002
1 121479 71 0 1788978398 721552
1 121506 74 0 1788978398 723585
1 121509 78 0 1788978398 723890
1 121543 58 0 1788978398 726406
1 121551 77 0 1788978398 727064
1 121568 63 0 1788978398 728312
1 121569 67 0 1788978398 728383
1 121589 77 0 1788978398 729810
1 121657 66 0 1788978398 734730
1 121692 64 0 1788978398 737221
1 121696 79 0 1788978398 737478
1 121699 64 0 1788978398 737702
1 121709 64 0 1788978398 738404
1 121737 65 0 1788978398 740315
1 121764 86 0 1788978398 742157
1 121773 56 0 1788978398 742794
1 121806 64 0 1788978398 744888
1 121826 52 0 1788978398 746178
1 121834 62 0 1788978398 746632
1 121841 61 0 1788978398 747050
1 121855 56 0 1788978398 747943
1 121925 60 0 1788978398 752417
1 121930 55 0 1788978398 752721
1 121936 66 0 1788978398 753080
1 121941 64 0 1788978398 753403
1 121960 64 0 1788978398 754546
1 121996 51 0 1788978398 756683
1 122007 74 0 1788978398 757371
1 122024 67 0 1788978398 758404
1 122037 62 0 1788978398 759272
1 122078 54 0 1788978398 761962
1 122082 56 0 1788978398 762193
1 122114 56 0 1788978398 764225
1 122115 57 0 1788978398 764283
1 122134 54 0 1788978398 765484
1 122156 51 0 1788978398 766753
1 122169 49 0 1788978398 767437
1 122209 56 0 1788978398 769806
1 122222 82 0 1788978398 770646
1 122274 63 0 1788978398 773909
1 122277 60 0 1788978398 774129
1 122302 72 0 1788978398 775829
1 122308 52 0 1788978398 776174
1 122318 54 0 1788978398 776805
1 122333 57 0 1788978398 777717
1 122375 54 0 1788978398 780340
1 122385 57 0 1788978398 780947
1 122405 66 0 1788978398 782261
1 122410 64 0 1788978398 782591
1 122413 66 0 1788978398 782817
1 122470 57 0 1788978398 786390
1 122512 56 0 1788978398 789007
1 122597 64 0 1788978398 794366
1 122619 65 0 1788978398 795774
1 122632 71 0 1788978398 796662
1 122743 54 0 1788978398 803706
1 122761 68 0 1788978398 804992
1 122766 55 0 1788978398 805278
1 122790 74 0 1788978398 806850
1 122834 58 0 1788978398 809731
1 122835 54 0 1788978398 809788
1 122885 57 0 1788978398 813016
1 122933 57 0 1788978398 815967
1 122945 55 0 1788978398 816754
1 122946 59 0 1788978398 816816
1 122947 54 0 1788978398 816872
1 122956 82 0 1788978398 817448
1 122962 55 0 1788978398 817842
1 122971 57 0 1788978398 818359
1 122980 55 0 1788978398 818892
1 122986 59 0 1788978398 819248
1 122988 54 0 1788978398 819361
1 122990 56 0 1788978398 819484
1 122992 54 0 1788978398 819597
1 123007 68 0 1788978398 820535
1 123042 53 0 1788978398 822778
1 123080 65 0 1788978398 825133
1 123093 56 0 1788978398 826049
1 123110 81 0 1788978398 827457
1 123112 90 0 1788978398 827632
1 123123 51 0 1788978398 828518
1 123144 45 0 1788978398 829835
1 123153 46 0 1788978398 830283
1 123154 59 0 1788978398 830344
1 123155 57 0 1788978398 830403
1 123162 55 0 1788978398 830820
1 123181 54 0 1788978398 831950
1 123191 58 0 1788978398 832568
1 123234 53 0 1788978398 835108
1 123248 72 0 1788978398 835892
1 123263 0 0 1788978398 836813
1 123267 68 0 1788978398 837232
1 123285 58 0 1788978398 838696
1 123318 68 0 1788978398 840934
1 123320 56 0 1788978398 841056
1 123367 94 0 1788978398 844699
1 123399 90 0 1788978398 847238
1 123434 71 0 1788978398 849825
1 123457 81 0 1788978398 851485
1 123459 97 0 1788978398 851655
1 123461 60 0 1788978398 851795
1 123517 71 0 1788978398 856132
1 123518 85 0 1788978398 856221
1 123537 75 0 1788978398 857862
1 123538 74 0 1788978398 857941
1 123573 97 0 1788978398 860798
1 123635 76 0 1788978398 865454
1 123645 65 0 1788978398 866304
1 123671 78 0 1788978398 868524
1 123672 112 0 1788978398 868640
1 123693 74 0 1788978398 870360
1 123718 84 0 1788978398 872353
1 123723 65 0 1788978398 872762
1 123734 117 0 1788978398 873687
1 123778 64 0 1788978398 876754
1 123783 72 0 1788978398 877135
1 123798 80 0 1788978398 878255
1 123801 76 0 1788978398 878465
1 123835 61 0 1788978398 880817
1 123846 65 0 1788978398 881535
1 123882 61 0 1788978398 883755
1 123892 58 0 1788978398 884362
1 123906 66 0 1788978398 885250
1 123911 60 0 1788978398 885558
1 123913 62 0 1788978398 885689
1 123926 58 0 1788978398 886465
1 123942 57 0 1788978398 887485
1 124009 84 0 1788978398 893029
1 124071 81 0 1788978398 898533
1 124077 89 0 1788978398 899048
1 124078 70 0 1788978398 899122
1 124107 60 0 1788978398 901019
1 124128 57 0 1788978398 902335
1 124177 58 0 1788978398 905414
1 124180 58 0 1788978398 905593
1 124186 58 0 1788978398 905965
1 124190 61 0 1788978398 906202
1 124191 63 0 1788978398 906267
1 124228 80 0 1788978398 908788
1 124241 80 0 1788978398 909649
1 124251 53 0 1788978398 910295
1 124255 64 0 1788978398 910559
1 124262 64 0 1788978398 911030
1 124307 63 0 1788978398 914208
1 124329 58 0 1788978398 915711
1 124335 56 0 1788978398 916071
1 124337 56 0 1788978398 916186
1 124372 58 0 1788978398 918337
1 124385 70 0 1788978398 919159
1 124394 59 0 1788978398 919740
1 124417 61 0 1788978398 921122
1 124418 68 0 1788978398 921194
1 124468 58 0 1788978398 924339
1 124473 73 0 1788978398 924646
1 124565 69 0 1788978398 930707
1 124627 58 0 1788978398 934528
1 124641 73 0 1788978398 935500
1 124646 75 0 1788978398 935833
1 124652 59 0 1788978398 936190
1 124660 62 0 1788978398 936711
1 124665 61 0 1788978398 936997
1 124690 70 0 1788978398 938706
1 124697 65 0 1788978398 939147
1 124710 65 0 1788978398 939978
1 124751 61 0 1788978398 942536
1 124765 59 0 1788978398 943336
1 124767 53 0 1788978398 943449
1 124775 55 0 1788978398 943876
1 124786 65 0 1788978398 944556
1 124791 64 0 1788978398 944952
1 124799 69 0 1788978398 945498
1 124832 61 0 1788978398 947775
1 124843 61 0 1788978398 948475
1 124851 80 0 1788978398 949001
1 124861 62 0 1788978398 949609
1 124876 92 0 1788978398 950700
1 124922 63 0 1788978398 953745
1 124927 72 0 1788978398 954065
1 124932 65 0 1788978398 954388
1 124938 69 0 1788978398 954855
1 124940 69 0 1788978398 955000
1 124948 60 0 1788978398 955512
1 124979 61 0 1788978398 957788
1 125008 72 0 1788978398 959714
1 125019 58 0 1788978398 960419
1 125059 54 0 1788978398 962988
1 125092 60 0 1788978398 965131
1 125116 86 0 1788978398 966867
1 125175 73 0 1788978398 971097
1 125176 63 0 1788978398 971162
1 125214 57 0 1788978398 973484
1 125215 57 0 1788978398 973543
1 125268 63 0 1788978398 977169
1 125281 65 0 1788978398 978057
1 125320 63 0 1788978398 980729
1 125366 154 0 1788978398 983873
1 125405 58 0 1788978398 986529
1 125421 59 0 1788978398 987602
1 125451 85 0 1788978398 990009
1 125483 72 0 1788978398 992362
1 125484 77 0 1788978398 992443
1 125492 64 0 1788978398 993043
1 125522 73 0 1788978398 995010
1 125588 72 0 1788978398 999498
1 125595 77 0 1788978399 200
1 125610 66 0 1788978399 1287
1 125639 0 0 1788978399 3936
1 125651 66 0 1788978399 4901
1 125665 67 0 1788978399 5759
1 125684 94 0 1788978399 7685
1 125689 129 0 1788978399 8479
1 125698 60 0 1788978399 9219
1 125700 65 0 1788978399 9362
1 125713 101 0 1788978399 10529
1 125723 59 0 1788978399 11234
1 125725 67 0 1788978399 11362
1 125733 61 0 1788978399 11877
1 125775 55 0 1788978399 14418
1 125779 67 0 1788978399 14658
1 125822 66 0 1788978399 17484
1 125856 62 0 1788978399 20015
1 125870 69 0 1788978399 21006
1 125906 57 0 1788978399 23334
1 125908 59 0 1788978399 23455
1 125953 65 0 1788978399 26443
1 125968 61 0 1788978399 27406
1 125970 58 0 1788978399 27527
1 126001 55 0 1788978399 29539
1 126036 66 0 1788978399 31922
1 126072 81 0 1788978399 34410
1 126074 80 0 1788978399 34570
1 126075 106 0 1788978399 34678
1 126094 68 0 1788978399 36057
1 126110 72 0 1788978399 37179
1 126130 63 0 1788978399 38723
1 126140 63 0 1788978399 39432
1 126178 68 0 1788978399 42098
1 126196 64 0 1788978399 43230
1 126210 86 0 1788978399 44191
1 126225 60 0 1788978399 45211
1 126243 58 0 1788978399 46367
1 126250 56 0 1788978399 46794
1 126255 79 0 1788978399 47276
1 126301 64 0 1788978399 50212
1 126329 56 0 1788978399 51969
1 126335 68 0 1788978399 52404
1 126345 58 0 1788978399 53026
1 126436 63 0 1788978399 58818
1 126509 57 0 1788978399 63459
1 126522 72 0 1788978399 64391
1 126529 70 0 1788978399 64887
1 126532 70 0 1788978399 65096
1 126562 58 0 1788978399 67023
1 126565 61 0 1788978399 67204
1 126585 61 0 1788978399 68589
1 126603 56 0 1788978399 69696
1 126635 57 0 1788978399 71657
1 126673 62 0 1788978399 74138
1 126684 74 0 1788978399 74933
1 126714 52 0 1788978399 77232
1 126732 67 0 1788978399 78312
1 126733 63 0 1788978399 78379
1 126780 56 0 1788978399 81457
1 126781 59 0 1788978399 81519
1 126826 59 0 1788978399 84407
1 126829 61 0 1788978399 84586
1 126836 68 0 1788978399 85063
1 126901 60 0 1788978399 89926
1 126950 60 0 1788978399 93111
1 126970 69 0 1788978399 94552
1 126982 64 0 1788978399 95435
1 126990 62 0 1788978399 96001
1 127002 64 0 1788978399 96714
1 127015 60 0 1788978399 97531
1 127037 57 0 1788978399 98990
1 127061 101 0 1788978399 100645
1 127070 70 0 1788978399 101235
1 127075 58 0 1788978399 101521
1 127088 62 0 1788978399 102401
1 127111 66 0 1788978399 104112
1 127170 91 0 1788978399 108041
1 127199 73 0 1788978399 110137
1 127201 75 0 1788978399 110349
1 127214 74 0 1788978399 111347
1 127248 122 0 1788978399 113700
1 127265 58 0 1788978399 114875
1 127297 64 0 1788978399 117403
1 127354 60 0 1788978399 121367
1 127361 69 0 1788978399 121872
1 127369 59 0 1788978399 122372
1 127440 63 0 1788978399 127082
1 127445 63 0 1788978399 127402
1 127483 83 0 1788978399 130472
1 127485 88 0 1788978399 130625
1 127506 90 0 1788978399 132422
1 127526 81 0 1788978399 134129
1 127538 83 0 1788978399 135192
1 127543 141 0 1788978399 135680
1 127553 70 0 1788978399 136581
1 127560 76 0 1788978399 137093
1 127585 85 0 1788978399 138999
1 127590 94 0 1788978399 139420
1 127601 64 0 1788978399 140288
1 127605 142 0 1788978399 140733
1 127621 77 0 1788978399 142027
1 127637 87 0 1788978399 143334
1 127640 82 0 1788978399 143587
1 127651 85 0 1788978399 144522
1 127654 93 0 1788978399 144795
1 127688 118 0 1788978399 147625
1 127705 116 0 1788978399 149038
1 127754 62 0 1788978399 152430
1 127814 78 0 1788978399 156981
1 127821 48 0 1788978399 157533
1 127845 89 0 1788978399 159380
1 127917 65 0 1788978399 165154
1 127939 91 0 1788978399 166823
1 127989 59 0 1788978399 170506
1 128016 60 0 1788978399 172403
1 128085 81 0 1788978399 177826
1 128125 64 0 1788978399 180479
1 128171 71 0 1788978399 183640
1 128209 65 0 1788978399 186137
1 128291 90 0 1788978399 192532
1 128328 66 0 1788978399 195173
1 128344 66 0 1788978399 196318
1 128345 68 0 1788978399 196390
1 128347 68 0 1788978399 196526
1 128380 61 0 1788978399 198834
1 128381 59 0 1788978399 198898
1 128385 65 0 1788978399 199157
1 128407 59 0 1788978399 200587
1 128412 60 0 1788978399 200936
1 128415 70 0 1788978399 201147
1 128443 85 0 1788978399 202997
1 128450 63 0 1788978399 203477
1 128458 82 0 1788978399 204032
1 128472 60 0 1788978399 204912
1 128475 62 0 1788978399 205102
1 128479 61 0 1788978399 205351
1 128489 64 0 1788978399 205976
1 128508 59 0 1788978399 207279
1 128519 54 0 1788978399 207953
1 128521 62 0 1788978399 208080
1 128529 56 0 1788978399 208535
1 128537 57 0 1788978399 209050
1 128557 62 0 1788978399 210539
1 128568 87 0 1788978399 211264
1 128569 111 0 1788978399 211379
1 128587 72 0 1788978399 212626
1 128617 67 0 1788978399 214813
1 128619 67 0 1788978399 214948
1 128620 67 0 1788978399 215018
1 128624 65 0 1788978399 215266
1 128639 68 0 1788978399 216330
1 128676 68 0 1788978399 218863
1 128686 62 0 1788978399 219522
1 128711 62 0 1788978399 221128
1 128736 66 0 1788978399 222717
1 128770 59 0 1788978399 225125
1 128781 57 0 1788978399 225786
1 128784 72 0 1788978399 226038
1 128788 63 0 1788978399 226329
1 128790 69 0 1788978399 226465
1 128813 74 0 1788978399 228247
1 128820 76 0 1788978399 228781
1 128837 79 0 1788978399 230258
1 128845 72 0 1788978399 230923
1 128878 74 0 1788978399 233853
1 128879 72 0 1788978399 233930
1 128896 63 0 1788978399 235095
1 128916 66 0 1788978399 236360
1 128942 56 0 1788978399 238028
1 128945 55 0 1788978399 238200
1 128949 54 0 1788978399 238432
1 128952 71 0 1788978399 238606
1 128989 58 0 1788978399 240912
1 129022 84 0 1788978399 243112
1 129062 82 0 1788978399 245732
1 129094 62 0 1788978399 247892
1 129106 98 0 1788978399 248686
1 129135 72 0 1788978399 250851
1 129142 62 0 1788978399 251261
1 129143 63 0 1788978399 251327
1 129149 75 0 1788978399 251780
1 129173 54 0 1788978399 253298
1 129178 54 0 1788978399 253575
1 129189 65 0 1788978399 254331
1 129217 80 0 1788978399 256219
1 129241 58 0 1788978399 257699
1 129291 67 0 1788978399 260968
1 129302 77 0 1788978399 261743
1 129369 81 0 1788978399 267016
1 129400 68 0 1788978399 269433
1 129408 85 0 1788978399 270074
1 129412 58 0 1788978399 270338
1 129413 61 0 1788978399 270401
1 129415 66 0 1788978399 270534
1 129419 56 0 1788978399 270805
1 129472 59 0 1788978399 274128
1 129513 74 0 1788978399 276683
1 129514 64 0 1788978399 276752
1 129525 67 0 1788978399 277440
1 129547 56 0 1788978399 278974
1 129583 58 0 1788978399 281123
1 129584 56 0 1788978399 281183
1 129593 59 0 1788978399 281788
1 129612 59 0 1788978399 283044
1 129616 61 0 1788978399 283313
1 129648 55 0 1788978399 285310
1 129654 64 0 1788978399 285664
1 129661 65 0 1788978399 286101
1 129696 56 0 1788978399 288259
1 129748 49 0 1788978399 291471
1 129754 48 0 1788978399 291824
1 129761 57 0 1788978399 292219
1 129790 70 0 1788978399 294304
1 129814 56 0 1788978399 296122
1 129855 79 0 1788978399 299162
1 129856 69 0 1788978399 299236
1 129877 113 0 1788978399 300771
1 129918 73 0 1788978399 303320
1 129921 70 0 1788978399 303548
1 129943 75 0 1788978399 305146
1 129966 59 0 1788978399 306564
1 129992 75 0 1788978399 308257
1 130085 88 0 1788978399 314694
1 130110 74 0 1788978399 316454
1 130122 78 0 1788978399 317425
1 130148 67 0 1788978399 319490
1 130156 74 0 1788978399 320140
1 130158 58 0 1788978399 320267
1 130165 72 0 1788978399 320837
1 130181 78 0 1788978399 322009
1 130184 73 0 1788978399 322228
1 130189 120 0 1788978399 322670
1 130191 69 0 1788978399 322826
1 130205 72 0 1788978399 324024
1 130234 109 0 1788978399 326264
1 130249 57 0 1788978399 327371
1 130277 72 0 1788978399 329405
1 130305 64 0 1788978399 331496
1 130334 128 0 1788978399 333715
1 130380 81 0 1788978399 337261
1 130391 61 0 1788978399 338062
1 130400 69 0 1788978399 338738
1 130406 61 0 1788978399 339142
1 130453 75 0 1788978399 342222
1 130455 89 0 1788978399 342442
1 130466 56 0 1788978399 343298
1 130477 58 0 1788978399 343965
1 130506 54 0 1788978399 345693
1 130547 55 0 1788978399 348200
1 130550 66 0 1788978399 348388
1 130590 86 0 1788978399 351383
1 130620 109 0 1788978399 353691
1 130674 63 0 1788978399 357505
1 130696 63 0 1788978399 359036
1 130697 59 0 1788978399 359100
1 130708 60 0 1788978399 359859
1 130726 86 0 1788978399 361402
1 130739 57 0 1788978399 362219
1 130792 59 0 1788978399 365445
1 130815 68 0 1788978399 366872
1 130819 72 0 1788978399 367135
1 130953 72 0 1788978399 375533
1 130961 59 0 1788978399 376140
1 130994 74 0 1788978399 378306
1 131047 56 0 1788978399 381597
1 131086 62 0 1788978399 384060
1 131117 85 0 1788978399 386303
1 131135 73 0 1788978399 387421
1 131162 65 0 1788978399 389201
1 131180 59 0 1788978399 390363
1 131191 57 0 1788978399 391021
1 131270 70 0 1788978399 395881
1 131293 82 0 1788978399 397726
1 131317 66 0 1788978399 399163
1 131357 57 0 1788978399 401823
1 131383 59 0 1788978399 403473
1 131408 73 0 1788978399 405230
1 131409 67 0 1788978399 405302
1 131428 62 0 1788978399 406543
1 131443 58 0 1788978399 407593
1 131446 63 0 1788978399 407802
1 131480 55 0 1788978399 410070
1 131485 88 0 1788978399 410402
1 131522 64 0 1788978399 412954
1 131524 62 0 1788978399 413076
1 131534 59 0 1788978399 413702
1 131542 67 0 1788978399 414185
1 131551 62 0 1788978399 414747
1 131561 58 0 1788978399 415376
1 131579 67 0 1788978399 416563
1 131584 63 0 1788978399 416897
1 131601 61 0 1788978399 417926
1 131608 61 0 1788978399 418373
1 131612 88 0 1788978399 418665
1 131620 57 0 1788978399 419192
1 131755 71 0 1788978399 428124
1 131772 104 0 1788978399 429674
1 131786 56 0 1788978399 430580
1 131805 57 0 1788978399 431698
1 131814 78 0 1788978399 432253
1 131897 82 0 1788978399 438109
1 131908 78 0 1788978399 438858
1 131914 113 0 1788978399 439430
1 131962 62 0 1788978399 442859
1 131994 68 0 1788978399 444894
1 132005 72 0 1788978399 445642
1 132007 66 0 1788978399 445776
1 132045 79 0 1788978399 448417
1 132051 62 0 1788978399 448878
1 132053 55 0 1788978399 448993
1 132057 58 0 1788978399 449258
1 132086 68 0 1788978399 451243
1 132088 63 0 1788978399 451379
1 132102 66 0 1788978399 452367
1 132129 63 0 1788978399 454222
1 132135 63 0 1788978399 454632
1 132141 61 0 1788978399 454993
1 132165 71 0 1788978399 456490
1 132183 80 0 1788978399 457662
1 132190 59 0 1788978399 458096
1 132265 60 0 1788978399 463029
1 132284 61 0 1788978399 464249
1 132288 63 0 1788978399 464536
1 132302 58 0 1788978399 465427
1 132328 58 0 1788978399 467015
1 132330 57 0 1788978399 467133
1 132390 56 0 1788978399 470889
1 132463 59 0 1788978399 475474
1 132471 59 0 1788978399 475955
1 132507 67 0 1788978399 478713
1 132517 75 0 1788978399 479566
1 132556 62 0 1788978399 482464
1 132588 73 0 1788978399 484630
1 132668 110 0 1788978399 490390
1 132688 86 0 1788978399 492036
1 132696 99 0 1788978399 492653
1 132716 65 0 1788978399 494111
1 132728 70 0 1788978399 494975
1 132775 96 0 1788978399 498553
1 132805 95 0 1788978399 501625
1 132855 69 0 1788978399 505345
1 132867 69 0 1788978399 506159
1 132912 70 0 1788978399 509877
1 132918 72 0 1788978399 510320
1 132927 71 0 1788978399 510988
1 132931 134 0 1788978399 511328
1 132936 72 0 1788978399 511739
1 132951 68 0 1788978399 512787
1 132960 65 0 1788978399 513530
1 132977 65 0 1788978399 514749
1 132978 66 0 1788978399 514819
1 133000 49 0 1788978399 516149
1 133029 143 0 1788978399 517994
1 133038 72 0 1788978399 518610
1 133049 61 0 1788978399 519403
1 133051 72 0 1788978399 519565
1 133057 54 0 1788978399 519934
1 133076 58 0 1788978399 521240
1 133093 59 0 1788978399 522381
1 133096 64 0 1788978399 522576
1 133116 58 0 1788978399 524068
1 133130 76 0 1788978399 525066
1 133151 60 0 1788978399 526545
1 133173 72 0 1788978399 528094
1 133193 72 0 1788978399 529461
1 133241 87 0 1788978399 533098
1 133292 65 0 1788978399 536822
1 133293 66 0 1788978399 536892
1 133302 55 0 1788978399 537430
1 133309 54 0 1788978399 537841
1 133340 58 0 1788978399 539882
1 133367 79 0 1788978399 541741
1 133368 70 0 1788978399 541815
1 133397 58 0 1788978399 543887
1 133459 69 0 1788978399 548013
1 133460 89 0 1788978399 548106
1 133497 56 0 1788978399 550411
1 133526 55 0 1788978399 552261
1 133536 55 0 1788978399 552867
1 133552 55 0 1788978399 553797
1 133553 56 0 1788978399 553857
1 133568 66 0 1788978399 554883
1 133648 71 0 1788978399 559573
1 133690 57 0 1788978399 562386
1 133701 59 0 1788978399 563048
1 133740 58 0 1788978399 565562
1 133784 67 0 1788978399 568340
1 133800 67 0 1788978399 569529
1 133813 57 0 1788978399 570341
1 133858 62 0 1788978399 573518
1 133864 56 0 1788978399 573904
1 133899 58 0 1788978399 576371
1 133907 58 0 1788978399 576882
1 133922 62 0 1788978399 577852
1 133950 79 0 1788978399 579759
1 133986 58 0 1788978399 582102
1 134028 96 0 1788978399 584692
1 134057 85 0 1788978399 586676
1 134067 60 0 1788978399 587332
1 134080 59 0 1788978399 588196
1 134085 59 0 1788978399 588481
1 134104 62 0 1788978399 589795
1 134125 59 0 1788978399 591172
1 134152 64 0 1788978399 593060
1 134221 58 0 1788978399 598736
1 134236 82 0 1788978399 599667
1 134246 63 0 1788978399 600386
1 134252 62 0 1788978399 601154
1 134274 62 0 1788978399 602948
1 134284 84 0 1788978399 603769
1 134288 66 0 1788978399 604063
1 134359 71 0 1788978399 608792
1 134378 56 0 1788978399 610040
1 134408 0 0 1788978399 612336
1 134423 68 0 1788978399 613332
1 134424 81 0 1788978399 613417
1 134510 57 0 1788978399 619560
1 134519 68 0 1788978399 620157
1 134525 63 0 1788978399 620549
1 134537 67 0 1788978399 621407
1 134547 63 0 1788978399 622195
1 134557 87 0 1788978399 622887
1 134574 59 0 1788978399 623954
1 134598 57 0 1788978399 625439
1 134615 66 0 1788978399 626504
1 134635 66 0 1788978399 627894
1 134657 83 0 1788978399 629450
1 134665 60 0 1788978399 629982
1 134669 60 0 1788978399 630224
1 134715 67 0 1788978399 633286
1 134716 63 0 1788978399 633352
1 134798 57 0 1788978399 639232
1 134839 71 0 1788978399 642069
1 134870 62 0 1788978399 644368
1 134902 57 0 1788978399 646492
1 134931 57 0 1788978399 648279
1 134960 78 0 1788978399 650817
1 135000 61 0 1788978399 653595
1 135013 65 0 1788978399 654490
1 135025 54 0 1788978399 655347
1 135035 63 0 1788978399 655971
1 135051 66 0 1788978399 656970
1 135053 91 0 1788978399 657138
1 135064 67 0 1788978399 657893
1 135067 71 0 1788978399 658133
1 135093 67 0 1788978399 660008
1 135110 55 0 1788978399 661236
1 135255 78 0 1788978399 670471
1 135256 78 0 1788978399 670553
1 135268 82 0 1788978399 671522
1 135277 71 0 1788978399 672183
1 135282 60 0 1788978399 672511
1 135289 68 0 1788978399 672955
1 135330 66 0 1788978399 675811
1 135338 68 0 1788978399 676368
1 135370 81 0 1788978399 678840
1 135376 81 0 1788978399 679328
1 135490 65 0 1788978399 688402
1 135498 63 0 1788978399 688970
1 135501 65 0 1788978399 689191
1 135502 67 0 1788978399 689261
1 135517 86 0 1788978399 690205
1 135591 63 0 1788978399 696180
1 135602 55 0 1788978399 696895
1 135643 61 0 1788978399 699457
1 135710 64 0 1788978399 704700
1 135751 69 0 1788978399 707444
1 135758 67 0 1788978399 708001
1 135765 58 0 1788978399 708421
1 135779 57 0 1788978399 709360
1 135816 72 0 1788978399 711731
1 135848 50 0 1788978399 713573
1 135852 55 0 1788978399 713815
1 135854 54 0 1788978399 713930
1 135864 55 0 1788978399 714484
1 135891 70 0 1788978399 716311
1 135892 64 0 1788978399 716378
1 135927 71 0 1788978399 718808
1 135929 68 0 1788978399 718947
1 135930 69 0 1788978399 719018
1 135939 47 0 1788978399 719545
1 135941 111 0 1788978399 719707
1 135982 67 0 1788978399 721726
1 135987 45 0 1788978399 721969
1 135993 48 0 1788978399 722264
1 136030 63 0 1788978399 724434
1 136036 60 0 1788978399 724824
1 136045 89 0 1788978399 725433
1 136084 55 0 1788978399 728117
1 136112 59 0 1788978399 730024
1 136145 74 0 1788978399 732304
1 136154 59 0 1788978399 732931
1 136168 58 0 1788978399 733876
1 136181 69 0 1788978399 734770
1 136184 65 0 1788978399 734979
1 136217 56 0 1788978399 737077
1 136228 69 0 1788978399 737830
1 136257 65 0 1788978399 739821
1 136310 67 0 1788978399 743716
1 136317 66 0 1788978399 744172
1 136323 68 0 1788978399 744576
1 136345 65 0 1788978399 746059
1 136364 65 0 1788978399 747377
1 136373 94 0 1788978399 748088
1 136380 69 0 1788978399 748610
1 136406 68 0 1788978399 750491
1 136410 81 0 1788978399 750804
1 136500 59 0 1788978399 756884
1 136534 73 0 1788978399 759348
1 136647 54 0 1788978399 767009
1 136660 64 0 1788978399 767895
1 136664 62 0 1788978399 768178
1 136667 63 0 1788978399 768365
1 136707 72 0 1788978399 771078
1 136709 67 0 1788978399 771212
1 136721 59 0 1788978399 772029
1 136726 68 0 1788978399 772352
1 136734 73 0 1788978399 772924
1 136737 58 0 1788978399 773125
1 136757 91 0 1788978399 774512
1 136868 55 0 1788978399 781746
1 136873 75 0 1788978399 782091
1 136920 76 0 1788978399 785095
1 136929 73 0 1788978399 785776
1 136937 51 0 1788978399 786248
1 136941 59 0 1788978399 786472
1 136954 62 0 1788978399 787237
1 136969 58 0 1788978399 788161
1 136997 63 0 1788978399 789977
1 137054 78 0 1788978399 793594
1 137078 63 0 1788978399 795193
1 137102 69 0 1788978399 796759
1 137126 57 0 1788978399 798291
1 137129 75 0 1788978399 798495
1 137189 61 0 1788978399 802455
1 137192 81 0 1788978399 802689
1 137201 72 0 1788978399 803290
1 137207 58 0 1788978399 803698
1 137256 88 0 1788978399 807272
1 137298 84 0 1788978399 809942
1 137312 80 0 1788978399 810953
1 137383 65 0 1788978399 816144
1 137419 0 0 1788978399 818592
1 137423 77 0 1788978399 818920
1 137446 77 0 1788978399 820801
1 137477 71 0 1788978399 823231
1 137500 68 0 1788978399 825028
1 137548 99 0 1788978399 828769
1 137573 71 0 1788978399 831013
1 137574 82 0 1788978399 831102
1 137575 85 0 1788978399 831192
1 137577 76 0 1788978399 831360
1 137612 66 0 1788978399 834113
1 137620 104 0 1788978399 834742
1 137679 121 0 1788978399 839644
1 137812 70 0 1788978399 851130
1 137899 259 0 1788978399 858668
1 137917 88 0 1788978399 861473
1 137940 97 0 1788978399 863728
1 137980 92 0 1788978399 867760
1 137981 83 0 1788978399 867847
1 138006 67 0 1788978399 870256
1 138010 66 0 1788978399 870527
1 138041 79 0 1788978399 873359
1 138042 88 0 1788978399 873453
1 138083 482 0 1788978399 877966
1 138102 94 0 1788978399 879743
1 138106 83 0 1788978399 880057
1 138128 82 0 1788978399 882085
1 138134 101 0 1788978399 882574
1 138159 81 0 1788978399 884604
1 138165 71 0 1788978399 885141
1 138215 84 0 1788978399 889285
1 138244 93 0 1788978399 891451
1 138339 64 0 1788978399 903170
1 138353 79 0 1788978399 904200
1 138374 80 0 1788978399 906007
1 138386 79 0 1788978399 906972
1 138411 75 0 1788978399 909158
1 138422 80 0 1788978399 910093
1 138429 95 0 1788978399 910664
1 138446 77 0 1788978399 912104
1 138453 110 0 1788978399 912713
1 138456 67 0 1788978399 912942
1 138469 65 0 1788978399 913841
1 138505 86 0 1788978399 917788
1 138511 66 0 1788978399 918214
1 138515 82 0 1788978399 918512
1 138534 57 0 1788978399 920096
1 138540 61 0 1788978399 920589
1 138548 71 0 1788978399 921250
1 138551 74 0 1788978399 921483
1 138559 67 0 1788978399 922132
1 138585 73 0 1788978399 924388
1 138592 94 0 1788978399 924979
1 138603 83 0 1788978399 925908
1 138608 71 0 1788978399 926320
1 138622 83 0 1788978399 927388
1 138651 84 0 1788978399 929650
1 138695 87 0 1788978399 933091
1 138699 61 0 1788978399 933392
1 138709 72 0 1788978399 934138
1 138716 95 0 1788978399 934661
1 138724 68 0 1788978399 935196
1 138749 66 0 1788978399 936990
1 138773 62 0 1788978399 938927
1 138789 78 0 1788978399 940104
1 138792 107 0 1788978399 940363
1 138794 68 0 1788978399 940510
1 138816 67 0 1788978399 942261
1 138823 74 0 1788978399 942787
1 138848 109 0 1788978399 944654
1 138854 74 0 1788978399 945112
1 138870 69 0 1788978399 946268
1 138896 74 0 1788978399 948257
1 138899 76 0 1788978399 948477
1 138909 85 0 1788978399 949322
1 138911 78 0 1788978399 949488
1 138945 69 0 1788978399 952148
1 138949 83 0 1788978399 952464
1 138954 89 0 1788978399 952850
1 138995 79 0 1788978399 956196
1 139036 65 0 1788978399 959389
1 139053 65 0 1788978399 960771
1 139070 62 0 1788978399 962066
1 139076 83 0 1788978399 962531
1 139119 70 0 1788978399 965974
1 139123 78 0 1788978399 966294
1 139128 97 0 1788978399 966679
1 139131 79 0 1788978399 966948
1 139154 70 0 1788978399 968706
1 139159 80 0 1788978399 969080
1 139165 77 0 1788978399 969520
1 139176 84 0 1788978399 970439
1 139190 97 0 1788978399 971554
1 139207 74 0 1788978399 973083
1 139211 75 0 1788978399 973410
1 139225 80 0 1788978399 974572
1 139254 94 0 1788978399 977216
1 139275 88 0 1788978399 979102
1 139320 83 0 1788978399 982702
1 139361 83 0 1788978399 986179
1 139400 76 0 1788978399 989018
1 139441 57 0 1788978399 992281
1 139443 77 0 1788978399 992441
1 139460 78 0 1788978399 993817
1 139489 74 0 1788978399 996293
1 139517 89 0 1788978399 998436
1 139573 110 0 1788978400 2698
1 139574 72 0 1788978400 2773
1 139582 79 0 1788978400 3458
1 139610 83 0 1788978400 5853
1 139632 81 0 1788978400 7817
1 139634 82 0 1788978400 7983
1 139640 94 0 1788978400 8501
1 139649 93 0 1788978400 9450
1 139674 76 0 1788978400 11852
1 139685 101 0 1788978400 12681
1 139779 71 0 1788978400 20129
1 139786 84 0 1788978400 20742
1 139794 85 0 1788978400 21413
1 139815 70 0 1788978400 22976
1 139816 67 0 1788978400 23048
1 139821 59 0 1788978400 23397
1 139823 77 0 1788978400 23545
1 139830 63 0 1788978400 24061
1 139867 72 0 1788978400 26742
1 139880 76 0 1788978400 27640
1 139898 70 0 1788978400 28877
1 139903 73 0 1788978400 29225
1 139904 76 0 1788978400 29306
1 139905 82 0 1788978400 29391
1 139920 74 0 1788978400 30549
1 139926 57 0 1788978400 31037
1 139933 59 0 1788978400 31490
1 139953 68 0 1788978400 32893
1 139954 68 0 1788978400 32965
1 140001 75 0 1788978400 36711
1 140018 73 0 1788978400 38026
1 140108 67 0 1788978400 44495
1 140119 85 0 1788978400 45462
1 140131 85 0 1788978400 46389
1 140148 60 0 1788978400 47574
1 140161 73 0 1788978400 48610
1 140223 62 0 1788978400 53419
1 140233 80 0 1788978400 54187
1 140254 89 0 1788978400 55799
1 140260 133 0 1788978400 56438
1 140281 67 0 1788978400 58104
1 140293 71 0 1788978400 59588
1 140296 67 0 1788978400 59819
1 140368 63 0 1788978400 65309
1 140401 73 0 1788978400 67896
1 140426 64 0 1788978400 69759
1 140435 78 0 1788978400 70416
1 140444 72 0 1788978400 71155
1 140445 68 0 1788978400 71227
1 140464 69 0 1788978400 72552
1 140466 68 0 1788978400 72706
1 140482 71 0 1788978400 73770
1 140500 64 0 1788978400 75114
1 140506 55 0 1788978400 75463
1 140509 64 0 1788978400 75656
1 140518 67 0 1788978400 76282
1 140522 115 0 1788978400 76658
1 140537 66 0 1788978400 77748
1 140562 80 0 1788978400 79445
1 140563 78 0 1788978400 79527
1 140586 68 0 1788978400 81199
1 140590 71 0 1788978400 81493
1 140653 88 0 1788978400 86096
1 140657 89 0 1788978400 86383
1 140673 62 0 1788978400 87502
1 140677 63 0 1788978400 87776
1 140712 76 0 1788978400 90213
1 140784 118 0 1788978400 95726
1 140816 93 0 1788978400 98251
1 140826 69 0 1788978400 99173
1 140837 72 0 1788978400 99978
1 140844 68 0 1788978400 100519
1 140853 67 0 1788978400 101177
1 140869 66 0 1788978400 102308
1 140889 73 0 1788978400 103942
1 140897 92 0 1788978400 104595
1 140902 81 0 1788978400 105011
1 140907 82 0 1788978400 105401
1 140913 89 0 1788978400 105962
1 140927 108 0 1788978400 107046
1 140937 71 0 1788978400 107844
1 140975 91 0 1788978400 110670
1 140976 65 0 1788978400 110739
1 140998 62 0 1788978400 112292
1 141085 79 0 1788978400 118469
1 141086 68 0 1788978400 118540
1 141098 93 0 1788978400 119565
1 141099 108 0 1788978400 119678
1 141110 58 0 1788978400 120368
1 141135 58 0 1788978400 121859
1 141137 53 0 1788978400 121969
1 141149 79 0 1788978400 122662
1 141151 59 0 1788978400 122783
1 141153 70 0 1788978400 122926
1 141186 81 0 1788978400 125443
1 141189 94 0 1788978400 125679
1 141200 67 0 1788978400 126479
1 141255 79 0 1788978400 130349
1 141272 67 0 1788978400 131560
1 141275 62 0 1788978400 131796
1 141301 65 0 1788978400 133909
1 141309 70 0 1788978400 134486
1 141342 81 0 1788978400 137431
1 141347 78 0 1788978400 137826
1 141355 60 0 1788978400 138378
1 141409 69 0 1788978400 142461
1 141415 65 0 1788978400 142913
1 141433 74 0 1788978400 144252
1 141473 83 0 1788978400 147208
1 141492 110 0 1788978400 148678
1 141532 64 0 1788978400 151898
1 141547 59 0 1788978400 152956
1 141551 65 0 1788978400 153242
1 141593 54 0 1788978400 156251
1 141617 64 0 1788978400 158019
1 141619 85 0 1788978400 158193
1 141626 73 0 1788978400 158701
1 141656 63 0 1788978400 161018
1 141666 63 0 1788978400 161752
1 141689 68 0 1788978400 163416
1 141694 86 0 1788978400 163817
1 141702 62 0 1788978400 164361
1 141730 57 0 1788978400 166354
1 141739 79 0 1788978400 167086
1 141746 97 0 1788978400 167649
1 141757 70 0 1788978400 168421
1 141776 68 0 1788978400 170010
1 141781 0 0 1788978400 170427
1 141796 85 0 1788978400 171644
1 141798 93 0 1788978400 171817
1 141819 68 0 1788978400 173523
1 141837 76 0 1788978400 174937
1 141863 71 0 1788978400 176961
1 141879 68 0 1788978400 178126
1 141908 76 0 1788978400 180374
1 141928 72 0 1788978400 181809
1 141942 77 0 1788978400 182796
1 141951 83 0 1788978400 183552
1 141960 64 0 1788978400 184195
1 141974 78 0 1788978400 185312
1 141980 71 0 1788978400 185808
1 142011 76 0 1788978400 188232
1 142013 71 0 1788978400 188398
1 142069 74 0 1788978400 192450
1 142095 86 0 1788978400 194860
1 142099 68 0 1788978400 195151
1 142133 69 0 1788978400 197605
1 142145 69 0 1788978400 198470
1 142173 78 0 1788978400 200787
1 142189 75 0 1788978400 201939
1 142207 69 0 1788978400 203253
1 142224 69 0 1788978400 204370
1 142228 74 0 1788978400 204654
1 142234 68 0 1788978400 205068
1 142243 72 0 1788978400 205705
1 142244 70 0 1788978400 205778
1 142265 74 0 1788978400 207287
1 142281 88 0 1788978400 208545
1 142345 63 0 1788978400 213416
1 142358 58 0 1788978400 214282
1 142386 67 0 1788978400 216259
1 142436 59 0 1788978400 219866
1 142447 73 0 1788978400 220669
1 142457 68 0 1788978400 221401
1 142470 65 0 1788978400 222426
1 142472 64 0 1788978400 222561
1 142485 79 0 1788978400 223638
1 142513 92 0 1788978400 225974
1 142515 86 0 1788978400 226142
1 142532 78 0 1788978400 227480
1 142576 85 0 1788978400 230822
1 142594 65 0 1788978400 232159
1 142602 79 0 1788978400 232749
1 142604 95 0 1788978400 232919
1 142615 93 0 1788978400 233834
1 142624 63 0 1788978400 234475
1 142646 65 0 1788978400 236077
1 142649 68 0 1788978400 236280
1 142657 68 0 1788978400 236806
1 142661 68 0 1788978400 237079
1 142671 77 0 1788978400 237766
1 142696 95 0 1788978400 239658
1 142705 77 0 1788978400 240326
1 142713 92 0 1788978400 240987
1 142738 75 0 1788978400 243001
1 142748 77 0 1788978400 243686
1 142767 63 0 1788978400 244957
1 142775 80 0 1788978400 245548
1 142791 83 0 1788978400 246756
1 142803 68 0 1788978400 247541
1 142807 67 0 1788978400 247986
1 142835 162 0 1788978400 250216
1 142855 75 0 1788978400 252044
1 142869 0 0 1788978400 253305
1 142886 68 0 1788978400 254851
1 142912 79 0 1788978400 256817
1 142954 85 0 1788978400 259992
1 142959 67 0 1788978400 260365
1 142977 81 0 1788978400 261772
1 142980 79 0 1788978400 262001
1 142995 91 0 1788978400 263425
1 142997 109 0 1788978400 263644
1 143044 71 0 1788978400 268159
1 143045 75 0 1788978400 268237
1 143053 59 0 1788978400 268812
1 143073 61 0 1788978400 270254
1 143088 71 0 1788978400 271303
1 143138 71 0 1788978400 275238
1 143144 78 0 1788978400 275667
1 143164 68 0 1788978400 277130
1 143196 77 0 1788978400 279652
1 143203 56 0 1788978400 280177
1 143225 66 0 1788978400 281920
1 143248 89 0 1788978400 283759
1 143271 75 0 1788978400 285488
1 143278 61 0 1788978400 285964
1 143279 61 0 1788978400 286028
1 143287 78 0 1788978400 286607
1 143289 79 0 1788978400 286796
1 143304 75 0 1788978400 287978
1 143351 89 0 1788978400 291589
1 143358 81 0 1788978400 292177
1 143362 79 0 1788978400 292492
1 143366 71 0 1788978400 292959
1 143398 65 0 1788978400 295268
1 143414 68 0 1788978400 296412
1 143424 69 0 1788978400 297199
1 143442 76 0 1788978400 298739
1 143444 81 0 1788978400 298919
1 143514 79 0 1788978400 304971
1 143530 64 0 1788978400 306164
1 143557 93 0 1788978400 308548
1 143563 68 0 1788978400 309008
1 143578 65 0 1788978400 310154
1 143603 65 0 1788978400 312349
1 143630 76 0 1788978400 314414
1 143636 90 0 1788978400 314952
1 143639 76 0 1788978400 315204
1 143675 84 0 1788978400 318183
1 143710 85 0 1788978400 321461
1 143717 66 0 1788978400 322066
1 143719 91 0 1788978400 322231
1 143724 101 0 1788978400 322698
1 143726 91 0 1788978400 322881
1 143731 88 0 1788978400 323328
1 143762 64 0 1788978400 325610
1 143763 82 0 1788978400 325705
1 143795 64 0 1788978400 327960
1 143827 80 0 1788978400 330460
1 143857 84 0 1788978400 334228
1 143872 104 0 1788978400 335565
1 143873 96 0 1788978400 335667
1 143891 134 0 1788978400 337679
1 143892 89 0 1788978400 337774
1 143897 94 0 1788978400 338208
1 143921 118 0 1788978400 340423
1 143937 98 0 1788978400 341839
1 143946 73 0 1788978400 342609
1 143995 69 0 1788978400 346420
1 144021 66 0 1788978400 348403
1 144044 67 0 1788978400 350132
1 144051 109 0 1788978400 350647
1 144065 103 0 1788978400 351838
1 144077 84 0 1788978400 352960
1 144093 98 0 1788978400 354447
1 144102 96 0 1788978400 355147
1 144106 108 0 1788978400 355469
1 144113 77 0 1788978400 356040
1 144128 62 0 1788978400 357221
1 144156 77 0 1788978400 359444
1 144160 67 0 1788978400 359827
1 144176 90 0 1788978400 361082
1 144182 75 0 1788978400 361520
1 144189 95 0 1788978400 362187
1 144199 103 0 1788978400 363171
1 144201 84 0 1788978400 363356
1 144222 69 0 1788978400 364874
1 144228 70 0 1788978400 365291
1 144281 72 0 1788978400 369149
1 144290 70 0 1788978400 369803
1 144295 89 0 1788978400 370167
1 144318 65 0 1788978400 371842
1 144331 76 0 1788978400 372881
1 144339 65 0 1788978400 373460
1 144341 127 0 1788978400 373694
1 144404 71 0 1788978400 378502
1 144409 76 0 1788978400 378896
1 144485 68 0 1788978400 384490
1 144501 68 0 1788978400 385586
1 144539 66 0 1788978400 388396
1 144545 65 0 1788978400 388826
1 144547 68 0 1788978400 388968
1 144570 78 0 1788978400 390734
1 144594 64 0 1788978400 392476
1 144610 110 0 1788978400 393699
1 144659 147 0 1788978400 397393
1 144689 84 0 1788978400 399581
1 144730 60 0 1788978400 402727
1 144736 55 0 1788978400 403092
1 144737 63 0 1788978400 403158
1 144747 93 0 1788978400 403897
1 144785 96 0 1788978400 406669
1 144839 80 0 1788978400 410713
1 144841 89 0 1788978400 410888
1 144845 85 0 1788978400 411194
1 144864 68 0 1788978400 412555
1 144891 70 0 1788978400 414752
1 144911 68 0 1788978400 416331
1 144985 75 0 1788978400 422459
1 144993 67 0 1788978400 423072
1 145020 79 0 1788978400 425079
1 145033 65 0 1788978400 426025
1 145057 91 0 1788978400 428048
1 145105 87 0 1788978400 432139
1 145106 88 0 1788978400 432232
1 145120 72 0 1788978400 433319
1 145128 74 0 1788978400 433955
1 145131 84 0 1788978400 434194
1 145200 84 0 1788978400 439865
1 145221 101 0 1788978400 441694
1 145240 75 0 1788978400 443282
1 145248 114 0 1788978400 444006
1 145250 83 0 1788978400 444188
1 145263 89 0 1788978400 445358
1 145307 83 0 1788978400 449246
1 145320 74 0 1788978400 450377
1 145343 102 0 1788978400 452456
1 145358 79 0 1788978400 453745
1 145373 99 0 1788978400 455121
1 145378 344 0 1788978400 455846
1 145414 80 0 1788978400 460375
1 145424 64 0 1788978400 461230
1 145442 121 0 1788978400 463184
1 145499 67 0 1788978400 468288
1 145607 69 0 1788978400 477395
1 145615 71 0 1788978400 478056
1 145617 109 0 1788978400 478270
1 145629 84 0 1788978400 479281
1 145633 132 0 1788978400 479606
1 145696 91 0 1788978400 484956
1 145710 84 0 1788978400 486086
1 145714 98 0 1788978400 486453
1 145720 0 0 1788978400 486947
1 145746 82 0 1788978400 489207
1 145747 94 0 1788978400 489306
1 145765 110 0 1788978400 490852
1 145774 74 0 1788978400 491576
1 145784 115 0 1788978400 492716
1 145803 99 0 1788978400 494363
1 145812 87 0 1788978400 495135
1 145837 69 0 1788978400 496791
1 145842 62 0 1788978400 497095
1 145903 93 0 1788978400 501331
1 145907 113 0 1788978400 501665
1 145924 89 0 1788978400 502896
1 145935 86 0 1788978400 503792
1 145950 81 0 1788978400 505001
1 145985 86 0 1788978400 508146
1 145993 95 0 1788978400 508840
1 145995 82 0 1788978400 509000
1 145997 76 0 1788978400 509158
1 146009 74 0 1788978400 510141
1 146030 110 0 1788978400 511884
1 146039 117 0 1788978400 512673
1 146054 98 0 1788978400 514164
1 146098 0 0 1788978400 518076
1 146106 0 0 1788978400 518762
1 146107 0 0 1788978400 518850
1 146108 82 0 1788978400 518934
1 146121 116 0 1788978400 520472
1 146182 87 0 1788978400 526040
1 146187 82 0 1788978400 526458
1 146213 75 0 1788978400 528669
1 146220 75 0 1788978400 529260
1 146226 102 0 1788978400 529810
1 146235 134 0 1788978400 530617
1 146252 87 0 1788978400 532265
1 146253 91 0 1788978400 532360
1 146300 68 0 1788978400 536371
1 146343 85 0 1788978400 540279
1 146367 71 0 1788978400 542519
1 146386 103 0 1788978400 544131
1 146390 77 0 1788978400 544488
1 146484 78 0 1788978400 553347
1 146504 112 0 1788978400 555218
1 146513 103 0 1788978400 555969
1 146515 79 0 1788978400 556138
1 146554 90 0 1788978400 559504
1 146591 80 0 1788978400 563084
1 146593 91 0 1788978400 563269
1 146594 74 0 1788978400 563346
2 25 229 0 1788978390 581083
2 32 241 0 1788978390 582742
2 36 52 0 1788978390 583180
2 120 66 0 1788978390 590174
2 147 0 0 1788978390 592023
2 215 59 0 1788978390 596345
2 221 73 0 1788978390 596776
2 224 72 0 1788978390 596996
2 267 72 0 1788978390 600127
2 273 71 0 1788978390 600561
2 311 68 0 1788978390 603236
2 312 69 0 1788978390 603308
2 333 67 0 1788978390 604695
2 356 47 0 1788978390 606144
2 365 88 0 1788978390 606692
2 368 74 0 1788978390 606872
2 385 71 0 1788978390 608028
2 400 69 0 1788978390 609066
2 409 71 0 1788978390 609656
2 431 62 0 1788978390 611735
2 460 67 0 1788978390 613597
2 470 73 0 1788978390 614398
2 530 76 0 1788978390 618906
2 561 54 0 1788978390 621196
2 584 68 0 1788978390 622755
2 586 52 0 1788978390 622866
2 598 72 0 1788978390 623650
2 605 59 0 1788978390 624074
2 621 48 0 1788978390 624751
2 629 52 0 1788978390 625155
2 644 59 0 1788978390 625923
2 653 42 0 1788978390 626295
2 655 60 0 1788978390 626418
2 659 64 0 1788978390 626656
2 687 58 0 1788978390 628529
2 691 59 0 1788978390 628776
2 692 57 0 1788978390 628836
2 695 66 0 1788978390 629042
2 719 0 0 1788978390 630565
2 762 53 0 1788978390 633305
2 771 58 0 1788978390 633951
2 786 65 0 1788978390 634886
2 790 55 0 1788978390 635141
2 800 66 0 1788978390 635827
2 833 62 0 1788978390 638049
2 836 70 0 1788978390 638258
2 857 107 0 1788978390 639796
2 860 0 0 1788978390 639956
2 878 0 0 1788978390 641018
2 915 0 0 1788978390 643293
2 918 0 0 1788978390 643453
2 938 67 0 1788978390 644963
2 942 57 0 1788978390 645208
2 995 70 0 1788978390 648687
2 1006 69 0 1788978390 649300
2 1019 59 0 1788978390 650118
2 1028 54 0 1788978390 650715
2 1055 71 0 1788978390 652567
2 1082 65 0 1788978390 654548
2 1095 57 0 1788978390 655495
2 1102 68 0 1788978390 656055
2 1115 60 0 1788978390 656922
2 1132 66 0 1788978390 658148
2 1150 77 0 1788978390 659463
2 1158 74 0 1788978390 660070
2 1175 69 0 1788978390 661567
2 1185 119 0 1788978390 662304
2 1187 74 0 1788978390 662455
2 1200 82 0 1788978390 663403
2 1247 51 0 1788978390 666222
2 1287 54 0 1788978390 668538
2 1379 50 0 1788978390 674085
2 1381 52 0 1788978390 674194
2 1385 52 0 1788978390 674407
2 1393 75 0 1788978390 674868
2 1413 71 0 1788978390 676096
2 1415 47 0 1788978390 676206
2 1452 62 0 1788978390 678186
2 1491 56 0 1788978390 680297
2 1494 49 0 1788978390 680456
2 1499 50 0 1788978390 680731
2 1546 46 0 1788978390 683181
2 1550 49 0 1788978390 683387
2 1558 46 0 1788978390 683810
2 1588 49 0 1788978390 685488
2 1639 304 0 1788978390 689002
2 1673 102 0 1788978390 691522
2 1679 136 0 1788978390 692138
2 1719 48 0 1788978390 695024
2 1735 50 0 1788978390 695878
2 1741 60 0 1788978390 696236
2 1774 58 0 1788978390 698366
2 1791 104 0 1788978390 699812
2 1820 68 0 1788978390 702111
2 1865 65 0 1788978390 705609
2 1903 85 0 1788978390 708620
2 1941 79 0 1788978390 712079
2 1971 51 0 1788978390 714373
2 1992 65 0 1788978390 715734
2 2013 0 0 1788978390 717384
2 2017 89 0 1788978390 717668
2 2018 64 0 1788978390 717736
2 2108 81 0 1788978390 725369
2 2119 76 0 1788978390 726310
2 2151 71 0 1788978390 729002
2 2154 66 0 1788978390 729199
2 2193 74 0 1788978390 732593
2 2263 0 0 1788978390 738026
2 2271 61 0 1788978390 738601
2 2303 91 0 1788978390 741385
2 2333 81 0 1788978390 744215
2 2334 74 0 1788978390 744293
2 2365 72 0 1788978390 746727
2 2395 65 0 1788978390 748781
2 2399 66 0 1788978390 749157
2 2409 68 0 1788978390 749931
2 2426 74 0 1788978390 751098
2 2432 75 0 1788978390 751726
2 2455 76 0 1788978390 753456
2 2458 69 0 1788978390 753754
2 2467 90 0 1788978390 754456
2 2482 86 0 1788978390 756113
2 2502 72 0 1788978390 758051
2 2533 70 0 1788978390 760581
2 2552 107 0 1788978390 762249
2 2568 96 0 1788978390 763666
2 2589 65 0 1788978390 765081
2 2662 57 0 1788978390 770088
2 2680 63 0 1788978390 771343
2 2721 80 0 1788978390 773721
2 2723 69 0 1788978390 773863
2 2726 66 0 1788978390 774070
2 2752 54 0 1788978390 775888
2 2755 54 0 1788978390 776051
2 2758 54 0 1788978390 776212
2 2765 53 0 1788978390 776586
2 2768 59 0 1788978390 776780
2 2773 72 0 1788978390 777098
2 2800 56 0 1788978390 778716
2 2818 66 0 1788978390 779809
2 2821 58 0 1788978390 780003
2 2828 52 0 1788978390 780429
2 2833 68 0 1788978390 780762
2 2842 58 0 1788978390 781337
2 2843 64 0 1788978390 781404
2 2848 73 0 1788978390 781801
2 2869 55 0 1788978390 783136
2 2892 104 0 1788978390 784675
2 2904 75 0 1788978390 785643
2 2906 64 0 1788978390 785780
2 2929 58 0 1788978390 787259
2 2935 53 0 1788978390 787579
2 2937 56 0 1788978390 787718
2 2951 83 0 1788978390 788645
2 2972 57 0 1788978390 790145
2 2979 115 0 1788978390 790709
2 2990 57 0 1788978390 791377
2 2996 52 0 1788978390 791730
2 3024 65 0 1788978390 793458
2 3048 56 0 1788978390 794807
2 3053 60 0 1788978390 795124
2 3058 52 0 1788978390 795387
2 3061 55 0 1788978390 795555
2 3070 74 0 1788978390 796203
2 3072 65 0 1788978390 796338
2 3095 60 0 1788978390 797784
2 3097 57 0 1788978390 797903
2 3114 60 0 1788978390 798954
2 3164 50 0 1788978390 801832
2 3261 62 0 1788978390 808753
2 3263 60 0 1788978390 808876
2 3271 88 0 1788978390 809472
2 3283 59 0 1788978390 810323
2 3291 56 0 1788978390 810789
2 3308 98 0 1788978390 811826
2 3338 53 0 1788978390 813883
2 3354 78 0 1788978390 814812
2 3437 60 0 1788978390 820025
2 3461 68 0 1788978390 821801
2 3467 67 0 1788978390 822269
2 3469 64 0 1788978390 822414
2 3495 63 0 1788978390 824171
2 3506 62 0 1788978390 824857
2 3513 56 0 1788978390 825280
2 3514 56 0 1788978390 825340
2 3525 60 0 1788978390 826102
2 3579 63 0 1788978390 829551
2 3609 58 0 1788978390 831693
2 3611 54 0 1788978390 831801
2 3614 52 0 1788978390 831963
2 3615 83 0 1788978390 832048
2 3631 56 0 1788978390 832975
2 3635 56 0 1788978390 833221
2 3659 58 0 1788978390 834760
2 3683 50 0 1788978390 835967
2 3704 0 0 1788978390 837335
2 3709 0 0 1788978390 837694
2 3712 0 0 1788978390 837918
2 3758 51 0 1788978390 840941
2 3767 61 0 1788978390 841423
2 3770 102 0 1788978390 841654
2 3782 55 0 1788978390 842428
2 3788 56 0 1788978390 842813
2 3799 58 0 1788978390 843576
2 3801 79 0 1788978390 843747
2 3811 52 0 1788978390 844316
2 3816 50 0 1788978390 844589
2 3819 57 0 1788978390 844799
2 3826 56 0 1788978390 845223
2 3852 61 0 1788978390 846821
2 3862 65 0 1788978390 847347
2 3886 60 0 1788978390 848746
2 3888 59 0 1788978390 848868
2 3926 42 0 1788978390 851007
2 3982 56 0 1788978390 854505
2 3991 74 0 1788978390 855159
2 4012 57 0 1788978390 856578
2 4022 80 0 1788978390 857438
2 4097 79 0 1788978390 862651
2 4101 79 0 1788978390 863022
2 4115 75 0 1788978390 864177
2 4149 68 0 1788978390 866342
2 4154 69 0 1788978390 866720
2 4202 68 0 1788978390 870507
2 4260 70 0 1788978390 876438
2 4312 65 0 1788978390 880447
2 4316 59 0 1788978390 880725
2 4344 77 0 1788978390 882573
2 4347 69 0 1788978390 882812
2 4369 63 0 1788978390 884306
2 4393 52 0 1788978390 885780
2 4419 59 0 1788978390 887348
2 4432 53 0 1788978390 888153
2 4442 63 0 1788978390 888750
2 4450 50 0 1788978390 889195
2 4537 59 0 1788978390 894638
2 4610 61 0 1788978390 898906
2 4635 70 0 1788978390 900710
2 4679 75 0 1788978390 903473
2 4813 50 0 1788978390 911589
2 4815 54 0 1788978390 911730
2 4837 59 0 1788978390 912916
2 4866 49 0 1788978390 914490
2 4873 64 0 1788978390 914930
2 4876 64 0 1788978390 915116
2 4884 68 0 1788978390 915645
2 4896 59 0 1788978390 916419
2 4900 86 0 1788978390 916679
2 4918 68 0 1788978390 917833
2 4999 53 0 1788978390 923127
2 5063 66 0 1788978390 927146
2 5082 64 0 1788978390 928402
2 5122 58 0 1788978390 931172
2 5127 64 0 1788978390 931498
2 5160 66 0 1788978390 933814
2 5167 61 0 1788978390 934333
2 5212 59 0 1788978390 937190
2 5226 62 0 1788978390 938254
2 5236 54 0 1788978390 938858
2 5241 86 0 1788978390 939259
2 5253 68 0 1788978390 940265
2 5281 56 0 1788978390 942245
2 5289 92 0 1788978390 942701
2 5309 68 0 1788978390 944009
2 5325 55 0 1788978390 946152
2 5364 89 0 1788978390 949061
2 5406 59 0 1788978390 953064
2 5430 83 0 1788978390 954750
2 5459 95 0 1788978390 957281
2 5512 54 0 1788978390 961120
2 5519 52 0 1788978390 961569
2 5583 67 0 1788978390 965887
2 5614 59 0 1788978390 967641
2 5627 48 0 1788978390 968387
2 5684 55 0 1788978390 971933
2 5691 99 0 1788978390 972428
2 5694 111 0 1788978390 972703
2 5709 76 0 1788978390 973906
2 5715 61 0 1788978390 974283
2 5717 64 0 1788978390 974424
2 5720 62 0 1788978390 974621
2 5724 59 0 1788978390 974858
2 5750 110 0 1788978390 976717
2 5754 72 0 1788978390 977025
2 5763 91 0 1788978390 977808
2 5768 51 0 1788978390 978145
2 5775 50 0 1788978390 978519
2 5782 56 0 1788978390 978953
2 5792 56 0 1788978390 979517
2 5809 85 0 1788978390 980924
2 5860 131 0 1788978390 985043
2 5894 64 0 1788978390 987905
2 5909 50 0 1788978390 988914
2 5919 60 0 1788978390 989538
2 5936 71 0 1788978390 990821
2 5938 72 0 1788978390 990960
2 5946 78 0 1788978390 991605
2 5948 73 0 1788978390 991785
2 5949 57 0 1788978390 991845
2 6009 67 0 1788978390 995872
2 6017 77 0 1788978390 996450
2 6023 57 0 1788978390 996832
2 6084 82 0 1788978391 791
2 6100 65 0 1788978391 1876
2 6117 63 0 1788978391 3056
2 6171 83 0 1788978391 7166
2 6176 66 0 1788978391 7552
2 6179 64 0 1788978391 7806
2 6210 76 0 1788978391 10024
2 6211 96 0 1788978391 10124
2 6232 64 0 1788978391 11535
2 6243 83 0 1788978391 12231
2 6268 49 0 1788978391 13833
2 6291 54 0 1788978391 15247
2 6316 107 0 1788978391 16678
2 6329 53 0 1788978391 17530
2 6330 53 0 1788978391 17586
2 6344 60 0 1788978391 18507
2 6347 64 0 1788978391 18716
2 6359 67 0 1788978391 19524
2 6399 58 0 1788978391 22313
2 6403 66 0 1788978391 22563
2 6406 0 0 1788978391 22779
2 6409 53 0 1788978391 22974
2 6421 64 0 1788978391 23770
2 6433 68 0 1788978391 24696
2 6447 68 0 1788978391 25751
2 6509 68 0 1788978391 30102
2 6520 53 0 1788978391 30848
2 6539 66 0 1788978391 32012
2 6597 58 0 1788978391 35541
2 6611 73 0 1788978391 36434
2 6666 67 0 1788978391 39930
2 6668 59 0 1788978391 40054
2 6686 65 0 1788978391 41293
2 6710 78 0 1788978391 43408
2 6718 64 0 1788978391 44019
2 6747 69 0 1788978391 46089
2 6756 69 0 1788978391 46731
2 6757 71 0 1788978391 46806
2 6762 61 0 1788978391 47116
2 6813 58 0 1788978391 50346
2 6842 0 0 1788978391 52225
2 6943 58 0 1788978391 58826
2 6956 0 0 1788978391 59527
2 6990 64 0 1788978391 61756
2 7030 76 0 1788978391 64213
2 7045 59 0 1788978391 65149
2 7057 62 0 1788978391 65967
2 7059 60 0 1788978391 66099
2 7067 53 0 1788978391 66537
2 7071 61 0 1788978391 66826
2 7115 41 0 1788978391 69284
2 7143 62 0 1788978391 70979
2 7166 66 0 1788978391 72450
2 7237 52 0 1788978391 77238
2 7256 60 0 1788978391 78328
2 7290 64 0 1788978391 80773
2 7308 58 0 1788978391 81879
2 7333 66 0 1788978391 83461
2 7342 74 0 1788978391 84160
2 7351 61 0 1788978391 84781
2 7368 55 0 1788978391 85818
2 7374 54 0 1788978391 86155
2 7421 51 0 1788978391 88959
2 7425 51 0 1788978391 89167
2 7448 47 0 1788978391 90322
2 7474 40 0 1788978391 91562
2 7506 38 0 1788978391 93034
2 7519 37 0 1788978391 93535
2 7521 42 0 1788978391 93618
2 7538 54 0 1788978391 94283
2 7580 75 0 1788978391 96768
2 7630 62 0 1788978391 100070
2 7633 59 0 1788978391 100257
2 7652 74 0 1788978391 101478
2 7681 79 0 1788978391 104413
2 7711 81 0 1788978391 106765
2 7728 74 0 1788978391 108153
2 7746 72 0 1788978391 109496
2 7763 83 0 1788978391 110854
2 7768 69 0 1788978391 111199
2 7790 80 0 1788978391 112809
2 7791 83 0 1788978391 112895
2 7807 69 0 1788978391 114132
2 7811 69 0 1788978391 114410
2 7813 68 0 1788978391 114548
2 7827 71 0 1788978391 115556
2 7834 71 0 1788978391 116061
2 7841 90 0 1788978391 116580
2 7868 79 0 1788978391 118674
2 7890 74 0 1788978391 120340
2 7893 78 0 1788978391 120574
2 7900 71 0 1788978391 121098
2 7908 78 0 1788978391 121677
2 7911 71 0 1788978391 121893
2 7952 0 0 1788978391 125572
2 7974 71 0 1788978391 127163
2 7999 73 0 1788978391 129133
2 8046 74 0 1788978391 132788
2 8063 68 0 1788978391 134104
2 8077 63 0 1788978391 135133
2 8143 60 0 1788978391 139734
2 8147 60 0 1788978391 140016
2 8172 72 0 1788978391 142020
2 8181 0 0 1788978391 142766
2 8222 0 0 1788978391 145649
2 8282 61 0 1788978391 149515
2 8286 83 0 1788978391 149828
2 8297 0 0 1788978391 150579
2 8302 64 0 1788978391 150938
2 8315 60 0 1788978391 151833
2 8328 67 0 1788978391 152761
2 8339 66 0 1788978391 153460
2 8357 68 0 1788978391 154806
2 8364 69 0 1788978391 155409
2 8372 69 0 1788978391 155975
2 8402 66 0 1788978391 158095
2 8416 68 0 1788978391 159051
2 8446 80 0 1788978391 161194
2 8470 70 0 1788978391 163053
2 8474 70 0 1788978391 163338
2 8483 70 0 1788978391 163977
2 8533 69 0 1788978391 167483
2 8570 70 0 1788978391 176127
2 8572 74 0 1788978391 176275
2 8585 73 0 1788978391 177253
2 8597 73 0 1788978391 178159
2 8605 74 0 1788978391 178762
2 8606 73 0 1788978391 178838
2 8624 76 0 1788978391 180178
2 8654 73 0 1788978391 182345
2 8658 80 0 1788978391 182650
2 8709 76 0 1788978391 186591
2 8736 68 0 1788978391 188582
2 8755 73 0 1788978391 189976
2 8766 73 0 1788978391 190789
2 8805 73 0 1788978391 193583
2 8808 80 0 1788978391 193827
2 8823 70 0 1788978391 195016
2 8832 78 0 1788978391 195657
2 8848 73 0 1788978391 196828
2 8867 76 0 1788978391 198283
2 8880 71 0 1788978391 199234
2 8886 76 0 1788978391 199670
2 8888 72 0 1788978391 199820
2 8909 71 0 1788978391 201344
2 8913 76 0 1788978391 201635
2 8919 70 0 1788978391 202064
2 8929 69 0 1788978391 202778
2 8934 75 0 1788978391 203157
2 8956 71 0 1788978391 204753
2 9004 70 0 1788978391 208330
2 9055 72 0 1788978391 213105
2 9083 75 0 1788978391 215140
2 9094 75 0 1788978391 215978
2 9096 72 0 1788978391 216129
2 9100 75 0 1788978391 216432
2 9116 82 0 1788978391 217657
2 9142 72 0 1788978391 219535
2 9164 70 0 1788978391 221143
2 9189 70 0 1788978391 223426
2 9190 73 0 1788978391 223503
2 9204 67 0 1788978391 224507
2 9229 69 0 1788978391 226262
2 9231 68 0 1788978391 226403
2 9246 65 0 1788978391 227436
2 9263 77 0 1788978391 228835
2 9275 73 0 1788978391 229713
2 9310 70 0 1788978391 232303
2 9311 72 0 1788978391 232377
2 9339 127 0 1788978391 234460
2 9357 79 0 1788978391 235729
2 9363 63 0 1788978391 236181
2 9381 48 0 1788978391 237024
2 9388 49 0 1788978391 237350
2 9395 75 0 1788978391 237758
2 9399 69 0 1788978391 238030
2 9416 68 0 1788978391 239096
2 9439 45 0 1788978391 240366
2 9505 46 0 1788978391 244256
2 9517 47 0 1788978391 244914
2 9523 59 0 1788978391 245242
2 9537 55 0 1788978391 246029
2 9611 57 0 1788978391 249886
2 9617 75 0 1788978391 250291
2 9634 54 0 1788978391 251130
2 9667 63 0 1788978391 253044
2 9685 49 0 1788978391 254048
2 9693 0 0 1788978391 254528
2 9710 78 0 1788978391 256119
2 9716 117 0 1788978391 256688
2 9729 0 0 1788978391 257876
2 9730 69 0 1788978391 257949
2 9744 72 0 1788978391 258887
2 9752 67 0 1788978391 259425
2 9775 57 0 1788978391 260820
2 9777 56 0 1788978391 260939
2 9789 70 0 1788978391 261634
2 9820 60 0 1788978391 263611
2 9845 73 0 1788978391 265452
2 9846 78 0 1788978391 265534
2 9850 55 0 1788978391 265816
2 9869 55 0 1788978391 267052
2 9889 54 0 1788978391 268288
2 9894 54 0 1788978391 268562
2 9913 42 0 1788978391 269597
2 9920 44 0 1788978391 269948
2 9978 54 0 1788978391 273281
2 9992 62 0 1788978391 274145
2 9997 60 0 1788978391 274451
2 10004 62 0 1788978391 274905
2 10020 66 0 1788978391 275883
2 10083 61 0 1788978391 279247
2 10090 63 0 1788978391 279647
2 10106 47 0 1788978391 280385
2 10109 43 0 1788978391 280520
2 10135 63 0 1788978391 282329
2 10167 63 0 1788978391 284346
2 10178 49 0 1788978391 284936
2 10179 51 0 1788978391 284990
2 10208 56 0 1788978391 286482
2 10226 44 0 1788978391 287499
2 10229 56 0 1788978391 287674
2 10230 50 0 1788978391 287726
2 10289 53 0 1788978391 290589
2 10312 51 0 1788978391 291918
2 10313 54 0 1788978391 291975
2 10318 55 0 1788978391 292275
2 10325 105 0 1788978391 292701
2 10351 54 0 1788978391 294080
2 10365 57 0 1788978391 294887
2 10366 58 0 1788978391 294947
2 10385 43 0 1788978391 296022
2 10389 48 0 1788978391 296202
2 10403 41 0 1788978391 296860
2 10409 48 0 1788978391 297147
2 10422 76 0 1788978391 297967
2 10433 69 0 1788978391 298634
2 10469 47 0 1788978391 300495
2 10484 50 0 1788978391 301293
2 10500 71 0 1788978391 302188
2 10534 42 0 1788978391 303990
2 10554 58 0 1788978391 305081
2 10619 64 0 1788978391 308922
2 10623 62 0 1788978391 309203
2 10645 49 0 1788978391 310486
2 10647 53 0 1788978391 310595
2 10649 49 0 1788978391 310704
2 10667 75 0 1788978391 311632
2 10693 62 0 1788978391 313259
2 10699 43 0 1788978391 313566
2 10711 40 0 1788978391 314095
2 10763 57 0 1788978391 317459
2 10776 76 0 1788978391 318431
2 10777 56 0 1788978391 318489
2 10779 81 0 1788978391 318649
2 10786 65 0 1788978391 319154
2 10794 63 0 1788978391 319682
2 10801 72 0 1788978391 320158
2 10804 119 0 1788978391 320433
2 10811 58 0 1788978391 320946
2 10815 64 0 1788978391 321223
2 10819 65 0 1788978391 321539
2 10838 78 0 1788978391 322896
2 10857 80 0 1788978391 324268
2 10862 98 0 1788978391 324666
2 10872 61 0 1788978391 325309
2 10878 75 0 1788978391 325723
2 10884 70 0 1788978391 326087
2 10896 53 0 1788978391 326815
2 10900 50 0 1788978391 327038
2 10942 53 0 1788978391 329305
2 10948 69 0 1788978391 329653
2 10956 74 0 1788978391 330204
2 10962 53 0 1788978391 330539
2 11009 67 0 1788978391 334023
2 11033 71 0 1788978391 335949
2 11065 97 0 1788978391 338380
2 11080 69 0 1788978391 339505
2 11102 47 0 1788978391 340801
2 11105 47 0 1788978391 340938
2 11133 93 0 1788978391 342694
2 11155 49 0 1788978391 343955
2 11162 48 0 1788978391 344297
2 11247 54 0 1788978391 348874
2 11249 56 0 1788978391 348989
2 11259 57 0 1788978391 349581
2 11260 67 0 1788978391 349651
2 11261 63 0 1788978391 349716
2 11287 53 0 1788978391 351228
2 11318 53 0 1788978391 352770
2 11339 66 0 1788978391 354203
2 11341 70 0 1788978391 354338
2 11365 45 0 1788978391 355726
2 11375 50 0 1788978391 356206
2 11377 50 0 1788978391 356308
2 11390 58 0 1788978391 357013
2 11398 60 0 1788978391 357470
2 11433 49 0 1788978391 359337
2 11436 50 0 1788978391 359492
2 11437 64 0 1788978391 359559
2 11458 64 0 1788978391 360761
2 11494 51 0 1788978391 363006
2 11506 66 0 1788978391 363634
2 11513 46 0 1788978391 363985
2 11515 48 0 1788978391 364082
2 11536 65 0 1788978391 365407
2 11591 70 0 1788978391 368268
2 11601 56 0 1788978391 368858
2 11603 65 0 1788978391 368986
2 11620 62 0 1788978391 370077
2 11624 48 0 1788978391 370300
2 11629 43 0 1788978391 370527
2 11634 50 0 1788978391 370779
2 11636 40 0 1788978391 370868
2 11645 40 0 1788978391 371240
2 11673 59 0 1788978391 372836
2 11730 62 0 1788978391 375828
2 11732 62 0 1788978391 375955
2 11739 71 0 1788978391 376427
2 11749 59 0 1788978391 377101
2 11784 69 0 1788978391 378873
2 11796 86 0 1788978391 379843
2 11811 49 0 1788978391 380893
2 11843 54 0 1788978391 382806
2 11918 69 0 1788978391 387027
2 11929 49 0 1788978391 387594
2 11933 52 0 1788978391 387818
2 11956 43 0 1788978391 388814
2 11980 64 0 1788978391 390013
2 11996 0 0 1788978391 391147
2 12006 55 0 1788978391 391817
2 12020 67 0 1788978391 392598
2 12047 78 0 1788978391 396053
2 12062 80 0 1788978391 397281
2 12128 69 0 1788978391 402261
2 12129 66 0 1788978391 402330
2 12134 67 0 1788978391 402746
2 12145 72 0 1788978391 403698
2 12147 82 0 1788978391 403870
2 12159 70 0 1788978391 404751
2 12171 87 0 1788978391 405645
2 12176 78 0 1788978391 406045
2 12201 62 0 1788978391 408059
2 12228 99 0 1788978391 410135
2 12281 100 0 1788978391 414826
2 12300 73 0 1788978391 416507
2 12310 74 0 1788978391 417247
2 12359 79 0 1788978391 420875
2 12389 59 0 1788978391 423141
2 12428 77 0 1788978391 425600
2 12452 49 0 1788978391 427209
2 12457 74 0 1788978391 427581
2 12525 57 0 1788978391 432299
2 12552 68 0 1788978391 434037
2 12593 53 0 1788978391 436507
2 12600 51 0 1788978391 436941
2 12623 90 0 1788978391 438549
2 12624 97 0 1788978391 438650
2 12659 80 0 1788978391 441775
2 12670 71 0 1788978391 442596
2 12767 0 0 1788978391 449507
2 12768 74 0 1788978391 449585
2 12802 63 0 1788978391 451980
2 12864 118 0 1788978391 456700
2 12888 83 0 1788978391 458921
2 12910 93 0 1788978391 460699
2 12917 79 0 1788978391 461360
2 12945 76 0 1788978391 463864
2 12947 56 0 1788978391 463983
2 12948 64 0 1788978391 464049
2 12961 69 0 1788978391 465013
2 12963 73 0 1788978391 465168
2 12981 71 0 1788978391 466554
2 13000 70 0 1788978391 468018
2 13030 84 0 1788978391 470279
2 13054 66 0 1788978391 471966
2 13059 53 0 1788978391 472308
2 13068 58 0 1788978391 472917
2 13099 57 0 1788978391 475006
2 13109 75 0 1788978391 475668
2 13131 62 0 1788978391 477072
2 13137 68 0 1788978391 477481
2 13143 65 0 1788978391 477905
2 13147 60 0 1788978391 478208
2 13180 57 0 1788978391 480309
2 13197 48 0 1788978391 481327
2 13208 65 0 1788978391 481965
2 13227 53 0 1788978391 483131
2 13231 55 0 1788978391 483359
2 13235 59 0 1788978391 483630
2 13297 76 0 1788978391 487858
2 13300 73 0 1788978391 488074
2 13315 74 0 1788978391 488985
2 13319 73 0 1788978391 489248
2 13391 77 0 1788978391 494303
2 13397 68 0 1788978391 494806
2 13401 78 0 1788978391 495102
2 13444 97 0 1788978391 498517
2 13451 75 0 1788978391 499141
2 13498 69 0 1788978391 502447
2 13501 76 0 1788978391 502641
2 13525 80 0 1788978391 504237
2 13526 69 0 1788978391 504310
2 13527 65 0 1788978391 504377
2 13569 55 0 1788978391 508062
2 13611 57 0 1788978391 511121
2 13634 63 0 1788978391 512945
2 13652 75 0 1788978391 514280
2 13679 69 0 1788978391 516053
2 13756 54 0 1788978391 521492
2 13759 63 0 1788978391 521670
2 13826 46 0 1788978391 525003
2 13849 48 0 1788978391 526353
2 13897 48 0 1788978391 529034
2 13900 50 0 1788978391 529186
2 13906 47 0 1788978391 529497
2 13914 45 0 1788978391 529889
2 13918 61 0 1788978391 530139
2 13930 52 0 1788978391 530824
2 13970 47 0 1788978391 533072
2 13980 48 0 1788978391 533532
2 13991 56 0 1788978391 534174
2 13999 90 0 1788978391 534671
2 14001 51 0 1788978391 534784
2 14008 53 0 1788978391 535174
2 14025 47 0 1788978391 536148
2 14030 40 0 1788978391 536395
2 14076 62 0 1788978391 538882
2 14081 53 0 1788978391 539166
2 14174 43 0 1788978391 544160
2 14175 44 0 1788978391 544207
2 14182 48 0 1788978391 544538
2 14213 61 0 1788978391 546514
2 14239 38 0 1788978391 547805
2 14257 81 0 1788978391 548685
2 14259 54 0 1788978391 548803
2 14273 49 0 1788978391 549609
2 14276 52 0 1788978391 549806
2 14292 62 0 1788978391 550666
2 14298 40 0 1788978391 550964
2 14327 55 0 1788978391 552542
2 14346 58 0 1788978391 553725
2 14371 42 0 1788978391 555017
2 14441 48 0 1788978391 558697
2 14449 45 0 1788978391 559064
2 14459 68 0 1788978391 559535
2 14462 67 0 1788978391 559766
2 14472 68 0 1788978391 560496
2 14478 63 0 1788978391 560947
2 14479 69 0 1788978391 561021
2 14507 40 0 1788978391 562405
2 14522 52 0 1788978391 563126
2 14536 58 0 1788978391 563926
2 14545 59 0 1788978391 564494
2 14554 60 0 1788978391 565041
2 14564 41 0 1788978391 565532
2 14567 42 0 1788978391 565665
2 14583 41 0 1788978391 566348
2 14597 51 0 1788978391 567021
2 14610 54 0 1788978391 567722
2 14643 55 0 1788978391 569385
2 14678 59 0 1788978391 571170
2 14740 56 0 1788978391 574232
2 14805 68 0 1788978391 577939
2 14832 44 0 1788978391 579890
2 14856 68 0 1788978391 581088
2 14867 57 0 1788978391 581753
2 14894 43 0 1788978391 583334
2 14902 41 0 1788978391 583682
2 14918 38 0 1788978391 584291
2 14923 38 0 1788978391 584482
2 14930 46 0 1788978391 584903
2 14950 51 0 1788978391 586128
2 14965 46 0 1788978391 586888
2 14994 55 0 1788978391 588166
2 15030 75 0 1788978391 590182
2 15040 41 0 1788978391 590679
2 15073 62 0 1788978391 592158
2 15087 63 0 1788978391 593228
2 15105 52 0 1788978391 594417
2 15113 40 0 1788978391 594845
2 15153 56 0 1788978391 596915
2 15200 48 0 1788978391 599473
2 15212 77 0 1788978391 600167
2 15237 61 0 1788978391 601637
2 15295 46 0 1788978391 604585
2 15304 58 0 1788978391 605093
2 15310 59 0 1788978391 605446
2 15313 59 0 1788978391 605624
2 15334 43 0 1788978391 606537
2 15352 55 0 1788978391 607417
2 15399 43 0 1788978391 609962
2 15410 39 0 1788978391 610449
2 15435 70 0 1788978391 612071
2 15461 80 0 1788978391 613700
2 15465 74 0 1788978391 613957
2 15467 84 0 1788978391 614137
2 15475 81 0 1788978391 614703
2 15515 70 0 1788978391 617622
2 15543 52 0 1788978391 619256
2 15603 46 0 1788978391 622320
2 15614 56 0 1788978391 622867
2 15626 69 0 1788978391 623575
2 15640 54 0 1788978391 624397
2 15649 88 0 1788978391 624965
2 15656 66 0 1788978391 625439
2 15657 67 0 1788978391 625509
2 15658 63 0 1788978391 625575
2 15659 97 0 1788978391 625676
2 15673 51 0 1788978391 626467
2 15704 63 0 1788978391 628475
2 15721 54 0 1788978391 629536
2 15737 48 0 1788978391 630420
2 15750 55 0 1788978391 631162
2 15794 59 0 1788978391 633995
2 15823 65 0 1788978391 635738
2 15862 88 0 1788978391 638295
2 15886 46 0 1788978391 640077
2 15895 80 0 1788978391 640630
2 15917 105 0 1788978391 642217
2 15924 69 0 1788978391 642876
2 15925 75 0 1788978391 642956
2 15927 62 0 1788978391 643094
2 15960 69 0 1788978391 645480
2 15995 63 0 1788978391 647906
2 15998 113 0 1788978391 648183
2 16007 64 0 1788978391 648934
2 16014 61 0 1788978391 649354
2 16017 70 0 1788978391 649550
2 16029 64 0 1788978391 650374
2 16041 53 0 1788978391 651075
2 16048 72 0 1788978391 651537
2 16066 48 0 1788978391 652537
2 16087 72 0 1788978391 653581
2 16094 44 0 1788978391 654018
2 16096 78 0 1788978391 654155
2 16097 69 0 1788978391 654226
2 16100 65 0 1788978391 654436
2 16103 75 0 1788978391 654640
2 16116 53 0 1788978391 655412
2 16118 58 0 1788978391 655533
2 16120 63 0 1788978391 655654
2 16128 52 0 1788978391 656092
2 16150 46 0 1788978391 657200
2 16216 58 0 1788978391 661093
2 16230 46 0 1788978391 661810
2 16241 61 0 1788978391 662403
2 16277 46 0 1788978391 664554
2 16304 52 0 1788978391 665901
2 16305 58 0 1788978391 665961
2 16309 60 0 1788978391 666189
2 16316 57 0 1788978391 666608
2 16345 43 0 1788978391 668390
2 16355 47 0 1788978391 668880
2 16369 92 0 1788978391 669681
2 16371 68 0 1788978391 669825
2 16376 61 0 1788978391 670160
2 16392 56 0 1788978391 671179
2 16400 71 0 1788978391 671682
2 16401 46 0 1788978391 671730
2 16418 52 0 1788978391 672611
2 16423 52 0 1788978391 672900
2 16459 56 0 1788978391 675024
2 16462 43 0 1788978391 675203
2 16478 43 0 1788978391 675893
2 16498 53 0 1788978391 677087
2 16503 63 0 1788978391 677378
2 16510 63 0 1788978391 677881
2 16515 56 0 1788978391 678172
2 16531 40 0 1788978391 678977
2 16532 40 0 1788978391 679020
2 16533 41 0 1788978391 679062
2 16578 52 0 1788978391 681362
2 16639 58 0 1788978391 684831
2 16643 75 0 1788978391 685079
2 16652 68 0 1788978391 685665
2 16659 55 0 1788978391 686067
2 16665 44 0 1788978391 686335
2 16679 43 0 1788978391 687037
2 16708 61 0 1788978391 688802
2 16719 56 0 1788978391 689494
2 16734 47 0 1788978391 690359
2 16754 56 0 1788978391 691338
2 16782 56 0 1788978391 693055
2 16822 53 0 1788978391 695148
2 16824 54 0 1788978391 695276
2 16853 53 0 1788978391 696968
2 16929 56 0 1788978391 701069
2 16930 63 0 1788978391 701135
2 16946 65 0 1788978391 701921
2 16971 75 0 1788978391 703598
2 16986 54 0 1788978391 704515
2 17004 79 0 1788978391 705650
2 17054 40 0 1788978391 708502
2 17142 47 0 1788978391 713717
2 17146 58 0 1788978391 713932
2 17175 45 0 1788978391 715323
2 17177 45 0 1788978391 715415
2 17192 62 0 1788978391 716317
2 17193 79 0 1788978391 716400
2 17194 85 0 1788978391 716488
2 17199 64 0 1788978391 716881
2 17213 61 0 1788978391 717803
2 17219 47 0 1788978391 718088
2 17245 63 0 1788978391 719512
2 17294 45 0 1788978391 722000
2 17297 48 0 1788978391 722163
2 17372 39 0 1788978391 726074
2 17414 52 0 1788978391 728931
2 17419 53 0 1788978391 729199
2 17454 53 0 1788978391 731195
2 17455 56 0 1788978391 731254
2 17460 78 0 1788978391 731642
2 17481 47 0 1788978391 732780
2 17482 48 0 1788978391 732830
2 17492 50 0 1788978391 733275
2 17509 65 0 1788978391 734396
2 17514 69 0 1788978391 734715
2 17516 59 0 1788978391 734835
2 17581 0 0 1788978391 738413
2 17590 80 0 1788978391 739813
2 17595 0 0 1788978391 740289
2 17597 104 0 1788978391 740486
2 17610 75 0 1788978391 741443
2 17626 79 0 1788978391 742589
2 17661 60 0 1788978391 745118
2 17676 44 0 1788978391 745844
2 17705 63 0 1788978391 747310
2 17726 77 0 1788978391 748750
2 17740 57 0 1788978391 749534
2 17748 42 0 1788978391 749937
2 17756 51 0 1788978391 750359
2 17782 75 0 1788978391 751988
2 17789 66 0 1788978391 752486
2 17800 59 0 1788978391 753173
2 17805 60 0 1788978391 753458
2 17814 40 0 1788978391 753884
2 17829 66 0 1788978391 754646
2 17837 57 0 1788978391 755062
2 17847 106 0 1788978391 755706
2 17855 47 0 1788978391 756125
2 17861 50 0 1788978391 756421
2 17882 52 0 1788978391 757619
2 17893 47 0 1788978391 758159
2 17901 47 0 1788978391 758575
2 17903 56 0 1788978391 758683
2 17942 52 0 1788978391 761181
2 18029 41 0 1788978391 765927
2 18059 68 0 1788978391 767374
2 18098 45 0 1788978391 769497
2 18116 65 0 1788978391 770388
2 18153 63 0 1788978391 772584
2 18179 47 0 1788978391 774068
2 18199 59 0 1788978391 775276
2 18213 54 0 1788978391 776164
2 18229 45 0 1788978391 776888
2 18238 41 0 1788978391 777267
2 18252 56 0 1788978391 777872
2 18262 61 0 1788978391 778487
2 18265 67 0 1788978391 778707
2 18280 63 0 1788978391 779660
2 18341 51 0 1788978391 783091
2 18348 72 0 1788978391 783485
2 18356 62 0 1788978391 783973
2 18414 65 0 1788978391 787233
2 18421 52 0 1788978391 787601
2 18424 64 0 1788978391 787793
2 18457 100 0 1788978391 789664
2 18480 66 0 1788978391 791182
2 18481 55 0 1788978391 791240
2 18487 45 0 1788978391 791548
2 18502 60 0 1788978391 792462
2 18513 74 0 1788978391 793270
2 18537 82 0 1788978391 795153
2 18542 77 0 1788978391 795494
2 18584 68 0 1788978391 799577
2 18647 57 0 1788978391 805485
2 18695 66 0 1788978391 809114
2 18727 78 0 1788978391 811387
2 18747 73 0 1788978391 812902
2 18770 59 0 1788978391 814306
2 18837 43 0 1788978391 818001
2 18848 81 0 1788978391 818636
2 18850 65 0 1788978391 818768
2 18860 54 0 1788978391 819363
2 18869 47 0 1788978391 819839
2 18884 45 0 1788978391 820554
2 18917 60 0 1788978391 822340
2 18941 52 0 1788978391 823819
2 19001 60 0 1788978391 827175
2 19002 60 0 1788978391 827238
2 19014 46 0 1788978391 827878
2 19051 59 0 1788978391 829915
2 19087 41 0 1788978391 831921
2 19088 48 0 1788978391 831971
2 19111 54 0 1788978391 833031
2 19119 72 0 1788978391 833512
2 19142 52 0 1788978391 834886
2 19189 57 0 1788978391 837446
2 19208 65 0 1788978391 838708
2 19211 47 0 1788978391 838866
2 19214 47 0 1788978391 839026
2 19228 61 0 1788978391 839903
2 19257 90 0 1788978391 841777
2 19271 58 0 1788978391 842557
2 19292 54 0 1788978391 843854
2 19301 56 0 1788978391 844400
2 19311 59 0 1788978391 845029
2 19366 61 0 1788978391 847897
2 19379 93 0 1788978391 848696
2 19408 38 0 1788978391 850044
2 19459 38 0 1788978391 852948
2 19513 57 0 1788978391 855993
2 19518 38 0 1788978391 856219
2 19536 45 0 1788978391 856982
2 19562 57 0 1788978391 858574
2 19564 83 0 1788978391 858744
2 19628 67 0 1788978391 863300
2 19670 131 0 1788978391 866985
2 19682 77 0 1788978391 868207
2 19695 76 0 1788978391 869141
2 19696 0 0 1788978391 869218
2 19697 89 0 1788978391 869310
2 19701 125 0 1788978391 869716
2 19705 70 0 1788978391 869989
2 19714 76 0 1788978391 871358
2 19735 75 0 1788978391 873273
2 19761 46 0 1788978391 875194
2 19767 99 0 1788978391 875682
2 19777 66 0 1788978391 876272
2 19810 46 0 1788978391 878163
2 19837 71 0 1788978391 879636
2 19847 52 0 1788978391 880151
2 19894 48 0 1788978391 882585
2 19958 47 0 1788978391 885850
2 19990 49 0 1788978391 887474
2 20000 56 0 1788978391 888109
2 20021 47 0 1788978391 889146
2 20023 86 0 1788978391 889312
2 20027 53 0 1788978391 889536
2 20032 54 0 1788978391 889812
2 20039 44 0 1788978391 890173
2 20041 43 0 1788978391 890259
2 20056 44 0 1788978391 890946
2 20072 46 0 1788978391 891678
2 20083 53 0 1788978391 892248
2 20113 49 0 1788978391 893905
2 20145 44 0 1788978391 895447
2 20159 55 0 1788978391 896100
2 20161 53 0 1788978391 896210
2 20231 44 0 1788978391 899833
2 20273 45 0 1788978391 902118
2 20325 56 0 1788978391 904885
2 20356 41 0 1788978391 906322
2 20358 39 0 1788978391 906403
2 20362 41 0 1788978391 906568
2 20388 60 0 1788978391 908129
2 20417 38 0 1788978391 909740
2 20447 59 0 1788978391 911379
2 20482 39 0 1788978391 913439
2 20508 53 0 1788978391 915002
2 20529 45 0 1788978391 916168
2 20535 42 0 1788978391 916474
2 20549 42 0 1788978391 917078
2 20561 64 0 1788978391 917992
2 20582 81 0 1788978391 919497
2 20591 47 0 1788978391 919997
2 20662 75 0 1788978391 924541
2 20681 57 0 1788978391 925927
2 20687 57 0 1788978391 926285
2 20695 37 0 1788978391 926733
2 20699 55 0 1788978391 926956
2 20703 52 0 1788978391 927170
2 20704 68 0 1788978391 927240
2 20720 48 0 1788978391 928204
2 20724 55 0 1788978391 928415
2 20727 81 0 1788978391 928670
2 20730 59 0 1788978391 928825
2 20737 44 0 1788978391 929213
2 20748 43 0 1788978391 929681
2 20764 68 0 1788978391 930489
2 20772 61 0 1788978391 930959
2 20780 49 0 1788978391 931408
2 20784 77 0 1788978391 931654
2 20803 44 0 1788978391 932624
2 20811 46 0 1788978391 932985
2 20818 47 0 1788978391 933306
2 20828 54 0 1788978391 933803
2 20834 80 0 1788978391 934230
2 20849 50 0 1788978391 935206
2 20860 54 0 1788978391 935812
2 20902 94 0 1788978391 938167
2 20923 50 0 1788978391 939420
2 20959 41 0 1788978391 941079
2 21051 49 0 1788978391 945951
2 21064 46 0 1788978391 946563
2 21080 37 0 1788978391 947324
2 21126 68 0 1788978391 949643
2 21205 61 0 1788978391 954107
2 21246 66 0 1788978391 956267
2 21252 73 0 1788978391 956678
2 21267 70 0 1788978391 957640
2 21300 41 0 1788978391 959221
2 21322 67 0 1788978391 960609
2 21338 39 0 1788978391 961561
2 21356 42 0 1788978391 962334
2 21362 41 0 1788978391 962573
2 21375 56 0 1788978391 963243
2 21386 54 0 1788978391 963892
2 21392 52 0 1788978391 964219
2 21440 41 0 1788978391 966445
2 21452 47 0 1788978391 966983
2 21454 40 0 1788978391 967070
2 21469 42 0 1788978391 967755
2 21477 43 0 1788978391 968088
2 21489 46 0 1788978391 968602
2 21495 37 0 1788978391 968877
2 21499 42 0 1788978391 969055
2 21504 47 0 1788978391 969285
2 21556 47 0 1788978391 971703
2 21564 47 0 1788978391 972106
2 21578 61 0 1788978391 973021
2 21583 59 0 1788978391 973363
2 21588 92 0 1788978391 973729
2 21646 47 0 1788978391 976849
2 21663 67 0 1788978391 977699
2 21685 43 0 1788978391 978854
2 21687 45 0 1788978391 978947
2 21691 45 0 1788978391 979122
2 21694 55 0 1788978391 979278
2 21704 54 0 1788978391 979809
2 21712 48 0 1788978391 980195
2 21748 56 0 1788978391 982032
2 21829 45 0 1788978391 986820
2 21838 50 0 1788978391 987273
2 21840 50 0 1788978391 987381
2 21872 49 0 1788978391 989088
2 21916 45 0 1788978391 991291
2 21922 51 0 1788978391 991581
2 22005 41 0 1788978391 996350
2 22020 47 0 1788978391 997072
2 22029 61 0 1788978391 997539
2 22035 72 0 1788978391 997948
2 22037 68 0 1788978391 998078
2 22039 52 0 1788978391 998189
2 22047 64 0 1788978391 998636
2 22053 59 0 1788978391 998994
2 22072 61 0 1788978391 999919
2 22096 43 0 1788978392 1182
2 22110 51 0 1788978392 1933
2 22121 58 0 1788978392 2547
2 22180 58 0 1788978392 5903
2 22200 46 0 1788978392 7017
2 22212 86 0 1788978392 7848
2 22220 69 0 1788978392 8459
2 22243 47 0 1788978392 10204
2 22244 47 0 1788978392 10254
2 22316 47 0 1788978392 13985
2 22350 45 0 1788978392 15862
2 22353 66 0 1788978392 16023
2 22379 54 0 1788978392 17460
2 22383 62 0 1788978392 17663
2 22389 45 0 1788978392 17946
2 22416 57 0 1788978392 19381
2 22438 50 0 1788978392 20694
2 22445 53 0 1788978392 21029
2 22447 49 0 1788978392 21139
2 22479 53 0 1788978392 22843
2 22505 46 0 1788978392 24190
2 22542 46 0 1788978392 26095
2 22571 55 0 1788978392 27547
2 22581 57 0 1788978392 28102
2 22590 56 0 1788978392 28582
2 22616 48 0 1788978392 29945
2 22630 57 0 1788978392 30707
2 22662 50 0 1788978392 32624
2 22674 46 0 1788978392 33236
2 22690 50 0 1788978392 34040
2 22701 82 0 1788978392 34665
2 22708 54 0 1788978392 35072
2 22739 51 0 1788978392 36708
2 22748 44 0 1788978392 37158
2 22773 54 0 1788978392 38576
2 22800 55 0 1788978392 40026
2 22825 52 0 1788978392 41267
2 22842 52 0 1788978392 42218
2 22843 49 0 1788978392 42271
2 22849 78 0 1788978392 42640
2 22919 57 0 1788978392 46394
2 22924 53 0 1788978392 46681
2 22977 37 0 1788978392 49056
2 22990 58 0 1788978392 49866
2 22995 67 0 1788978392 50201
2 23026 44 0 1788978392 52029
2 23028 43 0 1788978392 52120
2 23037 44 0 1788978392 52515
2 23069 55 0 1788978392 54369
2 23077 65 0 1788978392 54851
2 23095 43 0 1788978392 55847
2 23148 58 0 1788978392 58836
2 23163 52 0 1788978392 59576
2 23173 39 0 1788978392 59978
2 23206 48 0 1788978392 61769
2 23274 55 0 1788978392 65528
2 23286 47 0 1788978392 66294
2 23353 45 0 1788978392 70163
2 23372 47 0 1788978392 71085
2 23378 48 0 1788978392 71387
2 23392 52 0 1788978392 72242
2 23397 49 0 1788978392 72503
2 23428 42 0 1788978392 74056
2 23435 90 0 1788978392 74491
2 23477 46 0 1788978392 76860
2 23492 43 0 1788978392 77523
2 23511 60 0 1788978392 78418
2 23514 54 0 1788978392 78590
2 23541 42 0 1788978392 80295
2 23544 45 0 1788978392 80428
2 23558 39 0 1788978392 81071
2 23608 47 0 1788978392 83807
2 23623 49 0 1788978392 84584
2 23653 44 0 1788978392 86434
2 23659 55 0 1788978392 86800
2 23660 52 0 1788978392 86855
2 23665 38 0 1788978392 87128
2 23739 39 0 1788978392 91149
2 23801 66 0 1788978392 94898
2 23826 76 0 1788978392 99153
2 23830 87 0 1788978392 99530
2 23858 66 0 1788978392 102083
2 23916 108 0 1788978392 107707
2 23927 107 0 1788978392 108752
2 23929 78 0 1788978392 108989
2 23953 75 0 1788978392 110845
2 23962 79 0 1788978392 111479
2 23966 64 0 1788978392 111753
2 23976 86 0 1788978392 112433
2 24016 65 0 1788978392 115410
2 24104 50 0 1788978392 120955
2 24118 79 0 1788978392 121978
2 24121 78 0 1788978392 122221
2 24174 98 0 1788978392 126361
2 24183 58 0 1788978392 127009
2 24211 74 0 1788978392 128826
2 24215 82 0 1788978392 129175
2 24236 52 0 1788978392 130555
2 24242 61 0 1788978392 131018
2 24261 67 0 1788978392 132282
2 24262 56 0 1788978392 132343
2 24279 126 0 1788978392 133716
2 24294 49 0 1788978392 134765
2 24333 69 0 1788978392 137445
2 24354 69 0 1788978392 138587
2 24373 131 0 1788978392 140374
2 24377 102 0 1788978392 140774
2 24411 65 0 1788978392 143320
2 24455 63 0 1788978392 146291
2 24493 54 0 1788978392 148764
2 24515 45 0 1788978392 149871
2 24556 71 0 1788978392 152168
2 24563 71 0 1788978392 152624
2 24574 39 0 1788978392 153185
2 24621 52 0 1788978392 155759
2 24630 45 0 1788978392 156209
2 24648 36 0 1788978392 157107
2 24683 88 0 1788978392 159026
2 24708 49 0 1788978392 160736
2 24742 52 0 1788978392 162498
2 24772 41 0 1788978392 164209
2 24809 48 0 1788978392 166188
2 24855 52 0 1788978392 168700
2 24881 55 0 1788978392 170306
2 24883 63 0 1788978392 170427
2 24910 63 0 1788978392 172213
2 24926 61 0 1788978392 173357
2 24929 52 0 1788978392 173534
2 24932 58 0 1788978392 173727
2 24957 43 0 1788978392 175113
2 24963 44 0 1788978392 175374
2 24969 61 0 1788978392 175667
2 24977 58 0 1788978392 176143
2 25004 58 0 1788978392 177752
2 25066 48 0 1788978392 180776
2 25076 54 0 1788978392 181317
2 25093 47 0 1788978392 182237
2 25108 44 0 1788978392 183002
2 25143 55 0 1788978392 184912
2 25192 59 0 1788978392 187580
2 25217 53 0 1788978392 189042
2 25231 78 0 1788978392 189999
2 25238 42 0 1788978392 190331
2 25262 57 0 1788978392 191610
2 25267 62 0 1788978392 191931
2 25282 48 0 1788978392 192722
2 25310 41 0 1788978392 194079
2 25311 41 0 1788978392 194122
2 25336 54 0 1788978392 195270
2 25342 84 0 1788978392 195654
2 25412 60 0 1788978392 199391
2 25459 56 0 1788978392 201845
2 25468 49 0 1788978392 202335
2 25477 61 0 1788978392 202874
2 25519 86 0 1788978392 205663
2 25535 45 0 1788978392 206605
2 25550 48 0 1788978392 207434
2 25563 42 0 1788978392 208128
2 25571 40 0 1788978392 208474
2 25581 61 0 1788978392 209051
2 25626 42 0 1788978392 211586
2 25628 41 0 1788978392 211678
2 25698 41 0 1788978392 215278
2 25713 57 0 1788978392 215968
2 25728 69 0 1788978392 216938
2 25745 57 0 1788978392 217937
2 25746 57 0 1788978392 217996
2 25844 36 0 1788978392 222780
2 25943 56 0 1788978392 228065
2 25963 43 0 1788978392 229237
2 25968 42 0 1788978392 229456
2 25985 62 0 1788978392 230289
2 25992 75 0 1788978392 230767
2 25998 69 0 1788978392 231173
2 26002 86 0 1788978392 231436
2 26003 65 0 1788978392 231505
2 26061 75 0 1788978392 235020
2 26066 81 0 1788978392 235430
2 26076 45 0 1788978392 236017
2 26115 51 0 1788978392 238044
2 26118 51 0 1788978392 238197
2 26172 124 0 1788978392 241075
2 26180 65 0 1788978392 241611
2 26183 72 0 1788978392 241825
2 26186 65 0 1788978392 242058
2 26212 40 0 1788978392 243421
2 26272 66 0 1788978392 246376
2 26298 41 0 1788978392 247494
2 26301 48 0 1788978392 247627
2 26315 55 0 1788978392 248294
2 26316 57 0 1788978392 248353
2 26338 62 0 1788978392 249747
2 26343 58 0 1788978392 250042
2 26346 56 0 1788978392 250217
2 26380 115 0 1788978392 252084
2 26388 92 0 1788978392 252838
2 26405 74 0 1788978392 254023
2 26413 78 0 1788978392 254519
2 26424 61 0 1788978392 255169
2 26444 59 0 1788978392 256364
2 26446 41 0 1788978392 256448
2 26454 44 0 1788978392 256828
2 26456 42 0 1788978392 256914
2 26490 78 0 1788978392 258668
2 26494 84 0 1788978392 258965
2 26509 50 0 1788978392 259977
2 26515 40 0 1788978392 260301
2 26567 74 0 1788978392 264302
2 26574 107 0 1788978392 264847
2 26575 81 0 1788978392 264932
2 26613 69 0 1788978392 267269
2 26627 55 0 1788978392 268137
2 26637 53 0 1788978392 268695
2 26645 49 0 1788978392 269085
2 26648 50 0 1788978392 269233
2 26688 59 0 1788978392 271158
2 26714 84 0 1788978392 272634
2 26728 41 0 1788978392 273277
2 26740 40 0 1788978392 273754
2 26752 86 0 1788978392 274574
2 26765 54 0 1788978392 275382
2 26770 75 0 1788978392 275675
2 26807 38 0 1788978392 277307
2 26822 63 0 1788978392 277984
2 26827 58 0 1788978392 278284
2 26839 67 0 1788978392 279017
2 26870 51 0 1788978392 280656
2 26878 58 0 1788978392 281127
2 26885 54 0 1788978392 281511
2 26913 58 0 1788978392 283341
2 26962 57 0 1788978392 285762
2 26987 51 0 1788978392 287133
2 27001 38 0 1788978392 287863
2 27015 40 0 1788978392 288465
2 27023 43 0 1788978392 288811
2 27027 58 0 1788978392 288993
2 27035 76 0 1788978392 289501
2 27037 79 0 1788978392 289672
2 27108 60 0 1788978392 294211
2 27123 76 0 1788978392 295137
2 27160 73 0 1788978392 297835
2 27163 68 0 1788978392 298029
2 27185 69 0 1788978392 299783
2 27206 67 0 1788978392 301233
2 27231 69 0 1788978392 303084
2 27246 47 0 1788978392 304059
2 27247 71 0 1788978392 304131
2 27265 49 0 1788978392 305053
2 27279 57 0 1788978392 305790
2 27281 53 0 1788978392 305899
2 27288 51 0 1788978392 306264
2 27301 49 0 1788978392 306947
2 27302 50 0 1788978392 306999
2 27310 51 0 1788978392 307407
2 27320 56 0 1788978392 308000
2 27323 54 0 1788978392 308158
2 27338 49 0 1788978392 308887
2 27346 57 0 1788978392 309325
2 27347 58 0 1788978392 309385
2 27363 55 0 1788978392 310474
2 27388 76 0 1788978392 312016
2 27421 55 0 1788978392 314321
2 27433 0 0 1788978392 315644
2 27435 0 0 1788978392 315830
2 27447 73 0 1788978392 316754
2 27448 83 0 1788978392 316842
2 27515 63 0 1788978392 321407
2 27541 0 0 1788978392 322996
2 27547 57 0 1788978392 323419
2 27557 45 0 1788978392 323968
2 27568 50 0 1788978392 324534
2 27579 60 0 1788978392 325218
2 27614 46 0 1788978392 327142
2 27654 57 0 1788978392 329356
2 27672 38 0 1788978392 330262
2 27689 59 0 1788978392 331069
2 27753 80 0 1788978392 335581
2 27763 70 0 1788978392 336236
2 27780 57 0 1788978392 337532
2 27811 51 0 1788978392 339581
2 27813 71 0 1788978392 339720
2 27828 71 0 1788978392 340672
2 27857 89 0 1788978392 342421
2 27871 54 0 1788978392 343242
2 27892 42 0 1788978392 344354
2 27922 38 0 1788978392 345541
2 27928 55 0 1788978392 345817
2 27932 92 0 1788978392 346057
2 27980 38 0 1788978392 348843
2 27985 45 0 1788978392 349045
2 28005 58 0 1788978392 350091
2 28009 59 0 1788978392 350340
2 28014 69 0 1788978392 350634
2 28026 40 0 1788978392 351213
2 28031 54 0 1788978392 351487
2 28036 54 0 1788978392 351793
2 28052 37 0 1788978392 352535
2 28067 44 0 1788978392 353177
2 28117 71 0 1788978392 356392
2 28118 70 0 1788978392 356466
2 28126 62 0 1788978392 357071
2 28176 58 0 1788978392 360460
2 28177 63 0 1788978392 360526
2 28183 70 0 1788978392 360988
2 28197 47 0 1788978392 361782
2 28205 64 0 1788978392 362252
2 28309 46 0 1788978392 367585
2 28331 71 0 1788978392 368797
2 28352 59 0 1788978392 369980
2 28409 48 0 1788978392 372788
2 28428 48 0 1788978392 373692
2 28444 40 0 1788978392 374589
2 28457 53 0 1788978392 375217
2 28494 62 0 1788978392 377360
2 28544 57 0 1788978392 379900
2 28591 39 0 1788978392 382354
2 28599 44 0 1788978392 382679
2 28669 37 0 1788978392 386483
2 28730 44 0 1788978392 389615
2 28743 40 0 1788978392 390173
2 28831 45 0 1788978392 394505
2 28857 65 0 1788978392 396034
2 28858 59 0 1788978392 396096
2 28902 49 0 1788978392 398271
2 28913 62 0 1788978392 398908
2 28919 60 0 1788978392 399261
2 28930 53 0 1788978392 399898
2 28947 43 0 1788978392 400980
2 28963 77 0 1788978392 402060
2 29002 51 0 1788978392 404524
2 29012 48 0 1788978392 405036
2 29016 48 0 1788978392 405246
2 29036 49 0 1788978392 406288
2 29047 63 0 1788978392 406905
2 29055 49 0 1788978392 407329
2 29099 49 0 1788978392 409554
2 29102 57 0 1788978392 409751
2 29107 57 0 1788978392 410047
2 29115 58 0 1788978392 410530
2 29128 57 0 1788978392 411319
2 29131 50 0 1788978392 411481
2 29165 65 0 1788978392 413435
2 29166 65 0 1788978392 413504
2 29184 56 0 1788978392 414539
2 29188 57 0 1788978392 414777
2 29190 56 0 1788978392 414892
2 29209 48 0 1788978392 415954
2 29229 67 0 1788978392 417061
2 29239 88 0 1788978392 417753
2 29262 42 0 1788978392 419043
2 29264 43 0 1788978392 419130
2 29272 43 0 1788978392 419471
2 29338 61 0 1788978392 423662
2 29360 47 0 1788978392 424901
2 29364 60 0 1788978392 425127
2 29375 49 0 1788978392 425715
2 29378 40 0 1788978392 425844
2 29390 49 0 1788978392 426403
2 29436 59 0 1788978392 428854
2 29474 44 0 1788978392 430730
2 29479 66 0 1788978392 431042
2 29481 75 0 1788978392 431187
2 29523 38 0 1788978392 433368
2 29527 41 0 1788978392 433526
2 29583 56 0 1788978392 436562
2 29673 79 0 1788978392 441913
2 29682 71 0 1788978392 442647
2 29701 84 0 1788978392 443836
2 29727 63 0 1788978392 445797
2 29745 42 0 1788978392 446847
2 29795 41 0 1788978392 449246
2 29835 46 0 1788978392 451209
2 29846 50 0 1788978392 451765
2 29864 60 0 1788978392 452900
2 29866 63 0 1788978392 453032
2 29911 38 0 1788978392 455409
2 29914 41 0 1788978392 455529
2 29933 73 0 1788978392 456709
2 29950 46 0 1788978392 457749
2 29967 40 0 1788978392 458534
2 29976 50 0 1788978392 458948
2 29991 51 0 1788978392 459792
2 30026 87 0 1788978392 461692
2 30055 48 0 1788978392 463078
2 30072 48 0 1788978392 463909
2 30099 61 0 1788978392 465292
2 30167 49 0 1788978392 469125
2 30185 61 0 1788978392 470148
2 30186 55 0 1788978392 470206
2 30204 53 0 1788978392 471232
2 30228 51 0 1788978392 472485
2 30238 47 0 1788978392 472965
2 30245 46 0 1788978392 473299
2 30247 50 0 1788978392 473400
2 30271 52 0 1788978392 474790
2 30278 51 0 1788978392 475143
2 30302 53 0 1788978392 476416
2 30325 52 0 1788978392 477485
2 30357 65 0 1788978392 479156
2 30368 53 0 1788978392 479769
2 30370 56 0 1788978392 479885
2 30384 46 0 1788978392 480618
2 30385 47 0 1788978392 480667
2 30397 40 0 1788978392 481219
2 30406 44 0 1788978392 481606
2 30416 50 0 1788978392 482087
2 30466 52 0 1788978392 484783
2 30469 49 0 1788978392 484948
2 30471 51 0 1788978392 485053
2 30482 67 0 1788978392 485754
2 30499 87 0 1788978392 487025
2 30503 79 0 1788978392 487346
2 30538 51 0 1788978392 488987
2 30563 48 0 1788978392 490319
2 30574 47 0 1788978392 490994
2 30615 50 0 1788978392 493289
2 30669 58 0 1788978392 496157
2 30675 56 0 1788978392 496509
2 30680 64 0 1788978392 496856
2 30760 52 0 1788978392 501659
2 30772 59 0 1788978392 502218
2 30784 54 0 1788978392 502920
2 30788 67 0 1788978392 503178
2 30800 61 0 1788978392 503845
2 30801 62 0 1788978392 503910
2 30839 62 0 1788978392 505831
2 30862 70 0 1788978392 507250
2 30885 45 0 1788978392 508552
2 30887 53 0 1788978392 508652
2 30892 49 0 1788978392 508881
2 30896 48 0 1788978392 509075
2 30951 40 0 1788978392 512143
2 30968 43 0 1788978392 512878
2 30975 45 0 1788978392 513194
2 31028 38 0 1788978392 516096
2 31069 0 0 1788978392 518151
2 31128 65 0 1788978392 521199
2 31157 39 0 1788978392 523092
2 31164 47 0 1788978392 523400
2 31172 58 0 1788978392 524421
2 31183 74 0 1788978392 525705
2 31192 47 0 1788978392 526208
2 31200 42 0 1788978392 526602
2 31241 51 0 1788978392 529898
2 31274 43 0 1788978392 532150
2 31294 51 0 1788978392 533176
2 31312 57 0 1788978392 534186
2 31316 47 0 1788978392 534408
2 31335 60 0 1788978392 535384
2 31430 68 0 1788978392 540785
2 31443 81 0 1788978392 541635
2 31586 44 0 1788978392 549928
2 31595 46 0 1788978392 550278
2 31609 63 0 1788978392 551058
2 31613 69 0 1788978392 551337
2 31615 73 0 1788978392 551483
2 31670 61 0 1788978392 554546
2 31672 74 0 1788978392 554680
2 31700 51 0 1788978392 556103
2 31704 40 0 1788978392 556320
2 31716 48 0 1788978392 556859
2 31738 71 0 1788978392 558192
2 31745 66 0 1788978392 558626
2 31782 44 0 1788978392 560581
2 31783 107 0 1788978392 560691
2 31792 75 0 1788978392 561352
2 31851 73 0 1788978392 565069
2 31863 50 0 1788978392 565756
2 31869 56 0 1788978392 566110
2 31903 66 0 1788978392 568056
2 31912 61 0 1788978392 568624
2 31915 61 0 1788978392 568808
2 31937 46 0 1788978392 569974
2 31938 42 0 1788978392 570018
2 31948 50 0 1788978392 570475
2 31963 69 0 1788978392 571315
2 31987 77 0 1788978392 573122
2 31994 0 0 1788978392 573603
2 32020 227 0 1788978392 575938
2 32052 46 0 1788978392 577845
2 32073 64 0 1788978392 578865
2 32110 48 0 1788978392 581210
2 32148 53 0 1788978392 583087
2 32166 83 0 1788978392 584203
2 32167 72 0 1788978392 584278
2 32317 46 0 1788978392 592383
2 32344 55 0 1788978392 593990
2 32361 55 0 1788978392 595000
2 32364 57 0 1788978392 595174
2 32407 66 0 1788978392 597401
2 32496 66 0 1788978392 602275
2 32535 57 0 1788978392 604430
2 32540 68 0 1788978392 604789
2 32550 60 0 1788978392 605411
2 32558 57 0 1788978392 605901
2 32563 59 0 1788978392 606197
2 32574 49 0 1788978392 606843
2 32583 36 0 1788978392 607242
2 32592 33 0 1788978392 607560
2 32597 43 0 1788978392 607782
2 32618 51 0 1788978392 608984
2 32624 52 0 1788978392 609326
2 32638 51 0 1788978392 610070
2 32647 45 0 1788978392 610444
2 32669 77 0 1788978392 611760
2 32737 52 0 1788978392 617094
2 32771 44 0 1788978392 619014
2 32836 44 0 1788978392 622603
2 32837 51 0 1788978392 622657
2 32870 65 0 1788978392 624595
2 32874 61 0 1788978392 624905
2 32895 48 0 1788978392 625971
2 32908 49 0 1788978392 626607
2 32969 45 0 1788978392 629846
2 32980 64 0 1788978392 630436
2 32984 62 0 1788978392 630678
2 32988 50 0 1788978392 630902
2 33043 62 0 1788978392 633699
2 33062 67 0 1788978392 634971
2 33069 64 0 1788978392 635400
2 33078 53 0 1788978392 636009
2 33105 53 0 1788978392 637308
2 33107 53 0 1788978392 637418
2 33125 60 0 1788978392 638477
2 33182 79 0 1788978392 641667
2 33185 67 0 1788978392 641862
2 33245 63 0 1788978392 645543
2 33261 56 0 1788978392 646629
2 33265 55 0 1788978392 646846
2 33276 58 0 1788978392 647461
2 33296 48 0 1788978392 648557
2 33305 59 0 1788978392 649055
2 33337 58 0 1788978392 651233
2 33376 74 0 1788978392 653362
2 33385 41 0 1788978392 653884
2 33391 53 0 1788978392 654207
2 33395 67 0 1788978392 654479
2 33411 47 0 1788978392 655368
2 33428 45 0 1788978392 656238
2 33452 66 0 1788978392 657649
2 33455 72 0 1788978392 657855
2 33456 62 0 1788978392 657920
2 33508 62 0 1788978392 660871
2 33511 70 0 1788978392 661162
2 33530 62 0 1788978392 662460
2 33563 55 0 1788978392 664235
2 33576 54 0 1788978392 665002
2 33587 43 0 1788978392 665563
2 33590 54 0 1788978392 665727
2 33617 42 0 1788978392 667054
2 33623 47 0 1788978392 667335
2 33629 43 0 1788978392 667610
2 33634 51 0 1788978392 667928
2 33635 54 0 1788978392 667984
2 33636 57 0 1788978392 668042
2 33650 60 0 1788978392 668853
2 33654 65 0 1788978392 669126
2 33662 54 0 1788978392 669609
2 33669 56 0 1788978392 670024
2 33693 53 0 1788978392 671274
2 33698 54 0 1788978392 671540
2 33699 52 0 1788978392 671594
2 33730 51 0 1788978392 673482
2 33733 61 0 1788978392 673650
2 33743 51 0 1788978392 674188
2 33745 50 0 1788978392 674292
2 33753 51 0 1788978392 674729
2 33767 46 0 1788978392 675350
2 33826 52 0 1788978392 678405
2 33837 45 0 1788978392 678940
2 33879 53 0 1788978392 681247
2 33907 43 0 1788978392 682782
2 33911 42 0 1788978392 682953
2 33928 55 0 1788978392 683692
2 33971 57 0 1788978392 686153
2 33978 40 0 1788978392 686443
2 33989 45 0 1788978392 686924
2 34010 61 0 1788978392 688043
2 34021 53 0 1788978392 688726
2 34081 55 0 1788978392 691965
2 34093 57 0 1788978392 692610
2 34112 56 0 1788978392 693620
2 34159 65 0 1788978392 696251
2 34187 47 0 1788978392 697729
2 34225 64 0 1788978392 699882
2 34240 59 0 1788978392 700720
2 34260 53 0 1788978392 701917
2 34289 47 0 1788978392 703501
2 34306 53 0 1788978392 704363
2 34319 56 0 1788978392 705074
2 34324 63 0 1788978392 705363
2 34363 49 0 1788978392 707467
2 34366 85 0 1788978392 707684
2 34390 57 0 1788978392 709202
2 34419 58 0 1788978392 710844
2 34496 50 0 1788978392 715564
2 34506 59 0 1788978392 716114
2 34513 47 0 1788978392 716487
2 34542 45 0 1788978392 717945
2 34571 50 0 1788978392 719374
2 34579 50 0 1788978392 719795
2 34586 47 0 1788978392 720135
2 34592 47 0 1788978392 720418
2 34607 47 0 1788978392 721193
2 34613 40 0 1788978392 721471
2 34645 62 0 1788978392 722873
2 34646 66 0 1788978392 722942
2 34665 71 0 1788978392 724261
2 34675 104 0 1788978392 724953
2 34704 83 0 1788978392 726727
2 34706 60 0 1788978392 726853
2 34727 58 0 1788978392 728123
2 34729 49 0 1788978392 728235
2 34731 45 0 1788978392 728330
2 34745 60 0 1788978392 729014
2 34750 47 0 1788978392 729248
2 34769 48 0 1788978392 730239
2 34780 66 0 1788978392 730876
2 34784 54 0 1788978392 731091
2 34792 57 0 1788978392 731575
2 34817 50 0 1788978392 733042
2 34820 52 0 1788978392 733210
2 34823 52 0 1788978392 733368
2 34938 58 0 1788978392 739841
2 34953 66 0 1788978392 740722
2 34957 61 0 1788978392 740980
2 34960 60 0 1788978392 741165
2 34964 58 0 1788978392 741415
2 34991 53 0 1788978392 742817
2 35007 62 0 1788978392 743537
2 35075 58 0 1788978392 747379
2 35094 60 0 1788978392 748496
2 35098 71 0 1788978392 748752
2 35101 52 0 1788978392 748912
2 35110 39 0 1788978392 749383
2 35163 64 0 1788978392 752251
2 35173 66 0 1788978392 752813
2 35202 54 0 1788978392 754136
2 35223 48 0 1788978392 755359
2 35269 41 0 1788978392 757680
2 35278 62 0 1788978392 758211
2 35279 68 0 1788978392 758283
2 35320 86 0 1788978392 760958
2 35353 43 0 1788978392 763083
2 35364 46 0 1788978392 763605
2 35365 56 0 1788978392 763663
2 35372 48 0 1788978392 764022
2 35391 52 0 1788978392 765196
2 35396 53 0 1788978392 765473
2 35418 62 0 1788978392 766681
2 35420 41 0 1788978392 766768
2 35421 42 0 1788978392 766812
2 35439 40 0 1788978392 767599
2 35469 68 0 1788978392 769216
2 35493 46 0 1788978392 770496
2 35525 100 0 1788978392 772693
2 35534 57 0 1788978392 773285
2 35582 51 0 1788978392 775932
2 35584 55 0 1788978392 776046
2 35599 50 0 1788978392 776872
2 35618 49 0 1788978392 777834
2 35619 53 0 1788978392 777890
2 35667 67 0 1788978392 780620
2 35716 51 0 1788978392 783133
2 35746 45 0 1788978392 784727
2 35747 39 0 1788978392 784769
2 35748 43 0 1788978392 784813
2 35753 78 0 1788978392 785091
2 35758 45 0 1788978392 785330
2 35765 50 0 1788978392 785640
2 35806 74 0 1788978392 787852
2 35814 56 0 1788978392 788307
2 35819 49 0 1788978392 788588
2 35821 49 0 1788978392 788692
2 35823 46 0 1788978392 788788
2 35824 47 0 1788978392 788838
2 35831 47 0 1788978392 789170
2 35926 76 0 1788978392 794316
2 35931 67 0 1788978392 794709
2 35950 55 0 1788978392 795867
2 35961 50 0 1788978392 796428
2 35987 53 0 1788978392 798085
2 36020 83 0 1788978392 800207
2 36027 85 0 1788978392 800780
2 36068 74 0 1788978392 803486
2 36071 62 0 1788978392 803670
2 36080 79 0 1788978392 804331
2 36089 108 0 1788978392 805108
2 36092 93 0 1788978392 805344
2 36102 61 0 1788978392 806083
2 36125 73 0 1788978392 807618
2 36146 48 0 1788978392 808867
2 36148 52 0 1788978392 808970
2 36163 77 0 1788978392 809941
2 36180 77 0 1788978392 811065
2 36243 87 0 1788978392 815953
2 36249 65 0 1788978392 816418
2 36271 59 0 1788978392 818014
2 36290 72 0 1788978392 819534
2 36291 130 0 1788978392 819669
2 36310 64 0 1788978392 821212
2 36337 72 0 1788978392 823083
2 36338 65 0 1788978392 823152
2 36358 64 0 1788978392 824592
2 36415 60 0 1788978392 828996
2 36457 93 0 1788978392 831856
2 36486 84 0 1788978392 834419
2 36493 82 0 1788978392 835118
2 36496 75 0 1788978392 835352
2 36506 74 0 1788978392 836138
2 36541 65 0 1788978392 838959
2 36548 72 0 1788978392 839470
2 36584 76 0 1788978392 842112
2 36590 135 0 1788978392 842808
2 36594 81 0 1788978392 843179
2 36616 57 0 1788978392 844527
2 36627 55 0 1788978392 845183
2 36639 54 0 1788978392 845871
2 36700 49 0 1788978392 849076
2 36736 53 0 1788978392 851125
2 36781 61 0 1788978392 854006
2 36800 47 0 1788978392 855053
2 36820 116 0 1788978392 856708
2 36830 66 0 1788978392 857800
2 36848 74 0 1788978392 859555
2 36850 77 0 1788978392 859736
2 36909 67 0 1788978392 864899
2 36938 95 0 1788978392 867560
2 36952 110 0 1788978392 868707
2 36964 70 0 1788978392 870062
2 36978 68 0 1788978392 871088
2 37007 91 0 1788978392 873556
2 37038 77 0 1788978392 876043
2 37049 73 0 1788978392 876968
2 37066 64 0 1788978392 878513
2 37125 75 0 1788978392 883326
2 37138 73 0 1788978392 884285
2 37202 69 0 1788978392 889356
2 37211 73 0 1788978392 890143
2 37220 73 0 1788978392 891077
2 37230 96 0 1788978392 891864
2 37242 98 0 1788978392 892846
2 37249 82 0 1788978392 893371
2 37270 75 0 1788978392 894868
2 37285 62 0 1788978392 895833
2 37342 58 0 1788978392 900019
2 37369 62 0 1788978392 902155
2 37385 55 0 1788978392 903248
2 37393 65 0 1788978392 903759
2 37395 68 0 1788978392 903907
2 37396 58 0 1788978392 903969
2 37408 74 0 1788978392 904800
2 37459 51 0 1788978392 908143
2 37501 54 0 1788978392 910763
2 37513 65 0 1788978392 911530
2 37517 81 0 1788978392 911877
2 37540 51 0 1788978392 913359
2 37574 56 0 1788978392 915293
2 37580 92 0 1788978392 915662
2 37614 56 0 1788978392 917730
2 37635 53 0 1788978392 918979
2 37691 67 0 1788978392 922023
2 37706 65 0 1788978392 923008
2 37707 68 0 1788978392 923079
2 37722 63 0 1788978392 924158
2 37725 61 0 1788978392 924354
2 37737 95 0 1788978392 925445
2 37741 87 0 1788978392 925848
2 37769 68 0 1788978392 927959
2 37781 59 0 1788978392 928863
2 37812 61 0 1788978392 931326
2 37813 59 0 1788978392 931389
2 37819 77 0 1788978392 931861
2 37839 59 0 1788978392 933280
2 37841 67 0 1788978392 933418
2 37882 61 0 1788978392 936435
2 37904 69 0 1788978392 938083
2 37909 56 0 1788978392 938416
2 37910 71 0 1788978392 938489
2 37934 59 0 1788978392 940236
2 37946 63 0 1788978392 940921
2 37970 66 0 1788978392 942553
2 37995 65 0 1788978392 944140
2 38063 72 0 1788978392 948835
2 38070 68 0 1788978392 949327
2 38080 66 0 1788978392 950078
2 38101 81 0 1788978392 951687
2 38108 103 0 1788978392 952205
2 38117 66 0 1788978392 952856
2 38180 75 0 1788978392 957870
2 38191 120 0 1788978392 958761
2 38194 67 0 1788978392 958983
2 38205 65 0 1788978392 959642
2 38304 71 0 1788978392 966376
2 38316 79 0 1788978392 967366
2 38326 71 0 1788978392 968186
2 38342 60 0 1788978392 969311
2 38387 58 0 1788978392 972851
2 38392 66 0 1788978392 973193
2 38395 66 0 1788978392 973399
2 38396 65 0 1788978392 973467
2 38401 78 0 1788978392 973857
2 38434 53 0 1788978392 976127
2 38448 49 0 1788978392 976912
2 38478 55 0 1788978392 978965
2 38480 57 0 1788978392 979089
2 38506 55 0 1788978392 981004
2 38507 75 0 1788978392 981084
2 38509 78 0 1788978392 981244
2 38523 63 0 1788978392 982393
2 38564 66 0 1788978392 985138
2 38604 58 0 1788978392 987721
2 38617 72 0 1788978392 988554
2 38647 57 0 1788978392 990605
2 38664 73 0 1788978392 991736
2 38689 48 0 1788978392 993252
2 38690 51 0 1788978392 993306
2 38700 78 0 1788978392 994012
2 38705 77 0 1788978392 994363
2 38725 63 0 1788978392 996214
2 38747 58 0 1788978392 997578
2 38766 53 0 1788978392 998945
2 38779 72 0 1788978392 999998
2 38788 104 0 1788978393 821
2 38828 71 0 1788978393 4149
2 38836 77 0 1788978393 4841
2 38854 86 0 1788978393 6683
2 38867 71 0 1788978393 7533
2 38873 75 0 1788978393 8037
2 38874 80 0 1788978393 8120
2 38897 64 0 1788978393 9754
2 38917 53 0 1788978393 11084
2 38929 55 0 1788978393 11773
2 38931 73 0 1788978393 11920
2 38961 79 0 1788978393 14036
2 38979 61 0 1788978393 15351
2 38987 49 0 1788978393 15839
2 39056 59 0 1788978393 20427
2 39097 85 0 1788978393 23599
2 39134 66 0 1788978393 26109
2 39145 58 0 1788978393 26805
2 39160 68 0 1788978393 27719
2 39161 63 0 1788978393 27785
2 39190 56 0 1788978393 29580
2 39193 0 0 1788978393 29779
2 39194 67 0 1788978393 29849
2 39214 68 0 1788978393 31315
2 39221 66 0 1788978393 31800
2 39257 68 0 1788978393 34937
2 39338 80 0 1788978393 41176
2 39346 65 0 1788978393 41688
2 39349 78 0 1788978393 41917
2 39350 74 0 1788978393 41995
2 39359 51 0 1788978393 42577
2 39367 77 0 1788978393 43125
2 39412 91 0 1788978393 46423
2 39415 87 0 1788978393 46672
2 39422 62 0 1788978393 47241
2 39460 57 0 1788978393 49766
2 39468 62 0 1788978393 50274
2 39482 62 0 1788978393 51235
2 39483 65 0 1788978393 51304
2 39521 57 0 1788978393 53916
2 39525 65 0 1788978393 54177
2 39534 64 0 1788978393 54743
2 39568 59 0 1788978393 56711
2 39584 52 0 1788978393 57608
2 39588 52 0 1788978393 57836
2 39600 50 0 1788978393 58495
2 39623 63 0 1788978393 59753
2 39657 58 0 1788978393 61831
2 39664 47 0 1788978393 62200
2 39681 44 0 1788978393 63055
2 39727 91 0 1788978393 66076
2 39785 78 0 1788978393 71207
2 39817 66 0 1788978393 73844
2 39847 66 0 1788978393 76131
2 39858 64 0 1788978393 76986
2 39870 81 0 1788978393 77994
2 39904 41 0 1788978393 80084
2 39905 51 0 1788978393 80139
2 39913 44 0 1788978393 80573
2 39916 45 0 1788978393 80726
2 39932 46 0 1788978393 81507
2 39937 41 0 1788978393 81750
2 39941 41 0 1788978393 81916
2 39954 46 0 1788978393 82455
2 39955 44 0 1788978393 82500
2 39962 45 0 1788978393 82859
2 39965 46 0 1788978393 82997
2 39971 43 0 1788978393 83268
2 39975 65 0 1788978393 83535
2 39990 63 0 1788978393 84528
2 40023 0 0 1788978393 86812
2 40038 0 0 1788978393 87899
2 40060 94 0 1788978393 89633
2 40084 68 0 1788978393 91377
2 40118 53 0 1788978393 94082
2 40141 75 0 1788978393 95722
2 40153 63 0 1788978393 96554
2 40162 65 0 1788978393 97194
2 40163 66 0 1788978393 97264
2 40180 63 0 1788978393 98428
2 40212 95 0 1788978393 100768
2 40235 66 0 1788978393 102584
2 40238 73 0 1788978393 102809
2 40269 76 0 1788978393 105125
2 40273 84 0 1788978393 105412
2 40274 93 0 1788978393 105509
2 40304 74 0 1788978393 107650
2 40370 71 0 1788978393 113540
2 40382 118 0 1788978393 114536
2 40396 84 0 1788978393 115729
2 40406 79 0 1788978393 116578
2 40410 85 0 1788978393 116958
2 40415 0 0 1788978393 117400
2 40429 80 0 1788978393 118450
2 40468 58 0 1788978393 121390
2 40471 0 0 1788978393 121611
2 40503 74 0 1788978393 124175
2 40507 71 0 1788978393 124512
2 40533 82 0 1788978393 126130
2 40536 52 0 1788978393 126303
2 40561 53 0 1788978393 127648
2 40574 41 0 1788978393 128261
2 40662 66 0 1788978393 132646
2 40673 56 0 1788978393 133258
2 40676 75 0 1788978393 133489
2 40699 60 0 1788978393 134912
2 40707 49 0 1788978393 135340
2 40712 54 0 1788978393 135602
2 40723 52 0 1788978393 136199
2 40726 56 0 1788978393 136374
2 40766 49 0 1788978393 138721
2 40770 50 0 1788978393 138941
2 40777 49 0 1788978393 139292
2 40787 49 0 1788978393 139789
2 40798 45 0 1788978393 140291
2 40802 58 0 1788978393 140525
2 40807 57 0 1788978393 140820
2 40822 73 0 1788978393 141652
2 40824 49 0 1788978393 141758
2 40840 0 0 1788978393 142597
2 40852 46 0 1788978393 143245
2 40853 46 0 1788978393 143294
2 40872 74 0 1788978393 144500
2 40898 54 0 1788978393 146350
2 40948 43 0 1788978393 148955
2 40998 76 0 1788978393 152049
2 41072 54 0 1788978393 156332
2 41120 85 0 1788978393 159398
2 41139 55 0 1788978393 160784
2 41164 62 0 1788978393 162401
2 41177 47 0 1788978393 163181
2 41178 55 0 1788978393 163239
2 41224 47 0 1788978393 165755
2 41233 45 0 1788978393 166199
2 41249 67 0 1788978393 167135
2 41273 102 0 1788978393 168804
2 41292 57 0 1788978393 169971
2 41305 63 0 1788978393 170809
2 41320 67 0 1788978393 171897
2 41322 83 0 1788978393 172054
2 41337 45 0 1788978393 172986
2 41347 60 0 1788978393 173592
2 41366 63 0 1788978393 174813
2 41381 49 0 1788978393 175850
2 41408 54 0 1788978393 177128
2 41419 70 0 1788978393 177750
2 41420 61 0 1788978393 177814
2 41423 53 0 1788978393 177989
2 41447 57 0 1788978393 179410
2 41449 52 0 1788978393 179521
2 41466 46 0 1788978393 180367
2 41468 53 0 1788978393 180483
2 41496 52 0 1788978393 182174
2 41508 54 0 1788978393 182829
2 41539 76 0 1788978393 184515
2 41559 65 0 1788978393 185565
2 41568 46 0 1788978393 186010
2 41581 60 0 1788978393 186688
2 41584 55 0 1788978393 186862
2 41591 57 0 1788978393 187286
2 41596 54 0 1788978393 187580
2 41637 0 0 1788978393 190564
2 41640 71 0 1788978393 190784
2 41676 60 0 1788978393 193286
2 41721 53 0 1788978393 195847
2 41722 58 0 1788978393 195908
2 41738 57 0 1788978393 196865
2 41774 55 0 1788978393 198881
2 41789 65 0 1788978393 199753
2 41802 53 0 1788978393 200536
2 41805 58 0 1788978393 200710
2 41844 40 0 1788978393 202719
2 41849 49 0 1788978393 202977
2 41851 49 0 1788978393 203077
2 41870 51 0 1788978393 204038
2 41909 48 0 1788978393 206168
2 41995 61 0 1788978393 210964
2 42019 52 0 1788978393 212307
2 42043 46 0 1788978393 213469
2 42064 64 0 1788978393 214674
2 42068 45 0 1788978393 214927
2 42073 50 0 1788978393 215180
2 42079 47 0 1788978393 215474
2 42110 50 0 1788978393 217138
2 42118 41 0 1788978393 217475
2 42125 41 0 1788978393 217812
2 42135 60 0 1788978393 218316
2 42165 77 0 1788978393 220083
2 42172 56 0 1788978393 220537
2 42201 60 0 1788978393 222138
2 42211 59 0 1788978393 222692
2 42216 48 0 1788978393 222951
2 42237 53 0 1788978393 224090
2 42243 56 0 1788978393 224423
2 42277 48 0 1788978393 226107
2 42343 53 0 1788978393 229523
2 42346 54 0 1788978393 229702
2 42352 48 0 1788978393 230007
2 42388 49 0 1788978393 231928
2 42427 59 0 1788978393 234200
2 42433 51 0 1788978393 234567
2 42445 55 0 1788978393 235278
2 42474 48 0 1788978393 236844
2 42479 54 0 1788978393 237129
2 42512 59 0 1788978393 239178
2 42575 49 0 1788978393 242903
2 42626 64 0 1788978393 245663
2 42637 53 0 1788978393 246275
2 42646 57 0 1788978393 246809
2 42648 64 0 1788978393 246931
2 42659 50 0 1788978393 247501
2 42688 54 0 1788978393 249090
2 42705 58 0 1788978393 250075
2 42766 51 0 1788978393 253398
2 42774 48 0 1788978393 253824
2 42787 60 0 1788978393 254555
2 42853 55 0 1788978393 258150
2 42865 54 0 1788978393 258819
2 42880 69 0 1788978393 259671
2 42881 45 0 1788978393 259718
2 42885 56 0 1788978393 259920
2 42901 50 0 1788978393 260746
2 42932 63 0 1788978393 262487
2 42949 62 0 1788978393 263785
2 42959 663 0 1788978393 265033
2 42962 100 0 1788978393 265325
2 42968 131 0 1788978393 266451
2 42969 112 0 1788978393 266572
2 42986 64 0 1788978393 268098
2 42987 81 0 1788978393 268183
2 43004 58 0 1788978393 269258
2 43013 50 0 1788978393 269782
2 43052 69 0 1788978393 272034
2 43076 72 0 1788978393 273475
2 43096 89 0 1788978393 274693
2 43101 53 0 1788978393 274979
2 43126 46 0 1788978393 276476
2 43192 64 0 1788978393 280320
2 43200 64 0 1788978393 280775
2 43201 60 0 1788978393 280839
2 43213 50 0 1788978393 281450
2 43229 57 0 1788978393 282347
2 43240 56 0 1788978393 282997
2 43257 50 0 1788978393 283933
2 43270 69 0 1788978393 284647
2 43271 54 0 1788978393 284704
2 43289 53 0 1788978393 285755
2 43299 51 0 1788978393 286277
2 43331 59 0 1788978393 287966
2 43332 58 0 1788978393 288027
2 43335 54 0 1788978393 288196
2 43341 57 0 1788978393 288545
2 43356 57 0 1788978393 289417
2 43364 51 0 1788978393 289878
2 43382 54 0 1788978393 290815
2 43452 62 0 1788978393 294702
2 43455 79 0 1788978393 294927
2 43477 66 0 1788978393 296272
2 43519 67 0 1788978393 298574
2 43521 60 0 1788978393 298714
2 43599 53 0 1788978393 303278
2 43610 51 0 1788978393 303871
2 43718 52 0 1788978393 310091
2 43724 55 0 1788978393 310432
2 43735 48 0 1788978393 311035
2 43749 59 0 1788978393 311837
2 43750 61 0 1788978393 311900
2 43802 64 0 1788978393 314892
2 43815 64 0 1788978393 315771
2 43837 62 0 1788978393 317238
2 43861 69 0 1788978393 319136
2 43871 63 0 1788978393 319920
2 43874 67 0 1788978393 320119
2 43915 51 0 1788978393 322491
2 43957 51 0 1788978393 325067
2 43960 54 0 1788978393 325232
2 43976 55 0 1788978393 326235
2 43991 58 0 1788978393 327357
2 44032 72 0 1788978393 329940
2 44041 59 0 1788978393 330489
2 44078 77 0 1788978393 332994
2 44122 61 0 1788978393 336076
2 44139 67 0 1788978393 337200
2 44199 52 0 1788978393 341218
2 44210 58 0 1788978393 341921
2 44223 59 0 1788978393 342736
2 44243 51 0 1788978393 343939
2 44264 51 0 1788978393 345070
2 44312 49 0 1788978393 347802
2 44322 52 0 1788978393 348335
2 44350 48 0 1788978393 349952
2 44364 78 0 1788978393 350683
2 44382 83 0 1788978393 351756
2 44406 56 0 1788978393 353241
2 44409 53 0 1788978393 353404
2 44416 56 0 1788978393 353884
2 44439 50 0 1788978393 355253
2 44446 79 0 1788978393 355645
2 44487 53 0 1788978393 358269
2 44510 84 0 1788978393 359793
2 44512 61 0 1788978393 359960
2 44529 62 0 1788978393 360963
2 44533 62 0 1788978393 361221
2 44547 56 0 1788978393 362057
2 44574 115 0 1788978393 363683
2 44595 61 0 1788978393 364963
2 44624 68 0 1788978393 366748
2 44706 49 0 1788978393 371784
2 44733 71 0 1788978393 373456
2 44739 57 0 1788978393 373852
2 44786 96 0 1788978393 377201
2 44797 86 0 1788978393 378495
2 44806 57 0 1788978393 379080
2 44808 58 0 1788978393 379201
2 44811 64 0 1788978393 379379
2 44819 51 0 1788978393 379914
2 44823 59 0 1788978393 380150
2 44832 65 0 1788978393 380742
2 44836 59 0 1788978393 380978
2 44875 56 0 1788978393 383239
2 44880 54 0 1788978393 383551
2 44959 54 0 1788978393 388339
2 45000 59 0 1788978393 390887
2 45031 58 0 1788978393 392819
2 45073 55 0 1788978393 395808
2 45083 63 0 1788978393 396550
2 45088 78 0 1788978393 397029
2 45090 66 0 1788978393 397180
2 45102 53 0 1788978393 397939
2 45104 49 0 1788978393 398042
2 45120 73 0 1788978393 399244
2 45128 62 0 1788978393 399765
2 45164 55 0 1788978393 402017
2 45166 52 0 1788978393 402125
2 45168 50 0 1788978393 402229
2 45182 55 0 1788978393 403081
2 45228 61 0 1788978393 405928
2 45272 71 0 1788978393 409028
2 45289 55 0 1788978393 410132
2 45322 68 0 1788978393 412238
2 45339 67 0 1788978393 413315
2 45366 80 0 1788978393 414978
2 45375 63 0 1788978393 415496
2 45408 70 0 1788978393 417845
2 45420 58 0 1788978393 418571
2 45452 55 0 1788978393 420408
2 45482 56 0 1788978393 422086
2 45489 60 0 1788978393 422492
2 45492 59 0 1788978393 422677
2 45494 61 0 1788978393 422800
2 45504 55 0 1788978393 423419
2 45521 54 0 1788978393 424375
2 45527 65 0 1788978393 424733
2 45540 54 0 1788978393 425512
2 45559 65 0 1788978393 426730
2 45562 59 0 1788978393 426907
2 45564 63 0 1788978393 427032
2 45578 56 0 1788978393 427947
2 45652 55 0 1788978393 432268
2 45720 79 0 1788978393 436658
2 45743 65 0 1788978393 438141
2 45778 74 0 1788978393 440600
2 45831 62 0 1788978393 444535
2 45835 55 0 1788978393 444777
2 45836 63 0 1788978393 444843
2 45843 77 0 1788978393 445330
2 45846 62 0 1788978393 445570
2 45853 66 0 1788978393 446046
2 45864 59 0 1788978393 446814
2 45870 70 0 1788978393 447185
2 45888 93 0 1788978393 448422
2 45907 59 0 1788978393 449827
2 45908 58 0 1788978393 449888
2 45913 73 0 1788978393 450226
2 45929 72 0 1788978393 451315
2 45976 67 0 1788978393 455122
2 46027 83 0 1788978393 458479
2 46033 81 0 1788978393 458925
2 46041 76 0 1788978393 459582
2 46045 62 0 1788978393 459841
2 46047 67 0 1788978393 459977
2 46051 65 0 1788978393 460266
2 46097 57 0 1788978393 463509
2 46098 57 0 1788978393 463570
2 46102 57 0 1788978393 463837
2 46115 76 0 1788978393 464743
2 46202 78 0 1788978393 470237
2 46281 56 0 1788978393 475360
2 46300 67 0 1788978393 476545
2 46313 63 0 1788978393 477349
2 46326 53 0 1788978393 478102
2 46336 62 0 1788978393 478828
2 46339 70 0 1788978393 479024
2 46378 66 0 1788978393 481788
2 46427 65 0 1788978393 484847
2 46434 59 0 1788978393 485396
2 46436 58 0 1788978393 485515
2 46438 62 0 1788978393 485640
2 46447 48 0 1788978393 486149
2 46587 82 0 1788978393 495789
2 46625 95 0 1788978393 498876
2 46631 105 0 1788978393 499372
2 46640 89 0 1788978393 500125
2 46656 58 0 1788978393 501251
2 46715 96 0 1788978393 505909
2 46728 85 0 1788978393 506948
2 46760 62 0 1788978393 509229
2 46779 72 0 1788978393 510695
2 46937 67 0 1788978393 523195
2 46944 90 0 1788978393 523652
2 46946 64 0 1788978393 523788
2 46965 63 0 1788978393 525091
2 46974 50 0 1788978393 525689
2 46998 71 0 1788978393 527244
2 47020 74 0 1788978393 528780
2 47043 56 0 1788978393 530273
2 47046 63 0 1788978393 530464
2 47079 81 0 1788978393 533121
2 47094 73 0 1788978393 534338
2 47103 64 0 1788978393 535089
2 47122 85 0 1788978393 536533
2 47155 254 0 1788978393 539227
2 47234 68 0 1788978393 545578
2 47275 63 0 1788978393 548583
2 47297 65 0 1788978393 550127
2 47355 79 0 1788978393 554239
2 47366 71 0 1788978393 555005
2 47381 68 0 1788978393 556113
2 47386 68 0 1788978393 556487
2 47417 74 0 1788978393 558604
2 47420 63 0 1788978393 558804
2 47427 68 0 1788978393 559286
2 47465 62 0 1788978393 562007
2 47484 60 0 1788978393 563197
2 47486 69 0 1788978393 563329
2 47492 66 0 1788978393 563726
2 47502 81 0 1788978393 564524
2 47505 66 0 1788978393 564782
2 47509 76 0 1788978393 565091
2 47513 71 0 1788978393 565380
2 47545 61 0 1788978393 567582
2 47559 73 0 1788978393 568636
2 47567 81 0 1788978393 569185
2 47606 63 0 1788978393 571833
2 47674 71 0 1788978393 576463
2 47706 63 0 1788978393 578770
2 47732 128 0 1788978393 580677
2 47766 70 0 1788978393 582945
2 47807 68 0 1788978393 585594
2 47828 58 0 1788978393 586925
2 47871 63 0 1788978393 589968
2 47877 63 0 1788978393 590362
2 47976 75 0 1788978393 597128
2 47992 61 0 1788978393 598317
2 48008 52 0 1788978393 599348
2 48051 62 0 1788978393 602234
2 48067 67 0 1788978393 603386
2 48078 62 0 1788978393 604116
2 48085 61 0 1788978393 604590
2 48092 56 0 1788978393 605079
2 48112 64 0 1788978393 606285
2 48171 56 0 1788978393 610098
2 48175 98 0 1788978393 610414
2 48182 69 0 1788978393 611005
2 48188 68 0 1788978393 611431
2 48193 68 0 1788978393 611796
2 48202 90 0 1788978393 612479
2 48268 60 0 1788978393 617609
2 48292 63 0 1788978393 619261
2 48294 64 0 1788978393 619393
2 48311 56 0 1788978393 620468
2 48315 58 0 1788978393 620726
2 48316 55 0 1788978393 620784
2 48329 56 0 1788978393 621543
2 48386 73 0 1788978393 625577
2 48394 78 0 1788978393 626130
2 48413 66 0 1788978393 627296
2 48422 81 0 1788978393 627924
2 48429 65 0 1788978393 628382
2 48458 56 0 1788978393 630397
2 48493 65 0 1788978393 632649
2 48501 57 0 1788978393 633132
2 48531 68 0 1788978393 634946
2 48637 73 0 1788978393 642711
2 48689 1537 0 1788978393 653747
2 48744 0 0 1788978393 659632
2 48748 76 0 1788978393 659943
2 48753 75 0 1788978393 660364
2 48757 79 0 1788978393 660669
2 48791 88 0 1788978393 663290
2 48796 69 0 1788978393 663627
2 48798 63 0 1788978393 663768
2 48799 65 0 1788978393 663835
2 48819 82 0 1788978393 665304
2 48831 77 0 1788978393 666337
2 48832 96 0 1788978393 666437
2 48839 77 0 1788978393 667169
2 48842 71 0 1788978393 667400
2 48857 64 0 1788978393 668390
2 48872 65 0 1788978393 669398
2 48905 76 0 1788978393 672184
2 48914 76 0 1788978393 672982
2 48929 77 0 1788978393 674154
2 48935 64 0 1788978393 674552
2 48944 65 0 1788978393 675176
2 48951 108 0 1788978393 675676
2 48983 81 0 1788978393 677962
2 48988 83 0 1788978393 678383
2 48996 117 0 1788978393 679079
2 49007 80 0 1788978393 680008
2 49076 79 0 1788978393 685305
2 49094 0 0 1788978393 686834
2 49107 141 0 1788978393 687971
2 49138 77 0 1788978393 690196
2 49232 95 0 1788978393 697276
2 49240 120 0 1788978393 697995
2 49275 63 0 1788978393 700890
2 49304 70 0 1788978393 702988
2 49317 70 0 1788978393 704006
2 49329 62 0 1788978393 704820
2 49337 57 0 1788978393 705368
2 49338 64 0 1788978393 705435
2 49366 62 0 1788978393 707388
2 49414 63 0 1788978393 711026
2 49446 81 0 1788978393 713431
2 49454 77 0 1788978393 714045
2 49542 61 0 1788978393 720450
2 49561 62 0 1788978393 721776
2 49603 77 0 1788978393 724697
2 49613 68 0 1788978393 725313
2 49649 56 0 1788978393 727760
2 49686 72 0 1788978393 730223
2 49715 57 0 1788978393 732258
2 49727 64 0 1788978393 733165
2 49748 66 0 1788978393 734506
2 49771 68 0 1788978393 736097
2 49831 57 0 1788978393 740259
2 49844 59 0 1788978393 741074
2 49860 64 0 1788978393 742142
2 49877 90 0 1788978393 743302
2 49892 67 0 1788978393 744262
2 49907 76 0 1788978393 745270
2 49920 64 0 1788978393 746157
2 49940 57 0 1788978393 747352
2 49964 58 0 1788978393 748949
2 49985 68 0 1788978393 750405
2 49999 63 0 1788978393 751423
2 50006 74 0 1788978393 751979
2 50007 84 0 1788978393 752068
2 50014 53 0 1788978393 752535
2 50017 67 0 1788978393 752773
2 50024 81 0 1788978393 753230
2 50030 85 0 1788978393 753651
2 50080 72 0 1788978393 756942
2 50081 59 0 1788978393 757002
2 50096 65 0 1788978393 758018
2 50100 61 0 1788978393 758275
2 50131 60 0 1788978393 760449
2 50147 64 0 1788978393 761484
2 50183 62 0 1788978393 763988
2 50190 63 0 1788978393 764424
2 50235 64 0 1788978393 767467
2 50266 63 0 1788978393 769552
2 50297 80 0 1788978393 771689
2 50304 56 0 1788978393 772147
2 50327 73 0 1788978393 773652
2 50331 64 0 1788978393 773917
2 50349 55 0 1788978393 775123
2 50359 58 0 1788978393 775752
2 50375 71 0 1788978393 776735
2 50381 62 0 1788978393 777100
2 50412 65 0 1788978393 779007
2 50423 65 0 1788978393 779800
2 50493 54 0 1788978393 784425
2 50521 57 0 1788978393 786163
2 50584 68 0 1788978393 790238
2 50591 68 0 1788978393 790728
2 50596 58 0 1788978393 791065
2 50662 58 0 1788978393 795232
2 50695 63 0 1788978393 797392
2 50738 77 0 1788978393 800160
2 50744 60 0 1788978393 800569
2 50749 64 0 1788978393 800948
2 50761 62 0 1788978393 801766
2 50763 61 0 1788978393 801891
2 50771 60 0 1788978393 802379
2 50829 64 0 1788978393 806132
2 50852 57 0 1788978393 808002
2 50856 56 0 1788978393 808236
2 50867 55 0 1788978393 808893
2 50868 68 0 1788978393 808964
2 50896 61 0 1788978393 810840
2 50913 65 0 1788978393 812026
2 50926 55 0 1788978393 812867
2 50939 81 0 1788978393 813802
2 50976 73 0 1788978393 816149
2 50981 58 0 1788978393 816479
2 50984 63 0 1788978393 816733
2 51000 60 0 1788978393 818010
2 51052 74 0 1788978393 821748
2 51063 89 0 1788978393 822506
2 51066 73 0 1788978393 822733
2 51086 70 0 1788978393 824227
2 51117 68 0 1788978393 826537
2 51159 63 0 1788978393 829296
2 51186 62 0 1788978393 831046
2 51222 55 0 1788978393 833340
2 51242 76 0 1788978393 834745
2 51253 54 0 1788978393 835444
2 51305 60 0 1788978393 839257
2 51313 61 0 1788978393 839833
2 51314 85 0 1788978393 839922
2 51360 76 0 1788978393 843227
2 51394 58 0 1788978393 845818
2 51398 57 0 1788978393 846053
2 51433 58 0 1788978393 848408
2 51448 61 0 1788978393 849338
2 51469 88 0 1788978393 850748
2 51477 67 0 1788978393 851486
2 51481 64 0 1788978393 851773
2 51500 77 0 1788978393 853086
2 51524 66 0 1788978393 854868
2 51531 63 0 1788978393 855293
2 51554 73 0 1788978393 856903
2 51555 57 0 1788978393 856965
2 51559 66 0 1788978393 857216
2 51566 94 0 1788978393 857813
2 51593 77 0 1788978393 859880
2 51651 98 0 1788978393 864897
2 51678 75 0 1788978393 867160
2 51686 110 0 1788978393 867860
2 51722 84 0 1788978393 871407
2 51737 81 0 1788978393 872946
2 51766 71 0 1788978393 875410
2 51793 97 0 1788978393 877793
2 51806 60 0 1788978393 878969
2 51809 69 0 1788978393 879236
2 51825 62 0 1788978393 880335
2 51891 65 0 1788978393 884949
2 51911 71 0 1788978393 886262
2 51951 64 0 1788978393 889197
2 51962 73 0 1788978393 889968
2 52024 73 0 1788978393 894202
2 52067 72 0 1788978393 897236
2 52069 71 0 1788978393 897384
2 52077 57 0 1788978393 897948
2 52078 58 0 1788978393 898008
2 52102 57 0 1788978393 899423
2 52118 59 0 1788978393 900405
2 52126 54 0 1788978393 900860
2 52131 57 0 1788978393 901131
2 52155 69 0 1788978393 902898
2 52160 61 0 1788978393 903212
2 52161 61 0 1788978393 903275
2 52209 93 0 1788978393 906681
2 52211 82 0 1788978393 906844
2 52213 74 0 1788978393 907005
2 52236 67 0 1788978393 908570
2 52243 51 0 1788978393 909054
2 52249 67 0 1788978393 909409
2 52272 64 0 1788978393 911037
2 52292 203 0 1788978393 912514
2 52295 74 0 1788978393 912767
2 52304 63 0 1788978393 913494
2 52342 58 0 1788978393 916105
2 52350 59 0 1788978393 916603
2 52388 63 0 1788978393 919245
2 52411 68 0 1788978393 920722
2 52444 57 0 1788978393 922800
2 52445 58 0 1788978393 922862
2 52453 65 0 1788978393 923403
2 52468 69 0 1788978393 924457
2 52487 63 0 1788978393 925729
2 52490 65 0 1788978393 925922
2 52502 63 0 1788978393 926693
2 52530 54 0 1788978393 928547
2 52543 69 0 1788978393 929419
2 52545 69 0 1788978393 929554
2 52563 88 0 1788978393 930831
2 52581 120 0 1788978393 932174
2 52592 62 0 1788978393 933017
2 52595 60 0 1788978393 933208
2 52609 64 0 1788978393 934181
2 52620 73 0 1788978393 934931
2 52661 67 0 1788978393 937842
2 52665 65 0 1788978393 938106
2 52687 73 0 1788978393 939765
2 52698 74 0 1788978393 940495
2 52705 60 0 1788978393 940944
2 52768 69 0 1788978393 944832
2 52789 61 0 1788978393 946208
2 52795 58 0 1788978393 946560
2 52830 59 0 1788978393 948830
2 52851 72 0 1788978393 950217
2 52885 72 0 1788978393 952578
2 52887 72 0 1788978393 952755
2 52977 90 0 1788978393 959026
2 52998 64 0 1788978393 960557
2 53008 66 0 1788978393 961215
2 53058 76 0 1788978393 964611
2 53089 69 0 1788978393 967090
2 53098 76 0 1788978393 967659
2 53107 59 0 1788978393 968227
2 53129 63 0 1788978393 969659
2 53138 59 0 1788978393 970235
2 53173 61 0 1788978393 972556
2 53181 69 0 1788978393 973075
2 53214 63 0 1788978393 975300
2 53287 78 0 1788978393 980392
2 53299 60 0 1788978393 981322
2 53303 58 0 1788978393 981548
2 53308 58 0 1788978393 981858
2 53325 64 0 1788978393 982882
2 53353 57 0 1788978393 985237
2 53354 56 0 1788978393 985297
2 53376 76 0 1788978393 986717
2 53386 77 0 1788978393 987429
2 53423 73 0 1788978393 989876
2 53457 71 0 1788978393 992206
2 53527 71 0 1788978393 997072
2 53549 78 0 1788978393 998746
2 53598 58 0 1788978394 1917
2 53600 61 0 1788978394 2040
2 53669 55 0 1788978394 6944
2 53712 75 0 1788978394 9994
2 53734 56 0 1788978394 11335
2 53782 59 0 1788978394 14351
2 53819 64 0 1788978394 16775
2 53828 68 0 1788978394 17433
2 53868 67 0 1788978394 19915
2 53944 59 0 1788978394 24735
2 53981 70 0 1788978394 26837
2 54008 66 0 1788978394 28750
2 54047 61 0 1788978394 31270
2 54093 60 0 1788978394 34479
2 54116 79 0 1788978394 35908
2 54162 68 0 1788978394 38762
2 54171 69 0 1788978394 39431
2 54175 59 0 1788978394 39701
2 54194 60 0 1788978394 40833
2 54203 52 0 1788978394 41379
2 54207 67 0 1788978394 41670
2 54210 50 0 1788978394 41843
2 54219 68 0 1788978394 42439
2 54234 59 0 1788978394 43364
2 54252 85 0 1788978394 44540
2 54258 62 0 1788978394 44917
2 54270 90 0 1788978394 45696
2 54274 66 0 1788978394 45999
2 54287 67 0 1788978394 46865
2 54291 61 0 1788978394 47110
2 54302 72 0 1788978394 47937
2 54323 68 0 1788978394 49370
2 54419 59 0 1788978394 55929
2 54436 59 0 1788978394 56970
2 54467 64 0 1788978394 58959
2 54492 64 0 1788978394 60558
2 54516 54 0 1788978394 61958
2 54573 64 0 1788978394 65662
2 54578 60 0 1788978394 66000
2 54586 58 0 1788978394 66470
2 54631 60 0 1788978394 69274
2 54644 66 0 1788978394 70223
2 54653 67 0 1788978394 70828
2 54657 56 0 1788978394 71066
2 54670 65 0 1788978394 71923
2 54707 86 0 1788978394 74923
2 54708 85 0 1788978394 75011
2 54727 68 0 1788978394 76388
2 54735 57 0 1788978394 76873
2 54754 60 0 1788978394 78029
2 54773 59 0 1788978394 79248
2 54779 72 0 1788978394 79631
2 54786 86 0 1788978394 80094
2 54794 79 0 1788978394 80599
2 54808 65 0 1788978394 81523
2 54834 73 0 1788978394 83203
2 54840 60 0 1788978394 83574
2 54864 60 0 1788978394 85256
2 54908 70 0 1788978394 88308
2 54957 61 0 1788978394 91479
2 54976 70 0 1788978394 92854
2 55008 66 0 1788978394 94976
2 55027 65 0 1788978394 96305
2 55036 62 0 1788978394 96942
2 55037 72 0 1788978394 97018
2 55043 77 0 1788978394 97459
2 55056 51 0 1788978394 98493
2 55074 67 0 1788978394 99776
2 55082 67 0 1788978394 100326
2 55120 69 0 1788978394 102642
2 55126 75 0 1788978394 103051
2 55127 63 0 1788978394 103117
2 55134 96 0 1788978394 103660
2 55135 61 0 1788978394 103725
2 55160 66 0 1788978394 105526
2 55209 61 0 1788978394 109007
2 55223 58 0 1788978394 109961
2 55240 68 0 1788978394 111112
2 55256 64 0 1788978394 112214
2 55266 76 0 1788978394 112984
2 55289 76 0 1788978394 114651
2 55293 71 0 1788978394 114923
2 55296 69 0 1788978394 115133
2 55318 81 0 1788978394 116896
2 55322 73 0 1788978394 117202
2 55336 62 0 1788978394 118165
2 55346 59 0 1788978394 118816
2 55362 54 0 1788978394 119742
2 55449 65 0 1788978394 125116
2 55481 79 0 1788978394 127211
2 55483 59 0 1788978394 127338
2 55489 61 0 1788978394 127720
2 55515 63 0 1788978394 129429
2 55540 51 0 1788978394 131258
2 55549 58 0 1788978394 131865
2 55590 57 0 1788978394 134353
2 55593 52 0 1788978394 134521
2 55596 64 0 1788978394 134717
2 55600 61 0 1788978394 134963
2 55613 61 0 1788978394 135776
2 55619 58 0 1788978394 136126
2 55631 64 0 1788978394 136895
2 55661 60 0 1788978394 138864
2 55669 66 0 1788978394 139385
2 55676 63 0 1788978394 139904
2 55709 61 0 1788978394 142136
2 55717 67 0 1788978394 142590
2 55738 61 0 1788978394 143951
2 55742 62 0 1788978394 144171
2 55747 75 0 1788978394 144534
2 55759 52 0 1788978394 145325
2 55776 59 0 1788978394 146338
2 55784 59 0 1788978394 146823
2 55789 62 0 1788978394 147170
2 55790 62 0 1788978394 147236
2 55803 56 0 1788978394 148044
2 55811 65 0 1788978394 148521
2 55830 73 0 1788978394 149769
2 55871 56 0 1788978394 152542
2 55879 60 0 1788978394 153109
2 55883 62 0 1788978394 153350
2 55886 59 0 1788978394 153530
2 55891 99 0 1788978394 153911
2 55931 59 0 1788978394 156324
2 55952 70 0 1788978394 157669
2 55960 63 0 1788978394 158289
2 55978 78 0 1788978394 159763
2 56004 69 0 1788978394 161752
2 56020 54 0 1788978394 162934
2 56023 55 0 1788978394 163104
2 56041 67 0 1788978394 164243
2 56062 58 0 1788978394 165564
2 56071 57 0 1788978394 166091
2 56078 54 0 1788978394 166473
2 56095 85 0 1788978394 167672
2 56180 52 0 1788978394 174367
2 56197 58 0 1788978394 175411
2 56209 48 0 1788978394 176160
2 56241 60 0 1788978394 178282
2 56263 65 0 1788978394 179714
2 56267 56 0 1788978394 179952
2 56319 62 0 1788978394 183336
2 56330 72 0 1788978394 184119
2 56331 56 0 1788978394 184178
2 56335 53 0 1788978394 184380
2 56339 62 0 1788978394 184591
2 56347 64 0 1788978394 185061
2 56364 98 0 1788978394 186216
2 56407 63 0 1788978394 189449
2 56413 82 0 1788978394 189887
2 56415 70 0 1788978394 190041
2 56453 54 0 1788978394 192477
2 56484 64 0 1788978394 194466
2 56528 117 0 1788978394 197392
2 56541 89 0 1788978394 198572
2 56543 125 0 1788978394 198825
2 56549 90 0 1788978394 199415
2 56554 91 0 1788978394 199879
2 56557 79 0 1788978394 200128
2 56564 81 0 1788978394 200635
2 56614 104 0 1788978394 204687
2 56618 69 0 1788978394 204983
2 56640 67 0 1788978394 206495
2 56665 77 0 1788978394 208214
2 56682 55 0 1788978394 209330
2 56716 78 0 1788978394 211787
2 56817 71 0 1788978394 219662
2 56824 72 0 1788978394 221430
2 56828 85 0 1788978394 221744
2 56861 66 0 1788978394 224387
2 56867 67 0 1788978394 224793
2 56873 64 0 1788978394 225223
2 56912 80 0 1788978394 227824
2 56917 77 0 1788978394 228168
2 56932 62 0 1788978394 229185
2 56939 57 0 1788978394 229724
2 56958 60 0 1788978394 230992
2 56965 71 0 1788978394 231500
2 56982 56 0 1788978394 232584
2 57011 81 0 1788978394 234500
2 57068 67 0 1788978394 238336
2 57075 78 0 1788978394 238967
2 57083 63 0 1788978394 239584
2 57143 71 0 1788978394 243982
2 57144 76 0 1788978394 244063
2 57156 74 0 1788978394 244949
2 57175 68 0 1788978394 246325
2 57230 86 0 1788978394 249962
2 57304 60 0 1788978394 255710
2 57342 59 0 1788978394 258195
2 57369 67 0 1788978394 260141
2 57372 59 0 1788978394 260327
2 57399 75 0 1788978394 262083
2 57423 71 0 1788978394 263946
2 57431 156 0 1788978394 264672
2 57438 70 0 1788978394 265221
2 57444 63 0 1788978394 265706
2 57460 85 0 1788978394 266871
2 57480 106 0 1788978394 268405
2 57496 62 0 1788978394 269507
2 57524 67 0 1788978394 271603
2 57527 64 0 1788978394 271817
2 57539 111 0 1788978394 272707
2 57544 79 0 1788978394 273127
2 57548 0 0 1788978394 273448
2 57591 61 0 1788978394 276720
2 57627 59 0 1788978394 278956
2 57638 108 0 1788978394 279717
2 57650 95 0 1788978394 280688
2 57655 56 0 1788978394 280996
2 57679 69 0 1788978394 282609
2 57709 104 0 1788978394 284698
2 57734 66 0 1788978394 286306
2 57751 55 0 1788978394 287420
2 57778 50 0 1788978394 289089
2 57810 48 0 1788978394 290956
2 57860 65 0 1788978394 294109
2 57887 88 0 1788978394 296141
2 57903 81 0 1788978394 297538
2 57904 94 0 1788978394 297635
2 57932 61 0 1788978394 299443
2 57936 73 0 1788978394 299751
2 57961 56 0 1788978394 301257
2 57969 63 0 1788978394 301789
2 57981 70 0 1788978394 302545
2 58015 69 0 1788978394 304930
2 58044 57 0 1788978394 306818
2 58057 68 0 1788978394 307665
2 58076 59 0 1788978394 308904
2 58092 63 0 1788978394 310072
2 58101 68 0 1788978394 310704
2 58146 69 0 1788978394 313705
2 58150 60 0 1788978394 313946
2 58200 87 0 1788978394 317997
2 58201 84 0 1788978394 318086
2 58207 76 0 1788978394 318566
2 58235 74 0 1788978394 320867
2 58256 67 0 1788978394 322448
2 58283 63 0 1788978394 324183
2 58287 62 0 1788978394 324442
2 58304 59 0 1788978394 325895
2 58337 62 0 1788978394 328170
2 58343 49 0 1788978394 328510
2 58377 61 0 1788978394 330604
2 58400 78 0 1788978394 332215
2 58412 71 0 1788978394 333176
2 58468 76 0 1788978394 337491
2 58479 0 0 1788978394 338340
2 58487 80 0 1788978394 339019
2 58490 68 0 1788978394 339227
2 58497 70 0 1788978394 339767
2 58514 89 0 1788978394 340923
2 58516 64 0 1788978394 341057
2 58527 56 0 1788978394 341737
2 58544 58 0 1788978394 342927
2 58548 66 0 1788978394 343225
2 58553 55 0 1788978394 343522
2 58581 78 0 1788978394 345296
2 58597 63 0 1788978394 346282
2 58616 60 0 1788978394 347414
2 58635 64 0 1788978394 348527
2 58782 67 0 1788978394 358250
2 58810 68 0 1788978394 360101
2 58823 65 0 1788978394 360974
2 58846 61 0 1788978394 362505
2 58847 62 0 1788978394 362571
2 58860 58 0 1788978394 363448
2 58942 62 0 1788978394 369309
2 58951 69 0 1788978394 369953
2 58953 69 0 1788978394 370095
2 58962 83 0 1788978394 370695
2 58969 45 0 1788978394 371109
2 58982 69 0 1788978394 371971
2 58991 67 0 1788978394 372552
2 59018 49 0 1788978394 374294
2 59097 58 0 1788978394 379275
2 59101 60 0 1788978394 379523
2 59102 60 0 1788978394 379585
2 59108 59 0 1788978394 379935
2 59130 68 0 1788978394 381452
2 59134 62 0 1788978394 381715
2 59135 58 0 1788978394 381775
2 59153 60 0 1788978394 383029
2 59154 60 0 1788978394 383091
2 59182 68 0 1788978394 384904
2 59204 67 0 1788978394 386349
2 59214 54 0 1788978394 387019
2 59219 63 0 1788978394 387357
2 59241 58 0 1788978394 388813
2 59247 58 0 1788978394 389168
2 59254 60 0 1788978394 389602
2 59265 56 0 1788978394 390294
2 59274 54 0 1788978394 390861
2 59294 55 0 1788978394 391980
2 59304 54 0 1788978394 392528
2 59358 55 0 1788978394 395850
2 59364 55 0 1788978394 396198
2 59427 65 0 1788978394 400055
2 59434 54 0 1788978394 400490
2 59449 57 0 1788978394 401329
2 59471 85 0 1788978394 402688
2 59481 52 0 1788978394 403342
2 59486 83 0 1788978394 403668
2 59493 57 0 1788978394 404091
2 59505 61 0 1788978394 404820
2 59511 60 0 1788978394 405197
2 59625 64 0 1788978394 412043
2 59641 54 0 1788978394 412986
2 59652 69 0 1788978394 413764
2 59708 58 0 1788978394 417540
2 59800 69 0 1788978394 423625
2 59807 58 0 1788978394 424061
2 59816 59 0 1788978394 424592
2 59837 71 0 1788978394 425991
2 59851 56 0 1788978394 426859
2 59866 61 0 1788978394 427722
2 59868 58 0 1788978394 427841
2 59869 77 0 1788978394 427921
2 59870 83 0 1788978394 428006
2 59879 75 0 1788978394 428796
2 59898 67 0 1788978394 430113
2 59900 64 0 1788978394 430252
2 59928 57 0 1788978394 432422
2 59942 60 0 1788978394 433312
2 59963 71 0 1788978394 434984
2 59970 81 0 1788978394 435513
2 59974 59 0 1788978394 435774
2 59976 58 0 1788978394 435897
2 59988 64 0 1788978394 436583
2 59995 66 0 1788978394 437044
2 60011 54 0 1788978394 438118
2 60013 67 0 1788978394 438258
2 60015 67 0 1788978394 438394
2 60058 74 0 1788978394 441928
2 60062 75 0 1788978394 442230
2 60160 79 0 1788978394 450139
2 60281 54 0 1788978394 458529
2 60303 72 0 1788978394 460152
2 60306 48 0 1788978394 460345
2 60339 73 0 1788978394 462597
2 60354 77 0 1788978394 463684
2 60362 74 0 1788978394 464251
2 60400 69 0 1788978394 467436
2 60413 69 0 1788978394 468408
2 60435 65 0 1788978394 469983
2 60439 68 0 1788978394 470260
2 60464 70 0 1788978394 472251
2 60471 72 0 1788978394 472899
2 60472 75 0 1788978394 472977
2 60476 63 0 1788978394 473272
2 60480 76 0 1788978394 473573
2 60493 57 0 1788978394 474521
2 60502 55 0 1788978394 475102
2 60515 63 0 1788978394 476067
2 60530 62 0 1788978394 477176
2 60548 62 0 1788978394 478428
2 60602 58 0 1788978394 482061
2 60607 59 0 1788978394 482385
2 60610 61 0 1788978394 482590
2 60615 106 0 1788978394 482952
2 60699 68 0 1788978394 489602
2 60709 72 0 1788978394 490302
2 60718 82 0 1788978394 490962
2 60719 86 0 1788978394 491050
2 60732 223 0 1788978394 492102
2 60735 64 0 1788978394 492359
2 60753 75 0 1788978394 493667
2 60795 62 0 1788978394 496700
2 60814 108 0 1788978394 498008
2 60820 86 0 1788978394 498420
2 60829 82 0 1788978394 499112
2 60833 77 0 1788978394 499460
2 60846 60 0 1788978394 500497
2 60860 73 0 1788978394 501724
2 60869 57 0 1788978394 502329
2 60873 64 0 1788978394 502621
2 60880 53 0 1788978394 503083
2 60888 116 0 1788978394 503680
2 60919 70 0 1788978394 505862
2 60929 66 0 1788978394 506535
2 60969 63 0 1788978394 509254
2 61011 68 0 1788978394 512356
2 61012 58 0 1788978394 512418
2 61020 83 0 1788978394 513068
2 61035 126 0 1788978394 514262
2 61052 95 0 1788978394 515665
2 61062 90 0 1788978394 516372
2 61074 60 0 1788978394 517284
2 61090 69 0 1788978394 518331
2 61101 66 0 1788978394 519089
2 61133 71 0 1788978394 521210
2 61139 63 0 1788978394 521607
2 61170 65 0 1788978394 523718
2 61199 63 0 1788978394 525550
2 61212 65 0 1788978394 526396
2 61249 69 0 1788978394 528862
2 61251 69 0 1788978394 529003
2 61254 67 0 1788978394 529221
2 61264 67 0 1788978394 529942
2 61276 64 0 1788978394 530684
2 61293 70 0 1788978394 531869
2 61302 66 0 1788978394 532520
2 61308 56 0 1788978394 532989
2 61356 56 0 1788978394 535975
2 61374 68 0 1788978394 537226
2 61379 58 0 1788978394 537559
2 61412 61 0 1788978394 539768
2 61416 61 0 1788978394 540015
2 61418 62 0 1788978394 540142
2 61422 76 0 1788978394 540429
2 61428 63 0 1788978394 540815
2 61431 68 0 1788978394 541023
2 61452 69 0 1788978394 542543
2 61455 80 0 1788978394 542798
2 61457 80 0 1788978394 542977
2 61463 0 0 1788978394 543511
2 61472 64 0 1788978394 544188
2 61477 92 0 1788978394 544660
2 61481 77 0 1788978394 544999
2 61482 70 0 1788978394 545073
2 61490 61 0 1788978394 545734
2 61525 84 0 1788978394 548353
2 61530 78 0 1788978394 548764
2 61534 67 0 1788978394 549020
2 61546 364 0 1788978394 550261
2 61553 71 0 1788978394 550756
2 61554 68 0 1788978394 550828
2 61568 71 0 1788978394 551742
2 61588 67 0 1788978394 553014
2 61610 62 0 1788978394 554709
2 61630 61 0 1788978394 556001
2 61636 79 0 1788978394 556392
2 61640 87 0 1788978394 556694
2 61660 64 0 1788978394 558015
2 61671 66 0 1788978394 558743
2 61673 60 0 1788978394 558872
2 61687 70 0 1788978394 559907
2 61700 49 0 1788978394 560837
2 61706 68 0 1788978394 561241
2 61717 62 0 1788978394 561956
2 61725 58 0 1788978394 562442
2 61731 63 0 1788978394 562827
2 61737 63 0 1788978394 563199
2 61746 74 0 1788978394 563852
2 61750 83 0 1788978394 564164
2 61761 63 0 1788978394 564926
2 61773 84 0 1788978394 565693
2 61774 70 0 1788978394 565765
2 61797 60 0 1788978394 567252
2 61838 65 0 1788978394 569854
2 61848 65 0 1788978394 570495
2 61858 85 0 1788978394 571218
2 61860 0 0 1788978394 571406
2 61865 90 0 1788978394 571827
2 61887 79 0 1788978394 573639
2 61905 86 0 1788978394 575252
2 61914 67 0 1788978394 576003
2 61915 64 0 1788978394 576069
2 61921 72 0 1788978394 576545
2 61929 78 0 1788978394 577131
2 61986 87 0 1788978394 582114
2 62020 86 0 1788978394 584681
2 62021 63 0 1788978394 584747
2 62044 59 0 1788978394 586120
2 62096 62 0 1788978394 589462
2 62106 57 0 1788978394 590120
2 62110 68 0 1788978394 590360
2 62113 64 0 1788978394 590608
2 62150 124 0 1788978394 593209
2 62174 64 0 1788978394 594998
2 62192 60 0 1788978394 596103
2 62199 57 0 1788978394 596585
2 62201 110 0 1788978394 596768
2 62210 60 0 1788978394 597367
2 62215 68 0 1788978394 597709
2 62235 60 0 1788978394 599083
2 62240 66 0 1788978394 599414
2 62269 82 0 1788978394 601439
2 62295 75 0 1788978394 603302
2 62317 81 0 1788978394 604667
2 62325 64 0 1788978394 605144
2 62327 59 0 1788978394 605259
2 62362 57 0 1788978394 607482
2 62383 68 0 1788978394 608862
2 62390 78 0 1788978394 609297
2 62403 72 0 1788978394 610197
2 62410 65 0 1788978394 610744
2 62413 71 0 1788978394 610969
2 62431 66 0 1788978394 612222
2 62453 70 0 1788978394 613890
2 62468 88 0 1788978394 615074
2 62473 82 0 1788978394 615510
2 62484 80 0 1788978394 616350
2 62494 57 0 1788978394 617014
2 62516 68 0 1788978394 618471
2 62528 59 0 1788978394 619219
2 62558 58 0 1788978394 621180
2 62641 122 0 1788978394 626816
2 62643 77 0 1788978394 626966
2 62665 60 0 1788978394 628312
2 62702 68 0 1788978394 630716
2 62795 68 0 1788978394 636893
2 62799 70 0 1788978394 637190
2 62823 60 0 1788978394 638799
2 62829 61 0 1788978394 639156
2 62833 54 0 1788978394 639445
2 62836 84 0 1788978394 639649
2 62839 68 0 1788978394 639852
2 62841 63 0 1788978394 639983
2 62849 69 0 1788978394 640469
2 62867 85 0 1788978394 641847
2 62887 67 0 1788978394 643473
2 62890 74 0 1788978394 643681
2 62896 62 0 1788978394 644063
2 62904 62 0 1788978394 644565
2 62908 63 0 1788978394 644894
2 62919 70 0 1788978394 645655
2 62924 60 0 1788978394 645977
2 62934 65 0 1788978394 646632
2 62955 54 0 1788978394 647953
2 62961 54 0 1788978394 648284
2 62981 81 0 1788978394 649850
2 63002 54 0 1788978394 651202
2 63121 70 0 1788978394 658794
2 63136 119 0 1788978394 659848
2 63152 64 0 1788978394 661016
2 63153 59 0 1788978394 661079
2 63160 81 0 1788978394 661567
2 63193 62 0 1788978394 663988
2 63202 63 0 1788978394 664578
2 63205 57 0 1788978394 664793
2 63260 86 0 1788978394 669160
2 63293 55 0 1788978394 671953
2 63298 58 0 1788978394 672278
2 63304 64 0 1788978394 672667
2 63326 63 0 1788978394 673989
2 63329 57 0 1788978394 674165
2 63334 54 0 1788978394 674450
2 63394 60 0 1788978394 678239
2 63406 70 0 1788978394 679079
2 63409 68 0 1788978394 679276
2 63427 70 0 1788978394 680502
2 63432 64 0 1788978394 680851
2 63452 54 0 1788978394 682177
2 63473 62 0 1788978394 683526
2 63498 70 0 1788978394 685078
2 63501 56 0 1788978394 685262
2 63526 58 0 1788978394 686799
2 63545 72 0 1788978394 688077
2 63567 55 0 1788978394 689405
2 63577 56 0 1788978394 690029
2 63581 59 0 1788978394 690307
2 63587 83 0 1788978394 690682
2 63592 57 0 1788978394 690966
2 63679 68 0 1788978394 696274
2 63681 87 0 1788978394 696430
2 63741 67 0 1788978394 700104
2 63815 61 0 1788978394 705027
2 63876 70 0 1788978394 708757
2 63884 63 0 1788978394 709302
2 63905 82 0 1788978394 710868
2 64018 60 0 1788978394 718255
2 64027 59 0 1788978394 718840
2 64068 59 0 1788978394 721542
2 64082 70 0 1788978394 722466
2 64106 58 0 1788978394 724029
2 64137 65 0 1788978394 725937
2 64147 65 0 1788978394 726696
2 64168 72 0 1788978394 728110
2 64182 58 0 1788978394 728994
2 64230 67 0 1788978394 731997
2 64240 93 0 1788978394 732672
2 64248 59 0 1788978394 733139
2 64301 59 0 1788978394 736398
2 64302 61 0 1788978394 736462
2 64369 96 0 1788978394 740701
2 64404 69 0 1788978394 743301
2 64424 64 0 1788978394 744539
2 64438 69 0 1788978394 745503
2 64535 62 0 1788978394 751874
2 64581 62 0 1788978394 754799
2 64587 61 0 1788978394 755178
2 64602 59 0 1788978394 756176
2 64629 58 0 1788978394 757972
2 64677 72 0 1788978394 761174
2 64703 67 0 1788978394 762961
2 64708 68 0 1788978394 763294
2 64711 59 0 1788978394 763497
2 64717 60 0 1788978394 763868
2 64769 54 0 1788978394 767260
2 64971 76 0 1788978394 779960
2 65003 65 0 1788978394 782217
2 65031 89 0 1788978394 784126
2 65042 66 0 1788978394 784848
2 65051 58 0 1788978394 785384
2 65056 66 0 1788978394 785735
2 65111 67 0 1788978394 789511
2 65117 67 0 1788978394 789948
2 65131 86 0 1788978394 790847
2 65160 61 0 1788978394 792774
2 65165 69 0 1788978394 793121
2 65168 65 0 1788978394 793335
2 65172 62 0 1788978394 793593
2 65193 84 0 1788978394 794955
2 65195 63 0 1788978394 795089
2 65208 58 0 1788978394 795994
2 65280 62 0 1788978394 800423
2 65360 110 0 1788978394 805827
2 65393 59 0 1788978394 807830
2 65406 66 0 1788978394 808728
2 65441 60 0 1788978394 811029
2 65451 55 0 1788978394 811589
2 65457 84 0 1788978394 812018
2 65472 50 0 1788978394 812884
2 65493 60 0 1788978394 814309
2 65521 69 0 1788978394 816176
2 65550 70 0 1788978394 817951
2 65562 78 0 1788978394 818673
2 65574 60 0 1788978394 819410
2 65585 54 0 1788978394 820054
2 65599 56 0 1788978394 820903
2 65609 55 0 1788978394 821477
2 65614 54 0 1788978394 821766
2 65648 62 0 1788978394 823788
2 65685 63 0 1788978394 826281
2 65687 93 0 1788978394 826444
2 65720 84 0 1788978394 828904
2 65813 64 0 1788978394 834491
2 65827 55 0 1788978394 835292
2 65844 66 0 1788978394 836397
2 65885 83 0 1788978394 839424
2 65895 54 0 1788978394 840098
2 65902 57 0 1788978394 840501
2 65928 57 0 1788978394 841937
2 65947 101 0 1788978394 843095
2 65958 64 0 1788978394 843820
2 65970 61 0 1788978394 844582
2 65989 63 0 1788978394 845772
2 65991 65 0 1788978394 845901
2 66012 68 0 1788978394 847501
2 66033 59 0 1788978394 848890
2 66061 80 0 1788978394 850673
2 66128 72 0 1788978394 855095
2 66162 66 0 1788978394 857289
2 66171 55 0 1788978394 857867
2 66194 84 0 1788978394 859639
2 66248 99 0 1788978394 863581
2 66264 67 0 1788978394 864929
2 66281 66 0 1788978394 866144
2 66289 88 0 1788978394 866774
2 66313 81 0 1788978394 868698
2 66355 84 0 1788978394 872205
2 66362 101 0 1788978394 872860
2 66386 63 0 1788978394 874945
2 66396 67 0 1788978394 875711
2 66399 76 0 1788978394 875959
2 66409 76 0 1788978394 876725
2 66427 73 0 1788978394 878039
2 66460 60 0 1788978394 880210
2 66470 52 0 1788978394 880878
2 66488 62 0 1788978394 882071
2 66494 57 0 1788978394 882411
2 66497 57 0 1788978394 882581
2 66505 58 0 1788978394 883111
2 66507 64 0 1788978394 883252
2 66522 54 0 1788978394 884148
2 66526 51 0 1788978394 884366
2 66556 66 0 1788978394 886090
2 66577 80 0 1788978394 887329
2 66603 54 0 1788978394 888918
2 66605 54 0 1788978394 889030
2 66608 55 0 1788978394 889195
2 66621 51 0 1788978394 889979
2 66664 54 0 1788978394 892358
2 66762 59 0 1788978394 898309
2 66828 64 0 1788978394 902516
2 66840 56 0 1788978394 903347
2 66869 59 0 1788978394 905935
2 66877 96 0 1788978394 906733
2 66905 65 0 1788978394 908786
2 66926 69 0 1788978394 910157
2 66934 68 0 1788978394 910718
2 66969 66 0 1788978394 912992
2 67003 66 0 1788978394 915346
2 67007 62 0 1788978394 915588
2 67008 71 0 1788978394 915663
2 67062 54 0 1788978394 919206
2 67066 90 0 1788978394 919487
2 67069 68 0 1788978394 919729
2 67075 68 0 1788978394 920258
2 67083 78 0 1788978394 920878
2 67098 61 0 1788978394 921839
2 67201 87 0 1788978394 929133
2 67240 57 0 1788978394 931415
2 67245 86 0 1788978394 931756
2 67253 64 0 1788978394 932251
2 67365 84 0 1788978394 940751
2 67403 97 0 1788978394 943946
2 67414 80 0 1788978394 944894
2 67424 85 0 1788978394 945667
2 67426 98 0 1788978394 945851
2 67436 54 0 1788978394 946410
2 67443 65 0 1788978394 946864
2 67444 63 0 1788978394 946931
2 67469 103 0 1788978394 948783
2 67475 76 0 1788978394 949175
2 67491 66 0 1788978394 950325
2 67502 86 0 1788978394 951190
2 67506 116 0 1788978394 951638
2 67509 85 0 1788978394 951935
2 67564 76 0 1788978394 955890
2 67589 72 0 1788978394 957596
2 67599 64 0 1788978394 958285
2 67602 61 0 1788978394 958466
2 67605 72 0 1788978394 958751
2 67620 63 0 1788978394 959805
2 67622 58 0 1788978394 959924
2 67648 61 0 1788978394 961513
2 67654 78 0 1788978394 961912
2 67677 68 0 1788978394 963542
2 67722 64 0 1788978394 967055
2 67734 68 0 1788978394 967879
2 67750 67 0 1788978394 968988
2 67775 70 0 1788978394 970908
2 67822 73 0 1788978394 973992
2 67848 66 0 1788978394 975583
2 67849 75 0 1788978394 975662
2 67851 65 0 1788978394 975798
2 67878 58 0 1788978394 978427
2 67890 60 0 1788978394 979263
2 67904 57 0 1788978394 980202
2 67917 62 0 1788978394 981147
2 67933 65 0 1788978394 982301
2 67949 90 0 1788978394 983402
2 67954 60 0 1788978394 983774
2 67982 76 0 1788978394 985683
2 67986 56 0 1788978394 985922
2 67995 63 0 1788978394 986464
2 68015 58 0 1788978394 987829
2 68034 68 0 1788978394 989049
2 68035 81 0 1788978394 989135
2 68065 61 0 1788978394 991262
2 68090 101 0 1788978394 992953
2 68150 55 0 1788978394 997086
2 68177 102 0 1788978394 998977
2 68244 113 0 1788978395 3863
2 68272 79 0 1788978395 5853
2 68317 94 0 1788978395 9103
2 68327 66 0 1788978395 9928
2 68335 65 0 1788978395 10460
2 68396 75 0 1788978395 14310
2 68441 69 0 1788978395 17295
2 68468 76 0 1788978395 19054
2 68470 77 0 1788978395 19206
2 68491 81 0 1788978395 20648
2 68561 56 0 1788978395 24910
2 68574 57 0 1788978395 25780
2 68580 67 0 1788978395 26207
2 68587 94 0 1788978395 26677
2 68594 55 0 1788978395 27112
2 68596 60 0 1788978395 27234
2 68628 64 0 1788978395 29429
2 68714 63 0 1788978395 34961
2 68761 72 0 1788978395 38212
2 68770 108 0 1788978395 38924
2 68772 75 0 1788978395 39075
2 68783 84 0 1788978395 40047
2 68784 94 0 1788978395 40145
2 68828 54 0 1788978395 42991
2 68875 56 0 1788978395 45971
2 68930 56 0 1788978395 49770
2 68934 53 0 1788978395 50004
2 68936 68 0 1788978395 50131
2 68983 63 0 1788978395 53359
2 69022 73 0 1788978395 55895
2 69026 47 0 1788978395 56129
2 69029 65 0 1788978395 56316
2 69043 105 0 1788978395 57266
2 69066 107 0 1788978395 58712
2 69068 66 0 1788978395 58854
2 69069 65 0 1788978395 58921
2 69078 59 0 1788978395 59495
2 69084 68 0 1788978395 59926
2 69116 61 0 1788978395 62092
2 69124 57 0 1788978395 62571
2 69129 76 0 1788978395 62899
2 69151 50 0 1788978395 64272
2 69177 59 0 1788978395 65691
2 69189 47 0 1788978395 66358
2 69198 58 0 1788978395 66863
2 69236 59 0 1788978395 69135
2 69237 58 0 1788978395 69197
2 69245 72 0 1788978395 69732
2 69320 56 0 1788978395 74499
2 69358 57 0 1788978395 76941
2 69379 93 0 1788978395 78195
2 69396 93 0 1788978395 79282
2 69411 66 0 1788978395 80426
2 69483 66 0 1788978395 85015
2 69486 64 0 1788978395 85218
2 69490 78 0 1788978395 85486
2 69495 57 0 1788978395 85807
2 69514 61 0 1788978395 86935
2 69531 58 0 1788978395 88005
2 69566 62 0 1788978395 90294
2 69579 63 0 1788978395 91156
2 69583 82 0 1788978395 91415
2 69617 62 0 1788978395 93514
2 69621 67 0 1788978395 93799
2 69657 68 0 1788978395 96132
2 69685 69 0 1788978395 97884
2 69696 60 0 1788978395 98520
2 69737 57 0 1788978395 101005
2 69774 55 0 1788978395 103478
2 69816 61 0 1788978395 106278
2 69837 68 0 1788978395 107633
2 69859 51 0 1788978395 108937
2 69862 56 0 1788978395 109129
2 69866 56 0 1788978395 109355
2 69890 60 0 1788978395 110814
2 69898 58 0 1788978395 111294
2 69941 58 0 1788978395 114173
2 69968 63 0 1788978395 115852
2 69974 80 0 1788978395 116289
2 70005 65 0 1788978395 118474
2 70014 60 0 1788978395 119068
2 70029 64 0 1788978395 120077
2 70049 67 0 1788978395 121360
2 70050 70 0 1788978395 121434
2 70052 67 0 1788978395 121576
2 70055 69 0 1788978395 121800
2 70060 71 0 1788978395 122159
2 70068 74 0 1788978395 122685
2 70084 62 0 1788978395 123744
2 70090 56 0 1788978395 124136
2 70124 56 0 1788978395 126442
2 70157 61 0 1788978395 128471
2 70191 79 0 1788978395 130653
2 70197 63 0 1788978395 131002
2 70204 71 0 1788978395 131526
2 70220 60 0 1788978395 132594
2 70236 66 0 1788978395 133787
2 70267 70 0 1788978395 135797
2 70278 56 0 1788978395 136442
2 70281 76 0 1788978395 136658
2 70297 64 0 1788978395 137726
2 70307 60 0 1788978395 138322
2 70310 70 0 1788978395 138607
2 70320 64 0 1788978395 139335
2 70354 110 0 1788978395 141769
2 70357 52 0 1788978395 141976
2 70369 57 0 1788978395 142689
2 70397 67 0 1788978395 144373
2 70403 89 0 1788978395 144850
2 70427 60 0 1788978395 146810
2 70436 64 0 1788978395 147438
2 70453 56 0 1788978395 148545
2 70484 75 0 1788978395 150655
2 70503 73 0 1788978395 152262
2 70514 70 0 1788978395 153226
2 70530 68 0 1788978395 154369
2 70532 66 0 1788978395 154521
2 70534 77 0 1788978395 154664
2 70553 73 0 1788978395 155829
2 70574 54 0 1788978395 157277
2 70586 63 0 1788978395 158100
2 70594 88 0 1788978395 158639
2 70600 60 0 1788978395 159061
2 70608 70 0 1788978395 159601
2 70671 63 0 1788978395 164339
2 70706 66 0 1788978395 166427
2 70710 84 0 1788978395 166752
2 70741 59 0 1788978395 168709
2 70758 67 0 1788978395 169853
2 70797 66 0 1788978395 172501
2 70820 59 0 1788978395 174257
2 70829 64 0 1788978395 174866
2 70836 71 0 1788978395 175350
2 70842 63 0 1788978395 175781
2 70881 65 0 1788978395 178416
2 70889 60 0 1788978395 178950
2 70890 62 0 1788978395 179014
2 70892 63 0 1788978395 179156
2 70897 94 0 1788978395 179570
2 70898 85 0 1788978395 179659
2 70931 61 0 1788978395 181749
2 70945 75 0 1788978395 182648
2 70956 66 0 1788978395 183414
2 70975 70 0 1788978395 184633
2 70979 83 0 1788978395 184950
2 70998 70 0 1788978395 186364
2 71001 86 0 1788978395 186598
2 71031 65 0 1788978395 188890
2 71049 75 0 1788978395 190320
2 71075 78 0 1788978395 192383
2 71091 59 0 1788978395 193572
2 71149 83 0 1788978395 197658
2 71155 62 0 1788978395 198025
2 71176 80 0 1788978395 199499
2 71177 83 0 1788978395 199585
2 71184 66 0 1788978395 200068
2 71218 62 0 1788978395 202414
2 71236 112 0 1788978395 203638
2 71270 55 0 1788978395 205768
2 71290 56 0 1788978395 206998
2 71308 73 0 1788978395 208160
2 71321 73 0 1788978395 209047
2 71346 83 0 1788978395 210650
2 71352 59 0 1788978395 211069
2 71357 61 0 1788978395 211404
2 71367 60 0 1788978395 212056
2 71377 68 0 1788978395 212805
2 71379 57 0 1788978395 212927
2 71389 71 0 1788978395 213603
2 71404 95 0 1788978395 214630
2 71469 60 0 1788978395 218868
2 71491 56 0 1788978395 220211
2 71493 59 0 1788978395 220331
2 71523 64 0 1788978395 222245
2 71531 67 0 1788978395 222812
2 71554 53 0 1788978395 224207
2 71590 82 0 1788978395 226561
2 71598 68 0 1788978395 227109
2 71609 60 0 1788978395 227805
2 71628 59 0 1788978395 229012
2 71662 71 0 1788978395 231195
2 71679 59 0 1788978395 232230
2 71684 76 0 1788978395 232585
2 71708 64 0 1788978395 234413
2 71721 74 0 1788978395 235332
2 71729 62 0 1788978395 235943
2 71782 75 0 1788978395 239721
2 71793 62 0 1788978395 240453
2 71807 65 0 1788978395 241386
2 71827 80 0 1788978395 243005
2 71831 58 0 1788978395 243253
2 71841 52 0 1788978395 243919
2 71864 67 0 1788978395 245576
2 71865 95 0 1788978395 245675
2 71872 81 0 1788978395 246413
2 71896 65 0 1788978395 248237
2 71902 55 0 1788978395 248588
2 71932 89 0 1788978395 250892
2 71939 65 0 1788978395 251411
2 72046 60 0 1788978395 258421
2 72060 71 0 1788978395 259247
2 72064 64 0 1788978395 259496
2 72067 86 0 1788978395 259728
2 72092 75 0 1788978395 261318
2 72124 81 0 1788978395 263804
2 72139 68 0 1788978395 264930
2 72149 69 0 1788978395 265752
2 72150 86 0 1788978395 265842
2 72178 98 0 1788978395 268014
2 72189 57 0 1788978395 268794
2 72215 65 0 1788978395 270426
2 72225 51 0 1788978395 271003
2 72232 56 0 1788978395 271425
2 72240 63 0 1788978395 271913
2 72261 54 0 1788978395 273191
2 72276 54 0 1788978395 274052
2 72279 55 0 1788978395 274220
2 72293 57 0 1788978395 275049
2 72295 55 0 1788978395 275165
2 72299 69 0 1788978395 275435
2 72354 67 0 1788978395 279468
2 72355 87 0 1788978395 279560
2 72369 58 0 1788978395 280408
2 72378 59 0 1788978395 280997
2 72382 74 0 1788978395 281333
2 72391 64 0 1788978395 281929
2 72436 56 0 1788978395 284762
2 72448 67 0 1788978395 285547
2 72477 87 0 1788978395 287488
2 72485 65 0 1788978395 288032
2 72518 57 0 1788978395 290280
2 72558 57 0 1788978395 292876
2 72594 58 0 1788978395 295137
2 72612 59 0 1788978395 296259
2 72625 59 0 1788978395 297057
2 72656 65 0 1788978395 299347
2 72680 63 0 1788978395 300917
2 72705 70 0 1788978395 302443
2 72707 59 0 1788978395 302574
2 72720 66 0 1788978395 303418
2 72723 60 0 1788978395 303601
2 72779 62 0 1788978395 307232
2 72802 70 0 1788978395 308799
2 72831 62 0 1788978395 310892
2 72845 59 0 1788978395 311839
2 72856 85 0 1788978395 312658
2 72883 70 0 1788978395 314542
2 72949 124 0 1788978395 319720
2 72991 71 0 1788978395 322976
2 73062 76 0 1788978395 327954
2 73091 56 0 1788978395 329769
2 73190 67 0 1788978395 337370
2 73196 84 0 1788978395 337895
2 73199 71 0 1788978395 338130
2 73210 58 0 1788978395 339278
2 73225 62 0 1788978395 340230
2 73244 77 0 1788978395 341476
2 73282 55 0 1788978395 343902
2 73284 54 0 1788978395 344015
2 73305 61 0 1788978395 345298
2 73307 61 0 1788978395 345421
2 73311 83 0 1788978395 345730
2 73345 89 0 1788978395 347985
2 73349 72 0 1788978395 348283
2 73385 0 0 1788978395 350586
2 73386 79 0 1788978395 350669
2 73398 84 0 1788978395 351503
2 73401 73 0 1788978395 351734
2 73411 61 0 1788978395 352387
2 73416 64 0 1788978395 352764
2 73467 57 0 1788978395 356192
2 73481 54 0 1788978395 357011
2 73491 54 0 1788978395 357571
2 73501 56 0 1788978395 358133
2 73503 68 0 1788978395 358258
2 73533 70 0 1788978395 360303
2 73549 61 0 1788978395 361295
2 73569 61 0 1788978395 362513
2 73576 62 0 1788978395 362991
2 73581 64 0 1788978395 363317
2 73607 54 0 1788978395 364920
2 73629 56 0 1788978395 366190
2 73634 63 0 1788978395 366486
2 73734 48 0 1788978395 372563
2 73746 63 0 1788978395 373332
2 73803 91 0 1788978395 377364
2 73812 103 0 1788978395 378182
2 73823 88 0 1788978395 379138
2 73826 79 0 1788978395 379386
2 73827 79 0 1788978395 379468
2 73912 68 0 1788978395 386768
2 73929 69 0 1788978395 388032
2 73930 80 0 1788978395 388116
2 73958 63 0 1788978395 390041
2 73964 60 0 1788978395 390432
2 73970 61 0 1788978395 390854
2 73984 58 0 1788978395 391946
2 74024 62 0 1788978395 394434
2 74027 81 0 1788978395 394644
2 74035 63 0 1788978395 395191
2 74053 67 0 1788978395 396337
2 74054 80 0 1788978395 396422
2 74078 62 0 1788978395 398254
2 74088 74 0 1788978395 399169
2 74126 85 0 1788978395 402505
2 74159 82 0 1788978395 404917
2 74164 64 0 1788978395 405292
2 74207 77 0 1788978395 409123
2 74282 59 0 1788978395 414420
2 74338 61 0 1788978395 418040
2 74350 334 0 1788978395 419058
2 74359 89 0 1788978395 419659
2 74364 67 0 1788978395 420017
2 74375 60 0 1788978395 420764
2 74406 66 0 1788978395 423226
2 74410 68 0 1788978395 423502
2 74427 94 0 1788978395 424649
2 74431 58 0 1788978395 424916
2 74454 54 0 1788978395 426372
2 74455 69 0 1788978395 426445
2 74460 65 0 1788978395 426764
2 74473 65 0 1788978395 427571
2 74491 65 0 1788978395 428685
2 74518 61 0 1788978395 430441
2 74521 72 0 1788978395 430639
2 74569 64 0 1788978395 433844
2 74577 58 0 1788978395 434395
2 74584 59 0 1788978395 434830
2 74594 62 0 1788978395 435416
2 74620 82 0 1788978395 437398
2 74663 67 0 1788978395 440398
2 74667 77 0 1788978395 440700
2 74700 74 0 1788978395 443341
2 74703 71 0 1788978395 443571
2 74705 73 0 1788978395 443778
2 74707 128 0 1788978395 443991
2 74726 57 0 1788978395 445208
2 74744 62 0 1788978395 446466
2 74772 56 0 1788978395 448292
2 74783 57 0 1788978395 449045
2 74784 59 0 1788978395 449107
2 74793 78 0 1788978395 449701
2 74812 59 0 1788978395 451019
2 74843 61 0 1788978395 453110
2 74846 55 0 1788978395 453284
2 74849 50 0 1788978395 453479
2 74862 65 0 1788978395 454446
2 74878 113 0 1788978395 455699
2 74908 62 0 1788978395 458125
2 74920 85 0 1788978395 459078
2 74926 73 0 1788978395 459553
2 74946 59 0 1788978395 460875
2 74949 61 0 1788978395 461059
2 74963 60 0 1788978395 461935
2 74993 56 0 1788978395 463832
2 75012 66 0 1788978395 465078
2 75041 70 0 1788978395 467166
2 75116 58 0 1788978395 472153
2 75152 65 0 1788978395 474561
2 75163 69 0 1788978395 475354
2 75189 57 0 1788978395 477015
2 75191 58 0 1788978395 477136
2 75193 57 0 1788978395 477255
2 75195 60 0 1788978395 477375
2 75222 96 0 1788978395 479303
2 75249 63 0 1788978395 481204
2 75250 61 0 1788978395 481267
2 75282 70 0 1788978395 483374
2 75339 58 0 1788978395 487362
2 75428 66 0 1788978395 493540
2 75430 75 0 1788978395 493714
2 75433 61 0 1788978395 493911
2 75473 67 0 1788978395 496558
2 75514 59 0 1788978395 499389
2 75539 65 0 1788978395 501140
2 75541 59 0 1788978395 501259
2 75545 66 0 1788978395 501527
2 75551 58 0 1788978395 501984
2 75581 72 0 1788978395 504097
2 75584 69 0 1788978395 504318
2 75597 69 0 1788978395 505191
2 75658 57 0 1788978395 509231
2 75670 56 0 1788978395 509935
2 75719 74 0 1788978395 513156
2 75730 63 0 1788978395 513870
2 75732 62 0 1788978395 513998
2 75765 69 0 1788978395 516105
2 75775 61 0 1788978395 516772
2 75778 61 0 1788978395 516958
2 75816 64 0 1788978395 519392
2 75840 64 0 1788978395 521274
2 75876 60 0 1788978395 523701
2 75885 66 0 1788978395 524241
2 75905 102 0 1788978395 525680
2 75922 64 0 1788978395 526849
2 75926 58 0 1788978395 527118
2 75943 63 0 1788978395 528258
2 75979 64 0 1788978395 530767
2 76009 61 0 1788978395 532774
2 76050 62 0 1788978395 535452
2 76067 58 0 1788978395 536495
2 76076 60 0 1788978395 537058
2 76094 54 0 1788978395 538266
2 76096 62 0 1788978395 538392
2 76098 62 0 1788978395 538519
2 76111 60 0 1788978395 539372
2 76129 64 0 1788978395 540565
2 76155 64 0 1788978395 542293
2 76178 64 0 1788978395 543725
2 76204 64 0 1788978395 545387
2 76240 70 0 1788978395 548101
2 76264 95 0 1788978395 549692
2 76267 70 0 1788978395 549906
2 76272 63 0 1788978395 550263
2 76275 60 0 1788978395 550463
2 76421 61 0 1788978395 561908
2 76440 64 0 1788978395 563132
2 76466 61 0 1788978395 564898
2 76491 67 0 1788978395 566547
2 76498 60 0 1788978395 567006
2 76508 67 0 1788978395 567643
2 76526 57 0 1788978395 568739
2 76555 90 0 1788978395 570698
2 76557 60 0 1788978395 570828
2 76576 61 0 1788978395 572025
2 76595 64 0 1788978395 573256
2 76677 56 0 1788978395 578385
2 76684 73 0 1788978395 578869
2 76702 73 0 1788978395 580203
2 76718 58 0 1788978395 581213
2 76724 58 0 1788978395 581578
2 76725 89 0 1788978395 581670
2 76738 72 0 1788978395 582543
2 76767 62 0 1788978395 584429
2 76772 66 0 1788978395 584796
2 76775 62 0 1788978395 584995
2 76777 64 0 1788978395 585129
2 76819 57 0 1788978395 587868
2 76820 58 0 1788978395 587929
2 76832 61 0 1788978395 588623
2 76834 86 0 1788978395 588789
2 76856 66 0 1788978395 590263
2 76903 53 0 1788978395 593440
2 76927 62 0 1788978395 594856
2 76929 55 0 1788978395 594972
2 76968 67 0 1788978395 597179
2 76993 55 0 1788978395 598761
2 77007 54 0 1788978395 599539
2 77022 112 0 1788978395 600696
2 77036 79 0 1788978395 601815
2 77042 86 0 1788978395 602313
2 77047 78 0 1788978395 602841
2 77051 83 0 1788978395 603150
2 77062 98 0 1788978395 604110
2 77071 104 0 1788978395 604881
2 77096 77 0 1788978395 606947
2 77115 78 0 1788978395 608420
2 77199 79 0 1788978395 614804
2 77223 80 0 1788978395 617093
2 77240 60 0 1788978395 618477
2 77290 68 0 1788978395 622258
2 77332 69 0 1788978395 625844
2 77345 76 0 1788978395 626749
2 77357 67 0 1788978395 627561
2 77360 0 0 1788978395 627815
2 77385 93 0 1788978395 629701
2 77389 84 0 1788978395 630056
2 77393 67 0 1788978395 630356
2 77412 65 0 1788978395 631760
2 77417 59 0 1788978395 632078
2 77419 86 0 1788978395 632241
2 77450 48 0 1788978395 634373
2 77504 74 0 1788978395 638594
2 77506 83 0 1788978395 638776
2 77508 79 0 1788978395 638955
2 77534 62 0 1788978395 641348
2 77537 59 0 1788978395 641533
2 77543 84 0 1788978395 641955
2 77544 72 0 1788978395 642032
2 77560 91 0 1788978395 643352
2 77598 85 0 1788978395 646217
2 77612 72 0 1788978395 647164
2 77624 66 0 1788978395 648019
2 77639 68 0 1788978395 649124
2 77661 86 0 1788978395 650569
2 77756 68 0 1788978395 657598
2 77801 69 0 1788978395 661525
2 77802 114 0 1788978395 661644
2 77815 68 0 1788978395 662568
2 77855 73 0 1788978395 665201
2 77864 63 0 1788978395 665810
2 77875 61 0 1788978395 666510
2 77883 55 0 1788978395 667035
2 77893 72 0 1788978395 667746
2 77896 62 0 1788978395 667944
2 77907 69 0 1788978395 668664
2 77945 73 0 1788978395 672230
2 77957 86 0 1788978395 673277
2 77971 55 0 1788978395 674421
2 78013 81 0 1788978395 678147
2 78017 100 0 1788978395 678504
2 78037 66 0 1788978395 680341
2 78039 89 0 1788978395 680508
2 78069 67 0 1788978395 682601
2 78097 66 0 1788978395 684537
2 78141 63 0 1788978395 687337
2 78147 62 0 1788978395 687763
2 78155 51 0 1788978395 688264
2 78173 59 0 1788978395 689332
2 78213 71 0 1788978395 691966
2 78220 69 0 1788978395 692436
2 78238 78 0 1788978395 693670
2 78281 58 0 1788978395 696506
2 78292 68 0 1788978395 697263
2 78332 71 0 1788978395 700035
2 78350 65 0 1788978395 701338
2 78355 65 0 1788978395 701703
2 78378 85 0 1788978395 703284
2 78380 59 0 1788978395 703420
2 78406 67 0 1788978395 705139
2 78473 57 0 1788978395 709365
2 78476 62 0 1788978395 709545
2 78494 69 0 1788978395 710779
2 78513 62 0 1788978395 712129
2 78541 61 0 1788978395 714057
2 78543 66 0 1788978395 714193
2 78552 82 0 1788978395 714831
2 78562 64 0 1788978395 715514
2 78571 60 0 1788978395 716088
2 78584 63 0 1788978395 716925
2 78619 58 0 1788978395 719221
2 78649 57 0 1788978395 721181
2 78670 64 0 1788978395 722550
2 78758 56 0 1788978395 727905
2 78816 61 0 1788978395 731311
2 78817 62 0 1788978395 731377
2 78854 63 0 1788978395 733861
2 78876 59 0 1788978395 735278
2 78901 60 0 1788978395 736854
2 78920 70 0 1788978395 738074
2 78926 57 0 1788978395 738472
2 78950 58 0 1788978395 740025
2 78960 62 0 1788978395 740642
2 79085 62 0 1788978395 748862
2 79087 59 0 1788978395 748986
2 79099 58 0 1788978395 749814
2 79109 59 0 1788978395 750453
2 79115 63 0 1788978395 750898
2 79126 115 0 1788978395 751699
2 79142 73 0 1788978395 752989
2 79160 88 0 1788978395 754229
2 79201 67 0 1788978395 756959
2 79213 65 0 1788978395 757776
2 79227 73 0 1788978395 758757
2 79228 77 0 1788978395 758855
2 79245 64 0 1788978395 760198
2 79250 64 0 1788978395 760512
2 79269 65 0 1788978395 761753
2 79272 46 0 1788978395 761949
2 79310 62 0 1788978395 764403
2 79311 58 0 1788978395 764466
2 79327 64 0 1788978395 765434
2 79342 66 0 1788978395 766406
2 79343 59 0 1788978395 766469
2 79352 56 0 1788978395 767024
2 79381 91 0 1788978395 768930
2 79390 67 0 1788978395 769542
2 79424 78 0 1788978395 771830
2 79428 70 0 1788978395 772124
2 79433 63 0 1788978395 772475
2 79472 61 0 1788978395 775132
2 79489 66 0 1788978395 776277
2 79548 63 0 1788978395 780302
2 79603 60 0 1788978395 783982
2 79634 64 0 1788978395 786099
2 79647 70 0 1788978395 786994
2 79663 62 0 1788978395 788139
2 79699 61 0 1788978395 790391
2 79701 57 0 1788978395 790508
2 79732 64 0 1788978395 792576
2 79779 91 0 1788978395 795743
2 79789 72 0 1788978395 796450
2 79794 73 0 1788978395 796815
2 79805 66 0 1788978395 797566
2 79829 62 0 1788978395 799221
2 79836 95 0 1788978395 799688
2 79887 67 0 1788978395 803154
2 79929 61 0 1788978395 806010
2 79932 66 0 1788978395 806203
2 79935 65 0 1788978395 806405
2 79989 62 0 1788978395 809637
2 80014 56 0 1788978395 811079
2 80019 56 0 1788978395 811363
2 80051 59 0 1788978395 813508
2 80056 78 0 1788978395 813871
2 80113 58 0 1788978395 817792
2 80128 64 0 1788978395 818735
2 80138 61 0 1788978395 819367
2 80141 59 0 1788978395 819546
2 80161 89 0 1788978395 820952
2 80183 57 0 1788978395 822308
2 80206 85 0 1788978395 823677
2 80213 62 0 1788978395 824211
2 80229 56 0 1788978395 825169
2 80247 60 0 1788978395 826264
2 80276 70 0 1788978395 828063
2 80290 60 0 1788978395 828966
2 80295 70 0 1788978395 829297
2 80297 74 0 1788978395 829447
2 80325 67 0 1788978395 831522
2 80380 63 0 1788978395 835890
2 80404 63 0 1788978395 837500
2 80405 62 0 1788978395 837565
2 80423 73 0 1788978395 839199
2 80488 80 0 1788978395 845824
2 80500 61 0 1788978395 846533
2 80529 69 0 1788978395 848389
2 80571 57 0 1788978395 851364
2 80623 54 0 1788978395 854945
2 80625 95 0 1788978395 855099
2 80661 67 0 1788978395 857461
2 80684 90 0 1788978395 859279
2 80685 80 0 1788978395 859363
2 80760 78 0 1788978395 865211
2 80764 77 0 1788978395 865491
2 80775 102 0 1788978395 866422
2 80781 78 0 1788978395 867069
2 80795 109 0 1788978395 868379
2 80797 74 0 1788978395 868537
2 80820 132 0 1788978395 870706
2 80821 88 0 1788978395 870799
2 80827 71 0 1788978395 871266
2 80837 67 0 1788978395 872134
2 80840 65 0 1788978395 872337
2 80849 75 0 1788978395 873607
2 80957 89 0 1788978395 882138
2 80959 78 0 1788978395 882310
2 80962 88 0 1788978395 882568
2 80976 54 0 1788978395 883567
2 81003 61 0 1788978395 885224
2 81021 60 0 1788978395 886309
2 81025 60 0 1788978395 886552
2 81030 59 0 1788978395 886871
2 81031 65 0 1788978395 886938
2 81041 59 0 1788978395 887537
2 81043 68 0 1788978395 887665
2 81061 55 0 1788978395 888817
2 81066 54 0 1788978395 889096
2 81127 59 0 1788978395 893159
2 81139 66 0 1788978395 893935
2 81141 66 0 1788978395 894099
2 81157 57 0 1788978395 895172
2 81180 56 0 1788978395 896490
2 81214 54 0 1788978395 898374
2 81242 60 0 1788978395 900083
2 81254 59 0 1788978395 900835
2 81273 54 0 1788978395 902007
2 81277 54 0 1788978395 902228
2 81280 63 0 1788978395 902453
2 81283 75 0 1788978395 902662
2 81296 60 0 1788978395 903561
2 81304 65 0 1788978395 904097
2 81307 59 0 1788978395 904281
2 81326 62 0 1788978395 905446
2 81351 62 0 1788978395 906991
2 81364 79 0 1788978395 907852
2 81380 61 0 1788978395 908928
2 81386 52 0 1788978395 909279
2 81448 58 0 1788978395 913571
2 81460 61 0 1788978395 914343
2 81468 66 0 1788978395 914886
2 81482 67 0 1788978395 915802
2 81501 58 0 1788978395 916934
2 81512 61 0 1788978395 917605
2 81516 64 0 1788978395 917854
2 81543 62 0 1788978395 919496
2 81646 55 0 1788978395 926051
2 81679 60 0 1788978395 928166
2 81700 75 0 1788978395 929548
2 81737 58 0 1788978395 932066
2 81743 63 0 1788978395 932449
2 81772 61 0 1788978395 934213
2 81789 60 0 1788978395 935351
2 81859 60 0 1788978395 940060
2 81861 61 0 1788978395 940187
2 81881 54 0 1788978395 941376
2 81903 95 0 1788978395 942677
2 81965 69 0 1788978395 946961
2 81967 81 0 1788978395 947108
2 81986 69 0 1788978395 948603
2 82009 72 0 1788978395 950309
2 82025 51 0 1788978395 951366
2 82056 63 0 1788978395 953335
2 82086 64 0 1788978395 955439
2 82129 64 0 1788978395 958296
2 82149 71 0 1788978395 959704
2 82155 59 0 1788978395 960161
2 82171 66 0 1788978395 961327
2 82231 54 0 1788978395 965032
2 82245 75 0 1788978395 965927
2 82263 52 0 1788978395 967048
2 82268 63 0 1788978395 967348
2 82326 59 0 1788978395 971090
2 82400 56 0 1788978395 975733
2 82420 57 0 1788978395 976897
2 82431 67 0 1788978395 977535
2 82443 59 0 1788978395 978386
2 82459 58 0 1788978395 979367
2 82542 52 0 1788978395 985060
2 82602 60 0 1788978395 988943
2 82611 67 0 1788978395 989541
2 82615 76 0 1788978395 989855
2 82621 66 0 1788978395 990277
2 82624 65 0 1788978395 990468
2 82640 66 0 1788978395 991552
2 82647 54 0 1788978395 992009
2 82659 56 0 1788978395 992767
2 82660 84 0 1788978395 992853
2 82664 55 0 1788978395 993102
2 82665 55 0 1788978395 993159
2 82692 62 0 1788978395 994918
2 82695 69 0 1788978395 995120
2 82704 114 0 1788978395 995782
2 82741 57 0 1788978395 998269
2 82752 61 0 1788978395 998959
2 82777 130 0 1788978396 833
2 82783 79 0 1788978396 1291
2 82792 58 0 1788978396 1886
2 82804 73 0 1788978396 2756
2 82805 71 0 1788978396 2832
2 82890 60 0 1788978396 8834
2 82894 96 0 1788978396 9130
2 82920 68 0 1788978396 11400
2 82971 67 0 1788978396 14718
2 82979 66 0 1788978396 15262
2 82981 65 0 1788978396 15394
2 82990 70 0 1788978396 16007
2 82991 63 0 1788978396 16074
2 83016 62 0 1788978396 17782
2 83021 61 0 1788978396 18109
2 83028 57 0 1788978396 18499
2 83036 65 0 1788978396 19016
2 83048 67 0 1788978396 19893
2 83054 58 0 1788978396 20261
2 83059 57 0 1788978396 20553
2 83063 58 0 1788978396 20798
2 83089 66 0 1788978396 22457
2 83110 56 0 1788978396 23809
2 83122 61 0 1788978396 24773
2 83147 64 0 1788978396 26356
2 83152 77 0 1788978396 26688
2 83167 67 0 1788978396 27764
2 83170 86 0 1788978396 27984
2 83172 54 0 1788978396 28100
2 83178 81 0 1788978396 28523
2 83190 97 0 1788978396 29425
2 83217 72 0 1788978396 31208
2 83264 58 0 1788978396 34403
2 83271 60 0 1788978396 34890
2 83281 62 0 1788978396 35542
2 83291 65 0 1788978396 36188
2 83295 66 0 1788978396 36451
2 83331 56 0 1788978396 38902
2 83334 58 0 1788978396 39072
2 83361 68 0 1788978396 40795
2 83378 59 0 1788978396 42035
2 83393 58 0 1788978396 42986
2 83406 66 0 1788978396 44055
2 83422 63 0 1788978396 45132
2 83452 65 0 1788978396 47218
2 83461 67 0 1788978396 47813
2 83489 57 0 1788978396 49591
2 83508 62 0 1788978396 50753
2 83545 58 0 1788978396 53102
2 83550 57 0 1788978396 53392
2 83583 59 0 1788978396 55569
2 83584 70 0 1788978396 55644
2 83610 76 0 1788978396 57318
2 83627 62 0 1788978396 58405
2 83628 58 0 1788978396 58464
2 83660 67 0 1788978396 60556
2 83682 56 0 1788978396 61866
2 83686 64 0 1788978396 62117
2 83693 67 0 1788978396 62565
2 83736 58 0 1788978396 65340
2 83765 66 0 1788978396 67088
2 83767 64 0 1788978396 67219
2 83768 66 0 1788978396 67288
2 83776 68 0 1788978396 67833
2 83795 72 0 1788978396 69142
2 83907 59 0 1788978396 76319
2 83919 96 0 1788978396 77073
2 83946 67 0 1788978396 78932
2 83949 69 0 1788978396 79132
2 83970 58 0 1788978396 80492
2 83973 86 0 1788978396 80696
2 83989 68 0 1788978396 81650
2 84007 55 0 1788978396 82715
2 84012 71 0 1788978396 83032
2 84016 67 0 1788978396 83381
2 84028 55 0 1788978396 84164
2 84038 62 0 1788978396 84768
2 84043 53 0 1788978396 85055
2 84082 62 0 1788978396 87410
2 84157 58 0 1788978396 92068
2 84170 64 0 1788978396 92931
2 84184 60 0 1788978396 93749
2 84198 79 0 1788978396 94556
2 84208 81 0 1788978396 95368
2 84230 81 0 1788978396 97203
2 84231 73 0 1788978396 97279
2 84269 53 0 1788978396 99801
2 84360 79 0 1788978396 105727
2 84362 66 0 1788978396 105861
2 84380 90 0 1788978396 107236
2 84381 69 0 1788978396 107309
2 84382 58 0 1788978396 107369
2 84385 53 0 1788978396 107533
2 84451 64 0 1788978396 111564
2 84462 83 0 1788978396 112405
2 84463 83 0 1788978396 112491
2 84476 74 0 1788978396 113570
2 84483 67 0 1788978396 114114
2 84518 106 0 1788978396 116714
2 84526 52 0 1788978396 117275
2 84528 53 0 1788978396 117384
2 84537 74 0 1788978396 117954
2 84539 0 0 1788978396 118117
2 84546 74 0 1788978396 118604
2 84559 68 0 1788978396 119535
2 84567 58 0 1788978396 120220
2 84583 65 0 1788978396 121471
2 84590 80 0 1788978396 122034
2 84591 70 0 1788978396 122109
2 84594 78 0 1788978396 122410
2 84597 118 0 1788978396 122673
2 84600 73 0 1788978396 122876
2 84620 66 0 1788978396 124281
2 84622 74 0 1788978396 124424
2 84647 113 0 1788978396 126104
2 84658 55 0 1788978396 126863
2 84665 90 0 1788978396 127302
2 84722 71 0 1788978396 131921
2 84737 66 0 1788978396 132951
2 84765 65 0 1788978396 134754
2 84800 56 0 1788978396 137065
2 84807 58 0 1788978396 137472
2 84814 66 0 1788978396 137900
2 84839 52 0 1788978396 139385
2 84893 55 0 1788978396 142566
2 84936 52 0 1788978396 145243
2 84972 70 0 1788978396 147700
2 84992 67 0 1788978396 149147
2 85009 78 0 1788978396 150275
2 85010 67 0 1788978396 150345
2 85040 56 0 1788978396 152295
2 85044 49 0 1788978396 152536
2 85052 55 0 1788978396 152976
2 85064 67 0 1788978396 153909
2 85076 69 0 1788978396 154671
2 85101 62 0 1788978396 156230
2 85147 62 0 1788978396 159136
2 85150 56 0 1788978396 159309
2 85176 55 0 1788978396 161010
2 85187 64 0 1788978396 161650
2 85202 54 0 1788978396 162482
2 85248 52 0 1788978396 165256
2 85284 52 0 1788978396 167262
2 85319 56 0 1788978396 169555
2 85334 63 0 1788978396 170505
2 85383 61 0 1788978396 173841
2 85412 61 0 1788978396 175557
2 85445 52 0 1788978396 177504
2 85447 68 0 1788978396 177628
2 85463 56 0 1788978396 178541
2 85477 64 0 1788978396 179394
2 85480 55 0 1788978396 179571
2 85498 85 0 1788978396 180695
2 85508 71 0 1788978396 181400
2 85568 62 0 1788978396 185133
2 85575 57 0 1788978396 185542
2 85576 58 0 1788978396 185602
2 85588 57 0 1788978396 186362
2 85621 57 0 1788978396 188604
2 85683 53 0 1788978396 192978
2 85738 48 0 1788978396 196405
2 85745 43 0 1788978396 196767
2 85779 43 0 1788978396 198409
2 85796 57 0 1788978396 199363
2 85818 59 0 1788978396 200742
2 85840 73 0 1788978396 202188
2 85842 54 0 1788978396 202302
2 85859 63 0 1788978396 203390
2 85862 66 0 1788978396 203594
2 85917 53 0 1788978396 206983
2 85918 56 0 1788978396 207042
2 85953 60 0 1788978396 209120
2 85956 62 0 1788978396 209333
2 85989 63 0 1788978396 211499
2 85998 64 0 1788978396 212097
2 86003 59 0 1788978396 212414
2 86044 52 0 1788978396 214979
2 86066 64 0 1788978396 216273
2 86069 56 0 1788978396 216444
2 86082 74 0 1788978396 217336
2 86083 68 0 1788978396 217408
2 86085 58 0 1788978396 217527
2 86086 56 0 1788978396 217585
2 86095 55 0 1788978396 218111
2 86122 62 0 1788978396 219735
2 86147 61 0 1788978396 221336
2 86153 66 0 1788978396 221729
2 86172 65 0 1788978396 222963
2 86179 70 0 1788978396 223443
2 86191 68 0 1788978396 224195
2 86197 51 0 1788978396 224539
2 86234 52 0 1788978396 226567
2 86275 59 0 1788978396 228950
2 86318 54 0 1788978396 231736
2 86340 57 0 1788978396 233013
2 86356 59 0 1788978396 233973
2 86361 69 0 1788978396 234297
2 86374 53 0 1788978396 235068
2 86394 61 0 1788978396 236317
2 86419 71 0 1788978396 237889
2 86462 57 0 1788978396 240455
2 86511 62 0 1788978396 243884
2 86593 62 0 1788978396 249012
2 86609 64 0 1788978396 250155
2 86627 62 0 1788978396 251392
2 86638 0 0 1788978396 252269
2 86648 79 0 1788978396 253076
2 86664 63 0 1788978396 254045
2 86676 52 0 1788978396 254820
2 86682 52 0 1788978396 255139
2 86688 56 0 1788978396 255485
2 86723 59 0 1788978396 257718
2 86750 63 0 1788978396 259444
2 86771 61 0 1788978396 260978
2 86776 85 0 1788978396 261333
2 86784 60 0 1788978396 261899
2 86787 63 0 1788978396 262096
2 86810 80 0 1788978396 263655
2 86846 82 0 1788978396 266611
2 86896 57 0 1788978396 270162
2 86912 47 0 1788978396 271054
2 86943 54 0 1788978396 272834
2 86945 47 0 1788978396 272938
2 86966 56 0 1788978396 274187
2 86980 56 0 1788978396 275007
2 86987 58 0 1788978396 275410
2 86996 66 0 1788978396 276067
2 87034 54 0 1788978396 278525
2 87038 54 0 1788978396 278769
2 87088 64 0 1788978396 282309
2 87095 67 0 1788978396 282813
2 87104 81 0 1788978396 283442
2 87110 54 0 1788978396 283824
2 87112 60 0 1788978396 283963
2 87113 55 0 1788978396 284021
2 87134 75 0 1788978396 285249
2 87145 65 0 1788978396 285953
2 87245 51 0 1788978396 292170
2 87278 66 0 1788978396 294317
2 87299 93 0 1788978396 295704
2 87309 58 0 1788978396 296372
2 87322 84 0 1788978396 297189
2 87329 91 0 1788978396 297679
2 87342 66 0 1788978396 298512
2 87394 68 0 1788978396 302108
2 87398 87 0 1788978396 302413
2 87402 80 0 1788978396 302687
2 87415 91 0 1788978396 303638
2 87455 545 0 1788978396 307084
2 87512 70 0 1788978396 311609
2 87519 70 0 1788978396 312163
2 87521 145 0 1788978396 312385
2 87544 72 0 1788978396 313991
2 87582 75 0 1788978396 316865
2 87595 102 0 1788978396 317955
2 87596 85 0 1788978396 318046
2 87616 76 0 1788978396 319730
2 87642 73 0 1788978396 321948
2 87668 79 0 1788978396 324062
2 87676 56 0 1788978396 324600
2 87691 94 0 1788978396 325679
2 87698 65 0 1788978396 326190
2 87713 59 0 1788978396 327347
2 87738 0 0 1788978396 329109
2 87751 167 0 1788978396 330480
2 87756 98 0 1788978396 330941
2 87759 0 0 1788978396 331172
2 87765 75 0 1788978396 331809
2 87768 73 0 1788978396 332088
2 87772 91 0 1788978396 332460
2 87839 66 0 1788978396 338377
2 87864 70 0 1788978396 340273
2 87865 76 0 1788978396 340353
2 87955 63 0 1788978396 346952
2 87983 71 0 1788978396 349001
2 87984 85 0 1788978396 349094
2 88006 61 0 1788978396 350552
2 88015 56 0 1788978396 351162
2 88059 67 0 1788978396 354500
2 88067 68 0 1788978396 355038
2 88091 84 0 1788978396 356746
2 88117 71 0 1788978396 358465
2 88119 63 0 1788978396 358604
2 88130 86 0 1788978396 359412
2 88144 92 0 1788978396 360444
2 88148 70 0 1788978396 360716
2 88162 60 0 1788978396 361622
2 88164 74 0 1788978396 361749
2 88206 66 0 1788978396 364528
2 88258 58 0 1788978396 368206
2 88272 57 0 1788978396 369040
2 88302 61 0 1788978396 371179
2 88322 67 0 1788978396 372486
2 88323 59 0 1788978396 372548
2 88324 105 0 1788978396 372655
2 88353 95 0 1788978396 374651
2 88354 79 0 1788978396 374734
2 88385 62 0 1788978396 376705
2 88392 84 0 1788978396 377185
2 88398 74 0 1788978396 377568
2 88455 64 0 1788978396 381243
2 88517 59 0 1788978396 385294
2 88526 67 0 1788978396 386006
2 88535 77 0 1788978396 386668
2 88570 61 0 1788978396 388813
2 88583 59 0 1788978396 389708
2 88586 58 0 1788978396 389887
2 88610 57 0 1788978396 391328
2 88633 61 0 1788978396 392881
2 88651 60 0 1788978396 394024
2 88656 55 0 1788978396 394336
2 88668 60 0 1788978396 395108
2 88695 57 0 1788978396 396794
2 88700 59 0 1788978396 397096
2 88712 61 0 1788978396 397827
2 88714 58 0 1788978396 397947
2 88750 61 0 1788978396 400228
2 88766 59 0 1788978396 401195
2 88803 51 0 1788978396 403458
2 88816 71 0 1788978396 404412
2 88937 65 0 1788978396 411916
2 89000 58 0 1788978396 415776
2 89017 58 0 1788978396 416834
2 89026 57 0 1788978396 417365
2 89036 58 0 1788978396 417973
2 89043 66 0 1788978396 418458
2 89047 59 0 1788978396 418715
2 89057 62 0 1788978396 419376
2 89062 63 0 1788978396 419720
2 89077 85 0 1788978396 420870
2 89084 55 0 1788978396 421278
2 89088 54 0 1788978396 421545
2 89089 51 0 1788978396 421598
2 89109 77 0 1788978396 422853
2 89111 77 0 1788978396 422998
2 89116 130 0 1788978396 423466
2 89124 84 0 1788978396 424220
2 89133 64 0 1788978396 424849
2 89172 66 0 1788978396 427331
2 89244 60 0 1788978396 431992
2 89275 56 0 1788978396 434004
2 89277 53 0 1788978396 434110
2 89327 52 0 1788978396 437100
2 89354 58 0 1788978396 438773
2 89357 59 0 1788978396 438950
2 89363 77 0 1788978396 439324
2 89371 60 0 1788978396 439851
2 89381 58 0 1788978396 440461
2 89395 77 0 1788978396 441437
2 89422 68 0 1788978396 442842
2 89479 64 0 1788978396 446590
2 89480 90 0 1788978396 446684
2 89486 65 0 1788978396 447086
2 89506 58 0 1788978396 448337
2 89547 71 0 1788978396 450967
2 89635 62 0 1788978396 456516
2 89695 68 0 1788978396 460656
2 89696 62 0 1788978396 460721
2 89724 71 0 1788978396 462562
2 89728 110 0 1788978396 462905
2 89757 67 0 1788978396 464825
2 89762 85 0 1788978396 465221
2 89774 57 0 1788978396 465913
2 89788 59 0 1788978396 466792
2 89814 67 0 1788978396 468430
2 89851 67 0 1788978396 470662
2 89854 64 0 1788978396 470867
2 89968 60 0 1788978396 478167
2 89969 60 0 1788978396 478232
2 89972 60 0 1788978396 478413
2 89976 63 0 1788978396 478640
2 90013 58 0 1788978396 481009
2 90018 55 0 1788978396 481342
2 90038 63 0 1788978396 482565
2 90079 58 0 1788978396 485026
2 90081 63 0 1788978396 485152
2 90103 95 0 1788978396 486592
2 90106 80 0 1788978396 486841
2 90114 62 0 1788978396 487412
2 90155 53 0 1788978396 489947
2 90164 58 0 1788978396 490458
2 90167 58 0 1788978396 490627
2 90168 56 0 1788978396 490686
2 90171 55 0 1788978396 490852
2 90182 61 0 1788978396 491540
2 90196 68 0 1788978396 492575
2 90211 69 0 1788978396 493666
2 90273 60 0 1788978396 497346
2 90307 56 0 1788978396 499416
2 90319 64 0 1788978396 500194
2 90323 60 0 1788978396 500454
2 90326 68 0 1788978396 500650
2 90389 52 0 1788978396 504840
2 90390 55 0 1788978396 504898
2 90395 101 0 1788978396 505261
2 90409 62 0 1788978396 506236
2 90418 56 0 1788978396 506783
2 90424 61 0 1788978396 507122
2 90460 64 0 1788978396 509213
2 90487 83 0 1788978396 511031
2 90515 53 0 1788978396 512754
2 90546 56 0 1788978396 514513
2 90556 55 0 1788978396 515083
2 90562 52 0 1788978396 515399
2 90566 64 0 1788978396 515628
2 90590 66 0 1788978396 517128
2 90604 52 0 1788978396 517993
2 90609 52 0 1788978396 518261
2 90628 62 0 1788978396 519403
2 90640 67 0 1788978396 520235
2 90655 59 0 1788978396 521234
2 90687 55 0 1788978396 523279
2 90713 59 0 1788978396 524867
2 90718 53 0 1788978396 525178
2 90741 60 0 1788978396 526586
2 90744 58 0 1788978396 526780
2 90753 62 0 1788978396 527337
2 90904 78 0 1788978396 536670
2 90905 56 0 1788978396 536729
2 90937 62 0 1788978396 538577
2 90987 74 0 1788978396 541664
2 91000 57 0 1788978396 542422
2 91021 54 0 1788978396 543803
2 91027 76 0 1788978396 544167
2 91043 60 0 1788978396 545167
2 91052 60 0 1788978396 545705
2 91082 57 0 1788978396 547516
2 91109 62 0 1788978396 549163
2 91118 64 0 1788978396 549700
2 91123 72 0 1788978396 550012
2 91141 67 0 1788978396 551209
2 91157 56 0 1788978396 552160
2 91171 56 0 1788978396 553088
2 91254 63 0 1788978396 558091
2 91271 68 0 1788978396 559212
2 91272 94 0 1788978396 559308
2 91305 57 0 1788978396 562449
2 91312 52 0 1788978396 562899
2 91324 50 0 1788978396 563532
2 91329 62 0 1788978396 563909
2 91340 64 0 1788978396 564785
2 91398 524 0 1788978396 569467
2 91468 66 0 1788978396 573910
2 91481 66 0 1788978396 574892
2 91539 65 0 1788978396 578571
2 91543 62 0 1788978396 578845
2 91545 54 0 1788978396 578958
2 91585 63 0 1788978396 581523
2 91593 65 0 1788978396 582050
2 91619 71 0 1788978396 583647
2 91644 53 0 1788978396 585160
2 91672 59 0 1788978396 586901
2 91681 57 0 1788978396 587433
2 91719 56 0 1788978396 589773
2 91722 55 0 1788978396 589946
2 91741 61 0 1788978396 591082
2 91755 54 0 1788978396 591904
2 91767 85 0 1788978396 592678
2 91789 57 0 1788978396 594202
2 91806 53 0 1788978396 595182
2 91844 56 0 1788978396 597425
2 91871 62 0 1788978396 599141
2 91879 53 0 1788978396 599595
2 91882 61 0 1788978396 599792
2 91897 61 0 1788978396 600716
2 91913 57 0 1788978396 601720
2 91921 55 0 1788978396 602177
2 91925 55 0 1788978396 602408
2 91932 54 0 1788978396 602887
2 91962 56 0 1788978396 604687
2 91984 58 0 1788978396 606108
2 92004 63 0 1788978396 607358
2 92006 53 0 1788978396 607476
2 92031 63 0 1788978396 609332
2 92081 74 0 1788978396 613011
2 92083 85 0 1788978396 613166
2 92088 64 0 1788978396 613543
2 92095 85 0 1788978396 614079
2 92102 114 0 1788978396 614679
2 92108 86 0 1788978396 615188
2 92150 57 0 1788978396 618160
2 92153 53 0 1788978396 618344
2 92204 66 0 1788978396 621799
2 92234 59 0 1788978396 624007
2 92238 67 0 1788978396 624263
2 92252 62 0 1788978396 625219
2 92260 77 0 1788978396 625927
2 92294 96 0 1788978396 628680
2 92295 65 0 1788978396 628749
2 92296 66 0 1788978396 628817
2 92301 58 0 1788978396 629156
2 92312 78 0 1788978396 630013
2 92328 60 0 1788978396 631128
2 92355 65 0 1788978396 632979
2 92424 86 0 1788978396 637912
2 92462 66 0 1788978396 641131
2 92474 82 0 1788978396 642006
2 92509 84 0 1788978396 644846
2 92511 78 0 1788978396 644999
2 92532 118 0 1788978396 646643
2 92604 67 0 1788978396 651823
2 92622 68 0 1788978396 653251
2 92630 54 0 1788978396 653772
2 92648 91 0 1788978396 654899
2 92671 82 0 1788978396 656409
2 92686 67 0 1788978396 657739
2 92761 61 0 1788978396 663210
2 92770 51 0 1788978396 663731
2 92778 55 0 1788978396 664193
2 92782 55 0 1788978396 664420
2 92831 103 0 1788978396 667671
2 92899 60 0 1788978396 672306
2 92914 60 0 1788978396 673249
2 92923 75 0 1788978396 673835
2 92938 126 0 1788978396 675144
2 92953 61 0 1788978396 676252
2 92957 79 0 1788978396 676553
2 92981 66 0 1788978396 678376
2 92992 66 0 1788978396 679047
2 93000 67 0 1788978396 679582
2 93033 128 0 1788978396 681727
2 93062 64 0 1788978396 683557
2 93063 64 0 1788978396 683625
2 93064 62 0 1788978396 683691
2 93141 72 0 1788978396 688792
2 93176 61 0 1788978396 691061
2 93177 60 0 1788978396 691124
2 93186 79 0 1788978396 691662
2 93215 68 0 1788978396 693602
2 93244 54 0 1788978396 695394
2 93274 60 0 1788978396 697359
2 93393 57 0 1788978396 705049
2 93410 59 0 1788978396 706225
2 93421 58 0 1788978396 706874
2 93440 57 0 1788978396 708036
2 93448 97 0 1788978396 708582
2 93470 66 0 1788978396 710353
2 93476 62 0 1788978396 710797
2 93500 74 0 1788978396 712676
2 93539 61 0 1788978396 715284
2 93576 64 0 1788978396 717742
2 93595 61 0 1788978396 719024
2 93602 59 0 1788978396 719448
2 93606 63 0 1788978396 719719
2 93658 81 0 1788978396 722925
2 93663 67 0 1788978396 723268
2 93665 67 0 1788978396 723408
2 93680 60 0 1788978396 724457
2 93719 58 0 1788978396 726940
2 93746 75 0 1788978396 728599
2 93754 60 0 1788978396 729063
2 93797 55 0 1788978396 731975
2 93874 61 0 1788978396 737316
2 93879 79 0 1788978396 737660
2 93895 71 0 1788978396 738744
2 93903 86 0 1788978396 739437
2 93915 83 0 1788978396 740506
2 93921 61 0 1788978396 741040
2 93946 69 0 1788978396 742968
2 93979 76 0 1788978396 745370
2 93987 49 0 1788978396 745962
2 93999 70 0 1788978396 746754
2 94031 56 0 1788978396 748959
2 94045 59 0 1788978396 749917
2 94060 69 0 1788978396 750926
2 94096 60 0 1788978396 753308
2 94099 55 0 1788978396 753503
2 94110 68 0 1788978396 754367
2 94112 63 0 1788978396 754502
2 94119 62 0 1788978396 754956
2 94149 62 0 1788978396 756861
2 94161 65 0 1788978396 757801
2 94225 70 0 1788978396 761944
2 94245 59 0 1788978396 763307
2 94270 54 0 1788978396 764822
2 94272 54 0 1788978396 764933
2 94274 54 0 1788978396 765043
2 94279 54 0 1788978396 765316
2 94286 56 0 1788978396 765712
2 94294 45 0 1788978396 766167
2 94298 56 0 1788978396 766415
2 94300 68 0 1788978396 766551
2 94333 58 0 1788978396 768541
2 94338 60 0 1788978396 768905
2 94376 66 0 1788978396 771249
2 94412 52 0 1788978396 773555
2 94449 78 0 1788978396 775973
2 94462 57 0 1788978396 776789
2 94484 61 0 1788978396 778143
2 94488 61 0 1788978396 778381
2 94496 73 0 1788978396 778878
2 94499 56 0 1788978396 779070
2 94542 67 0 1788978396 781883
2 94574 60 0 1788978396 784031
2 94582 63 0 1788978396 784546
2 94595 107 0 1788978396 785447
2 94672 72 0 1788978396 790494
2 94694 53 0 1788978396 791790
2 94739 64 0 1788978396 794562
2 94747 63 0 1788978396 795087
2 94757 67 0 1788978396 795733
2 94760 64 0 1788978396 795931
2 94764 56 0 1788978396 796186
2 94814 57 0 1788978396 799386
2 94816 56 0 1788978396 799503
2 94839 56 0 1788978396 800988
2 94860 59 0 1788978396 802210
2 94867 59 0 1788978396 802607
2 94893 56 0 1788978396 804265
2 94902 59 0 1788978396 804824
2 94907 70 0 1788978396 805194
2 94910 86 0 1788978396 805416
2 94928 65 0 1788978396 806574
2 94990 57 0 1788978396 810165
2 95011 88 0 1788978396 811594
2 95024 59 0 1788978396 812555
2 95093 63 0 1788978396 816932
2 95114 63 0 1788978396 818244
2 95124 87 0 1788978396 818895
2 95128 72 0 1788978396 819159
2 95185 63 0 1788978396 822754
2 95190 59 0 1788978396 823082
2 95236 55 0 1788978396 825893
2 95243 63 0 1788978396 826294
2 95254 57 0 1788978396 826993
2 95279 59 0 1788978396 828498
2 95281 61 0 1788978396 828616
2 95296 72 0 1788978396 829570
2 95310 55 0 1788978396 830516
2 95333 53 0 1788978396 831941
2 95346 82 0 1788978396 832726
2 95351 58 0 1788978396 833025
2 95380 60 0 1788978396 834911
2 95387 58 0 1788978396 835326
2 95391 61 0 1788978396 835565
2 95401 67 0 1788978396 836233
2 95404 63 0 1788978396 836436
2 95423 72 0 1788978396 838069
2 95442 65 0 1788978396 839546
2 95443 97 0 1788978396 839648
2 95469 73 0 1788978396 841559
2 95475 76 0 1788978396 842039
2 95508 57 0 1788978396 844146
2 95531 87 0 1788978396 845676
2 95538 61 0 1788978396 846119
2 95560 71 0 1788978396 847589
2 95562 68 0 1788978396 847765
2 95565 57 0 1788978396 847942
2 95573 61 0 1788978396 848407
2 95600 62 0 1788978396 850089
2 95618 70 0 1788978396 851889
2 95654 85 0 1788978396 854454
2 95674 72 0 1788978396 855825
2 95746 69 0 1788978396 861025
2 95774 83 0 1788978396 863314
2 95778 122 0 1788978396 863668
2 95786 96 0 1788978396 864403
2 95789 0 0 1788978396 864675
2 95795 70 0 1788978396 865145
2 95798 92 0 1788978396 865399
2 95833 0 0 1788978396 868235
2 95837 74 0 1788978396 868556
2 95843 95 0 1788978396 869107
2 95848 105 0 1788978396 869518
2 95860 86 0 1788978396 870476
2 95867 105 0 1788978396 871146
2 95920 145 0 1788978396 875729
2 95935 82 0 1788978396 877015
2 95936 64 0 1788978396 877086
2 95940 71 0 1788978396 877393
2 95949 73 0 1788978396 878106
2 95951 0 0 1788978396 878246
2 95961 63 0 1788978396 879022
2 95991 57 0 1788978396 880976
2 95994 57 0 1788978396 881157
2 96039 59 0 1788978396 884103
2 96043 61 0 1788978396 884353
2 96061 79 0 1788978396 885502
2 96121 45 0 1788978396 889746
2 96127 59 0 1788978396 890117
2 96154 69 0 1788978396 891884
2 96160 63 0 1788978396 892286
2 96228 58 0 1788978396 896799
2 96235 63 0 1788978396 897261
2 96286 56 0 1788978396 900521
2 96288 80 0 1788978396 900661
2 96292 57 0 1788978396 900902
2 96295 56 0 1788978396 901075
2 96298 65 0 1788978396 901284
2 96310 60 0 1788978396 902010
2 96311 59 0 1788978396 902071
2 96375 67 0 1788978396 906280
2 96377 82 0 1788978396 906460
2 96382 77 0 1788978396 906857
2 96385 60 0 1788978396 907038
2 96423 58 0 1788978396 910055
2 96435 64 0 1788978396 910858
2 96453 56 0 1788978396 912086
2 96461 58 0 1788978396 912546
2 96465 59 0 1788978396 912782
2 96466 60 0 1788978396 912845
2 96527 68 0 1788978396 917017
2 96528 73 0 1788978396 917094
2 96529 75 0 1788978396 917173
2 96538 105 0 1788978396 917872
2 96600 63 0 1788978396 921906
2 96617 68 0 1788978396 923077
2 96638 73 0 1788978396 924566
2 96666 63 0 1788978396 926329
2 96736 66 0 1788978396 931347
2 96750 70 0 1788978396 932410
2 96769 86 0 1788978396 933725
2 96783 52 0 1788978396 934730
2 96805 70 0 1788978396 936207
2 96876 63 0 1788978396 941028
2 96886 94 0 1788978396 941641
2 96900 56 0 1788978396 942563
2 96995 56 0 1788978396 949045
2 97007 58 0 1788978396 949799
2 97015 59 0 1788978396 950300
2 97022 63 0 1788978396 950759
2 97034 59 0 1788978396 951543
2 97036 87 0 1788978396 951724
2 97041 78 0 1788978396 952127
2 97059 84 0 1788978396 953887
2 97068 78 0 1788978396 954525
2 97092 73 0 1788978396 956387
2 97126 57 0 1788978396 958891
2 97148 66 0 1788978396 960405
2 97201 60 0 1788978396 963947
2 97206 66 0 1788978396 964258
2 97241 54 0 1788978396 966288
2 97251 59 0 1788978396 966870
2 97283 126 0 1788978396 968911
2 97288 66 0 1788978396 969298
2 97300 57 0 1788978396 970025
2 97312 70 0 1788978396 970768
2 97325 84 0 1788978396 971641
2 97335 63 0 1788978396 972252
2 97342 74 0 1788978396 972767
2 97378 78 0 1788978396 974887
2 97406 72 0 1788978396 976674
2 97424 55 0 1788978396 977778
2 97433 72 0 1788978396 978366
2 97454 59 0 1788978396 981515
2 97503 65 0 1788978396 985287
2 97514 77 0 1788978396 986255
2 97519 133 0 1788978396 986729
2 97527 77 0 1788978396 987378
2 97538 58 0 1788978396 988175
2 97575 90 0 1788978396 990637
2 97580 58 0 1788978396 990971
2 97591 68 0 1788978396 991719
2 97599 61 0 1788978396 992202
2 97610 75 0 1788978396 992932
2 97623 56 0 1788978396 993844
2 97634 55 0 1788978396 994485
2 97662 93 0 1788978396 996810
2 97671 60 0 1788978396 997536
2 97713 68 0 1788978397 429
2 97729 80 0 1788978397 1499
2 97739 73 0 1788978397 2198
2 97789 78 0 1788978397 6964
2 97819 92 0 1788978397 9486
2 97824 92 0 1788978397 9917
2 97887 65 0 1788978397 14765
2 97889 68 0 1788978397 14923
2 97907 60 0 1788978397 16212
2 97946 70 0 1788978397 19135
2 97962 61 0 1788978397 20436
2 97980 119 0 1788978397 22012
2 97989 123 0 1788978397 22733
2 98021 75 0 1788978397 25430
2 98024 114 0 1788978397 25706
2 98052 77 0 1788978397 27885
2 98107 89 0 1788978397 32605
2 98108 98 0 1788978397 32706
2 98132 69 0 1788978397 34417
2 98168 78 0 1788978397 37196
2 98205 66 0 1788978397 40243
2 98236 72 0 1788978397 43061
2 98270 69 0 1788978397 45537
2 98287 89 0 1788978397 46923
2 98334 59 0 1788978397 50343
2 98336 68 0 1788978397 50487
2 98339 64 0 1788978397 50690
2 98396 65 0 1788978397 54730
2 98414 74 0 1788978397 56053
2 98447 98 0 1788978397 58674
2 98463 84 0 1788978397 59795
2 98473 95 0 1788978397 60640
2 98480 61 0 1788978397 61171
2 98506 61 0 1788978397 63029
2 98516 77 0 1788978397 63732
2 98527 50 0 1788978397 64389
2 98544 72 0 1788978397 65536
2 98567 68 0 1788978397 67190
2 98582 73 0 1788978397 68146
2 98617 72 0 1788978397 70476
2 98678 127 0 1788978397 75593
2 98696 104 0 1788978397 77268
2 98705 89 0 1788978397 78117
2 98723 91 0 1788978397 79760
2 98726 92 0 1788978397 80021
2 98733 175 0 1788978397 80737
2 98741 67 0 1788978397 81349
2 98773 76 0 1788978397 83945
2 98834 117 0 1788978397 88720
2 98846 0 0 1788978397 89746
2 98885 71 0 1788978397 93064
2 98886 96 0 1788978397 93164
2 98897 82 0 1788978397 94052
2 98931 80 0 1788978397 96667
2 98938 68 0 1788978397 97181
2 98941 86 0 1788978397 97448
2 98984 114 0 1788978397 100706
2 98997 67 0 1788978397 101600
2 99038 72 0 1788978397 104660
2 99066 85 0 1788978397 106648
2 99108 84 0 1788978397 109736
2 99119 60 0 1788978397 110585
2 99129 73 0 1788978397 111322
2 99146 70 0 1788978397 112551
2 99148 77 0 1788978397 112755
2 99173 70 0 1788978397 114658
2 99184 124 0 1788978397 115447
2 99211 57 0 1788978397 117137
2 99240 52 0 1788978397 118717
2 99268 61 0 1788978397 120450
2 99271 82 0 1788978397 120657
2 99283 69 0 1788978397 121426
2 99295 61 0 1788978397 122164
2 99327 74 0 1788978397 124269
2 99330 58 0 1788978397 124457
2 99336 56 0 1788978397 124829
2 99338 60 0 1788978397 124950
2 99347 67 0 1788978397 125528
2 99349 87 0 1788978397 125716
2 99376 61 0 1788978397 127584
2 99431 56 0 1788978397 131016
2 99482 75 0 1788978397 134345
2 99519 71 0 1788978397 136850
2 99537 81 0 1788978397 138120
2 99568 64 0 1788978397 140377
2 99580 58 0 1788978397 141091
2 99581 61 0 1788978397 141154
2 99589 58 0 1788978397 141683
2 99595 67 0 1788978397 142065
2 99602 68 0 1788978397 142562
2 99644 64 0 1788978397 145306
2 99652 68 0 1788978397 145840
2 99688 61 0 1788978397 148341
2 99722 51 0 1788978397 150479
2 99771 79 0 1788978397 153891
2 99820 69 0 1788978397 157958
2 99876 88 0 1788978397 161935
2 99917 59 0 1788978397 164928
2 99927 72 0 1788978397 165675
2 99935 72 0 1788978397 166264
2 99936 71 0 1788978397 166337
2 99944 70 0 1788978397 166933
2 99983 83 0 1788978397 169836
2 99999 72 0 1788978397 171190
2 100007 144 0 1788978397 171957
2 100029 87 0 1788978397 173935
2 100059 60 0 1788978397 176439
2 100084 110 0 1788978397 178563
2 100086 90 0 1788978397 178750
2 100093 72 0 1788978397 179342
2 100113 196 0 1788978397 181441
2 100117 75 0 1788978397 181932
2 100139 67 0 1788978397 183658
2 100151 89 0 1788978397 184484
2 100171 71 0 1788978397 185969
2 100222 111 0 1788978397 190638
2 100233 67 0 1788978397 191592
2 100235 66 0 1788978397 191752
2 100259 59 0 1788978397 193291
2 100291 75 0 1788978397 195557
2 100305 98 0 1788978397 196655
2 100307 67 0 1788978397 196786
2 100312 69 0 1788978397 197146
2 100371 59 0 1788978397 201519
2 100372 62 0 1788978397 201585
2 100377 78 0 1788978397 202023
2 100378 65 0 1788978397 202092
2 100413 63 0 1788978397 204520
2 100417 66 0 1788978397 204804
2 100426 65 0 1788978397 205455
2 100458 64 0 1788978397 207703
2 100505 71 0 1788978397 210860
2 100515 73 0 1788978397 211632
2 100555 51 0 1788978397 214395
2 100562 60 0 1788978397 214855
2 100568 66 0 1788978397 215240
2 100624 68 0 1788978397 219104
2 100632 68 0 1788978397 219624
2 100635 64 0 1788978397 219817
2 100640 72 0 1788978397 220169
2 100652 76 0 1788978397 221062
2 100667 96 0 1788978397 222177
2 100718 63 0 1788978397 225712
2 100727 66 0 1788978397 226314
2 100735 71 0 1788978397 226952
2 100750 59 0 1788978397 228024
2 100847 68 0 1788978397 234771
2 100857 59 0 1788978397 235435
2 100858 58 0 1788978397 235497
2 100870 57 0 1788978397 236217
2 100875 59 0 1788978397 236558
2 100904 69 0 1788978397 238464
2 100923 70 0 1788978397 239802
2 100930 69 0 1788978397 240274
2 100945 65 0 1788978397 241239
2 100950 75 0 1788978397 241605
2 100952 66 0 1788978397 241767
2 100969 59 0 1788978397 242977
2 100992 72 0 1788978397 244423
2 101028 57 0 1788978397 247133
2 101086 73 0 1788978397 251063
2 101151 58 0 1788978397 255587
2 101182 94 0 1788978397 257672
2 101194 57 0 1788978397 258440
2 101209 115 0 1788978397 259676
2 101232 65 0 1788978397 261307
2 101250 106 0 1788978397 262701
2 101271 72 0 1788978397 264435
2 101287 126 0 1788978397 265803
2 101293 80 0 1788978397 266331
2 101304 64 0 1788978397 267267
2 101305 86 0 1788978397 267358
2 101338 62 0 1788978397 269515
2 101361 56 0 1788978397 270931
2 101378 75 0 1788978397 271924
2 101395 82 0 1788978397 273057
2 101399 65 0 1788978397 273319
2 101408 60 0 1788978397 273910
2 101432 64 0 1788978397 275386
2 101492 74 0 1788978397 279355
2 101498 65 0 1788978397 279780
2 101557 61 0 1788978397 283531
2 101570 65 0 1788978397 284370
2 101585 79 0 1788978397 285508
2 101609 81 0 1788978397 287345
2 101628 65 0 1788978397 288814
2 101631 82 0 1788978397 289046
2 101641 123 0 1788978397 289729
2 101644 84 0 1788978397 290008
2 101659 66 0 1788978397 291064
2 101675 87 0 1788978397 292194
2 101699 86 0 1788978397 293933
2 101709 95 0 1788978397 294768
2 101716 58 0 1788978397 295252
2 101759 52 0 1788978397 298234
2 101775 81 0 1788978397 299385
2 101781 59 0 1788978397 299829
2 101818 55 0 1788978397 302433
2 101831 71 0 1788978397 303380
2 101843 59 0 1788978397 304270
2 101857 60 0 1788978397 305463
2 101908 68 0 1788978397 308759
2 101912 65 0 1788978397 309022
2 101918 65 0 1788978397 309426
2 101929 69 0 1788978397 310211
2 101958 61 0 1788978397 312069
2 101989 62 0 1788978397 314258
2 102005 78 0 1788978397 315425
2 102049 63 0 1788978397 319069
2 102052 74 0 1788978397 319325
2 102053 71 0 1788978397 319401
2 102062 69 0 1788978397 320115
2 102083 63 0 1788978397 321820
2 102100 72 0 1788978397 323123
2 102108 89 0 1788978397 323687
2 102122 91 0 1788978397 324642
2 102140 61 0 1788978397 325735
2 102181 80 0 1788978397 328700
2 102191 84 0 1788978397 329513
2 102198 62 0 1788978397 330050
2 102202 61 0 1788978397 330316
2 102214 58 0 1788978397 331267
2 102222 81 0 1788978397 331893
2 102265 80 0 1788978397 335547
2 102318 58 0 1788978397 339783
2 102329 94 0 1788978397 340597
2 102331 74 0 1788978397 340765
2 102333 64 0 1788978397 340901
2 102353 92 0 1788978397 342302
2 102375 63 0 1788978397 343809
2 102444 85 0 1788978397 348777
2 102467 60 0 1788978397 350337
2 102481 54 0 1788978397 351122
2 102482 55 0 1788978397 351181
2 102529 68 0 1788978397 354329
2 102541 69 0 1788978397 355107
2 102553 64 0 1788978397 355905
2 102562 64 0 1788978397 356577
2 102627 57 0 1788978397 361206
2 102644 77 0 1788978397 362217
2 102672 59 0 1788978397 364149
2 102673 58 0 1788978397 364212
2 102674 58 0 1788978397 364271
2 102679 58 0 1788978397 364557
2 102716 59 0 1788978397 366892
2 102782 65 0 1788978397 371008
2 102784 62 0 1788978397 371139
2 102804 59 0 1788978397 372363
2 102807 59 0 1788978397 372552
2 102810 66 0 1788978397 372750
2 102815 58 0 1788978397 373056
2 102819 58 0 1788978397 373299
2 102842 70 0 1788978397 374677
2 102849 61 0 1788978397 375143
2 102863 57 0 1788978397 376012
2 102867 60 0 1788978397 376261
2 102872 56 0 1788978397 376553
2 102885 63 0 1788978397 377379
2 102890 59 0 1788978397 377710
2 102928 55 0 1788978397 380032
2 102961 60 0 1788978397 381943
2 102987 68 0 1788978397 383662
2 102993 65 0 1788978397 384072
2 103006 59 0 1788978397 384914
2 103021 59 0 1788978397 385856
2 103042 52 0 1788978397 387187
2 103058 55 0 1788978397 388237
2 103077 73 0 1788978397 389478
2 103084 90 0 1788978397 390118
2 103095 67 0 1788978397 390977
2 103098 65 0 1788978397 391182
2 103106 65 0 1788978397 391730
2 103127 63 0 1788978397 393152
2 103148 55 0 1788978397 394511
2 103154 61 0 1788978397 394895
2 103194 62 0 1788978397 397343
2 103213 55 0 1788978397 398545
2 103237 55 0 1788978397 399920
2 103238 58 0 1788978397 399981
2 103279 63 0 1788978397 402568
2 103294 58 0 1788978397 403492
2 103302 59 0 1788978397 404013
2 103307 86 0 1788978397 404344
2 103346 69 0 1788978397 407031
2 103359 0 0 1788978397 408226
2 103361 74 0 1788978397 408382
2 103377 105 0 1788978397 409684
2 103382 77 0 1788978397 410012
2 103391 82 0 1788978397 410856
2 103450 74 0 1788978397 415416
2 103545 64 0 1788978397 423149
2 103548 83 0 1788978397 423381
2 103565 83 0 1788978397 425471
2 103604 79 0 1788978397 429113
2 103614 68 0 1788978397 429879
2 103628 70 0 1788978397 430849
2 103633 66 0 1788978397 431202
2 103649 70 0 1788978397 432277
2 103737 76 0 1788978397 439724
2 103752 64 0 1788978397 441061
2 103760 0 0 1788978397 441712
2 103766 102 0 1788978397 442545
2 103813 99 0 1788978397 447253
2 103893 63 0 1788978397 452914
2 103924 56 0 1788978397 454829
2 103927 57 0 1788978397 455033
2 103964 61 0 1788978397 457409
2 103978 57 0 1788978397 458296
2 103999 61 0 1788978397 459579
2 104001 60 0 1788978397 459726
2 104056 102 0 1788978397 463702
2 104079 136 0 1788978397 465846
2 104122 69 0 1788978397 469421
2 104123 72 0 1788978397 469497
2 104157 96 0 1788978397 471878
2 104162 82 0 1788978397 472296
2 104174 71 0 1788978397 473307
2 104181 108 0 1788978397 473893
2 104203 122 0 1788978397 475729
2 104206 94 0 1788978397 475976
2 104208 78 0 1788978397 476152
2 104223 71 0 1788978397 477346
2 104289 62 0 1788978397 482130
2 104327 81 0 1788978397 484862
2 104332 67 0 1788978397 485194
2 104404 97 0 1788978397 490642
2 104451 65 0 1788978397 494175
2 104478 135 0 1788978397 496869
2 104485 85 0 1788978397 497530
2 104495 93 0 1788978397 498451
2 104533 71 0 1788978397 501562
2 104546 76 0 1788978397 505636
2 104553 72 0 1788978397 506146
2 104569 72 0 1788978397 507544
2 104602 86 0 1788978397 510484
2 104638 79 0 1788978397 516025
2 104652 72 0 1788978397 516993
2 104655 74 0 1788978397 517226
2 104661 94 0 1788978397 517679
2 104679 76 0 1788978397 519050
2 104697 61 0 1788978397 520459
2 104701 75 0 1788978397 520776
2 104781 68 0 1788978397 526406
2 104823 58 0 1788978397 529212
2 104830 74 0 1788978397 529773
2 104836 69 0 1788978397 530187
2 104884 69 0 1788978397 533363
2 104888 88 0 1788978397 533654
2 104929 64 0 1788978397 536461
2 104939 71 0 1788978397 537219
2 104945 85 0 1788978397 537657
2 105014 62 0 1788978397 542485
2 105034 75 0 1788978397 544066
2 105036 67 0 1788978397 544218
2 105054 74 0 1788978397 545517
2 105068 111 0 1788978397 546677
2 105097 61 0 1788978397 548984
2 105101 68 0 1788978397 549245
2 105110 64 0 1788978397 549828
2 105122 64 0 1788978397 550579
2 105135 67 0 1788978397 551508
2 105148 64 0 1788978397 552478
2 105175 59 0 1788978397 554348
2 105208 61 0 1788978397 556484
2 105235 70 0 1788978397 558203
2 105240 66 0 1788978397 558543
2 105248 80 0 1788978397 559179
2 105267 59 0 1788978397 560579
2 105277 60 0 1788978397 561193
2 105285 63 0 1788978397 561743
2 105310 64 0 1788978397 563310
2 105326 69 0 1788978397 564355
2 105338 76 0 1788978397 565235
2 105349 60 0 1788978397 565969
2 105375 64 0 1788978397 567868
2 105451 42 0 1788978397 574006
2 105458 209 0 1788978397 574478
2 105470 72 0 1788978397 575462
2 105476 64 0 1788978397 575893
2 105477 62 0 1788978397 575959
2 105550 65 0 1788978397 582135
2 105580 59 0 1788978397 584135
2 105605 59 0 1788978397 585768
2 105629 59 0 1788978397 587399
2 105635 57 0 1788978397 587774
2 105640 61 0 1788978397 588096
2 105647 55 0 1788978397 588578
2 105671 87 0 1788978397 590544
2 105680 72 0 1788978397 591262
2 105683 77 0 1788978397 591491
2 105708 96 0 1788978397 593543
2 105733 70 0 1788978397 595384
2 105774 77 0 1788978397 598798
2 105777 71 0 1788978397 599014
2 105797 78 0 1788978397 600329
2 105801 71 0 1788978397 600620
2 105813 85 0 1788978397 601433
2 105828 75 0 1788978397 602599
2 105838 57 0 1788978397 603223
2 105845 75 0 1788978397 603736
2 105881 98 0 1788978397 606322
2 105886 77 0 1788978397 606776
2 105910 105 0 1788978397 608667
2 105926 71 0 1788978397 609716
2 105971 84 0 1788978397 613341
2 105972 95 0 1788978397 613444
2 105985 117 0 1788978397 614695
2 105998 0 0 1788978397 615917
2 106019 88 0 1788978397 617939
2 106029 92 0 1788978397 618854
2 106044 61 0 1788978397 619856
2 106072 59 0 1788978397 621557
2 106077 64 0 1788978397 621888
2 106092 93 0 1788978397 622866
2 106118 92 0 1788978397 624674
2 106121 60 0 1788978397 624863
2 106135 79 0 1788978397 625814
2 106171 74 0 1788978397 628276
2 106177 70 0 1788978397 628712
2 106183 72 0 1788978397 629114
2 106198 78 0 1788978397 630347
2 106203 68 0 1788978397 630775
2 106233 68 0 1788978397 632831
2 106240 71 0 1788978397 633335
2 106282 102 0 1788978397 636271
2 106291 60 0 1788978397 636981
2 106293 74 0 1788978397 637149
2 106318 66 0 1788978397 638865
2 106320 52 0 1788978397 638983
2 106322 70 0 1788978397 639112
2 106332 67 0 1788978397 639865
2 106375 98 0 1788978397 642684
2 106413 81 0 1788978397 645481
2 106430 73 0 1788978397 646720
2 106465 98 0 1788978397 649129
2 106467 76 0 1788978397 649292
2 106483 65 0 1788978397 650464
2 106494 70 0 1788978397 651247
2 106514 72 0 1788978397 652846
2 106527 69 0 1788978397 653729
2 106531 87 0 1788978397 654044
2 106542 68 0 1788978397 654849
2 106564 63 0 1788978397 656486
2 106574 50 0 1788978397 657135
2 106579 62 0 1788978397 657454
2 106585 0 0 1788978397 657888
2 106600 60 0 1788978397 659118
2 106605 71 0 1788978397 659494
2 106619 67 0 1788978397 660514
2 106655 58 0 1788978397 662758
2 106661 104 0 1788978397 663231
2 106726 56 0 1788978397 668120
2 106749 66 0 1788978397 669737
2 106766 68 0 1788978397 670923
2 106886 64 0 1788978397 681757
2 106888 65 0 1788978397 681890
2 106901 72 0 1788978397 682773
2 106911 69 0 1788978397 683443
2 106914 94 0 1788978397 683679
2 106921 72 0 1788978397 684140
2 106935 82 0 1788978397 685307
2 106938 74 0 1788978397 685557
2 106960 60 0 1788978397 686961
2 106965 58 0 1788978397 687276
2 106989 62 0 1788978397 688801
2 107009 66 0 1788978397 690137
2 107012 62 0 1788978397 690334
2 107026 73 0 1788978397 691298
2 107034 84 0 1788978397 691988
2 107045 72 0 1788978397 692852
2 107067 53 0 1788978397 694439
2 107072 55 0 1788978397 694755
2 107074 55 0 1788978397 694863
2 107142 69 0 1788978397 699413
2 107144 66 0 1788978397 699548
2 107160 74 0 1788978397 700738
2 107165 94 0 1788978397 701131
2 107178 59 0 1788978397 702092
2 107188 69 0 1788978397 702733
2 107204 93 0 1788978397 704086
2 107209 88 0 1788978397 704528
2 107219 72 0 1788978397 705703
2 107222 243 0 1788978397 706258
2 107239 67 0 1788978397 707458
2 107327 75 0 1788978397 714477
2 107331 63 0 1788978397 714796
2 107335 57 0 1788978397 715081
2 107371 86 0 1788978397 718136
2 107372 83 0 1788978397 718223
2 107412 71 0 1788978397 721396
2 107429 94 0 1788978397 722645
2 107438 74 0 1788978397 723373
2 107458 77 0 1788978397 725043
2 107473 69 0 1788978397 726234
2 107483 56 0 1788978397 726843
2 107485 67 0 1788978397 726983
2 107537 65 0 1788978397 730925
2 107538 71 0 1788978397 731000
2 107540 59 0 1788978397 731123
2 107572 83 0 1788978397 733571
2 107578 70 0 1788978397 733996
2 107593 68 0 1788978397 735090
2 107599 87 0 1788978397 735521
2 107622 67 0 1788978397 737797
2 107625 69 0 1788978397 737996
2 107779 82 0 1788978397 749200
2 107784 79 0 1788978397 749589
2 107813 75 0 1788978397 751757
2 107831 65 0 1788978397 753145
2 107836 80 0 1788978397 753563
2 107864 74 0 1788978397 756169
2 107889 75 0 1788978397 758304
2 107921 72 0 1788978397 760786
2 107924 72 0 1788978397 761008
2 107934 89 0 1788978397 761756
2 107937 71 0 1788978397 761972
2 107987 72 0 1788978397 765850
2 107993 72 0 1788978397 766296
2 108064 94 0 1788978397 771176
2 108079 62 0 1788978397 772153
2 108098 69 0 1788978397 773503
2 108115 65 0 1788978397 774707
2 108123 81 0 1788978397 775306
2 108130 83 0 1788978397 775982
2 108135 67 0 1788978397 776351
2 108139 59 0 1788978397 776593
2 108140 69 0 1788978397 776664
2 108158 68 0 1788978397 777980
2 108161 64 0 1788978397 778196
2 108235 63 0 1788978397 783955
2 108266 66 0 1788978397 786151
2 108293 62 0 1788978397 788034
2 108311 73 0 1788978397 789290
2 108333 61 0 1788978397 791175
2 108355 67 0 1788978397 792766
2 108373 67 0 1788978397 793975
2 108403 67 0 1788978397 796128
2 108433 68 0 1788978397 798226
2 108441 73 0 1788978397 798761
2 108449 70 0 1788978397 799360
2 108458 78 0 1788978397 800083
2 108462 73 0 1788978397 800386
2 108464 120 0 1788978397 800597
2 108492 59 0 1788978397 802514
2 108504 64 0 1788978397 803378
2 108535 85 0 1788978397 805859
2 108542 72 0 1788978397 806406
2 108571 60 0 1788978397 808230
2 108664 73 0 1788978397 814749
2 108683 62 0 1788978397 816012
2 108686 63 0 1788978397 816202
2 108702 64 0 1788978397 817276
2 108758 61 0 1788978397 821186
2 108767 62 0 1788978397 821841
2 108786 67 0 1788978397 823067
2 108846 64 0 1788978397 826992
2 108851 64 0 1788978397 827311
2 108871 82 0 1788978397 828674
2 108895 71 0 1788978397 830280
2 108945 70 0 1788978397 833747
2 108949 63 0 1788978397 834015
2 109016 57 0 1788978397 838747
2 109028 60 0 1788978397 839464
2 109038 67 0 1788978397 840140
2 109044 66 0 1788978397 840536
2 109099 67 0 1788978397 844726
2 109123 70 0 1788978397 846737
2 109126 61 0 1788978397 846952
2 109129 74 0 1788978397 847217
2 109171 68 0 1788978397 850053
2 109187 66 0 1788978397 851249
2 109197 58 0 1788978397 851903
2 109268 81 0 1788978397 857095
2 109280 85 0 1788978397 858155
2 109317 67 0 1788978397 861316
2 109327 78 0 1788978397 862183
2 109351 91 0 1788978397 864423
2 109433 89 0 1788978397 872266
2 109450 0 0 1788978397 873801
2 109473 913 0 1788978397 878305
2 109483 97 0 1788978397 879751
2 109491 75 0 1788978397 880363
2 109496 77 0 1788978397 880780
2 109523 75 0 1788978397 882875
2 109553 62 0 1788978397 885274
2 109599 71 0 1788978397 888980
2 109605 65 0 1788978397 889423
2 109609 77 0 1788978397 889729
2 109634 61 0 1788978397 891285
2 109667 70 0 1788978397 893483
2 109690 77 0 1788978397 894957
2 109726 65 0 1788978397 897372
2 109734 61 0 1788978397 897916
2 109771 74 0 1788978397 900395
2 109783 66 0 1788978397 901226
2 109810 67 0 1788978397 902993
2 109827 64 0 1788978397 904197
2 109828 71 0 1788978397 904273
2 109853 69 0 1788978397 906034
2 109870 58 0 1788978397 907124
2 109896 76 0 1788978397 908927
2 109952 69 0 1788978397 912934
2 109955 63 0 1788978397 913126
2 109964 58 0 1788978397 913683
2 109990 62 0 1788978397 915355
2 109994 79 0 1788978397 915645
2 110023 72 0 1788978397 917938
2 110038 61 0 1788978397 918984
2 110084 60 0 1788978397 921945
2 110103 62 0 1788978397 923281
2 110104 59 0 1788978397 923344
2 110144 57 0 1788978397 925811
2 110159 71 0 1788978397 926816
2 110171 55 0 1788978397 927566
2 110204 81 0 1788978397 929902
2 110231 67 0 1788978397 931718
2 110256 66 0 1788978397 933441
2 110269 61 0 1788978397 934289
2 110299 76 0 1788978397 936173
2 110354 68 0 1788978397 939991
2 110371 62 0 1788978397 941155
2 110397 56 0 1788978397 942947
2 110420 72 0 1788978397 944373
2 110426 67 0 1788978397 944807
2 110469 60 0 1788978397 947588
2 110471 67 0 1788978397 947745
2 110478 59 0 1788978397 948239
2 110491 67 0 1788978397 949103
2 110503 76 0 1788978397 949962
2 110522 71 0 1788978397 951240
2 110558 62 0 1788978397 953873
2 110562 87 0 1788978397 954171
2 110569 81 0 1788978397 954718
2 110589 61 0 1788978397 955957
2 110647 72 0 1788978397 960043
2 110665 74 0 1788978397 961488
2 110670 59 0 1788978397 961860
2 110687 54 0 1788978397 963178
2 110718 52 0 1788978397 965442
2 110730 71 0 1788978397 966255
2 110752 62 0 1788978397 967608
2 110764 65 0 1788978397 968456
2 110779 67 0 1788978397 969588
2 110792 64 0 1788978397 970461
2 110793 69 0 1788978397 970534
2 110795 90 0 1788978397 970696
2 110798 69 0 1788978397 970911
2 110816 71 0 1788978397 972191
2 110817 62 0 1788978397 972257
2 110849 56 0 1788978397 974350
2 110861 56 0 1788978397 975052
2 110876 63 0 1788978397 976019
2 110903 68 0 1788978397 977842
2 110924 75 0 1788978397 979409
2 110926 58 0 1788978397 979541
2 110928 88 0 1788978397 979698
2 110936 81 0 1788978397 980275
2 110963 62 0 1788978397 982167
2 110964 64 0 1788978397 982235
2 110985 97 0 1788978397 983647
2 111007 59 0 1788978397 985341
2 111014 67 0 1788978397 985850
2 111044 67 0 1788978397 988079
2 111108 83 0 1788978397 992534
2 111110 107 0 1788978397 992709
2 111131 64 0 1788978397 994166
2 111141 61 0 1788978397 994863
2 111158 55 0 1788978397 995975
2 111175 61 0 1788978397 997052
2 111200 55 0 1788978397 998499
2 111315 67 0 1788978398 6900
2 111332 66 0 1788978398 8092
2 111354 63 0 1788978398 9892
2 111355 84 0 1788978398 9980
2 111385 57 0 1788978398 12147
2 111387 55 0 1788978398 12267
2 111402 55 0 1788978398 13187
2 111427 66 0 1788978398 14754
2 111446 59 0 1788978398 15941
2 111451 62 0 1788978398 16244
2 111459 57 0 1788978398 16789
2 111467 64 0 1788978398 17297
2 111486 54 0 1788978398 18555
2 111494 71 0 1788978398 19081
2 111504 78 0 1788978398 19740
2 111526 54 0 1788978398 21217
2 111532 54 0 1788978398 21550
2 111563 54 0 1788978398 23285
2 111580 61 0 1788978398 24311
2 111595 58 0 1788978398 25226
2 111618 81 0 1788978398 26640
2 111634 82 0 1788978398 27680
2 111701 51 0 1788978398 32231
2 111725 74 0 1788978398 33678
2 111759 55 0 1788978398 35825
2 111827 52 0 1788978398 40159
2 111834 52 0 1788978398 40536
2 111839 69 0 1788978398 40859
2 111843 66 0 1788978398 41127
2 111851 101 0 1788978398 41688
2 111866 85 0 1788978398 42676
2 111886 71 0 1788978398 44182
2 111908 71 0 1788978398 45710
2 111910 70 0 1788978398 45847
2 111912 69 0 1788978398 45990
2 111942 64 0 1788978398 48074
2 111986 56 0 1788978398 50793
2 111989 61 0 1788978398 50970
2 112013 60 0 1788978398 52531
2 112044 83 0 1788978398 54965
2 112060 58 0 1788978398 55999
2 112068 65 0 1788978398 56466
2 112088 61 0 1788978398 57690
2 112097 59 0 1788978398 58224
2 112120 73 0 1788978398 59878
2 112149 51 0 1788978398 61688
2 112174 60 0 1788978398 63185
2 112188 57 0 1788978398 64089
2 112199 56 0 1788978398 64786
2 112229 64 0 1788978398 66777
2 112242 57 0 1788978398 67544
2 112243 58 0 1788978398 67604
2 112279 62 0 1788978398 69851
2 112285 67 0 1788978398 70246
2 112288 65 0 1788978398 70470
2 112302 70 0 1788978398 71457
2 112309 58 0 1788978398 71984
2 112340 63 0 1788978398 73877
2 112365 69 0 1788978398 75528
2 112371 65 0 1788978398 75938
2 112392 58 0 1788978398 77346
2 112406 60 0 1788978398 78322
2 112431 56 0 1788978398 79956
2 112457 57 0 1788978398 81566
2 112460 69 0 1788978398 81779
2 112475 66 0 1788978398 82788
2 112508 74 0 1788978398 84953
2 112563 61 0 1788978398 88964
2 112565 62 0 1788978398 89092
2 112582 56 0 1788978398 90134
2 112593 69 0 1788978398 90857
2 112600 64 0 1788978398 91332
2 112604 77 0 1788978398 91628
2 112614 64 0 1788978398 92297
2 112618 60 0 1788978398 92549
2 112622 62 0 1788978398 92815
2 112637 55 0 1788978398 93783
2 112645 72 0 1788978398 94316
2 112655 58 0 1788978398 94923
2 112681 0 0 1788978398 96710
2 112698 92 0 1788978398 97900
2 112714 105 0 1788978398 99231
2 112725 59 0 1788978398 99946
2 112734 62 0 1788978398 100479
2 112749 63 0 1788978398 101497
2 112762 81 0 1788978398 102374
2 112779 80 0 1788978398 103517
2 112780 0 0 1788978398 103592
2 112796 65 0 1788978398 104975
2 112811 79 0 1788978398 106122
2 112834 64 0 1788978398 107886
2 112839 58 0 1788978398 108175
2 112843 60 0 1788978398 108414
2 112858 64 0 1788978398 109354
2 112910 66 0 1788978398 112720
2 112957 79 0 1788978398 115794
2 112960 59 0 1788978398 115995
2 112965 69 0 1788978398 116326
2 112966 64 0 1788978398 116392
2 113040 54 0 1788978398 121267
2 113107 53 0 1788978398 125263
2 113117 58 0 1788978398 125853
2 113134 64 0 1788978398 126875
2 113143 60 0 1788978398 127474
2 113149 63 0 1788978398 127857
2 113193 66 0 1788978398 130642
2 113200 87 0 1788978398 131073
2 113208 77 0 1788978398 131655
2 113282 64 0 1788978398 136259
2 113304 69 0 1788978398 137757
2 113326 65 0 1788978398 139308
2 113331 62 0 1788978398 139625
2 113341 54 0 1788978398 140190
2 113345 58 0 1788978398 140417
2 113346 57 0 1788978398 140476
2 113349 57 0 1788978398 140646
2 113351 56 0 1788978398 140763
2 113364 61 0 1788978398 141557
2 113373 62 0 1788978398 142161
2 113393 55 0 1788978398 143534
2 113414 57 0 1788978398 145062
2 113427 66 0 1788978398 145956
2 113428 68 0 1788978398 146027
2 113472 57 0 1788978398 148767
2 113547 61 0 1788978398 153626
2 113549 74 0 1788978398 153766
2 113556 63 0 1788978398 154204
2 113572 57 0 1788978398 155248
2 113605 58 0 1788978398 157287
2 113618 58 0 1788978398 158119
2 113626 60 0 1788978398 158684
2 113628 56 0 1788978398 158804
2 113640 69 0 1788978398 159558
2 113645 61 0 1788978398 159870
2 113648 66 0 1788978398 160069
2 113668 57 0 1788978398 161373
2 113685 56 0 1788978398 162399
2 113699 56 0 1788978398 163225
2 113709 54 0 1788978398 163788
2 113761 57 0 1788978398 166836
2 113804 73 0 1788978398 169599
2 113819 111 0 1788978398 170717
2 113892 59 0 1788978398 175912
2 113897 72 0 1788978398 176244
2 113923 92 0 1788978398 178263
2 113953 78 0 1788978398 180444
2 113978 63 0 1788978398 182084
2 113980 63 0 1788978398 182216
2 114000 67 0 1788978398 183554
2 114027 54 0 1788978398 185353
2 114033 65 0 1788978398 185733
2 114034 65 0 1788978398 185802
2 114065 73 0 1788978398 188036
2 114071 70 0 1788978398 188400
2 114073 91 0 1788978398 188555
2 114083 86 0 1788978398 189819
2 114088 65 0 1788978398 190185
2 114121 80 0 1788978398 192657
2 114152 68 0 1788978398 194584
2 114173 56 0 1788978398 195847
2 114194 73 0 1788978398 197151
2 114215 53 0 1788978398 198434
2 114226 57 0 1788978398 199106
2 114227 52 0 1788978398 199160
2 114245 70 0 1788978398 200341
2 114251 85 0 1788978398 200772
2 114266 77 0 1788978398 201682
2 114286 71 0 1788978398 202858
2 114292 53 0 1788978398 203249
2 114294 53 0 1788978398 203360
2 114298 52 0 1788978398 203572
2 114339 54 0 1788978398 206043
2 114356 62 0 1788978398 207054
2 114357 66 0 1788978398 207124
2 114407 58 0 1788978398 210218
2 114432 73 0 1788978398 211975
2 114442 68 0 1788978398 212568
2 114458 60 0 1788978398 213537
2 114471 62 0 1788978398 214337
2 114475 56 0 1788978398 214563
2 114476 63 0 1788978398 214628
2 114483 57 0 1788978398 215087
2 114488 53 0 1788978398 215383
2 114494 55 0 1788978398 215720
2 114541 74 0 1788978398 218641
2 114581 59 0 1788978398 221070
2 114644 84 0 1788978398 225941
2 114648 79 0 1788978398 226270
2 114653 90 0 1788978398 226700
2 114659 81 0 1788978398 227201
2 114668 83 0 1788978398 227973
2 114674 84 0 1788978398 228470
2 114721 64 0 1788978398 231884
2 114748 54 0 1788978398 233589
2 114773 56 0 1788978398 235111
2 114805 56 0 1788978398 236970
2 114855 52 0 1788978398 240087
2 114866 62 0 1788978398 240730
2 114876 53 0 1788978398 241324
2 114893 67 0 1788978398 242416
2 114913 52 0 1788978398 244296
2 114922 56 0 1788978398 244800
2 114962 59 0 1788978398 247108
2 114968 60 0 1788978398 247460
2 114972 52 0 1788978398 247702
2 114986 61 0 1788978398 248556
2 114987 63 0 1788978398 248621
2 114994 61 0 1788978398 249061
2 114995 58 0 1788978398 249123
2 115005 141 0 1788978398 249840
2 115074 93 0 1788978398 254691
2 115126 58 0 1788978398 257979
2 115190 48 0 1788978398 262096
2 115192 56 0 1788978398 262213
2 115197 51 0 1788978398 262503
2 115204 83 0 1788978398 263086
2 115206 70 0 1788978398 263230
2 115209 54 0 1788978398 263422
2 115225 153 0 1788978398 264634
2 115242 81 0 1788978398 266027
2 115263 113 0 1788978398 267646
2 115274 61 0 1788978398 268338
2 115310 57 0 1788978398 270756
2 115318 56 0 1788978398 271250
2 115342 78 0 1788978398 272915
2 115348 65 0 1788978398 273409
2 115460 57 0 1788978398 280318
2 115471 57 0 1788978398 281033
2 115478 58 0 1788978398 281411
2 115488 58 0 1788978398 282063
2 115521 61 0 1788978398 284070
2 115526 60 0 1788978398 284443
2 115550 57 0 1788978398 285948
2 115554 59 0 1788978398 286177
2 115569 68 0 1788978398 287172
2 115583 66 0 1788978398 288098
2 115617 79 0 1788978398 290400
2 115624 0 0 1788978398 290988
2 115637 67 0 1788978398 291959
2 115643 64 0 1788978398 292364
2 115645 64 0 1788978398 292516
2 115691 54 0 1788978398 295459
2 115705 60 0 1788978398 296353
2 115713 61 0 1788978398 296911
2 115719 56 0 1788978398 297283
2 115753 49 0 1788978398 299360
2 115761 58 0 1788978398 299843
2 115771 63 0 1788978398 300484
2 115827 57 0 1788978398 303868
2 115847 58 0 1788978398 305153
2 115854 54 0 1788978398 305577
2 115857 55 0 1788978398 305749
2 115859 74 0 1788978398 305895
2 115882 66 0 1788978398 307380
2 115900 62 0 1788978398 308522
2 115909 65 0 1788978398 309186
2 115912 63 0 1788978398 309388
2 115913 66 0 1788978398 309456
2 115922 85 0 1788978398 310082
2 115932 60 0 1788978398 310750
2 115952 57 0 1788978398 311891
2 115958 67 0 1788978398 312252
2 115959 71 0 1788978398 312325
2 115978 0 0 1788978398 313583
2 116007 68 0 1788978398 315487
2 116016 87 0 1788978398 316211
2 116044 71 0 1788978398 318309
2 116047 82 0 1788978398 318569
2 116065 77 0 1788978398 319948
2 116102 56 0 1788978398 322485
2 116122 65 0 1788978398 323653
2 116123 71 0 1788978398 323727
2 116130 61 0 1788978398 324162
2 116197 76 0 1788978398 328206
2 116202 85 0 1788978398 328598
2 116210 95 0 1788978398 329284
2 116224 56 0 1788978398 330453
2 116243 64 0 1788978398 331743
2 116257 95 0 1788978398 332880
2 116263 83 0 1788978398 333344
2 116273 77 0 1788978398 334179
2 116280 85 0 1788978398 334703
2 116301 59 0 1788978398 336148
2 116338 95 0 1788978398 338941
2 116367 53 0 1788978398 340743
2 116427 64 0 1788978398 345176
2 116441 64 0 1788978398 346040
2 116448 55 0 1788978398 346453
2 116454 56 0 1788978398 346826
2 116457 60 0 1788978398 347022
2 116504 68 0 1788978398 349932
2 116538 77 0 1788978398 352192
2 116541 62 0 1788978398 352400
2 116579 79 0 1788978398 355010
2 116591 56 0 1788978398 355805
2 116595 65 0 1788978398 356047
2 116609 76 0 1788978398 357030
2 116637 59 0 1788978398 359107
2 116690 60 0 1788978398 362694
2 116747 56 0 1788978398 366149
2 116787 56 0 1788978398 368552
2 116810 56 0 1788978398 369918
2 116831 64 0 1788978398 371189
2 116856 52 0 1788978398 372676
2 116862 56 0 1788978398 373070
2 116868 59 0 1788978398 373427
2 116890 53 0 1788978398 374834
2 116908 64 0 1788978398 375990
2 116916 62 0 1788978398 376473
2 116956 52 0 1788978398 378929
2 116966 57 0 1788978398 379507
2 116985 62 0 1788978398 380714
2 117041 67 0 1788978398 384226
2 117059 55 0 1788978398 385277
2 117092 61 0 1788978398 387192
2 117140 52 0 1788978398 390023
2 117161 62 0 1788978398 391305
2 117163 58 0 1788978398 391427
2 117203 60 0 1788978398 393901
2 117215 83 0 1788978398 394662
2 117244 91 0 1788978398 396543
2 117245 201 0 1788978398 396748
2 117304 53 0 1788978398 400228
2 117340 54 0 1788978398 402379
2 117357 56 0 1788978398 403370
2 117365 44 0 1788978398 403866
2 117390 56 0 1788978398 405306
2 117402 66 0 1788978398 406120
2 117423 74 0 1788978398 407632
2 117436 119 0 1788978398 408656
2 117449 106 0 1788978398 409808
2 117457 84 0 1788978398 410465
2 117539 89 0 1788978398 416667
2 117566 107 0 1788978398 418683
2 117582 73 0 1788978398 420103
2 117601 63 0 1788978398 421552
2 117620 62 0 1788978398 423504
2 117649 94 0 1788978398 425680
2 117669 80 0 1788978398 427286
2 117683 57 0 1788978398 428352
2 117685 68 0 1788978398 428489
2 117696 62 0 1788978398 429301
2 117703 66 0 1788978398 429871
2 117710 61 0 1788978398 430354
2 117726 59 0 1788978398 431402
2 117748 65 0 1788978398 432864
2 117762 59 0 1788978398 433903
2 117774 72 0 1788978398 434767
2 117775 61 0 1788978398 434832
2 117793 86 0 1788978398 436108
2 117815 61 0 1788978398 437684
2 117817 70 0 1788978398 437826
2 117828 66 0 1788978398 438757
2 117871 124 0 1788978398 441862
2 117881 93 0 1788978398 442688
2 117888 78 0 1788978398 443202
2 117908 59 0 1788978398 444624
2 117913 54 0 1788978398 444955
2 117922 54 0 1788978398 445451
2 117924 56 0 1788978398 445594
2 117925 62 0 1788978398 445658
2 117933 55 0 1788978398 446102
2 117955 54 0 1788978398 447329
2 117959 54 0 1788978398 447551
2 117972 64 0 1788978398 448349
2 117976 63 0 1788978398 448620
2 117977 61 0 1788978398 448685
2 118005 65 0 1788978398 450345
2 118016 60 0 1788978398 451005
2 118017 60 0 1788978398 451068
2 118068 80 0 1788978398 454636
2 118086 55 0 1788978398 455911
2 118129 92 0 1788978398 459195
2 118130 83 0 1788978398 459282
2 118163 124 0 1788978398 461876
2 118164 117 0 1788978398 462021
2 118166 68 0 1788978398 462165
2 118175 67 0 1788978398 462898
2 118192 61 0 1788978398 463998
2 118196 60 0 1788978398 464301
2 118253 62 0 1788978398 468272
2 118269 61 0 1788978398 469288
2 118283 59 0 1788978398 470175
2 118287 56 0 1788978398 470425
2 118289 61 0 1788978398 470551
2 118330 68 0 1788978398 473574
2 118343 67 0 1788978398 474569
2 118375 67 0 1788978398 476717
2 118383 67 0 1788978398 477236
2 118485 60 0 1788978398 484286
2 118492 65 0 1788978398 484773
2 118499 89 0 1788978398 485277
2 118515 67 0 1788978398 486372
2 118535 60 0 1788978398 487711
2 118547 64 0 1788978398 488558
2 118569 63 0 1788978398 490049
2 118595 73 0 1788978398 491933
2 118643 69 0 1788978398 495267
2 118711 61 0 1788978398 500177
2 118712 62 0 1788978398 500244
2 118717 57 0 1788978398 500545
2 118720 63 0 1788978398 500742
2 118732 60 0 1788978398 501522
2 118766 58 0 1788978398 503622
2 118783 86 0 1788978398 504703
2 118786 60 0 1788978398 504921
2 118824 60 0 1788978398 507210
2 118831 71 0 1788978398 507647
2 118835 59 0 1788978398 507902
2 118851 66 0 1788978398 508902
2 118922 90 0 1788978398 513640
2 118924 57 0 1788978398 513782
2 118952 55 0 1788978398 515499
2 118953 59 0 1788978398 515561
2 118956 53 0 1788978398 515754
2 119003 65 0 1788978398 518855
2 119010 75 0 1788978398 519339
2 119029 54 0 1788978398 520594
2 119049 62 0 1788978398 521846
2 119064 66 0 1788978398 522847
2 119077 64 0 1788978398 523707
2 119082 58 0 1788978398 524016
2 119091 60 0 1788978398 524517
2 119118 53 0 1788978398 526164
2 119174 74 0 1788978398 529716
2 119191 62 0 1788978398 530800
2 119207 78 0 1788978398 531899
2 119227 82 0 1788978398 533295
2 119249 64 0 1788978398 534719
2 119278 54 0 1788978398 536508
2 119300 72 0 1788978398 537927
2 119318 59 0 1788978398 539108
2 119376 62 0 1788978398 542737
2 119384 68 0 1788978398 543286
2 119393 73 0 1788978398 543924
2 119405 58 0 1788978398 544761
2 119416 63 0 1788978398 545449
2 119433 57 0 1788978398 546462
2 119456 55 0 1788978398 547954
2 119473 56 0 1788978398 548951
2 119487 67 0 1788978398 549878
2 119497 70 0 1788978398 550598
2 119503 61 0 1788978398 550997
2 119554 64 0 1788978398 554210
2 119570 56 0 1788978398 555240
2 119595 60 0 1788978398 556777
2 119616 61 0 1788978398 558099
2 119625 100 0 1788978398 558704
2 119650 57 0 1788978398 560444
2 119657 59 0 1788978398 560866
2 119670 66 0 1788978398 561703
2 119686 87 0 1788978398 562770
2 119693 54 0 1788978398 563236
2 119715 72 0 1788978398 564729
2 119758 63 0 1788978398 567415
2 119790 55 0 1788978398 569342
2 119793 54 0 1788978398 569510
2 119801 65 0 1788978398 570006
2 119816 63 0 1788978398 571045
2 119833 65 0 1788978398 572360
2 119851 70 0 1788978398 573757
2 119862 80 0 1788978398 574601
2 119866 70 0 1788978398 574926
2 119870 80 0 1788978398 575205
2 119880 45 0 1788978398 575873
2 119901 59 0 1788978398 577167
2 119903 70 0 1788978398 577314
2 119937 65 0 1788978398 579412
2 119946 68 0 1788978398 579996
2 120015 73 0 1788978398 586260
2 120018 65 0 1788978398 586473
2 120019 75 0 1788978398 586552
2 120035 68 0 1788978398 589009
2 120041 55 0 1788978398 589417
2 120092 60 0 1788978398 592920
2 120094 59 0 1788978398 593042
2 120160 66 0 1788978398 597514
2 120164 65 0 1788978398 597810
2 120230 55 0 1788978398 602133
2 120242 104 0 1788978398 603026
2 120278 68 0 1788978398 605447
2 120294 63 0 1788978398 606474
2 120298 60 0 1788978398 606851
2 120300 60 0 1788978398 606972
2 120322 70 0 1788978398 608278
2 120357 80 0 1788978398 610818
2 120370 74 0 1788978398 611859
2 120377 73 0 1788978398 612354
2 120382 65 0 1788978398 612719
2 120494 57 0 1788978398 620540
2 120501 57 0 1788978398 620978
2 120504 61 0 1788978398 621161
2 120547 56 0 1788978398 623929
2 120603 80 0 1788978398 627525
2 120614 58 0 1788978398 628215
2 120622 67 0 1788978398 628730
2 120624 59 0 1788978398 628855
2 120639 58 0 1788978398 629786
2 120642 59 0 1788978398 629962
2 120649 62 0 1788978398 630408
2 120671 66 0 1788978398 631797
2 120683 58 0 1788978398 632541
2 120698 65 0 1788978398 633503
2 120710 80 0 1788978398 634269
2 120711 90 0 1788978398 634363
2 120727 58 0 1788978398 635437
2 120747 59 0 1788978398 636728
2 120800 78 0 1788978398 641131
2 120802 113 0 1788978398 641326
2 120806 97 0 1788978398 641687
2 120808 70 0 1788978398 641839
2 120819 91 0 1788978398 642727
2 120829 78 0 1788978398 643658
2 120842 65 0 1788978398 644607
2 120844 70 0 1788978398 644774
2 120862 62 0 1788978398 646197
2 120980 66 0 1788978398 655841
2 121024 83 0 1788978398 659332
2 121057 74 0 1788978398 661863
2 121058 59 0 1788978398 661926
2 121082 94 0 1788978398 663654
2 121104 79 0 1788978398 665200
2 121113 67 0 1788978398 665850
2 121124 0 0 1788978398 666658
2 121129 78 0 1788978398 667052
2 121142 62 0 1788978398 667928
2 121189 58 0 1788978398 670814
2 121191 67 0 1788978398 670956
2 121211 69 0 1788978398 672269
2 121228 56 0 1788978398 673279
2 121308 70 0 1788978398 678539
2 121347 56 0 1788978398 681152
2 121387 88 0 1788978398 683853
2 121394 82 0 1788978398 684344
2 121432 56 0 1788978398 686582
2 121453 87 0 1788978398 687887
2 121464 68 0 1788978398 688689
2 121474 67 0 1788978398 689402
2 121477 85 0 1788978398 689641
2 121536 63 0 1788978398 693462
2 121574 56 0 1788978398 696189
2 121578 52 0 1788978398 696405
2 121581 52 0 1788978398 696565
2 121591 57 0 1788978398 697217
2 121628 50 0 1788978398 699389
2 121670 62 0 1788978398 702100
2 121672 64 0 1788978398 702229
2 121678 56 0 1788978398 702585
2 121692 58 0 1788978398 703393
2 121761 61 0 1788978398 707570
2 121800 60 0 1788978398 710388
2 121819 87 0 1788978398 711853
2 121874 52 0 1788978398 715151
2 121883 73 0 1788978398 715650
2 121885 100 0 1788978398 715811
2 121906 60 0 1788978398 717260
2 121916 61 0 1788978398 717929
2 121920 68 0 1788978398 718192
2 121931 65 0 1788978398 718924
2 121935 67 0 1788978398 719208
2 121945 63 0 1788978398 719874
2 121961 66 0 1788978398 720997
2 121984 81 0 1788978398 722577
2 122028 86 0 1788978398 726179
2 122067 68 0 1788978398 729035
2 122076 75 0 1788978398 729703
2 122107 80 0 1788978398 732119
2 122125 59 0 1788978398 733392
2 122139 66 0 1788978398 734357
2 122152 66 0 1788978398 735257
2 122184 61 0 1788978398 737522
2 122208 60 0 1788978398 739105
2 122244 62 0 1788978398 741496
2 122246 79 0 1788978398 741645
2 122279 53 0 1788978398 743821
2 122310 64 0 1788978398 745662
2 122331 59 0 1788978398 747032
2 122361 69 0 1788978398 748887
2 122380 61 0 1788978398 750077
2 122423 62 0 1788978398 752729
2 122503 57 0 1788978398 757804
2 122529 66 0 1788978398 759357
2 122553 58 0 1788978398 760940
2 122572 55 0 1788978398 762058
2 122598 69 0 1788978398 763777
2 122617 60 0 1788978398 764912
2 122653 59 0 1788978398 767200
2 122667 57 0 1788978398 768060
2 122668 62 0 1788978398 768124
2 122674 53 0 1788978398 768455
2 122688 53 0 1788978398 769330
2 122697 64 0 1788978398 769901
2 122758 61 0 1788978398 773360
2 122797 62 0 1788978398 775948
2 122830 56 0 1788978398 777981
2 122831 56 0 1788978398 778040
2 122836 55 0 1788978398 778312
2 122846 53 0 1788978398 778851
2 122878 52 0 1788978398 780856
2 122928 66 0 1788978398 783973
2 122932 63 0 1788978398 784228
2 122945 52 0 1788978398 784993
2 122980 60 0 1788978398 787102
2 122998 63 0 1788978398 788205
2 123042 66 0 1788978398 791034
2 123160 56 0 1788978398 798342
2 123188 52 0 1788978398 800049
2 123205 58 0 1788978398 801242
2 123245 58 0 1788978398 803753
2 123277 59 0 1788978398 806032
2 123287 77 0 1788978398 806688
2 123354 63 0 1788978398 810856
2 123456 64 0 1788978398 817287
2 123471 50 0 1788978398 818225
2 123473 49 0 1788978398 818370
2 123490 56 0 1788978398 819393
2 123497 68 0 1788978398 819825
2 123508 58 0 1788978398 820565
2 123532 56 0 1788978398 822043
2 123534 55 0 1788978398 822158
2 123560 66 0 1788978398 823745
2 123569 84 0 1788978398 824331
2 123571 54 0 1788978398 824445
2 123580 77 0 1788978398 824991
2 123636 52 0 1788978398 828788
2 123659 65 0 1788978398 830078
2 123667 83 0 1788978398 830658
2 123741 65 0 1788978398 835257
2 123778 60 0 1788978398 837803
2 123789 113 0 1788978398 838678
2 123850 69 0 1788978398 843129
2 123870 70 0 1788978398 844562
2 123871 85 0 1788978398 844650
2 123924 77 0 1788978398 848321
2 123942 60 0 1788978398 849722
2 123957 96 0 1788978398 850863
2 124012 99 0 1788978398 855231
2 124034 89 0 1788978398 857151
2 124060 72 0 1788978398 859413
2 124066 85 0 1788978398 859928
2 124077 79 0 1788978398 860772
2 124093 67 0 1788978398 861947
2 124109 65 0 1788978398 863242
2 124133 94 0 1788978398 864765
2 124141 66 0 1788978398 865389
2 124187 73 0 1788978398 869070
2 124216 71 0 1788978398 871337
2 124255 100 0 1788978398 874707
2 124272 62 0 1788978398 876090
2 124292 58 0 1788978398 877519
2 124298 54 0 1788978398 877955
2 124348 66 0 1788978398 881386
2 124358 60 0 1788978398 882071
2 124401 53 0 1788978398 884467
2 124422 58 0 1788978398 885748
2 124423 57 0 1788978398 885807
2 124427 58 0 1788978398 886036
2 124465 65 0 1788978398 888692
2 124466 64 0 1788978398 888760
2 124492 69 0 1788978398 890479
2 124513 66 0 1788978398 891913
2 124563 59 0 1788978398 895171
2 124566 60 0 1788978398 895351
2 124584 59 0 1788978398 896481
2 124614 65 0 1788978398 898501
2 124638 63 0 1788978398 900069
2 124677 61 0 1788978398 902667
2 124679 53 0 1788978398 902779
2 124681 55 0 1788978398 902890
2 124717 59 0 1788978398 905083
2 124723 57 0 1788978398 905447
2 124728 61 0 1788978398 905755
2 124792 54 0 1788978398 909898
2 124823 62 0 1788978398 912018
2 124832 72 0 1788978398 912640
2 124871 57 0 1788978398 915545
2 124875 62 0 1788978398 915828
2 124920 59 0 1788978398 918485
2 124955 85 0 1788978398 920762
2 125026 59 0 1788978398 925231
2 125075 75 0 1788978398 928334
2 125080 75 0 1788978398 928695
2 125088 89 0 1788978398 929284
2 125134 67 0 1788978398 932413
2 125154 75 0 1788978398 933686
2 125205 57 0 1788978398 936849
2 125207 62 0 1788978398 936972
2 125235 58 0 1788978398 938930
2 125258 64 0 1788978398 940460
2 125347 68 0 1788978398 946206
2 125351 65 0 1788978398 946470
2 125362 62 0 1788978398 947215
2 125385 60 0 1788978398 948538
2 125403 56 0 1788978398 949737
2 125415 61 0 1788978398 950512
2 125460 67 0 1788978398 953537
2 125500 54 0 1788978398 956081
2 125504 55 0 1788978398 956327
2 125526 55 0 1788978398 957942
2 125531 56 0 1788978398 958261
2 125564 67 0 1788978398 960380
2 125568 104 0 1788978398 960682
2 125586 57 0 1788978398 961851
2 125607 55 0 1788978398 963128
2 125613 65 0 1788978398 963481
2 125625 66 0 1788978398 964276
2 125654 82 0 1788978398 966196
2 125659 82 0 1788978398 966578
2 125682 60 0 1788978398 968298
2 125734 57 0 1788978398 972150
2 125741 59 0 1788978398 972571
2 125747 55 0 1788978398 972941
2 125787 71 0 1788978398 975485
2 125798 55 0 1788978398 976131
2 125801 55 0 1788978398 976305
2 125813 51 0 1788978398 976993
2 125855 90 0 1788978398 979884
2 125888 67 0 1788978398 982090
2 125901 64 0 1788978398 982994
2 125912 98 0 1788978398 983872
2 125951 83 0 1788978398 986605
2 125953 65 0 1788978398 986798
2 125960 57 0 1788978398 987234
2 126084 67 0 1788978398 996078
2 126097 58 0 1788978398 996916
2 126186 65 0 1788978399 4346
2 126227 76 0 1788978399 7319
2 126233 74 0 1788978399 7811
2 126310 59 0 1788978399 13040
2 126311 56 0 1788978399 13100
2 126317 55 0 1788978399 13432
2 126370 55 0 1788978399 17026
2 126436 54 0 1788978399 21599
2 126441 53 0 1788978399 21890
2 126442 55 0 1788978399 21947
2 126458 63 0 1788978399 23535
2 126499 63 0 1788978399 26329
2 126503 74 0 1788978399 26600
2 126515 59 0 1788978399 27426
2 126548 95 0 1788978399 29638
2 126630 61 0 1788978399 34880
2 126682 65 0 1788978399 38523
2 126779 70 0 1788978399 45062
2 126787 85 0 1788978399 45663
2 126789 69 0 1788978399 45810
2 126794 58 0 1788978399 46124
2 126803 83 0 1788978399 46722
2 126809 61 0 1788978399 47113
2 126848 69 0 1788978399 49793
2 126878 65 0 1788978399 51597
2 126880 65 0 1788978399 51763
2 126884 72 0 1788978399 52024
2 126890 67 0 1788978399 52432
2 126902 70 0 1788978399 53228
2 126910 58 0 1788978399 53791
2 126923 63 0 1788978399 54546
2 126924 67 0 1788978399 54616
2 126931 59 0 1788978399 55100
2 126935 57 0 1788978399 55328
2 126947 54 0 1788978399 56049
2 126951 67 0 1788978399 56291
2 126971 54 0 1788978399 57458
2 127011 61 0 1788978399 60170
2 127020 71 0 1788978399 60811
2 127042 60 0 1788978399 62222
2 127078 58 0 1788978399 64540
2 127106 55 0 1788978399 66246
2 127112 68 0 1788978399 66595
2 127123 89 0 1788978399 67277
2 127125 71 0 1788978399 67414
2 127140 66 0 1788978399 68373
2 127158 65 0 1788978399 69517
2 127165 55 0 1788978399 69952
2 127188 56 0 1788978399 71368
2 127198 60 0 1788978399 72021
2 127223 62 0 1788978399 73687
2 127296 64 0 1788978399 78401
2 127312 54 0 1788978399 79380
2 127313 58 0 1788978399 79439
2 127326 88 0 1788978399 80358
2 127346 56 0 1788978399 81607
2 127369 65 0 1788978399 83060
2 127372 94 0 1788978399 83291
2 127392 57 0 1788978399 84461
2 127405 55 0 1788978399 85219
2 127473 61 0 1788978399 90074
2 127481 58 0 1788978399 90550
2 127489 70 0 1788978399 91081
2 127504 136 0 1788978399 92191
2 127529 60 0 1788978399 93743
2 127534 59 0 1788978399 94116
2 127536 59 0 1788978399 94239
2 127545 63 0 1788978399 94768
2 127573 97 0 1788978399 96650
2 127582 56 0 1788978399 97219
2 127583 57 0 1788978399 97279
2 127596 83 0 1788978399 98173
2 127600 69 0 1788978399 98481
2 127604 67 0 1788978399 98763
2 127607 62 0 1788978399 98962
2 127642 63 0 1788978399 101229
2 127704 60 0 1788978399 105107
2 127710 63 0 1788978399 105483
2 127781 69 0 1788978399 112060
2 127803 71 0 1788978399 113650
2 127848 65 0 1788978399 117499
2 127850 92 0 1788978399 117665
2 127861 61 0 1788978399 118509
2 127934 83 0 1788978399 123794
2 127955 107 0 1788978399 125311
2 127959 100 0 1788978399 125650
2 128035 63 0 1788978399 130856
2 128077 65 0 1788978399 133602
2 128096 56 0 1788978399 134921
2 128117 87 0 1788978399 136337
2 128130 73 0 1788978399 137479
2 128147 88 0 1788978399 138809
2 128191 89 0 1788978399 142647
2 128210 60 0 1788978399 143772
2 128224 67 0 1788978399 145011
2 128226 90 0 1788978399 145198
2 128246 78 0 1788978399 147030
2 128267 65 0 1788978399 149007
2 128285 78 0 1788978399 150349
2 128309 64 0 1788978399 152057
2 128321 61 0 1788978399 152946
2 128370 75 0 1788978399 156554
2 128374 84 0 1788978399 156903
2 128375 75 0 1788978399 156981
2 128382 92 0 1788978399 157700
2 128390 89 0 1788978399 158327
2 128420 156 0 1788978399 160714
2 128429 98 0 1788978399 161467
2 128436 59 0 1788978399 162009
2 128445 68 0 1788978399 162727
2 128479 56 0 1788978399 165193
2 128486 55 0 1788978399 165593
2 128490 76 0 1788978399 165897
2 128494 61 0 1788978399 166163
2 128509 85 0 1788978399 167328
2 128563 60 0 1788978399 171267
2 128569 76 0 1788978399 171710
2 128603 70 0 1788978399 174413
2 128630 83 0 1788978399 176291
2 128636 79 0 1788978399 176813
2 128647 70 0 1788978399 177585
2 128662 111 0 1788978399 178698
2 128698 64 0 1788978399 181301
2 128733 63 0 1788978399 183779
2 128775 91 0 1788978399 186392
2 128782 70 0 1788978399 186985
2 128828 120 0 1788978399 190353
2 128848 92 0 1788978399 192101
2 128853 62 0 1788978399 192596
2 128862 70 0 1788978399 193369
2 128921 77 0 1788978399 197104
2 128927 77 0 1788978399 197546
2 128935 70 0 1788978399 198127
2 128944 68 0 1788978399 198769
2 128947 88 0 1788978399 198985
2 128950 60 0 1788978399 199178
2 128953 63 0 1788978399 199375
2 128995 67 0 1788978399 202270
2 129002 67 0 1788978399 202749
2 129007 64 0 1788978399 203090
2 129016 60 0 1788978399 203707
2 129035 59 0 1788978399 205068
2 129057 69 0 1788978399 206467
2 129076 57 0 1788978399 207715
2 129101 66 0 1788978399 209366
2 129133 68 0 1788978399 211516
2 129162 70 0 1788978399 213531
2 129181 66 0 1788978399 214894
2 129186 68 0 1788978399 215278
2 129190 67 0 1788978399 215555
2 129209 69 0 1788978399 216889
2 129217 116 0 1788978399 217479
2 129227 61 0 1788978399 218137
2 129294 62 0 1788978399 222508
2 129310 90 0 1788978399 223639
2 129322 68 0 1788978399 224353
2 129374 83 0 1788978399 228088
2 129405 100 0 1788978399 230671
2 129408 64 0 1788978399 230895
2 129418 0 0 1788978399 231707
2 129420 89 0 1788978399 231888
2 129423 71 0 1788978399 232119
2 129448 63 0 1788978399 234079
2 129481 60 0 1788978399 236068
2 129484 60 0 1788978399 236255
2 129510 72 0 1788978399 237901
2 129577 74 0 1788978399 242163
2 129601 76 0 1788978399 243652
2 129609 66 0 1788978399 244203
2 129644 58 0 1788978399 246453
2 129664 63 0 1788978399 247807
2 129669 55 0 1788978399 248132
2 129741 58 0 1788978399 252689
2 129743 62 0 1788978399 252812
2 129757 54 0 1788978399 253593
2 129762 57 0 1788978399 253952
2 129764 58 0 1788978399 254071
2 129771 58 0 1788978399 254535
2 129782 57 0 1788978399 255279
2 129801 56 0 1788978399 256512
2 129825 62 0 1788978399 258037
2 129871 47 0 1788978399 260985
2 129879 61 0 1788978399 261505
2 129891 90 0 1788978399 262356
2 129901 81 0 1788978399 263139
2 129902 76 0 1788978399 263219
2 129909 58 0 1788978399 263771
2 129931 176 0 1788978399 265452
2 129933 107 0 1788978399 265647
2 129947 102 0 1788978399 266674
2 129956 71 0 1788978399 267379
2 130001 66 0 1788978399 270494
2 130012 68 0 1788978399 271237
2 130021 70 0 1788978399 271832
2 130042 60 0 1788978399 273308
2 130052 58 0 1788978399 273953
2 130054 56 0 1788978399 274070
2 130063 57 0 1788978399 274607
2 130115 68 0 1788978399 277859
2 130123 62 0 1788978399 278445
2 130155 57 0 1788978399 280436
2 130178 52 0 1788978399 281744
2 130179 55 0 1788978399 281800
2 130184 59 0 1788978399 282094
2 130194 60 0 1788978399 282708
2 130224 53 0 1788978399 284503
2 130276 58 0 1788978399 287902
2 130328 68 0 1788978399 291127
2 130331 71 0 1788978399 291347
2 130362 61 0 1788978399 293432
2 130398 69 0 1788978399 296281
2 130418 65 0 1788978399 297889
2 130432 67 0 1788978399 298912
2 130455 87 0 1788978399 300649
2 130475 55 0 1788978399 301907
2 130498 82 0 1788978399 303283
2 130504 71 0 1788978399 303728
2 130546 59 0 1788978399 306583
2 130548 67 0 1788978399 306719
2 130623 67 0 1788978399 311924
2 130692 94 0 1788978399 316588
2 130703 82 0 1788978399 317478
2 130705 115 0 1788978399 317674
2 130725 79 0 1788978399 319366
2 130760 76 0 1788978399 322102
2 130818 57 0 1788978399 328285
2 130828 77 0 1788978399 328932
2 130865 78 0 1788978399 331866
2 130869 85 0 1788978399 332189
2 130887 73 0 1788978399 333693
2 130890 69 0 1788978399 333956
2 130925 76 0 1788978399 336705
2 130929 63 0 1788978399 336997
2 131047 61 0 1788978399 345311
2 131060 59 0 1788978399 346149
2 131062 59 0 1788978399 346271
2 131084 84 0 1788978399 347752
2 131088 60 0 1788978399 348017
2 131093 65 0 1788978399 348390
2 131108 57 0 1788978399 349429
2 131119 58 0 1788978399 350142
2 131163 66 0 1788978399 353392
2 131288 57 0 1788978399 363165
2 131320 54 0 1788978399 365252
2 131323 63 0 1788978399 365430
2 131338 60 0 1788978399 366471
2 131348 87 0 1788978399 367133
2 131364 57 0 1788978399 368261
2 131372 63 0 1788978399 368786
2 131381 58 0 1788978399 369367
2 131402 91 0 1788978399 370662
2 131414 58 0 1788978399 371373
2 131433 55 0 1788978399 372554
2 131449 63 0 1788978399 373598
2 131455 66 0 1788978399 374039
2 131459 68 0 1788978399 374307
2 131463 72 0 1788978399 374595
2 131493 79 0 1788978399 376537
2 131501 67 0 1788978399 377144
2 131553 63 0 1788978399 380487
2 131578 64 0 1788978399 382037
2 131582 63 0 1788978399 382302
2 131589 56 0 1788978399 382732
2 131590 56 0 1788978399 382790
2 131592 52 0 1788978399 382904
2 131600 62 0 1788978399 383383
2 131606 66 0 1788978399 383770
2 131627 61 0 1788978399 385068
2 131632 58 0 1788978399 385369
2 131649 84 0 1788978399 386656
2 131665 57 0 1788978399 387601
2 131685 67 0 1788978399 388873
2 131689 66 0 1788978399 389138
2 131691 59 0 1788978399 389263
2 131696 63 0 1788978399 389564
2 131719 56 0 1788978399 391000
2 131720 55 0 1788978399 391057
2 131753 56 0 1788978399 393180
2 131756 49 0 1788978399 393352
2 131757 63 0 1788978399 393417
2 131837 98 0 1788978399 398671
2 131838 69 0 1788978399 398745
2 131841 64 0 1788978399 398947
2 131867 72 0 1788978399 400823
2 131889 64 0 1788978399 402269
2 131912 56 0 1788978399 403846
2 131931 62 0 1788978399 405294
2 131956 70 0 1788978399 406947
2 131968 58 0 1788978399 407834
2 132000 65 0 1788978399 410031
2 132027 59 0 1788978399 411945
2 132029 64 0 1788978399 412073
2 132055 69 0 1788978399 413657
2 132059 60 0 1788978399 413897
2 132092 70 0 1788978399 415875
2 132105 70 0 1788978399 416771
2 132132 56 0 1788978399 418306
2 132138 65 0 1788978399 418710
2 132168 53 0 1788978399 420584
2 132182 45 0 1788978399 421431
2 132186 64 0 1788978399 421683
2 132196 76 0 1788978399 422309
2 132213 57 0 1788978399 423440
2 132221 130 0 1788978399 424060
2 132226 88 0 1788978399 424481
2 132242 73 0 1788978399 425735
2 132251 62 0 1788978399 426338
2 132299 63 0 1788978399 430237
2 132303 64 0 1788978399 430497
2 132335 65 0 1788978399 432497
2 132427 68 0 1788978399 438794
2 132443 54 0 1788978399 440414
2 132460 89 0 1788978399 441666
2 132537 90 0 1788978399 446662
2 132548 62 0 1788978399 447348
2 132563 77 0 1788978399 448456
2 132566 73 0 1788978399 448733
2 132589 68 0 1788978399 450370
2 132598 54 0 1788978399 450969
2 132599 57 0 1788978399 451029
2 132605 56 0 1788978399 451370
2 132649 69 0 1788978399 454185
2 132653 67 0 1788978399 454461
2 132657 72 0 1788978399 454758
2 132661 70 0 1788978399 455049
2 132673 55 0 1788978399 455764
2 132716 72 0 1788978399 458558
2 132751 61 0 1788978399 461054
2 132766 63 0 1788978399 462001
2 132783 61 0 1788978399 463050
2 132810 58 0 1788978399 464924
2 132842 59 0 1788978399 466896
2 132845 60 0 1788978399 467077
2 132863 66 0 1788978399 468157
2 132869 61 0 1788978399 468547
2 132899 68 0 1788978399 470484
2 132952 58 0 1788978399 473887
2 132980 67 0 1788978399 475817
2 132987 80 0 1788978399 476288
2 133030 67 0 1788978399 479431
2 133041 62 0 1788978399 480255
2 133048 72 0 1788978399 480785
2 133051 106 0 1788978399 481059
2 133064 67 0 1788978399 482016
2 133078 71 0 1788978399 483211
2 133108 71 0 1788978399 485592
2 133128 72 0 1788978399 487159
2 133138 72 0 1788978399 487910
2 133139 70 0 1788978399 487984
2 133157 82 0 1788978399 489502
2 133174 73 0 1788978399 490833
2 133196 72 0 1788978399 492509
2 133203 76 0 1788978399 493007
2 133206 75 0 1788978399 493223
2 133228 59 0 1788978399 494884
2 133290 98 0 1788978399 499823
2 133298 118 0 1788978399 500635
2 133335 64 0 1788978399 503560
2 133359 69 0 1788978399 505510
2 133361 91 0 1788978399 505671
2 133366 72 0 1788978399 506028
2 133371 66 0 1788978399 506395
2 133396 90 0 1788978399 508778
2 133413 61 0 1788978399 509888
2 133471 91 0 1788978399 513932
2 133477 64 0 1788978399 514361
2 133479 66 0 1788978399 514494
2 133488 84 0 1788978399 515319
2 133491 80 0 1788978399 515561
2 133501 80 0 1788978399 516384
2 133502 80 0 1788978399 516466
2 133522 67 0 1788978399 518059
2 133556 66 0 1788978399 520732
2 133558 66 0 1788978399 520866
2 133564 65 0 1788978399 521283
2 133575 65 0 1788978399 522104
2 133597 67 0 1788978399 523690
2 133605 67 0 1788978399 524242
2 133634 67 0 1788978399 526239
2 133651 83 0 1788978399 527495
2 133653 101 0 1788978399 527668
2 133674 86 0 1788978399 529175
2 133679 105 0 1788978399 529538
2 133708 64 0 1788978399 531580
2 133713 81 0 1788978399 531994
2 133715 82 0 1788978399 532157
2 133759 96 0 1788978399 535474
2 133781 59 0 1788978399 537033
2 133782 64 0 1788978399 537100
2 133809 67 0 1788978399 538957
2 133813 66 0 1788978399 539225
2 133817 58 0 1788978399 539462
2 133830 82 0 1788978399 540338
2 133872 78 0 1788978399 543256
2 133951 68 0 1788978399 548645
2 133952 61 0 1788978399 548711
2 133967 68 0 1788978399 549724
2 134014 71 0 1788978399 552649
2 134028 60 0 1788978399 553541
2 134044 64 0 1788978399 554540
2 134053 61 0 1788978399 555131
2 134057 55 0 1788978399 555355
2 134079 54 0 1788978399 556575
2 134125 65 0 1788978399 559477
2 134141 80 0 1788978399 560659
2 134169 54 0 1788978399 562249
2 134180 66 0 1788978399 562962
2 134218 65 0 1788978399 565251
2 134221 59 0 1788978399 565429
2 134238 60 0 1788978399 566505
2 134273 62 0 1788978399 568915
2 134281 60 0 1788978399 569440
2 134321 61 0 1788978399 572049
2 134332 69 0 1788978399 572882
2 134356 63 0 1788978399 574298
2 134362 67 0 1788978399 574733
2 134376 89 0 1788978399 575790
2 134379 69 0 1788978399 575998
2 134392 58 0 1788978399 576873
2 134419 55 0 1788978399 578493
2 134466 55 0 1788978399 581487
2 134481 58 0 1788978399 582442
2 134490 50 0 1788978399 582960
2 134493 55 0 1788978399 583125
2 134586 62 0 1788978399 589143
2 134592 69 0 1788978399 589546
2 134646 95 0 1788978399 593244
2 134693 64 0 1788978399 596495
2 134742 94 0 1788978399 600150
2 134745 61 0 1788978399 600348
2 134757 86 0 1788978399 601203
2 134760 56 0 1788978399 601435
2 134766 55 0 1788978399 601796
2 134768 53 0 1788978399 601908
2 134796 60 0 1788978399 603904
2 134823 67 0 1788978399 605836
2 134825 69 0 1788978399 605978
2 134865 70 0 1788978399 608734
2 134868 55 0 1788978399 608918
2 134895 95 0 1788978399 610687
2 134898 76 0 1788978399 611511
2 134901 64 0 1788978399 611775
2 134913 112 0 1788978399 612798
2 134976 66 0 1788978399 617846
2 135001 58 0 1788978399 619392
2 135003 57 0 1788978399 619511
2 135010 59 0 1788978399 619942
2 135018 57 0 1788978399 620404
2 135050 73 0 1788978399 622682
2 135060 58 0 1788978399 623290
2 135062 57 0 1788978399 623408
2 135068 60 0 1788978399 623765
2 135112 52 0 1788978399 626349
2 135115 67 0 1788978399 626545
2 135120 62 0 1788978399 626886
2 135125 73 0 1788978399 627195
2 135135 65 0 1788978399 628002
2 135201 78 0 1788978399 632342
2 135213 60 0 1788978399 633117
2 135252 140 0 1788978399 635646
2 135270 57 0 1788978399 637087
2 135281 72 0 1788978399 637851
2 135331 68 0 1788978399 641387
2 135363 71 0 1788978399 643788
2 135384 62 0 1788978399 645257
2 135402 78 0 1788978399 646442
2 135422 66 0 1788978399 647842
2 135423 66 0 1788978399 647912
2 135457 69 0 1788978399 650305
2 135557 64 0 1788978399 657459
2 135613 62 0 1788978399 661531
2 135622 71 0 1788978399 662095
2 135664 67 0 1788978399 664792
2 135671 96 0 1788978399 665272
2 135706 73 0 1788978399 667629
2 135744 59 0 1788978399 670155
2 135763 75 0 1788978399 671598
2 135776 59 0 1788978399 672498
2 135780 71 0 1788978399 672779
2 135821 62 0 1788978399 675645
2 135844 71 0 1788978399 677125
2 135849 66 0 1788978399 677515
2 135851 90 0 1788978399 677675
2 135863 64 0 1788978399 678561
2 135869 68 0 1788978399 679036
2 135875 77 0 1788978399 679470
2 135902 84 0 1788978399 681894
2 135914 66 0 1788978399 682816
2 135922 66 0 1788978399 683380
2 135928 66 0 1788978399 683839
2 135939 65 0 1788978399 684548
2 135961 88 0 1788978399 686102
2 135964 71 0 1788978399 686354
2 135972 132 0 1788978399 687331
2 135985 71 0 1788978399 688531
2 135992 78 0 1788978399 689044
2 135999 67 0 1788978399 689519
2 136001 89 0 1788978399 689681
2 136057 61 0 1788978399 694292
2 136147 78 0 1788978399 700197
2 136171 66 0 1788978399 701915
2 136183 58 0 1788978399 702875
2 136281 65 0 1788978399 709419
2 136319 48 0 1788978399 711933
2 136348 82 0 1788978399 714139
2 136352 85 0 1788978399 714472
2 136388 71 0 1788978399 716990
2 136405 94 0 1788978399 718580
2 136427 96 0 1788978399 720644
2 136429 95 0 1788978399 720833
2 136445 92 0 1788978399 722294
2 136451 91 0 1788978399 722843
2 136460 143 0 1788978399 723701
2 136507 72 0 1788978399 726845
2 136519 90 0 1788978399 727676
2 136525 57 0 1788978399 728070
2 136533 99 0 1788978399 728700
2 136575 64 0 1788978399 731564
2 136579 64 0 1788978399 731824
2 136605 98 0 1788978399 733671
2 136607 69 0 1788978399 733819
2 136647 65 0 1788978399 736460
2 136663 68 0 1788978399 737527
2 136722 59 0 1788978399 741819
2 136723 69 0 1788978399 741891
2 136751 98 0 1788978399 743922
2 136777 85 0 1788978399 746248
2 136795 79 0 1788978399 747866
2 136802 62 0 1788978399 748410
2 136820 66 0 1788978399 749582
2 136821 70 0 1788978399 749656
2 136932 57 0 1788978399 757177
2 136938 56 0 1788978399 757527
2 136944 83 0 1788978399 757937
2 136949 65 0 1788978399 758297
2 136963 66 0 1788978399 759295
2 136964 60 0 1788978399 759360
2 136974 59 0 1788978399 760138
2 137050 70 0 1788978399 765103
2 137091 59 0 1788978399 767712
2 137105 90 0 1788978399 768670
2 137107 73 0 1788978399 768864
2 137132 61 0 1788978399 770720
2 137175 58 0 1788978399 773508
2 137219 58 0 1788978399 776348
2 137258 82 0 1788978399 779009
2 137267 74 0 1788978399 779661
2 137309 63 0 1788978399 782431
2 137321 68 0 1788978399 783216
2 137333 54 0 1788978399 784019
2 137337 54 0 1788978399 784243
2 137354 65 0 1788978399 785310
2 137383 60 0 1788978399 787246
2 137403 55 0 1788978399 788475
2 137404 57 0 1788978399 788535
2 137419 58 0 1788978399 789496
2 137449 58 0 1788978399 791264
2 137525 60 0 1788978399 795934
2 137569 66 0 1788978399 798823
2 137590 78 0 1788978399 800219
2 137620 62 0 1788978399 802089
2 137651 68 0 1788978399 804275
2 137652 77 0 1788978399 804355
2 137662 62 0 1788978399 805065
2 137692 0 0 1788978399 807185
2 137698 87 0 1788978399 807635
2 137700 78 0 1788978399 807805
2 137706 54 0 1788978399 808205
2 137776 61 0 1788978399 813017
2 137795 73 0 1788978399 814269
2 137805 68 0 1788978399 814981
2 137829 63 0 1788978399 816661
2 137833 80 0 1788978399 816981
2 137866 80 0 1788978399 819544
2 137873 69 0 1788978399 820084
2 137925 76 0 1788978399 824161
2 137952 75 0 1788978399 826294
2 137974 93 0 1788978399 828012
2 138001 103 0 1788978399 830781
2 138034 68 0 1788978399 833540
2 138054 103 0 1788978399 835336
2 138097 58 0 1788978399 838988
2 138099 59 0 1788978399 839109
2 138141 80 0 1788978399 842499
2 138152 0 0 1788978399 843512
2 138171 71 0 1788978399 845047
2 138173 81 0 1788978399 845213
2 138192 142 0 1788978399 846733
2 138254 69 0 1788978399 851958
2 138283 0 0 1788978399 854669
2 138290 68 0 1788978399 855212
2 138295 86 0 1788978399 855572
2 138309 95 0 1788978399 856684
2 138331 77 0 1788978399 858355
2 138344 122 0 1788978399 859475
2 138357 64 0 1788978399 861047
2 138371 0 0 1788978399 862818
2 138378 102 0 1788978399 863557
2 138380 0 0 1788978399 863786
2 138403 76 0 1788978399 870179
2 138424 139 0 1788978399 872909
2 138433 81 0 1788978399 874547
2 138447 75 0 1788978399 875953
2 138453 72 0 1788978399 876401
2 138463 75 0 1788978399 877232
2 138469 86 0 1788978399 877745
2 138499 89 0 1788978399 880362
2 138501 76 0 1788978399 880516
2 138526 91 0 1788978399 882683
2 138535 0 0 1788978399 883396
2 138562 78 0 1788978399 885827
2 138573 78 0 1788978399 886741
2 138583 60 0 1788978399 887422
2 138615 76 0 1788978399 889677
2 138619 78 0 1788978399 889976
2 138650 215 0 1788978399 893134
2 138656 183 0 1788978399 894197
2 138670 97 0 1788978399 896399
2 138682 81 0 1788978399 897552
2 138695 101 0 1788978399 898680
2 138701 100 0 1788978399 899217
2 138716 79 0 1788978399 900530
2 138752 78 0 1788978399 903399
2 138790 69 0 1788978399 910332
2 138850 63 0 1788978399 915372
2 138866 0 0 1788978399 917017
2 138909 69 0 1788978399 920578
2 138932 88 0 1788978399 922489
2 139002 0 0 1788978399 928102
2 139030 64 0 1788978399 930235
2 139035 104 0 1788978399 930645
2 139077 76 0 1788978399 933947
2 139124 65 0 1788978399 937393
2 139131 93 0 1788978399 937889
2 139181 66 0 1788978399 941928
2 139185 62 0 1788978399 942202
2 139198 71 0 1788978399 943178
2 139228 67 0 1788978399 945392
2 139243 57 0 1788978399 946360
2 139244 58 0 1788978399 946422
2 139265 91 0 1788978399 948014
2 139271 98 0 1788978399 948545
2 139281 119 0 1788978399 949381
2 139288 76 0 1788978399 949936
2 139324 71 0 1788978399 952851
2 139339 75 0 1788978399 954083
2 139375 75 0 1788978399 956902
2 139377 73 0 1788978399 957060
2 139424 63 0 1788978399 961035
2 139441 70 0 1788978399 962281
2 139505 78 0 1788978399 967131
2 139532 70 0 1788978399 969146
2 139586 84 0 1788978399 973769
2 139590 437 0 1788978399 974538
2 139592 91 0 1788978399 974770
2 139602 123 0 1788978399 975675
2 139607 75 0 1788978399 976066
2 139627 90 0 1788978399 977733
2 139653 77 0 1788978399 979929
2 139656 61 0 1788978399 980186
2 139658 60 0 1788978399 980311
2 139670 78 0 1788978399 981212
2 139672 68 0 1788978399 981356
2 139678 87 0 1788978399 981809
2 139685 74 0 1788978399 982342
2 139751 77 0 1788978399 987509
2 139761 73 0 1788978399 988199
2 139768 69 0 1788978399 988694
2 139771 64 0 1788978399 988902
2 139822 109 0 1788978399 992746
2 139843 63 0 1788978399 994411
2 139848 69 0 1788978399 994765
2 139861 91 0 1788978399 995697
2 139865 85 0 1788978399 996046
2 139874 73 0 1788978399 996736
2 139900 69 0 1788978399 998763
2 139901 89 0 1788978399 998855
2 139905 70 0 1788978399 999160
2 139919 72 0 1788978400 322
2 139935 84 0 1788978400 1606
2 139963 71 0 1788978400 3880
2 139981 72 0 1788978400 5344
2 139989 104 0 1788978400 6084
2 139995 83 0 1788978400 6653
2 140012 79 0 1788978400 8060
2 140024 69 0 1788978400 9076
2 140040 83 0 1788978400 11055
2 140062 66 0 1788978400 12815
2 140063 85 0 1788978400 12905
2 140085 76 0 1788978400 14591
2 140095 77 0 1788978400 15391
2 140127 70 0 1788978400 17831
2 140148 122 0 1788978400 19652
2 140170 66 0 1788978400 21408
2 140205 93 0 1788978400 23937
2 140220 70 0 1788978400 25014
2 140228 68 0 1788978400 25593
2 140234 111 0 1788978400 26090
2 140239 64 0 1788978400 26410
2 140255 90 0 1788978400 27586
2 140272 78 0 1788978400 28800
2 140307 67 0 1788978400 31254
2 140314 73 0 1788978400 31769
2 140340 84 0 1788978400 33778
2 140444 88 0 1788978400 41507
2 140449 76 0 1788978400 41908
2 140454 76 0 1788978400 42267
2 140462 72 0 1788978400 42941
2 140497 96 0 1788978400 45687
2 140510 60 0 1788978400 46590
2 140550 87 0 1788978400 49434
2 140561 67 0 1788978400 50299
2 140568 64 0 1788978400 50785
2 140572 73 0 1788978400 51096
2 140578 62 0 1788978400 51523
2 140593 102 0 1788978400 52651
2 140601 60 0 1788978400 53193
2 140608 69 0 1788978400 53753
2 140614 79 0 1788978400 54176
2 140655 69 0 1788978400 56951
2 140669 60 0 1788978400 58121
2 140694 91 0 1788978400 59906
2 140703 96 0 1788978400 60668
2 140715 75 0 1788978400 61549
2 140767 62 0 1788978400 65467
2 140785 80 0 1788978400 66817
2 140810 89 0 1788978400 68699
2 140850 59 0 1788978400 71877
2 140951 76 0 1788978400 79350
2 140953 81 0 1788978400 79507
2 140962 72 0 1788978400 80200
2 140978 63 0 1788978400 81404
2 141009 70 0 1788978400 83617
2 141022 64 0 1788978400 84537
2 141026 71 0 1788978400 84861
2 141030 69 0 1788978400 85160
2 141051 69 0 1788978400 86601
2 141063 57 0 1788978400 87397
2 141153 93 0 1788978400 93690
2 141156 76 0 1788978400 93933
2 141184 80 0 1788978400 96075
2 141187 77 0 1788978400 96304
2 141209 79 0 1788978400 98055
2 141220 77 0 1788978400 98978
2 141239 65 0 1788978400 100573
2 141251 75 0 1788978400 101446
2 141265 67 0 1788978400 102457
2 141277 80 0 1788978400 103353
2 141290 72 0 1788978400 104469
2 141298 72 0 1788978400 105054
2 141306 91 0 1788978400 105684
2 141311 85 0 1788978400 106080
2 141312 173 0 1788978400 106255
2 141338 68 0 1788978400 108398
2 141340 69 0 1788978400 108535
2 141345 68 0 1788978400 108904
2 141376 63 0 1788978400 111069
2 141443 63 0 1788978400 115774
2 141451 66 0 1788978400 116343
2 141460 64 0 1788978400 117018
2 141473 77 0 1788978400 117944
2 141529 90 0 1788978400 122778
2 141532 65 0 1788978400 122970
2 141547 99 0 1788978400 124080
2 141558 68 0 1788978400 124967
2 141611 68 0 1788978400 128882
2 141618 67 0 1788978400 129387
2 141633 66 0 1788978400 130476
2 141656 71 0 1788978400 132132
2 141659 69 0 1788978400 132371
2 141673 65 0 1788978400 133413
2 141738 73 0 1788978400 138770
2 141752 70 0 1788978400 139760
2 141758 64 0 1788978400 140180
2 141772 77 0 1788978400 141232
2 141794 69 0 1788978400 142850
2 141796 80 0 1788978400 143008
2 141801 63 0 1788978400 143353
2 141805 63 0 1788978400 143610
2 141829 63 0 1788978400 145377
2 141849 75 0 1788978400 146913
2 141860 117 0 1788978400 147722
2 141877 83 0 1788978400 149114
2 141893 79 0 1788978400 150449
2 141896 69 0 1788978400 150663
2 141935 120 0 1788978400 153523
2 141947 93 0 1788978400 154481
2 141963 64 0 1788978400 155801
2 141980 94 0 1788978400 157071
2 141982 115 0 1788978400 157315
2 142072 57 0 1788978400 164283
2 142079 63 0 1788978400 164740
2 142105 88 0 1788978400 166643
2 142117 58 0 1788978400 167580
2 142151 76 0 1788978400 170328
2 142154 83 0 1788978400 170559
2 142170 80 0 1788978400 171964
2 142188 88 0 1788978400 173525
2 142205 64 0 1788978400 174839
2 142264 79 0 1788978400 179436
2 142289 73 0 1788978400 181350
2 142311 86 0 1788978400 183041
2 142359 0 0 1788978400 186709
2 142398 75 0 1788978400 189713
2 142401 82 0 1788978400 189970
2 142413 66 0 1788978400 190883
2 142419 68 0 1788978400 191422
2 142453 65 0 1788978400 193918
2 142477 75 0 1788978400 195627
2 142480 69 0 1788978400 195842
2 142486 67 0 1788978400 196252
2 142494 63 0 1788978400 196983
2 142509 67 0 1788978400 198084
2 142510 66 0 1788978400 198152
2 142522 70 0 1788978400 198988
2 142526 64 0 1788978400 199246
2 142550 59 0 1788978400 201097
2 142595 84 0 1788978400 204522
2 142625 83 0 1788978400 207042
2 142718 65 0 1788978400 213938
2 142766 66 0 1788978400 217352
2 142797 71 0 1788978400 219588
2 142819 79 0 1788978400 221267
2 142821 70 0 1788978400 221411
2 142827 67 0 1788978400 221829
2 142857 64 0 1788978400 224012
2 142895 82 0 1788978400 226996
2 142897 100 0 1788978400 227183
2 142902 69 0 1788978400 227559
2 142904 86 0 1788978400 227727
2 142924 66 0 1788978400 229042
2 142942 68 0 1788978400 230550
2 142955 65 0 1788978400 231568
2 142959 85 0 1788978400 231957
2 142962 62 0 1788978400 232158
2 142973 76 0 1788978400 232938
2 142979 101 0 1788978400 233369
2 142983 79 0 1788978400 233721
2 142996 80 0 1788978400 234642
2 143004 80 0 1788978400 235236
2 143016 106 0 1788978400 236179
2 143027 63 0 1788978400 236930
2 143073 80 0 1788978400 240363
2 143080 86 0 1788978400 240895
2 143086 127 0 1788978400 241391
2 143100 65 0 1788978400 242525
2 143105 66 0 1788978400 242914
2 143135 76 0 1788978400 245069
2 143152 70 0 1788978400 246335
2 143167 76 0 1788978400 247447
2 143169 67 0 1788978400 247592
2 143184 69 0 1788978400 248722
2 143249 79 0 1788978400 254554
2 143259 70 0 1788978400 255327
2 143262 81 0 1788978400 255577
2 143318 83 0 1788978400 259544
2 143376 83 0 1788978400 265108
2 143381 87 0 1788978400 265579
2 143409 85 0 1788978400 268016
2 143425 88 0 1788978400 269309
2 143431 80 0 1788978400 269763
2 143448 86 0 1788978400 271064
2 143501 68 0 1788978400 275172
2 143549 74 0 1788978400 278738
2 143567 73 0 1788978400 280109
2 143573 69 0 1788978400 280547
2 143590 65 0 1788978400 281744
2 143690 67 0 1788978400 289966
2 143767 75 0 1788978400 295880
2 143771 75 0 1788978400 296162
2 143780 85 0 1788978400 296819
2 143812 89 0 1788978400 299551
2 143818 78 0 1788978400 300010
2 143823 69 0 1788978400 300401
2 143828 66 0 1788978400 300853
2 143830 70 0 1788978400 300996
2 143840 79 0 1788978400 301853
2 143874 87 0 1788978400 304853
2 143875 75 0 1788978400 304932
2 143884 79 0 1788978400 305705
2 143910 84 0 1788978400 307834
2 143915 83 0 1788978400 308327
2 143924 71 0 1788978400 309342
2 143965 61 0 1788978400 312487
2 144040 91 0 1788978400 318745
2 144102 90 0 1788978400 323629
2 144128 82 0 1788978400 325537
2 144129 83 0 1788978400 325624
2 144149 69 0 1788978400 327056
2 144180 86 0 1788978400 329266
2 144216 78 0 1788978400 332480
2 144235 79 0 1788978400 334097
2 144241 0 0 1788978400 334685
2 144250 0 0 1788978400 335551
2 144253 76 0 1788978400 335831
2 144264 85 0 1788978400 336957
2 144288 83 0 1788978400 339160
2 144325 113 0 1788978400 342491
2 144338 0 0 1788978400 343656
2 144352 74 0 1788978400 344621
2 144407 81 0 1788978400 349051
2 144447 82 0 1788978400 352164
2 144449 70 0 1788978400 352306
2 144456 71 0 1788978400 352854
2 144473 88 0 1788978400 354359
2 144493 67 0 1788978400 355952
2 144509 79 0 1788978400 357194
2 144513 65 0 1788978400 357479
2 144524 0 0 1788978400 358338
2 144581 90 0 1788978400 362638
2 144621 83 0 1788978400 365467
2 144633 71 0 1788978400 366288
2 144648 64 0 1788978400 367378
2 144670 92 0 1788978400 369102
2 144701 68 0 1788978400 371484
2 144722 67 0 1788978400 373037
2 144731 76 0 1788978400 373652
2 144741 63 0 1788978400 374352
2 144753 65 0 1788978400 375353
2 144768 64 0 1788978400 376410
2 144771 109 0 1788978400 376699
2 144776 69 0 1788978400 377076
2 144797 87 0 1788978400 378808
2 144802 73 0 1788978400 379159
2 144837 110 0 1788978400 381908
2 144861 97 0 1788978400 383697
2 144876 72 0 1788978400 384818
2 144892 73 0 1788978400 386124
2 144904 73 0 1788978400 387064
2 144908 74 0 1788978400 387395
2 144916 72 0 1788978400 388011
2 144920 73 0 1788978400 388297
2 144934 67 0 1788978400 389299
2 144956 70 0 1788978400 390975
2 144959 68 0 1788978400 391176
2 144981 78 0 1788978400 392851
2 145024 69 0 1788978400 396184
2 145043 85 0 1788978400 397667
2 145071 77 0 1788978400 399807
2 145152 89 0 1788978400 406097
2 145174 72 0 1788978400 407730
2 145188 77 0 1788978400 408727
2 145196 61 0 1788978400 409277
2 145247 65 0 1788978400 413045
2 145252 85 0 1788978400 413433
2 145258 105 0 1788978400 414022
2 145259 92 0 1788978400 414117
2 145289 80 0 1788978400 416929
2 145312 124 0 1788978400 418975
2 145340 73 0 1788978400 421051
2 145362 61 0 1788978400 422773
2 145367 65 0 1788978400 423114
2 145373 66 0 1788978400 423524
2 145433 79 0 1788978400 428293
2 145440 71 0 1788978400 428835
2 145484 71 0 1788978400 432513
2 145495 63 0 1788978400 433374
2 145501 69 0 1788978400 433793
2 145527 66 0 1788978400 435889
2 145534 0 0 1788978400 436378
2 145553 64 0 1788978400 438042
2 145603 99 0 1788978400 442593
2 145614 78 0 1788978400 443553
2 145617 91 0 1788978400 443829
2 145623 76 0 1788978400 444318
2 145641 71 0 1788978400 445801
2 145690 73 0 1788978400 450249
2 145712 78 0 1788978400 452081
2 145714 61 0 1788978400 452215
2 145721 94 0 1788978400 452673
2 145748 70 0 1788978400 454508
2 145752 62 0 1788978400 454789
2 145753 61 0 1788978400 454853
2 145760 81 0 1788978400 455354
2 145765 84 0 1788978400 455789
2 145768 80 0 1788978400 456045
2 145829 59 0 1788978400 459966
2 145830 61 0 1788978400 460031
2 145855 67 0 1788978400 461719
2 145857 59 0 1788978400 461844
2 145871 64 0 1788978400 462952
2 145899 60 0 1788978400 464920
2 145924 82 0 1788978400 466864
2 145934 81 0 1788978400 467736
2 145951 79 0 1788978400 469253
2 145954 98 0 1788978400 469543
2 145957 66 0 1788978400 469828
2 145962 68 0 1788978400 470220
2 146018 95 0 1788978400 475240
2 146042 78 0 1788978400 477100
2 146057 132 0 1788978400 478349
2 146064 71 0 1788978400 479035
2 146085 85 0 1788978400 481033
2 146102 89 0 1788978400 482474
2 146105 75 0 1788978400 482677
2 146106 62 0 1788978400 482742
2 146112 75 0 1788978400 483250
2 146120 88 0 1788978400 483996
2 146163 74 0 1788978400 487497
2 146169 109 0 1788978400 487987
2 146193 86 0 1788978400 490245
2 146206 0 0 1788978400 491328
2 146232 93 0 1788978400 493697
2 146241 77 0 1788978400 494378
2 146243 71 0 1788978400 494552
2 146287 96 0 1788978400 499475
2 146291 106 0 1788978400 499956
2 146304 103 0 1788978400 501347
2 146314 102 0 1788978400 502388
2 146317 95 0 1788978400 502749
2 146325 81 0 1788978400 503411
2 146359 95 0 1788978400 506214
2 146364 105 0 1788978400 506643
2 146388 70 0 1788978400 508539
2 146446 82 0 1788978400 513288
2 146462 88 0 1788978400 514751
2 146476 81 0 1788978400 515907
2 146517 100 0 1788978400 519485
2 146531 153 0 1788978400 520932
2 146539 81 0 1788978400 521602
2 146593 77 0 1788978400 526197
2 146606 70 0 1788978400 527256
2 146621 72 0 1788978400 528492
2 146646 82 0 1788978400 530608
2 146652 67 0 1788978400 531146
2 146664 83 0 1788978400 532075
2 146673 75 0 1788978400 532858
2 146690 93 0 1788978400 534278
2 146693 65 0 1788978400 534514
2 146703 86 0 1788978400 535287
2 146726 77 0 1788978400 537314
2 146747 87 0 1788978400 539041
2 146770 63 0 1788978400 540960
2 146804 70 0 1788978400 544232
2 146810 80 0 1788978400 544778
2 146839 83 0 1788978400 547922
2 146842 0 0 1788978400 548187
2 146844 100 0 1788978400 548390
2 146866 81 0 1788978400 550451
2 146895 72 0 1788978400 553010
2 146902 76 0 1788978400 553577
2 146919 94 0 1788978400 554996
2 146930 90 0 1788978400 555942
2 146940 67 0 1788978400 556788
2 146960 76 0 1788978400 558494
2 146962 100 0 1788978400 558777
2 146988 95 0 1788978400 561006
2 146989 89 0 1788978400 561100
2 147000 87 0 1788978400 562172
2 147009 113 0 1788978400 563086
2 147017 83 0 1788978400 563775
2 147033 90 0 1788978400 565321
3 8 54 0 1788978390 579756
3 19 44 0 1788978390 580343
3 25 423 0 1788978390 581507
3 29 163 0 1788978390 582356
3 79 74 0 1788978390 586047
3 88 99 0 1788978390 586770
3 113 83 0 1788978390 588651
3 119 92 0 1788978390 589151
3 124 84 0 1788978390 589569
3 145 60 0 1788978390 591171
3 158 47 0 1788978390 592035
3 173 57 0 1788978390 592832
3 200 70 0 1788978390 594575
3 231 60 0 1788978390 596534
3 237 56 0 1788978390 596908
3 290 42 0 1788978390 600450
3 291 44 0 1788978390 600497
3 296 44 0 1788978390 600726
3 306 42 0 1788978390 601212
3 310 41 0 1788978390 601384
3 358 60 0 1788978390 603728
3 386 38 0 1788978390 604861
3 426 60 0 1788978390 607005
3 489 87 0 1788978390 611303
3 497 68 0 1788978390 611846
3 538 93 0 1788978390 615006
3 547 74 0 1788978390 615748
3 617 56 0 1788978390 620956
3 631 76 0 1788978390 621939
3 641 75 0 1788978390 622661
3 649 91 0 1788978390 623758
3 661 92 0 1788978390 624648
3 675 77 0 1788978390 625637
3 691 58 0 1788978390 626756
3 700 60 0 1788978390 627315
3 704 58 0 1788978390 627555
3 713 60 0 1788978390 628164
3 721 58 0 1788978390 628696
3 733 55 0 1788978390 629430
3 776 52 0 1788978390 631871
3 792 80 0 1788978390 632746
3 803 76 0 1788978390 633421
3 823 60 0 1788978390 634887
3 855 44 0 1788978390 636670
3 860 46 0 1788978390 636921
3 861 50 0 1788978390 636973
3 956 46 0 1788978390 641755
3 990 40 0 1788978390 643370
3 991 45 0 1788978390 643417
3 1005 62 0 1788978390 644280
3 1051 74 0 1788978390 647313
3 1065 64 0 1788978390 648246
3 1096 62 0 1788978390 650147
3 1102 61 0 1788978390 650539
3 1107 58 0 1788978390 650893
3 1111 84 0 1788978390 651196
3 1124 70 0 1788978390 652187
3 1164 56 0 1788978390 654794
3 1176 59 0 1788978390 655570
3 1192 90 0 1788978390 656701
3 1220 58 0 1788978390 658343
3 1227 53 0 1788978390 658734
3 1235 44 0 1788978390 659166
3 1239 63 0 1788978390 659383
3 1252 46 0 1788978390 660074
3 1291 54 0 1788978390 662150
3 1293 57 0 1788978390 662265
3 1342 57 0 1788978390 665592
3 1388 0 0 1788978390 668993
3 1437 76 0 1788978390 672458
3 1458 0 0 1788978390 673919
3 1502 69 0 1788978390 677088
3 1515 72 0 1788978390 678019
3 1579 65 0 1788978390 682306
3 1601 61 0 1788978390 683770
3 1648 52 0 1788978390 687001
3 1650 66 0 1788978390 687121
3 1664 60 0 1788978390 688079
3 1686 66 0 1788978390 689393
3 1719 0 0 1788978390 692757
3 1743 69 0 1788978390 695116
3 1786 60 0 1788978390 698374
3 1800 50 0 1788978390 699386
3 1847 79 0 1788978390 703165
3 1855 70 0 1788978390 703804
3 1863 72 0 1788978390 704364
3 1866 69 0 1788978390 704588
3 1895 78 0 1788978390 706877
3 1901 90 0 1788978390 707331
3 1911 102 0 1788978390 708239
3 1923 64 0 1788978390 709261
3 1970 81 0 1788978390 712988
3 1986 65 0 1788978390 714228
3 1988 69 0 1788978390 714378
3 1992 77 0 1788978390 714663
3 2033 65 0 1788978390 717462
3 2067 81 0 1788978390 720531
3 2073 75 0 1788978390 721047
3 2121 93 0 1788978390 725098
3 2136 79 0 1788978390 726293
3 2164 93 0 1788978390 728648
3 2169 61 0 1788978390 729011
3 2192 99 0 1788978390 731003
3 2198 133 0 1788978390 731651
3 2199 115 0 1788978390 731771
3 2200 95 0 1788978390 731872
3 2235 67 0 1788978390 734719
3 2251 79 0 1788978390 735821
3 2277 56 0 1788978390 737875
3 2338 77 0 1788978390 743333
3 2359 67 0 1788978390 744869
3 2403 56 0 1788978390 748089
3 2458 59 0 1788978390 751685
3 2466 45 0 1788978390 752209
3 2488 61 0 1788978390 753714
3 2509 67 0 1788978390 755350
3 2535 97 0 1788978390 757939
3 2542 89 0 1788978390 758600
3 2550 67 0 1788978390 759246
3 2561 70 0 1788978390 760132
3 2566 68 0 1788978390 760478
3 2568 96 0 1788978390 760642
3 2575 61 0 1788978390 761150
3 2600 81 0 1788978390 763321
3 2678 69 0 1788978390 768819
3 2728 54 0 1788978390 772150
3 2740 53 0 1788978390 772884
3 2765 73 0 1788978390 774435
3 2809 60 0 1788978390 777242
3 2813 53 0 1788978390 777471
3 2831 73 0 1788978390 778761
3 2858 79 0 1788978390 780667
3 2860 48 0 1788978390 780784
3 2875 71 0 1788978390 781676
3 2878 66 0 1788978390 781909
3 2926 73 0 1788978390 785159
3 2933 89 0 1788978390 785680
3 2948 92 0 1788978390 786646
3 2951 60 0 1788978390 786838
3 2954 65 0 1788978390 787070
3 2981 63 0 1788978390 788589
3 2987 61 0 1788978390 788984
3 3006 86 0 1788978390 790274
3 3014 58 0 1788978390 790870
3 3036 57 0 1788978390 792125
3 3064 55 0 1788978390 793880
3 3065 63 0 1788978390 793946
3 3077 63 0 1788978390 794685
3 3100 0 0 1788978390 796310
3 3140 63 0 1788978390 798897
3 3142 90 0 1788978390 799056
3 3160 64 0 1788978390 800322
3 3176 61 0 1788978390 801383
3 3264 68 0 1788978390 807635
3 3269 54 0 1788978390 807970
3 3270 53 0 1788978390 808026
3 3299 56 0 1788978390 810113
3 3308 54 0 1788978390 810645
3 3310 64 0 1788978390 810764
3 3313 57 0 1788978390 810957
3 3350 60 0 1788978390 813494
3 3379 47 0 1788978390 815212
3 3392 75 0 1788978390 816080
3 3420 48 0 1788978390 817596
3 3439 66 0 1788978390 818957
3 3445 65 0 1788978390 819403
3 3458 66 0 1788978390 820245
3 3462 71 0 1788978390 820520
3 3482 73 0 1788978390 822063
3 3507 57 0 1788978390 823870
3 3524 55 0 1788978390 824894
3 3533 56 0 1788978390 825493
3 3560 52 0 1788978390 827204
3 3575 61 0 1788978390 828127
3 3591 65 0 1788978390 829148
3 3621 54 0 1788978390 831178
3 3623 49 0 1788978390 831286
3 3631 51 0 1788978390 831761
3 3641 53 0 1788978390 832364
3 3660 69 0 1788978390 833520
3 3668 55 0 1788978390 834022
3 3673 56 0 1788978390 834332
3 3699 46 0 1788978390 835913
3 3732 71 0 1788978390 838253
3 3733 91 0 1788978390 838349
3 3743 84 0 1788978390 839106
3 3766 71 0 1788978390 840422
3 3769 50 0 1788978390 840597
3 3778 48 0 1788978390 841083
3 3823 51 0 1788978390 843947
3 3861 53 0 1788978390 846134
3 3879 47 0 1788978390 847207
3 3909 62 0 1788978390 848910
3 3916 67 0 1788978390 849362
3 3918 66 0 1788978390 849506
3 3958 70 0 1788978390 851904
3 3987 49 0 1788978390 853913
3 4027 64 0 1788978390 856491
3 4065 82 0 1788978390 859728
3 4067 58 0 1788978390 859846
3 4072 76 0 1788978390 860236
3 4117 80 0 1788978390 863534
3 4123 78 0 1788978390 863990
3 4132 116 0 1788978390 864786
3 4135 81 0 1788978390 865045
3 4136 76 0 1788978390 865124
3 4144 96 0 1788978390 865683
3 4194 78 0 1788978390 869254
3 4232 71 0 1788978390 872041
3 4235 64 0 1788978390 872266
3 4244 77 0 1788978390 872955
3 4265 80 0 1788978390 874846
3 4270 68 0 1788978390 875216
3 4273 61 0 1788978390 875397
3 4281 86 0 1788978390 876341
3 4283 787 0 1788978390 877190
3 4286 81 0 1788978390 877443
3 4380 65 0 1788978390 883794
3 4391 54 0 1788978390 884534
3 4404 85 0 1788978390 885341
3 4412 57 0 1788978390 885789
3 4419 47 0 1788978390 886158
3 4462 56 0 1788978390 888827
3 4463 47 0 1788978390 888877
3 4489 47 0 1788978390 890155
3 4494 47 0 1788978390 890395
3 4505 62 0 1788978390 891028
3 4515 76 0 1788978390 891657
3 4550 57 0 1788978390 893894
3 4564 50 0 1788978390 894777
3 4576 48 0 1788978390 895398
3 4625 47 0 1788978390 898608
3 4681 65 0 1788978390 902393
3 4691 65 0 1788978390 903090
3 4697 65 0 1788978390 903495
3 4738 63 0 1788978390 905926
3 4739 76 0 1788978390 906006
3 4763 65 0 1788978390 907630
3 4766 52 0 1788978390 907800
3 4768 50 0 1788978390 907905
3 4824 63 0 1788978390 911753
3 4835 59 0 1788978390 912462
3 4836 61 0 1788978390 912526
3 4847 49 0 1788978390 913123
3 4858 53 0 1788978390 913729
3 4872 65 0 1788978390 914428
3 4895 59 0 1788978390 916134
3 4896 70 0 1788978390 916208
3 4911 54 0 1788978390 917126
3 4918 62 0 1788978390 917572
3 4931 69 0 1788978390 918501
3 4941 57 0 1788978390 919073
3 4942 72 0 1788978390 919149
3 4977 65 0 1788978390 921009
3 5017 81 0 1788978390 923671
3 5027 62 0 1788978390 924370
3 5046 62 0 1788978390 925525
3 5047 61 0 1788978390 925589
3 5049 50 0 1788978390 925699
3 5065 61 0 1788978390 926607
3 5067 57 0 1788978390 926751
3 5093 67 0 1788978390 928442
3 5136 66 0 1788978390 931403
3 5193 56 0 1788978390 935023
3 5220 60 0 1788978390 936639
3 5236 76 0 1788978390 937773
3 5266 84 0 1788978390 939908
3 5270 102 0 1788978390 940256
3 5275 88 0 1788978390 940742
3 5298 56 0 1788978390 942207
3 5343 63 0 1788978390 945485
3 5377 99 0 1788978390 947741
3 5396 90 0 1788978390 949320
3 5402 88 0 1788978390 949779
3 5429 88 0 1788978390 952158
3 5439 60 0 1788978390 952953
3 5459 91 0 1788978390 954411
3 5463 107 0 1788978390 954809
3 5545 68 0 1788978390 962150
3 5582 54 0 1788978390 964601
3 5593 74 0 1788978390 965380
3 5620 46 0 1788978390 967048
3 5655 61 0 1788978390 968634
3 5689 64 0 1788978390 970785
3 5701 61 0 1788978390 971536
3 5734 76 0 1788978390 973833
3 5752 57 0 1788978390 974975
3 5776 65 0 1788978390 976314
3 5785 70 0 1788978390 977064
3 5790 73 0 1788978390 977433
3 5816 61 0 1788978390 979127
3 5838 55 0 1788978390 980442
3 5858 58 0 1788978390 981684
3 5874 89 0 1788978390 982684
3 5878 82 0 1788978390 982960
3 5901 79 0 1788978390 984937
3 5907 89 0 1788978390 985495
3 5914 97 0 1788978390 986215
3 5947 60 0 1788978390 988573
3 5949 62 0 1788978390 988713
3 5953 57 0 1788978390 988951
3 5965 64 0 1788978390 989741
3 5970 68 0 1788978390 990034
3 5989 61 0 1788978390 991407
3 5993 66 0 1788978390 991749
3 6034 56 0 1788978390 994343
3 6090 60 0 1788978390 998248
3 6109 53 0 1788978390 999454
3 6127 129 0 1788978391 717
3 6211 70 0 1788978391 6882
3 6221 70 0 1788978391 7585
3 6224 68 0 1788978391 7798
3 6241 70 0 1788978391 9142
3 6246 71 0 1788978391 9505
3 6249 81 0 1788978391 9768
3 6270 60 0 1788978391 11321
3 6271 57 0 1788978391 11382
3 6277 63 0 1788978391 11759
3 6280 59 0 1788978391 11939
3 6320 62 0 1788978391 14413
3 6323 91 0 1788978391 14673
3 6333 69 0 1788978391 15395
3 6386 68 0 1788978391 19002
3 6399 66 0 1788978391 19914
3 6426 82 0 1788978391 21774
3 6434 64 0 1788978391 22346
3 6466 49 0 1788978391 24314
3 6473 60 0 1788978391 24731
3 6493 52 0 1788978391 25878
3 6499 51 0 1788978391 26190
3 6526 70 0 1788978391 27830
3 6543 78 0 1788978391 29121
3 6552 73 0 1788978391 29815
3 6579 59 0 1788978391 31941
3 6660 0 0 1788978391 37240
3 6662 80 0 1788978391 37403
3 6681 52 0 1788978391 38624
3 6682 53 0 1788978391 38680
3 6691 69 0 1788978391 39201
3 6716 91 0 1788978391 41967
3 6722 95 0 1788978391 42787
3 6734 85 0 1788978391 43751
3 6739 56 0 1788978391 44077
3 6763 75 0 1788978391 45627
3 6774 57 0 1788978391 46342
3 6787 93 0 1788978391 47213
3 6790 44 0 1788978391 47354
3 6810 60 0 1788978391 48430
3 6811 60 0 1788978391 48493
3 6830 70 0 1788978391 49827
3 6859 46 0 1788978391 51539
3 6867 41 0 1788978391 51959
3 6885 59 0 1788978391 52888
3 6943 37 0 1788978391 55402
3 6944 38 0 1788978391 55443
3 6984 72 0 1788978391 57850
3 7003 48 0 1788978391 59004
3 7004 51 0 1788978391 59059
3 7050 71 0 1788978391 61990
3 7051 0 0 1788978391 62071
3 7064 72 0 1788978391 63044
3 7096 61 0 1788978391 65171
3 7166 67 0 1788978391 69482
3 7176 80 0 1788978391 70124
3 7180 77 0 1788978391 70405
3 7188 64 0 1788978391 70961
3 7343 50 0 1788978391 80725
3 7353 51 0 1788978391 81288
3 7382 61 0 1788978391 83007
3 7449 79 0 1788978391 87377
3 7504 53 0 1788978391 90637
3 7506 61 0 1788978391 90752
3 7518 59 0 1788978391 91450
3 7519 72 0 1788978391 91525
3 7538 61 0 1788978391 92658
3 7565 48 0 1788978391 94111
3 7570 52 0 1788978391 94352
3 7586 54 0 1788978391 95218
3 7599 67 0 1788978391 96086
3 7629 53 0 1788978391 98353
3 7672 0 0 1788978391 101261
3 7675 53 0 1788978391 101433
3 7714 77 0 1788978391 104019
3 7755 77 0 1788978391 107195
3 7759 97 0 1788978391 107539
3 7776 74 0 1788978391 109007
3 7781 79 0 1788978391 109377
3 7791 79 0 1788978391 110227
3 7805 67 0 1788978391 111336
3 7834 79 0 1788978391 113568
3 7846 74 0 1788978391 114622
3 7859 71 0 1788978391 115556
3 7883 0 0 1788978391 117523
3 7917 123 0 1788978391 120160
3 7922 77 0 1788978391 120573
3 7947 82 0 1788978391 122398
3 7957 70 0 1788978391 123112
3 7972 70 0 1788978391 124203
3 7978 69 0 1788978391 124652
3 7983 68 0 1788978391 124989
3 8004 69 0 1788978391 126455
3 8082 71 0 1788978391 132542
3 8106 67 0 1788978391 134444
3 8110 72 0 1788978391 134731
3 8112 115 0 1788978391 134927
3 8130 75 0 1788978391 136060
3 8152 71 0 1788978391 137574
3 8179 55 0 1788978391 139392
3 8217 74 0 1788978391 142219
3 8278 49 0 1788978391 147916
3 8293 68 0 1788978391 148877
3 8321 58 0 1788978391 150802
3 8326 73 0 1788978391 151159
3 8360 82 0 1788978391 153669
3 8413 83 0 1788978391 157482
3 8435 69 0 1788978391 159094
3 8444 70 0 1788978391 159746
3 8449 71 0 1788978391 160222
3 8464 79 0 1788978391 161488
3 8469 76 0 1788978391 161899
3 8472 77 0 1788978391 162134
3 8519 70 0 1788978391 165520
3 8553 65 0 1788978391 168112
3 8571 66 0 1788978391 169370
3 8611 72 0 1788978391 173115
3 8616 72 0 1788978391 173486
3 8628 77 0 1788978391 174410
3 8640 76 0 1788978391 176996
3 8641 77 0 1788978391 177078
3 8647 74 0 1788978391 177527
3 8656 76 0 1788978391 178214
3 8665 73 0 1788978391 178917
3 8697 69 0 1788978391 181308
3 8698 70 0 1788978391 181381
3 8714 96 0 1788978391 182575
3 8725 76 0 1788978391 183418
3 8734 81 0 1788978391 184252
3 8771 69 0 1788978391 187938
3 8790 74 0 1788978391 189307
3 8796 74 0 1788978391 189753
3 8801 73 0 1788978391 190123
3 8862 85 0 1788978391 194631
3 8865 76 0 1788978391 194874
3 8878 72 0 1788978391 195803
3 8893 82 0 1788978391 196911
3 8915 75 0 1788978391 198587
3 8925 71 0 1788978391 199343
3 8956 71 0 1788978391 201829
3 8969 70 0 1788978391 202766
3 8989 69 0 1788978391 204256
3 9048 70 0 1788978391 208611
3 9052 73 0 1788978391 208919
3 9056 99 0 1788978391 209244
3 9101 79 0 1788978391 212652
3 9107 88 0 1788978391 213273
3 9142 75 0 1788978391 215826
3 9153 83 0 1788978391 216667
3 9177 70 0 1788978391 218453
3 9210 72 0 1788978391 220876
3 9211 72 0 1788978391 220951
3 9224 68 0 1788978391 221870
3 9263 72 0 1788978391 224639
3 9277 72 0 1788978391 225624
3 9280 70 0 1788978391 225843
3 9305 66 0 1788978391 227571
3 9315 75 0 1788978391 228303
3 9320 83 0 1788978391 228713
3 9389 72 0 1788978391 233786
3 9392 67 0 1788978391 233998
3 9404 68 0 1788978391 234832
3 9409 66 0 1788978391 235169
3 9418 85 0 1788978391 235814
3 9448 50 0 1788978391 237499
3 9455 68 0 1788978391 237975
3 9467 92 0 1788978391 238821
3 9486 49 0 1788978391 240006
3 9515 82 0 1788978391 241727
3 9516 69 0 1788978391 241800
3 9522 63 0 1788978391 242178
3 9533 60 0 1788978391 242995
3 9594 59 0 1788978391 246547
3 9610 43 0 1788978391 247305
3 9613 46 0 1788978391 247449
3 9661 59 0 1788978391 250389
3 9675 50 0 1788978391 251096
3 9708 60 0 1788978391 253078
3 9743 136 0 1788978391 255395
3 9771 79 0 1788978391 257919
3 9772 82 0 1788978391 258006
3 9778 58 0 1788978391 258439
3 9786 72 0 1788978391 259029
3 9790 71 0 1788978391 259341
3 9804 55 0 1788978391 260158
3 9894 71 0 1788978391 265997
3 9917 68 0 1788978391 267586
3 10004 71 0 1788978391 272702
3 10011 59 0 1788978391 273091
3 10061 49 0 1788978391 275564
3 10070 43 0 1788978391 276170
3 10091 43 0 1788978391 277094
3 10095 53 0 1788978391 277294
3 10136 69 0 1788978391 279641
3 10155 44 0 1788978391 280554
3 10193 52 0 1788978391 282950
3 10238 40 0 1788978391 285219
3 10261 57 0 1788978391 286268
3 10299 46 0 1788978391 288401
3 10317 42 0 1788978391 289279
3 10398 65 0 1788978391 293659
3 10410 54 0 1788978391 294372
3 10411 52 0 1788978391 294430
3 10456 44 0 1788978391 296835
3 10459 43 0 1788978391 296969
3 10506 61 0 1788978391 299672
3 10580 48 0 1788978391 303605
3 10606 60 0 1788978391 305027
3 10619 62 0 1788978391 305818
3 10666 53 0 1788978391 308394
3 10698 53 0 1788978391 310226
3 10700 45 0 1788978391 310328
3 10706 47 0 1788978391 310607
3 10737 63 0 1788978391 312355
3 10748 53 0 1788978391 312949
3 10761 53 0 1788978391 313662
3 10788 59 0 1788978391 315128
3 10833 71 0 1788978391 318713
3 10848 83 0 1788978391 319777
3 10866 87 0 1788978391 321133
3 10897 0 0 1788978391 323461
3 10978 56 0 1788978391 328509
3 10984 64 0 1788978391 328885
3 10997 72 0 1788978391 329669
3 11001 64 0 1788978391 329895
3 11009 52 0 1788978391 330422
3 11016 63 0 1788978391 330802
3 11072 52 0 1788978391 334586
3 11094 73 0 1788978391 336414
3 11123 86 0 1788978391 338495
3 11156 50 0 1788978391 340619
3 11162 46 0 1788978391 340914
3 11175 61 0 1788978391 341678
3 11191 69 0 1788978391 342774
3 11228 48 0 1788978391 344747
3 11294 46 0 1788978391 348178
3 11301 53 0 1788978391 348529
3 11307 50 0 1788978391 348852
3 11313 54 0 1788978391 349188
3 11343 60 0 1788978391 351061
3 11398 53 0 1788978391 354390
3 11405 51 0 1788978391 354940
3 11414 46 0 1788978391 355408
3 11427 51 0 1788978391 356019
3 11465 56 0 1788978391 358159
3 11519 61 0 1788978391 361025
3 11532 53 0 1788978391 361885
3 11568 60 0 1788978391 363660
3 11573 53 0 1788978391 363915
3 11582 64 0 1788978391 364415
3 11615 51 0 1788978391 366407
3 11625 40 0 1788978391 366902
3 11726 59 0 1788978391 372251
3 11730 65 0 1788978391 372491
3 11742 60 0 1788978391 373217
3 11783 59 0 1788978391 375238
3 11786 59 0 1788978391 375417
3 11789 83 0 1788978391 375641
3 11790 67 0 1788978391 375711
3 11817 49 0 1788978391 377420
3 11824 46 0 1788978391 377749
3 11883 53 0 1788978391 381577
3 11892 66 0 1788978391 382212
3 11945 48 0 1788978391 385194
3 11970 54 0 1788978391 386536
3 11979 40 0 1788978391 387021
3 11990 71 0 1788978391 387653
3 11992 51 0 1788978391 387760
3 12021 43 0 1788978391 389085
3 12036 55 0 1788978391 389842
3 12063 55 0 1788978391 391654
3 12079 55 0 1788978391 392580
3 12086 168 0 1788978391 393774
3 12139 74 0 1788978391 398835
3 12219 47 0 1788978391 404402
3 12230 77 0 1788978391 405097
3 12250 82 0 1788978391 406785
3 12254 71 0 1788978391 407094
3 12280 67 0 1788978391 409170
3 12289 76 0 1788978391 409869
3 12317 69 0 1788978391 411993
3 12350 95 0 1788978391 415367
3 12361 84 0 1788978391 416328
3 12391 66 0 1788978391 418437
3 12394 76 0 1788978391 418653
3 12418 61 0 1788978391 420296
3 12419 82 0 1788978391 420382
3 12497 53 0 1788978391 425902
3 12541 101 0 1788978391 429740
3 12560 53 0 1788978391 431227
3 12580 62 0 1788978391 432599
3 12585 64 0 1788978391 432957
3 12586 60 0 1788978391 433020
3 12601 65 0 1788978391 433965
3 12609 65 0 1788978391 434451
3 12614 60 0 1788978391 434792
3 12628 51 0 1788978391 435610
3 12635 51 0 1788978391 436000
3 12765 62 0 1788978391 445202
3 12772 81 0 1788978391 445664
3 12804 60 0 1788978391 447988
3 12807 64 0 1788978391 448183
3 12809 68 0 1788978391 448320
3 12813 52 0 1788978391 448543
3 12817 97 0 1788978391 448858
3 12819 98 0 1788978391 449078
3 12866 54 0 1788978391 452599
3 12884 80 0 1788978391 453668
3 12921 54 0 1788978391 455693
3 12924 61 0 1788978391 455852
3 12946 63 0 1788978391 457530
3 12974 83 0 1788978391 459235
3 12977 76 0 1788978391 459495
3 12984 49 0 1788978391 460002
3 12995 53 0 1788978391 460556
3 13013 98 0 1788978391 462290
3 13017 71 0 1788978391 462600
3 13054 110 0 1788978391 465742
3 13056 78 0 1788978391 465915
3 13059 81 0 1788978391 466206
3 13075 79 0 1788978391 467400
3 13088 64 0 1788978391 468324
3 13112 65 0 1788978391 470165
3 13129 71 0 1788978391 471316
3 13148 132 0 1788978391 472703
3 13184 61 0 1788978391 474908
3 13204 54 0 1788978391 476143
3 13212 69 0 1788978391 476617
3 13216 62 0 1788978391 476868
3 13269 65 0 1788978391 480100
3 13275 68 0 1788978391 480540
3 13305 70 0 1788978391 482403
3 13309 65 0 1788978391 482655
3 13330 61 0 1788978391 484024
3 13344 71 0 1788978391 485020
3 13360 97 0 1788978391 486196
3 13363 64 0 1788978391 486381
3 13382 73 0 1788978391 487600
3 13454 84 0 1788978391 492512
3 13466 65 0 1788978391 493407
3 13547 54 0 1788978391 498291
3 13554 58 0 1788978391 498710
3 13608 68 0 1788978391 502139
3 13609 65 0 1788978391 502208
3 13628 75 0 1788978391 503405
3 13655 72 0 1788978391 505859
3 13677 71 0 1788978391 507409
3 13694 66 0 1788978391 508702
3 13779 53 0 1788978391 515326
3 13793 66 0 1788978391 516505
3 13806 57 0 1788978391 517296
3 13814 54 0 1788978391 517869
3 13836 72 0 1788978391 519937
3 13849 56 0 1788978391 521068
3 13850 56 0 1788978391 521127
3 13851 68 0 1788978391 521198
3 13861 46 0 1788978391 521706
3 13863 51 0 1788978391 521810
3 13877 46 0 1788978391 522521
3 13889 60 0 1788978391 523185
3 13935 58 0 1788978391 525646
3 13946 60 0 1788978391 526248
3 13975 57 0 1788978391 527852
3 14027 52 0 1788978391 530532
3 14032 52 0 1788978391 530820
3 14066 46 0 1788978391 532766
3 14067 48 0 1788978391 532816
3 14122 58 0 1788978391 535900
3 14126 46 0 1788978391 536108
3 14190 52 0 1788978391 539340
3 14218 46 0 1788978391 540625
3 14224 35 0 1788978391 540879
3 14241 61 0 1788978391 541855
3 14247 83 0 1788978391 542310
3 14284 47 0 1788978391 544417
3 14290 67 0 1788978391 544756
3 14310 60 0 1788978391 546049
3 14323 49 0 1788978391 546851
3 14340 55 0 1788978391 547640
3 14375 55 0 1788978391 549430
3 14386 44 0 1788978391 550027
3 14417 49 0 1788978391 551522
3 14430 62 0 1788978391 552380
3 14445 60 0 1788978391 553330
3 14446 63 0 1788978391 553396
3 14451 61 0 1788978391 553728
3 14456 55 0 1788978391 554018
3 14463 57 0 1788978391 554353
3 14484 40 0 1788978391 555306
3 14486 40 0 1788978391 555389
3 14509 67 0 1788978391 556647
3 14519 60 0 1788978391 557203
3 14531 60 0 1788978391 557920
3 14551 40 0 1788978391 558811
3 14574 79 0 1788978391 560048
3 14579 61 0 1788978391 560365
3 14589 66 0 1788978391 561051
3 14602 42 0 1788978391 561796
3 14609 46 0 1788978391 562146
3 14614 46 0 1788978391 562376
3 14623 43 0 1788978391 562784
3 14628 51 0 1788978391 563018
3 14647 57 0 1788978391 564122
3 14648 54 0 1788978391 564179
3 14656 73 0 1788978391 564641
3 14675 59 0 1788978391 565650
3 14686 41 0 1788978391 566141
3 14688 42 0 1788978391 566226
3 14693 41 0 1788978391 566435
3 14696 39 0 1788978391 566559
3 14705 53 0 1788978391 567017
3 14771 54 0 1788978391 570409
3 14786 59 0 1788978391 571338
3 14790 52 0 1788978391 571565
3 14796 85 0 1788978391 571929
3 14799 61 0 1788978391 572120
3 14807 51 0 1788978391 572617
3 14825 45 0 1788978391 573446
3 14900 42 0 1788978391 577298
3 14926 58 0 1788978391 579036
3 14927 54 0 1788978391 579094
3 14937 62 0 1788978391 579801
3 14968 65 0 1788978391 581377
3 14984 54 0 1788978391 582325
3 15034 57 0 1788978391 585129
3 15036 58 0 1788978391 585244
3 15051 52 0 1788978391 586105
3 15093 40 0 1788978391 588023
3 15097 52 0 1788978391 588223
3 15145 39 0 1788978391 590780
3 15151 39 0 1788978391 591018
3 15214 46 0 1788978391 594875
3 15257 51 0 1788978391 596976
3 15259 50 0 1788978391 597081
3 15265 60 0 1788978391 597405
3 15274 50 0 1788978391 597886
3 15307 48 0 1788978391 599422
3 15312 51 0 1788978391 599644
3 15339 50 0 1788978391 601280
3 15382 45 0 1788978391 603373
3 15400 60 0 1788978391 604483
3 15423 46 0 1788978391 605729
3 15427 50 0 1788978391 605919
3 15462 55 0 1788978391 607554
3 15472 55 0 1788978391 608123
3 15498 49 0 1788978391 609446
3 15499 62 0 1788978391 609509
3 15545 72 0 1788978391 612239
3 15587 72 0 1788978391 614935
3 15628 55 0 1788978391 617773
3 15630 47 0 1788978391 617880
3 15634 39 0 1788978391 618060
3 15636 46 0 1788978391 618152
3 15638 46 0 1788978391 618247
3 15640 46 0 1788978391 618347
3 15664 50 0 1788978391 619592
3 15705 52 0 1788978391 621754
3 15706 55 0 1788978391 621813
3 15728 48 0 1788978391 622882
3 15753 53 0 1788978391 624346
3 15763 65 0 1788978391 624932
3 15780 59 0 1788978391 626149
3 15827 61 0 1788978391 629455
3 15837 46 0 1788978391 629934
3 15847 44 0 1788978391 630401
3 15858 57 0 1788978391 630997
3 15864 54 0 1788978391 631368
3 15874 60 0 1788978391 632187
3 15937 50 0 1788978391 636262
3 15978 74 0 1788978391 639074
3 16032 70 0 1788978391 643086
3 16054 50 0 1788978391 644567
3 16060 50 0 1788978391 644911
3 16063 51 0 1788978391 645067
3 16094 0 0 1788978391 648124
3 16105 52 0 1788978391 648993
3 16131 54 0 1788978391 650691
3 16143 68 0 1788978391 651448
3 16194 64 0 1788978391 654267
3 16238 43 0 1788978391 656843
3 16242 41 0 1788978391 657002
3 16273 61 0 1788978391 658464
3 16291 69 0 1788978391 659592
3 16293 50 0 1788978391 659704
3 16297 56 0 1788978391 659910
3 16303 54 0 1788978391 660233
3 16320 56 0 1788978391 661233
3 16364 58 0 1788978391 663887
3 16386 45 0 1788978391 665064
3 16436 53 0 1788978391 667752
3 16441 53 0 1788978391 668109
3 16445 41 0 1788978391 668281
3 16483 57 0 1788978391 670192
3 16557 55 0 1788978391 674434
3 16560 51 0 1788978391 674594
3 16613 56 0 1788978391 677583
3 16631 47 0 1788978391 678732
3 16660 53 0 1788978391 680145
3 16666 53 0 1788978391 680468
3 16668 52 0 1788978391 680575
3 16699 53 0 1788978391 682243
3 16735 53 0 1788978391 684208
3 16755 52 0 1788978391 685289
3 16774 44 0 1788978391 686273
3 16815 123 0 1788978391 688781
3 16839 51 0 1788978391 690434
3 16849 50 0 1788978391 690970
3 16872 58 0 1788978391 692374
3 16883 64 0 1788978391 693041
3 16899 46 0 1788978391 693965
3 16912 50 0 1788978391 694555
3 16925 107 0 1788978391 695355
3 16926 67 0 1788978391 695425
3 16942 51 0 1788978391 696400
3 16970 44 0 1788978391 697773
3 16974 45 0 1788978391 697955
3 16985 43 0 1788978391 698444
3 16986 43 0 1788978391 698488
3 16999 60 0 1788978391 699278
3 17011 93 0 1788978391 700057
3 17016 65 0 1788978391 700371
3 17018 61 0 1788978391 700494
3 17097 69 0 1788978391 705415
3 17119 67 0 1788978391 706898
3 17123 59 0 1788978391 707156
3 17151 48 0 1788978391 708621
3 17156 40 0 1788978391 708853
3 17174 66 0 1788978391 710093
3 17186 55 0 1788978391 710855
3 17191 48 0 1788978391 711127
3 17200 43 0 1788978391 711584
3 17211 64 0 1788978391 712257
3 17259 45 0 1788978391 715395
3 17269 59 0 1788978391 715949
3 17270 65 0 1788978391 716016
3 17290 57 0 1788978391 717430
3 17300 41 0 1788978391 718019
3 17328 64 0 1788978391 719411
3 17351 50 0 1788978391 720796
3 17366 41 0 1788978391 721504
3 17382 53 0 1788978391 722235
3 17384 49 0 1788978391 722339
3 17392 60 0 1788978391 722765
3 17415 56 0 1788978391 724185
3 17416 50 0 1788978391 724238
3 17442 44 0 1788978391 725536
3 17598 56 0 1788978391 734393
3 17675 117 0 1788978391 738646
3 17698 66 0 1788978391 740513
3 17714 78 0 1788978391 741764
3 17744 67 0 1788978391 744248
3 17785 55 0 1788978391 746452
3 17921 42 0 1788978391 754428
3 17927 42 0 1788978391 754707
3 17945 62 0 1788978391 755747
3 17950 47 0 1788978391 756011
3 17959 62 0 1788978391 756502
3 17968 57 0 1788978391 757038
3 17996 40 0 1788978391 758278
3 17998 37 0 1788978391 758356
3 18037 85 0 1788978391 760690
3 18068 68 0 1788978391 762353
3 18069 51 0 1788978391 762408
3 18095 58 0 1788978391 763736
3 18109 76 0 1788978391 764654
3 18115 56 0 1788978391 764987
3 18118 54 0 1788978391 765153
3 18136 45 0 1788978391 766069
3 18141 47 0 1788978391 766276
3 18148 40 0 1788978391 766577
3 18151 40 0 1788978391 766705
3 18159 50 0 1788978391 767066
3 18186 50 0 1788978391 768779
3 18192 50 0 1788978391 769082
3 18223 57 0 1788978391 770569
3 18269 44 0 1788978391 773425
3 18271 44 0 1788978391 773517
3 18284 60 0 1788978391 774263
3 18380 64 0 1788978391 779735
3 18385 74 0 1788978391 780073
3 18391 43 0 1788978391 780375
3 18426 67 0 1788978391 782017
3 18477 41 0 1788978391 785025
3 18506 63 0 1788978391 786728
3 18539 134 0 1788978391 788571
3 18551 59 0 1788978391 789375
3 18558 59 0 1788978391 789923
3 18566 50 0 1788978391 790417
3 18615 68 0 1788978391 793424
3 18619 69 0 1788978391 793736
3 18678 82 0 1788978391 798528
3 18704 68 0 1788978391 800565
3 18712 75 0 1788978391 801168
3 18723 61 0 1788978391 801878
3 18759 74 0 1788978391 804925
3 18843 75 0 1788978391 811127
3 18845 58 0 1788978391 811267
3 18878 58 0 1788978391 813495
3 18884 63 0 1788978391 813896
3 18887 66 0 1788978391 814089
3 18899 61 0 1788978391 814851
3 18922 54 0 1788978391 816252
3 19042 53 0 1788978391 823071
3 19046 48 0 1788978391 823278
3 19068 43 0 1788978391 824348
3 19081 48 0 1788978391 824947
3 19082 49 0 1788978391 824999
3 19090 40 0 1788978391 825368
3 19093 57 0 1788978391 825518
3 19099 61 0 1788978391 825910
3 19101 63 0 1788978391 826040
3 19129 56 0 1788978391 827717
3 19133 48 0 1788978391 827919
3 19143 46 0 1788978391 828379
3 19152 44 0 1788978391 828770
3 19181 56 0 1788978391 830407
3 19191 54 0 1788978391 830990
3 19209 52 0 1788978391 831969
3 19210 42 0 1788978391 832013
3 19217 50 0 1788978391 832321
3 19227 61 0 1788978391 832838
3 19245 62 0 1788978391 834059
3 19260 52 0 1788978391 834902
3 19261 51 0 1788978391 834956
3 19276 52 0 1788978391 835660
3 19304 54 0 1788978391 837062
3 19313 59 0 1788978391 837604
3 19315 70 0 1788978391 837774
3 19370 112 0 1788978391 841712
3 19412 58 0 1788978391 844150
3 19446 42 0 1788978391 845933
3 19448 45 0 1788978391 846023
3 19458 43 0 1788978391 846446
3 19467 52 0 1788978391 846937
3 19476 55 0 1788978391 847459
3 19538 52 0 1788978391 850789
3 19540 69 0 1788978391 850938
3 19549 90 0 1788978391 851596
3 19601 62 0 1788978391 854552
3 19608 57 0 1788978391 855036
3 19628 48 0 1788978391 856123
3 19651 43 0 1788978391 857167
3 19661 59 0 1788978391 857851
3 19697 0 0 1788978391 860277
3 19723 69 0 1788978391 862152
3 19735 54 0 1788978391 863026
3 19806 90 0 1788978391 868770
3 19809 68 0 1788978391 869003
3 19847 65 0 1788978391 872000
3 19889 68 0 1788978391 875391
3 19900 57 0 1788978391 876161
3 19911 54 0 1788978391 876892
3 19915 46 0 1788978391 877093
3 19944 54 0 1788978391 878592
3 19968 58 0 1788978391 879925
3 20004 53 0 1788978391 881933
3 20048 47 0 1788978391 884314
3 20074 65 0 1788978391 885642
3 20075 62 0 1788978391 885707
3 20076 60 0 1788978391 885770
3 20092 48 0 1788978391 886584
3 20094 53 0 1788978391 886704
3 20113 67 0 1788978391 887718
3 20158 54 0 1788978391 890112
3 20162 51 0 1788978391 890322
3 20165 48 0 1788978391 890473
3 20186 110 0 1788978391 891516
3 20211 54 0 1788978391 892891
3 20240 918 0 1788978391 895257
3 20245 43 0 1788978391 895515
3 20247 44 0 1788978391 895604
3 20249 46 0 1788978391 895700
3 20313 42 0 1788978391 898861
3 20318 40 0 1788978391 899076
3 20333 50 0 1788978391 899862
3 20340 50 0 1788978391 900243
3 20347 71 0 1788978391 900688
3 20366 51 0 1788978391 901765
3 20407 57 0 1788978391 903906
3 20412 65 0 1788978391 904204
3 20449 38 0 1788978391 906000
3 20588 50 0 1788978391 913657
3 20618 54 0 1788978391 915460
3 20661 81 0 1788978391 917638
3 20665 60 0 1788978391 917883
3 20666 66 0 1788978391 917952
3 20669 81 0 1788978391 918170
3 20678 63 0 1788978391 918804
3 20704 45 0 1788978391 920392
3 20709 66 0 1788978391 920772
3 20710 58 0 1788978391 920834
3 20711 59 0 1788978391 920895
3 20740 45 0 1788978391 922922
3 20817 57 0 1788978391 926890
3 20826 53 0 1788978391 927418
3 20830 60 0 1788978391 927635
3 20837 72 0 1788978391 928120
3 20842 54 0 1788978391 928393
3 20875 41 0 1788978391 929952
3 20922 41 0 1788978391 932432
3 20940 41 0 1788978391 933217
3 20941 39 0 1788978391 933258
3 20970 56 0 1788978391 934915
3 20978 57 0 1788978391 935388
3 20981 62 0 1788978391 935570
3 21013 37 0 1788978391 937023
3 21087 44 0 1788978391 940930
3 21091 45 0 1788978391 941112
3 21095 76 0 1788978391 941350
3 21110 55 0 1788978391 942404
3 21150 41 0 1788978391 944461
3 21165 48 0 1788978391 945179
3 21204 53 0 1788978391 947259
3 21261 63 0 1788978391 950310
3 21266 55 0 1788978391 950608
3 21284 44 0 1788978391 951499
3 21292 48 0 1788978391 951878
3 21295 42 0 1788978391 952004
3 21304 66 0 1788978391 952426
3 21308 86 0 1788978391 952771
3 21316 49 0 1788978391 953232
3 21322 49 0 1788978391 953563
3 21326 65 0 1788978391 953840
3 21343 42 0 1788978391 954839
3 21366 37 0 1788978391 955818
3 21380 74 0 1788978391 956645
3 21405 50 0 1788978391 958117
3 21411 41 0 1788978391 958394
3 21425 40 0 1788978391 958963
3 21470 43 0 1788978391 961766
3 21493 44 0 1788978391 962749
3 21514 53 0 1788978391 963896
3 21528 78 0 1788978391 964663
3 21538 62 0 1788978391 965321
3 21555 68 0 1788978391 966232
3 21588 64 0 1788978391 968529
3 21596 64 0 1788978391 969050
3 21600 62 0 1788978391 969309
3 21663 61 0 1788978391 972987
3 21664 68 0 1788978391 973058
3 21691 90 0 1788978391 974675
3 21693 65 0 1788978391 974818
3 21713 87 0 1788978391 975933
3 21767 53 0 1788978391 978802
3 21778 48 0 1788978391 979335
3 21806 59 0 1788978391 980754
3 21834 49 0 1788978391 982254
3 21869 56 0 1788978391 984268
3 21876 66 0 1788978391 984667
3 21880 61 0 1788978391 984940
3 21893 57 0 1788978391 985636
3 21918 46 0 1788978391 986878
3 21926 45 0 1788978391 987267
3 21950 50 0 1788978391 988567
3 21969 48 0 1788978391 989598
3 21998 51 0 1788978391 991048
3 22002 51 0 1788978391 991254
3 22007 48 0 1788978391 991534
3 22012 50 0 1788978391 991838
3 22015 58 0 1788978391 992020
3 22026 70 0 1788978391 992706
3 22067 56 0 1788978391 995254
3 22078 56 0 1788978391 995930
3 22080 54 0 1788978391 996043
3 22086 47 0 1788978391 996349
3 22100 47 0 1788978391 997009
3 22107 46 0 1788978391 997343
3 22118 60 0 1788978391 998013
3 22148 49 0 1788978391 999669
3 22159 51 0 1788978392 276
3 22166 57 0 1788978392 641
3 22170 44 0 1788978392 831
3 22175 54 0 1788978392 1064
3 22234 49 0 1788978392 4299
3 22239 52 0 1788978392 4582
3 22254 48 0 1788978392 5382
3 22259 60 0 1788978392 5647
3 22351 60 0 1788978392 12029
3 22378 61 0 1788978392 13498
3 22380 48 0 1788978392 13603
3 22386 78 0 1788978392 13947
3 22401 55 0 1788978392 14778
3 22402 52 0 1788978392 14833
3 22415 56 0 1788978392 15511
3 22416 54 0 1788978392 15567
3 22422 45 0 1788978392 15912
3 22434 45 0 1788978392 16498
3 22454 53 0 1788978392 17488
3 22491 63 0 1788978392 19346
3 22528 46 0 1788978392 21313
3 22560 50 0 1788978392 23002
3 22569 52 0 1788978392 23547
3 22587 57 0 1788978392 24557
3 22712 49 0 1788978392 30829
3 22729 62 0 1788978392 31852
3 22735 48 0 1788978392 32152
3 22737 54 0 1788978392 32257
3 22761 48 0 1788978392 33493
3 22774 45 0 1788978392 34131
3 22793 49 0 1788978392 35093
3 22817 51 0 1788978392 36268
3 22825 62 0 1788978392 36673
3 22832 54 0 1788978392 37048
3 22848 56 0 1788978392 38011
3 22864 49 0 1788978392 38795
3 22879 51 0 1788978392 39578
3 22903 52 0 1788978392 40792
3 22909 77 0 1788978392 41145
3 22970 44 0 1788978392 44467
3 22985 46 0 1788978392 45183
3 23017 58 0 1788978392 46973
3 23037 37 0 1788978392 48038
3 23156 49 0 1788978392 54449
3 23180 50 0 1788978392 55802
3 23183 48 0 1788978392 55950
3 23200 51 0 1788978392 56735
3 23211 54 0 1788978392 57313
3 23228 51 0 1788978392 58349
3 23231 51 0 1788978392 58516
3 23257 50 0 1788978392 59845
3 23258 49 0 1788978392 59897
3 23302 55 0 1788978392 62468
3 23343 84 0 1788978392 64654
3 23349 63 0 1788978392 65006
3 23387 53 0 1788978392 67106
3 23397 54 0 1788978392 67740
3 23400 63 0 1788978392 67936
3 23404 96 0 1788978392 68201
3 23408 72 0 1788978392 68511
3 23423 45 0 1788978392 69537
3 23432 43 0 1788978392 69980
3 23498 39 0 1788978392 73423
3 23515 41 0 1788978392 74121
3 23553 51 0 1788978392 76238
3 23557 52 0 1788978392 76444
3 23559 51 0 1788978392 76549
3 23615 62 0 1788978392 79413
3 23646 42 0 1788978392 81126
3 23683 71 0 1788978392 82996
3 23725 58 0 1788978392 85460
3 23729 69 0 1788978392 85740
3 23736 63 0 1788978392 86200
3 23741 64 0 1788978392 86546
3 23751 44 0 1788978392 87147
3 23762 52 0 1788978392 87632
3 23798 70 0 1788978392 89739
3 23822 45 0 1788978392 91233
3 23824 42 0 1788978392 91329
3 23826 41 0 1788978392 91414
3 23835 69 0 1788978392 91940
3 23842 78 0 1788978392 92457
3 23869 108 0 1788978392 95123
3 23870 0 0 1788978392 95204
3 23894 111 0 1788978392 97785
3 23908 71 0 1788978392 99315
3 23929 78 0 1788978392 101480
3 23963 0 0 1788978392 104210
3 23983 161 0 1788978392 108888
3 23985 99 0 1788978392 109074
3 23986 68 0 1788978392 109146
3 23996 62 0 1788978392 109831
3 24004 67 0 1788978392 110422
3 24009 73 0 1788978392 110908
3 24066 110 0 1788978392 115001
3 24072 0 0 1788978392 115417
3 24083 67 0 1788978392 116204
3 24095 67 0 1788978392 116998
3 24158 71 0 1788978392 121006
3 24185 86 0 1788978392 123138
3 24196 59 0 1788978392 123937
3 24204 47 0 1788978392 124397
3 24250 75 0 1788978392 128781
3 24283 59 0 1788978392 131090
3 24323 72 0 1788978392 134101
3 24327 62 0 1788978392 134352
3 24337 57 0 1788978392 134944
3 24348 57 0 1788978392 135592
3 24381 48 0 1788978392 137762
3 24384 44 0 1788978392 137907
3 24413 90 0 1788978392 139960
3 24435 57 0 1788978392 142429
3 24438 80 0 1788978392 142759
3 24469 53 0 1788978392 144839
3 24472 57 0 1788978392 145006
3 24474 60 0 1788978392 145126
3 24488 75 0 1788978392 146100
3 24502 76 0 1788978392 147025
3 24515 74 0 1788978392 147873
3 24572 53 0 1788978392 151056
3 24589 59 0 1788978392 152098
3 24604 50 0 1788978392 153033
3 24625 46 0 1788978392 154068
3 24693 47 0 1788978392 157717
3 24726 82 0 1788978392 159907
3 24773 51 0 1788978392 162340
3 24786 55 0 1788978392 163094
3 24829 57 0 1788978392 165319
3 24860 52 0 1788978392 167049
3 24873 48 0 1788978392 167715
3 24898 67 0 1788978392 169005
3 24908 95 0 1788978392 169640
3 24938 51 0 1788978392 171594
3 24968 61 0 1788978392 173450
3 24977 47 0 1788978392 173932
3 24981 54 0 1788978392 174131
3 24985 0 0 1788978392 174437
3 25002 43 0 1788978392 175265
3 25023 57 0 1788978392 176349
3 25032 59 0 1788978392 176935
3 25040 44 0 1788978392 177330
3 25042 45 0 1788978392 177422
3 25059 49 0 1788978392 178264
3 25072 51 0 1788978392 178945
3 25088 54 0 1788978392 179762
3 25101 45 0 1788978392 180373
3 25113 50 0 1788978392 180949
3 25131 50 0 1788978392 181923
3 25132 51 0 1788978392 181975
3 25154 48 0 1788978392 183089
3 25158 51 0 1788978392 183321
3 25159 56 0 1788978392 183381
3 25175 44 0 1788978392 184211
3 25202 61 0 1788978392 185654
3 25212 48 0 1788978392 186160
3 25226 71 0 1788978392 186930
3 25228 61 0 1788978392 187051
3 25285 50 0 1788978392 190576
3 25310 57 0 1788978392 192013
3 25330 46 0 1788978392 193011
3 25332 47 0 1788978392 193107
3 25336 47 0 1788978392 193296
3 25340 55 0 1788978392 193513
3 25347 52 0 1788978392 193841
3 25372 52 0 1788978392 194898
3 25401 49 0 1788978392 196532
3 25414 36 0 1788978392 197195
3 25435 39 0 1788978392 198044
3 25505 44 0 1788978392 201561
3 25573 56 0 1788978392 205872
3 25574 56 0 1788978392 205931
3 25616 45 0 1788978392 208081
3 25639 72 0 1788978392 209347
3 25657 60 0 1788978392 210387
3 25694 42 0 1788978392 212129
3 25702 53 0 1788978392 212525
3 25710 63 0 1788978392 213039
3 25741 39 0 1788978392 214818
3 25746 45 0 1788978392 215036
3 25782 48 0 1788978392 216926
3 25793 53 0 1788978392 217474
3 25797 62 0 1788978392 217682
3 25803 58 0 1788978392 218008
3 25835 43 0 1788978392 219423
3 25868 60 0 1788978392 221356
3 25879 40 0 1788978392 222016
3 25891 41 0 1788978392 222502
3 25894 42 0 1788978392 222623
3 25904 37 0 1788978392 223069
3 25908 40 0 1788978392 223225
3 25915 78 0 1788978392 223666
3 25918 103 0 1788978392 223939
3 25934 54 0 1788978392 224907
3 25939 62 0 1788978392 225180
3 25940 64 0 1788978392 225246
3 25957 53 0 1788978392 226077
3 25961 38 0 1788978392 226228
3 26023 40 0 1788978392 229579
3 26074 48 0 1788978392 232718
3 26077 51 0 1788978392 232862
3 26095 64 0 1788978392 233845
3 26116 63 0 1788978392 235313
3 26117 67 0 1788978392 235385
3 26148 59 0 1788978392 237083
3 26178 57 0 1788978392 238759
3 26182 51 0 1788978392 238989
3 26186 50 0 1788978392 239191
3 26199 60 0 1788978392 239798
3 26207 40 0 1788978392 240249
3 26218 61 0 1788978392 240726
3 26267 45 0 1788978392 243788
3 26304 53 0 1788978392 245892
3 26320 44 0 1788978392 246733
3 26331 41 0 1788978392 247186
3 26394 62 0 1788978392 250600
3 26422 99 0 1788978392 252280
3 26433 69 0 1788978392 253214
3 26449 66 0 1788978392 254271
3 26465 59 0 1788978392 255249
3 26471 57 0 1788978392 255592
3 26476 52 0 1788978392 255886
3 26483 64 0 1788978392 256294
3 26500 39 0 1788978392 257063
3 26507 40 0 1788978392 257333
3 26535 59 0 1788978392 258957
3 26550 80 0 1788978392 260055
3 26560 52 0 1788978392 260606
3 26572 68 0 1788978392 261379
3 26597 59 0 1788978392 263088
3 26608 82 0 1788978392 263854
3 26613 66 0 1788978392 264173
3 26619 87 0 1788978392 264593
3 26622 0 0 1788978392 264833
3 26640 44 0 1788978392 265918
3 26644 54 0 1788978392 266152
3 26673 55 0 1788978392 267892
3 26674 48 0 1788978392 267943
3 26687 50 0 1788978392 268596
3 26694 50 0 1788978392 268955
3 26705 40 0 1788978392 269461
3 26728 54 0 1788978392 270482
3 26729 52 0 1788978392 270536
3 26735 70 0 1788978392 270901
3 26738 61 0 1788978392 271095
3 26755 52 0 1788978392 272065
3 26776 38 0 1788978392 273057
3 26810 63 0 1788978392 274894
3 26819 54 0 1788978392 275404
3 26852 39 0 1788978392 276978
3 26912 55 0 1788978392 280158
3 26928 59 0 1788978392 280994
3 26966 61 0 1788978392 283295
3 26972 65 0 1788978392 283712
3 27016 58 0 1788978392 285869
3 27019 58 0 1788978392 286045
3 27028 51 0 1788978392 286553
3 27049 72 0 1788978392 287671
3 27050 55 0 1788978392 287727
3 27067 49 0 1788978392 288518
3 27081 63 0 1788978392 289274
3 27086 48 0 1788978392 289592
3 27090 65 0 1788978392 289889
3 27149 58 0 1788978392 293357
3 27176 63 0 1788978392 295092
3 27183 67 0 1788978392 295571
3 27194 59 0 1788978392 296374
3 27196 60 0 1788978392 296492
3 27229 65 0 1788978392 299066
3 27230 71 0 1788978392 299184
3 27258 51 0 1788978392 301377
3 27286 83 0 1788978392 303585
3 27294 45 0 1788978392 304011
3 27296 58 0 1788978392 304128
3 27330 50 0 1788978392 305928
3 27332 50 0 1788978392 306031
3 27376 44 0 1788978392 308343
3 27388 51 0 1788978392 308939
3 27416 65 0 1788978392 310653
3 27424 81 0 1788978392 311173
3 27442 70 0 1788978392 312318
3 27454 119 0 1788978392 313217
3 27507 52 0 1788978392 317047
3 27611 52 0 1788978392 323992
3 27618 55 0 1788978392 324399
3 27641 71 0 1788978392 325873
3 27645 60 0 1788978392 326137
3 27674 78 0 1788978392 327648
3 27687 53 0 1788978392 328516
3 27702 60 0 1788978392 329410
3 27719 64 0 1788978392 330367
3 27726 52 0 1788978392 330787
3 27732 72 0 1788978392 331105
3 27735 68 0 1788978392 331320
3 27741 0 0 1788978392 331751
3 27766 72 0 1788978392 333603
3 27869 88 0 1788978392 340803
3 27888 59 0 1788978392 341875
3 27913 53 0 1788978392 343435
3 27920 52 0 1788978392 343831
3 27973 62 0 1788978392 346295
3 28025 39 0 1788978392 349225
3 28033 59 0 1788978392 349601
3 28038 54 0 1788978392 349891
3 28068 70 0 1788978392 351644
3 28069 55 0 1788978392 351702
3 28108 80 0 1788978392 353485
3 28116 112 0 1788978392 354242
3 28126 84 0 1788978392 355138
3 28135 47 0 1788978392 355597
3 28189 68 0 1788978392 358992
3 28219 56 0 1788978392 361123
3 28234 56 0 1788978392 361952
3 28245 70 0 1788978392 362568
3 28246 87 0 1788978392 362660
3 28249 56 0 1788978392 362860
3 28254 47 0 1788978392 363113
3 28267 61 0 1788978392 363752
3 28299 54 0 1788978392 365434
3 28329 49 0 1788978392 367087
3 28331 50 0 1788978392 367193
3 28348 66 0 1788978392 368016
3 28355 60 0 1788978392 368415
3 28382 61 0 1788978392 369927
3 28386 55 0 1788978392 370150
3 28394 48 0 1788978392 370566
3 28443 61 0 1788978392 373048
3 28454 58 0 1788978392 373637
3 28516 46 0 1788978392 376920
3 28530 79 0 1788978392 377681
3 28610 61 0 1788978392 381793
3 28617 38 0 1788978392 382074
3 28640 36 0 1788978392 382990
3 28644 36 0 1788978392 383139
3 28649 60 0 1788978392 383347
3 28662 64 0 1788978392 384257
3 28666 71 0 1788978392 384523
3 28708 38 0 1788978392 386560
3 28727 50 0 1788978392 387555
3 28763 39 0 1788978392 389584
3 28774 45 0 1788978392 390041
3 28779 37 0 1788978392 390265
3 28784 38 0 1788978392 390457
3 28793 52 0 1788978392 390880
3 28795 53 0 1788978392 390989
3 28798 54 0 1788978392 391157
3 28803 63 0 1788978392 391449
3 28821 55 0 1788978392 392458
3 28845 50 0 1788978392 393656
3 28859 47 0 1788978392 394290
3 28870 59 0 1788978392 394815
3 28898 85 0 1788978392 396577
3 28919 43 0 1788978392 397597
3 29013 77 0 1788978392 403199
3 29015 78 0 1788978392 403359
3 29047 49 0 1788978392 405014
3 29108 43 0 1788978392 408314
3 29124 43 0 1788978392 409033
3 29153 52 0 1788978392 410568
3 29159 48 0 1788978392 410896
3 29167 50 0 1788978392 411305
3 29185 46 0 1788978392 412116
3 29189 45 0 1788978392 412291
3 29208 52 0 1788978392 413327
3 29225 52 0 1788978392 414276
3 29234 52 0 1788978392 414736
3 29237 44 0 1788978392 414880
3 29256 58 0 1788978392 415812
3 29270 62 0 1788978392 416459
3 29279 62 0 1788978392 417042
3 29288 92 0 1788978392 417645
3 29320 42 0 1788978392 419407
3 29339 57 0 1788978392 420391
3 29350 60 0 1788978392 420989
3 29374 41 0 1788978392 422492
3 29414 49 0 1788978392 424555
3 29435 47 0 1788978392 425800
3 29441 46 0 1788978392 426074
3 29461 40 0 1788978392 427021
3 29490 51 0 1788978392 428812
3 29506 42 0 1788978392 429592
3 29534 32 0 1788978392 430753
3 29564 63 0 1788978392 432606
3 29565 71 0 1788978392 432681
3 29594 41 0 1788978392 433943
3 29615 65 0 1788978392 434950
3 29691 69 0 1788978392 439323
3 29693 58 0 1788978392 439459
3 29699 53 0 1788978392 439856
3 29702 53 0 1788978392 440031
3 29751 56 0 1788978392 442783
3 29784 93 0 1788978392 444965
3 29798 85 0 1788978392 446111
3 29820 49 0 1788978392 447265
3 29864 47 0 1788978392 449606
3 29872 56 0 1788978392 450100
3 29897 39 0 1788978392 451364
3 29922 55 0 1788978392 452765
3 29963 40 0 1788978392 454919
3 29990 55 0 1788978392 456263
3 30020 45 0 1788978392 458028
3 30026 47 0 1788978392 458362
3 30074 45 0 1788978392 461176
3 30084 50 0 1788978392 461680
3 30130 54 0 1788978392 463980
3 30140 61 0 1788978392 464511
3 30155 73 0 1788978392 465404
3 30205 50 0 1788978392 468040
3 30208 43 0 1788978392 468175
3 30228 70 0 1788978392 469259
3 30236 43 0 1788978392 469737
3 30252 58 0 1788978392 470594
3 30282 48 0 1788978392 472134
3 30301 46 0 1788978392 473097
3 30316 58 0 1788978392 473895
3 30439 57 0 1788978392 480302
3 30487 52 0 1788978392 482870
3 30491 49 0 1788978392 483084
3 30516 51 0 1788978392 484498
3 30534 63 0 1788978392 485542
3 30540 60 0 1788978392 485950
3 30576 42 0 1788978392 488011
3 30599 54 0 1788978392 489118
3 30644 49 0 1788978392 491572
3 30684 58 0 1788978392 493902
3 30707 57 0 1788978392 495463
3 30723 60 0 1788978392 496450
3 30726 74 0 1788978392 496637
3 30728 79 0 1788978392 496781
3 30732 76 0 1788978392 497091
3 30739 63 0 1788978392 497608
3 30803 43 0 1788978392 501308
3 30868 35 0 1788978392 504878
3 30871 39 0 1788978392 504992
3 30872 42 0 1788978392 505035
3 30889 38 0 1788978392 505717
3 30893 65 0 1788978392 505913
3 30901 93 0 1788978392 506386
3 30950 55 0 1788978392 509037
3 30970 61 0 1788978392 510159
3 31043 54 0 1788978392 513797
3 31101 37 0 1788978392 516701
3 31136 54 0 1788978392 518694
3 31137 52 0 1788978392 518749
3 31177 37 0 1788978392 520690
3 31270 37 0 1788978392 526522
3 31292 45 0 1788978392 527935
3 31318 71 0 1788978392 529524
3 31327 55 0 1788978392 530163
3 31351 58 0 1788978392 531906
3 31360 49 0 1788978392 532332
3 31373 53 0 1788978392 533011
3 31389 67 0 1788978392 533928
3 31390 55 0 1788978392 533987
3 31440 56 0 1788978392 536735
3 31445 51 0 1788978392 537004
3 31523 70 0 1788978392 541761
3 31541 55 0 1788978392 542965
3 31561 49 0 1788978392 544280
3 31563 53 0 1788978392 544386
3 31567 54 0 1788978392 544607
3 31617 52 0 1788978392 547065
3 31633 60 0 1788978392 548006
3 31634 60 0 1788978392 548070
3 31637 58 0 1788978392 548248
3 31667 44 0 1788978392 549938
3 31686 66 0 1788978392 550829
3 31736 33 0 1788978392 553378
3 31738 40 0 1788978392 553457
3 31749 46 0 1788978392 553955
3 31757 48 0 1788978392 554332
3 31794 45 0 1788978392 556230
3 31837 52 0 1788978392 558448
3 31858 62 0 1788978392 559746
3 31859 50 0 1788978392 559799
3 31939 66 0 1788978392 564834
3 31960 52 0 1788978392 566148
3 31965 54 0 1788978392 566405
3 31978 59 0 1788978392 567138
3 31986 64 0 1788978392 567608
3 31996 56 0 1788978392 568247
3 32057 60 0 1788978392 571200
3 32067 89 0 1788978392 571976
3 32090 73 0 1788978392 573715
3 32095 55 0 1788978392 574054
3 32114 84 0 1788978392 575495
3 32136 52 0 1788978392 576959
3 32153 45 0 1788978392 577780
3 32174 50 0 1788978392 578750
3 32175 49 0 1788978392 578801
3 32208 52 0 1788978392 580827
3 32257 61 0 1788978392 583279
3 32264 52 0 1788978392 583696
3 32273 67 0 1788978392 584282
3 32361 43 0 1788978392 588974
3 32362 45 0 1788978392 589021
3 32407 62 0 1788978392 591553
3 32414 70 0 1788978392 592056
3 32424 51 0 1788978392 592591
3 32435 56 0 1788978392 593179
3 32445 50 0 1788978392 593808
3 32486 47 0 1788978392 596063
3 32554 43 0 1788978392 599735
3 32593 62 0 1788978392 601660
3 32627 84 0 1788978392 603891
3 32644 59 0 1788978392 604757
3 32646 59 0 1788978392 604884
3 32653 62 0 1788978392 605329
3 32663 57 0 1788978392 605942
3 32715 50 0 1788978392 609090
3 32732 51 0 1788978392 609984
3 32748 53 0 1788978392 610695
3 32841 54 0 1788978392 617392
3 32877 54 0 1788978392 619214
3 32905 56 0 1788978392 620800
3 32935 47 0 1788978392 622343
3 32961 68 0 1788978392 623858
3 32994 49 0 1788978392 625845
3 33051 46 0 1788978392 628801
3 33066 45 0 1788978392 629481
3 33075 51 0 1788978392 629978
3 33102 54 0 1788978392 631450
3 33104 53 0 1788978392 631558
3 33111 58 0 1788978392 631981
3 33153 57 0 1788978392 634306
3 33172 63 0 1788978392 635450
3 33174 62 0 1788978392 635577
3 33180 63 0 1788978392 636017
3 33240 53 0 1788978392 639406
3 33246 42 0 1788978392 639707
3 33279 73 0 1788978392 641551
3 33284 72 0 1788978392 641892
3 33304 42 0 1788978392 643055
3 33306 76 0 1788978392 643245
3 33361 56 0 1788978392 646846
3 33362 52 0 1788978392 646900
3 33448 39 0 1788978392 651933
3 33457 44 0 1788978392 652342
3 33482 49 0 1788978392 653859
3 33512 51 0 1788978392 655593
3 33536 54 0 1788978392 656860
3 33541 95 0 1788978392 657311
3 33551 60 0 1788978392 658075
3 33571 56 0 1788978392 659182
3 33620 59 0 1788978392 662219
3 33622 56 0 1788978392 662340
3 33649 61 0 1788978392 663651
3 33672 98 0 1788978392 664838
3 33716 35 0 1788978392 667153
3 33729 81 0 1788978392 667767
3 33734 71 0 1788978392 668134
3 33735 72 0 1788978392 668209
3 33757 56 0 1788978392 669764
3 33763 54 0 1788978392 670101
3 33769 50 0 1788978392 670423
3 33785 49 0 1788978392 671223
3 33791 44 0 1788978392 671509
3 33802 47 0 1788978392 672030
3 33835 52 0 1788978392 674041
3 33849 41 0 1788978392 674803
3 33860 38 0 1788978392 675261
3 33890 65 0 1788978392 676927
3 33914 51 0 1788978392 678218
3 33922 57 0 1788978392 678637
3 33940 50 0 1788978392 679526
3 33948 65 0 1788978392 679944
3 33973 51 0 1788978392 681433
3 34001 43 0 1788978392 682789
3 34007 43 0 1788978392 683053
3 34016 48 0 1788978392 683440
3 34033 58 0 1788978392 684417
3 34083 41 0 1788978392 686976
3 34089 51 0 1788978392 687243
3 34094 42 0 1788978392 687457
3 34130 55 0 1788978392 689709
3 34135 50 0 1788978392 689993
3 34141 47 0 1788978392 690293
3 34147 47 0 1788978392 690573
3 34162 48 0 1788978392 691422
3 34164 55 0 1788978392 691535
3 34198 50 0 1788978392 693432
3 34277 53 0 1788978392 697730
3 34288 55 0 1788978392 698346
3 34296 55 0 1788978392 698791
3 34316 51 0 1788978392 699855
3 34348 77 0 1788978392 701685
3 34377 43 0 1788978392 703157
3 34436 49 0 1788978392 706416
3 34441 47 0 1788978392 706698
3 34455 45 0 1788978392 707386
3 34477 529 0 1788978392 709032
3 34504 59 0 1788978392 710533
3 34554 57 0 1788978392 713837
3 34568 54 0 1788978392 714583
3 34584 53 0 1788978392 715481
3 34587 72 0 1788978392 715665
3 34605 55 0 1788978392 716746
3 34618 55 0 1788978392 717466
3 34621 68 0 1788978392 717645
3 34628 51 0 1788978392 717996
3 34664 56 0 1788978392 719922
3 34745 73 0 1788978392 724335
3 34749 67 0 1788978392 724598
3 34768 59 0 1788978392 725655
3 34784 65 0 1788978392 726689
3 34791 65 0 1788978392 727147
3 34796 61 0 1788978392 727518
3 34806 65 0 1788978392 728188
3 34815 58 0 1788978392 728658
3 34827 51 0 1788978392 729262
3 34841 57 0 1788978392 730036
3 34886 53 0 1788978392 732639
3 34909 53 0 1788978392 733921
3 34917 50 0 1788978392 734368
3 34927 57 0 1788978392 734915
3 34932 51 0 1788978392 735188
3 34963 54 0 1788978392 736762
3 34967 57 0 1788978392 736979
3 35006 52 0 1788978392 739478
3 35018 56 0 1788978392 740201
3 35031 56 0 1788978392 740996
3 35057 48 0 1788978392 742420
3 35127 60 0 1788978392 746299
3 35148 59 0 1788978392 747356
3 35181 53 0 1788978392 749232
3 35216 59 0 1788978392 750885
3 35223 65 0 1788978392 751323
3 35248 74 0 1788978392 752821
3 35265 54 0 1788978392 753652
3 35277 67 0 1788978392 754252
3 35281 55 0 1788978392 754494
3 35313 58 0 1788978392 756344
3 35320 42 0 1788978392 756698
3 35329 42 0 1788978392 757169
3 35352 77 0 1788978392 758651
3 35358 72 0 1788978392 759079
3 35378 63 0 1788978392 760295
3 35383 62 0 1788978392 760578
3 35431 46 0 1788978392 763499
3 35457 84 0 1788978392 764946
3 35472 54 0 1788978392 765805
3 35473 53 0 1788978392 765860
3 35483 48 0 1788978392 766423
3 35488 72 0 1788978392 766674
3 35493 39 0 1788978392 766892
3 35505 39 0 1788978392 767424
3 35508 41 0 1788978392 767556
3 35517 51 0 1788978392 768071
3 35518 50 0 1788978392 768124
3 35539 49 0 1788978392 769276
3 35549 60 0 1788978392 769913
3 35560 47 0 1788978392 770427
3 35562 46 0 1788978392 770521
3 35563 47 0 1788978392 770569
3 35575 43 0 1788978392 771139
3 35579 48 0 1788978392 771331
3 35604 63 0 1788978392 773283
3 35612 59 0 1788978392 773693
3 35637 77 0 1788978392 775125
3 35657 55 0 1788978392 776198
3 35672 36 0 1788978392 776885
3 35673 36 0 1788978392 776923
3 35688 35 0 1788978392 777467
3 35785 53 0 1788978392 782448
3 35786 61 0 1788978392 782513
3 35791 60 0 1788978392 782865
3 35812 62 0 1788978392 784160
3 35882 61 0 1788978392 787815
3 35916 45 0 1788978392 789537
3 35978 44 0 1788978392 792895
3 35981 43 0 1788978392 793025
3 36027 55 0 1788978392 795937
3 36042 58 0 1788978392 796790
3 36099 63 0 1788978392 800305
3 36106 79 0 1788978392 800887
3 36144 57 0 1788978392 803366
3 36147 59 0 1788978392 803553
3 36176 74 0 1788978392 805624
3 36198 71 0 1788978392 807121
3 36240 99 0 1788978392 809746
3 36246 74 0 1788978392 810220
3 36261 52 0 1788978392 811174
3 36311 93 0 1788978392 814947
3 36316 82 0 1788978392 815412
3 36317 65 0 1788978392 815481
3 36322 67 0 1788978392 815896
3 36326 87 0 1788978392 816266
3 36342 57 0 1788978392 817401
3 36346 109 0 1788978392 817713
3 36359 75 0 1788978392 818740
3 36370 76 0 1788978392 819565
3 36397 62 0 1788978392 821636
3 36411 67 0 1788978392 822532
3 36439 68 0 1788978392 824494
3 36448 103 0 1788978392 825426
3 36454 72 0 1788978392 825884
3 36461 84 0 1788978392 826482
3 36479 59 0 1788978392 827955
3 36485 55 0 1788978392 828324
3 36486 55 0 1788978392 828382
3 36496 66 0 1788978392 829041
3 36514 0 0 1788978392 830190
3 36521 129 0 1788978392 830706
3 36555 60 0 1788978392 833341
3 36580 86 0 1788978392 835687
3 36587 65 0 1788978392 836206
3 36621 61 0 1788978392 838770
3 36631 75 0 1788978392 839491
3 36653 56 0 1788978392 840965
3 36665 82 0 1788978392 841863
3 36673 124 0 1788978392 842685
3 36676 64 0 1788978392 842906
3 36766 47 0 1788978392 847786
3 36768 47 0 1788978392 847884
3 36784 50 0 1788978392 848753
3 36785 51 0 1788978392 848806
3 36791 53 0 1788978392 849110
3 36802 57 0 1788978392 849682
3 36810 71 0 1788978392 850119
3 36816 67 0 1788978392 850474
3 36823 54 0 1788978392 850860
3 36830 51 0 1788978392 851247
3 36843 76 0 1788978392 851941
3 36846 61 0 1788978392 852131
3 36886 58 0 1788978392 854539
3 36900 96 0 1788978392 855439
3 36942 67 0 1788978392 859313
3 36965 74 0 1788978392 861135
3 37043 149 0 1788978392 867968
3 37048 94 0 1788978392 868445
3 37068 80 0 1788978392 870392
3 37115 0 0 1788978392 874816
3 37136 0 0 1788978392 876436
3 37139 78 0 1788978392 876654
3 37154 72 0 1788978392 877743
3 37171 78 0 1788978392 879176
3 37190 82 0 1788978392 880752
3 37207 74 0 1788978392 881959
3 37215 81 0 1788978392 882588
3 37241 72 0 1788978392 884404
3 37243 73 0 1788978392 884557
3 37258 83 0 1788978392 885569
3 37261 69 0 1788978392 885770
3 37307 110 0 1788978392 889698
3 37330 83 0 1788978392 891768
3 37341 71 0 1788978392 892592
3 37366 83 0 1788978392 894449
3 37398 69 0 1788978392 896607
3 37416 75 0 1788978392 897901
3 37447 68 0 1788978392 900081
3 37456 61 0 1788978392 900782
3 37479 61 0 1788978392 902338
3 37480 65 0 1788978392 902406
3 37515 60 0 1788978392 904943
3 37556 50 0 1788978392 907736
3 37588 59 0 1788978392 909608
3 37591 69 0 1788978392 909826
3 37598 50 0 1788978392 910242
3 37600 57 0 1788978392 910356
3 37632 68 0 1788978392 912590
3 37650 62 0 1788978392 913700
3 37668 65 0 1788978392 914812
3 37682 57 0 1788978392 915603
3 37705 61 0 1788978392 917217
3 37746 55 0 1788978392 919624
3 37771 56 0 1788978392 921045
3 37781 64 0 1788978392 921733
3 37803 68 0 1788978392 923157
3 37820 59 0 1788978392 924300
3 37840 54 0 1788978392 925593
3 37856 90 0 1788978392 926665
3 37866 54 0 1788978392 927215
3 37879 64 0 1788978392 928032
3 37895 54 0 1788978392 928985
3 37901 54 0 1788978392 929318
3 37903 55 0 1788978392 929432
3 37936 82 0 1788978392 932270
3 37990 64 0 1788978392 936253
3 38009 110 0 1788978392 937700
3 38016 69 0 1788978392 938212
3 38056 69 0 1788978392 941407
3 38059 87 0 1788978392 941634
3 38103 66 0 1788978392 944517
3 38130 57 0 1788978392 946420
3 38146 58 0 1788978392 947378
3 38150 57 0 1788978392 947610
3 38176 74 0 1788978392 949472
3 38183 78 0 1788978392 949996
3 38212 0 0 1788978392 952380
3 38243 80 0 1788978392 954829
3 38248 77 0 1788978392 955223
3 38267 84 0 1788978392 956771
3 38275 72 0 1788978392 957408
3 38291 80 0 1788978392 958748
3 38298 74 0 1788978392 959333
3 38299 79 0 1788978392 959416
3 38300 79 0 1788978392 959497
3 38315 76 0 1788978392 960746
3 38338 120 0 1788978392 964541
3 38350 69 0 1788978392 965311
3 38365 70 0 1788978392 966361
3 38388 90 0 1788978392 968268
3 38397 62 0 1788978392 969056
3 38431 80 0 1788978392 971578
3 38468 53 0 1788978392 974240
3 38481 50 0 1788978392 974984
3 38498 70 0 1788978392 976014
3 38501 54 0 1788978392 976198
3 38506 67 0 1788978392 976499
3 38508 52 0 1788978392 976607
3 38560 56 0 1788978392 980435
3 38588 70 0 1788978392 982561
3 38610 89 0 1788978392 985132
3 38629 53 0 1788978392 986333
3 38632 65 0 1788978392 986512
3 38636 55 0 1788978392 986795
3 38745 60 0 1788978392 994088
3 38762 55 0 1788978392 995283
3 38765 63 0 1788978392 995523
3 38806 58 0 1788978392 998242
3 38814 74 0 1788978392 998816
3 38817 64 0 1788978392 999013
3 38837 77 0 1788978393 611
3 38855 63 0 1788978393 1853
3 38880 63 0 1788978393 3432
3 38885 76 0 1788978393 3853
3 38901 69 0 1788978393 5014
3 38953 66 0 1788978393 9132
3 38958 69 0 1788978393 9478
3 38991 83 0 1788978393 11893
3 38997 71 0 1788978393 12395
3 39007 65 0 1788978393 13111
3 39015 82 0 1788978393 13682
3 39022 60 0 1788978393 14130
3 39036 58 0 1788978393 15133
3 39047 56 0 1788978393 15911
3 39055 54 0 1788978393 16389
3 39073 77 0 1788978393 17715
3 39087 72 0 1788978393 18840
3 39112 62 0 1788978393 20955
3 39131 69 0 1788978393 22304
3 39134 57 0 1788978393 22488
3 39154 77 0 1788978393 23902
3 39158 67 0 1788978393 24172
3 39170 51 0 1788978393 25074
3 39182 89 0 1788978393 25967
3 39212 72 0 1788978393 28024
3 39305 54 0 1788978393 34945
3 39385 68 0 1788978393 40583
3 39438 65 0 1788978393 45356
3 39451 69 0 1788978393 46422
3 39486 63 0 1788978393 48858
3 39488 70 0 1788978393 48993
3 39521 52 0 1788978393 50969
3 39546 64 0 1788978393 52586
3 39552 60 0 1788978393 52967
3 39573 54 0 1788978393 54307
3 39581 45 0 1788978393 54745
3 39582 43 0 1788978393 54791
3 39592 53 0 1788978393 55271
3 39598 49 0 1788978393 55559
3 39624 55 0 1788978393 57043
3 39639 53 0 1788978393 57869
3 39678 53 0 1788978393 59976
3 39733 53 0 1788978393 62949
3 39737 44 0 1788978393 63133
3 39791 84 0 1788978393 67028
3 39878 96 0 1788978393 74371
3 39898 57 0 1788978393 76023
3 39915 76 0 1788978393 77326
3 39918 86 0 1788978393 77551
3 39929 297 0 1788978393 78674
3 39934 67 0 1788978393 79028
3 39962 74 0 1788978393 81298
3 40009 64 0 1788978393 84774
3 40015 97 0 1788978393 85198
3 40017 66 0 1788978393 85331
3 40048 82 0 1788978393 87545
3 40070 122 0 1788978393 89326
3 40081 63 0 1788978393 90221
3 40089 66 0 1788978393 90794
3 40100 74 0 1788978393 91542
3 40123 79 0 1788978393 93335
3 40135 71 0 1788978393 94219
3 40138 58 0 1788978393 94407
3 40158 76 0 1788978393 95831
3 40183 70 0 1788978393 97760
3 40185 63 0 1788978393 97893
3 40243 67 0 1788978393 102248
3 40245 62 0 1788978393 102381
3 40334 71 0 1788978393 109003
3 40341 91 0 1788978393 109571
3 40344 74 0 1788978393 109904
3 40395 81 0 1788978393 114151
3 40405 91 0 1788978393 114947
3 40406 0 0 1788978393 115027
3 40425 69 0 1788978393 116576
3 40441 106 0 1788978393 117872
3 40445 72 0 1788978393 118167
3 40454 0 0 1788978393 118890
3 40489 114 0 1788978393 121696
3 40494 80 0 1788978393 122099
3 40527 82 0 1788978393 124670
3 40554 68 0 1788978393 126193
3 40556 62 0 1788978393 126320
3 40558 63 0 1788978393 126449
3 40604 59 0 1788978393 128952
3 40617 57 0 1788978393 129720
3 40626 58 0 1788978393 130262
3 40630 56 0 1788978393 130517
3 40633 59 0 1788978393 130697
3 40640 58 0 1788978393 131090
3 40678 53 0 1788978393 133225
3 40684 81 0 1788978393 133668
3 40695 58 0 1788978393 134331
3 40696 59 0 1788978393 134392
3 40703 59 0 1788978393 134864
3 40726 49 0 1788978393 136103
3 40729 47 0 1788978393 136252
3 40742 60 0 1788978393 137021
3 40786 47 0 1788978393 139488
3 40816 51 0 1788978393 141119
3 40856 44 0 1788978393 143311
3 40861 47 0 1788978393 143539
3 40892 83 0 1788978393 145996
3 40912 74 0 1788978393 147473
3 40919 77 0 1788978393 148012
3 40935 80 0 1788978393 149242
3 40956 46 0 1788978393 150425
3 40968 60 0 1788978393 151181
3 40976 86 0 1788978393 151866
3 40981 61 0 1788978393 152206
3 40985 52 0 1788978393 152481
3 41042 67 0 1788978393 155543
3 41074 53 0 1788978393 157406
3 41140 63 0 1788978393 161886
3 41188 50 0 1788978393 164696
3 41211 47 0 1788978393 165845
3 41219 45 0 1788978393 166239
3 41229 54 0 1788978393 166798
3 41233 58 0 1788978393 167040
3 41264 85 0 1788978393 169152
3 41269 70 0 1788978393 169440
3 41329 60 0 1788978393 173200
3 41352 62 0 1788978393 174569
3 41449 45 0 1788978393 180086
3 41461 64 0 1788978393 180774
3 41510 47 0 1788978393 183477
3 41563 58 0 1788978393 186545
3 41577 69 0 1788978393 187415
3 41616 67 0 1788978393 190165
3 41637 79 0 1788978393 191893
3 41645 126 0 1788978393 192556
3 41672 71 0 1788978393 194163
3 41701 57 0 1788978393 195748
3 41711 59 0 1788978393 196328
3 41725 62 0 1788978393 197167
3 41726 59 0 1788978393 197230
3 41743 59 0 1788978393 198207
3 41749 55 0 1788978393 198518
3 41753 53 0 1788978393 198759
3 41784 60 0 1788978393 200721
3 41785 57 0 1788978393 200782
3 41789 54 0 1788978393 201000
3 41809 57 0 1788978393 202185
3 41829 47 0 1788978393 203143
3 41830 45 0 1788978393 203192
3 41851 58 0 1788978393 204274
3 41857 64 0 1788978393 204638
3 41871 62 0 1788978393 205411
3 41889 59 0 1788978393 206480
3 41925 47 0 1788978393 208296
3 41936 56 0 1788978393 208904
3 41939 58 0 1788978393 209070
3 41943 48 0 1788978393 209270
3 41953 56 0 1788978393 209795
3 42000 56 0 1788978393 212510
3 42012 53 0 1788978393 213217
3 42031 52 0 1788978393 214316
3 42051 51 0 1788978393 215450
3 42071 52 0 1788978393 216541
3 42081 51 0 1788978393 217107
3 42085 55 0 1788978393 217321
3 42087 48 0 1788978393 217422
3 42140 48 0 1788978393 220398
3 42169 68 0 1788978393 221911
3 42177 51 0 1788978393 222305
3 42199 59 0 1788978393 223504
3 42227 48 0 1788978393 225055
3 42259 50 0 1788978393 226706
3 42272 53 0 1788978393 227438
3 42305 57 0 1788978393 229226
3 42311 59 0 1788978393 229568
3 42312 64 0 1788978393 229634
3 42318 44 0 1788978393 229933
3 42330 58 0 1788978393 230562
3 42338 52 0 1788978393 230998
3 42387 71 0 1788978393 233889
3 42390 73 0 1788978393 234175
3 42393 68 0 1788978393 234379
3 42397 69 0 1788978393 234638
3 42438 47 0 1788978393 236812
3 42480 50 0 1788978393 239176
3 42489 49 0 1788978393 239681
3 42508 57 0 1788978393 240837
3 42540 79 0 1788978393 242671
3 42544 51 0 1788978393 242889
3 42575 51 0 1788978393 244513
3 42583 46 0 1788978393 244967
3 42633 50 0 1788978393 247580
3 42648 53 0 1788978393 248381
3 42676 47 0 1788978393 249984
3 42677 48 0 1788978393 250035
3 42681 47 0 1788978393 250228
3 42693 46 0 1788978393 250817
3 42699 48 0 1788978393 251140
3 42720 49 0 1788978393 252333
3 42755 69 0 1788978393 254228
3 42787 49 0 1788978393 255894
3 42790 48 0 1788978393 256040
3 42792 74 0 1788978393 256164
3 42796 55 0 1788978393 256390
3 42799 46 0 1788978393 256564
3 42829 47 0 1788978393 258079
3 42847 52 0 1788978393 259039
3 42852 46 0 1788978393 259314
3 42904 47 0 1788978393 262041
3 42919 80 0 1788978393 262931
3 42932 62 0 1788978393 264496
3 42941 57 0 1788978393 265039
3 42970 71 0 1788978393 267774
3 43080 93 0 1788978393 274698
3 43084 59 0 1788978393 274938
3 43086 52 0 1788978393 275047
3 43092 70 0 1788978393 275400
3 43102 63 0 1788978393 276069
3 43109 58 0 1788978393 276469
3 43115 53 0 1788978393 276836
3 43130 75 0 1788978393 277653
3 43142 49 0 1788978393 278399
3 43180 54 0 1788978393 280510
3 43244 51 0 1788978393 284004
3 43247 54 0 1788978393 284166
3 43261 75 0 1788978393 284945
3 43287 51 0 1788978393 286407
3 43297 48 0 1788978393 286912
3 43343 57 0 1788978393 289499
3 43348 56 0 1788978393 289813
3 43371 53 0 1788978393 291088
3 43379 53 0 1788978393 291544
3 43417 52 0 1788978393 293589
3 43451 55 0 1788978393 295514
3 43460 60 0 1788978393 296062
3 43536 51 0 1788978393 300410
3 43555 48 0 1788978393 301522
3 43578 61 0 1788978393 302827
3 43596 50 0 1788978393 303821
3 43635 49 0 1788978393 306099
3 43637 50 0 1788978393 306202
3 43653 45 0 1788978393 307074
3 43682 55 0 1788978393 308767
3 43683 73 0 1788978393 308843
3 43699 50 0 1788978393 309780
3 43765 49 0 1788978393 313220
3 43793 53 0 1788978393 314844
3 43795 60 0 1788978393 314966
3 43808 80 0 1788978393 315905
3 43839 66 0 1788978393 318086
3 43887 56 0 1788978393 321404
3 43904 63 0 1788978393 322374
3 43910 54 0 1788978393 322732
3 43916 52 0 1788978393 323033
3 43933 70 0 1788978393 324117
3 43948 51 0 1788978393 325090
3 43952 49 0 1788978393 325313
3 43961 56 0 1788978393 325853
3 43962 60 0 1788978393 325916
3 43967 54 0 1788978393 326215
3 43969 74 0 1788978393 326345
3 44000 54 0 1788978393 328360
3 44009 61 0 1788978393 328910
3 44012 67 0 1788978393 329109
3 44015 50 0 1788978393 329267
3 44024 86 0 1788978393 329837
3 44028 59 0 1788978393 330097
3 44034 64 0 1788978393 330493
3 44045 59 0 1788978393 331149
3 44071 82 0 1788978393 332924
3 44082 58 0 1788978393 333610
3 44133 81 0 1788978393 337422
3 44183 111 0 1788978393 341698
3 44196 53 0 1788978393 342609
3 44205 63 0 1788978393 343160
3 44224 59 0 1788978393 344336
3 44278 50 0 1788978393 347330
3 44294 56 0 1788978393 348270
3 44357 62 0 1788978393 352180
3 44361 63 0 1788978393 352424
3 44372 85 0 1788978393 353109
3 44385 80 0 1788978393 354049
3 44404 55 0 1788978393 355230
3 44407 53 0 1788978393 355394
3 44411 88 0 1788978393 355653
3 44422 0 0 1788978393 356469
3 44445 56 0 1788978393 357902
3 44446 51 0 1788978393 357955
3 44480 47 0 1788978393 359967
3 44497 58 0 1788978393 360940
3 44519 57 0 1788978393 362193
3 44532 53 0 1788978393 362918
3 44549 52 0 1788978393 363913
3 44571 59 0 1788978393 365173
3 44587 54 0 1788978393 366070
3 44598 64 0 1788978393 366715
3 44614 75 0 1788978393 367681
3 44617 74 0 1788978393 367876
3 44639 59 0 1788978393 369549
3 44642 61 0 1788978393 369730
3 44669 58 0 1788978393 371378
3 44691 81 0 1788978393 372684
3 44709 72 0 1788978393 373683
3 44731 77 0 1788978393 374907
3 44777 65 0 1788978393 378092
3 44807 50 0 1788978393 380175
3 44813 51 0 1788978393 380485
3 44818 50 0 1788978393 380753
3 44837 59 0 1788978393 381816
3 44838 54 0 1788978393 381873
3 44856 72 0 1788978393 382921
3 44876 60 0 1788978393 384096
3 44892 66 0 1788978393 385045
3 44895 53 0 1788978393 385236
3 44934 55 0 1788978393 387487
3 44939 51 0 1788978393 387786
3 44946 62 0 1788978393 388208
3 44976 59 0 1788978393 390233
3 45015 61 0 1788978393 392394
3 45020 66 0 1788978393 392740
3 45023 107 0 1788978393 393009
3 45046 62 0 1788978393 394759
3 45052 63 0 1788978393 395197
3 45056 73 0 1788978393 395516
3 45070 82 0 1788978393 396480
3 45087 88 0 1788978393 397652
3 45147 57 0 1788978393 401537
3 45159 56 0 1788978393 402311
3 45179 53 0 1788978393 403450
3 45205 52 0 1788978393 404910
3 45225 50 0 1788978393 406014
3 45270 59 0 1788978393 409095
3 45278 84 0 1788978393 409646
3 45322 72 0 1788978393 412382
3 45347 62 0 1788978393 413915
3 45361 59 0 1788978393 414758
3 45363 55 0 1788978393 414876
3 45375 67 0 1788978393 415641
3 45389 59 0 1788978393 416478
3 45420 57 0 1788978393 418833
3 45428 58 0 1788978393 419286
3 45437 55 0 1788978393 419812
3 45442 53 0 1788978393 420085
3 45464 52 0 1788978393 421292
3 45502 54 0 1788978393 423419
3 45519 54 0 1788978393 424375
3 45520 58 0 1788978393 424436
3 45528 65 0 1788978393 424931
3 45548 57 0 1788978393 426142
3 45549 83 0 1788978393 426229
3 45570 83 0 1788978393 427640
3 45585 65 0 1788978393 428552
3 45633 51 0 1788978393 431200
3 45769 68 0 1788978393 439845
3 45785 55 0 1788978393 440934
3 45804 80 0 1788978393 442484
3 45820 69 0 1788978393 443887
3 45823 76 0 1788978393 444103
3 45935 96 0 1788978393 451515
3 45942 60 0 1788978393 452039
3 45968 66 0 1788978393 453783
3 46061 60 0 1788978393 460310
3 46123 86 0 1788978393 464759
3 46129 67 0 1788978393 465150
3 46148 62 0 1788978393 466387
3 46155 76 0 1788978393 466818
3 46245 62 0 1788978393 473875
3 46260 87 0 1788978393 474951
3 46271 73 0 1788978393 475654
3 46277 63 0 1788978393 476021
3 46295 59 0 1788978393 477098
3 46308 54 0 1788978393 477861
3 46327 57 0 1788978393 479115
3 46331 66 0 1788978393 479395
3 46355 65 0 1788978393 480983
3 46394 100 0 1788978393 483675
3 46411 55 0 1788978393 484791
3 46413 72 0 1788978393 484952
3 46439 56 0 1788978393 486689
3 46441 59 0 1788978393 486814
3 46442 61 0 1788978393 486877
3 46454 93 0 1788978393 487677
3 46459 56 0 1788978393 487980
3 46490 55 0 1788978393 489902
3 46503 57 0 1788978393 490774
3 46506 62 0 1788978393 490957
3 46530 70 0 1788978393 492643
3 46532 67 0 1788978393 492768
3 46553 67 0 1788978393 494285
3 46584 75 0 1788978393 496848
3 46607 78 0 1788978393 498366
3 46611 90 0 1788978393 498758
3 46621 64 0 1788978393 499468
3 46640 61 0 1788978393 500953
3 46652 63 0 1788978393 502013
3 46654 51 0 1788978393 502123
3 46661 84 0 1788978393 502597
3 46697 62 0 1788978393 506031
3 46750 86 0 1788978393 509787
3 46765 79 0 1788978393 510967
3 46790 94 0 1788978393 513015
3 46799 108 0 1788978393 513719
3 46806 68 0 1788978393 514259
3 46864 83 0 1788978393 518736
3 46883 66 0 1788978393 520184
3 46884 63 0 1788978393 520251
3 46938 78 0 1788978393 524191
3 46960 79 0 1788978393 525905
3 46963 72 0 1788978393 526129
3 46965 62 0 1788978393 526277
3 46971 72 0 1788978393 526634
3 46996 56 0 1788978393 528291
3 46997 96 0 1788978393 528391
3 47008 77 0 1788978393 529140
3 47010 53 0 1788978393 529264
3 47021 60 0 1788978393 530002
3 47044 87 0 1788978393 531566
3 47052 94 0 1788978393 532588
3 47054 77 0 1788978393 532781
3 47138 68 0 1788978393 539373
3 47153 69 0 1788978393 540460
3 47179 150 0 1788978393 542674
3 47195 76 0 1788978393 543850
3 47220 72 0 1788978393 545810
3 47225 74 0 1788978393 546145
3 47236 125 0 1788978393 547046
3 47295 68 0 1788978393 551270
3 47309 65 0 1788978393 552328
3 47322 68 0 1788978393 553258
3 47335 76 0 1788978393 554211
3 47344 58 0 1788978393 554808
3 47349 65 0 1788978393 555146
3 47350 60 0 1788978393 555210
3 47355 85 0 1788978393 555544
3 47373 65 0 1788978393 556843
3 47513 71 0 1788978393 566519
3 47517 67 0 1788978393 566855
3 47560 70 0 1788978393 569999
3 47567 87 0 1788978393 570487
3 47569 96 0 1788978393 570664
3 47586 56 0 1788978393 571808
3 47605 62 0 1788978393 573041
3 47680 66 0 1788978393 578046
3 47691 65 0 1788978393 578824
3 47695 59 0 1788978393 579066
3 47757 60 0 1788978393 583278
3 47760 59 0 1788978393 583463
3 47783 102 0 1788978393 584964
3 47793 69 0 1788978393 585918
3 47799 66 0 1788978393 586321
3 47802 65 0 1788978393 586524
3 47805 93 0 1788978393 586783
3 47842 69 0 1788978393 589387
3 47844 64 0 1788978393 589517
3 47862 72 0 1788978393 590750
3 47864 55 0 1788978393 590882
3 47875 68 0 1788978393 591595
3 47894 62 0 1788978393 592876
3 47903 86 0 1788978393 593641
3 47912 65 0 1788978393 594306
3 47983 64 0 1788978393 599409
3 47984 95 0 1788978393 599508
3 47990 61 0 1788978393 599983
3 48003 65 0 1788978393 600844
3 48021 61 0 1788978393 602021
3 48026 63 0 1788978393 602332
3 48064 75 0 1788978393 605039
3 48082 66 0 1788978393 606186
3 48088 71 0 1788978393 606598
3 48113 63 0 1788978393 608281
3 48159 89 0 1788978393 611667
3 48168 60 0 1788978393 612322
3 48201 79 0 1788978393 614817
3 48251 82 0 1788978393 618827
3 48328 63 0 1788978393 623787
3 48370 62 0 1788978393 626473
3 48375 69 0 1788978393 626829
3 48440 59 0 1788978393 631292
3 48441 71 0 1788978393 631366
3 48444 94 0 1788978393 631625
3 48496 78 0 1788978393 635829
3 48506 62 0 1788978393 636466
3 48521 61 0 1788978393 637433
3 48557 81 0 1788978393 640528
3 48610 71 0 1788978393 645105
3 48631 73 0 1788978393 646648
3 48636 63 0 1788978393 646978
3 48649 63 0 1788978393 647876
3 48655 64 0 1788978393 648260
3 48694 62 0 1788978393 650980
3 48695 66 0 1788978393 651050
3 48699 64 0 1788978393 651307
3 48706 122 0 1788978393 652444
3 48710 73 0 1788978393 652786
3 48721 63 0 1788978393 653600
3 48757 61 0 1788978393 656152
3 48765 63 0 1788978393 656634
3 48777 76 0 1788978393 657562
3 48806 59 0 1788978393 659487
3 48819 67 0 1788978393 660540
3 48843 67 0 1788978393 662239
3 48846 65 0 1788978393 662437
3 48910 65 0 1788978393 666939
3 48941 65 0 1788978393 669023
3 48943 66 0 1788978393 669159
3 48973 64 0 1788978393 671328
3 48975 63 0 1788978393 671463
3 48994 64 0 1788978393 672761
3 48995 65 0 1788978393 672830
3 49002 70 0 1788978393 673282
3 49009 65 0 1788978393 673797
3 49013 64 0 1788978393 674057
3 49016 62 0 1788978393 674249
3 49028 68 0 1788978393 675027
3 49047 67 0 1788978393 676333
3 49061 64 0 1788978393 677275
3 49123 63 0 1788978393 681493
3 49187 131 0 1788978393 687711
3 49191 66 0 1788978393 687989
3 49224 63 0 1788978393 690223
3 49278 67 0 1788978393 693791
3 49280 69 0 1788978393 693934
3 49304 68 0 1788978393 695580
3 49308 61 0 1788978393 695854
3 49313 63 0 1788978393 696179
3 49346 77 0 1788978393 698582
3 49368 61 0 1788978393 700411
3 49381 63 0 1788978393 701344
3 49492 90 0 1788978393 709393
3 49512 63 0 1788978393 710872
3 49522 79 0 1788978393 711564
3 49538 74 0 1788978393 712846
3 49603 78 0 1788978393 717787
3 49608 63 0 1788978393 718202
3 49635 62 0 1788978393 720089
3 49677 58 0 1788978393 722789
3 49693 113 0 1788978393 723903
3 49768 63 0 1788978393 728775
3 49794 63 0 1788978393 730426
3 49836 68 0 1788978393 733156
3 49887 62 0 1788978393 736596
3 49890 66 0 1788978393 736806
3 49902 71 0 1788978393 737643
3 49917 71 0 1788978393 738736
3 49925 71 0 1788978393 739343
3 49930 68 0 1788978393 739693
3 49958 56 0 1788978393 741576
3 49972 59 0 1788978393 742544
3 50030 65 0 1788978393 746319
3 50071 57 0 1788978393 748902
3 50083 92 0 1788978393 749696
3 50101 61 0 1788978393 750881
3 50121 61 0 1788978393 752365
3 50125 85 0 1788978393 752645
3 50130 63 0 1788978393 752984
3 50132 61 0 1788978393 753110
3 50139 61 0 1788978393 753558
3 50146 72 0 1788978393 754047
3 50182 62 0 1788978393 756486
3 50185 64 0 1788978393 756671
3 50191 63 0 1788978393 757026
3 50208 61 0 1788978393 758152
3 50238 58 0 1788978393 760297
3 50247 66 0 1788978393 760897
3 50269 85 0 1788978393 762386
3 50271 70 0 1788978393 762535
3 50300 61 0 1788978393 764513
3 50301 60 0 1788978393 764575
3 50303 70 0 1788978393 764737
3 50312 51 0 1788978393 765392
3 50328 65 0 1788978393 766368
3 50332 97 0 1788978393 766689
3 50335 67 0 1788978393 766893
3 50358 82 0 1788978393 768567
3 50395 62 0 1788978393 770946
3 50396 65 0 1788978393 771015
3 50403 60 0 1788978393 771464
3 50460 71 0 1788978393 775248
3 50539 70 0 1788978393 780427
3 50548 52 0 1788978393 781045
3 50598 65 0 1788978393 784393
3 50605 64 0 1788978393 784870
3 50610 67 0 1788978393 785230
3 50640 53 0 1788978393 787177
3 50659 66 0 1788978393 788488
3 50669 59 0 1788978393 789117
3 50670 58 0 1788978393 789181
3 50717 56 0 1788978393 792213
3 50727 58 0 1788978393 792817
3 50770 56 0 1788978393 795289
3 50805 63 0 1788978393 797464
3 50809 70 0 1788978393 797748
3 50819 60 0 1788978393 798430
3 50865 70 0 1788978393 801678
3 50867 58 0 1788978393 801801
3 50869 59 0 1788978393 801920
3 50885 65 0 1788978393 803005
3 50957 64 0 1788978393 807715
3 50975 63 0 1788978393 808881
3 50979 73 0 1788978393 809159
3 50990 56 0 1788978393 809888
3 51002 65 0 1788978393 810706
3 51004 63 0 1788978393 810836
3 51007 65 0 1788978393 811030
3 51036 60 0 1788978393 812988
3 51039 58 0 1788978393 813167
3 51041 62 0 1788978393 813290
3 51045 64 0 1788978393 813531
3 51046 64 0 1788978393 813599
3 51071 58 0 1788978393 815279
3 51095 61 0 1788978393 816913
3 51129 60 0 1788978393 818985
3 51132 74 0 1788978393 819182
3 51152 76 0 1788978393 820638
3 51192 82 0 1788978393 823771
3 51204 73 0 1788978393 824668
3 51220 59 0 1788978393 825887
3 51250 63 0 1788978393 827975
3 51251 64 0 1788978393 828043
3 51266 61 0 1788978393 829020
3 51288 68 0 1788978393 830369
3 51306 63 0 1788978393 831508
3 51323 98 0 1788978393 832676
3 51354 75 0 1788978393 834727
3 51393 56 0 1788978393 837265
3 51399 94 0 1788978393 837676
3 51408 67 0 1788978393 838427
3 51411 80 0 1788978393 838657
3 51450 70 0 1788978393 841174
3 51462 62 0 1788978393 842034
3 51485 108 0 1788978393 843710
3 51508 67 0 1788978393 845630
3 51518 63 0 1788978393 846292
3 51525 67 0 1788978393 846832
3 51534 66 0 1788978393 847402
3 51549 68 0 1788978393 848421
3 51573 64 0 1788978393 849943
3 51651 69 0 1788978393 858582
3 51654 86 0 1788978393 859606
3 51676 96 0 1788978393 861488
3 51692 63 0 1788978393 862733
3 51742 85 0 1788978393 867082
3 51750 103 0 1788978393 867955
3 51770 78 0 1788978393 869834
3 51776 87 0 1788978393 870334
3 51789 85 0 1788978393 871361
3 51790 65 0 1788978393 871431
3 51811 81 0 1788978393 873255
3 51850 82 0 1788978393 876560
3 51902 84 0 1788978393 880152
3 52004 71 0 1788978393 887134
3 52005 68 0 1788978393 887207
3 52021 63 0 1788978393 888343
3 52049 69 0 1788978393 890330
3 52050 103 0 1788978393 890437
3 52067 61 0 1788978393 891529
3 52097 63 0 1788978393 893442
3 52101 72 0 1788978393 893718
3 52103 65 0 1788978393 893856
3 52116 72 0 1788978393 894810
3 52117 69 0 1788978393 894884
3 52136 64 0 1788978393 896107
3 52142 64 0 1788978393 896475
3 52207 67 0 1788978393 900881
3 52217 89 0 1788978393 901569
3 52227 75 0 1788978393 902319
3 52277 73 0 1788978393 905713
3 52278 63 0 1788978393 905779
3 52282 69 0 1788978393 906060
3 52341 64 0 1788978393 910128
3 52354 59 0 1788978393 911012
3 52395 62 0 1788978393 913881
3 52460 74 0 1788978393 918201
3 52473 64 0 1788978393 919109
3 52536 59 0 1788978393 923313
3 52547 62 0 1788978393 924021
3 52565 61 0 1788978393 925198
3 52569 62 0 1788978393 925449
3 52579 60 0 1788978393 926108
3 52597 63 0 1788978393 927258
3 52604 67 0 1788978393 927735
3 52628 63 0 1788978393 929398
3 52636 53 0 1788978393 929987
3 52659 97 0 1788978393 931883
3 52680 102 0 1788978393 933792
3 52690 63 0 1788978393 934568
3 52693 109 0 1788978393 934857
3 52737 71 0 1788978393 938174
3 52746 107 0 1788978393 938895
3 52757 88 0 1788978393 939654
3 52761 68 0 1788978393 939944
3 52776 64 0 1788978393 940955
3 52822 66 0 1788978393 944281
3 52823 60 0 1788978393 944344
3 52830 65 0 1788978393 944816
3 52851 58 0 1788978393 946148
3 52862 59 0 1788978393 946802
3 52870 58 0 1788978393 947271
3 52871 58 0 1788978393 947331
3 52878 76 0 1788978393 947845
3 52883 64 0 1788978393 948184
3 52888 76 0 1788978393 948578
3 52927 90 0 1788978393 951311
3 52967 78 0 1788978393 953966
3 53011 63 0 1788978393 956996
3 53019 60 0 1788978393 957491
3 53025 59 0 1788978393 957907
3 53033 66 0 1788978393 958496
3 53036 64 0 1788978393 958702
3 53043 89 0 1788978393 959238
3 53047 70 0 1788978393 959570
3 53048 103 0 1788978393 959676
3 53069 73 0 1788978393 961299
3 53083 66 0 1788978393 962245
3 53091 57 0 1788978393 962792
3 53093 59 0 1788978393 962913
3 53095 59 0 1788978393 963034
3 53118 58 0 1788978393 964474
3 53124 68 0 1788978393 964888
3 53135 66 0 1788978393 965649
3 53182 93 0 1788978393 968814
3 53211 75 0 1788978393 970853
3 53223 88 0 1788978393 971697
3 53230 77 0 1788978393 972145
3 53231 76 0 1788978393 972226
3 53232 58 0 1788978393 972286
3 53238 77 0 1788978393 972705
3 53275 68 0 1788978393 975206
3 53276 71 0 1788978393 975281
3 53293 96 0 1788978393 976472
3 53311 80 0 1788978393 977671
3 53321 67 0 1788978393 978319
3 53357 55 0 1788978393 980715
3 53370 70 0 1788978393 981524
3 53375 67 0 1788978393 981878
3 53393 60 0 1788978393 983057
3 53431 59 0 1788978393 986019
3 53432 60 0 1788978393 986082
3 53435 71 0 1788978393 986306
3 53437 67 0 1788978393 986453
3 53460 59 0 1788978393 988058
3 53461 62 0 1788978393 988123
3 53518 75 0 1788978393 992028
3 53520 70 0 1788978393 992195
3 53538 60 0 1788978393 993409
3 53541 88 0 1788978393 993645
3 53551 91 0 1788978393 994317
3 53595 73 0 1788978393 997255
3 53610 62 0 1788978393 998501
3 53671 56 0 1788978394 2524
3 53677 70 0 1788978394 2954
3 53714 69 0 1788978394 5482
3 53742 70 0 1788978394 7423
3 53746 72 0 1788978394 7744
3 53778 54 0 1788978394 10271
3 53798 54 0 1788978394 11374
3 53831 74 0 1788978394 13658
3 53836 63 0 1788978394 14005
3 53877 70 0 1788978394 16823
3 53888 74 0 1788978394 17534
3 53893 62 0 1788978394 17886
3 53903 81 0 1788978394 18512
3 53930 58 0 1788978394 20261
3 53939 67 0 1788978394 20862
3 54002 58 0 1788978394 24881
3 54014 58 0 1788978394 25535
3 54037 56 0 1788978394 26841
3 54048 59 0 1788978394 27508
3 54106 61 0 1788978394 31179
3 54109 65 0 1788978394 31379
3 54120 75 0 1788978394 32113
3 54139 67 0 1788978394 33413
3 54157 73 0 1788978394 34532
3 54250 58 0 1788978394 40922
3 54269 64 0 1788978394 42126
3 54270 79 0 1788978394 42250
3 54283 70 0 1788978394 43179
3 54294 54 0 1788978394 43873
3 54304 60 0 1788978394 44439
3 54348 63 0 1788978394 47267
3 54349 63 0 1788978394 47332
3 54354 88 0 1788978394 47730
3 54359 57 0 1788978394 48045
3 54374 67 0 1788978394 49037
3 54391 58 0 1788978394 50078
3 54394 58 0 1788978394 50256
3 54401 95 0 1788978394 50785
3 54432 55 0 1788978394 52910
3 54433 55 0 1788978394 52969
3 54480 69 0 1788978394 56159
3 54487 63 0 1788978394 56692
3 54532 57 0 1788978394 59501
3 54565 60 0 1788978394 61565
3 54578 67 0 1788978394 62436
3 54591 63 0 1788978394 63325
3 54599 54 0 1788978394 63848
3 54605 54 0 1788978394 64180
3 54611 72 0 1788978394 64558
3 54614 67 0 1788978394 64774
3 54637 58 0 1788978394 66125
3 54662 88 0 1788978394 67680
3 54671 64 0 1788978394 68305
3 54690 90 0 1788978394 69563
3 54752 68 0 1788978394 73293
3 54757 46 0 1788978394 73542
3 54780 55 0 1788978394 74639
3 54806 55 0 1788978394 76017
3 54821 54 0 1788978394 76900
3 54832 56 0 1788978394 77527
3 54843 70 0 1788978394 78152
3 54851 66 0 1788978394 78749
3 54852 64 0 1788978394 78816
3 54856 68 0 1788978394 79102
3 54887 64 0 1788978394 81232
3 54897 56 0 1788978394 81827
3 54903 57 0 1788978394 82173
3 54916 65 0 1788978394 82964
3 54929 69 0 1788978394 83771
3 54940 62 0 1788978394 84563
3 54965 60 0 1788978394 86083
3 54972 59 0 1788978394 86518
3 54981 80 0 1788978394 87156
3 55009 58 0 1788978394 89032
3 55053 64 0 1788978394 91824
3 55061 66 0 1788978394 92344
3 55107 84 0 1788978394 95653
3 55150 86 0 1788978394 99373
3 55167 57 0 1788978394 100538
3 55170 72 0 1788978394 100756
3 55177 57 0 1788978394 101195
3 55204 67 0 1788978394 102888
3 55212 61 0 1788978394 103431
3 55286 78 0 1788978394 108650
3 55295 64 0 1788978394 109173
3 55297 60 0 1788978394 109302
3 55318 66 0 1788978394 110762
3 55326 69 0 1788978394 111237
3 55354 70 0 1788978394 113003
3 55362 60 0 1788978394 113514
3 55384 60 0 1788978394 115012
3 55385 60 0 1788978394 115076
3 55446 58 0 1788978394 119431
3 55485 57 0 1788978394 121938
3 55538 59 0 1788978394 125258
3 55545 67 0 1788978394 125688
3 55549 57 0 1788978394 125928
3 55555 62 0 1788978394 126289
3 55568 69 0 1788978394 127269
3 55585 70 0 1788978394 128338
3 55593 62 0 1788978394 128853
3 55604 100 0 1788978394 129685
3 55629 64 0 1788978394 131416
3 55635 63 0 1788978394 131787
3 55648 65 0 1788978394 132581
3 55701 51 0 1788978394 135921
3 55711 63 0 1788978394 136487
3 55719 55 0 1788978394 136964
3 55729 48 0 1788978394 137507
3 55738 63 0 1788978394 138040
3 55755 57 0 1788978394 139139
3 55758 55 0 1788978394 139309
3 55767 64 0 1788978394 139914
3 55860 62 0 1788978394 145947
3 55861 57 0 1788978394 146006
3 55879 63 0 1788978394 147121
3 55907 55 0 1788978394 148931
3 55940 55 0 1788978394 151148
3 55957 59 0 1788978394 152232
3 55963 58 0 1788978394 152596
3 56007 57 0 1788978394 155360
3 56037 50 0 1788978394 157219
3 56040 55 0 1788978394 157374
3 56049 96 0 1788978394 157928
3 56090 70 0 1788978394 160976
3 56104 0 0 1788978394 162155
3 56127 81 0 1788978394 163689
3 56200 53 0 1788978394 168124
3 56208 78 0 1788978394 168716
3 56217 65 0 1788978394 169362
3 56231 62 0 1788978394 170432
3 56236 68 0 1788978394 170848
3 56257 84 0 1788978394 172422
3 56314 71 0 1788978394 176213
3 56318 57 0 1788978394 176441
3 56346 54 0 1788978394 178133
3 56362 66 0 1788978394 179055
3 56400 68 0 1788978394 181413
3 56406 63 0 1788978394 181814
3 56447 54 0 1788978394 184356
3 56504 59 0 1788978394 188201
3 56524 56 0 1788978394 189556
3 56531 62 0 1788978394 190080
3 56544 57 0 1788978394 191013
3 56552 56 0 1788978394 191467
3 56578 61 0 1788978394 193112
3 56580 59 0 1788978394 193248
3 56586 71 0 1788978394 193595
3 56592 65 0 1788978394 194091
3 56593 65 0 1788978394 194160
3 56602 60 0 1788978394 194732
3 56604 59 0 1788978394 194851
3 56637 71 0 1788978394 197164
3 56641 68 0 1788978394 197508
3 56646 62 0 1788978394 197863
3 56672 100 0 1788978394 199692
3 56747 55 0 1788978394 205468
3 56771 58 0 1788978394 207085
3 56844 70 0 1788978394 212095
3 56857 70 0 1788978394 213123
3 56863 115 0 1788978394 213669
3 56875 66 0 1788978394 214550
3 56876 115 0 1788978394 214669
3 56879 73 0 1788978394 214886
3 56960 111 0 1788978394 220712
3 56962 77 0 1788978394 220900
3 56975 67 0 1788978394 221852
3 56988 80 0 1788978394 222897
3 57005 0 0 1788978394 224196
3 57007 66 0 1788978394 224337
3 57010 67 0 1788978394 224558
3 57012 69 0 1788978394 224709
3 57022 57 0 1788978394 225377
3 57031 76 0 1788978394 226012
3 57064 84 0 1788978394 228275
3 57153 69 0 1788978394 234450
3 57159 63 0 1788978394 234847
3 57162 69 0 1788978394 235042
3 57225 88 0 1788978394 239634
3 57255 67 0 1788978394 241773
3 57271 86 0 1788978394 242917
3 57300 65 0 1788978394 245143
3 57342 62 0 1788978394 247793
3 57353 55 0 1788978394 248518
3 57368 68 0 1788978394 249473
3 57379 72 0 1788978394 250333
3 57385 88 0 1788978394 250794
3 57389 66 0 1788978394 251077
3 57391 77 0 1788978394 251225
3 57392 73 0 1788978394 251301
3 57455 66 0 1788978394 255929
3 57499 75 0 1788978394 258900
3 57524 66 0 1788978394 260536
3 57548 101 0 1788978394 262283
3 57598 68 0 1788978394 266469
3 57603 78 0 1788978394 266871
3 57636 55 0 1788978394 269271
3 57657 64 0 1788978394 270553
3 57669 62 0 1788978394 271367
3 57709 69 0 1788978394 275229
3 57711 70 0 1788978394 275369
3 57727 56 0 1788978394 276324
3 57747 54 0 1788978394 277416
3 57748 60 0 1788978394 277480
3 57753 60 0 1788978394 277791
3 57755 61 0 1788978394 277917
3 57762 68 0 1788978394 278364
3 57777 90 0 1788978394 279368
3 57781 86 0 1788978394 279653
3 57782 68 0 1788978394 279724
3 57794 57 0 1788978394 280454
3 57800 62 0 1788978394 280871
3 57817 68 0 1788978394 281934
3 57857 80 0 1788978394 284725
3 57884 61 0 1788978394 286372
3 57896 73 0 1788978394 287150
3 57907 58 0 1788978394 287787
3 57915 59 0 1788978394 288279
3 57923 62 0 1788978394 288762
3 57951 55 0 1788978394 290484
3 57954 86 0 1788978394 290692
3 57992 67 0 1788978394 293068
3 58009 69 0 1788978394 294195
3 58026 53 0 1788978394 295282
3 58028 89 0 1788978394 295496
3 58031 87 0 1788978394 295761
3 58041 94 0 1788978394 296638
3 58045 93 0 1788978394 296990
3 58046 83 0 1788978394 297075
3 58053 157 0 1788978394 297746
3 58056 66 0 1788978394 297946
3 58064 61 0 1788978394 298451
3 58101 90 0 1788978394 300916
3 58122 58 0 1788978394 302324
3 58160 57 0 1788978394 304781
3 58177 71 0 1788978394 305905
3 58199 56 0 1788978394 307391
3 58204 63 0 1788978394 307704
3 58223 57 0 1788978394 308930
3 58233 77 0 1788978394 309705
3 58238 72 0 1788978394 310066
3 58244 78 0 1788978394 310467
3 58251 55 0 1788978394 310898
3 58317 66 0 1788978394 315296
3 58318 65 0 1788978394 315362
3 58324 68 0 1788978394 315872
3 58339 88 0 1788978394 317006
3 58438 61 0 1788978394 324094
3 58454 65 0 1788978394 325223
3 58484 56 0 1788978394 327246
3 58488 63 0 1788978394 327508
3 58497 75 0 1788978394 328145
3 58508 66 0 1788978394 328896
3 58531 64 0 1788978394 330461
3 58549 67 0 1788978394 331581
3 58558 81 0 1788978394 332237
3 58579 63 0 1788978394 334045
3 58607 72 0 1788978394 336212
3 58622 66 0 1788978394 337331
3 58631 76 0 1788978394 338002
3 58642 81 0 1788978394 339162
3 58643 74 0 1788978394 339240
3 58657 65 0 1788978394 340072
3 58663 77 0 1788978394 340440
3 58682 57 0 1788978394 341729
3 58693 75 0 1788978394 342456
3 58720 58 0 1788978394 344185
3 58724 61 0 1788978394 344440
3 58789 57 0 1788978394 348501
3 58793 60 0 1788978394 348754
3 58798 89 0 1788978394 349085
3 58805 67 0 1788978394 349700
3 58808 67 0 1788978394 349914
3 58841 65 0 1788978394 351953
3 58842 64 0 1788978394 352022
3 58851 70 0 1788978394 352600
3 58856 59 0 1788978394 352934
3 58883 63 0 1788978394 354806
3 58886 76 0 1788978394 355014
3 58904 55 0 1788978394 356139
3 58911 63 0 1788978394 356588
3 58956 75 0 1788978394 359703
3 58969 68 0 1788978394 360551
3 58977 68 0 1788978394 361128
3 58983 64 0 1788978394 361530
3 59035 63 0 1788978394 365040
3 59044 54 0 1788978394 365541
3 59060 72 0 1788978394 366506
3 59076 86 0 1788978394 367918
3 59123 68 0 1788978394 371214
3 59163 54 0 1788978394 373829
3 59170 65 0 1788978394 374253
3 59181 60 0 1788978394 374980
3 59201 57 0 1788978394 376308
3 59214 57 0 1788978394 377091
3 59219 60 0 1788978394 377387
3 59230 70 0 1788978394 378046
3 59245 60 0 1788978394 378963
3 59295 60 0 1788978394 382124
3 59330 55 0 1788978394 384441
3 59337 66 0 1788978394 384933
3 59348 82 0 1788978394 385655
3 59350 59 0 1788978394 385816
3 59351 60 0 1788978394 385880
3 59396 62 0 1788978394 388680
3 59397 59 0 1788978394 388742
3 59406 65 0 1788978394 389298
3 59442 56 0 1788978394 391522
3 59449 57 0 1788978394 391962
3 59454 58 0 1788978394 392241
3 59582 58 0 1788978394 400282
3 59602 56 0 1788978394 401460
3 59604 55 0 1788978394 401575
3 59610 55 0 1788978394 401934
3 59632 67 0 1788978394 403332
3 59640 57 0 1788978394 403866
3 59652 59 0 1788978394 404591
3 59727 58 0 1788978394 409387
3 59755 57 0 1788978394 411059
3 59765 61 0 1788978394 411689
3 59785 56 0 1788978394 412898
3 59795 183 0 1788978394 413715
3 59853 66 0 1788978394 417563
3 59880 89 0 1788978394 419889
3 59892 69 0 1788978394 420764
3 59952 59 0 1788978394 424504
3 59975 74 0 1788978394 426060
3 59981 72 0 1788978394 426441
3 59984 65 0 1788978394 426624
3 60038 55 0 1788978394 430210
3 60057 132 0 1788978394 431733
3 60059 65 0 1788978394 431871
3 60062 83 0 1788978394 432166
3 60067 62 0 1788978394 432495
3 60114 57 0 1788978394 435893
3 60182 89 0 1788978394 444448
3 60207 76 0 1788978394 446558
3 60234 69 0 1788978394 448752
3 60240 70 0 1788978394 449243
3 60241 89 0 1788978394 449336
3 60309 106 0 1788978394 455051
3 60314 70 0 1788978394 455475
3 60361 123 0 1788978394 459020
3 60408 44 0 1788978394 461311
3 60416 76 0 1788978394 461701
3 60431 43 0 1788978394 462522
3 60529 61 0 1788978394 468483
3 60533 65 0 1788978394 468782
3 60602 72 0 1788978394 473515
3 60606 69 0 1788978394 473849
3 60646 65 0 1788978394 477007
3 60679 65 0 1788978394 479425
3 60690 55 0 1788978394 480167
3 60722 97 0 1788978394 482452
3 60726 68 0 1788978394 482798
3 60745 73 0 1788978394 484076
3 60755 74 0 1788978394 484766
3 60758 59 0 1788978394 484957
3 60780 70 0 1788978394 486458
3 60798 58 0 1788978394 487580
3 60804 62 0 1788978394 487984
3 60829 72 0 1788978394 489933
3 60840 70 0 1788978394 490711
3 60841 73 0 1788978394 490790
3 60875 66 0 1788978394 493333
3 60880 108 0 1788978394 493719
3 60904 63 0 1788978394 495470
3 60907 81 0 1788978394 495674
3 60913 68 0 1788978394 496088
3 60980 61 0 1788978394 500856
3 60993 53 0 1788978394 501811
3 61043 87 0 1788978394 505239
3 61075 79 0 1788978394 507518
3 61154 84 0 1788978394 512832
3 61163 81 0 1788978394 513390
3 61195 54 0 1788978394 516194
3 61198 65 0 1788978394 516403
3 61204 64 0 1788978394 516803
3 61208 81 0 1788978394 517074
3 61225 59 0 1788978394 518165
3 61227 58 0 1788978394 518285
3 61235 61 0 1788978394 518837
3 61264 63 0 1788978394 520848
3 61279 62 0 1788978394 521883
3 61347 61 0 1788978394 526359
3 61370 63 0 1788978394 527845
3 61440 95 0 1788978394 532675
3 61445 58 0 1788978394 533013
3 61462 75 0 1788978394 534067
3 61484 61 0 1788978394 535425
3 61527 63 0 1788978394 538169
3 61559 65 0 1788978394 540261
3 61585 107 0 1788978394 542270
3 61594 72 0 1788978394 543031
3 61597 75 0 1788978394 543262
3 61606 73 0 1788978394 544031
3 61607 93 0 1788978394 544128
3 61663 72 0 1788978394 548869
3 61701 61 0 1788978394 551550
3 61703 82 0 1788978394 551698
3 61714 58 0 1788978394 552476
3 61741 89 0 1788978394 554298
3 61781 72 0 1788978394 557080
3 61795 62 0 1788978394 558015
3 61813 62 0 1788978394 559175
3 61827 69 0 1788978394 560251
3 61832 65 0 1788978394 560588
3 61877 64 0 1788978394 563537
3 61887 61 0 1788978394 564211
3 61899 57 0 1788978394 564962
3 61917 59 0 1788978394 566143
3 61959 64 0 1788978394 568977
3 61961 64 0 1788978394 569110
3 61971 61 0 1788978394 569717
3 62003 66 0 1788978394 572047
3 62010 74 0 1788978394 572705
3 62012 72 0 1788978394 572852
3 62017 82 0 1788978394 573263
3 62028 79 0 1788978394 574329
3 62036 89 0 1788978394 575878
3 62050 68 0 1788978394 576982
3 62071 122 0 1788978394 578725
3 62075 72 0 1788978394 579048
3 62077 69 0 1788978394 579281
3 62080 0 0 1788978394 579487
3 62085 75 0 1788978394 579919
3 62089 67 0 1788978394 580217
3 62095 58 0 1788978394 580596
3 62129 59 0 1788978394 583341
3 62189 71 0 1788978394 587161
3 62192 62 0 1788978394 587351
3 62198 74 0 1788978394 587810
3 62210 69 0 1788978394 588647
3 62219 61 0 1788978394 589211
3 62243 67 0 1788978394 590914
3 62248 68 0 1788978394 591242
3 62256 66 0 1788978394 591824
3 62264 61 0 1788978394 592358
3 62347 66 0 1788978394 598040
3 62350 62 0 1788978394 598241
3 62456 56 0 1788978394 605525
3 62509 72 0 1788978394 608876
3 62544 56 0 1788978394 611330
3 62548 57 0 1788978394 611611
3 62551 66 0 1788978394 611821
3 62573 65 0 1788978394 613348
3 62601 97 0 1788978394 615777
3 62608 58 0 1788978394 616270
3 62609 61 0 1788978394 616334
3 62613 64 0 1788978394 616574
3 62619 60 0 1788978394 616997
3 62629 72 0 1788978394 617677
3 62632 60 0 1788978394 617861
3 62633 63 0 1788978394 617926
3 62671 64 0 1788978394 620380
3 62686 63 0 1788978394 621429
3 62713 69 0 1788978394 623126
3 62747 73 0 1788978394 625552
3 62784 62 0 1788978394 628039
3 62808 68 0 1788978394 629603
3 62819 60 0 1788978394 630294
3 62824 60 0 1788978394 630596
3 62835 61 0 1788978394 631301
3 62896 64 0 1788978394 635425
3 62913 67 0 1788978394 636577
3 62931 65 0 1788978394 637756
3 62939 58 0 1788978394 638332
3 62954 60 0 1788978394 639281
3 62961 66 0 1788978394 639753
3 63009 57 0 1788978394 643353
3 63012 64 0 1788978394 643548
3 63026 61 0 1788978394 644506
3 63050 62 0 1788978394 646154
3 63102 82 0 1788978394 649640
3 63113 62 0 1788978394 650409
3 63132 97 0 1788978394 651665
3 63157 45 0 1788978394 653153
3 63189 66 0 1788978394 655240
3 63221 60 0 1788978394 657389
3 63253 61 0 1788978394 659502
3 63272 60 0 1788978394 660731
3 63292 73 0 1788978394 662086
3 63298 101 0 1788978394 662562
3 63350 45 0 1788978394 666095
3 63379 50 0 1788978394 667732
3 63385 55 0 1788978394 668082
3 63400 57 0 1788978394 668945
3 63425 60 0 1788978394 670270
3 63439 57 0 1788978394 671008
3 63463 61 0 1788978394 672725
3 63480 56 0 1788978394 673783
3 63485 54 0 1788978394 674093
3 63495 68 0 1788978394 674691
3 63506 64 0 1788978394 675363
3 63538 60 0 1788978394 677428
3 63551 66 0 1788978394 678213
3 63561 57 0 1788978394 678824
3 63564 59 0 1788978394 679004
3 63582 96 0 1788978394 680236
3 63594 57 0 1788978394 681044
3 63603 102 0 1788978394 681634
3 63644 61 0 1788978394 684313
3 63661 57 0 1788978394 685326
3 63675 69 0 1788978394 686224
3 63691 62 0 1788978394 687204
3 63704 82 0 1788978394 688121
3 63705 74 0 1788978394 688198
3 63718 76 0 1788978394 689004
3 63755 55 0 1788978394 691376
3 63764 64 0 1788978394 691916
3 63791 58 0 1788978394 693566
3 63806 60 0 1788978394 694455
3 63824 72 0 1788978394 695729
3 63862 60 0 1788978394 698199
3 63866 61 0 1788978394 698451
3 63884 62 0 1788978394 699557
3 63891 66 0 1788978394 700040
3 63894 55 0 1788978394 700218
3 63955 52 0 1788978394 703871
3 63965 73 0 1788978394 704513
3 63966 65 0 1788978394 704581
3 63969 62 0 1788978394 704805
3 63987 65 0 1788978394 706013
3 64012 56 0 1788978394 707570
3 64037 60 0 1788978394 709038
3 64058 81 0 1788978394 710545
3 64061 75 0 1788978394 710788
3 64063 66 0 1788978394 710938
3 64110 64 0 1788978394 714224
3 64115 57 0 1788978394 714512
3 64143 59 0 1788978394 716359
3 64147 59 0 1788978394 716603
3 64155 55 0 1788978394 717082
3 64197 87 0 1788978394 719670
3 64201 57 0 1788978394 719917
3 64235 60 0 1788978394 722023
3 64266 54 0 1788978394 724755
3 64299 65 0 1788978394 726832
3 64360 54 0 1788978394 730406
3 64387 62 0 1788978394 732165
3 64406 56 0 1788978394 733303
3 64433 54 0 1788978394 734987
3 64447 63 0 1788978394 735847
3 64456 56 0 1788978394 736394
3 64463 64 0 1788978394 736878
3 64464 63 0 1788978394 736944
3 64486 53 0 1788978394 738285
3 64488 70 0 1788978394 738413
3 64503 50 0 1788978394 739303
3 64565 67 0 1788978394 743667
3 64669 70 0 1788978394 750487
3 64670 71 0 1788978394 750562
3 64678 58 0 1788978394 751119
3 64681 66 0 1788978394 751326
3 64686 110 0 1788978394 751714
3 64706 55 0 1788978394 753041
3 64732 67 0 1788978394 754703
3 64773 60 0 1788978394 757359
3 64774 63 0 1788978394 757425
3 64777 58 0 1788978394 757608
3 64794 58 0 1788978394 758676
3 64797 61 0 1788978394 758846
3 64822 58 0 1788978394 760520
3 64838 54 0 1788978394 761459
3 64858 107 0 1788978394 762774
3 64886 128 0 1788978394 764723
3 64892 68 0 1788978394 765128
3 64897 57 0 1788978394 765460
3 64936 59 0 1788978394 767872
3 64953 60 0 1788978394 768938
3 64960 59 0 1788978394 769358
3 65007 55 0 1788978394 772290
3 65039 56 0 1788978394 774248
3 65042 60 0 1788978394 774431
3 65047 61 0 1788978394 774739
3 65065 66 0 1788978394 775920
3 65093 72 0 1788978394 777779
3 65107 66 0 1788978394 778743
3 65141 56 0 1788978394 781055
3 65145 66 0 1788978394 781318
3 65148 68 0 1788978394 781532
3 65159 68 0 1788978394 782314
3 65209 56 0 1788978394 785687
3 65210 58 0 1788978394 785751
3 65264 57 0 1788978394 789176
3 65268 58 0 1788978394 789394
3 65278 58 0 1788978394 790035
3 65279 59 0 1788978394 790098
3 65281 58 0 1788978394 790216
3 65286 57 0 1788978394 790513
3 65290 59 0 1788978394 790759
3 65294 58 0 1788978394 791003
3 65333 52 0 1788978394 793520
3 65345 60 0 1788978394 794195
3 65369 62 0 1788978394 795805
3 65385 59 0 1788978394 796854
3 65397 62 0 1788978394 797578
3 65405 65 0 1788978394 798092
3 65433 55 0 1788978394 799848
3 65452 63 0 1788978394 801158
3 65462 60 0 1788978394 801814
3 65498 65 0 1788978394 804139
3 65503 68 0 1788978394 804471
3 65515 0 0 1788978394 805451
3 65558 57 0 1788978394 808197
3 65675 70 0 1788978394 815667
3 65683 64 0 1788978394 816206
3 65700 62 0 1788978394 817279
3 65704 60 0 1788978394 817501
3 65714 56 0 1788978394 818138
3 65718 56 0 1788978394 818369
3 65737 59 0 1788978394 819602
3 65772 59 0 1788978394 821790
3 65802 48 0 1788978394 823576
3 65810 57 0 1788978394 824065
3 65840 67 0 1788978394 825995
3 65865 62 0 1788978394 827736
3 65870 58 0 1788978394 828174
3 65930 53 0 1788978394 832020
3 65936 60 0 1788978394 832389
3 65952 56 0 1788978394 833306
3 65967 56 0 1788978394 834145
3 65968 55 0 1788978394 834205
3 65998 54 0 1788978394 835974
3 66036 96 0 1788978394 838543
3 66093 60 0 1788978394 842150
3 66111 53 0 1788978394 843267
3 66127 56 0 1788978394 844199
3 66130 57 0 1788978394 844373
3 66163 92 0 1788978394 846509
3 66189 53 0 1788978394 848399
3 66206 56 0 1788978394 849400
3 66216 59 0 1788978394 849973
3 66229 62 0 1788978394 850807
3 66269 57 0 1788978394 853085
3 66283 53 0 1788978394 853944
3 66303 54 0 1788978394 855301
3 66320 52 0 1788978394 856450
3 66324 59 0 1788978394 856710
3 66326 55 0 1788978394 856823
3 66331 60 0 1788978394 857121
3 66349 85 0 1788978394 858321
3 66391 65 0 1788978394 861468
3 66405 66 0 1788978394 862468
3 66416 57 0 1788978394 863348
3 66420 90 0 1788978394 863690
3 66472 85 0 1788978394 867744
3 66501 71 0 1788978394 870007
3 66507 82 0 1788978394 870525
3 66524 70 0 1788978394 871936
3 66543 99 0 1788978394 873785
3 66570 60 0 1788978394 875916
3 66596 62 0 1788978394 877879
3 66597 59 0 1788978394 877942
3 66626 55 0 1788978394 879747
3 66662 51 0 1788978394 882073
3 66674 62 0 1788978394 882745
3 66693 65 0 1788978394 884010
3 66696 62 0 1788978394 884215
3 66700 60 0 1788978394 884476
3 66750 89 0 1788978394 887692
3 66751 58 0 1788978394 887753
3 66766 62 0 1788978394 888695
3 66789 65 0 1788978394 890061
3 66801 55 0 1788978394 890824
3 66832 65 0 1788978394 892612
3 66853 61 0 1788978394 893988
3 66865 59 0 1788978394 894744
3 66901 62 0 1788978394 896957
3 66953 51 0 1788978394 900426
3 66967 51 0 1788978394 901503
3 66992 73 0 1788978394 903927
3 67027 75 0 1788978394 906644
3 67037 57 0 1788978394 907326
3 67063 61 0 1788978394 908959
3 67073 55 0 1788978394 909563
3 67091 83 0 1788978394 910806
3 67109 58 0 1788978394 912029
3 67131 63 0 1788978394 913456
3 67156 58 0 1788978394 915149
3 67162 58 0 1788978394 915498
3 67179 68 0 1788978394 916662
3 67189 67 0 1788978394 917374
3 67191 56 0 1788978394 917496
3 67200 66 0 1788978394 918083
3 67203 57 0 1788978394 918286
3 67204 66 0 1788978394 918355
3 67215 64 0 1788978394 919086
3 67254 65 0 1788978394 922494
3 67286 77 0 1788978394 924984
3 67293 78 0 1788978394 925542
3 67327 75 0 1788978394 928051
3 67347 68 0 1788978394 929508
3 67350 74 0 1788978394 929729
3 67382 59 0 1788978394 931910
3 67392 61 0 1788978394 932523
3 67423 65 0 1788978394 934571
3 67441 95 0 1788978394 935797
3 67453 59 0 1788978394 936552
3 67470 84 0 1788978394 937949
3 67473 80 0 1788978394 938203
3 67474 80 0 1788978394 938286
3 67482 74 0 1788978394 939005
3 67540 68 0 1788978394 943460
3 67572 68 0 1788978394 945957
3 67579 62 0 1788978394 946400
3 67602 66 0 1788978394 948067
3 67603 108 0 1788978394 948179
3 67618 71 0 1788978394 949216
3 67662 66 0 1788978394 952645
3 67669 74 0 1788978394 953133
3 67686 80 0 1788978394 954438
3 67694 58 0 1788978394 955010
3 67721 83 0 1788978394 956895
3 67730 89 0 1788978394 957572
3 67733 71 0 1788978394 957802
3 67759 60 0 1788978394 959573
3 67813 65 0 1788978394 962984
3 67824 79 0 1788978394 963829
3 67827 65 0 1788978394 964044
3 67848 65 0 1788978394 965576
3 67855 0 0 1788978394 966118
3 67864 72 0 1788978394 966855
3 67952 79 0 1788978394 973183
3 68011 73 0 1788978394 977356
3 68013 67 0 1788978394 977527
3 68017 91 0 1788978394 977930
3 68032 72 0 1788978394 979031
3 68044 58 0 1788978394 979770
3 68064 71 0 1788978394 981157
3 68080 64 0 1788978394 982309
3 68094 82 0 1788978394 983433
3 68152 86 0 1788978394 987378
3 68153 83 0 1788978394 987465
3 68174 65 0 1788978394 988897
3 68183 57 0 1788978394 989504
3 68188 55 0 1788978394 989884
3 68195 54 0 1788978394 990271
3 68200 54 0 1788978394 990547
3 68204 64 0 1788978394 990797
3 68250 54 0 1788978394 993599
3 68258 55 0 1788978394 994092
3 68262 55 0 1788978394 994314
3 68286 49 0 1788978394 995729
3 68330 78 0 1788978394 998432
3 68334 70 0 1788978394 998803
3 68340 88 0 1788978394 999340
3 68345 107 0 1788978394 999856
3 68355 54 0 1788978395 470
3 68356 83 0 1788978395 556
3 68370 79 0 1788978395 1501
3 68411 77 0 1788978395 4372
3 68418 57 0 1788978395 4845
3 68422 58 0 1788978395 5078
3 68443 77 0 1788978395 6588
3 68451 61 0 1788978395 7193
3 68454 54 0 1788978395 7362
3 68459 86 0 1788978395 7693
3 68482 66 0 1788978395 9333
3 68556 62 0 1788978395 14218
3 68580 76 0 1788978395 15663
3 68604 57 0 1788978395 17265
3 68635 74 0 1788978395 19399
3 68640 83 0 1788978395 19789
3 68649 59 0 1788978395 20415
3 68659 56 0 1788978395 21035
3 68704 81 0 1788978395 23775
3 68728 65 0 1788978395 25218
3 68757 57 0 1788978395 27185
3 68759 55 0 1788978395 27301
3 68761 55 0 1788978395 27413
3 68764 66 0 1788978395 27590
3 68799 55 0 1788978395 29807
3 68812 65 0 1788978395 30713
3 68814 65 0 1788978395 30854
3 68823 65 0 1788978395 31447
3 68842 65 0 1788978395 32717
3 68869 93 0 1788978395 34701
3 68891 60 0 1788978395 36366
3 68913 69 0 1788978395 37748
3 68950 65 0 1788978395 40351
3 68962 72 0 1788978395 41187
3 68965 65 0 1788978395 41392
3 68977 66 0 1788978395 42318
3 68983 54 0 1788978395 42690
3 68999 73 0 1788978395 43646
3 69004 72 0 1788978395 43948
3 69018 61 0 1788978395 44846
3 69050 57 0 1788978395 47042
3 69081 56 0 1788978395 49140
3 69114 68 0 1788978395 51196
3 69139 57 0 1788978395 52829
3 69179 61 0 1788978395 55431
3 69204 83 0 1788978395 57104
3 69210 57 0 1788978395 57468
3 69253 66 0 1788978395 60306
3 69303 85 0 1788978395 63469
3 69310 62 0 1788978395 63974
3 69315 69 0 1788978395 64288
3 69334 56 0 1788978395 65492
3 69346 72 0 1788978395 66248
3 69352 69 0 1788978395 66629
3 69376 69 0 1788978395 68341
3 69389 59 0 1788978395 69163
3 69411 54 0 1788978395 70424
3 69416 56 0 1788978395 70709
3 69451 80 0 1788978395 72827
3 69452 71 0 1788978395 72903
3 69471 72 0 1788978395 74193
3 69481 82 0 1788978395 74856
3 69489 70 0 1788978395 75477
3 69529 58 0 1788978395 77922
3 69591 58 0 1788978395 82186
3 69594 79 0 1788978395 82437
3 69596 61 0 1788978395 82569
3 69608 55 0 1788978395 83351
3 69623 54 0 1788978395 84243
3 69639 56 0 1788978395 85189
3 69653 60 0 1788978395 86084
3 69671 67 0 1788978395 87251
3 69690 62 0 1788978395 88451
3 69704 66 0 1788978395 89474
3 69759 63 0 1788978395 93163
3 69786 61 0 1788978395 94929
3 69793 54 0 1788978395 95376
3 69810 64 0 1788978395 96500
3 69833 66 0 1788978395 98046
3 69837 64 0 1788978395 98299
3 69862 58 0 1788978395 99923
3 69906 69 0 1788978395 102709
3 69960 70 0 1788978395 106382
3 69963 55 0 1788978395 106565
3 69975 54 0 1788978395 107253
3 69981 83 0 1788978395 107643
3 70073 52 0 1788978395 113344
3 70076 51 0 1788978395 113503
3 70082 49 0 1788978395 113833
3 70141 71 0 1788978395 117805
3 70171 70 0 1788978395 119940
3 70210 61 0 1788978395 122430
3 70267 64 0 1788978395 126181
3 70277 70 0 1788978395 126833
3 70302 63 0 1788978395 128493
3 70309 70 0 1788978395 128948
3 70318 63 0 1788978395 129513
3 70322 64 0 1788978395 129786
3 70328 65 0 1788978395 130241
3 70331 69 0 1788978395 130450
3 70394 65 0 1788978395 134942
3 70451 64 0 1788978395 138582
3 70461 62 0 1788978395 139328
3 70509 59 0 1788978395 142461
3 70525 58 0 1788978395 143409
3 70542 57 0 1788978395 144443
3 70546 92 0 1788978395 144722
3 70556 64 0 1788978395 145552
3 70570 63 0 1788978395 146758
3 70655 102 0 1788978395 152949
3 70672 65 0 1788978395 154184
3 70693 58 0 1788978395 155539
3 70716 65 0 1788978395 156998
3 70725 56 0 1788978395 157539
3 70736 54 0 1788978395 158350
3 70746 60 0 1788978395 158955
3 70762 74 0 1788978395 160149
3 70770 93 0 1788978395 160789
3 70791 65 0 1788978395 162540
3 70836 67 0 1788978395 165475
3 70848 67 0 1788978395 166294
3 70907 64 0 1788978395 170502
3 70917 68 0 1788978395 171192
3 70927 63 0 1788978395 171900
3 70970 68 0 1788978395 175099
3 71002 64 0 1788978395 177356
3 71028 59 0 1788978395 179183
3 71033 96 0 1788978395 179633
3 71034 83 0 1788978395 179719
3 71051 54 0 1788978395 180814
3 71086 60 0 1788978395 183060
3 71091 70 0 1788978395 183392
3 71115 107 0 1788978395 185115
3 71117 77 0 1788978395 185276
3 71139 68 0 1788978395 186871
3 71149 56 0 1788978395 187611
3 71153 67 0 1788978395 187909
3 71163 95 0 1788978395 188668
3 71187 72 0 1788978395 190495
3 71199 73 0 1788978395 191433
3 71207 83 0 1788978395 192207
3 71214 82 0 1788978395 192784
3 71221 57 0 1788978395 193277
3 71226 58 0 1788978395 193574
3 71259 69 0 1788978395 195918
3 71271 54 0 1788978395 196696
3 71286 67 0 1788978395 197774
3 71304 57 0 1788978395 198912
3 71380 67 0 1788978395 204164
3 71390 73 0 1788978395 204868
3 71416 83 0 1788978395 206747
3 71435 62 0 1788978395 207946
3 71436 62 0 1788978395 208011
3 71458 58 0 1788978395 209417
3 71476 62 0 1788978395 210546
3 71494 57 0 1788978395 211783
3 71506 95 0 1788978395 212641
3 71508 62 0 1788978395 212782
3 71525 59 0 1788978395 213954
3 71529 53 0 1788978395 214190
3 71579 60 0 1788978395 217368
3 71582 70 0 1788978395 217577
3 71653 54 0 1788978395 221999
3 71706 62 0 1788978395 225553
3 71716 59 0 1788978395 226175
3 71718 58 0 1788978395 226295
3 71735 55 0 1788978395 227422
3 71742 55 0 1788978395 227824
3 71751 55 0 1788978395 228378
3 71757 56 0 1788978395 228723
3 71786 62 0 1788978395 230502
3 71799 81 0 1788978395 231365
3 71804 61 0 1788978395 231696
3 71810 60 0 1788978395 232064
3 71821 84 0 1788978395 232845
3 71839 57 0 1788978395 234113
3 71859 59 0 1788978395 235357
3 71883 71 0 1788978395 237108
3 71884 69 0 1788978395 237181
3 71885 66 0 1788978395 237251
3 71919 69 0 1788978395 239606
3 72054 69 0 1788978395 249406
3 72068 102 0 1788978395 250697
3 72076 62 0 1788978395 251307
3 72082 104 0 1788978395 251854
3 72087 86 0 1788978395 252287
3 72147 57 0 1788978395 256822
3 72149 57 0 1788978395 256941
3 72184 64 0 1788978395 259080
3 72240 66 0 1788978395 263129
3 72285 58 0 1788978395 266451
3 72341 59 0 1788978395 270154
3 72419 58 0 1788978395 275091
3 72427 74 0 1788978395 275730
3 72464 61 0 1788978395 278509
3 72481 67 0 1788978395 279775
3 72490 58 0 1788978395 280314
3 72533 64 0 1788978395 283127
3 72539 69 0 1788978395 283483
3 72548 54 0 1788978395 284056
3 72591 54 0 1788978395 286555
3 72594 55 0 1788978395 286745
3 72618 71 0 1788978395 288337
3 72626 65 0 1788978395 288905
3 72654 64 0 1788978395 290803
3 72662 69 0 1788978395 291365
3 72697 73 0 1788978395 293524
3 72725 57 0 1788978395 295413
3 72738 61 0 1788978395 296219
3 72767 63 0 1788978395 298013
3 72778 64 0 1788978395 298695
3 72785 71 0 1788978395 299170
3 72793 81 0 1788978395 299686
3 72798 68 0 1788978395 300015
3 72822 57 0 1788978395 301542
3 72827 64 0 1788978395 301879
3 72835 71 0 1788978395 302455
3 72865 54 0 1788978395 304247
3 72908 55 0 1788978395 307035
3 72914 60 0 1788978395 307394
3 72938 63 0 1788978395 309147
3 72944 64 0 1788978395 309580
3 72968 68 0 1788978395 311280
3 72984 0 0 1788978395 312345
3 73003 60 0 1788978395 313689
3 73025 86 0 1788978395 315223
3 73026 70 0 1788978395 315298
3 73044 79 0 1788978395 316844
3 73045 71 0 1788978395 316919
3 73053 75 0 1788978395 317504
3 73082 86 0 1788978395 319891
3 73092 72 0 1788978395 320594
3 73136 55 0 1788978395 324031
3 73139 55 0 1788978395 324201
3 73185 78 0 1788978395 327725
3 73190 58 0 1788978395 328051
3 73235 64 0 1788978395 330999
3 73328 67 0 1788978395 338236
3 73389 65 0 1788978395 342414
3 73393 57 0 1788978395 342708
3 73406 61 0 1788978395 343528
3 73414 65 0 1788978395 344099
3 73431 66 0 1788978395 345214
3 73452 77 0 1788978395 346688
3 73462 65 0 1788978395 347391
3 73467 61 0 1788978395 347734
3 73493 65 0 1788978395 349490
3 73506 63 0 1788978395 350394
3 73509 86 0 1788978395 350638
3 73517 60 0 1788978395 351178
3 73559 90 0 1788978395 353957
3 73566 55 0 1788978395 354445
3 73596 58 0 1788978395 356290
3 73632 61 0 1788978395 358491
3 73633 60 0 1788978395 358555
3 73639 55 0 1788978395 358935
3 73674 53 0 1788978395 361246
3 73681 89 0 1788978395 361699
3 73693 60 0 1788978395 362397
3 73702 58 0 1788978395 362955
3 73761 60 0 1788978395 366554
3 73799 54 0 1788978395 369061
3 73806 61 0 1788978395 369487
3 73821 60 0 1788978395 370404
3 73891 65 0 1788978395 374884
3 73892 65 0 1788978395 374954
3 73911 0 0 1788978395 376247
3 73944 86 0 1788978395 379076
3 73973 145 0 1788978395 381721
3 73975 90 0 1788978395 381907
3 73986 77 0 1788978395 382870
3 74001 98 0 1788978395 384110
3 74011 63 0 1788978395 384859
3 74015 78 0 1788978395 385175
3 74017 69 0 1788978395 385322
3 74028 60 0 1788978395 386131
3 74057 76 0 1788978395 388367
3 74116 69 0 1788978395 392577
3 74117 77 0 1788978395 392658
3 74127 121 0 1788978395 393428
3 74138 59 0 1788978395 394198
3 74142 59 0 1788978395 394439
3 74144 68 0 1788978395 394568
3 74167 82 0 1788978395 396046
3 74193 91 0 1788978395 397989
3 74211 109 0 1788978395 399446
3 74214 168 0 1788978395 399826
3 74229 76 0 1788978395 401358
3 74234 58 0 1788978395 401763
3 74258 75 0 1788978395 403596
3 74271 53 0 1788978395 404386
3 74301 0 0 1788978395 406781
3 74350 57 0 1788978395 410579
3 74352 65 0 1788978395 410718
3 74446 65 0 1788978395 417029
3 74450 61 0 1788978395 417283
3 74453 63 0 1788978395 417473
3 74479 77 0 1788978395 419163
3 74488 64 0 1788978395 419792
3 74528 95 0 1788978395 422811
3 74562 66 0 1788978395 425102
3 74652 61 0 1788978395 431165
3 74687 101 0 1788978395 433640
3 74711 57 0 1788978395 435225
3 74730 116 0 1788978395 436673
3 74781 68 0 1788978395 439997
3 74793 64 0 1788978395 440858
3 74802 68 0 1788978395 441562
3 74808 75 0 1788978395 442041
3 74809 74 0 1788978395 442118
3 74814 84 0 1788978395 442542
3 74830 73 0 1788978395 443917
3 74831 0 0 1788978395 444000
3 74832 81 0 1788978395 444083
3 74853 66 0 1788978395 445477
3 74866 77 0 1788978395 446511
3 74872 64 0 1788978395 446926
3 74901 60 0 1788978395 448817
3 74978 66 0 1788978395 454297
3 75021 56 0 1788978395 457457
3 75045 81 0 1788978395 459241
3 75055 63 0 1788978395 459965
3 75137 60 0 1788978395 465180
3 75142 54 0 1788978395 465476
3 75145 66 0 1788978395 465716
3 75151 61 0 1788978395 466121
3 75172 58 0 1788978395 467415
3 75183 49 0 1788978395 468065
3 75194 61 0 1788978395 468778
3 75224 87 0 1788978395 470692
3 75231 55 0 1788978395 471151
3 75243 77 0 1788978395 471926
3 75326 60 0 1788978395 477314
3 75361 59 0 1788978395 479773
3 75371 63 0 1788978395 480401
3 75373 54 0 1788978395 480520
3 75397 56 0 1788978395 482089
3 75424 60 0 1788978395 483785
3 75425 59 0 1788978395 483847
3 75485 73 0 1788978395 488052
3 75487 70 0 1788978395 488195
3 75513 61 0 1788978395 489997
3 75530 86 0 1788978395 491087
3 75547 108 0 1788978395 492261
3 75586 65 0 1788978395 495085
3 75605 69 0 1788978395 496407
3 75650 61 0 1788978395 499300
3 75659 75 0 1788978395 499934
3 75754 69 0 1788978395 506307
3 75762 73 0 1788978395 506931
3 75799 67 0 1788978395 509212
3 75812 62 0 1788978395 509999
3 75825 63 0 1788978395 510827
3 75828 60 0 1788978395 511016
3 75837 60 0 1788978395 511570
3 75852 101 0 1788978395 512671
3 75915 55 0 1788978395 516571
3 75929 63 0 1788978395 517496
3 75944 64 0 1788978395 518442
3 75955 66 0 1788978395 519159
3 75961 70 0 1788978395 519602
3 75998 60 0 1788978395 522247
3 76004 74 0 1788978395 522639
3 76050 64 0 1788978395 525930
3 76082 64 0 1788978395 528028
3 76097 67 0 1788978395 529049
3 76102 75 0 1788978395 529471
3 76105 76 0 1788978395 529714
3 76117 62 0 1788978395 530514
3 76124 64 0 1788978395 530998
3 76180 96 0 1788978395 534691
3 76208 57 0 1788978395 536474
3 76248 56 0 1788978395 538952
3 76262 77 0 1788978395 539978
3 76263 69 0 1788978395 540051
3 76269 70 0 1788978395 540494
3 76280 59 0 1788978395 541341
3 76288 56 0 1788978395 541830
3 76293 72 0 1788978395 542136
3 76295 67 0 1788978395 542274
3 76384 75 0 1788978395 548307
3 76418 81 0 1788978395 550514
3 76439 98 0 1788978395 552161
3 76440 85 0 1788978395 552250
3 76456 69 0 1788978395 553549
3 76497 87 0 1788978395 556643
3 76504 70 0 1788978395 557097
3 76505 67 0 1788978395 557168
3 76514 62 0 1788978395 557759
3 76516 56 0 1788978395 557878
3 76525 66 0 1788978395 558498
3 76537 70 0 1788978395 559368
3 76557 68 0 1788978395 560648
3 76627 57 0 1788978395 564968
3 76632 57 0 1788978395 565259
3 76638 95 0 1788978395 565649
3 76672 58 0 1788978395 567946
3 76726 65 0 1788978395 571516
3 76728 95 0 1788978395 571691
3 76765 59 0 1788978395 574090
3 76776 67 0 1788978395 574769
3 76787 62 0 1788978395 575449
3 76841 63 0 1788978395 579199
3 76856 65 0 1788978395 580350
3 76872 66 0 1788978395 581388
3 76886 67 0 1788978395 582333
3 76891 86 0 1788978395 582672
3 76906 88 0 1788978395 583635
3 76908 69 0 1788978395 583775
3 76952 64 0 1788978395 586698
3 76970 61 0 1788978395 587861
3 77019 55 0 1788978395 590760
3 77029 54 0 1788978395 591314
3 77040 66 0 1788978395 592050
3 77051 62 0 1788978395 592749
3 77070 53 0 1788978395 594001
3 77073 52 0 1788978395 594164
3 77102 67 0 1788978395 596060
3 77118 82 0 1788978395 597170
3 77162 65 0 1788978395 600044
3 77171 73 0 1788978395 600815
3 77204 174 0 1788978395 603763
3 77241 85 0 1788978395 606611
3 77262 76 0 1788978395 608223
3 77277 66 0 1788978395 609249
3 77342 137 0 1788978395 614692
3 77347 98 0 1788978395 615175
3 77360 70 0 1788978395 617015
3 77371 73 0 1788978395 618175
3 77382 68 0 1788978395 618861
3 77390 56 0 1788978395 619347
3 77396 60 0 1788978395 619711
3 77419 62 0 1788978395 621473
3 77451 92 0 1788978395 624034
3 77495 60 0 1788978395 627563
3 77508 67 0 1788978395 628485
3 77527 90 0 1788978395 630065
3 77546 77 0 1788978395 631388
3 77596 81 0 1788978395 635125
3 77649 98 0 1788978395 639271
3 77664 72 0 1788978395 640545
3 77675 65 0 1788978395 641456
3 77682 68 0 1788978395 641994
3 77689 75 0 1788978395 642566
3 77704 67 0 1788978395 643859
3 77713 64 0 1788978395 644449
3 77714 65 0 1788978395 644517
3 77729 65 0 1788978395 645877
3 77735 63 0 1788978395 646323
3 77747 63 0 1788978395 647127
3 77761 67 0 1788978395 648079
3 77770 66 0 1788978395 648829
3 77772 87 0 1788978395 649024
3 77776 73 0 1788978395 649340
3 77787 66 0 1788978395 650109
3 77791 69 0 1788978395 650391
3 77793 77 0 1788978395 650547
3 77839 65 0 1788978395 653610
3 77847 60 0 1788978395 654255
3 77848 70 0 1788978395 654328
3 77853 91 0 1788978395 654688
3 77886 72 0 1788978395 657207
3 77900 92 0 1788978395 658605
3 77904 92 0 1788978395 658989
3 77908 0 0 1788978395 660225
3 77974 62 0 1788978395 664781
3 77992 60 0 1788978395 666019
3 78058 106 0 1788978395 671920
3 78067 69 0 1788978395 673329
3 78073 102 0 1788978395 673855
3 78097 69 0 1788978395 675733
3 78145 81 0 1788978395 680066
3 78146 87 0 1788978395 680158
3 78162 63 0 1788978395 681329
3 78171 67 0 1788978395 682010
3 78201 62 0 1788978395 684112
3 78205 55 0 1788978395 684352
3 78223 63 0 1788978395 685517
3 78227 57 0 1788978395 685790
3 78235 57 0 1788978395 686272
3 78271 71 0 1788978395 688620
3 78279 69 0 1788978395 689136
3 78283 63 0 1788978395 689394
3 78305 70 0 1788978395 690879
3 78312 73 0 1788978395 691368
3 78316 100 0 1788978395 691673
3 78340 63 0 1788978395 693481
3 78342 78 0 1788978395 693627
3 78370 57 0 1788978395 695437
3 78413 57 0 1788978395 698184
3 78428 88 0 1788978395 699081
3 78456 66 0 1788978395 700968
3 78497 69 0 1788978395 703763
3 78498 64 0 1788978395 703830
3 78505 67 0 1788978395 704299
3 78526 69 0 1788978395 705740
3 78559 66 0 1788978395 707834
3 78580 57 0 1788978395 709184
3 78606 57 0 1788978395 710789
3 78609 58 0 1788978395 710965
3 78645 64 0 1788978395 713599
3 78657 69 0 1788978395 714406
3 78660 63 0 1788978395 714599
3 78687 68 0 1788978395 716355
3 78709 64 0 1788978395 717819
3 78715 59 0 1788978395 718215
3 78726 65 0 1788978395 718893
3 78757 61 0 1788978395 720773
3 78764 64 0 1788978395 721240
3 78765 64 0 1788978395 721308
3 78787 89 0 1788978395 722891
3 78791 59 0 1788978395 723168
3 78820 52 0 1788978395 725030
3 78831 81 0 1788978395 725698
3 78835 61 0 1788978395 725966
3 78849 62 0 1788978395 726852
3 78853 66 0 1788978395 727118
3 78874 64 0 1788978395 728530
3 78922 87 0 1788978395 731649
3 78936 68 0 1788978395 732587
3 78963 57 0 1788978395 734326
3 78974 62 0 1788978395 735090
3 78986 61 0 1788978395 735852
3 78987 60 0 1788978395 735915
3 78991 57 0 1788978395 736153
3 78999 75 0 1788978395 736684
3 79015 66 0 1788978395 737735
3 79056 61 0 1788978395 740520
3 79070 57 0 1788978395 741342
3 79084 60 0 1788978395 742341
3 79089 63 0 1788978395 742660
3 79093 56 0 1788978395 742892
3 79100 56 0 1788978395 743292
3 79108 57 0 1788978395 743756
3 79116 86 0 1788978395 744254
3 79181 71 0 1788978395 748696
3 79182 65 0 1788978395 748765
3 79254 83 0 1788978395 753888
3 79341 78 0 1788978395 759918
3 79346 63 0 1788978395 760409
3 79354 60 0 1788978395 760933
3 79366 87 0 1788978395 761725
3 79394 65 0 1788978395 763704
3 79448 81 0 1788978395 767493
3 79488 62 0 1788978395 770182
3 79499 59 0 1788978395 770862
3 79552 56 0 1788978395 774066
3 79579 76 0 1788978395 775684
3 79580 59 0 1788978395 775746
3 79607 52 0 1788978395 777375
3 79640 105 0 1788978395 779699
3 79680 55 0 1788978395 782500
3 79717 62 0 1788978395 785123
3 79748 66 0 1788978395 787217
3 79754 65 0 1788978395 787630
3 79788 62 0 1788978395 789744
3 79793 61 0 1788978395 790065
3 79816 65 0 1788978395 791567
3 79832 52 0 1788978395 792599
3 79848 58 0 1788978395 793588
3 79851 66 0 1788978395 793795
3 79868 52 0 1788978395 794843
3 79880 71 0 1788978395 795699
3 79898 53 0 1788978395 796983
3 79922 57 0 1788978395 798595
3 79939 78 0 1788978395 799738
3 80010 80 0 1788978395 804449
3 80043 71 0 1788978395 806798
3 80065 61 0 1788978395 808246
3 80068 62 0 1788978395 808431
3 80129 85 0 1788978395 812798
3 80145 77 0 1788978395 813831
3 80149 65 0 1788978395 814127
3 80150 59 0 1788978395 814191
3 80155 56 0 1788978395 814535
3 80157 90 0 1788978395 814683
3 80160 62 0 1788978395 814887
3 80164 89 0 1788978395 815234
3 80165 80 0 1788978395 815318
3 80177 72 0 1788978395 816172
3 80181 108 0 1788978395 816502
3 80196 61 0 1788978395 817445
3 80200 69 0 1788978395 817723
3 80216 66 0 1788978395 818790
3 80219 59 0 1788978395 818972
3 80291 89 0 1788978395 824083
3 80302 59 0 1788978395 824841
3 80310 58 0 1788978395 825312
3 80334 58 0 1788978395 826762
3 80349 64 0 1788978395 827682
3 80358 62 0 1788978395 828286
3 80360 66 0 1788978395 828424
3 80384 64 0 1788978395 830094
3 80404 65 0 1788978395 831554
3 80433 114 0 1788978395 833908
3 80437 80 0 1788978395 834265
3 80459 70 0 1788978395 835991
3 80460 73 0 1788978395 836068
3 80527 55 0 1788978395 841315
3 80528 62 0 1788978395 841382
3 80552 79 0 1788978395 843413
3 80570 93 0 1788978395 844884
3 80603 63 0 1788978395 847025
3 80652 70 0 1788978395 850794
3 80670 68 0 1788978395 852060
3 80700 68 0 1788978395 854217
3 80734 60 0 1788978395 856406
3 80763 108 0 1788978395 858563
3 80785 65 0 1788978395 860385
3 80793 86 0 1788978395 860981
3 80811 59 0 1788978395 862392
3 80830 83 0 1788978395 864119
3 80837 97 0 1788978395 864699
3 80861 89 0 1788978395 866932
3 80885 70 0 1788978395 868878
3 80919 66 0 1788978395 871828
3 80966 581 0 1788978395 876679
3 81023 64 0 1788978395 880874
3 81025 70 0 1788978395 881016
3 81099 63 0 1788978395 885976
3 81111 66 0 1788978395 886738
3 81124 57 0 1788978395 887561
3 81127 58 0 1788978395 887771
3 81129 57 0 1788978395 887888
3 81210 61 0 1788978395 893048
3 81248 55 0 1788978395 895464
3 81265 69 0 1788978395 896588
3 81289 63 0 1788978395 898194
3 81299 56 0 1788978395 898842
3 81331 63 0 1788978395 900907
3 81335 70 0 1788978395 901181
3 81336 71 0 1788978395 901254
3 81353 59 0 1788978395 902352
3 81356 61 0 1788978395 902564
3 81392 64 0 1788978395 904948
3 81395 63 0 1788978395 905147
3 81407 59 0 1788978395 905924
3 81420 68 0 1788978395 906723
3 81451 75 0 1788978395 908770
3 81469 68 0 1788978395 909993
3 81503 70 0 1788978395 912603
3 81513 58 0 1788978395 913374
3 81549 53 0 1788978395 915393
3 81579 53 0 1788978395 917072
3 81591 56 0 1788978395 917763
3 81613 60 0 1788978395 919056
3 81619 64 0 1788978395 919453
3 81635 55 0 1788978395 920410
3 81701 62 0 1788978395 924525
3 81719 74 0 1788978395 925660
3 81728 62 0 1788978395 926212
3 81732 68 0 1788978395 926479
3 81776 62 0 1788978395 929376
3 81781 68 0 1788978395 929714
3 81788 79 0 1788978395 930205
3 81794 56 0 1788978395 930574
3 81879 63 0 1788978395 936247
3 81889 81 0 1788978395 936985
3 81960 51 0 1788978395 941433
3 81981 74 0 1788978395 942711
3 81994 62 0 1788978395 943578
3 82069 63 0 1788978395 948928
3 82096 61 0 1788978395 950931
3 82117 59 0 1788978395 952253
3 82127 77 0 1788978395 952915
3 82168 66 0 1788978395 955511
3 82207 60 0 1788978395 958069
3 82222 58 0 1788978395 959017
3 82310 67 0 1788978395 964685
3 82314 65 0 1788978395 964956
3 82315 63 0 1788978395 965021
3 82317 61 0 1788978395 965149
3 82339 88 0 1788978395 966604
3 82340 87 0 1788978395 966695
3 82344 63 0 1788978395 966979
3 82381 57 0 1788978395 969508
3 82396 55 0 1788978395 970494
3 82399 68 0 1788978395 970677
3 82460 54 0 1788978395 974383
3 82483 57 0 1788978395 975792
3 82523 65 0 1788978395 978197
3 82527 60 0 1788978395 978446
3 82528 62 0 1788978395 978510
3 82549 78 0 1788978395 979941
3 82594 64 0 1788978395 982820
3 82613 76 0 1788978395 984375
3 82623 54 0 1788978395 984979
3 82659 61 0 1788978395 987240
3 82681 60 0 1788978395 988781
3 82706 63 0 1788978395 990356
3 82733 67 0 1788978395 992167
3 82735 60 0 1788978395 992297
3 82736 56 0 1788978395 992356
3 82771 66 0 1788978395 994594
3 82795 59 0 1788978395 996171
3 82804 61 0 1788978395 996728
3 82827 62 0 1788978395 998296
3 82855 79 0 1788978396 335
3 82918 60 0 1788978396 4686
3 82928 66 0 1788978396 5344
3 82930 71 0 1788978396 5487
3 82945 67 0 1788978396 6603
3 82959 88 0 1788978396 7651
3 82969 54 0 1788978396 8221
3 83020 59 0 1788978396 11777
3 83044 57 0 1788978396 13454
3 83055 56 0 1788978396 14189
3 83072 54 0 1788978396 15184
3 83075 50 0 1788978396 15348
3 83082 56 0 1788978396 15755
3 83084 53 0 1788978396 15868
3 83094 72 0 1788978396 16456
3 83098 55 0 1788978396 16756
3 83099 64 0 1788978396 16826
3 83115 55 0 1788978396 17874
3 83120 67 0 1788978396 18199
3 83143 66 0 1788978396 19670
3 83148 80 0 1788978396 20003
3 83180 69 0 1788978396 22122
3 83186 64 0 1788978396 22549
3 83196 64 0 1788978396 23266
3 83244 64 0 1788978396 26443
3 83248 58 0 1788978396 26724
3 83271 61 0 1788978396 28194
3 83299 66 0 1788978396 30106
3 83318 67 0 1788978396 31275
3 83319 69 0 1788978396 31348
3 83363 56 0 1788978396 34105
3 83377 59 0 1788978396 34945
3 83378 62 0 1788978396 35010
3 83394 62 0 1788978396 36007
3 83402 56 0 1788978396 36558
3 83417 72 0 1788978396 37578
3 83443 65 0 1788978396 39299
3 83447 60 0 1788978396 39550
3 83451 75 0 1788978396 39817
3 83452 75 0 1788978396 39936
3 83477 70 0 1788978396 41624
3 83483 63 0 1788978396 42028
3 83502 61 0 1788978396 43245
3 83546 105 0 1788978396 46268
3 83564 65 0 1788978396 47501
3 83583 77 0 1788978396 48835
3 83606 59 0 1788978396 50388
3 83621 57 0 1788978396 51317
3 83627 67 0 1788978396 51683
3 83631 72 0 1788978396 51942
3 83653 57 0 1788978396 53291
3 83655 55 0 1788978396 53407
3 83701 63 0 1788978396 56312
3 83706 90 0 1788978396 56678
3 83716 54 0 1788978396 57285
3 83724 48 0 1788978396 57783
3 83765 54 0 1788978396 60329
3 83777 56 0 1788978396 61057
3 83781 55 0 1788978396 61283
3 83784 56 0 1788978396 61452
3 83823 80 0 1788978396 63747
3 83837 70 0 1788978396 64726
3 83850 51 0 1788978396 65529
3 83893 58 0 1788978396 68039
3 83894 65 0 1788978396 68107
3 83911 57 0 1788978396 69128
3 83936 85 0 1788978396 70674
3 83951 52 0 1788978396 71535
3 83976 67 0 1788978396 73068
3 83983 55 0 1788978396 73500
3 84020 62 0 1788978396 75653
3 84041 64 0 1788978396 76933
3 84079 68 0 1788978396 79524
3 84108 58 0 1788978396 81342
3 84111 57 0 1788978396 81517
3 84131 61 0 1788978396 82722
3 84149 64 0 1788978396 83870
3 84150 57 0 1788978396 83931
3 84158 53 0 1788978396 84422
3 84162 88 0 1788978396 84688
3 84228 56 0 1788978396 88736
3 84248 65 0 1788978396 89975
3 84258 66 0 1788978396 90662
3 84301 56 0 1788978396 93375
3 84355 56 0 1788978396 96743
3 84356 56 0 1788978396 96805
3 84361 70 0 1788978396 97132
3 84373 69 0 1788978396 97914
3 84379 68 0 1788978396 98337
3 84405 56 0 1788978396 100054
3 84407 58 0 1788978396 100169
3 84413 57 0 1788978396 100512
3 84419 60 0 1788978396 100864
3 84430 52 0 1788978396 101475
3 84442 59 0 1788978396 102193
3 84464 59 0 1788978396 103577
3 84480 82 0 1788978396 104800
3 84505 79 0 1788978396 106665
3 84510 76 0 1788978396 107066
3 84536 61 0 1788978396 108621
3 84551 68 0 1788978396 109617
3 84587 69 0 1788978396 112079
3 84596 111 0 1788978396 112720
3 84598 74 0 1788978396 112888
3 84622 104 0 1788978396 114649
3 84630 75 0 1788978396 115271
3 84654 72 0 1788978396 117029
3 84684 76 0 1788978396 119233
3 84693 84 0 1788978396 119949
3 84713 65 0 1788978396 121433
3 84767 77 0 1788978396 125263
3 84785 73 0 1788978396 126534
3 84811 65 0 1788978396 128299
3 84816 82 0 1788978396 128692
3 84832 64 0 1788978396 129846
3 84834 73 0 1788978396 130000
3 84875 59 0 1788978396 132817
3 84895 54 0 1788978396 134002
3 84899 63 0 1788978396 134263
3 84901 62 0 1788978396 134394
3 84913 73 0 1788978396 135198
3 84924 59 0 1788978396 135905
3 84970 58 0 1788978396 139000
3 84987 55 0 1788978396 140070
3 84999 58 0 1788978396 140738
3 85008 57 0 1788978396 141327
3 85043 73 0 1788978396 143591
3 85074 55 0 1788978396 145429
3 85085 75 0 1788978396 146094
3 85094 70 0 1788978396 146812
3 85114 72 0 1788978396 148328
3 85147 54 0 1788978396 150444
3 85165 62 0 1788978396 151497
3 85218 64 0 1788978396 154707
3 85219 62 0 1788978396 154774
3 85223 57 0 1788978396 155031
3 85231 56 0 1788978396 155486
3 85239 61 0 1788978396 155971
3 85267 61 0 1788978396 157646
3 85285 86 0 1788978396 158662
3 85337 52 0 1788978396 161949
3 85347 63 0 1788978396 162533
3 85352 58 0 1788978396 162851
3 85371 53 0 1788978396 164024
3 85402 53 0 1788978396 165868
3 85404 55 0 1788978396 165983
3 85413 56 0 1788978396 166507
3 85416 61 0 1788978396 166690
3 85418 72 0 1788978396 166841
3 85449 0 0 1788978396 168745
3 85453 77 0 1788978396 169064
3 85456 70 0 1788978396 169276
3 85502 93 0 1788978396 172514
3 85512 61 0 1788978396 173309
3 85515 60 0 1788978396 173487
3 85524 57 0 1788978396 174052
3 85537 53 0 1788978396 174813
3 85540 58 0 1788978396 174977
3 85558 67 0 1788978396 176101
3 85563 58 0 1788978396 176390
3 85573 73 0 1788978396 177077
3 85589 72 0 1788978396 178127
3 85604 60 0 1788978396 179121
3 85632 50 0 1788978396 180795
3 85635 62 0 1788978396 180973
3 85686 56 0 1788978396 184292
3 85727 61 0 1788978396 186752
3 85803 77 0 1788978396 192290
3 85819 53 0 1788978396 193443
3 85835 64 0 1788978396 194454
3 85840 66 0 1788978396 194777
3 85913 57 0 1788978396 199172
3 85922 68 0 1788978396 199732
3 85945 68 0 1788978396 201240
3 85950 60 0 1788978396 201550
3 85961 58 0 1788978396 202282
3 85986 65 0 1788978396 203886
3 86019 53 0 1788978396 205953
3 86039 65 0 1788978396 207171
3 86066 48 0 1788978396 208810
3 86073 55 0 1788978396 209255
3 86074 54 0 1788978396 209314
3 86103 55 0 1788978396 211138
3 86126 55 0 1788978396 212558
3 86137 62 0 1788978396 213218
3 86154 53 0 1788978396 214216
3 86155 57 0 1788978396 214276
3 86174 60 0 1788978396 215504
3 86179 68 0 1788978396 215852
3 86190 55 0 1788978396 216497
3 86235 57 0 1788978396 219273
3 86238 77 0 1788978396 219470
3 86239 104 0 1788978396 219579
3 86262 57 0 1788978396 220946
3 86275 52 0 1788978396 221702
3 86278 61 0 1788978396 221882
3 86283 60 0 1788978396 222196
3 86309 58 0 1788978396 223782
3 86358 59 0 1788978396 226745
3 86375 64 0 1788978396 227756
3 86396 58 0 1788978396 229117
3 86413 65 0 1788978396 230178
3 86428 70 0 1788978396 231135
3 86434 69 0 1788978396 231533
3 86450 61 0 1788978396 232546
3 86465 55 0 1788978396 233395
3 86466 55 0 1788978396 233453
3 86507 85 0 1788978396 235850
3 86557 57 0 1788978396 239003
3 86569 68 0 1788978396 239674
3 86572 61 0 1788978396 239860
3 86591 53 0 1788978396 241060
3 86617 68 0 1788978396 242857
3 86623 79 0 1788978396 243318
3 86634 63 0 1788978396 244015
3 86659 61 0 1788978396 245858
3 86662 58 0 1788978396 246038
3 86666 64 0 1788978396 246290
3 86668 64 0 1788978396 246420
3 86673 52 0 1788978396 246724
3 86699 58 0 1788978396 248290
3 86708 65 0 1788978396 248866
3 86750 67 0 1788978396 251772
3 86793 57 0 1788978396 254924
3 86855 59 0 1788978396 258779
3 86858 62 0 1788978396 258965
3 86882 91 0 1788978396 260666
3 86896 56 0 1788978396 261579
3 86902 57 0 1788978396 261974
3 86947 73 0 1788978396 265572
3 86977 71 0 1788978396 267838
3 87001 69 0 1788978396 269346
3 87028 52 0 1788978396 270834
3 87041 56 0 1788978396 271551
3 87077 59 0 1788978396 273799
3 87089 56 0 1788978396 274473
3 87167 80 0 1788978396 279738
3 87170 60 0 1788978396 279963
3 87187 68 0 1788978396 281216
3 87210 71 0 1788978396 283063
3 87225 56 0 1788978396 284069
3 87235 56 0 1788978396 284643
3 87236 53 0 1788978396 284698
3 87254 54 0 1788978396 285699
3 87262 52 0 1788978396 286121
3 87283 44 0 1788978396 287433
3 87291 81 0 1788978396 288039
3 87332 70 0 1788978396 290740
3 87361 67 0 1788978396 292550
3 87405 67 0 1788978396 295438
3 87423 69 0 1788978396 296677
3 87431 68 0 1788978396 297193
3 87435 59 0 1788978396 297461
3 87440 66 0 1788978396 297814
3 87446 58 0 1788978396 298228
3 87448 56 0 1788978396 298341
3 87467 56 0 1788978396 299518
3 87508 59 0 1788978396 302268
3 87514 93 0 1788978396 302682
3 87530 74 0 1788978396 304148
3 87564 55 0 1788978396 306687
3 87616 75 0 1788978396 310899
3 87618 66 0 1788978396 311037
3 87637 64 0 1788978396 312252
3 87652 77 0 1788978396 313320
3 87738 87 0 1788978396 320973
3 87774 88 0 1788978396 323863
3 87792 80 0 1788978396 325131
3 87807 56 0 1788978396 326124
3 87833 90 0 1788978396 328031
3 87846 92 0 1788978396 329010
3 87895 84 0 1788978396 333867
3 87911 73 0 1788978396 335169
3 87916 69 0 1788978396 335570
3 87922 83 0 1788978396 336094
3 87926 74 0 1788978396 336431
3 87956 75 0 1788978396 338979
3 87974 69 0 1788978396 340499
3 87994 71 0 1788978396 342072
3 87995 92 0 1788978396 342169
3 88034 70 0 1788978396 345156
3 88039 63 0 1788978396 345514
3 88058 52 0 1788978396 347047
3 88100 76 0 1788978396 350160
3 88117 62 0 1788978396 351308
3 88122 74 0 1788978396 351665
3 88128 64 0 1788978396 352088
3 88180 56 0 1788978396 355890
3 88181 53 0 1788978396 355947
3 88186 72 0 1788978396 356360
3 88190 55 0 1788978396 356597
3 88268 69 0 1788978396 361929
3 88283 78 0 1788978396 362925
3 88285 78 0 1788978396 363074
3 88288 59 0 1788978396 363263
3 88321 54 0 1788978396 365350
3 88323 59 0 1788978396 365469
3 88332 59 0 1788978396 366034
3 88335 69 0 1788978396 366243
3 88336 61 0 1788978396 366307
3 88339 55 0 1788978396 366472
3 88340 56 0 1788978396 366530
3 88359 55 0 1788978396 367713
3 88366 56 0 1788978396 368142
3 88410 55 0 1788978396 371028
3 88412 56 0 1788978396 371178
3 88426 62 0 1788978396 372095
3 88432 55 0 1788978396 372484
3 88438 104 0 1788978396 372952
3 88440 62 0 1788978396 373093
3 88468 69 0 1788978396 375033
3 88486 69 0 1788978396 376202
3 88525 82 0 1788978396 378685
3 88528 54 0 1788978396 378855
3 88545 71 0 1788978396 379892
3 88554 64 0 1788978396 380453
3 88579 60 0 1788978396 382042
3 88587 65 0 1788978396 382553
3 88603 102 0 1788978396 383650
3 88625 64 0 1788978396 385143
3 88628 65 0 1788978396 385345
3 88643 60 0 1788978396 386247
3 88687 60 0 1788978396 389027
3 88778 57 0 1788978396 394826
3 88811 63 0 1788978396 396821
3 88873 60 0 1788978396 400609
3 88879 63 0 1788978396 400996
3 88891 76 0 1788978396 401741
3 88900 64 0 1788978396 402249
3 88908 68 0 1788978396 402779
3 88929 81 0 1788978396 404188
3 88993 65 0 1788978396 408404
3 89018 71 0 1788978396 410101
3 89051 65 0 1788978396 412328
3 89054 59 0 1788978396 412523
3 89059 60 0 1788978396 412883
3 89071 57 0 1788978396 413593
3 89111 62 0 1788978396 415983
3 89124 65 0 1788978396 416826
3 89173 67 0 1788978396 419924
3 89216 72 0 1788978396 422862
3 89270 57 0 1788978396 426403
3 89316 61 0 1788978396 429259
3 89332 60 0 1788978396 430276
3 89353 63 0 1788978396 431558
3 89433 67 0 1788978396 436830
3 89467 61 0 1788978396 438984
3 89502 132 0 1788978396 441284
3 89506 94 0 1788978396 441723
3 89507 69 0 1788978396 441795
3 89527 63 0 1788978396 443314
3 89556 58 0 1788978396 445268
3 89557 57 0 1788978396 445329
3 89616 72 0 1788978396 449007
3 89619 61 0 1788978396 449186
3 89628 57 0 1788978396 449773
3 89706 81 0 1788978396 454947
3 89746 58 0 1788978396 457909
3 89771 113 0 1788978396 459681
3 89791 64 0 1788978396 460938
3 89796 54 0 1788978396 461253
3 89806 68 0 1788978396 461892
3 89848 60 0 1788978396 464509
3 89868 60 0 1788978396 465745
3 89869 75 0 1788978396 465824
3 89916 62 0 1788978396 468826
3 89979 56 0 1788978396 472806
3 89990 60 0 1788978396 473483
3 90014 59 0 1788978396 474991
3 90017 55 0 1788978396 475166
3 90021 60 0 1788978396 475403
3 90029 57 0 1788978396 475892
3 90033 60 0 1788978396 476126
3 90053 66 0 1788978396 477452
3 90067 64 0 1788978396 478420
3 90105 57 0 1788978396 480747
3 90109 59 0 1788978396 480992
3 90119 62 0 1788978396 481609
3 90120 67 0 1788978396 481697
3 90181 66 0 1788978396 485346
3 90182 65 0 1788978396 485416
3 90186 89 0 1788978396 485699
3 90220 58 0 1788978396 488067
3 90238 56 0 1788978396 489148
3 90261 54 0 1788978396 490532
3 90262 53 0 1788978396 490589
3 90265 62 0 1788978396 490777
3 90272 73 0 1788978396 491190
3 90319 58 0 1788978396 494507
3 90326 54 0 1788978396 495175
3 90363 69 0 1788978396 497439
3 90376 54 0 1788978396 498233
3 90388 70 0 1788978396 498992
3 90396 60 0 1788978396 499498
3 90418 57 0 1788978396 500893
3 90445 79 0 1788978396 502663
3 90481 61 0 1788978396 504680
3 90518 61 0 1788978396 506965
3 90524 54 0 1788978396 507343
3 90544 54 0 1788978396 508520
3 90603 55 0 1788978396 512094
3 90653 56 0 1788978396 515133
3 90694 69 0 1788978396 517738
3 90702 53 0 1788978396 518204
3 90716 75 0 1788978396 519068
3 90717 59 0 1788978396 519131
3 90737 52 0 1788978396 520391
3 90742 66 0 1788978396 520729
3 90771 55 0 1788978396 522564
3 90778 58 0 1788978396 522962
3 90779 66 0 1788978396 523031
3 90790 65 0 1788978396 523774
3 90839 60 0 1788978396 526842
3 90847 53 0 1788978396 527323
3 90863 62 0 1788978396 528199
3 90902 81 0 1788978396 530687
3 90931 66 0 1788978396 532511
3 90984 54 0 1788978396 535892
3 91009 66 0 1788978396 537336
3 91020 69 0 1788978396 538049
3 91027 59 0 1788978396 538469
3 91033 58 0 1788978396 538828
3 91055 70 0 1788978396 540206
3 91091 49 0 1788978396 542396
3 91099 55 0 1788978396 542875
3 91111 62 0 1788978396 543629
3 91122 54 0 1788978396 544276
3 91126 52 0 1788978396 544490
3 91159 72 0 1788978396 546362
3 91180 54 0 1788978396 547566
3 91189 55 0 1788978396 548079
3 91224 54 0 1788978396 550078
3 91244 58 0 1788978396 551185
3 91261 65 0 1788978396 552231
3 91360 55 0 1788978396 558441
3 91373 65 0 1788978396 559194
3 91457 86 0 1788978396 567412
3 91476 68 0 1788978396 568945
3 91488 86 0 1788978396 569693
3 91489 69 0 1788978396 569764
3 91496 62 0 1788978396 570198
3 91536 72 0 1788978396 572773
3 91538 56 0 1788978396 572899
3 91625 67 0 1788978396 578642
3 91662 62 0 1788978396 581049
3 91665 50 0 1788978396 581217
3 91671 67 0 1788978396 581572
3 91687 61 0 1788978396 582576
3 91688 81 0 1788978396 582659
3 91697 52 0 1788978396 583141
3 91715 60 0 1788978396 584233
3 91723 63 0 1788978396 584750
3 91739 55 0 1788978396 585608
3 91756 81 0 1788978396 586675
3 91770 50 0 1788978396 587574
3 91792 59 0 1788978396 588918
3 91821 59 0 1788978396 590622
3 91841 70 0 1788978396 591858
3 91853 55 0 1788978396 592557
3 91856 57 0 1788978396 592756
3 91873 63 0 1788978396 593941
3 91897 53 0 1788978396 595351
3 91929 58 0 1788978396 597164
3 91937 93 0 1788978396 597664
3 92012 66 0 1788978396 602165
3 92037 58 0 1788978396 603760
3 92101 58 0 1788978396 607735
3 92117 82 0 1788978396 608910
3 92141 84 0 1788978396 610691
3 92248 57 0 1788978396 619332
3 92250 66 0 1788978396 619474
3 92259 64 0 1788978396 620073
3 92287 81 0 1788978396 622001
3 92298 73 0 1788978396 622804
3 92301 75 0 1788978396 623023
3 92302 75 0 1788978396 623102
3 92307 82 0 1788978396 623450
3 92353 85 0 1788978396 626633
3 92364 99 0 1788978396 627408
3 92382 57 0 1788978396 628753
3 92451 72 0 1788978396 633809
3 92463 99 0 1788978396 634691
3 92464 69 0 1788978396 634763
3 92473 78 0 1788978396 635397
3 92497 59 0 1788978396 636891
3 92505 78 0 1788978396 637551
3 92507 74 0 1788978396 637717
3 92519 70 0 1788978396 638546
3 92572 71 0 1788978396 642734
3 92575 80 0 1788978396 643025
3 92593 74 0 1788978396 644554
3 92599 76 0 1788978396 645041
3 92603 84 0 1788978396 645362
3 92618 59 0 1788978396 646501
3 92643 72 0 1788978396 648119
3 92651 107 0 1788978396 648665
3 92659 53 0 1788978396 649150
3 92665 54 0 1788978396 649513
3 92674 60 0 1788978396 650177
3 92676 83 0 1788978396 650339
3 92688 69 0 1788978396 651191
3 92724 61 0 1788978396 654071
3 92769 78 0 1788978396 657350
3 92774 98 0 1788978396 657692
3 92781 61 0 1788978396 658152
3 92800 62 0 1788978396 659311
3 92808 88 0 1788978396 659914
3 92867 55 0 1788978396 664326
3 92883 60 0 1788978396 665265
3 92960 66 0 1788978396 670152
3 92973 70 0 1788978396 671120
3 92993 66 0 1788978396 672491
3 92998 62 0 1788978396 672863
3 93022 91 0 1788978396 674483
3 93024 166 0 1788978396 674741
3 93036 64 0 1788978396 675711
3 93064 118 0 1788978396 677702
3 93095 89 0 1788978396 679801
3 93102 64 0 1788978396 680243
3 93104 66 0 1788978396 680382
3 93114 57 0 1788978396 681003
3 93134 62 0 1788978396 682220
3 93135 63 0 1788978396 682286
3 93148 56 0 1788978396 683132
3 93163 57 0 1788978396 684057
3 93185 64 0 1788978396 685523
3 93187 83 0 1788978396 685672
3 93217 59 0 1788978396 687528
3 93218 67 0 1788978396 687598
3 93314 67 0 1788978396 694563
3 93324 64 0 1788978396 695265
3 93328 67 0 1788978396 695538
3 93380 54 0 1788978396 698952
3 93390 65 0 1788978396 699516
3 93401 68 0 1788978396 700361
3 93406 51 0 1788978396 700704
3 93416 62 0 1788978396 701422
3 93432 54 0 1788978396 702350
3 93485 56 0 1788978396 706003
3 93514 56 0 1788978396 707807
3 93556 66 0 1788978396 710987
3 93557 58 0 1788978396 711050
3 93572 58 0 1788978396 712310
3 93576 56 0 1788978396 712533
3 93583 57 0 1788978396 713030
3 93597 51 0 1788978396 713815
3 93604 50 0 1788978396 714195
3 93609 54 0 1788978396 714474
3 93620 58 0 1788978396 715094
3 93623 49 0 1788978396 715251
3 93638 59 0 1788978396 716171
3 93658 63 0 1788978396 717490
3 93659 61 0 1788978396 717556
3 93689 60 0 1788978396 719537
3 93700 69 0 1788978396 720302
3 93733 70 0 1788978396 722504
3 93742 61 0 1788978396 723143
3 93770 68 0 1788978396 725003
3 93783 60 0 1788978396 725832
3 93815 64 0 1788978396 727915
3 93852 69 0 1788978396 730524
3 93872 63 0 1788978396 731848
3 93930 70 0 1788978396 735571
3 93935 63 0 1788978396 735923
3 93970 64 0 1788978396 738232
3 93977 112 0 1788978396 738787
3 93980 88 0 1788978396 739050
3 94000 85 0 1788978396 740821
3 94001 84 0 1788978396 740908
3 94015 86 0 1788978396 741984
3 94042 78 0 1788978396 744085
3 94055 67 0 1788978396 745102
3 94057 81 0 1788978396 745274
3 94058 69 0 1788978396 745347
3 94063 85 0 1788978396 745688
3 94070 57 0 1788978396 746134
3 94071 57 0 1788978396 746194
3 94076 57 0 1788978396 746492
3 94093 75 0 1788978396 747723
3 94098 80 0 1788978396 748131
3 94104 60 0 1788978396 748554
3 94116 63 0 1788978396 749353
3 94180 83 0 1788978396 753724
3 94183 45 0 1788978396 753924
3 94186 76 0 1788978396 754109
3 94245 61 0 1788978396 757928
3 94269 56 0 1788978396 759452
3 94329 58 0 1788978396 763269
3 94384 57 0 1788978396 766568
3 94436 58 0 1788978396 769912
3 94446 68 0 1788978396 770591
3 94500 53 0 1788978396 773981
3 94523 58 0 1788978396 775370
3 94524 62 0 1788978396 775437
3 94528 73 0 1788978396 775743
3 94540 61 0 1788978396 776463
3 94556 56 0 1788978396 777372
3 94558 65 0 1788978396 777515
3 94598 67 0 1788978396 779998
3 94600 64 0 1788978396 780131
3 94647 55 0 1788978396 782991
3 94667 62 0 1788978396 784347
3 94688 64 0 1788978396 785815
3 94693 66 0 1788978396 786111
3 94702 99 0 1788978396 786746
3 94718 52 0 1788978396 787715
3 94722 61 0 1788978396 787947
3 94750 62 0 1788978396 789805
3 94763 86 0 1788978396 790713
3 94774 64 0 1788978396 791452
3 94833 62 0 1788978396 795173
3 94838 65 0 1788978396 795491
3 94876 58 0 1788978396 797812
3 94885 57 0 1788978396 798354
3 94924 65 0 1788978396 800807
3 94939 62 0 1788978396 801781
3 94965 77 0 1788978396 803421
3 95048 57 0 1788978396 809380
3 95118 60 0 1788978396 814234
3 95187 52 0 1788978396 818362
3 95197 57 0 1788978396 818957
3 95203 66 0 1788978396 819346
3 95207 67 0 1788978396 819610
3 95233 59 0 1788978396 821371
3 95243 58 0 1788978396 821987
3 95252 57 0 1788978396 822514
3 95263 57 0 1788978396 823212
3 95307 60 0 1788978396 825860
3 95354 53 0 1788978396 828557
3 95371 71 0 1788978396 829725
3 95387 60 0 1788978396 830750
3 95394 60 0 1788978396 831150
3 95401 77 0 1788978396 831586
3 95404 59 0 1788978396 831787
3 95468 78 0 1788978396 835792
3 95483 96 0 1788978396 836782
3 95487 70 0 1788978396 837120
3 95492 74 0 1788978396 837515
3 95519 64 0 1788978396 839563
3 95531 71 0 1788978396 840456
3 95561 70 0 1788978396 842589
3 95586 60 0 1788978396 844209
3 95604 65 0 1788978396 845367
3 95639 62 0 1788978396 847558
3 95655 57 0 1788978396 848532
3 95671 68 0 1788978396 849474
3 95714 51 0 1788978396 852507
3 95722 54 0 1788978396 852974
3 95743 70 0 1788978396 854361
3 95761 55 0 1788978396 855521
3 95765 60 0 1788978396 855812
3 95784 64 0 1788978396 857090
3 95786 71 0 1788978396 857228
3 95788 64 0 1788978396 857354
3 95790 68 0 1788978396 857497
3 95797 76 0 1788978396 858111
3 95800 59 0 1788978396 858304
3 95843 68 0 1788978396 861607
3 95851 76 0 1788978396 862261
3 95926 93 0 1788978396 868453
3 95930 61 0 1788978396 868803
3 95959 76 0 1788978396 871211
3 95964 118 0 1788978396 871671
3 95993 63 0 1788978396 874038
3 96025 85 0 1788978396 877594
3 96044 74 0 1788978396 879078
3 96071 61 0 1788978396 880894
3 96079 58 0 1788978396 881385
3 96080 58 0 1788978396 881446
3 96082 58 0 1788978396 881561
3 96098 65 0 1788978396 882611
3 96105 62 0 1788978396 883076
3 96107 61 0 1788978396 883212
3 96120 62 0 1788978396 884068
3 96134 64 0 1788978396 884983
3 96145 64 0 1788978396 885725
3 96167 66 0 1788978396 887125
3 96177 72 0 1788978396 887843
3 96194 72 0 1788978396 889012
3 96204 69 0 1788978396 889912
3 96253 65 0 1788978396 893097
3 96256 67 0 1788978396 893310
3 96260 75 0 1788978396 893593
3 96263 72 0 1788978396 893818
3 96283 71 0 1788978396 895301
3 96309 81 0 1788978396 896982
3 96318 65 0 1788978396 897532
3 96349 73 0 1788978396 899608
3 96353 70 0 1788978396 899895
3 96386 60 0 1788978396 902054
3 96400 64 0 1788978396 902983
3 96402 59 0 1788978396 903113
3 96415 62 0 1788978396 904052
3 96449 88 0 1788978396 906638
3 96461 65 0 1788978396 907495
3 96492 60 0 1788978396 909691
3 96508 77 0 1788978396 910753
3 96524 58 0 1788978396 911744
3 96588 67 0 1788978396 916234
3 96599 59 0 1788978396 916945
3 96617 63 0 1788978396 918174
3 96618 70 0 1788978396 918286
3 96626 67 0 1788978396 918798
3 96633 67 0 1788978396 919253
3 96634 70 0 1788978396 919327
3 96653 63 0 1788978396 920532
3 96702 61 0 1788978396 923601
3 96704 116 0 1788978396 923790
3 96706 64 0 1788978396 923928
3 96712 70 0 1788978396 924325
3 96725 59 0 1788978396 925154
3 96740 59 0 1788978396 926068
3 96780 68 0 1788978396 928999
3 96798 60 0 1788978396 930349
3 96802 108 0 1788978396 930681
3 96811 80 0 1788978396 931385
3 96813 76 0 1788978396 931541
3 96817 62 0 1788978396 931822
3 96837 62 0 1788978396 933253
3 96848 64 0 1788978396 934027
3 96849 62 0 1788978396 934091
3 96865 57 0 1788978396 935119
3 96868 57 0 1788978396 935302
3 96908 75 0 1788978396 937892
3 96915 88 0 1788978396 938480
3 96922 63 0 1788978396 938986
3 96940 66 0 1788978396 940171
3 96941 66 0 1788978396 940240
3 96947 93 0 1788978396 940659
3 96970 77 0 1788978396 942234
3 96982 56 0 1788978396 943030
3 96985 66 0 1788978396 943221
3 97005 58 0 1788978396 944451
3 97006 58 0 1788978396 944512
3 97022 68 0 1788978396 945471
3 97030 75 0 1788978396 945955
3 97078 65 0 1788978396 949252
3 97094 54 0 1788978396 950238
3 97095 52 0 1788978396 950293
3 97133 94 0 1788978396 953184
3 97158 87 0 1788978396 955359
3 97161 114 0 1788978396 955687
3 97169 82 0 1788978396 956336
3 97228 57 0 1788978396 960572
3 97238 62 0 1788978396 961204
3 97242 56 0 1788978396 961461
3 97248 70 0 1788978396 961888
3 97250 62 0 1788978396 962018
3 97281 58 0 1788978396 964050
3 97308 71 0 1788978396 965702
3 97315 72 0 1788978396 966186
3 97360 56 0 1788978396 969371
3 97417 64 0 1788978396 973098
3 97454 63 0 1788978396 975511
3 97517 103 0 1788978396 979713
3 97530 82 0 1788978396 980738
3 97559 56 0 1788978396 982572
3 97582 88 0 1788978396 984300
3 97587 103 0 1788978396 984707
3 97611 89 0 1788978396 986548
3 97633 59 0 1788978396 988169
3 97640 107 0 1788978396 988655
3 97652 52 0 1788978396 989450
3 97682 55 0 1788978396 991381
3 97691 61 0 1788978396 991953
3 97696 57 0 1788978396 992254
3 97699 58 0 1788978396 992434
3 97723 57 0 1788978396 994074
3 97727 58 0 1788978396 994315
3 97748 100 0 1788978396 995697
3 97781 57 0 1788978396 998441
3 97783 63 0 1788978396 998572
3 97820 70 0 1788978397 1089
3 97823 55 0 1788978397 1256
3 97854 344 0 1788978397 4059
3 97895 93 0 1788978397 7750
3 97961 83 0 1788978397 14045
3 97973 69 0 1788978397 14994
3 97975 65 0 1788978397 15132
3 98014 74 0 1788978397 18601
3 98087 72 0 1788978397 24875
3 98088 154 0 1788978397 25034
3 98104 72 0 1788978397 26369
3 98105 73 0 1788978397 26448
3 98113 91 0 1788978397 27138
3 98130 91 0 1788978397 28745
3 98141 121 0 1788978397 29732
3 98152 95 0 1788978397 30595
3 98164 95 0 1788978397 31573
3 98175 96 0 1788978397 32505
3 98188 69 0 1788978397 33538
3 98212 96 0 1788978397 35539
3 98222 79 0 1788978397 36427
3 98233 72 0 1788978397 37378
3 98259 72 0 1788978397 39476
3 98318 67 0 1788978397 44427
3 98338 64 0 1788978397 45890
3 98339 61 0 1788978397 45956
3 98344 59 0 1788978397 46283
3 98360 62 0 1788978397 47479
3 98372 80 0 1788978397 48324
3 98408 59 0 1788978397 50692
3 98432 78 0 1788978397 52223
3 98434 60 0 1788978397 52354
3 98438 59 0 1788978397 52592
3 98452 66 0 1788978397 53546
3 98479 61 0 1788978397 55538
3 98518 64 0 1788978397 58520
3 98555 59 0 1788978397 61266
3 98580 71 0 1788978397 63105
3 98583 75 0 1788978397 63312
3 98588 83 0 1788978397 63684
3 98610 48 0 1788978397 65018
3 98641 70 0 1788978397 66935
3 98655 57 0 1788978397 67823
3 98719 64 0 1788978397 72312
3 98720 71 0 1788978397 72388
3 98721 65 0 1788978397 72455
3 98738 73 0 1788978397 73826
3 98746 67 0 1788978397 74422
3 98795 68 0 1788978397 77604
3 98867 65 0 1788978397 82684
3 98880 65 0 1788978397 83568
3 98887 60 0 1788978397 84109
3 98890 67 0 1788978397 84301
3 98896 73 0 1788978397 84849
3 98906 77 0 1788978397 85600
3 98908 87 0 1788978397 85787
3 98920 80 0 1788978397 86671
3 98940 66 0 1788978397 88313
3 98943 91 0 1788978397 88574
3 98954 114 0 1788978397 89482
3 98960 84 0 1788978397 90106
3 98984 89 0 1788978397 92295
3 99003 81 0 1788978397 93755
3 99013 65 0 1788978397 94492
3 99021 67 0 1788978397 95065
3 99038 62 0 1788978397 96437
3 99040 55 0 1788978397 96551
3 99052 79 0 1788978397 97423
3 99057 63 0 1788978397 97777
3 99062 72 0 1788978397 98119
3 99066 68 0 1788978397 98412
3 99084 105 0 1788978397 99782
3 99098 84 0 1788978397 100799
3 99148 64 0 1788978397 104536
3 99193 86 0 1788978397 107730
3 99234 67 0 1788978397 110945
3 99267 99 0 1788978397 113553
3 99274 90 0 1788978397 114168
3 99297 53 0 1788978397 115797
3 99342 74 0 1788978397 119097
3 99380 57 0 1788978397 121594
3 99384 73 0 1788978397 121873
3 99406 62 0 1788978397 123395
3 99414 64 0 1788978397 123926
3 99465 73 0 1788978397 127418
3 99469 71 0 1788978397 127698
3 99486 66 0 1788978397 128959
3 99501 58 0 1788978397 129980
3 99508 65 0 1788978397 130435
3 99527 70 0 1788978397 131773
3 99549 65 0 1788978397 133231
3 99561 70 0 1788978397 134109
3 99583 68 0 1788978397 135644
3 99596 66 0 1788978397 136471
3 99634 68 0 1788978397 139280
3 99636 67 0 1788978397 139428
3 99653 58 0 1788978397 140472
3 99672 95 0 1788978397 141676
3 99677 53 0 1788978397 141983
3 99691 65 0 1788978397 142953
3 99698 69 0 1788978397 143408
3 99713 76 0 1788978397 144406
3 99722 77 0 1788978397 145052
3 99746 103 0 1788978397 146641
3 99771 89 0 1788978397 148657
3 99819 62 0 1788978397 152400
3 99847 92 0 1788978397 154547
3 99961 76 0 1788978397 162898
3 99966 81 0 1788978397 163271
3 99975 62 0 1788978397 163907
3 100025 57 0 1788978397 167311
3 100044 66 0 1788978397 168538
3 100059 67 0 1788978397 169723
3 100069 82 0 1788978397 170485
3 100082 77 0 1788978397 171608
3 100127 95 0 1788978397 175823
3 100131 93 0 1788978397 176134
3 100136 89 0 1788978397 176586
3 100180 150 0 1788978397 180233
3 100249 85 0 1788978397 186014
3 100263 0 0 1788978397 187198
3 100275 72 0 1788978397 188287
3 100283 73 0 1788978397 189103
3 100304 75 0 1788978397 191037
3 100306 84 0 1788978397 191212
3 100337 94 0 1788978397 193392
3 100370 77 0 1788978397 195949
3 100378 72 0 1788978397 196535
3 100379 71 0 1788978397 196611
3 100408 59 0 1788978397 198963
3 100423 52 0 1788978397 199897
3 100455 57 0 1788978397 202063
3 100467 69 0 1788978397 202907
3 100486 74 0 1788978397 204269
3 100495 67 0 1788978397 204894
3 100518 61 0 1788978397 206477
3 100527 69 0 1788978397 207066
3 100546 74 0 1788978397 208610
3 100557 74 0 1788978397 209517
3 100560 74 0 1788978397 209752
3 100583 63 0 1788978397 211467
3 100584 63 0 1788978397 211534
3 100618 62 0 1788978397 214078
3 100652 67 0 1788978397 216381
3 100654 62 0 1788978397 216511
3 100658 70 0 1788978397 216798
3 100664 67 0 1788978397 217191
3 100674 67 0 1788978397 217885
3 100709 59 0 1788978397 220077
3 100767 53 0 1788978397 223791
3 100773 68 0 1788978397 224187
3 100778 56 0 1788978397 224490
3 100803 57 0 1788978397 226053
3 100845 61 0 1788978397 228984
3 100867 60 0 1788978397 230448
3 100954 64 0 1788978397 236412
3 100991 63 0 1788978397 239153
3 101004 65 0 1788978397 240088
3 101024 84 0 1788978397 241443
3 101031 58 0 1788978397 241945
3 101065 56 0 1788978397 244066
3 101080 70 0 1788978397 244996
3 101116 68 0 1788978397 247605
3 101123 64 0 1788978397 248065
3 101133 87 0 1788978397 248694
3 101164 66 0 1788978397 250847
3 101221 61 0 1788978397 255075
3 101239 79 0 1788978397 256249
3 101291 58 0 1788978397 259948
3 101328 89 0 1788978397 262385
3 101330 76 0 1788978397 262539
3 101333 88 0 1788978397 262787
3 101340 69 0 1788978397 263518
3 101365 82 0 1788978397 265588
3 101368 80 0 1788978397 265868
3 101428 85 0 1788978397 270277
3 101435 69 0 1788978397 270811
3 101444 58 0 1788978397 271426
3 101529 69 0 1788978397 277108
3 101537 59 0 1788978397 277597
3 101550 69 0 1788978397 278447
3 101557 58 0 1788978397 278916
3 101562 84 0 1788978397 279254
3 101568 64 0 1788978397 279747
3 101586 60 0 1788978397 280863
3 101589 57 0 1788978397 281042
3 101647 75 0 1788978397 284912
3 101662 64 0 1788978397 286052
3 101675 90 0 1788978397 287039
3 101684 77 0 1788978397 287806
3 101733 57 0 1788978397 291236
3 101759 64 0 1788978397 292875
3 101776 88 0 1788978397 294236
3 101782 70 0 1788978397 294792
3 101800 87 0 1788978397 295963
3 101830 64 0 1788978397 297976
3 101843 60 0 1788978397 298831
3 101897 64 0 1788978397 302486
3 101917 73 0 1788978397 303885
3 101922 70 0 1788978397 304252
3 101940 74 0 1788978397 305653
3 101959 58 0 1788978397 306869
3 101966 66 0 1788978397 307346
3 101974 63 0 1788978397 307914
3 101976 61 0 1788978397 308036
3 101977 73 0 1788978397 308111
3 101978 64 0 1788978397 308176
3 101990 67 0 1788978397 308995
3 101992 70 0 1788978397 309136
3 102005 60 0 1788978397 309989
3 102035 62 0 1788978397 311911
3 102040 98 0 1788978397 312275
3 102060 68 0 1788978397 313794
3 102081 70 0 1788978397 315198
3 102208 58 0 1788978397 325144
3 102213 69 0 1788978397 325509
3 102314 96 0 1788978397 333362
3 102317 109 0 1788978397 333640
3 102341 106 0 1788978397 335688
3 102386 68 0 1788978397 339405
3 102390 144 0 1788978397 339733
3 102420 82 0 1788978397 341939
3 102436 60 0 1788978397 343045
3 102439 68 0 1788978397 343335
3 102444 96 0 1788978397 343697
3 102473 74 0 1788978397 345645
3 102487 62 0 1788978397 346618
3 102549 59 0 1788978397 350526
3 102555 57 0 1788978397 350915
3 102560 58 0 1788978397 351207
3 102573 67 0 1788978397 352076
3 102650 111 0 1788978397 357708
3 102674 118 0 1788978397 359560
3 102692 58 0 1788978397 360688
3 102696 52 0 1788978397 360949
3 102712 58 0 1788978397 361943
3 102719 62 0 1788978397 362342
3 102778 57 0 1788978397 366074
3 102781 67 0 1788978397 366280
3 102785 67 0 1788978397 366547
3 102800 61 0 1788978397 367553
3 102861 54 0 1788978397 371480
3 102879 67 0 1788978397 372579
3 102881 65 0 1788978397 372719
3 102886 60 0 1788978397 373021
3 102905 63 0 1788978397 374207
3 102975 58 0 1788978397 378829
3 102987 81 0 1788978397 379644
3 103003 86 0 1788978397 380642
3 103005 59 0 1788978397 380769
3 103013 56 0 1788978397 381232
3 103018 64 0 1788978397 381550
3 103023 58 0 1788978397 381864
3 103046 80 0 1788978397 383300
3 103068 58 0 1788978397 384769
3 103080 59 0 1788978397 385469
3 103090 50 0 1788978397 386052
3 103115 69 0 1788978397 387560
3 103155 97 0 1788978397 390436
3 103186 55 0 1788978397 392584
3 103224 64 0 1788978397 395061
3 103234 62 0 1788978397 395715
3 103255 64 0 1788978397 396969
3 103265 69 0 1788978397 397589
3 103278 70 0 1788978397 398452
3 103286 62 0 1788978397 399024
3 103294 50 0 1788978397 399480
3 103315 71 0 1788978397 400798
3 103345 58 0 1788978397 402715
3 103352 58 0 1788978397 403126
3 103356 55 0 1788978397 403348
3 103365 62 0 1788978397 403910
3 103384 74 0 1788978397 405354
3 103424 77 0 1788978397 408812
3 103433 93 0 1788978397 409742
3 103440 76 0 1788978397 410352
3 103487 114 0 1788978397 414240
3 103540 67 0 1788978397 418124
3 103570 61 0 1788978397 420336
3 103609 85 0 1788978397 423574
3 103610 98 0 1788978397 423677
3 103668 104 0 1788978397 428707
3 103672 68 0 1788978397 428970
3 103695 88 0 1788978397 430742
3 103700 71 0 1788978397 431118
3 103750 0 0 1788978397 434890
3 103777 58 0 1788978397 436732
3 103784 56 0 1788978397 437141
3 103797 59 0 1788978397 438020
3 103803 65 0 1788978397 438495
3 103833 85 0 1788978397 441164
3 103840 75 0 1788978397 441747
3 103841 74 0 1788978397 441826
3 103854 90 0 1788978397 442763
3 103857 103 0 1788978397 443029
3 103861 68 0 1788978397 443331
3 103882 82 0 1788978397 445313
3 103910 90 0 1788978397 447807
3 103916 89 0 1788978397 448369
3 103934 72 0 1788978397 449834
3 103935 62 0 1788978397 449900
3 103937 57 0 1788978397 450016
3 103985 73 0 1788978397 453327
3 104033 59 0 1788978397 456526
3 104036 77 0 1788978397 456802
3 104054 57 0 1788978397 458006
3 104091 55 0 1788978397 460548
3 104105 56 0 1788978397 461408
3 104108 68 0 1788978397 461594
3 104134 76 0 1788978397 463859
3 104170 82 0 1788978397 466760
3 104196 104 0 1788978397 469195
3 104198 90 0 1788978397 469383
3 104248 94 0 1788978397 474335
3 104289 71 0 1788978397 477743
3 104295 66 0 1788978397 478215
3 104297 75 0 1788978397 478364
3 104300 97 0 1788978397 478641
3 104303 85 0 1788978397 478913
3 104311 85 0 1788978397 479513
3 104323 61 0 1788978397 480419
3 104331 80 0 1788978397 481053
3 104334 90 0 1788978397 481320
3 104335 81 0 1788978397 481406
3 104392 72 0 1788978397 485505
3 104395 73 0 1788978397 485735
3 104413 75 0 1788978397 486970
3 104433 65 0 1788978397 488530
3 104434 65 0 1788978397 488598
3 104488 97 0 1788978397 492980
3 104506 87 0 1788978397 494361
3 104545 83 0 1788978397 497878
3 104554 89 0 1788978397 498675
3 104562 134 0 1788978397 499510
3 104593 74 0 1788978397 502143
3 104618 76 0 1788978397 504222
3 104633 69 0 1788978397 505362
3 104638 88 0 1788978397 505745
3 104656 64 0 1788978397 508076
3 104660 63 0 1788978397 508337
3 104661 68 0 1788978397 508408
3 104664 0 0 1788978397 508645
3 104670 0 0 1788978397 509075
3 104691 73 0 1788978397 510953
3 104694 111 0 1788978397 511216
3 104695 88 0 1788978397 511309
3 104704 79 0 1788978397 512140
3 104718 0 0 1788978397 513368
3 104723 71 0 1788978397 513991
3 104744 86 0 1788978397 515782
3 104763 74 0 1788978397 517300
3 104813 78 0 1788978397 521558
3 104910 64 0 1788978397 528178
3 104919 81 0 1788978397 528845
3 104928 79 0 1788978397 529539
3 104952 59 0 1788978397 531273
3 104969 67 0 1788978397 532415
3 104995 67 0 1788978397 534349
3 105005 67 0 1788978397 535024
3 105021 57 0 1788978397 536155
3 105033 89 0 1788978397 536977
3 105035 92 0 1788978397 537173
3 105038 65 0 1788978397 537396
3 105058 60 0 1788978397 538739
3 105077 64 0 1788978397 539985
3 105081 60 0 1788978397 540263
3 105113 82 0 1788978397 542583
3 105116 67 0 1788978397 542849
3 105121 65 0 1788978397 543194
3 105124 105 0 1788978397 543454
3 105174 79 0 1788978397 547457
3 105186 68 0 1788978397 548805
3 105207 60 0 1788978397 550171
3 105279 67 0 1788978397 555246
3 105300 58 0 1788978397 556546
3 105303 58 0 1788978397 556750
3 105326 63 0 1788978397 558373
3 105330 78 0 1788978397 558647
3 105334 68 0 1788978397 558930
3 105337 67 0 1788978397 559132
3 105341 59 0 1788978397 559395
3 105373 52 0 1788978397 561591
3 105427 74 0 1788978397 565292
3 105470 61 0 1788978397 568299
3 105529 101 0 1788978397 572595
3 105543 90 0 1788978397 574915
3 105595 115 0 1788978397 579044
3 105616 90 0 1788978397 580679
3 105629 56 0 1788978397 581406
3 105638 55 0 1788978397 581961
3 105639 57 0 1788978397 582021
3 105751 57 0 1788978397 589331
3 105754 60 0 1788978397 589513
3 105810 82 0 1788978397 593764
3 105826 71 0 1788978397 594929
3 105864 100 0 1788978397 597703
3 105870 86 0 1788978397 598303
3 105885 61 0 1788978397 599397
3 105895 62 0 1788978397 600078
3 105920 56 0 1788978397 601881
3 105949 68 0 1788978397 604051
3 105954 81 0 1788978397 604403
3 106000 81 0 1788978397 608052
3 106009 71 0 1788978397 609049
3 106033 102 0 1788978397 610787
3 106050 0 0 1788978397 612976
3 106063 62 0 1788978397 613916
3 106091 90 0 1788978397 616710
3 106103 56 0 1788978397 617430
3 106278 67 0 1788978397 628580
3 106302 94 0 1788978397 630528
3 106318 71 0 1788978397 632194
3 106365 58 0 1788978397 635308
3 106372 96 0 1788978397 635791
3 106377 95 0 1788978397 636234
3 106433 66 0 1788978397 640253
3 106438 60 0 1788978397 640565
3 106481 0 0 1788978397 643548
3 106502 68 0 1788978397 645028
3 106519 60 0 1788978397 646392
3 106533 57 0 1788978397 647389
3 106565 80 0 1788978397 649671
3 106592 78 0 1788978397 651728
3 106601 77 0 1788978397 652468
3 106681 94 0 1788978397 658332
3 106695 0 0 1788978397 659499
3 106729 58 0 1788978397 661877
3 106776 58 0 1788978397 665399
3 106791 78 0 1788978397 666443
3 106807 65 0 1788978397 667546
3 106823 96 0 1788978397 668690
3 106826 62 0 1788978397 668897
3 106828 58 0 1788978397 669020
3 106845 64 0 1788978397 670202
3 106875 80 0 1788978397 672493
3 106888 106 0 1788978397 673657
3 106892 116 0 1788978397 674031
3 106937 70 0 1788978397 677744
3 106945 0 0 1788978397 678465
3 106958 96 0 1788978397 679762
3 106990 63 0 1788978397 681943
3 107002 69 0 1788978397 682783
3 107012 69 0 1788978397 683443
3 107026 94 0 1788978397 684430
3 107039 66 0 1788978397 685553
3 107053 60 0 1788978397 686460
3 107065 58 0 1788978397 687278
3 107101 60 0 1788978397 689478
3 107125 112 0 1788978397 691139
3 107130 114 0 1788978397 691649
3 107146 69 0 1788978397 692918
3 107160 68 0 1788978397 693961
3 107178 66 0 1788978397 695131
3 107198 64 0 1788978397 696383
3 107205 62 0 1788978397 696859
3 107222 57 0 1788978397 697907
3 107253 86 0 1788978397 700004
3 107256 68 0 1788978397 700200
3 107294 72 0 1788978397 702907
3 107299 76 0 1788978397 703318
3 107317 108 0 1788978397 704937
3 107319 99 0 1788978397 705161
3 107322 73 0 1788978397 705410
3 107331 70 0 1788978397 706093
3 107340 60 0 1788978397 706720
3 107375 79 0 1788978397 710183
3 107413 56 0 1788978397 713127
3 107419 56 0 1788978397 713473
3 107422 97 0 1788978397 713693
3 107435 100 0 1788978397 714660
3 107445 83 0 1788978397 715418
3 107446 0 0 1788978397 715503
3 107470 70 0 1788978397 717330
3 107481 74 0 1788978397 718109
3 107487 79 0 1788978397 718544
3 107513 70 0 1788978397 720582
3 107548 73 0 1788978397 723224
3 107571 63 0 1788978397 725025
3 107631 72 0 1788978397 729232
3 107649 86 0 1788978397 730566
3 107687 67 0 1788978397 733104
3 107688 74 0 1788978397 733181
3 107746 89 0 1788978397 737246
3 107758 76 0 1788978397 738109
3 107787 67 0 1788978397 740569
3 107807 92 0 1788978397 742391
3 107836 90 0 1788978397 744958
3 107844 113 0 1788978397 745691
3 107847 75 0 1788978397 745928
3 107864 59 0 1788978397 747023
3 107884 72 0 1788978397 748544
3 107905 63 0 1788978397 750098
3 107921 78 0 1788978397 751249
3 107924 72 0 1788978397 751474
3 107944 73 0 1788978397 752932
3 107984 82 0 1788978397 756360
3 107996 102 0 1788978397 757344
3 108018 65 0 1788978397 759194
3 108030 62 0 1788978397 760004
3 108041 80 0 1788978397 760812
3 108064 74 0 1788978397 762452
3 108070 72 0 1788978397 762930
3 108083 74 0 1788978397 764018
3 108091 102 0 1788978397 764637
3 108094 70 0 1788978397 764851
3 108122 78 0 1788978397 766822
3 108134 66 0 1788978397 767605
3 108175 71 0 1788978397 770478
3 108223 72 0 1788978397 773737
3 108230 71 0 1788978397 774252
3 108241 112 0 1788978397 775051
3 108282 75 0 1788978397 777998
3 108285 65 0 1788978397 778215
3 108296 69 0 1788978397 778954
3 108318 66 0 1788978397 780459
3 108323 59 0 1788978397 780777
3 108355 68 0 1788978397 783135
3 108375 67 0 1788978397 784712
3 108408 69 0 1788978397 786908
3 108441 62 0 1788978397 789188
3 108471 74 0 1788978397 791520
3 108484 74 0 1788978397 792500
3 108495 72 0 1788978397 793296
3 108553 77 0 1788978397 797476
3 108564 73 0 1788978397 798282
3 108608 60 0 1788978397 801317
3 108627 81 0 1788978397 802653
3 108651 101 0 1788978397 804427
3 108668 77 0 1788978397 805706
3 108675 65 0 1788978397 806222
3 108701 69 0 1788978397 808024
3 108723 62 0 1788978397 809488
3 108734 63 0 1788978397 810210
3 108737 58 0 1788978397 810388
3 108748 62 0 1788978397 811072
3 108774 78 0 1788978397 813111
3 108809 63 0 1788978397 815714
3 108815 68 0 1788978397 816089
3 108848 66 0 1788978397 818321
3 108857 74 0 1788978397 818968
3 108873 84 0 1788978397 820108
3 108877 72 0 1788978397 820398
3 108899 62 0 1788978397 822038
3 108912 58 0 1788978397 822890
3 109020 64 0 1788978397 830573
3 109038 63 0 1788978397 831788
3 109060 63 0 1788978397 833202
3 109062 83 0 1788978397 833357
3 109099 76 0 1788978397 835639
3 109114 59 0 1788978397 836604
3 109119 64 0 1788978397 836952
3 109120 61 0 1788978397 837015
3 109176 56 0 1788978397 841011
3 109179 50 0 1788978397 841167
3 109188 59 0 1788978397 841767
3 109262 71 0 1788978397 847639
3 109274 70 0 1788978397 848616
3 109289 60 0 1788978397 849596
3 109306 75 0 1788978397 850787
3 109318 71 0 1788978397 851676
3 109338 72 0 1788978397 853172
3 109351 69 0 1788978397 854147
3 109354 71 0 1788978397 854364
3 109364 70 0 1788978397 855032
3 109367 58 0 1788978397 855216
3 109419 78 0 1788978397 858991
3 109427 77 0 1788978397 859650
3 109456 88 0 1788978397 867009
3 109478 91 0 1788978397 871358
3 109522 941 0 1788978397 875773
3 109527 0 0 1788978397 876191
3 109554 141 0 1788978397 878703
3 109575 87 0 1788978397 880670
3 109588 88 0 1788978397 881952
3 109607 108 0 1788978397 883547
3 109619 100 0 1788978397 884667
3 109641 71 0 1788978397 886730
3 109663 92 0 1788978397 888591
3 109707 69 0 1788978397 891622
3 109728 57 0 1788978397 893035
3 109734 67 0 1788978397 893440
3 109755 95 0 1788978397 894806
3 109766 63 0 1788978397 895568
3 109794 70 0 1788978397 897372
3 109822 68 0 1788978397 899201
3 109858 71 0 1788978397 901735
3 109868 72 0 1788978397 902432
3 109892 104 0 1788978397 904147
3 109920 57 0 1788978397 905922
3 109926 57 0 1788978397 906327
3 109927 64 0 1788978397 906396
3 109928 67 0 1788978397 906465
3 109941 59 0 1788978397 907246
3 109959 58 0 1788978397 908413
3 109973 62 0 1788978397 909326
3 109979 65 0 1788978397 909765
3 110000 64 0 1788978397 911224
3 110044 62 0 1788978397 914199
3 110048 67 0 1788978397 914470
3 110073 57 0 1788978397 916098
3 110074 52 0 1788978397 916154
3 110077 60 0 1788978397 916328
3 110085 78 0 1788978397 916912
3 110086 82 0 1788978397 917000
3 110093 90 0 1788978397 917647
3 110157 63 0 1788978397 921749
3 110172 61 0 1788978397 922791
3 110189 70 0 1788978397 923890
3 110192 63 0 1788978397 924084
3 110210 67 0 1788978397 925290
3 110232 56 0 1788978397 926810
3 110256 81 0 1788978397 928476
3 110285 54 0 1788978397 930453
3 110296 57 0 1788978397 931117
3 110314 60 0 1788978397 932424
3 110365 63 0 1788978397 935778
3 110387 61 0 1788978397 937258
3 110447 67 0 1788978397 941694
3 110457 69 0 1788978397 942390
3 110492 72 0 1788978397 944826
3 110516 65 0 1788978397 946522
3 110522 61 0 1788978397 946936
3 110525 61 0 1788978397 947122
3 110526 62 0 1788978397 947185
3 110552 62 0 1788978397 948829
3 110554 68 0 1788978397 948963
3 110575 59 0 1788978397 950289
3 110615 58 0 1788978397 953106
3 110625 66 0 1788978397 953753
3 110626 83 0 1788978397 953841
3 110629 66 0 1788978397 954036
3 110633 65 0 1788978397 954285
3 110704 92 0 1788978397 959341
3 110716 61 0 1788978397 960290
3 110743 72 0 1788978397 962443
3 110756 79 0 1788978397 963511
3 110763 77 0 1788978397 964124
3 110792 72 0 1788978397 966199
3 110839 75 0 1788978397 969431
3 110842 66 0 1788978397 969624
3 110855 57 0 1788978397 970454
3 110884 63 0 1788978397 972303
3 110948 91 0 1788978397 976684
3 110980 64 0 1788978397 978921
3 111011 80 0 1788978397 981126
3 111079 64 0 1788978397 986215
3 111087 81 0 1788978397 986840
3 111113 86 0 1788978397 988670
3 111132 57 0 1788978397 989984
3 111142 68 0 1788978397 990646
3 111152 56 0 1788978397 991299
3 111153 56 0 1788978397 991358
3 111164 65 0 1788978397 992176
3 111181 57 0 1788978397 993321
3 111194 60 0 1788978397 994176
3 111209 62 0 1788978397 995233
3 111262 58 0 1788978397 998722
3 111282 50 0 1788978398 16
3 111292 77 0 1788978398 737
3 111296 66 0 1788978398 1024
3 111303 58 0 1788978398 1492
3 111332 99 0 1788978398 3468
3 111351 74 0 1788978398 4875
3 111373 92 0 1788978398 6768
3 111378 62 0 1788978398 7094
3 111391 59 0 1788978398 7992
3 111410 98 0 1788978398 9499
3 111426 92 0 1788978398 10886
3 111443 68 0 1788978398 12069
3 111464 59 0 1788978398 13483
3 111478 58 0 1788978398 14318
3 111495 70 0 1788978398 15430
3 111502 56 0 1788978398 15861
3 111554 65 0 1788978398 19113
3 111583 76 0 1788978398 21006
3 111638 58 0 1788978398 24512
3 111643 57 0 1788978398 24819
3 111706 69 0 1788978398 28726
3 111713 55 0 1788978398 29185
3 111715 57 0 1788978398 29306
3 111721 58 0 1788978398 29719
3 111731 89 0 1788978398 30350
3 111733 63 0 1788978398 30486
3 111736 68 0 1788978398 30670
3 111765 62 0 1788978398 32533
3 111782 69 0 1788978398 33727
3 111788 55 0 1788978398 34084
3 111794 46 0 1788978398 34393
3 111804 58 0 1788978398 34982
3 111820 58 0 1788978398 36026
3 111877 127 0 1788978398 39705
3 111878 66 0 1788978398 39775
3 111887 75 0 1788978398 40490
3 111893 75 0 1788978398 40970
3 111894 76 0 1788978398 41048
3 111913 62 0 1788978398 42316
3 111922 58 0 1788978398 42908
3 111935 91 0 1788978398 43672
3 111976 54 0 1788978398 46443
3 111978 58 0 1788978398 46559
3 112021 64 0 1788978398 49330
3 112060 63 0 1788978398 51952
3 112067 53 0 1788978398 52429
3 112086 55 0 1788978398 53869
3 112090 56 0 1788978398 54093
3 112119 58 0 1788978398 56146
3 112120 67 0 1788978398 56248
3 112124 67 0 1788978398 56523
3 112130 58 0 1788978398 56933
3 112141 63 0 1788978398 57588
3 112189 55 0 1788978398 60856
3 112191 56 0 1788978398 60970
3 112216 65 0 1788978398 62596
3 112275 63 0 1788978398 66474
3 112322 79 0 1788978398 69467
3 112326 60 0 1788978398 69773
3 112331 66 0 1788978398 70093
3 112346 69 0 1788978398 71157
3 112413 62 0 1788978398 75515
3 112446 82 0 1788978398 77535
3 112467 60 0 1788978398 78930
3 112473 73 0 1788978398 79322
3 112485 55 0 1788978398 80175
3 112504 54 0 1788978398 81347
3 112516 56 0 1788978398 82054
3 112527 61 0 1788978398 82744
3 112543 63 0 1788978398 83844
3 112552 50 0 1788978398 84402
3 112565 64 0 1788978398 85249
3 112570 59 0 1788978398 85585
3 112592 89 0 1788978398 87353
3 112613 63 0 1788978398 88732
3 112624 63 0 1788978398 89457
3 112637 55 0 1788978398 90247
3 112650 59 0 1788978398 90997
3 112656 71 0 1788978398 91374
3 112661 64 0 1788978398 91712
3 112686 57 0 1788978398 93362
3 112708 58 0 1788978398 94774
3 112719 64 0 1788978398 95440
3 112725 67 0 1788978398 95879
3 112763 94 0 1788978398 98664
3 112786 64 0 1788978398 100310
3 112789 63 0 1788978398 100495
3 112821 67 0 1788978398 102430
3 112837 77 0 1788978398 103568
3 112854 60 0 1788978398 104925
3 112859 62 0 1788978398 105229
3 112879 0 0 1788978398 106814
3 112899 59 0 1788978398 108146
3 112938 74 0 1788978398 110653
3 112942 94 0 1788978398 110962
3 112947 64 0 1788978398 111282
3 112985 54 0 1788978398 113577
3 113003 58 0 1788978398 114774
3 113026 49 0 1788978398 116250
3 113080 69 0 1788978398 119754
3 113082 66 0 1788978398 119892
3 113095 77 0 1788978398 120701
3 113114 58 0 1788978398 121847
3 113130 62 0 1788978398 122880
3 113138 58 0 1788978398 123354
3 113152 56 0 1788978398 124178
3 113208 66 0 1788978398 127623
3 113242 61 0 1788978398 129862
3 113319 67 0 1788978398 134999
3 113324 54 0 1788978398 135279
3 113325 54 0 1788978398 135335
3 113358 54 0 1788978398 137221
3 113367 77 0 1788978398 137745
3 113369 83 0 1788978398 137907
3 113373 56 0 1788978398 138162
3 113385 54 0 1788978398 138872
3 113392 64 0 1788978398 139340
3 113433 55 0 1788978398 142023
3 113446 63 0 1788978398 143120
3 113461 57 0 1788978398 144130
3 113491 56 0 1788978398 145981
3 113507 66 0 1788978398 147015
3 113532 55 0 1788978398 148547
3 113575 52 0 1788978398 151316
3 113603 60 0 1788978398 153133
3 113604 85 0 1788978398 153222
3 113635 59 0 1788978398 155214
3 113659 67 0 1788978398 156711
3 113664 59 0 1788978398 157012
3 113698 56 0 1788978398 159187
3 113699 57 0 1788978398 159247
3 113700 61 0 1788978398 159310
3 113736 56 0 1788978398 161742
3 113755 56 0 1788978398 162870
3 113762 56 0 1788978398 163256
3 113784 55 0 1788978398 164468
3 113797 52 0 1788978398 165276
3 113816 58 0 1788978398 166506
3 113820 52 0 1788978398 166767
3 113827 73 0 1788978398 167189
3 113858 67 0 1788978398 169191
3 113867 67 0 1788978398 169858
3 113902 64 0 1788978398 172420
3 113945 69 0 1788978398 175489
3 113949 72 0 1788978398 175829
3 113967 65 0 1788978398 177030
3 114030 50 0 1788978398 181376
3 114070 68 0 1788978398 183812
3 114086 63 0 1788978398 184743
3 114103 57 0 1788978398 185750
3 114105 72 0 1788978398 185882
3 114137 67 0 1788978398 188267
3 114144 62 0 1788978398 188779
3 114155 96 0 1788978398 189526
3 114156 121 0 1788978398 189651
3 114168 63 0 1788978398 190552
3 114233 57 0 1788978398 194966
3 114245 80 0 1788978398 195674
3 114249 60 0 1788978398 195905
3 114255 59 0 1788978398 196265
3 114257 61 0 1788978398 196389
3 114260 69 0 1788978398 196586
3 114281 61 0 1788978398 197928
3 114299 56 0 1788978398 199027
3 114303 62 0 1788978398 199288
3 114327 67 0 1788978398 201050
3 114410 94 0 1788978398 206265
3 114419 62 0 1788978398 206823
3 114447 60 0 1788978398 208518
3 114449 91 0 1788978398 208675
3 114498 57 0 1788978398 211689
3 114509 63 0 1788978398 212378
3 114512 54 0 1788978398 212550
3 114524 64 0 1788978398 213263
3 114562 54 0 1788978398 215544
3 114603 58 0 1788978398 218088
3 114621 57 0 1788978398 219165
3 114622 51 0 1788978398 219219
3 114638 49 0 1788978398 220169
3 114646 85 0 1788978398 220664
3 114673 65 0 1788978398 222319
3 114687 56 0 1788978398 223158
3 114696 96 0 1788978398 223699
3 114701 46 0 1788978398 223940
3 114739 46 0 1788978398 225716
3 114774 56 0 1788978398 227708
3 114790 47 0 1788978398 228596
3 114857 72 0 1788978398 232711
3 114876 55 0 1788978398 233915
3 114897 54 0 1788978398 235193
3 114898 55 0 1788978398 235251
3 114908 54 0 1788978398 235810
3 114929 52 0 1788978398 237049
3 114969 57 0 1788978398 239416
3 115062 52 0 1788978398 245071
3 115102 54 0 1788978398 247424
3 115111 57 0 1788978398 247930
3 115159 58 0 1788978398 251078
3 115179 75 0 1788978398 252440
3 115194 63 0 1788978398 253457
3 115243 61 0 1788978398 256508
3 115244 61 0 1788978398 256571
3 115335 55 0 1788978398 262026
3 115346 90 0 1788978398 262823
3 115354 66 0 1788978398 263399
3 115369 57 0 1788978398 264378
3 115399 63 0 1788978398 266350
3 115412 63 0 1788978398 267363
3 115416 82 0 1788978398 267668
3 115460 60 0 1788978398 270513
3 115470 54 0 1788978398 271165
3 115482 64 0 1788978398 271922
3 115500 67 0 1788978398 273283
3 115533 56 0 1788978398 275215
3 115549 55 0 1788978398 276220
3 115555 57 0 1788978398 276558
3 115557 59 0 1788978398 276679
3 115577 70 0 1788978398 277947
3 115596 52 0 1788978398 279072
3 115631 64 0 1788978398 281299
3 115634 59 0 1788978398 281489
3 115659 70 0 1788978398 283026
3 115667 61 0 1788978398 283536
3 115672 83 0 1788978398 283974
3 115714 68 0 1788978398 286517
3 115716 92 0 1788978398 286681
3 115755 84 0 1788978398 289111
3 115804 59 0 1788978398 292611
3 115817 60 0 1788978398 293398
3 115867 92 0 1788978398 296679
3 115868 70 0 1788978398 296753
3 115877 62 0 1788978398 297368
3 115883 60 0 1788978398 297762
3 115895 63 0 1788978398 298539
3 115913 52 0 1788978398 299527
3 115917 55 0 1788978398 299760
3 115926 74 0 1788978398 300348
3 115947 55 0 1788978398 301610
3 115957 52 0 1788978398 302178
3 115963 63 0 1788978398 302563
3 115990 64 0 1788978398 304276
3 115995 57 0 1788978398 304605
3 116005 52 0 1788978398 305176
3 116010 61 0 1788978398 305474
3 116024 54 0 1788978398 306359
3 116035 53 0 1788978398 307019
3 116040 59 0 1788978398 307312
3 116045 96 0 1788978398 307642
3 116052 64 0 1788978398 308085
3 116065 70 0 1788978398 309045
3 116067 65 0 1788978398 309187
3 116072 65 0 1788978398 309509
3 116076 60 0 1788978398 309800
3 116084 89 0 1788978398 310331
3 116087 65 0 1788978398 310551
3 116089 64 0 1788978398 310706
3 116114 55 0 1788978398 312202
3 116142 63 0 1788978398 314007
3 116151 68 0 1788978398 314539
3 116199 75 0 1788978398 318086
3 116217 72 0 1788978398 319443
3 116241 61 0 1788978398 321229
3 116261 68 0 1788978398 322507
3 116262 61 0 1788978398 322571
3 116314 69 0 1788978398 325624
3 116335 59 0 1788978398 326800
3 116337 56 0 1788978398 326916
3 116345 65 0 1788978398 327435
3 116382 62 0 1788978398 330259
3 116393 60 0 1788978398 331003
3 116403 63 0 1788978398 331738
3 116409 88 0 1788978398 332295
3 116422 80 0 1788978398 333305
3 116424 84 0 1788978398 333475
3 116439 84 0 1788978398 334496
3 116453 73 0 1788978398 335557
3 116492 94 0 1788978398 338418
3 116503 56 0 1788978398 339222
3 116531 80 0 1788978398 341043
3 116532 76 0 1788978398 341123
3 116541 59 0 1788978398 341933
3 116561 69 0 1788978398 343461
3 116590 57 0 1788978398 345338
3 116609 57 0 1788978398 346497
3 116610 62 0 1788978398 346563
3 116611 67 0 1788978398 346633
3 116635 60 0 1788978398 348063
3 116688 48 0 1788978398 351419
3 116716 81 0 1788978398 353157
3 116743 69 0 1788978398 355009
3 116791 52 0 1788978398 358237
3 116796 52 0 1788978398 358510
3 116819 72 0 1788978398 360043
3 116828 86 0 1788978398 360637
3 116875 60 0 1788978398 363538
3 116895 49 0 1788978398 364783
3 116910 75 0 1788978398 365674
3 116918 54 0 1788978398 366116
3 116919 54 0 1788978398 366173
3 116933 52 0 1788978398 367014
3 116955 60 0 1788978398 368321
3 116960 55 0 1788978398 368600
3 116972 57 0 1788978398 369292
3 117026 62 0 1788978398 372601
3 117045 62 0 1788978398 373851
3 117048 65 0 1788978398 374046
3 117062 77 0 1788978398 374992
3 117073 64 0 1788978398 375849
3 117086 0 0 1788978398 376721
3 117107 76 0 1788978398 377943
3 117119 63 0 1788978398 378729
3 117128 52 0 1788978398 379231
3 117133 62 0 1788978398 379539
3 117149 58 0 1788978398 380522
3 117175 52 0 1788978398 382061
3 117189 66 0 1788978398 382938
3 117205 59 0 1788978398 383925
3 117218 61 0 1788978398 384719
3 117230 55 0 1788978398 385389
3 117286 61 0 1788978398 388889
3 117299 96 0 1788978398 389671
3 117372 66 0 1788978398 394021
3 117381 57 0 1788978398 394555
3 117382 59 0 1788978398 394617
3 117403 53 0 1788978398 395911
3 117405 53 0 1788978398 396020
3 117417 69 0 1788978398 396912
3 117433 52 0 1788978398 397827
3 117437 59 0 1788978398 398073
3 117468 67 0 1788978398 400183
3 117483 53 0 1788978398 401076
3 117484 55 0 1788978398 401134
3 117500 62 0 1788978398 402138
3 117508 81 0 1788978398 402667
3 117515 59 0 1788978398 403119
3 117540 56 0 1788978398 404585
3 117555 60 0 1788978398 405548
3 117565 77 0 1788978398 406305
3 117572 68 0 1788978398 406854
3 117574 69 0 1788978398 406984
3 117622 64 0 1788978398 410449
3 117638 67 0 1788978398 411770
3 117643 122 0 1788978398 412201
3 117648 92 0 1788978398 412604
3 117653 87 0 1788978398 412993
3 117678 53 0 1788978398 414702
3 117687 67 0 1788978398 415334
3 117689 66 0 1788978398 415466
3 117690 66 0 1788978398 415537
3 117740 81 0 1788978398 419290
3 117778 75 0 1788978398 422314
3 117819 77 0 1788978398 425254
3 117831 77 0 1788978398 426188
3 117867 76 0 1788978398 429053
3 117890 61 0 1788978398 430695
3 117892 72 0 1788978398 430827
3 117905 90 0 1788978398 431701
3 117919 70 0 1788978398 432708
3 117920 63 0 1788978398 432775
3 117968 86 0 1788978398 436108
3 117999 83 0 1788978398 438505
3 118001 72 0 1788978398 438655
3 118006 66 0 1788978398 439008
3 118008 78 0 1788978398 439156
3 118013 75 0 1788978398 439480
3 118024 85 0 1788978398 440367
3 118039 75 0 1788978398 441468
3 118080 58 0 1788978398 444605
3 118086 68 0 1788978398 445053
3 118114 57 0 1788978398 446899
3 118160 56 0 1788978398 449806
3 118166 57 0 1788978398 450162
3 118182 58 0 1788978398 451220
3 118234 87 0 1788978398 454658
3 118258 84 0 1788978398 456404
3 118283 77 0 1788978398 458332
3 118331 76 0 1788978398 461931
3 118332 70 0 1788978398 462007
3 118351 55 0 1788978398 463332
3 118363 61 0 1788978398 464120
3 118366 58 0 1788978398 464309
3 118457 67 0 1788978398 470176
3 118465 93 0 1788978398 470797
3 118471 73 0 1788978398 471331
3 118475 85 0 1788978398 471667
3 118482 58 0 1788978398 472116
3 118500 69 0 1788978398 473434
3 118569 65 0 1788978398 478164
3 118600 61 0 1788978398 480257
3 118610 68 0 1788978398 481032
3 118612 60 0 1788978398 481152
3 118614 62 0 1788978398 481275
3 118665 76 0 1788978398 484643
3 118669 66 0 1788978398 484952
3 118675 64 0 1788978398 485369
3 118678 65 0 1788978398 485568
3 118703 56 0 1788978398 487161
3 118723 64 0 1788978398 488458
3 118756 91 0 1788978398 490693
3 118763 63 0 1788978398 491151
3 118774 68 0 1788978398 491776
3 118776 64 0 1788978398 491905
3 118802 70 0 1788978398 493745
3 118823 60 0 1788978398 495159
3 118841 57 0 1788978398 496338
3 118863 58 0 1788978398 497763
3 118866 57 0 1788978398 497946
3 118868 76 0 1788978398 498086
3 118892 74 0 1788978398 499950
3 118901 60 0 1788978398 500543
3 118980 86 0 1788978398 505687
3 119026 62 0 1788978398 508462
3 119052 55 0 1788978398 510021
3 119081 60 0 1788978398 511835
3 119083 56 0 1788978398 511949
3 119098 60 0 1788978398 512927
3 119125 72 0 1788978398 514742
3 119126 63 0 1788978398 514809
3 119137 66 0 1788978398 515531
3 119151 69 0 1788978398 516463
3 119177 63 0 1788978398 518132
3 119186 62 0 1788978398 518702
3 119244 61 0 1788978398 522600
3 119271 67 0 1788978398 524294
3 119315 54 0 1788978398 526821
3 119338 56 0 1788978398 528134
3 119340 60 0 1788978398 528265
3 119371 61 0 1788978398 530263
3 119376 55 0 1788978398 530544
3 119385 54 0 1788978398 531059
3 119402 57 0 1788978398 532104
3 119403 56 0 1788978398 532163
3 119415 80 0 1788978398 532884
3 119544 47 0 1788978398 541396
3 119595 63 0 1788978398 545019
3 119614 58 0 1788978398 546289
3 119627 63 0 1788978398 547100
3 119678 61 0 1788978398 550430
3 119687 63 0 1788978398 551017
3 119714 60 0 1788978398 552767
3 119749 54 0 1788978398 554977
3 119752 54 0 1788978398 555149
3 119766 55 0 1788978398 555969
3 119771 67 0 1788978398 556278
3 119797 58 0 1788978398 557950
3 119798 58 0 1788978398 558011
3 119875 55 0 1788978398 563395
3 119883 63 0 1788978398 563917
3 119928 59 0 1788978398 566784
3 119961 61 0 1788978398 568901
3 120025 80 0 1788978398 573369
3 120033 84 0 1788978398 573996
3 120044 75 0 1788978398 574844
3 120054 80 0 1788978398 575562
3 120063 64 0 1788978398 576164
3 120095 73 0 1788978398 578230
3 120100 85 0 1788978398 578635
3 120151 57 0 1788978398 582061
3 120171 58 0 1788978398 583372
3 120199 72 0 1788978398 586063
3 120208 74 0 1788978398 587298
3 120212 74 0 1788978398 587656
3 120232 247 0 1788978398 589380
3 120257 67 0 1788978398 591760
3 120266 70 0 1788978398 592370
3 120268 63 0 1788978398 592502
3 120289 56 0 1788978398 594294
3 120334 67 0 1788978398 597172
3 120363 63 0 1788978398 598919
3 120366 88 0 1788978398 599195
3 120386 58 0 1788978398 600456
3 120418 77 0 1788978398 602593
3 120422 82 0 1788978398 602934
3 120434 106 0 1788978398 603846
3 120447 68 0 1788978398 604655
3 120460 58 0 1788978398 605454
3 120478 0 0 1788978398 606586
3 120479 90 0 1788978398 606680
3 120492 55 0 1788978398 607456
3 120523 81 0 1788978398 609436
3 120528 72 0 1788978398 609797
3 120538 57 0 1788978398 610474
3 120578 72 0 1788978398 613357
3 120612 73 0 1788978398 615810
3 120642 59 0 1788978398 617785
3 120648 56 0 1788978398 618134
3 120661 57 0 1788978398 618947
3 120680 59 0 1788978398 620068
3 120698 71 0 1788978398 621182
3 120754 59 0 1788978398 624686
3 120755 62 0 1788978398 624752
3 120767 53 0 1788978398 625498
3 120780 63 0 1788978398 626310
3 120790 57 0 1788978398 626974
3 120798 85 0 1788978398 627459
3 120803 65 0 1788978398 627815
3 120815 55 0 1788978398 628519
3 120844 63 0 1788978398 630313
3 120856 62 0 1788978398 631101
3 120870 61 0 1788978398 631950
3 120890 70 0 1788978398 633384
3 120952 89 0 1788978398 637406
3 120993 64 0 1788978398 640215
3 121025 87 0 1788978398 643100
3 121031 93 0 1788978398 643585
3 121045 82 0 1788978398 644693
3 121060 69 0 1788978398 645709
3 121124 95 0 1788978398 650928
3 121143 77 0 1788978398 652424
3 121146 90 0 1788978398 652674
3 121163 95 0 1788978398 653912
3 121181 102 0 1788978398 655355
3 121185 82 0 1788978398 655660
3 121212 87 0 1788978398 657618
3 121219 57 0 1788978398 658143
3 121273 72 0 1788978398 662814
3 121277 88 0 1788978398 663113
3 121290 84 0 1788978398 664135
3 121322 65 0 1788978398 666496
3 121327 101 0 1788978398 667123
3 121374 67 0 1788978398 670292
3 121375 74 0 1788978398 670369
3 121379 78 0 1788978398 670634
3 121381 58 0 1788978398 670759
3 121412 72 0 1788978398 672773
3 121429 61 0 1788978398 673904
3 121436 64 0 1788978398 674385
3 121483 57 0 1788978398 677583
3 121502 67 0 1788978398 678658
3 121526 58 0 1788978398 680238
3 121539 66 0 1788978398 681023
3 121542 65 0 1788978398 681226
3 121554 51 0 1788978398 681932
3 121559 79 0 1788978398 682237
3 121583 58 0 1788978398 683737
3 121615 68 0 1788978398 685719
3 121649 63 0 1788978398 687850
3 121697 69 0 1788978398 691016
3 121708 55 0 1788978398 691770
3 121727 57 0 1788978398 692942
3 121759 72 0 1788978398 695256
3 121761 59 0 1788978398 695388
3 121774 57 0 1788978398 696312
3 121780 67 0 1788978398 696673
3 121803 56 0 1788978398 698087
3 121856 58 0 1788978398 701425
3 121891 56 0 1788978398 703540
3 121905 55 0 1788978398 704376
3 121914 56 0 1788978398 704898
3 121921 64 0 1788978398 705326
3 121927 57 0 1788978398 705687
3 121929 54 0 1788978398 705799
3 121981 90 0 1788978398 708922
3 122014 68 0 1788978398 711351
3 122069 65 0 1788978398 714822
3 122094 60 0 1788978398 716529
3 122095 100 0 1788978398 716633
3 122099 68 0 1788978398 716922
3 122103 52 0 1788978398 717146
3 122117 55 0 1788978398 717921
3 122118 58 0 1788978398 717981
3 122148 56 0 1788978398 719715
3 122179 86 0 1788978398 721679
3 122187 55 0 1788978398 722213
3 122273 141 0 1788978398 728725
3 122309 62 0 1788978398 731306
3 122312 68 0 1788978398 731557
3 122320 73 0 1788978398 732124
3 122339 61 0 1788978398 733559
3 122356 69 0 1788978398 734861
3 122385 78 0 1788978398 736847
3 122399 68 0 1788978398 737846
3 122507 62 0 1788978398 745082
3 122520 65 0 1788978398 745904
3 122546 57 0 1788978398 747534
3 122582 62 0 1788978398 749790
3 122637 61 0 1788978398 753112
3 122643 51 0 1788978398 753445
3 122668 69 0 1788978398 755016
3 122676 57 0 1788978398 755536
3 122684 57 0 1788978398 756012
3 122696 61 0 1788978398 756772
3 122709 56 0 1788978398 757592
3 122718 68 0 1788978398 758134
3 122730 59 0 1788978398 758855
3 122731 63 0 1788978398 758921
3 122738 64 0 1788978398 759370
3 122745 65 0 1788978398 759865
3 122755 66 0 1788978398 760529
3 122762 56 0 1788978398 760969
3 122800 114 0 1788978398 763407
3 122801 88 0 1788978398 763499
3 122808 56 0 1788978398 763977
3 122813 55 0 1788978398 764259
3 122873 57 0 1788978398 767980
3 122895 52 0 1788978398 769268
3 122918 81 0 1788978398 770667
3 122952 59 0 1788978398 772815
3 122965 62 0 1788978398 773655
3 122992 60 0 1788978398 775314
3 123084 65 0 1788978398 781242
3 123135 53 0 1788978398 784194
3 123143 65 0 1788978398 784664
3 123159 51 0 1788978398 785567
3 123176 66 0 1788978398 786588
3 123181 57 0 1788978398 786903
3 123186 65 0 1788978398 787210
3 123228 50 0 1788978398 789823
3 123232 51 0 1788978398 790059
3 123255 53 0 1788978398 791345
3 123282 61 0 1788978398 792936
3 123297 59 0 1788978398 793863
3 123303 54 0 1788978398 794208
3 123311 57 0 1788978398 794661
3 123315 56 0 1788978398 794890
3 123324 60 0 1788978398 795408
3 123330 52 0 1788978398 795746
3 123356 67 0 1788978398 797387
3 123370 55 0 1788978398 798200
3 123401 70 0 1788978398 800114
3 123455 63 0 1788978398 803535
3 123481 56 0 1788978398 805258
3 123525 66 0 1788978398 807965
3 123544 61 0 1788978398 809210
3 123554 56 0 1788978398 809765
3 123557 113 0 1788978398 809997
3 123559 64 0 1788978398 810149
3 123566 58 0 1788978398 810560
3 123607 72 0 1788978398 813261
3 123610 69 0 1788978398 813467
3 123631 53 0 1788978398 814793
3 123657 60 0 1788978398 816405
3 123658 59 0 1788978398 816467
3 123768 53 0 1788978398 823558
3 123802 93 0 1788978398 825682
3 123810 71 0 1788978398 826273
3 123813 65 0 1788978398 826465
3 123826 86 0 1788978398 827503
3 123831 83 0 1788978398 827925
3 123838 51 0 1788978398 828494
3 123888 60 0 1788978398 831618
3 123893 54 0 1788978398 831901
3 123920 61 0 1788978398 833458
3 123925 70 0 1788978398 833805
3 123940 56 0 1788978398 834721
3 123949 62 0 1788978398 835256
3 123987 0 0 1788978398 838215
3 124040 98 0 1788978398 841691
3 124063 76 0 1788978398 843445
3 124069 78 0 1788978398 843903
3 124081 63 0 1788978398 844696
3 124089 63 0 1788978398 845272
3 124091 61 0 1788978398 845411
3 124119 75 0 1788978398 847443
3 124123 67 0 1788978398 847754
3 124145 75 0 1788978398 849281
3 124151 67 0 1788978398 849768
3 124163 71 0 1788978398 850708
3 124174 67 0 1788978398 851529
3 124197 72 0 1788978398 853245
3 124213 62 0 1788978398 854452
3 124259 92 0 1788978398 858007
3 124264 74 0 1788978398 858367
3 124299 77 0 1788978398 861125
3 124327 95 0 1788978398 863217
3 124341 80 0 1788978398 864500
3 124370 91 0 1788978398 867262
3 124397 67 0 1788978398 869305
3 124400 74 0 1788978398 869517
3 124408 65 0 1788978398 870103
3 124420 77 0 1788978398 871120
3 124455 87 0 1788978398 873967
3 124456 83 0 1788978398 874055
3 124476 95 0 1788978398 875637
3 124503 75 0 1788978398 877726
3 124543 60 0 1788978398 880440
3 124560 52 0 1788978398 881473
3 124591 61 0 1788978398 883417
3 124597 64 0 1788978398 883831
3 124620 52 0 1788978398 885324
3 124633 55 0 1788978398 886157
3 124705 79 0 1788978398 891945
3 124713 91 0 1788978398 892629
3 124716 90 0 1788978398 892901
3 124735 87 0 1788978398 894532
3 124749 91 0 1788978398 895832
3 124751 96 0 1788978398 896015
3 124779 87 0 1788978398 898492
3 124782 82 0 1788978398 898750
3 124785 92 0 1788978398 899007
3 124809 60 0 1788978398 900557
3 124814 65 0 1788978398 900918
3 124843 62 0 1788978398 902904
3 124856 65 0 1788978398 903734
3 124885 59 0 1788978398 905524
3 124928 60 0 1788978398 908196
3 124938 89 0 1788978398 908899
3 124996 67 0 1788978398 912486
3 125008 58 0 1788978398 913362
3 125013 85 0 1788978398 913780
3 125020 67 0 1788978398 914292
3 125031 69 0 1788978398 915137
3 125037 59 0 1788978398 915503
3 125039 64 0 1788978398 915626
3 125092 70 0 1788978398 918646
3 125104 57 0 1788978398 919374
3 125109 69 0 1788978398 919670
3 125132 88 0 1788978398 921155
3 125143 61 0 1788978398 921880
3 125156 73 0 1788978398 922746
3 125173 62 0 1788978398 923786
3 125214 85 0 1788978398 926257
3 125245 61 0 1788978398 928241
3 125286 56 0 1788978398 931278
3 125317 54 0 1788978398 933150
3 125323 61 0 1788978398 933537
3 125350 57 0 1788978398 935136
3 125426 54 0 1788978398 939735
3 125428 58 0 1788978398 939854
3 125434 54 0 1788978398 940186
3 125436 57 0 1788978398 940300
3 125467 65 0 1788978398 942369
3 125498 65 0 1788978398 944392
3 125540 52 0 1788978398 946994
3 125551 62 0 1788978398 947745
3 125565 68 0 1788978398 948709
3 125579 80 0 1788978398 949647
3 125623 57 0 1788978398 952516
3 125673 74 0 1788978398 955832
3 125701 58 0 1788978398 957885
3 125705 74 0 1788978398 958168
3 125709 56 0 1788978398 958399
3 125710 55 0 1788978398 958457
3 125733 62 0 1788978398 959944
3 125742 67 0 1788978398 960536
3 125764 63 0 1788978398 961913
3 125786 58 0 1788978398 963291
3 125856 62 0 1788978398 968260
3 125882 97 0 1788978398 970238
3 125961 62 0 1788978398 975505
3 125986 59 0 1788978398 977034
3 126002 54 0 1788978398 978003
3 126037 67 0 1788978398 980317
3 126050 63 0 1788978398 981155
3 126069 61 0 1788978398 982380
3 126081 63 0 1788978398 983182
3 126109 83 0 1788978398 985293
3 126113 57 0 1788978398 985556
3 126117 53 0 1788978398 985825
3 126121 55 0 1788978398 986074
3 126130 70 0 1788978398 986604
3 126152 90 0 1788978398 988184
3 126242 62 0 1788978398 994577
3 126251 56 0 1788978398 995144
3 126262 58 0 1788978398 995806
3 126272 60 0 1788978398 996449
3 126308 100 0 1788978398 999217
3 126334 75 0 1788978399 1400
3 126341 70 0 1788978399 2180
3 126390 68 0 1788978399 6247
3 126420 66 0 1788978399 8788
3 126424 69 0 1788978399 9119
3 126440 90 0 1788978399 10284
3 126458 68 0 1788978399 11587
3 126468 62 0 1788978399 12262
3 126471 63 0 1788978399 12451
3 126475 65 0 1788978399 12730
3 126490 63 0 1788978399 13606
3 126538 70 0 1788978399 16791
3 126540 64 0 1788978399 16956
3 126550 75 0 1788978399 17620
3 126560 57 0 1788978399 18311
3 126562 67 0 1788978399 18447
3 126609 60 0 1788978399 21891
3 126637 62 0 1788978399 23756
3 126646 58 0 1788978399 24327
3 126651 97 0 1788978399 24659
3 126676 66 0 1788978399 26377
3 126688 59 0 1788978399 27149
3 126730 45 0 1788978399 29984
3 126751 60 0 1788978399 31313
3 126762 59 0 1788978399 32049
3 126772 62 0 1788978399 32701
3 126775 59 0 1788978399 32883
3 126827 51 0 1788978399 36460
3 126832 71 0 1788978399 36866
3 126840 93 0 1788978399 37457
3 126918 71 0 1788978399 42802
3 126934 82 0 1788978399 44070
3 126935 84 0 1788978399 44158
3 126983 58 0 1788978399 47399
3 127017 69 0 1788978399 49540
3 127030 59 0 1788978399 50366
3 127038 57 0 1788978399 50879
3 127042 67 0 1788978399 51158
3 127074 64 0 1788978399 53197
3 127142 67 0 1788978399 57502
3 127149 56 0 1788978399 57944
3 127161 67 0 1788978399 58673
3 127215 65 0 1788978399 62132
3 127226 58 0 1788978399 62813
3 127244 65 0 1788978399 63928
3 127252 61 0 1788978399 64518
3 127277 69 0 1788978399 66202
3 127298 59 0 1788978399 67534
3 127315 93 0 1788978399 68645
3 127337 54 0 1788978399 70031
3 127338 55 0 1788978399 70090
3 127388 70 0 1788978399 73366
3 127400 63 0 1788978399 74196
3 127419 122 0 1788978399 75748
3 127436 79 0 1788978399 77181
3 127463 66 0 1788978399 79082
3 127478 66 0 1788978399 80104
3 127479 65 0 1788978399 80171
3 127486 84 0 1788978399 80683
3 127520 53 0 1788978399 82742
3 127522 54 0 1788978399 82850
3 127525 57 0 1788978399 83023
3 127527 58 0 1788978399 83136
3 127528 77 0 1788978399 83258
3 127535 58 0 1788978399 83710
3 127609 72 0 1788978399 88732
3 127622 54 0 1788978399 89505
3 127676 64 0 1788978399 93023
3 127686 87 0 1788978399 93672
3 127728 67 0 1788978399 96440
3 127744 57 0 1788978399 97481
3 127748 60 0 1788978399 97747
3 127749 59 0 1788978399 97808
3 127753 79 0 1788978399 98088
3 127795 54 0 1788978399 100846
3 127800 58 0 1788978399 101133
3 127818 67 0 1788978399 102373
3 127842 66 0 1788978399 104016
3 127846 76 0 1788978399 104310
3 127871 66 0 1788978399 105957
3 127872 69 0 1788978399 106029
3 127873 68 0 1788978399 106099
3 127912 69 0 1788978399 108890
3 127927 61 0 1788978399 109860
3 127930 67 0 1788978399 110029
3 127948 62 0 1788978399 111839
3 127959 84 0 1788978399 112767
3 127975 80 0 1788978399 113977
3 127992 62 0 1788978399 115109
3 127994 87 0 1788978399 115284
3 128103 90 0 1788978399 123850
3 128138 70 0 1788978399 126607
3 128165 65 0 1788978399 128413
3 128178 68 0 1788978399 129326
3 128188 61 0 1788978399 130050
3 128190 55 0 1788978399 130164
3 128205 71 0 1788978399 131181
3 128230 58 0 1788978399 132809
3 128231 59 0 1788978399 132871
3 128247 66 0 1788978399 134151
3 128254 61 0 1788978399 134600
3 128285 107 0 1788978399 137008
3 128290 73 0 1788978399 137400
3 128319 0 0 1788978399 139682
3 128339 59 0 1788978399 141500
3 128353 59 0 1788978399 142517
3 128383 86 0 1788978399 144740
3 128391 0 0 1788978399 145448
3 128393 106 0 1788978399 145676
3 128397 115 0 1788978399 146117
3 128425 64 0 1788978399 148465
3 128436 127 0 1788978399 149310
3 128461 65 0 1788978399 151111
3 128471 74 0 1788978399 151817
3 128487 64 0 1788978399 153054
3 128528 70 0 1788978399 155978
3 128543 138 0 1788978399 157289
3 128551 75 0 1788978399 157972
3 128565 83 0 1788978399 159062
3 128577 73 0 1788978399 159995
3 128591 80 0 1788978399 161214
3 128615 63 0 1788978399 163215
3 128656 83 0 1788978399 165918
3 128705 72 0 1788978399 169752
3 128707 70 0 1788978399 169975
3 128730 67 0 1788978399 172382
3 128744 69 0 1788978399 173535
3 128761 59 0 1788978399 174861
3 128766 65 0 1788978399 175188
3 128828 59 0 1788978399 179758
3 128844 60 0 1788978399 180692
3 128875 121 0 1788978399 182695
3 128886 68 0 1788978399 183478
3 128887 66 0 1788978399 183549
3 128933 76 0 1788978399 186910
3 128941 114 0 1788978399 187550
3 128958 65 0 1788978399 188746
3 128963 67 0 1788978399 189099
3 128964 88 0 1788978399 189192
3 128994 75 0 1788978399 192009
3 128997 91 0 1788978399 192261
3 129000 80 0 1788978399 192570
3 129061 70 0 1788978399 196577
3 129126 66 0 1788978399 201005
3 129134 54 0 1788978399 201478
3 129147 61 0 1788978399 202308
3 129245 66 0 1788978399 209004
3 129255 83 0 1788978399 209743
3 129283 65 0 1788978399 211605
3 129294 65 0 1788978399 212365
3 129333 61 0 1788978399 214911
3 129354 82 0 1788978399 216241
3 129358 74 0 1788978399 216511
3 129378 60 0 1788978399 217989
3 129434 65 0 1788978399 221724
3 129446 60 0 1788978399 222475
3 129491 57 0 1788978399 225604
3 129512 88 0 1788978399 227346
3 129519 72 0 1788978399 227905
3 129526 77 0 1788978399 228452
3 129537 65 0 1788978399 229361
3 129564 73 0 1788978399 231556
3 129587 61 0 1788978399 233209
3 129588 59 0 1788978399 233272
3 129589 57 0 1788978399 233332
3 129602 57 0 1788978399 234150
3 129628 80 0 1788978399 235752
3 129629 57 0 1788978399 235811
3 129641 66 0 1788978399 236549
3 129663 66 0 1788978399 238003
3 129699 65 0 1788978399 240366
3 129717 62 0 1788978399 241590
3 129728 71 0 1788978399 242308
3 129734 55 0 1788978399 242681
3 129791 59 0 1788978399 246183
3 129821 60 0 1788978399 248102
3 129830 69 0 1788978399 248661
3 129837 70 0 1788978399 249096
3 129853 67 0 1788978399 250314
3 129856 71 0 1788978399 250565
3 129874 63 0 1788978399 251639
3 129887 57 0 1788978399 252386
3 129888 57 0 1788978399 252447
3 129919 65 0 1788978399 254382
3 129935 70 0 1788978399 255465
3 129940 60 0 1788978399 255794
3 129944 52 0 1788978399 256012
3 129976 65 0 1788978399 258179
3 129986 59 0 1788978399 258801
3 130009 68 0 1788978399 260405
3 130016 64 0 1788978399 260910
3 130051 56 0 1788978399 263398
3 130058 81 0 1788978399 263954
3 130059 77 0 1788978399 264036
3 130072 83 0 1788978399 265048
3 130083 67 0 1788978399 265932
3 130098 67 0 1788978399 267067
3 130183 53 0 1788978399 272558
3 130194 55 0 1788978399 273275
3 130233 92 0 1788978399 275665
3 130236 63 0 1788978399 275856
3 130253 56 0 1788978399 276958
3 130273 67 0 1788978399 278348
3 130284 52 0 1788978399 279007
3 130303 57 0 1788978399 280186
3 130307 57 0 1788978399 280413
3 130315 54 0 1788978399 280859
3 130405 78 0 1788978399 286598
3 130409 61 0 1788978399 286910
3 130443 57 0 1788978399 289072
3 130447 57 0 1788978399 289306
3 130454 63 0 1788978399 289760
3 130474 56 0 1788978399 291033
3 130483 57 0 1788978399 291563
3 130493 57 0 1788978399 292149
3 130521 90 0 1788978399 294116
3 130577 61 0 1788978399 298255
3 130601 75 0 1788978399 300089
3 130621 71 0 1788978399 301473
3 130630 50 0 1788978399 302038
3 130631 58 0 1788978399 302100
3 130638 81 0 1788978399 302643
3 130649 71 0 1788978399 303317
3 130668 71 0 1788978399 304796
3 130676 66 0 1788978399 305305
3 130693 59 0 1788978399 306362
3 130704 59 0 1788978399 307020
3 130707 66 0 1788978399 307213
3 130709 59 0 1788978399 307339
3 130714 63 0 1788978399 307623
3 130763 72 0 1788978399 310975
3 130769 63 0 1788978399 311363
3 130774 66 0 1788978399 311689
3 130781 52 0 1788978399 312148
3 130790 58 0 1788978399 312754
3 130793 58 0 1788978399 312931
3 130830 64 0 1788978399 315375
3 130840 64 0 1788978399 316023
3 130857 72 0 1788978399 317310
3 130873 114 0 1788978399 318654
3 130891 78 0 1788978399 320033
3 130959 69 0 1788978399 325016
3 130975 84 0 1788978399 326342
3 130978 80 0 1788978399 326575
3 130994 83 0 1788978399 327645
3 131000 72 0 1788978399 328025
3 131010 112 0 1788978399 328719
3 131024 61 0 1788978399 329885
3 131053 87 0 1788978399 332037
3 131057 91 0 1788978399 332344
3 131066 64 0 1788978399 333067
3 131067 59 0 1788978399 333130
3 131073 69 0 1788978399 333524
3 131094 81 0 1788978399 335233
3 131097 69 0 1788978399 335470
3 131119 61 0 1788978399 337156
3 131124 101 0 1788978399 337548
3 131151 58 0 1788978399 339425
3 131176 54 0 1788978399 340889
3 131191 60 0 1788978399 341823
3 131195 94 0 1788978399 342116
3 131200 77 0 1788978399 342526
3 131222 68 0 1788978399 344168
3 131304 60 0 1788978399 349312
3 131313 93 0 1788978399 350004
3 131335 53 0 1788978399 351782
3 131365 81 0 1788978399 354037
3 131407 95 0 1788978399 357680
3 131435 85 0 1788978399 360028
3 131443 84 0 1788978399 360723
3 131473 54 0 1788978399 362558
3 131489 65 0 1788978399 363625
3 131492 69 0 1788978399 363840
3 131518 62 0 1788978399 365520
3 131569 57 0 1788978399 368877
3 131589 55 0 1788978399 370090
3 131604 58 0 1788978399 371056
3 131633 63 0 1788978399 372939
3 131714 82 0 1788978399 378165
3 131748 65 0 1788978399 380342
3 131782 58 0 1788978399 382395
3 131829 59 0 1788978399 385346
3 131859 59 0 1788978399 387345
3 131977 58 0 1788978399 394994
3 132027 47 0 1788978399 398404
3 132049 54 0 1788978399 399870
3 132096 59 0 1788978399 402966
3 132130 70 0 1788978399 405464
3 132185 54 0 1788978399 409222
3 132214 71 0 1788978399 411285
3 132285 88 0 1788978399 416085
3 132291 69 0 1788978399 416490
3 132311 70 0 1788978399 417756
3 132338 62 0 1788978399 419491
3 132372 73 0 1788978399 421707
3 132390 59 0 1788978399 422893
3 132395 61 0 1788978399 423221
3 132428 63 0 1788978399 425448
3 132430 88 0 1788978399 425622
3 132472 86 0 1788978399 428883
3 132491 86 0 1788978399 430432
3 132505 63 0 1788978399 431394
3 132530 67 0 1788978399 433025
3 132562 59 0 1788978399 434997
3 132642 55 0 1788978399 440594
3 132655 70 0 1788978399 441519
3 132672 65 0 1788978399 442784
3 132691 58 0 1788978399 444041
3 132718 60 0 1788978399 445862
3 132727 56 0 1788978399 446407
3 132744 102 0 1788978399 447554
3 132782 62 0 1788978399 450232
3 132783 80 0 1788978399 450315
3 132784 74 0 1788978399 450394
3 132785 55 0 1788978399 450452
3 132796 54 0 1788978399 451123
3 132813 83 0 1788978399 452187
3 132822 68 0 1788978399 452760
3 132883 55 0 1788978399 456786
3 132930 69 0 1788978399 459852
3 132939 57 0 1788978399 460410
3 132969 59 0 1788978399 462403
3 133057 59 0 1788978399 467965
3 133083 66 0 1788978399 469627
3 133087 66 0 1788978399 469902
3 133099 56 0 1788978399 470700
3 133116 66 0 1788978399 471824
3 133157 59 0 1788978399 474238
3 133168 83 0 1788978399 475089
3 133180 59 0 1788978399 475895
3 133188 58 0 1788978399 476383
3 133216 82 0 1788978399 478476
3 133230 82 0 1788978399 479610
3 133240 77 0 1788978399 480379
3 133247 80 0 1788978399 481024
3 133269 85 0 1788978399 482605
3 133351 80 0 1788978399 488417
3 133356 68 0 1788978399 488873
3 133372 81 0 1788978399 490290
3 133384 63 0 1788978399 491138
3 133399 60 0 1788978399 492230
3 133400 94 0 1788978399 492326
3 133425 58 0 1788978399 494081
3 133437 56 0 1788978399 494915
3 133477 73 0 1788978399 497715
3 133496 60 0 1788978399 498909
3 133524 74 0 1788978399 500742
3 133534 69 0 1788978399 501501
3 133537 68 0 1788978399 501734
3 133539 63 0 1788978399 501858
3 133553 69 0 1788978399 502864
3 133586 75 0 1788978399 505202
3 133593 73 0 1788978399 505708
3 133612 79 0 1788978399 507305
3 133638 84 0 1788978399 509662
3 133654 72 0 1788978399 510858
3 133680 81 0 1788978399 512782
3 133711 86 0 1788978399 515113
3 133719 82 0 1788978399 515780
3 133727 81 0 1788978399 516428
3 133738 68 0 1788978399 517323
3 133744 74 0 1788978399 517782
3 133750 77 0 1788978399 518231
3 133757 67 0 1788978399 518736
3 133767 76 0 1788978399 519536
3 133772 55 0 1788978399 519886
3 133783 102 0 1788978399 520688
3 133801 71 0 1788978399 522064
3 133834 72 0 1788978399 524360
3 133850 69 0 1788978399 525511
3 133856 62 0 1788978399 525953
3 133860 61 0 1788978399 526215
3 133929 66 0 1788978399 531131
3 133934 72 0 1788978399 531478
3 133946 79 0 1788978399 532406
3 133956 86 0 1788978399 533218
3 134018 67 0 1788978399 537610
3 134037 64 0 1788978399 539050
3 134067 95 0 1788978399 541150
3 134100 72 0 1788978399 543449
3 134130 62 0 1788978399 545358
3 134201 58 0 1788978399 550431
3 134209 63 0 1788978399 550970
3 134215 63 0 1788978399 551346
3 134217 61 0 1788978399 551472
3 134242 65 0 1788978399 553062
3 134244 61 0 1788978399 553184
3 134257 56 0 1788978399 554057
3 134262 64 0 1788978399 554442
3 134283 59 0 1788978399 555818
3 134319 55 0 1788978399 557932
3 134348 81 0 1788978399 559847
3 134367 54 0 1788978399 561035
3 134371 60 0 1788978399 561269
3 134420 59 0 1788978399 564421
3 134432 68 0 1788978399 565155
3 134486 59 0 1788978399 568788
3 134510 58 0 1788978399 570255
3 134514 57 0 1788978399 570488
3 134526 155 0 1788978399 571464
3 134598 62 0 1788978399 576498
3 134611 68 0 1788978399 577353
3 134680 71 0 1788978399 581782
3 134696 70 0 1788978399 582758
3 134791 58 0 1788978399 588921
3 134794 58 0 1788978399 589101
3 134808 64 0 1788978399 590001
3 134813 82 0 1788978399 590370
3 134816 61 0 1788978399 590566
3 134832 54 0 1788978399 591562
3 134850 58 0 1788978399 592890
3 134860 0 0 1788978399 593631
3 134871 63 0 1788978399 594442
3 134874 100 0 1788978399 594681
3 134877 62 0 1788978399 594885
3 134900 60 0 1788978399 596368
3 134901 53 0 1788978399 596424
3 134934 60 0 1788978399 598823
3 134959 79 0 1788978399 600726
3 134965 66 0 1788978399 601137
3 134971 66 0 1788978399 601553
3 135017 61 0 1788978399 605007
3 135022 92 0 1788978399 605363
3 135075 80 0 1788978399 608806
3 135080 59 0 1788978399 609107
3 135085 72 0 1788978399 609438
3 135117 69 0 1788978399 611761
3 135151 71 0 1788978399 614385
3 135154 102 0 1788978399 614640
3 135182 70 0 1788978399 617000
3 135192 95 0 1788978399 617699
3 135206 53 0 1788978399 618564
3 135211 65 0 1788978399 618944
3 135239 61 0 1788978399 620715
3 135269 90 0 1788978399 622684
3 135275 66 0 1788978399 623051
3 135292 55 0 1788978399 624076
3 135299 55 0 1788978399 624488
3 135301 55 0 1788978399 624600
3 135302 70 0 1788978399 624673
3 135314 56 0 1788978399 625362
3 135333 63 0 1788978399 626508
3 135344 79 0 1788978399 627224
3 135367 62 0 1788978399 628885
3 135372 60 0 1788978399 629192
3 135389 60 0 1788978399 630313
3 135419 65 0 1788978399 632227
3 135424 91 0 1788978399 632648
3 135439 90 0 1788978399 633674
3 135460 57 0 1788978399 635072
3 135462 59 0 1788978399 635193
3 135482 57 0 1788978399 636915
3 135522 70 0 1788978399 639670
3 135528 59 0 1788978399 640031
3 135533 56 0 1788978399 640328
3 135541 58 0 1788978399 640862
3 135561 68 0 1788978399 642307
3 135576 57 0 1788978399 643473
3 135582 73 0 1788978399 643952
3 135590 54 0 1788978399 644451
3 135641 59 0 1788978399 647808
3 135668 64 0 1788978399 649609
3 135681 79 0 1788978399 650753
3 135693 57 0 1788978399 651516
3 135703 68 0 1788978399 652232
3 135708 66 0 1788978399 652606
3 135732 68 0 1788978399 654228
3 135740 73 0 1788978399 654809
3 135764 62 0 1788978399 656442
3 135767 77 0 1788978399 656640
3 135794 65 0 1788978399 658444
3 135798 87 0 1788978399 658752
3 135810 68 0 1788978399 659596
3 135850 70 0 1788978399 662259
3 135900 63 0 1788978399 665463
3 135910 68 0 1788978399 666195
3 135915 60 0 1788978399 666497
3 135920 64 0 1788978399 666864
3 135944 58 0 1788978399 668382
3 135946 57 0 1788978399 668501
3 135974 58 0 1788978399 670216
3 135984 114 0 1788978399 671156
3 135992 61 0 1788978399 671714
3 136013 83 0 1788978399 673023
3 136017 63 0 1788978399 673293
3 136026 60 0 1788978399 673910
3 136027 52 0 1788978399 673965
3 136068 65 0 1788978399 676732
3 136072 61 0 1788978399 676975
3 136092 67 0 1788978399 678457
3 136125 84 0 1788978399 681359
3 136228 77 0 1788978399 689288
3 136241 80 0 1788978399 690183
3 136261 71 0 1788978399 691939
3 136276 0 0 1788978399 693130
3 136279 97 0 1788978399 693399
3 136313 63 0 1788978399 695498
3 136318 55 0 1788978399 695784
3 136326 58 0 1788978399 696267
3 136351 75 0 1788978399 697987
3 136353 84 0 1788978399 698160
3 136401 0 0 1788978399 701504
3 136417 83 0 1788978399 702655
3 136426 56 0 1788978399 703178
3 136456 63 0 1788978399 705201
3 136459 59 0 1788978399 705387
3 136516 61 0 1788978399 709398
3 136529 67 0 1788978399 710226
3 136557 67 0 1788978399 712170
3 136573 87 0 1788978399 713442
3 136592 80 0 1788978399 715020
3 136608 64 0 1788978399 716040
3 136661 92 0 1788978399 720592
3 136667 94 0 1788978399 721154
3 136672 112 0 1788978399 721633
3 136677 83 0 1788978399 722062
3 136697 88 0 1788978399 723831
3 136720 63 0 1788978399 725326
3 136728 62 0 1788978399 725857
3 136729 60 0 1788978399 725919
3 136743 64 0 1788978399 726955
3 136763 69 0 1788978399 728438
3 136776 59 0 1788978399 729298
3 136793 56 0 1788978399 730305
3 136850 70 0 1788978399 734136
3 136857 60 0 1788978399 734577
3 136867 73 0 1788978399 735310
3 136880 63 0 1788978399 736201
3 136889 78 0 1788978399 736860
3 136897 63 0 1788978399 737389
3 136945 72 0 1788978399 740759
3 136948 0 0 1788978399 740985
3 136950 94 0 1788978399 741164
3 136954 78 0 1788978399 741547
3 136957 92 0 1788978399 741796
3 136983 80 0 1788978399 743649
3 137008 47 0 1788978399 744853
3 137109 74 0 1788978399 750733
3 137172 82 0 1788978399 754901
3 137193 64 0 1788978399 756366
3 137208 67 0 1788978399 757330
3 137218 75 0 1788978399 757980
3 137248 62 0 1788978399 760110
3 137260 61 0 1788978399 760837
3 137263 66 0 1788978399 761033
3 137308 61 0 1788978399 764071
3 137320 63 0 1788978399 764890
3 137323 57 0 1788978399 765075
3 137410 73 0 1788978399 770888
3 137421 60 0 1788978399 771737
3 137437 62 0 1788978399 772843
3 137439 71 0 1788978399 772983
3 137461 91 0 1788978399 774495
3 137464 70 0 1788978399 774757
3 137481 59 0 1788978399 775874
3 137487 59 0 1788978399 776230
3 137497 60 0 1788978399 776883
3 137529 54 0 1788978399 778921
3 137535 56 0 1788978399 779304
3 137542 66 0 1788978399 779786
3 137552 58 0 1788978399 780409
3 137664 61 0 1788978399 787452
3 137672 69 0 1788978399 788009
3 137690 56 0 1788978399 789106
3 137692 54 0 1788978399 789207
3 137704 65 0 1788978399 790004
3 137733 65 0 1788978399 791869
3 137785 59 0 1788978399 795316
3 137797 59 0 1788978399 796049
3 137802 63 0 1788978399 796345
3 137836 81 0 1788978399 798509
3 137848 57 0 1788978399 799186
3 137861 70 0 1788978399 800011
3 137862 64 0 1788978399 800079
3 137916 82 0 1788978399 803691
3 137941 58 0 1788978399 805581
3 137950 63 0 1788978399 806268
3 137981 58 0 1788978399 808425
3 138015 72 0 1788978399 810630
3 138023 67 0 1788978399 811166
3 138087 73 0 1788978399 815736
3 138094 67 0 1788978399 816209
3 138149 83 0 1788978399 820064
3 138171 65 0 1788978399 821839
3 138191 65 0 1788978399 823247
3 138217 76 0 1788978399 825289
3 138232 73 0 1788978399 826523
3 138290 72 0 1788978399 831552
3 138300 69 0 1788978399 832270
3 138303 73 0 1788978399 832507
3 138331 88 0 1788978399 834928
3 138349 89 0 1788978399 836590
3 138351 109 0 1788978399 836828
3 138374 85 0 1788978399 838795
3 138393 79 0 1788978399 840158
3 138414 101 0 1788978399 842160
3 138420 85 0 1788978399 842641
3 138470 0 0 1788978399 846891
3 138489 168 0 1788978399 848742
3 138521 96 0 1788978399 851497
3 138632 77 0 1788978399 864281
3 138652 154 0 1788978399 866238
3 138653 179 0 1788978399 866423
3 138660 118 0 1788978399 867081
3 138661 79 0 1788978399 867165
3 138707 80 0 1788978399 871379
3 138713 81 0 1788978399 872001
3 138764 63 0 1788978399 877198
3 138771 72 0 1788978399 877773
3 138815 87 0 1788978399 881686
3 138826 83 0 1788978399 882600
3 138850 87 0 1788978399 884887
3 138860 86 0 1788978399 885823
3 138862 86 0 1788978399 886004
3 138882 83 0 1788978399 887586
3 138981 93 0 1788978399 897849
3 138990 106 0 1788978399 898649
3 138991 100 0 1788978399 898754
3 139016 71 0 1788978399 900706
3 139030 100 0 1788978399 901675
3 139038 65 0 1788978399 902206
3 139055 76 0 1788978399 903388
3 139065 86 0 1788978399 904184
3 139091 65 0 1788978399 906079
3 139105 67 0 1788978399 907109
3 139126 0 0 1788978399 908726
3 139135 75 0 1788978399 909389
3 139181 73 0 1788978399 915797
3 139244 63 0 1788978399 920859
3 139266 111 0 1788978399 922712
3 139353 73 0 1788978399 930027
3 139369 70 0 1788978399 931258
3 139388 69 0 1788978399 932742
3 139391 78 0 1788978399 932959
3 139407 80 0 1788978399 934167
3 139429 90 0 1788978399 935860
3 139455 65 0 1788978399 937853
3 139480 92 0 1788978399 939796
3 139510 69 0 1788978399 942235
3 139511 69 0 1788978399 942308
3 139519 90 0 1788978399 942921
3 139521 115 0 1788978399 943111
3 139522 72 0 1788978399 943188
3 139548 67 0 1788978399 945093
3 139551 63 0 1788978399 945299
3 139596 84 0 1788978399 948770
3 139597 73 0 1788978399 948847
3 139630 77 0 1788978399 951349
3 139633 71 0 1788978399 951570
3 139638 67 0 1788978399 951949
3 139687 75 0 1788978399 955962
3 139699 136 0 1788978399 956972
3 139724 85 0 1788978399 958874
3 139740 79 0 1788978399 960200
3 139759 64 0 1788978399 961715
3 139785 113 0 1788978399 963703
3 139806 63 0 1788978399 965260
3 139847 72 0 1788978399 968326
3 139865 68 0 1788978399 969770
3 139870 60 0 1788978399 970153
3 139889 74 0 1788978399 971723
3 139898 79 0 1788978399 972572
3 139901 80 0 1788978399 972875
3 139919 80 0 1788978399 974395
3 139923 104 0 1788978399 974770
3 139961 82 0 1788978399 978102
3 140020 74 0 1788978399 982937
3 140065 85 0 1788978399 986601
3 140078 72 0 1788978399 987596
3 140092 72 0 1788978399 988729
3 140101 66 0 1788978399 989329
3 140123 61 0 1788978399 991084
3 140145 88 0 1788978399 992733
3 140256 71 0 1788978400 1411
3 140261 74 0 1788978400 1805
3 140288 97 0 1788978400 4107
3 140300 74 0 1788978400 5107
3 140338 94 0 1788978400 8659
3 140345 92 0 1788978400 9244
3 140370 92 0 1788978400 11451
3 140401 88 0 1788978400 13644
3 140431 80 0 1788978400 15881
3 140448 85 0 1788978400 17198
3 140454 104 0 1788978400 17693
3 140477 116 0 1788978400 19460
3 140489 81 0 1788978400 20524
3 140526 70 0 1788978400 23366
3 140578 60 0 1788978400 27108
3 140584 92 0 1788978400 27532
3 140605 104 0 1788978400 29154
3 140647 74 0 1788978400 32213
3 140656 64 0 1788978400 32856
3 140675 72 0 1788978400 34226
3 140750 74 0 1788978400 39835
3 140777 58 0 1788978400 41945
3 140783 60 0 1788978400 42301
3 140846 68 0 1788978400 47049
3 140871 79 0 1788978400 48806
3 140896 69 0 1788978400 50536
3 140904 66 0 1788978400 51060
3 140948 101 0 1788978400 54377
3 140974 0 0 1788978400 56439
3 140997 69 0 1788978400 58204
3 141023 64 0 1788978400 60134
3 141039 58 0 1788978400 61340
3 141042 59 0 1788978400 61526
3 141051 60 0 1788978400 62185
3 141059 79 0 1788978400 62781
3 141091 66 0 1788978400 65048
3 141097 60 0 1788978400 65476
3 141109 63 0 1788978400 66326
3 141112 85 0 1788978400 66554
3 141130 61 0 1788978400 67971
3 141141 79 0 1788978400 68850
3 141174 73 0 1788978400 71389
3 141200 79 0 1788978400 73239
3 141213 75 0 1788978400 74281
3 141257 79 0 1788978400 77521
3 141274 78 0 1788978400 78712
3 141277 65 0 1788978400 78930
3 141296 74 0 1788978400 80388
3 141312 67 0 1788978400 81515
3 141351 58 0 1788978400 84210
3 141361 66 0 1788978400 84898
3 141363 68 0 1788978400 85038
3 141366 64 0 1788978400 85247
3 141368 75 0 1788978400 85385
3 141387 70 0 1788978400 86732
3 141406 73 0 1788978400 88054
3 141429 68 0 1788978400 89704
3 141460 69 0 1788978400 91857
3 141462 77 0 1788978400 92023
3 141574 61 0 1788978400 101056
3 141590 71 0 1788978400 102301
3 141606 91 0 1788978400 103596
3 141621 83 0 1788978400 104835
3 141632 88 0 1788978400 105752
3 141642 82 0 1788978400 107097
3 141671 79 0 1788978400 109451
3 141682 85 0 1788978400 110261
3 141719 70 0 1788978400 112911
3 141745 70 0 1788978400 114750
3 141767 70 0 1788978400 116348
3 141781 59 0 1788978400 117337
3 141793 73 0 1788978400 118166
3 141846 73 0 1788978400 122803
3 141862 65 0 1788978400 123867
3 141871 80 0 1788978400 124672
3 141899 70 0 1788978400 126894
3 141903 59 0 1788978400 127143
3 141934 68 0 1788978400 129351
3 141940 86 0 1788978400 129788
3 141963 63 0 1788978400 131486
3 142019 82 0 1788978400 135567
3 142033 135 0 1788978400 136949
3 142035 60 0 1788978400 137122
3 142104 60 0 1788978400 142273
3 142107 97 0 1788978400 142527
3 142113 67 0 1788978400 142930
3 142162 76 0 1788978400 146425
3 142190 91 0 1788978400 148671
3 142219 69 0 1788978400 150938
3 142233 61 0 1788978400 151984
3 142307 69 0 1788978400 157727
3 142353 71 0 1788978400 161310
3 142358 92 0 1788978400 161680
3 142374 69 0 1788978400 162780
3 142410 68 0 1788978400 165426
3 142418 86 0 1788978400 166093
3 142425 61 0 1788978400 166561
3 142461 72 0 1788978400 169282
3 142482 85 0 1788978400 171176
3 142492 79 0 1788978400 171995
3 142494 83 0 1788978400 172164
3 142564 79 0 1788978400 177890
3 142578 58 0 1788978400 178906
3 142580 57 0 1788978400 179026
3 142590 78 0 1788978400 179878
3 142592 74 0 1788978400 180043
3 142611 69 0 1788978400 181460
3 142620 67 0 1788978400 182138
3 142634 81 0 1788978400 183208
3 142639 64 0 1788978400 183593
3 142651 80 0 1788978400 184445
3 142654 79 0 1788978400 184718
3 142674 80 0 1788978400 186207
3 142696 83 0 1788978400 187964
3 142704 93 0 1788978400 188658
3 142709 76 0 1788978400 189038
3 142712 70 0 1788978400 189277
3 142756 59 0 1788978400 192960
3 142761 55 0 1788978400 193244
3 142785 80 0 1788978400 194870
3 142788 77 0 1788978400 195110
3 142800 68 0 1788978400 195961
3 142830 63 0 1788978400 198051
3 142870 107 0 1788978400 201113
3 142876 71 0 1788978400 201525
3 142879 68 0 1788978400 201749
3 142883 64 0 1788978400 202037
3 142891 63 0 1788978400 202555
3 142899 66 0 1788978400 203146
3 142909 80 0 1788978400 203995
3 142913 89 0 1788978400 204329
3 142926 78 0 1788978400 205424
3 142928 84 0 1788978400 205586
3 142951 84 0 1788978400 207487
3 143023 81 0 1788978400 212769
3 143054 88 0 1788978400 214974
3 143088 60 0 1788978400 217372
3 143119 100 0 1788978400 219641
3 143130 70 0 1788978400 220475
3 143140 65 0 1788978400 221131
3 143146 72 0 1788978400 221599
3 143224 125 0 1788978400 227821
3 143233 69 0 1788978400 228412
3 143258 67 0 1788978400 230245
3 143280 78 0 1788978400 231857
3 143289 63 0 1788978400 232454
3 143351 66 0 1788978400 236840
3 143358 60 0 1788978400 237321
3 143383 81 0 1788978400 239101
3 143386 88 0 1788978400 239374
3 143391 0 0 1788978400 239800
3 143406 69 0 1788978400 240859
3 143423 59 0 1788978400 242412
3 143429 61 0 1788978400 242828
3 143461 67 0 1788978400 244981
3 143467 71 0 1788978400 245403
3 143490 62 0 1788978400 246932
3 143493 61 0 1788978400 247140
3 143521 71 0 1788978400 249170
3 143538 67 0 1788978400 250697
3 143619 61 0 1788978400 257409
3 143637 73 0 1788978400 258641
3 143670 65 0 1788978400 261183
3 143681 76 0 1788978400 262038
3 143751 77 0 1788978400 267838
3 143753 68 0 1788978400 267979
3 143763 70 0 1788978400 268831
3 143769 79 0 1788978400 269280
3 143778 71 0 1788978400 269951
3 143785 69 0 1788978400 270435
3 143810 87 0 1788978400 272206
3 143848 75 0 1788978400 275181
3 143852 59 0 1788978400 275454
3 143878 90 0 1788978400 277370
3 143884 101 0 1788978400 277888
3 143909 67 0 1788978400 279784
3 143917 93 0 1788978400 280407
3 143936 75 0 1788978400 281784
3 143938 67 0 1788978400 281928
3 143979 77 0 1788978400 285186
3 143984 67 0 1788978400 285581
3 144006 75 0 1788978400 287173
3 144012 69 0 1788978400 287603
3 144023 83 0 1788978400 288409
3 144043 66 0 1788978400 289938
3 144047 60 0 1788978400 290199
3 144054 96 0 1788978400 290671
3 144075 63 0 1788978400 292157
3 144081 96 0 1788978400 292586
3 144099 83 0 1788978400 293966
3 144127 76 0 1788978400 295925
3 144138 60 0 1788978400 296800
3 144189 92 0 1788978400 301052
3 144200 70 0 1788978400 301969
3 144212 69 0 1788978400 302984
3 144222 81 0 1788978400 303753
3 144231 71 0 1788978400 304403
3 144246 83 0 1788978400 305480
3 144283 74 0 1788978400 308282
3 144299 71 0 1788978400 309472
3 144333 72 0 1788978400 312333
3 144343 79 0 1788978400 313162
3 144349 67 0 1788978400 313597
3 144371 81 0 1788978400 315400
3 144388 78 0 1788978400 316928
3 144403 0 0 1788978400 318698
3 144424 84 0 1788978400 320405
3 144430 66 0 1788978400 320941
3 144431 67 0 1788978400 321013
3 144434 75 0 1788978400 321320
3 144458 99 0 1788978400 323476
3 144460 107 0 1788978400 323662
3 144479 62 0 1788978400 325066
3 144548 80 0 1788978400 329955
3 144562 64 0 1788978400 331122
3 144589 89 0 1788978400 333556
3 144600 90 0 1788978400 334534
3 144630 81 0 1788978400 337194
3 144637 76 0 1788978400 337799
3 144649 0 0 1788978400 338937
3 144674 87 0 1788978400 341241
3 144693 99 0 1788978400 342998
3 144695 84 0 1788978400 343160
3 144704 71 0 1788978400 343913
3 144718 64 0 1788978400 344858
3 144737 76 0 1788978400 346275
3 144751 84 0 1788978400 347509
3 144802 83 0 1788978400 351677
3 144811 67 0 1788978400 352431
3 144847 69 0 1788978400 355443
3 144878 64 0 1788978400 357806
3 144941 94 0 1788978400 363313
3 144942 108 0 1788978400 363424
3 144970 76 0 1788978400 365495
3 144973 69 0 1788978400 365692
3 145021 89 0 1788978400 369174
3 145053 74 0 1788978400 371551
3 145062 76 0 1788978400 372246
3 145093 67 0 1788978400 374483
3 145145 75 0 1788978400 378403
3 145149 83 0 1788978400 378700
3 145156 81 0 1788978400 379307
3 145163 67 0 1788978400 379865
3 145217 79 0 1788978400 383792
3 145235 77 0 1788978400 385159
3 145281 93 0 1788978400 388690
3 145282 63 0 1788978400 388756
3 145352 72 0 1788978400 394024
3 145404 67 0 1788978400 398046
3 145405 85 0 1788978400 398134
3 145461 80 0 1788978400 402331
3 145475 71 0 1788978400 403408
3 145517 80 0 1788978400 406460
3 145527 73 0 1788978400 407217
3 145613 67 0 1788978400 413782
3 145616 66 0 1788978400 413994
3 145636 59 0 1788978400 415424
3 145680 82 0 1788978400 418935
3 145698 70 0 1788978400 420156
3 145699 75 0 1788978400 420234
3 145701 90 0 1788978400 420403
3 145705 72 0 1788978400 420730
3 145715 65 0 1788978400 421442
3 145738 67 0 1788978400 423271
3 145755 67 0 1788978400 424594
3 145760 79 0 1788978400 425006
3 145826 71 0 1788978400 429846
3 145848 76 0 1788978400 431799
3 145867 81 0 1788978400 433288
3 145881 78 0 1788978400 434320
3 145939 68 0 1788978400 439605
3 145956 72 0 1788978400 441396
3 145983 93 0 1788978400 443716
3 146008 83 0 1788978400 445839
3 146033 59 0 1788978400 448002
3 146057 80 0 1788978400 450218
3 146060 76 0 1788978400 450502
3 146078 635 0 1788978400 452732
3 146096 88 0 1788978400 454400
3 146131 86 0 1788978400 457975
3 146135 86 0 1788978400 458331
3 146143 81 0 1788978400 459004
3 146163 82 0 1788978400 460754
3 146165 79 0 1788978400 460920
3 146167 381 0 1788978400 461385
3 146168 90 0 1788978400 461479
3 146202 72 0 1788978400 464166
3 146227 72 0 1788978400 466078
3 146230 71 0 1788978400 466301
3 146237 62 0 1788978400 466808
3 146252 87 0 1788978400 468110
3 146253 98 0 1788978400 468213
3 146275 59 0 1788978400 470132
3 146295 85 0 1788978400 471806
3 146320 92 0 1788978400 473975
3 146326 71 0 1788978400 474439
3 146341 94 0 1788978400 475846
3 146357 85 0 1788978400 477038
3 146364 116 0 1788978400 477677
3 146452 64 0 1788978400 485605
3 146461 87 0 1788978400 486324
3 146475 68 0 1788978400 487384
3 146507 86 0 1788978400 490060
3 146510 79 0 1788978400 490317
3 146525 71 0 1788978400 491515
3 146580 99 0 1788978400 496765
3 146619 104 0 1788978400 501191
3 146645 79 0 1788978400 503811
3 146660 87 0 1788978400 505062
3 146727 75 0 1788978400 510455
3 146764 77 0 1788978400 514602
3 146786 70 0 1788978400 516382
3 146847 103 0 1788978400 522060
3 146848 86 0 1788978400 522152
3 146877 74 0 1788978400 524501
3 146886 88 0 1788978400 525371
3 146899 72 0 1788978400 526514
3 146933 72 0 1788978400 529290
3 146986 94 0 1788978400 534987
3 146987 70 0 1788978400 535062
3 146988 92 0 1788978400 535157
3 146997 65 0 1788978400 535857
3 147045 83 0 1788978400 539658
3 147059 101 0 1788978400 540766
3 147063 54 0 1788978400 541044
3 147072 88 0 1788978400 541834
3 147075 93 0 1788978400 542110
3 147080 83 0 1788978400 542503
3 147092 71 0 1788978400 543540
3 147095 73 0 1788978400 543815
3 147113 180 0 1788978400 545757
3 147114 109 0 1788978400 545878
3 147120 80 0 1788978400 546526
3 147131 95 0 1788978400 547915
3 147199 122 0 1788978400 553661
3 147221 65 0 1788978400 555560
3 147223 112 0 1788978400 555783
3 147238 81 0 1788978400 557382
3 147255 78 0 1788978400 558845
3 147264 81 0 1788978400 559564
3 147307 102 0 1788978400 563630
3 147313 79 0 1788978400 564122
