build-components: m1 selects 9 component packages across 2 workspaces
warning: field `adjusted_quantity` is never read
  --> /wamn/components/data/wms-data/../../../packages/wms/generated/wamn/inventory_adjust.rs:12:9
   |
11 | pub(crate) struct FinalizeCommandRow {
   |                   ------------------ field in this struct
12 |     pub adjusted_quantity: Option<wamn_postgres_statements::Numeric>,
   |         ^^^^^^^^^^^^^^^^^
   |
   = note: `FinalizeCommandRow` has a derived impl for the trait `Debug`, but this is intentionally ignored during dead code analysis
   = note: `#[warn(dead_code)]` (part of `#[warn(unused)]`) on by default

warning: field `id` is never read
  --> /wamn/components/data/wms-data/../../../packages/wms/generated/wamn/inventory_adjust.rs:27:9
   |
26 | pub(crate) struct InsertMovementRow {
   |                   ----------------- field in this struct
27 |     pub id: wamn_postgres_statements::Uuid,
   |         ^^
   |
   = note: `InsertMovementRow` has a derived impl for the trait `Debug`, but this is intentionally ignored during dead code analysis

warning: field `location_id` is never read
  --> /wamn/components/data/wms-data/../../../packages/wms/generated/wamn/inventory_adjust.rs:32:9
   |
31 | pub(crate) struct LockPalletRow {
   |                   ------------- field in this struct
32 |     pub location_id: wamn_postgres_statements::Uuid,
   |         ^^^^^^^^^^^
   |
   = note: `LockPalletRow` has a derived impl for the trait `Debug`, but this is intentionally ignored during dead code analysis

warning: field `id` is never read
  --> /wamn/components/data/wms-data/../../../packages/wms/generated/wamn/inventory_adjust.rs:39:9
   |
38 | pub(crate) struct SetQuantityRow {
   |                   -------------- field in this struct
39 |     pub id: wamn_postgres_statements::Uuid,
   |         ^^
   |
   = note: `SetQuantityRow` has a derived impl for the trait `Debug`, but this is intentionally ignored during dead code analysis

warning: fields `id` and `quantity` are never read
 --> /wamn/components/data/wms-data/../../../packages/wms/generated/wamn/inventory_merge.rs:7:9
  |
6 | pub(crate) struct AddToTargetRow {
  |                   -------------- fields in this struct
7 |     pub id: wamn_postgres_statements::Uuid,
  |         ^^
8 |     pub quantity: wamn_postgres_statements::Numeric,
  |         ^^^^^^^^
  |
  = note: `AddToTargetRow` has a derived impl for the trait `Debug`, but this is intentionally ignored during dead code analysis

warning: field `row_version` is never read
  --> /wamn/components/data/wms-data/../../../packages/wms/generated/wamn/inventory_merge.rs:18:9
   |
17 | pub(crate) struct ConsumeSourceRow {
   |                   ---------------- field in this struct
18 |     pub row_version: i64,
   |         ^^^^^^^^^^^
   |
   = note: `ConsumeSourceRow` has a derived impl for the trait `Debug`, but this is intentionally ignored during dead code analysis

warning: field `id` is never read
  --> /wamn/components/data/wms-data/../../../packages/wms/generated/wamn/inventory_merge.rs:37:9
   |
36 | pub(crate) struct InsertMovementRow {
   |                   ----------------- field in this struct
37 |     pub id: wamn_postgres_statements::Uuid,
   |         ^^
   |
   = note: `InsertMovementRow` has a derived impl for the trait `Debug`, but this is intentionally ignored during dead code analysis

warning: field `location_id` is never read
  --> /wamn/components/data/wms-data/../../../packages/wms/generated/wamn/inventory_merge.rs:43:9
   |
41 | pub(crate) struct LockBothPalletsRow {
   |                   ------------------ field in this struct
42 |     pub id: wamn_postgres_statements::Uuid,
43 |     pub location_id: wamn_postgres_statements::Uuid,
   |         ^^^^^^^^^^^
   |
   = note: `LockBothPalletsRow` has a derived impl for the trait `Debug`, but this is intentionally ignored during dead code analysis

warning: fields `id` and `quantity` are never read
  --> /wamn/components/data/wms-data/../../../packages/wms/generated/wamn/inventory_merge.rs:50:9
   |
49 | pub(crate) struct PlaceOnTargetRow {
   |                   ---------------- fields in this struct
50 |     pub id: wamn_postgres_statements::Uuid,
   |         ^^
51 |     pub quantity: wamn_postgres_statements::Numeric,
   |         ^^^^^^^^
   |
   = note: `PlaceOnTargetRow` has a derived impl for the trait `Debug`, but this is intentionally ignored during dead code analysis

warning: field `pallet_status` is never read
  --> /wamn/components/data/wms-data/../../../packages/wms/generated/wamn/inventory_move.rs:12:9
   |
11 | pub(crate) struct FinalizeCommandRow {
   |                   ------------------ field in this struct
12 |     pub pallet_status: Option<String>,
   |         ^^^^^^^^^^^^^
   |
   = note: `FinalizeCommandRow` has a derived impl for the trait `Debug`, but this is intentionally ignored during dead code analysis

warning: field `id` is never read
  --> /wamn/components/data/wms-data/../../../packages/wms/generated/wamn/inventory_move.rs:27:9
   |
26 | pub(crate) struct InsertMovementRow {
   |                   ----------------- field in this struct
27 |     pub id: wamn_postgres_statements::Uuid,
   |         ^^
   |
   = note: `InsertMovementRow` has a derived impl for the trait `Debug`, but this is intentionally ignored during dead code analysis

warning: field `status` is never read
  --> /wamn/components/data/wms-data/../../../packages/wms/generated/wamn/inventory_move.rs:34:9
   |
31 | pub(crate) struct LockPalletRow {
   |                   ------------- field in this struct
...
34 |     pub status: String,
   |         ^^^^^^
   |
   = note: `LockPalletRow` has a derived impl for the trait `Debug`, but this is intentionally ignored during dead code analysis

warning: field `status` is never read
  --> /wamn/components/data/wms-data/../../../packages/wms/generated/wamn/inventory_move.rs:48:9
   |
45 | pub(crate) struct SelectPalletQuantityRow {
   |                   ----------------------- field in this struct
...
48 |     pub status: String,
   |         ^^^^^^
   |
   = note: `SelectPalletQuantityRow` has a derived impl for the trait `Debug`, but this is intentionally ignored during dead code analysis

warning: field `id` is never read
  --> /wamn/components/data/wms-data/../../../packages/wms/generated/wamn/inventory_move.rs:53:9
   |
52 | pub(crate) struct ValidateLocationRow {
   |                   ------------------- field in this struct
53 |     pub id: wamn_postgres_statements::Uuid,
   |         ^^
   |
   = note: `ValidateLocationRow` has a derived impl for the trait `Debug`, but this is intentionally ignored during dead code analysis

warning: fields `id`, `row_version`, and `status` are never read
  --> /wamn/components/data/wms-data/../../../packages/wms/generated/wamn/inventory_split.rs:13:9
   |
12 | pub(crate) struct CreatePalletRow {
   |                   --------------- fields in this struct
13 |     pub id: wamn_postgres_statements::Uuid,
   |         ^^
14 |     pub row_version: i64,
   |         ^^^^^^^^^^^
15 |     pub status: String,
   |         ^^^^^^
   |
   = note: `CreatePalletRow` has a derived impl for the trait `Debug`, but this is intentionally ignored during dead code analysis

warning: field `id` is never read
  --> /wamn/components/data/wms-data/../../../packages/wms/generated/wamn/inventory_split.rs:34:9
   |
33 | pub(crate) struct InsertMovementRow {
   |                   ----------------- field in this struct
34 |     pub id: wamn_postgres_statements::Uuid,
   |         ^^
   |
   = note: `InsertMovementRow` has a derived impl for the trait `Debug`, but this is intentionally ignored during dead code analysis

warning: field `location_id` is never read
  --> /wamn/components/data/wms-data/../../../packages/wms/generated/wamn/inventory_split.rs:39:9
   |
38 | pub(crate) struct LockPalletRow {
   |                   ------------- field in this struct
39 |     pub location_id: wamn_postgres_statements::Uuid,
   |         ^^^^^^^^^^^
   |
   = note: `LockPalletRow` has a derived impl for the trait `Debug`, but this is intentionally ignored during dead code analysis

warning: fields `id` and `quantity` are never read
  --> /wamn/components/data/wms-data/../../../packages/wms/generated/wamn/inventory_split.rs:46:9
   |
45 | pub(crate) struct PlaceQuantityRow {
   |                   ---------------- fields in this struct
46 |     pub id: wamn_postgres_statements::Uuid,
   |         ^^
47 |     pub quantity: wamn_postgres_statements::Numeric,
   |         ^^^^^^^^
   |
   = note: `PlaceQuantityRow` has a derived impl for the trait `Debug`, but this is intentionally ignored during dead code analysis

warning: fields `id` and `quantity` are never read
  --> /wamn/components/data/wms-data/../../../packages/wms/generated/wamn/inventory_split.rs:57:9
   |
56 | pub(crate) struct TakeFromSourceRow {
   |                   ----------------- fields in this struct
57 |     pub id: wamn_postgres_statements::Uuid,
   |         ^^
58 |     pub quantity: wamn_postgres_statements::Numeric,
   |         ^^^^^^^^
   |
   = note: `TakeFromSourceRow` has a derived impl for the trait `Debug`, but this is intentionally ignored during dead code analysis

warning: field `id` is never read
  --> /wamn/components/data/wms-data/../../../packages/wms/generated/wamn/inventory_split.rs:69:9
   |
68 | pub(crate) struct ValidateLocationRow {
   |                   ------------------- field in this struct
69 |     pub id: wamn_postgres_statements::Uuid,
   |         ^^
   |
   = note: `ValidateLocationRow` has a derived impl for the trait `Debug`, but this is intentionally ignored during dead code analysis

warning: constant `REFUSALS` is never used
  --> data/wms-data/src/inventory_adjust.rs:28:18
   |
28 | pub(crate) const REFUSALS: &[AccessErrorKind] = &[
   |                  ^^^^^^^^

warning: constant `REFUSALS` is never used
  --> data/wms-data/src/inventory_aggregate.rs:14:18
   |
14 | pub(crate) const REFUSALS: &[AccessErrorKind] = &[
   |                  ^^^^^^^^

warning: constant `REFUSALS` is never used
  --> data/wms-data/src/inventory_merge.rs:30:18
   |
30 | pub(crate) const REFUSALS: &[AccessErrorKind] = &[
   |                  ^^^^^^^^

warning: constant `REFUSALS` is never used
  --> data/wms-data/src/inventory_move.rs:33:18
   |
33 | pub(crate) const REFUSALS: &[AccessErrorKind] = &[
   |                  ^^^^^^^^

warning: constant `REFUSALS` is never used
  --> data/wms-data/src/inventory_split.rs:29:18
   |
29 | pub(crate) const REFUSALS: &[AccessErrorKind] = &[
   |                  ^^^^^^^^

warning: constant `GET_REFUSALS` is never used
  --> data/wms-data/src/pallet.rs:16:18
   |
16 | pub(crate) const GET_REFUSALS: &[AccessErrorKind] = &[
   |                  ^^^^^^^^^^^^

warning: constant `QUERY_REFUSALS` is never used
  --> data/wms-data/src/pallet.rs:25:18
   |
25 | pub(crate) const QUERY_REFUSALS: &[AccessErrorKind] = &[
   |                  ^^^^^^^^^^^^^^

warning: `wamn-wms-data-access` (lib) generated 27 warnings
    Finished `release` profile [optimized] target(s) in 0.14s
warning: suspicious definition of the runtime `memcmp` symbol used by the standard library
  --> transform/src/../../guest_runtime.rs:60:1
   |
60 | unsafe extern "C" fn memcmp(left: *const u8, right: *const u8, length: usize) -> i32 {
   | ^^^^^^^^^^^^^^^^^^^^^^^^^^^^^^^^^^^^^^^^^^^^^^^^^^^^^^^^^^^^^^^^^^^^^^^^^^^^^^^^^^^^
   |
   = note: expected `unsafe extern "C" fn(*const c_void, *const c_void, usize) -> i32`
           found    `unsafe extern "C" fn(*const u8, *const u8, usize) -> i32`
   = help: either fix the signature or remove any attributes like `#[unsafe(no_mangle)]`, `#[unsafe(export_name = "memcmp")]`, or `#[link_name = "memcmp"]`
   = help: allow this lint if the signature is compatible
   = note: `#[warn(suspicious_runtime_symbol_definitions)]` on by default

warning: suspicious definition of the runtime `memcmp` symbol used by the standard library
  --> http-request/src/../../guest_runtime.rs:60:1
   |
60 | unsafe extern "C" fn memcmp(left: *const u8, right: *const u8, length: usize) -> i32 {
   | ^^^^^^^^^^^^^^^^^^^^^^^^^^^^^^^^^^^^^^^^^^^^^^^^^^^^^^^^^^^^^^^^^^^^^^^^^^^^^^^^^^^^
   |
   = note: expected `unsafe extern "C" fn(*const c_void, *const c_void, usize) -> i32`
           found    `unsafe extern "C" fn(*const u8, *const u8, usize) -> i32`
   = help: either fix the signature or remove any attributes like `#[unsafe(no_mangle)]`, `#[unsafe(export_name = "memcmp")]`, or `#[link_name = "memcmp"]`
   = help: allow this lint if the signature is compatible
   = note: `#[warn(suspicious_runtime_symbol_definitions)]` on by default

warning: unused variable: `record`
  --> label-render/src/lib.rs:86:22
   |
86 |             let Some(record) = fields.as_object_mut() else {
   |                      ^^^^^^ help: if this is intentional, prefix it with an underscore: `_record`
   |
   = note: `#[warn(unused_variables)]` (part of `#[warn(unused)]`) on by default

warning: suspicious definition of the runtime `memcmp` symbol used by the standard library
  --> label-render/src/../../guest_runtime.rs:60:1
   |
60 | unsafe extern "C" fn memcmp(left: *const u8, right: *const u8, length: usize) -> i32 {
   | ^^^^^^^^^^^^^^^^^^^^^^^^^^^^^^^^^^^^^^^^^^^^^^^^^^^^^^^^^^^^^^^^^^^^^^^^^^^^^^^^^^^^
   |
   = note: expected `unsafe extern "C" fn(*const c_void, *const c_void, usize) -> i32`
           found    `unsafe extern "C" fn(*const u8, *const u8, usize) -> i32`
   = help: either fix the signature or remove any attributes like `#[unsafe(no_mangle)]`, `#[unsafe(export_name = "memcmp")]`, or `#[link_name = "memcmp"]`
   = help: allow this lint if the signature is compatible
   = note: `#[warn(suspicious_runtime_symbol_definitions)]` on by default

warning: `transform` (lib) generated 1 warning
warning: `http-request` (lib) generated 1 warning
warning: `label-render` (lib) generated 2 warnings (run `cargo fix --lib -p label-render` to apply 1 suggestion)
    Finished `release` profile [optimized] target(s) in 0.09s
build-components: m1 normalizes 4 declared artifacts with profile std-empty-environment
    Finished `dev` profile [unoptimized + debuginfo] target(s) in 0.53s
     Running `target/debug/wamn-component-virtualizer --input /home/kaalin/.cache/wamn-lanes/ctc8-15-4-fresh-only-20260909/target/wasm32-wasip2/release/blob_put.wasm --output /home/kaalin/.cache/wamn-lanes/ctc8-15-4-fresh-only-20260909/target/virtualized/std-empty-environment/blob_put.wasm.partial.461954`
wasi-virt-source-rev=448f6df8f688cee5d6995e96b1ffc31f9bf00742 wasi-virt-adapter-sha256=sha256:28eff8a2255812b440fbad2784a5a87660321e667331c17fb9a95f29caa85632
build-components: normalized blob-put -> /home/kaalin/.cache/wamn-lanes/ctc8-15-4-fresh-only-20260909/target/virtualized/std-empty-environment/blob_put.wasm
    Finished `dev` profile [unoptimized + debuginfo] target(s) in 0.38s
     Running `target/debug/wamn-component-virtualizer --input /home/kaalin/.cache/wamn-lanes/ctc8-15-4-fresh-only-20260909/target/wasm32-wasip2/release/client_acme_receiving.wasm --output /home/kaalin/.cache/wamn-lanes/ctc8-15-4-fresh-only-20260909/target/virtualized/std-empty-environment/client_acme_receiving.wasm.partial.461954`
wasi-virt-source-rev=448f6df8f688cee5d6995e96b1ffc31f9bf00742 wasi-virt-adapter-sha256=sha256:28eff8a2255812b440fbad2784a5a87660321e667331c17fb9a95f29caa85632
build-components: normalized client-acme-receiving -> /home/kaalin/.cache/wamn-lanes/ctc8-15-4-fresh-only-20260909/target/virtualized/std-empty-environment/client_acme_receiving.wasm
    Finished `dev` profile [unoptimized + debuginfo] target(s) in 0.37s
     Running `target/debug/wamn-component-virtualizer --input /home/kaalin/.cache/wamn-lanes/ctc8-15-4-fresh-only-20260909/target/wasm32-wasip2/release/receiving.wasm --output /home/kaalin/.cache/wamn-lanes/ctc8-15-4-fresh-only-20260909/target/virtualized/std-empty-environment/receiving.wasm.partial.461954`
wasi-virt-source-rev=448f6df8f688cee5d6995e96b1ffc31f9bf00742 wasi-virt-adapter-sha256=sha256:28eff8a2255812b440fbad2784a5a87660321e667331c17fb9a95f29caa85632
build-components: normalized receiving -> /home/kaalin/.cache/wamn-lanes/ctc8-15-4-fresh-only-20260909/target/virtualized/std-empty-environment/receiving.wasm
    Finished `dev` profile [unoptimized + debuginfo] target(s) in 0.42s
     Running `target/debug/wamn-component-virtualizer --input /home/kaalin/.cache/wamn-lanes/ctc8-15-4-fresh-only-20260909/target/wasm32-wasip2/release/wms.wasm --output /home/kaalin/.cache/wamn-lanes/ctc8-15-4-fresh-only-20260909/target/virtualized/std-empty-environment/wms.wasm.partial.461954`
wasi-virt-source-rev=448f6df8f688cee5d6995e96b1ffc31f9bf00742 wasi-virt-adapter-sha256=sha256:28eff8a2255812b440fbad2784a5a87660321e667331c17fb9a95f29caa85632
build-components: normalized wms -> /home/kaalin/.cache/wamn-lanes/ctc8-15-4-fresh-only-20260909/target/virtualized/std-empty-environment/wms.wasm
warning: function `canonical_serialized` is never used
   --> crates/catalog/model/src/lib.rs:792:4
    |
792 | fn canonical_serialized(value: &impl Serialize) -> Vec<u8> {
    |    ^^^^^^^^^^^^^^^^^^^^
    |
    = note: `#[warn(dead_code)]` (part of `#[warn(unused)]`) on by default

warning: `wamn-catalog` (lib) generated 1 warning
warning: the item `Future` is imported redundantly
 --> crates/platform/runtime/src/connection_authority.rs:3:5
  |
3 | use std::future::Future;
  |     ^^^^^^^^^^^^^^^^^^^
  |
 --> /rustc/88d9e12ae178fab0fb5cc050a94da85685d449ea/library/std/src/prelude/mod.rs:166:12
  |
  = note: the item `Future` is already defined here
  |
  = note: requested on the command line with `-W redundant-imports`

warning: the item `Future` is imported redundantly
 --> crates/platform/runtime/src/plugins/wamn_postgres/pool.rs:7:5
  |
7 | use std::future::Future;
  |     ^^^^^^^^^^^^^^^^^^^
  |
 --> /rustc/88d9e12ae178fab0fb5cc050a94da85685d449ea/library/std/src/prelude/mod.rs:166:12
  |
  = note: the item `Future` is already defined here

warning: constant `HTTP_CONTRACT` is never used
  --> crates/platform/runtime/src/plugins/connection_http.rs:52:7
   |
52 | const HTTP_CONTRACT: &str = "wamn:connection/http@0.1.0";
   |       ^^^^^^^^^^^^^
   |
   = note: `#[warn(dead_code)]` (part of `#[warn(unused)]`) on by default

warning: type does not implement `std::fmt::Debug`; consider adding `#[derive(Debug)]` or a manual implementation
   --> crates/platform/runtime/src/plugins/connection_http.rs:114:1
    |
114 | / pub struct ConnectionHttp {
115 | |     postgres: Arc<WamnPostgres>,
116 | |     vault: Arc<WamnCredentials>,
117 | |     tenant: Box<str>,
...   |
133 | |     invocations: std::sync::RwLock<HashMap<String, ConnectionInvocation>>,
134 | | }
    | |_^
    |
    = note: requested on the command line with `-W missing-debug-implementations`

warning: type does not implement `std::fmt::Debug`; consider adding `#[derive(Debug)]` or a manual implementation
  --> crates/platform/runtime/src/plugins/wamn_credentials.rs:27:1
   |
27 | / pub struct WamnCredentials {
28 | |     /// Whether ANY backing source was configured. Distinguishes `unavailable`
29 | |     /// (no source — retryable) from `not-found` (source present, name absent —
30 | |     /// config-shaped).
...  |
33 | |     projects: HashMap<String, HashMap<String, String>>,
34 | | }
   | |_^

warning: type does not implement `std::fmt::Debug`; consider adding `#[derive(Debug)]` or a manual implementation
   --> crates/platform/runtime/src/plugins/wamn_jetstream.rs:544:1
    |
544 | / pub struct WamnJetstream {
545 | |     nats_url: Option<String>,
546 | |     /// Lazily-connected, memoized JetStream context. A `Mutex<Option<_>>` (not a
547 | |     /// `OnceCell`) so a transient connect failure is retried on the next call
...   |
569 | |     dlq_depth: Arc<DeadLetterDepth>,
570 | | }
    | |_^

warning: type does not implement `std::fmt::Debug`; consider adding `#[derive(Debug)]` or a manual implementation
    --> crates/platform/runtime/src/plugins/wamn_jetstream.rs:1209:1
     |
1209 | / pub struct JsConsumer {
1210 | |     consumer: Consumer<PullConfig>,
1211 | |     dead_letter: Option<DeadLetterIdentity>,
1212 | | }
     | |_^

warning: type does not implement `std::fmt::Debug`; consider adding `#[derive(Debug)]` or a manual implementation
    --> crates/platform/runtime/src/plugins/wamn_jetstream.rs:1216:1
     |
1216 | / pub struct JsMessage {
1217 | |     msg: async_nats::jetstream::Message,
1218 | |     dead_letter: Option<DeadLetterIdentity>,
1219 | | }
     | |_^

warning: type does not implement `std::fmt::Debug`; consider adding `#[derive(Debug)]` or a manual implementation
   --> crates/platform/runtime/src/plugins/wamn_logging.rs:213:1
    |
213 | / pub struct Capture {
214 | |     records: std::sync::Mutex<Vec<CapturedRec>>,
215 | | }
    | |_^

warning: type does not implement `std::fmt::Debug`; consider adding `#[derive(Debug)]` or a manual implementation
   --> crates/platform/runtime/src/plugins/wamn_logging.rs:235:1
    |
235 | / pub struct WamnLogging {
236 | |     /// component id → host-trusted {tenant, project}.
237 | |     claims: std::sync::RwLock<HashMap<String, Claim>>,
238 | |     /// Bounded front queue; `try_send` keeps `log()` non-blocking.
...   |
243 | |     _drain: tokio::task::JoinHandle<()>,
244 | | }
    | |_^

warning: type does not implement `std::fmt::Debug`; consider adding `#[derive(Debug)]` or a manual implementation
   --> crates/platform/runtime/src/plugins/wamn_postgres/claims.rs:55:1
    |
 55 | / pub struct WamnPostgres {
 56 | |     /// Resolves a project id → its database connection + policy.
 57 | |     provider: Arc<dyn CredentialProvider>,
 58 | |     /// Guest-visible project pools, built lazily and never shared with host-owned
...   |
121 | |     pub(super) bind_counters: super::BindCounters,
122 | | }
    | |_^

warning: type does not implement `std::fmt::Debug`; consider adding `#[derive(Debug)]` or a manual implementation
   --> crates/platform/runtime/src/plugins/wamn_postgres/pool.rs:339:1
    |
339 | / pub struct StaticCredentialProvider {
340 | |     projects: HashMap<String, ProjectConfig>,
341 | | }
    | |_^

warning: type does not implement `std::fmt::Debug`; consider adding `#[derive(Debug)]` or a manual implementation
   --> crates/platform/runtime/src/plugins/wamn_postgres/pool.rs:514:1
    |
514 | / pub struct K8sSecretProvider {
515 | |     pub namespace: String,
516 | | }
    | |_^

warning: type does not implement `std::fmt::Debug`; consider adding `#[derive(Debug)]` or a manual implementation
   --> crates/platform/runtime/src/plugins/wamn_postgres/resources.rs:99:1
    |
 99 | / pub struct PgTransaction {
100 | |     state: SharedTxnState,
101 | |     destroyed: Arc<AtomicU64>,
102 | |     cursor_seq: u32,
103 | |     /// Row limit of the project this transaction's connection belongs to.
104 | |     row_limit: u64,
105 | | }
    | |_^

warning: type does not implement `std::fmt::Debug`; consider adding `#[derive(Debug)]` or a manual implementation
   --> crates/platform/runtime/src/plugins/wamn_postgres/resources.rs:145:1
    |
145 | / pub struct PgCursor {
146 | |     state: SharedTxnState,
147 | |     destroyed: Arc<AtomicU64>,
148 | |     name: String,
149 | | }
    | |_^

warning: type does not implement `std::fmt::Debug`; consider adding `#[derive(Debug)]` or a manual implementation
   --> crates/platform/runtime/src/wiring_doorbell.rs:145:1
    |
145 | / pub struct WiringDoorbellListener {
146 | |     shutdown: tokio::sync::watch::Sender<bool>,
147 | |     task: tokio::task::JoinHandle<()>,
148 | | }
    | |_^

warning: `wamn-runtime` (lib) generated 16 warnings
warning: type does not implement `std::fmt::Debug`; consider adding `#[derive(Debug)]` or a manual implementation
   --> services/scenario-worker/src/authoring.rs:218:1
    |
218 | / pub struct InternalAuthoringBackend {
219 | |     authority: InternalDevAdmin,
220 | |     client: Client,
221 | |     connection_task: tokio::task::JoinHandle<()>,
222 | |     tenant_id: Box<str>,
223 | |     source_schema: BareSchemaName,
224 | | }
    | |_^
    |
    = note: requested on the command line with `-W missing-debug-implementations`

warning: type does not implement `std::fmt::Debug`; consider adding `#[derive(Debug)]` or a manual implementation
   --> services/scenario-worker/src/store/admission.rs:316:1
    |
316 | / pub struct AdmissionSurface {
317 | |     /// The explicit credential and exact server-side predicates are retained so
318 | |     /// every replacement physical connection is checked identically.
319 | |     probe: CredentialExactnessProbe,
...   |
322 | |     tenant_id: Box<str>,
323 | | }
    | |_^

warning: `wamn-scenario-worker` (lib) generated 2 warnings
warning: function `run_once_stages` is never used
   --> services/ctl/src/dev.rs:603:10
    |
603 | async fn run_once_stages<R>(
    |          ^^^^^^^^^^^^^^^
    |
    = note: `#[warn(dead_code)]` (part of `#[warn(unused)]`) on by default

warning: function `verify_source_package_with_client` is never used
    --> services/ctl/src/push_component.rs:1301:10
     |
1301 | async fn verify_source_package_with_client(
     |          ^^^^^^^^^^^^^^^^^^^^^^^^^^^^^^^^^

warning: `wamn-ctl` (lib) generated 2 warnings
    Finished `dev` profile [unoptimized + debuginfo] target(s) in 0.70s
#0 building with "default" instance using docker driver

#1 [internal] load build definition from Dockerfile
#1 transferring dockerfile: 18.98kB done
#1 DONE 0.0s

#2 [internal] load metadata for docker.io/library/rust:1.98-trixie
#2 DONE 0.0s

#3 [internal] load metadata for docker.io/library/debian:trixie-slim
#3 DONE 0.0s

#4 [internal] load .dockerignore
#4 transferring context: 245B done
#4 DONE 0.0s

#5 [host 1/3] FROM docker.io/library/debian:trixie-slim
#5 DONE 0.0s

#6 [chef 1/4] FROM docker.io/library/rust:1.98-trixie
#6 DONE 0.0s

#7 [internal] load build context
#7 transferring context: 137.87kB 0.1s done
#7 DONE 0.1s

#8 [chef 3/4] WORKDIR /build
#8 CACHED

#9 [root-planner 3/8] COPY components ./components
#9 CACHED

#10 [chef 2/4] RUN apt-get update && apt-get install -y --no-install-recommends clang mold protobuf-compiler libprotobuf-dev git && rm -rf /var/lib/apt/lists/*
#10 CACHED

#11 [chef 4/4] RUN --mount=type=cache,id=wamn-chef-cargo-registry,target=/usr/local/cargo/registry,sharing=locked     --mount=type=cache,id=wamn-chef-cargo-git,target=/usr/local/cargo/git,sharing=locked     cargo install cargo-chef --version 0.1.77 --locked
#11 CACHED

#12 [root-planner 1/8] COPY Cargo.toml Cargo.lock ./
#12 CACHED

#13 [root-planner 2/8] COPY crates ./crates
#13 CACHED

#14 [root-planner 5/8] COPY services ./services
#14 CACHED

#15 [root-planner 4/8] COPY packages ./packages
#15 CACHED

#16 [root-planner 6/8] COPY test-support ./test-support
#16 CACHED

#17 [root-planner 7/8] COPY tests ./tests
#17 DONE 0.1s

#18 [root-planner 8/8] RUN cargo chef prepare --recipe-path root-recipe.json
#18 DONE 0.4s

#19 [root-source 1/2] COPY .cargo/config.toml ./.cargo/config.toml
#19 DONE 0.2s

#20 [root-source 2/2] COPY deploy ./deploy
#20 DONE 0.2s

#21 [root-recipe 2/3] COPY --from=root-planner /build/root-recipe.json ./root-recipe.json
#21 CACHED

#22 [root-recipe 1/3] COPY .cargo/config.toml ./.cargo/config.toml
#22 CACHED

#23 [root-recipe 3/3] COPY components ./components
#23 CACHED

#24 [cook-host 1/1] RUN --mount=type=cache,id=wamn-root-cargo-registry,target=/usr/local/cargo/registry,sharing=locked     --mount=type=cache,id=wamn-root-cargo-git,target=/usr/local/cargo/git,sharing=locked     --mount=type=cache,id=wamn-root-target,target=/build/target,sharing=locked     cargo chef cook --locked --release --recipe-path root-recipe.json -p wamn-host
#24 CACHED

#25 [build-host 1/2] COPY --from=root-source /build /build
#25 DONE 0.4s

#26 [build-host 2/2] RUN --mount=type=cache,id=wamn-root-cargo-registry,target=/usr/local/cargo/registry,sharing=locked     --mount=type=cache,id=wamn-root-cargo-git,target=/usr/local/cargo/git,sharing=locked     --mount=type=cache,id=wamn-root-target,target=/build/target,sharing=locked     cargo build --locked --release -p wamn-host  && install -D -m 0755 target/release/wamn-host /native-output/wamn-host
#26 166.0 warning: function `canonical_serialized` is never used
#26 166.0    --> crates/catalog/model/src/lib.rs:792:4
#26 166.0     |
#26 166.0 792 | fn canonical_serialized(value: &impl Serialize) -> Vec<u8> {
#26 166.0     |    ^^^^^^^^^^^^^^^^^^^^
#26 166.0     |
#26 166.0     = note: `#[warn(dead_code)]` (part of `#[warn(unused)]`) on by default
#26 166.0 
#26 166.0 warning: `wamn-catalog` (lib) generated 1 warning
#26 166.0 warning: the item `Future` is imported redundantly
#26 166.0  --> crates/platform/runtime/src/connection_authority.rs:3:5
#26 166.0   |
#26 166.0 3 | use std::future::Future;
#26 166.0   |     ^^^^^^^^^^^^^^^^^^^
#26 166.0   |
#26 166.0  --> /rustc/88d9e12ae178fab0fb5cc050a94da85685d449ea/library/std/src/prelude/mod.rs:166:12
#26 166.0   |
#26 166.0   = note: the item `Future` is already defined here
#26 166.0   |
#26 166.0   = note: requested on the command line with `-W redundant-imports`
#26 166.0 
#26 166.0 warning: the item `Future` is imported redundantly
#26 166.0  --> crates/platform/runtime/src/plugins/wamn_postgres/pool.rs:7:5
#26 166.0   |
#26 166.0 7 | use std::future::Future;
#26 166.0   |     ^^^^^^^^^^^^^^^^^^^
#26 166.0   |
#26 166.0  --> /rustc/88d9e12ae178fab0fb5cc050a94da85685d449ea/library/std/src/prelude/mod.rs:166:12
#26 166.0   |
#26 166.0   = note: the item `Future` is already defined here
#26 166.0 
#26 166.0 warning: constant `HTTP_CONTRACT` is never used
#26 166.0   --> crates/platform/runtime/src/plugins/connection_http.rs:52:7
#26 166.0    |
#26 166.0 52 | const HTTP_CONTRACT: &str = "wamn:connection/http@0.1.0";
#26 166.0    |       ^^^^^^^^^^^^^
#26 166.0    |
#26 166.0    = note: `#[warn(dead_code)]` (part of `#[warn(unused)]`) on by default
#26 166.0 
#26 166.0 warning: type does not implement `std::fmt::Debug`; consider adding `#[derive(Debug)]` or a manual implementation
#26 166.0    --> crates/platform/runtime/src/plugins/connection_http.rs:114:1
#26 166.0     |
#26 166.0 114 | / pub struct ConnectionHttp {
#26 166.0 115 | |     postgres: Arc<WamnPostgres>,
#26 166.0 116 | |     vault: Arc<WamnCredentials>,
#26 166.0 117 | |     tenant: Box<str>,
#26 166.0 ...   |
#26 166.0 133 | |     invocations: std::sync::RwLock<HashMap<String, ConnectionInvocation>>,
#26 166.0 134 | | }
#26 166.0     | |_^
#26 166.0     |
#26 166.0     = note: requested on the command line with `-W missing-debug-implementations`
#26 166.0 
#26 166.0 warning: type does not implement `std::fmt::Debug`; consider adding `#[derive(Debug)]` or a manual implementation
#26 166.0   --> crates/platform/runtime/src/plugins/wamn_credentials.rs:27:1
#26 166.0    |
#26 166.0 27 | / pub struct WamnCredentials {
#26 166.0 28 | |     /// Whether ANY backing source was configured. Distinguishes `unavailable`
#26 166.0 29 | |     /// (no source — retryable) from `not-found` (source present, name absent —
#26 166.0 30 | |     /// config-shaped).
#26 166.0 ...  |
#26 166.0 33 | |     projects: HashMap<String, HashMap<String, String>>,
#26 166.0 34 | | }
#26 166.0    | |_^
#26 166.0 
#26 166.0 warning: type does not implement `std::fmt::Debug`; consider adding `#[derive(Debug)]` or a manual implementation
#26 166.0    --> crates/platform/runtime/src/plugins/wamn_jetstream.rs:544:1
#26 166.0     |
#26 166.0 544 | / pub struct WamnJetstream {
#26 166.0 545 | |     nats_url: Option<String>,
#26 166.0 546 | |     /// Lazily-connected, memoized JetStream context. A `Mutex<Option<_>>` (not a
#26 166.0 547 | |     /// `OnceCell`) so a transient connect failure is retried on the next call
#26 166.0 ...   |
#26 166.0 569 | |     dlq_depth: Arc<DeadLetterDepth>,
#26 166.0 570 | | }
#26 166.0     | |_^
#26 166.0 
#26 166.0 warning: type does not implement `std::fmt::Debug`; consider adding `#[derive(Debug)]` or a manual implementation
#26 166.0     --> crates/platform/runtime/src/plugins/wamn_jetstream.rs:1209:1
#26 166.0      |
#26 166.0 1209 | / pub struct JsConsumer {
#26 166.0 1210 | |     consumer: Consumer<PullConfig>,
#26 166.0 1211 | |     dead_letter: Option<DeadLetterIdentity>,
#26 166.0 1212 | | }
#26 166.0      | |_^
#26 166.0 
#26 166.0 warning: type does not implement `std::fmt::Debug`; consider adding `#[derive(Debug)]` or a manual implementation
#26 166.0     --> crates/platform/runtime/src/plugins/wamn_jetstream.rs:1216:1
#26 166.0      |
#26 166.0 1216 | / pub struct JsMessage {
#26 166.0 1217 | |     msg: async_nats::jetstream::Message,
#26 166.0 1218 | |     dead_letter: Option<DeadLetterIdentity>,
#26 166.0 1219 | | }
#26 166.0      | |_^
#26 166.0 
#26 166.0 warning: type does not implement `std::fmt::Debug`; consider adding `#[derive(Debug)]` or a manual implementation
#26 166.0    --> crates/platform/runtime/src/plugins/wamn_logging.rs:213:1
#26 166.0     |
#26 166.0 213 | / pub struct Capture {
#26 166.0 214 | |     records: std::sync::Mutex<Vec<CapturedRec>>,
#26 166.0 215 | | }
#26 166.0     | |_^
#26 166.0 
#26 166.0 warning: type does not implement `std::fmt::Debug`; consider adding `#[derive(Debug)]` or a manual implementation
#26 166.0    --> crates/platform/runtime/src/plugins/wamn_logging.rs:235:1
#26 166.0     |
#26 166.0 235 | / pub struct WamnLogging {
#26 166.0 236 | |     /// component id → host-trusted {tenant, project}.
#26 166.0 237 | |     claims: std::sync::RwLock<HashMap<String, Claim>>,
#26 166.0 238 | |     /// Bounded front queue; `try_send` keeps `log()` non-blocking.
#26 166.0 ...   |
#26 166.0 243 | |     _drain: tokio::task::JoinHandle<()>,
#26 166.0 244 | | }
#26 166.0     | |_^
#26 166.0 
#26 166.0 warning: type does not implement `std::fmt::Debug`; consider adding `#[derive(Debug)]` or a manual implementation
#26 166.0    --> crates/platform/runtime/src/plugins/wamn_postgres/claims.rs:55:1
#26 166.0     |
#26 166.0  55 | / pub struct WamnPostgres {
#26 166.0  56 | |     /// Resolves a project id → its database connection + policy.
#26 166.0  57 | |     provider: Arc<dyn CredentialProvider>,
#26 166.0  58 | |     /// Guest-visible project pools, built lazily and never shared with host-owned
#26 166.0 ...   |
#26 166.0 121 | |     pub(super) bind_counters: super::BindCounters,
#26 166.0 122 | | }
#26 166.0     | |_^
#26 166.0 
#26 166.0 warning: type does not implement `std::fmt::Debug`; consider adding `#[derive(Debug)]` or a manual implementation
#26 166.0    --> crates/platform/runtime/src/plugins/wamn_postgres/pool.rs:339:1
#26 166.0     |
#26 166.0 339 | / pub struct StaticCredentialProvider {
#26 166.0 340 | |     projects: HashMap<String, ProjectConfig>,
#26 166.0 341 | | }
#26 166.0     | |_^
#26 166.0 
#26 166.0 warning: type does not implement `std::fmt::Debug`; consider adding `#[derive(Debug)]` or a manual implementation
#26 166.0    --> crates/platform/runtime/src/plugins/wamn_postgres/pool.rs:514:1
#26 166.0     |
#26 166.0 514 | / pub struct K8sSecretProvider {
#26 166.0 515 | |     pub namespace: String,
#26 166.0 516 | | }
#26 166.0     | |_^
#26 166.0 
#26 166.0 warning: type does not implement `std::fmt::Debug`; consider adding `#[derive(Debug)]` or a manual implementation
#26 166.0    --> crates/platform/runtime/src/plugins/wamn_postgres/resources.rs:99:1
#26 166.0     |
#26 166.0  99 | / pub struct PgTransaction {
#26 166.0 100 | |     state: SharedTxnState,
#26 166.0 101 | |     destroyed: Arc<AtomicU64>,
#26 166.0 102 | |     cursor_seq: u32,
#26 166.0 103 | |     /// Row limit of the project this transaction's connection belongs to.
#26 166.0 104 | |     row_limit: u64,
#26 166.0 105 | | }
#26 166.0     | |_^
#26 166.0 
#26 166.0 warning: type does not implement `std::fmt::Debug`; consider adding `#[derive(Debug)]` or a manual implementation
#26 166.0    --> crates/platform/runtime/src/plugins/wamn_postgres/resources.rs:145:1
#26 166.0     |
#26 166.0 145 | / pub struct PgCursor {
#26 166.0 146 | |     state: SharedTxnState,
#26 166.0 147 | |     destroyed: Arc<AtomicU64>,
#26 166.0 148 | |     name: String,
#26 166.0 149 | | }
#26 166.0     | |_^
#26 166.0 
#26 166.0 warning: type does not implement `std::fmt::Debug`; consider adding `#[derive(Debug)]` or a manual implementation
#26 166.0    --> crates/platform/runtime/src/wiring_doorbell.rs:145:1
#26 166.0     |
#26 166.0 145 | / pub struct WiringDoorbellListener {
#26 166.0 146 | |     shutdown: tokio::sync::watch::Sender<bool>,
#26 166.0 147 | |     task: tokio::task::JoinHandle<()>,
#26 166.0 148 | | }
#26 166.0     | |_^
#26 166.0 
#26 166.0 warning: `wamn-runtime` (lib) generated 16 warnings
#26 166.0     Finished `release` profile [optimized] target(s) in 1.12s
#26 DONE 166.3s

#27 [host 2/3] RUN apt-get update && apt-get install -y --no-install-recommends ca-certificates && rm -rf /var/lib/apt/lists/*
#27 CACHED

#28 [host 3/3] COPY --from=build-host /native-output/wamn-host /usr/local/bin/wamn-host
#28 CACHED

#29 exporting to image
#29 exporting layers done
#29 writing image sha256:53978f4e84beddb3025a667d67702f3e8ce4ce8cb6ce7bfff88edb3b67ac7e22 0.0s done
#29 naming to docker.io/library/wamn-host:receiving-21775e603c39-461787-release 0.0s done
#29 DONE 0.1s
#0 building with "default" instance using docker driver

#1 [host 1/3] FROM docker.io/library/debian:trixie-slim
#1 DONE 0.0s

#2 [chef 1/4] FROM docker.io/library/rust:1.98-trixie
#2 DONE 0.0s

#3 [internal] load build definition from Dockerfile
#3 transferring dockerfile: 18.98kB done
#3 DONE 0.0s

#4 [internal] load metadata for docker.io/library/debian:trixie-slim
#4 DONE 0.0s

#5 [internal] load metadata for docker.io/library/rust:1.98-trixie
#5 DONE 0.0s

#6 [internal] load .dockerignore
#6 transferring context: 245B done
#6 DONE 0.1s

#7 [component-toolchain 4/6] COPY crates /build/crates
#7 CACHED

#8 [internal] load build context
#8 transferring context: 93.62kB 0.0s done
#8 DONE 0.1s

#9 [root-planner 6/8] COPY test-support ./test-support
#9 CACHED

#10 [chef 4/4] RUN --mount=type=cache,id=wamn-chef-cargo-registry,target=/usr/local/cargo/registry,sharing=locked     --mount=type=cache,id=wamn-chef-cargo-git,target=/usr/local/cargo/git,sharing=locked     cargo install cargo-chef --version 0.1.77 --locked
#10 CACHED

#11 [root-planner 8/8] RUN cargo chef prepare --recipe-path root-recipe.json
#11 CACHED

#12 [root-source 1/2] COPY .cargo/config.toml ./.cargo/config.toml
#12 CACHED

#13 [root-planner 7/8] COPY tests ./tests
#13 CACHED

#14 [root-planner 5/8] COPY services ./services
#14 CACHED

#15 [root-planner 4/8] COPY packages ./packages
#15 CACHED

#16 [root-planner 2/8] COPY crates ./crates
#16 CACHED

#17 [chef 3/4] WORKDIR /build
#17 CACHED

#18 [root-planner 1/8] COPY Cargo.toml Cargo.lock ./
#18 CACHED

#19 [root-planner 3/8] COPY components ./components
#19 CACHED

#20 [chef 2/4] RUN apt-get update && apt-get install -y --no-install-recommends clang mold protobuf-compiler libprotobuf-dev git && rm -rf /var/lib/apt/lists/*
#20 CACHED

#21 [root-source 2/2] COPY deploy ./deploy
#21 CACHED

#22 [root-recipe 3/3] COPY components ./components
#22 CACHED

#23 [root-recipe 2/3] COPY --from=root-planner /build/root-recipe.json ./root-recipe.json
#23 CACHED

#24 [root-recipe 1/3] COPY .cargo/config.toml ./.cargo/config.toml
#24 CACHED

#25 [cook-ctl 1/1] RUN --mount=type=cache,id=wamn-root-cargo-registry,target=/usr/local/cargo/registry,sharing=locked     --mount=type=cache,id=wamn-root-cargo-git,target=/usr/local/cargo/git,sharing=locked     --mount=type=cache,id=wamn-root-target,target=/build/target,sharing=locked     cargo chef cook --locked --release --recipe-path root-recipe.json -p wamn-ctl
#25 CACHED

#26 [cook-dispatcher 1/1] RUN --mount=type=cache,id=wamn-root-cargo-registry,target=/usr/local/cargo/registry,sharing=locked     --mount=type=cache,id=wamn-root-cargo-git,target=/usr/local/cargo/git,sharing=locked     --mount=type=cache,id=wamn-root-target,target=/build/target,sharing=locked     cargo chef cook --locked --release --recipe-path root-recipe.json -p wamn-dispatcher
#26 CACHED

#27 [cook-cdc-reader 1/1] RUN --mount=type=cache,id=wamn-root-cargo-registry,target=/usr/local/cargo/registry,sharing=locked     --mount=type=cache,id=wamn-root-cargo-git,target=/usr/local/cargo/git,sharing=locked     --mount=type=cache,id=wamn-root-target,target=/build/target,sharing=locked     cargo chef cook --locked --release --recipe-path root-recipe.json -p wamn-cdc-reader
#27 CACHED

#28 [build-dispatcher 1/2] COPY --from=root-source /build /build
#28 ...

#29 [build-ctl 1/2] COPY --from=root-source /build /build
#29 DONE 0.5s

#28 [build-dispatcher 1/2] COPY --from=root-source /build /build
#28 DONE 0.6s

#30 [build-ctl 2/2] RUN --mount=type=cache,id=wamn-root-cargo-registry,target=/usr/local/cargo/registry,sharing=locked     --mount=type=cache,id=wamn-root-cargo-git,target=/usr/local/cargo/git,sharing=locked     --mount=type=cache,id=wamn-root-target,target=/build/target,sharing=locked     cargo build --locked --release -p wamn-ctl  && cargo build --locked --release -p wamn-ctl --features ops --bin wamn-ctl-ops  && install -D -m 0755 target/release/wamn-ctl /native-output/wamn-ctl  && install -D -m 0755 target/release/wamn-ctl-ops /native-output/wamn-ctl-ops
#30 ...

#31 [build-cdc-reader 1/2] COPY --from=root-source /build /build
#31 DONE 0.6s

#32 [build-cdc-reader 2/2] RUN --mount=type=cache,id=wamn-root-cargo-registry,target=/usr/local/cargo/registry,sharing=locked     --mount=type=cache,id=wamn-root-cargo-git,target=/usr/local/cargo/git,sharing=locked     --mount=type=cache,id=wamn-root-target,target=/build/target,sharing=locked     cargo build --locked --release -p wamn-cdc-reader  && install -D -m 0755 target/release/wamn-cdc-reader /native-output/wamn-cdc-reader
#32 ...

#33 [build-gates 1/1] RUN --mount=type=cache,id=wamn-root-cargo-registry,target=/usr/local/cargo/registry,sharing=locked     --mount=type=cache,id=wamn-root-cargo-git,target=/usr/local/cargo/git,sharing=locked     --mount=type=cache,id=wamn-root-target,target=/build/target,sharing=locked     cargo build --locked --release -p wamn-gates  && install -D -m 0755 target/release/wamn-gates /native-output/wamn-gates
#33 ...

#34 [build-dispatcher 2/2] RUN --mount=type=cache,id=wamn-root-cargo-registry,target=/usr/local/cargo/registry,sharing=locked     --mount=type=cache,id=wamn-root-cargo-git,target=/usr/local/cargo/git,sharing=locked     --mount=type=cache,id=wamn-root-target,target=/build/target,sharing=locked     cargo build --locked --release -p wamn-dispatcher  && install -D -m 0755 target/release/wamn-dispatcher /native-output/wamn-dispatcher
#34 ...

#33 [build-gates 1/1] RUN --mount=type=cache,id=wamn-root-cargo-registry,target=/usr/local/cargo/registry,sharing=locked     --mount=type=cache,id=wamn-root-cargo-git,target=/usr/local/cargo/git,sharing=locked     --mount=type=cache,id=wamn-root-target,target=/build/target,sharing=locked     cargo build --locked --release -p wamn-gates  && install -D -m 0755 target/release/wamn-gates /native-output/wamn-gates
#33 241.8    Compiling wamn-component-policy v0.1.0 (/build/crates/platform/component-policy)
#33 241.8    Compiling wamn-pg-core v0.1.0 (/build/crates/platform/pg-core)
#33 241.8    Compiling wamn-control-registry v0.1.0 (/build/crates/control/registry)
#33 241.8    Compiling wamn-router v0.1.0 (/build/crates/execution/router)
#33 241.9    Compiling wamn-catalog v0.1.0 (/build/crates/catalog/model)
#33 242.2    Compiling wamn-run-state v0.1.0 (/build/crates/execution/run-state)
#33 243.4    Compiling wamn-platform-identity v0.1.0 (/build/crates/identity/platform)
#33 243.8 warning: function `canonical_serialized` is never used
#33 243.8    --> crates/catalog/model/src/lib.rs:792:4
#33 243.8     |
#33 243.8 792 | fn canonical_serialized(value: &impl Serialize) -> Vec<u8> {
#33 243.8     |    ^^^^^^^^^^^^^^^^^^^^
#33 243.8     |
#33 243.8     = note: `#[warn(dead_code)]` (part of `#[warn(unused)]`) on by default
#33 243.8 
#33 244.9    Compiling wamn-runtime v0.1.0 (/build/crates/platform/runtime)
#33 245.5    Compiling wamn-schema-introspection v0.1.0 (/build/crates/schema/introspection)
#33 245.7    Compiling wamn-client v0.1.0 (/build/crates/client/core)
#33 246.3 warning: the item `Future` is imported redundantly
#33 246.3  --> crates/platform/runtime/src/connection_authority.rs:3:5
#33 246.3   |
#33 246.3 3 | use std::future::Future;
#33 246.3   |     ^^^^^^^^^^^^^^^^^^^
#33 246.3   |
#33 246.3  --> /rustc/88d9e12ae178fab0fb5cc050a94da85685d449ea/library/std/src/prelude/mod.rs:166:12
#33 246.3   |
#33 246.3   = note: the item `Future` is already defined here
#33 246.3   |
#33 246.3   = note: requested on the command line with `-W redundant-imports`
#33 246.3 
#33 246.4 warning: the item `Future` is imported redundantly
#33 246.4  --> crates/platform/runtime/src/plugins/wamn_postgres/pool.rs:7:5
#33 246.4   |
#33 246.4 7 | use std::future::Future;
#33 246.4   |     ^^^^^^^^^^^^^^^^^^^
#33 246.4   |
#33 246.4  --> /rustc/88d9e12ae178fab0fb5cc050a94da85685d449ea/library/std/src/prelude/mod.rs:166:12
#33 246.4   |
#33 246.4   = note: the item `Future` is already defined here
#33 246.4 
#33 247.9    Compiling wamn-schema-generator v0.1.0 (/build/crates/schema/generator)
#33 251.4    Compiling wamn-client-tui v0.1.0 (/build/crates/client/tui)
#33 253.3 warning: `wamn-catalog` (lib) generated 1 warning
#33 253.3    Compiling wamn-authoring-model v0.1.0 (/build/crates/authoring/model)
#33 253.6    Compiling wamn-client-terminal v0.1.0 (/build/crates/client/terminal)
#33 257.1    Compiling wamn-schema-control v0.1.0 (/build/crates/schema/control)
#33 257.9 warning: constant `HTTP_CONTRACT` is never used
#33 257.9   --> crates/platform/runtime/src/plugins/connection_http.rs:52:7
#33 257.9    |
#33 257.9 52 | const HTTP_CONTRACT: &str = "wamn:connection/http@0.1.0";
#33 257.9    |       ^^^^^^^^^^^^^
#33 257.9    |
#33 257.9    = note: `#[warn(dead_code)]` (part of `#[warn(unused)]`) on by default
#33 257.9 
#33 257.9 warning: type does not implement `std::fmt::Debug`; consider adding `#[derive(Debug)]` or a manual implementation
#33 257.9    --> crates/platform/runtime/src/plugins/connection_http.rs:114:1
#33 257.9     |
#33 257.9 114 | / pub struct ConnectionHttp {
#33 257.9 115 | |     postgres: Arc<WamnPostgres>,
#33 257.9 116 | |     vault: Arc<WamnCredentials>,
#33 257.9 117 | |     tenant: Box<str>,
#33 257.9 ...   |
#33 257.9 133 | |     invocations: std::sync::RwLock<HashMap<String, ConnectionInvocation>>,
#33 257.9 134 | | }
#33 257.9     | |_^
#33 257.9     |
#33 257.9     = note: requested on the command line with `-W missing-debug-implementations`
#33 257.9 
#33 257.9 warning: type does not implement `std::fmt::Debug`; consider adding `#[derive(Debug)]` or a manual implementation
#33 257.9   --> crates/platform/runtime/src/plugins/wamn_credentials.rs:27:1
#33 257.9    |
#33 257.9 27 | / pub struct WamnCredentials {
#33 257.9 28 | |     /// Whether ANY backing source was configured. Distinguishes `unavailable`
#33 257.9 29 | |     /// (no source — retryable) from `not-found` (source present, name absent —
#33 257.9 30 | |     /// config-shaped).
#33 257.9 ...  |
#33 257.9 33 | |     projects: HashMap<String, HashMap<String, String>>,
#33 257.9 34 | | }
#33 257.9    | |_^
#33 257.9 
#33 257.9 warning: type does not implement `std::fmt::Debug`; consider adding `#[derive(Debug)]` or a manual implementation
#33 257.9    --> crates/platform/runtime/src/plugins/wamn_jetstream.rs:544:1
#33 257.9     |
#33 257.9 544 | / pub struct WamnJetstream {
#33 257.9 545 | |     nats_url: Option<String>,
#33 257.9 546 | |     /// Lazily-connected, memoized JetStream context. A `Mutex<Option<_>>` (not a
#33 257.9 547 | |     /// `OnceCell`) so a transient connect failure is retried on the next call
#33 257.9 ...   |
#33 257.9 569 | |     dlq_depth: Arc<DeadLetterDepth>,
#33 257.9 570 | | }
#33 257.9     | |_^
#33 257.9 
#33 257.9 warning: type does not implement `std::fmt::Debug`; consider adding `#[derive(Debug)]` or a manual implementation
#33 257.9     --> crates/platform/runtime/src/plugins/wamn_jetstream.rs:1209:1
#33 257.9      |
#33 257.9 1209 | / pub struct JsConsumer {
#33 257.9 1210 | |     consumer: Consumer<PullConfig>,
#33 257.9 1211 | |     dead_letter: Option<DeadLetterIdentity>,
#33 257.9 1212 | | }
#33 257.9      | |_^
#33 257.9 
#33 257.9 warning: type does not implement `std::fmt::Debug`; consider adding `#[derive(Debug)]` or a manual implementation
#33 257.9     --> crates/platform/runtime/src/plugins/wamn_jetstream.rs:1216:1
#33 257.9      |
#33 257.9 1216 | / pub struct JsMessage {
#33 257.9 1217 | |     msg: async_nats::jetstream::Message,
#33 257.9 1218 | |     dead_letter: Option<DeadLetterIdentity>,
#33 257.9 1219 | | }
#33 257.9      | |_^
#33 257.9 
#33 258.0 warning: type does not implement `std::fmt::Debug`; consider adding `#[derive(Debug)]` or a manual implementation
#33 258.0    --> crates/platform/runtime/src/plugins/wamn_logging.rs:213:1
#33 258.0     |
#33 258.0 213 | / pub struct Capture {
#33 258.0 214 | |     records: std::sync::Mutex<Vec<CapturedRec>>,
#33 258.0 215 | | }
#33 258.0     | |_^
#33 258.0 
#33 258.0 warning: type does not implement `std::fmt::Debug`; consider adding `#[derive(Debug)]` or a manual implementation
#33 258.0    --> crates/platform/runtime/src/plugins/wamn_logging.rs:235:1
#33 258.0     |
#33 258.0 235 | / pub struct WamnLogging {
#33 258.0 236 | |     /// component id → host-trusted {tenant, project}.
#33 258.0 237 | |     claims: std::sync::RwLock<HashMap<String, Claim>>,
#33 258.0 238 | |     /// Bounded front queue; `try_send` keeps `log()` non-blocking.
#33 258.0 ...   |
#33 258.0 243 | |     _drain: tokio::task::JoinHandle<()>,
#33 258.0 244 | | }
#33 258.0     | |_^
#33 258.0 
#33 258.0 warning: type does not implement `std::fmt::Debug`; consider adding `#[derive(Debug)]` or a manual implementation
#33 258.0    --> crates/platform/runtime/src/plugins/wamn_postgres/claims.rs:55:1
#33 258.0     |
#33 258.0  55 | / pub struct WamnPostgres {
#33 258.0  56 | |     /// Resolves a project id → its database connection + policy.
#33 258.0  57 | |     provider: Arc<dyn CredentialProvider>,
#33 258.0  58 | |     /// Guest-visible project pools, built lazily and never shared with host-owned
#33 258.0 ...   |
#33 258.0 121 | |     pub(super) bind_counters: super::BindCounters,
#33 258.0 122 | | }
#33 258.0     | |_^
#33 258.0 
#33 258.0 warning: type does not implement `std::fmt::Debug`; consider adding `#[derive(Debug)]` or a manual implementation
#33 258.0    --> crates/platform/runtime/src/plugins/wamn_postgres/pool.rs:339:1
#33 258.0     |
#33 258.0 339 | / pub struct StaticCredentialProvider {
#33 258.0 340 | |     projects: HashMap<String, ProjectConfig>,
#33 258.0 341 | | }
#33 258.0     | |_^
#33 258.0 
#33 258.0 warning: type does not implement `std::fmt::Debug`; consider adding `#[derive(Debug)]` or a manual implementation
#33 258.0    --> crates/platform/runtime/src/plugins/wamn_postgres/pool.rs:514:1
#33 258.0     |
#33 258.0 514 | / pub struct K8sSecretProvider {
#33 258.0 515 | |     pub namespace: String,
#33 258.0 516 | | }
#33 258.0     | |_^
#33 258.0 
#33 258.0 warning: type does not implement `std::fmt::Debug`; consider adding `#[derive(Debug)]` or a manual implementation
#33 258.0    --> crates/platform/runtime/src/plugins/wamn_postgres/resources.rs:99:1
#33 258.0     |
#33 258.0  99 | / pub struct PgTransaction {
#33 258.0 100 | |     state: SharedTxnState,
#33 258.0 101 | |     destroyed: Arc<AtomicU64>,
#33 258.0 102 | |     cursor_seq: u32,
#33 258.0 103 | |     /// Row limit of the project this transaction's connection belongs to.
#33 258.0 104 | |     row_limit: u64,
#33 258.0 105 | | }
#33 258.0     | |_^
#33 258.0 
#33 258.0 warning: type does not implement `std::fmt::Debug`; consider adding `#[derive(Debug)]` or a manual implementation
#33 258.0    --> crates/platform/runtime/src/plugins/wamn_postgres/resources.rs:145:1
#33 258.0     |
#33 258.0 145 | / pub struct PgCursor {
#33 258.0 146 | |     state: SharedTxnState,
#33 258.0 147 | |     destroyed: Arc<AtomicU64>,
#33 258.0 148 | |     name: String,
#33 258.0 149 | | }
#33 258.0     | |_^
#33 258.0 
#33 258.0 warning: type does not implement `std::fmt::Debug`; consider adding `#[derive(Debug)]` or a manual implementation
#33 258.0    --> crates/platform/runtime/src/wiring_doorbell.rs:145:1
#33 258.0     |
#33 258.0 145 | / pub struct WiringDoorbellListener {
#33 258.0 146 | |     shutdown: tokio::sync::watch::Sender<bool>,
#33 258.0 147 | |     task: tokio::task::JoinHandle<()>,
#33 258.0 148 | | }
#33 258.0     | |_^
#33 258.0 
#33 261.3    Compiling wamn-control-provision v0.1.0 (/build/crates/control/provision)
#33 264.1    Compiling wamn-gate-harness v0.1.0 (/build/test-support/harness)
#33 264.5 warning: type does not implement `std::fmt::Debug`; consider adding `#[derive(Debug)]` or a manual implementation
#33 264.5   --> test-support/harness/src/ceiling.rs:72:1
#33 264.5    |
#33 264.5 72 | / pub struct Ramp {
#33 264.5 73 | |     tolerance: f64,
#33 264.5 74 | |     max_levels: usize,
#33 264.5 75 | |     levels: Vec<LevelStats>,
#33 264.5 ...  |
#33 264.5 82 | |     retrying: bool,
#33 264.5 83 | | }
#33 264.5    | |_^
#33 264.5    |
#33 264.5    = note: requested on the command line with `-W missing-debug-implementations`
#33 264.5 
#33 264.9    Compiling wamn-proof-system v0.1.0 (/build/tests/system)
#33 265.2    Compiling wamn-test-infrastructure v0.1.0 (/build/test-support/infrastructure)
#33 266.5 warning: `wamn-gate-harness` (lib) generated 1 warning
#33 266.5    Compiling wamn-execution-host v0.1.0 (/build/crates/execution/host)
#33 267.1    Compiling wamn-ctl v0.1.0 (/build/services/ctl)
#33 276.8 warning: function `run_once_stages` is never used
#33 276.8    --> services/ctl/src/dev.rs:603:10
#33 276.8     |
#33 276.8 603 | async fn run_once_stages<R>(
#33 276.8     |          ^^^^^^^^^^^^^^^
#33 276.8     |
#33 276.8     = note: `#[warn(dead_code)]` (part of `#[warn(unused)]`) on by default
#33 276.8 
#33 276.8 warning: function `verify_source_package_with_client` is never used
#33 276.8     --> services/ctl/src/push_component.rs:1301:10
#33 276.8      |
#33 276.8 1301 | async fn verify_source_package_with_client(
#33 276.8      |          ^^^^^^^^^^^^^^^^^^^^^^^^^^^^^^^^^
#33 276.8 
#33 279.1    Compiling wamn-scenario-worker v0.1.0 (/build/services/scenario-worker)
#33 280.4 warning: type does not implement `std::fmt::Debug`; consider adding `#[derive(Debug)]` or a manual implementation
#33 280.4    --> services/scenario-worker/src/authoring.rs:218:1
#33 280.4     |
#33 280.4 218 | / pub struct InternalAuthoringBackend {
#33 280.4 219 | |     authority: InternalDevAdmin,
#33 280.4 220 | |     client: Client,
#33 280.4 221 | |     connection_task: tokio::task::JoinHandle<()>,
#33 280.4 222 | |     tenant_id: Box<str>,
#33 280.4 223 | |     source_schema: BareSchemaName,
#33 280.4 224 | | }
#33 280.4     | |_^
#33 280.4     |
#33 280.4     = note: requested on the command line with `-W missing-debug-implementations`
#33 280.4 
#33 280.4 warning: type does not implement `std::fmt::Debug`; consider adding `#[derive(Debug)]` or a manual implementation
#33 280.4    --> services/scenario-worker/src/store/admission.rs:316:1
#33 280.4     |
#33 280.4 316 | / pub struct AdmissionSurface {
#33 280.4 317 | |     /// The explicit credential and exact server-side predicates are retained so
#33 280.4 318 | |     /// every replacement physical connection is checked identically.
#33 280.4 319 | |     probe: CredentialExactnessProbe,
#33 280.4 ...   |
#33 280.4 322 | |     tenant_id: Box<str>,
#33 280.4 323 | | }
#33 280.4     | |_^
#33 280.4 
#33 294.5 warning: `wamn-scenario-worker` (lib) generated 2 warnings
#33 294.5    Compiling wamn-proof-integration v0.1.0 (/build/tests/integration)
#33 298.8 warning: function `models` is never used
#33 298.8   --> tests/integration/src/measurement_schema.rs:25:8
#33 298.8    |
#33 298.8 25 | pub fn models(schema: &str) -> Vec<ManagedModel> {
#33 298.8    |        ^^^^^^
#33 298.8    |
#33 298.8    = note: `#[warn(dead_code)]` (part of `#[warn(unused)]`) on by default
#33 298.8 
#33 298.8 warning: field `release` is never read
#33 298.8    --> tests/integration/src/trusted_http_route.rs:110:16
#33 298.8     |
#33 298.8 105 | pub struct TrustedHttpRoute {
#33 298.8     |            ---------------- field in this struct
#33 298.8 ...
#33 298.8 110 |     pub(crate) release: Arc<ReleaseManifestWeld>,
#33 298.8     |                ^^^^^^^
#33 298.8 
#33 298.8 warning: type does not implement `std::fmt::Debug`; consider adding `#[derive(Debug)]` or a manual implementation
#33 298.8    --> tests/integration/src/trusted_http_route.rs:105:1
#33 298.8     |
#33 298.8 105 | / pub struct TrustedHttpRoute {
#33 298.8 106 | |     pub driver: Arc<RouterDriver>,
#33 298.8 107 | |     /// The same welded release the driver authorizes. Callers that exercise a
#33 298.8 108 | |     /// release-owned ingress plugin must share this exact weld rather than mint
#33 298.8 ...   |
#33 298.8 116 | |     pub wiring_hash: String,
#33 298.8 117 | | }
#33 298.8     | |_^
#33 298.8     |
#33 298.8     = note: requested on the command line with `-W missing-debug-implementations`
#33 298.8 
#33 319.2 warning: `wamn-runtime` (lib) generated 16 warnings
#33 321.8    Compiling wamn-proof-conformance v0.1.0 (/build/tests/conformance)
#33 322.3 warning: type does not implement `Debug`; consider adding `#[derive(Debug)]` or a manual implementation
#33 322.3   --> tests/conformance/src/socketguard.rs:26:1
#33 322.3    |
#33 322.3 26 | pub struct SocketGuardArgs {}
#33 322.3    | ^^^^^^^^^^^^^^^^^^^^^^^^^^^^^
#33 322.3    |
#33 322.3    = note: requested on the command line with `-W missing-debug-implementations`
#33 322.3 
#33 324.9 warning: `wamn-proof-conformance` (lib) generated 1 warning
#33 328.2 warning: `wamn-ctl` (lib) generated 2 warnings
#33 328.4 warning: `wamn-proof-integration` (lib) generated 3 warnings
#33 328.4    Compiling wamn-gates v0.1.0 (/build/tests/orchestrator)
#33 476.6     Finished `release` profile [optimized] target(s) in 3m 55s
#33 DONE 476.9s

#30 [build-ctl 2/2] RUN --mount=type=cache,id=wamn-root-cargo-registry,target=/usr/local/cargo/registry,sharing=locked     --mount=type=cache,id=wamn-root-cargo-git,target=/usr/local/cargo/git,sharing=locked     --mount=type=cache,id=wamn-root-target,target=/build/target,sharing=locked     cargo build --locked --release -p wamn-ctl  && cargo build --locked --release -p wamn-ctl --features ops --bin wamn-ctl-ops  && install -D -m 0755 target/release/wamn-ctl /native-output/wamn-ctl  && install -D -m 0755 target/release/wamn-ctl-ops /native-output/wamn-ctl-ops
#30 542.2 warning: function `canonical_serialized` is never used
#30 542.2    --> crates/catalog/model/src/lib.rs:792:4
#30 542.2     |
#30 542.2 792 | fn canonical_serialized(value: &impl Serialize) -> Vec<u8> {
#30 542.2     |    ^^^^^^^^^^^^^^^^^^^^
#30 542.2     |
#30 542.2     = note: `#[warn(dead_code)]` (part of `#[warn(unused)]`) on by default
#30 542.2 
#30 542.2 warning: `wamn-catalog` (lib) generated 1 warning
#30 542.2    Compiling wamn-schema-introspection v0.1.0 (/build/crates/schema/introspection)
#30 542.2    Compiling wamn-router v0.1.0 (/build/crates/execution/router)
#30 542.2    Compiling wamn-platform-identity v0.1.0 (/build/crates/identity/platform)
#30 542.2    Compiling wamn-client-terminal v0.1.0 (/build/crates/client/terminal)
#30 543.7    Compiling wamn-schema-generator v0.1.0 (/build/crates/schema/generator)
#30 544.3    Compiling wamn-runtime v0.1.0 (/build/crates/platform/runtime)
#30 545.5 warning: the item `Future` is imported redundantly
#30 545.5  --> crates/platform/runtime/src/connection_authority.rs:3:5
#30 545.5   |
#30 545.5 3 | use std::future::Future;
#30 545.5   |     ^^^^^^^^^^^^^^^^^^^
#30 545.5   |
#30 545.5  --> /rustc/88d9e12ae178fab0fb5cc050a94da85685d449ea/library/std/src/prelude/mod.rs:166:12
#30 545.5   |
#30 545.5   = note: the item `Future` is already defined here
#30 545.5   |
#30 545.5   = note: requested on the command line with `-W redundant-imports`
#30 545.5 
#30 545.5 warning: the item `Future` is imported redundantly
#30 545.5  --> crates/platform/runtime/src/plugins/wamn_postgres/pool.rs:7:5
#30 545.5   |
#30 545.5 7 | use std::future::Future;
#30 545.5   |     ^^^^^^^^^^^^^^^^^^^
#30 545.5   |
#30 545.5  --> /rustc/88d9e12ae178fab0fb5cc050a94da85685d449ea/library/std/src/prelude/mod.rs:166:12
#30 545.5   |
#30 545.5   = note: the item `Future` is already defined here
#30 545.5 
#30 550.1    Compiling wamn-control-provision v0.1.0 (/build/crates/control/provision)
#30 550.1    Compiling wamn-schema-control v0.1.0 (/build/crates/schema/control)
#30 555.9 warning: constant `HTTP_CONTRACT` is never used
#30 555.9   --> crates/platform/runtime/src/plugins/connection_http.rs:52:7
#30 555.9    |
#30 555.9 52 | const HTTP_CONTRACT: &str = "wamn:connection/http@0.1.0";
#30 555.9    |       ^^^^^^^^^^^^^
#30 555.9    |
#30 555.9    = note: `#[warn(dead_code)]` (part of `#[warn(unused)]`) on by default
#30 555.9 
#30 555.9 warning: type does not implement `std::fmt::Debug`; consider adding `#[derive(Debug)]` or a manual implementation
#30 555.9    --> crates/platform/runtime/src/plugins/connection_http.rs:114:1
#30 555.9     |
#30 555.9 114 | / pub struct ConnectionHttp {
#30 555.9 115 | |     postgres: Arc<WamnPostgres>,
#30 555.9 116 | |     vault: Arc<WamnCredentials>,
#30 555.9 117 | |     tenant: Box<str>,
#30 555.9 ...   |
#30 555.9 133 | |     invocations: std::sync::RwLock<HashMap<String, ConnectionInvocation>>,
#30 555.9 134 | | }
#30 555.9     | |_^
#30 555.9     |
#30 555.9     = note: requested on the command line with `-W missing-debug-implementations`
#30 555.9 
#30 555.9 warning: type does not implement `std::fmt::Debug`; consider adding `#[derive(Debug)]` or a manual implementation
#30 555.9   --> crates/platform/runtime/src/plugins/wamn_credentials.rs:27:1
#30 555.9    |
#30 555.9 27 | / pub struct WamnCredentials {
#30 555.9 28 | |     /// Whether ANY backing source was configured. Distinguishes `unavailable`
#30 555.9 29 | |     /// (no source — retryable) from `not-found` (source present, name absent —
#30 555.9 30 | |     /// config-shaped).
#30 555.9 ...  |
#30 555.9 33 | |     projects: HashMap<String, HashMap<String, String>>,
#30 555.9 34 | | }
#30 555.9    | |_^
#30 555.9 
#30 556.0 warning: type does not implement `std::fmt::Debug`; consider adding `#[derive(Debug)]` or a manual implementation
#30 556.0    --> crates/platform/runtime/src/plugins/wamn_jetstream.rs:544:1
#30 556.0     |
#30 556.0 544 | / pub struct WamnJetstream {
#30 556.0 545 | |     nats_url: Option<String>,
#30 556.0 546 | |     /// Lazily-connected, memoized JetStream context. A `Mutex<Option<_>>` (not a
#30 556.0 547 | |     /// `OnceCell`) so a transient connect failure is retried on the next call
#30 556.0 ...   |
#30 556.0 569 | |     dlq_depth: Arc<DeadLetterDepth>,
#30 556.0 570 | | }
#30 556.0     | |_^
#30 556.0 
#30 556.0 warning: type does not implement `std::fmt::Debug`; consider adding `#[derive(Debug)]` or a manual implementation
#30 556.0     --> crates/platform/runtime/src/plugins/wamn_jetstream.rs:1209:1
#30 556.0      |
#30 556.0 1209 | / pub struct JsConsumer {
#30 556.0 1210 | |     consumer: Consumer<PullConfig>,
#30 556.0 1211 | |     dead_letter: Option<DeadLetterIdentity>,
#30 556.0 1212 | | }
#30 556.0      | |_^
#30 556.0 
#30 556.0 warning: type does not implement `std::fmt::Debug`; consider adding `#[derive(Debug)]` or a manual implementation
#30 556.0     --> crates/platform/runtime/src/plugins/wamn_jetstream.rs:1216:1
#30 556.0      |
#30 556.0 1216 | / pub struct JsMessage {
#30 556.0 1217 | |     msg: async_nats::jetstream::Message,
#30 556.0 1218 | |     dead_letter: Option<DeadLetterIdentity>,
#30 556.0 1219 | | }
#30 556.0      | |_^
#30 556.0 
#30 556.0 warning: type does not implement `std::fmt::Debug`; consider adding `#[derive(Debug)]` or a manual implementation
#30 556.0    --> crates/platform/runtime/src/plugins/wamn_logging.rs:213:1
#30 556.0     |
#30 556.0 213 | / pub struct Capture {
#30 556.0 214 | |     records: std::sync::Mutex<Vec<CapturedRec>>,
#30 556.0 215 | | }
#30 556.0     | |_^
#30 556.0 
#30 556.0 warning: type does not implement `std::fmt::Debug`; consider adding `#[derive(Debug)]` or a manual implementation
#30 556.0    --> crates/platform/runtime/src/plugins/wamn_logging.rs:235:1
#30 556.0     |
#30 556.0 235 | / pub struct WamnLogging {
#30 556.0 236 | |     /// component id → host-trusted {tenant, project}.
#30 556.0 237 | |     claims: std::sync::RwLock<HashMap<String, Claim>>,
#30 556.0 238 | |     /// Bounded front queue; `try_send` keeps `log()` non-blocking.
#30 556.0 ...   |
#30 556.0 243 | |     _drain: tokio::task::JoinHandle<()>,
#30 556.0 244 | | }
#30 556.0     | |_^
#30 556.0 
#30 556.0 warning: type does not implement `std::fmt::Debug`; consider adding `#[derive(Debug)]` or a manual implementation
#30 556.0    --> crates/platform/runtime/src/plugins/wamn_postgres/claims.rs:55:1
#30 556.0     |
#30 556.0  55 | / pub struct WamnPostgres {
#30 556.0  56 | |     /// Resolves a project id → its database connection + policy.
#30 556.0  57 | |     provider: Arc<dyn CredentialProvider>,
#30 556.0  58 | |     /// Guest-visible project pools, built lazily and never shared with host-owned
#30 556.0 ...   |
#30 556.0 121 | |     pub(super) bind_counters: super::BindCounters,
#30 556.0 122 | | }
#30 556.0     | |_^
#30 556.0 
#30 556.0 warning: type does not implement `std::fmt::Debug`; consider adding `#[derive(Debug)]` or a manual implementation
#30 556.0    --> crates/platform/runtime/src/plugins/wamn_postgres/pool.rs:339:1
#30 556.0     |
#30 556.0 339 | / pub struct StaticCredentialProvider {
#30 556.0 340 | |     projects: HashMap<String, ProjectConfig>,
#30 556.0 341 | | }
#30 556.0     | |_^
#30 556.0 
#30 556.0 warning: type does not implement `std::fmt::Debug`; consider adding `#[derive(Debug)]` or a manual implementation
#30 556.0    --> crates/platform/runtime/src/plugins/wamn_postgres/pool.rs:514:1
#30 556.0     |
#30 556.0 514 | / pub struct K8sSecretProvider {
#30 556.0 515 | |     pub namespace: String,
#30 556.0 516 | | }
#30 556.0     | |_^
#30 556.0 
#30 556.0 warning: type does not implement `std::fmt::Debug`; consider adding `#[derive(Debug)]` or a manual implementation
#30 556.0    --> crates/platform/runtime/src/plugins/wamn_postgres/resources.rs:99:1
#30 556.0     |
#30 556.0  99 | / pub struct PgTransaction {
#30 556.0 100 | |     state: SharedTxnState,
#30 556.0 101 | |     destroyed: Arc<AtomicU64>,
#30 556.0 102 | |     cursor_seq: u32,
#30 556.0 103 | |     /// Row limit of the project this transaction's connection belongs to.
#30 556.0 104 | |     row_limit: u64,
#30 556.0 105 | | }
#30 556.0     | |_^
#30 556.0 
#30 556.0 warning: type does not implement `std::fmt::Debug`; consider adding `#[derive(Debug)]` or a manual implementation
#30 556.0    --> crates/platform/runtime/src/plugins/wamn_postgres/resources.rs:145:1
#30 556.0     |
#30 556.0 145 | / pub struct PgCursor {
#30 556.0 146 | |     state: SharedTxnState,
#30 556.0 147 | |     destroyed: Arc<AtomicU64>,
#30 556.0 148 | |     name: String,
#30 556.0 149 | | }
#30 556.0     | |_^
#30 556.0 
#30 556.0 warning: type does not implement `std::fmt::Debug`; consider adding `#[derive(Debug)]` or a manual implementation
#30 556.0    --> crates/platform/runtime/src/wiring_doorbell.rs:145:1
#30 556.0     |
#30 556.0 145 | / pub struct WiringDoorbellListener {
#30 556.0 146 | |     shutdown: tokio::sync::watch::Sender<bool>,
#30 556.0 147 | |     task: tokio::task::JoinHandle<()>,
#30 556.0 148 | | }
#30 556.0     | |_^
#30 556.0 
#30 563.7    Compiling wamn-ctl v0.1.0 (/build/services/ctl)
#30 573.4 warning: function `run_once_stages` is never used
#30 573.4    --> services/ctl/src/dev.rs:603:10
#30 573.4     |
#30 573.4 603 | async fn run_once_stages<R>(
#30 573.4     |          ^^^^^^^^^^^^^^^
#30 573.4     |
#30 573.4     = note: `#[warn(dead_code)]` (part of `#[warn(unused)]`) on by default
#30 573.4 
#30 573.4 warning: function `verify_source_package_with_client` is never used
#30 573.4     --> services/ctl/src/push_component.rs:1301:10
#30 573.4      |
#30 573.4 1301 | async fn verify_source_package_with_client(
#30 573.4      |          ^^^^^^^^^^^^^^^^^^^^^^^^^^^^^^^^^
#30 573.4 
#30 581.8 warning: `wamn-runtime` (lib) generated 16 warnings
#30 592.9 warning: `wamn-ctl` (lib) generated 2 warnings
#30 934.0     Finished `release` profile [optimized] target(s) in 6m 32s
#30 934.9 warning: function `canonical_serialized` is never used
#30 934.9    --> crates/catalog/model/src/lib.rs:792:4
#30 934.9     |
#30 934.9 792 | fn canonical_serialized(value: &impl Serialize) -> Vec<u8> {
#30 934.9     |    ^^^^^^^^^^^^^^^^^^^^
#30 934.9     |
#30 934.9     = note: `#[warn(dead_code)]` (part of `#[warn(unused)]`) on by default
#30 934.9 
#30 934.9 warning: `wamn-catalog` (lib) generated 1 warning
#30 934.9 warning: the item `Future` is imported redundantly
#30 934.9  --> crates/platform/runtime/src/connection_authority.rs:3:5
#30 934.9   |
#30 934.9 3 | use std::future::Future;
#30 934.9   |     ^^^^^^^^^^^^^^^^^^^
#30 934.9   |
#30 934.9  --> /rustc/88d9e12ae178fab0fb5cc050a94da85685d449ea/library/std/src/prelude/mod.rs:166:12
#30 934.9   |
#30 934.9   = note: the item `Future` is already defined here
#30 934.9   |
#30 934.9   = note: requested on the command line with `-W redundant-imports`
#30 934.9 
#30 934.9 warning: the item `Future` is imported redundantly
#30 934.9  --> crates/platform/runtime/src/plugins/wamn_postgres/pool.rs:7:5
#30 934.9   |
#30 934.9 7 | use std::future::Future;
#30 934.9   |     ^^^^^^^^^^^^^^^^^^^
#30 934.9   |
#30 934.9  --> /rustc/88d9e12ae178fab0fb5cc050a94da85685d449ea/library/std/src/prelude/mod.rs:166:12
#30 934.9   |
#30 934.9   = note: the item `Future` is already defined here
#30 934.9 
#30 934.9 warning: constant `HTTP_CONTRACT` is never used
#30 934.9   --> crates/platform/runtime/src/plugins/connection_http.rs:52:7
#30 934.9    |
#30 934.9 52 | const HTTP_CONTRACT: &str = "wamn:connection/http@0.1.0";
#30 934.9    |       ^^^^^^^^^^^^^
#30 934.9    |
#30 934.9    = note: `#[warn(dead_code)]` (part of `#[warn(unused)]`) on by default
#30 934.9 
#30 934.9 warning: type does not implement `std::fmt::Debug`; consider adding `#[derive(Debug)]` or a manual implementation
#30 934.9    --> crates/platform/runtime/src/plugins/connection_http.rs:114:1
#30 934.9     |
#30 934.9 114 | / pub struct ConnectionHttp {
#30 934.9 115 | |     postgres: Arc<WamnPostgres>,
#30 934.9 116 | |     vault: Arc<WamnCredentials>,
#30 934.9 117 | |     tenant: Box<str>,
#30 934.9 ...   |
#30 934.9 133 | |     invocations: std::sync::RwLock<HashMap<String, ConnectionInvocation>>,
#30 934.9 134 | | }
#30 934.9     | |_^
#30 934.9     |
#30 934.9     = note: requested on the command line with `-W missing-debug-implementations`
#30 934.9 
#30 934.9 warning: type does not implement `std::fmt::Debug`; consider adding `#[derive(Debug)]` or a manual implementation
#30 934.9   --> crates/platform/runtime/src/plugins/wamn_credentials.rs:27:1
#30 934.9    |
#30 934.9 27 | / pub struct WamnCredentials {
#30 934.9 28 | |     /// Whether ANY backing source was configured. Distinguishes `unavailable`
#30 934.9 29 | |     /// (no source — retryable) from `not-found` (source present, name absent —
#30 934.9 30 | |     /// config-shaped).
#30 934.9 ...  |
#30 934.9 33 | |     projects: HashMap<String, HashMap<String, String>>,
#30 934.9 34 | | }
#30 934.9    | |_^
#30 934.9 
#30 934.9 warning: type does not implement `std::fmt::Debug`; consider adding `#[derive(Debug)]` or a manual implementation
#30 934.9    --> crates/platform/runtime/src/plugins/wamn_jetstream.rs:544:1
#30 934.9     |
#30 934.9 544 | / pub struct WamnJetstream {
#30 934.9 545 | |     nats_url: Option<String>,
#30 934.9 546 | |     /// Lazily-connected, memoized JetStream context. A `Mutex<Option<_>>` (not a
#30 934.9 547 | |     /// `OnceCell`) so a transient connect failure is retried on the next call
#30 934.9 ...   |
#30 934.9 569 | |     dlq_depth: Arc<DeadLetterDepth>,
#30 934.9 570 | | }
#30 934.9     | |_^
#30 934.9 
#30 934.9 warning: type does not implement `std::fmt::Debug`; consider adding `#[derive(Debug)]` or a manual implementation
#30 934.9     --> crates/platform/runtime/src/plugins/wamn_jetstream.rs:1209:1
#30 934.9      |
#30 934.9 1209 | / pub struct JsConsumer {
#30 934.9 1210 | |     consumer: Consumer<PullConfig>,
#30 934.9 1211 | |     dead_letter: Option<DeadLetterIdentity>,
#30 934.9 1212 | | }
#30 934.9      | |_^
#30 934.9 
#30 934.9 warning: type does not implement `std::fmt::Debug`; consider adding `#[derive(Debug)]` or a manual implementation
#30 934.9     --> crates/platform/runtime/src/plugins/wamn_jetstream.rs:1216:1
#30 934.9      |
#30 934.9 1216 | / pub struct JsMessage {
#30 934.9 1217 | |     msg: async_nats::jetstream::Message,
#30 934.9 1218 | |     dead_letter: Option<DeadLetterIdentity>,
#30 934.9 1219 | | }
#30 934.9      | |_^
#30 934.9 
#30 934.9 warning: type does not implement `std::fmt::Debug`; consider adding `#[derive(Debug)]` or a manual implementation
#30 934.9    --> crates/platform/runtime/src/plugins/wamn_logging.rs:213:1
#30 934.9     |
#30 934.9 213 | / pub struct Capture {
#30 934.9 214 | |     records: std::sync::Mutex<Vec<CapturedRec>>,
#30 934.9 215 | | }
#30 934.9     | |_^
#30 934.9 
#30 934.9 warning: type does not implement `std::fmt::Debug`; consider adding `#[derive(Debug)]` or a manual implementation
#30 934.9    --> crates/platform/runtime/src/plugins/wamn_logging.rs:235:1
#30 934.9     |
#30 934.9 235 | / pub struct WamnLogging {
#30 934.9 236 | |     /// component id → host-trusted {tenant, project}.
#30 934.9 237 | |     claims: std::sync::RwLock<HashMap<String, Claim>>,
#30 934.9 238 | |     /// Bounded front queue; `try_send` keeps `log()` non-blocking.
#30 934.9 ...   |
#30 934.9 243 | |     _drain: tokio::task::JoinHandle<()>,
#30 934.9 244 | | }
#30 934.9     | |_^
#30 934.9 
#30 934.9 warning: type does not implement `std::fmt::Debug`; consider adding `#[derive(Debug)]` or a manual implementation
#30 934.9    --> crates/platform/runtime/src/plugins/wamn_postgres/claims.rs:55:1
#30 934.9     |
#30 934.9  55 | / pub struct WamnPostgres {
#30 934.9  56 | |     /// Resolves a project id → its database connection + policy.
#30 934.9  57 | |     provider: Arc<dyn CredentialProvider>,
#30 934.9  58 | |     /// Guest-visible project pools, built lazily and never shared with host-owned
#30 934.9 ...   |
#30 934.9 121 | |     pub(super) bind_counters: super::BindCounters,
#30 934.9 122 | | }
#30 934.9     | |_^
#30 934.9 
#30 934.9 warning: type does not implement `std::fmt::Debug`; consider adding `#[derive(Debug)]` or a manual implementation
#30 934.9    --> crates/platform/runtime/src/plugins/wamn_postgres/pool.rs:339:1
#30 934.9     |
#30 934.9 339 | / pub struct StaticCredentialProvider {
#30 934.9 340 | |     projects: HashMap<String, ProjectConfig>,
#30 934.9 341 | | }
#30 934.9     | |_^
#30 934.9 
#30 934.9 warning: type does not implement `std::fmt::Debug`; consider adding `#[derive(Debug)]` or a manual implementation
#30 934.9    --> crates/platform/runtime/src/plugins/wamn_postgres/pool.rs:514:1
#30 934.9     |
#30 934.9 514 | / pub struct K8sSecretProvider {
#30 934.9 515 | |     pub namespace: String,
#30 934.9 516 | | }
#30 934.9     | |_^
#30 934.9 
#30 934.9 warning: type does not implement `std::fmt::Debug`; consider adding `#[derive(Debug)]` or a manual implementation
#30 934.9    --> crates/platform/runtime/src/plugins/wamn_postgres/resources.rs:99:1
#30 934.9     |
#30 934.9  99 | / pub struct PgTransaction {
#30 934.9 100 | |     state: SharedTxnState,
#30 934.9 101 | |     destroyed: Arc<AtomicU64>,
#30 934.9 102 | |     cursor_seq: u32,
#30 934.9 103 | |     /// Row limit of the project this transaction's connection belongs to.
#30 934.9 104 | |     row_limit: u64,
#30 934.9 105 | | }
#30 934.9     | |_^
#30 934.9 
#30 934.9 warning: type does not implement `std::fmt::Debug`; consider adding `#[derive(Debug)]` or a manual implementation
#30 934.9    --> crates/platform/runtime/src/plugins/wamn_postgres/resources.rs:145:1
#30 934.9     |
#30 934.9 145 | / pub struct PgCursor {
#30 934.9 146 | |     state: SharedTxnState,
#30 934.9 147 | |     destroyed: Arc<AtomicU64>,
#30 934.9 148 | |     name: String,
#30 934.9 149 | | }
#30 934.9     | |_^
#30 934.9 
#30 934.9 warning: type does not implement `std::fmt::Debug`; consider adding `#[derive(Debug)]` or a manual implementation
#30 934.9    --> crates/platform/runtime/src/wiring_doorbell.rs:145:1
#30 934.9     |
#30 934.9 145 | / pub struct WiringDoorbellListener {
#30 934.9 146 | |     shutdown: tokio::sync::watch::Sender<bool>,
#30 934.9 147 | |     task: tokio::task::JoinHandle<()>,
#30 934.9 148 | | }
#30 934.9     | |_^
#30 934.9 
#30 934.9    Compiling wamn-control-provision v0.1.0 (/build/crates/control/provision)
#30 934.9 warning: `wamn-runtime` (lib) generated 16 warnings
#30 935.5    Compiling wamn-ctl v0.1.0 (/build/services/ctl)
#30 941.1 warning: function `run_once_stages` is never used
#30 941.1    --> services/ctl/src/dev.rs:603:10
#30 941.1     |
#30 941.1 603 | async fn run_once_stages<R>(
#30 941.1     |          ^^^^^^^^^^^^^^^
#30 941.1     |
#30 941.1     = note: `#[warn(dead_code)]` (part of `#[warn(unused)]`) on by default
#30 941.1 
#30 941.1 warning: function `verify_source_package_with_client` is never used
#30 941.1     --> services/ctl/src/push_component.rs:1301:10
#30 941.1      |
#30 941.1 1301 | async fn verify_source_package_with_client(
#30 941.1      |          ^^^^^^^^^^^^^^^^^^^^^^^^^^^^^^^^^
#30 941.1 
#30 958.0 warning: `wamn-ctl` (lib) generated 2 warnings
#30 1005.0     Finished `release` profile [optimized] target(s) in 1m 10s
#30 DONE 1005.2s

#32 [build-cdc-reader 2/2] RUN --mount=type=cache,id=wamn-root-cargo-registry,target=/usr/local/cargo/registry,sharing=locked     --mount=type=cache,id=wamn-root-cargo-git,target=/usr/local/cargo/git,sharing=locked     --mount=type=cache,id=wamn-root-target,target=/build/target,sharing=locked     cargo build --locked --release -p wamn-cdc-reader  && install -D -m 0755 target/release/wamn-cdc-reader /native-output/wamn-cdc-reader
#32 ...

#34 [build-dispatcher 2/2] RUN --mount=type=cache,id=wamn-root-cargo-registry,target=/usr/local/cargo/registry,sharing=locked     --mount=type=cache,id=wamn-root-cargo-git,target=/usr/local/cargo/git,sharing=locked     --mount=type=cache,id=wamn-root-target,target=/build/target,sharing=locked     cargo build --locked --release -p wamn-dispatcher  && install -D -m 0755 target/release/wamn-dispatcher /native-output/wamn-dispatcher
#34 1009.9    Compiling wamn-pg-core v0.1.0 (/build/crates/platform/pg-core)
#34 1009.9    Compiling wamn-control-registry v0.1.0 (/build/crates/control/registry)
#34 1009.9    Compiling wamn-scheduler v0.1.0 (/build/crates/execution/scheduler)
#34 1010.0    Compiling wamn-run-state v0.1.0 (/build/crates/execution/run-state)
#34 1010.4    Compiling wamn-dispatcher v0.1.0 (/build/services/dispatcher)
#34 1011.0 warning: type does not implement `std::fmt::Debug`; consider adding `#[derive(Debug)]` or a manual implementation
#34 1011.0    --> services/dispatcher/src/lib.rs:293:1
#34 1011.0     |
#34 1011.0 293 | / pub struct ProjectState {
#34 1011.0 294 | |     pub spec: ProjectSpec,
#34 1011.0 295 | |     client: Client,
#34 1011.0 296 | |     _conn: tokio::task::JoinHandle<()>,
#34 1011.0 ...   |
#34 1011.0 299 | |     pub last_sweep_ms: i64,
#34 1011.0 300 | | }
#34 1011.0     | |_^
#34 1011.0     |
#34 1011.0     = note: requested on the command line with `-W missing-debug-implementations`
#34 1011.0 
#34 1011.0 warning: type does not implement `std::fmt::Debug`; consider adding `#[derive(Debug)]` or a manual implementation
#34 1011.0    --> services/dispatcher/src/lib.rs:318:1
#34 1011.0     |
#34 1011.0 318 | / pub struct DispatcherConfig {
#34 1011.0 319 | |     /// The validated adaptive poll cadence: an inverted `min > max` band is
#34 1011.0 320 | |     /// rejected at [`Cadence::new`], so the dispatcher's interval math can never
#34 1011.0 321 | |     /// see one (R13-hardening — inverted ranges are unrepresentable here).
#34 1011.0 322 | |     pub cadence: Cadence,
#34 1011.0 323 | |     pub batch: usize,
#34 1011.0 324 | | }
#34 1011.0     | |_^
#34 1011.0 
#34 1011.0 warning: type does not implement `std::fmt::Debug`; consider adding `#[derive(Debug)]` or a manual implementation
#34 1011.0    --> services/dispatcher/src/lib.rs:352:1
#34 1011.0     |
#34 1011.0 352 | / pub struct Dispatcher {
#34 1011.0 353 | |     pub projects: Vec<ProjectState>,
#34 1011.0 354 | |     nats: Option<async_nats::Client>,
#34 1011.0 355 | |     cfg: DispatcherConfig,
#34 1011.0 ...   |
#34 1011.0 358 | |     depth: DepthRegistry,
#34 1011.0 359 | | }
#34 1011.0     | |_^
#34 1011.0 
#34 1013.7 warning: `wamn-dispatcher` (lib) generated 3 warnings
#34 1053.3     Finished `release` profile [optimized] target(s) in 43.71s
#34 DONE 1053.4s

#32 [build-cdc-reader 2/2] RUN --mount=type=cache,id=wamn-root-cargo-registry,target=/usr/local/cargo/registry,sharing=locked     --mount=type=cache,id=wamn-root-cargo-git,target=/usr/local/cargo/git,sharing=locked     --mount=type=cache,id=wamn-root-target,target=/build/target,sharing=locked     cargo build --locked --release -p wamn-cdc-reader  && install -D -m 0755 target/release/wamn-cdc-reader /native-output/wamn-cdc-reader
#32 1502.2    Compiling wamn-catalog v0.1.0 (/build/crates/catalog/model)
#32 1502.2    Compiling wamn-schema-introspection v0.1.0 (/build/crates/schema/introspection)
#32 1502.3    Compiling wamn-run-state v0.1.0 (/build/crates/execution/run-state)
#32 1502.3    Compiling wamn-control-registry v0.1.0 (/build/crates/control/registry)
#32 1503.7 warning: function `canonical_serialized` is never used
#32 1503.7    --> crates/catalog/model/src/lib.rs:792:4
#32 1503.7     |
#32 1503.7 792 | fn canonical_serialized(value: &impl Serialize) -> Vec<u8> {
#32 1503.7     |    ^^^^^^^^^^^^^^^^^^^^
#32 1503.7     |
#32 1503.7     = note: `#[warn(dead_code)]` (part of `#[warn(unused)]`) on by default
#32 1503.7 
#32 1504.8    Compiling wamn-schema-generator v0.1.0 (/build/crates/schema/generator)
#32 1508.0 warning: `wamn-catalog` (lib) generated 1 warning
#32 1509.9    Compiling wamn-control-provision v0.1.0 (/build/crates/control/provision)
#32 1512.6    Compiling wamn-cdc-reader v0.1.0 (/build/services/cdc-reader)
#32 1558.8     Finished `release` profile [optimized] target(s) in 56.92s
#32 DONE 1558.9s

#35 [component-toolchain 6/6] WORKDIR /build/components
#35 CACHED

#36 [gates  1/10] COPY --from=build-gates /native-output/wamn-gates /usr/local/bin/wamn-gates
#36 CACHED

#37 [gates  9/10] COPY --from=component-builder /component-output/materializer.wasm /bench/materializer.wasm
#37 CACHED

#38 [cook-host 1/1] RUN --mount=type=cache,id=wamn-root-cargo-registry,target=/usr/local/cargo/registry,sharing=locked     --mount=type=cache,id=wamn-root-cargo-git,target=/usr/local/cargo/git,sharing=locked     --mount=type=cache,id=wamn-root-target,target=/build/target,sharing=locked     cargo chef cook --locked --release --recipe-path root-recipe.json -p wamn-host
#38 CACHED

#39 [build-host 2/2] RUN --mount=type=cache,id=wamn-root-cargo-registry,target=/usr/local/cargo/registry,sharing=locked     --mount=type=cache,id=wamn-root-cargo-git,target=/usr/local/cargo/git,sharing=locked     --mount=type=cache,id=wamn-root-target,target=/build/target,sharing=locked     cargo build --locked --release -p wamn-host  && install -D -m 0755 target/release/wamn-host /native-output/wamn-host
#39 CACHED

#40 [component-toolchain 1/6] RUN rustup target add --toolchain 1.97.0 wasm32-wasip2
#40 CACHED

#41 [build-host 1/2] COPY --from=root-source /build /build
#41 CACHED

#42 [gates  4/10] COPY --from=build-cdc-reader /native-output/wamn-cdc-reader /usr/local/bin/wamn-cdc-reader
#42 CACHED

#43 [gates  6/10] COPY --from=component-builder /component-output/busyloop.wasm /bench/busyloop.wasm
#43 CACHED

#44 [gates  5/10] COPY --from=build-dispatcher /native-output/wamn-dispatcher /usr/local/bin/wamn-dispatcher
#44 CACHED

#45 [component-toolchain 4/6] COPY crates /build/crates
#45 CACHED

#46 [gates  3/10] COPY --from=build-ctl /native-output/wamn-ctl-ops /usr/local/bin/wamn-ctl-ops
#46 CACHED

#47 [component-toolchain 3/6] COPY Cargo.toml /build/Cargo.toml
#47 CACHED

#48 [component-toolchain 5/6] COPY components /build/components
#48 CACHED

#49 [gates  8/10] COPY --from=component-builder /component-output/http_route.wasm /bench/http-route.wasm
#49 CACHED

#50 [host 3/3] COPY --from=build-host /native-output/wamn-host /usr/local/bin/wamn-host
#50 CACHED

#51 [gates  7/10] COPY --from=component-builder /component-output/sockprobe.wasm /bench/sockprobe.wasm
#51 CACHED

#52 [gates  2/10] COPY --from=build-ctl /native-output/wamn-ctl /usr/local/bin/wamn-ctl
#52 CACHED

#53 [component-toolchain 2/6] COPY .cargo/config.toml /build/.cargo/config.toml
#53 CACHED

#54 [host 2/3] RUN apt-get update && apt-get install -y --no-install-recommends ca-certificates && rm -rf /var/lib/apt/lists/*
#54 CACHED

#55 [component-builder 1/1] RUN --mount=type=cache,id=wamn-component-cargo-registry,target=/usr/local/cargo/registry,sharing=locked     --mount=type=cache,id=wamn-component-cargo-git,target=/usr/local/cargo/git,sharing=locked     --mount=type=cache,id=wamn-component-target,target=/build/components/target,sharing=locked     cargo +1.97.0 build --locked --release --target wasm32-wasip2       -p http-route -p materializer       -p busyloop -p connection-http-standard -p sockprobe  && install -d /component-output  && for artifact in       http_route materializer       busyloop connection_http_standard sockprobe; do       install -m 0644 "target/wasm32-wasip2/release/${artifact}.wasm"         "/component-output/${artifact}.wasm";     done
#55 CACHED

#56 [gates 10/10] COPY --from=component-builder /component-output/connection_http_standard.wasm /bench/connection-http-standard.wasm
#56 CACHED

#57 exporting to image
#57 exporting layers done
#57 writing image sha256:de6f9af06c73b7d58de633f227bde70216df239540a091d79ef8270a2fa7e94e 0.0s done
#57 naming to docker.io/library/wamn-gates:receiving-21775e603c39-461787-release 0.0s done
#57 DONE 0.1s
#0 building with "default" instance using docker driver

#1 [internal] load build definition from Dockerfile
#1 transferring dockerfile: 18.98kB done
#1 DONE 0.0s

#2 [host 1/3] FROM docker.io/library/debian:trixie-slim
#2 DONE 0.0s

#3 [chef 1/4] FROM docker.io/library/rust:1.98-trixie
#3 DONE 0.0s

#4 [internal] load metadata for docker.io/library/debian:trixie-slim
#4 DONE 0.0s

#5 [internal] load metadata for docker.io/library/rust:1.98-trixie
#5 DONE 0.0s

#6 [internal] load .dockerignore
#6 transferring context: 245B done
#6 DONE 0.0s

#7 [internal] load build context
#7 transferring context: 93.62kB 0.0s done
#7 DONE 0.1s

#8 [root-planner 2/8] COPY crates ./crates
#8 CACHED

#9 [root-planner 7/8] COPY tests ./tests
#9 CACHED

#10 [root-planner 6/8] COPY test-support ./test-support
#10 CACHED

#11 [chef 3/4] WORKDIR /build
#11 CACHED

#12 [root-planner 1/8] COPY Cargo.toml Cargo.lock ./
#12 CACHED

#13 [root-planner 4/8] COPY packages ./packages
#13 CACHED

#14 [root-planner 5/8] COPY services ./services
#14 CACHED

#15 [root-source 1/2] COPY .cargo/config.toml ./.cargo/config.toml
#15 CACHED

#16 [chef 4/4] RUN --mount=type=cache,id=wamn-chef-cargo-registry,target=/usr/local/cargo/registry,sharing=locked     --mount=type=cache,id=wamn-chef-cargo-git,target=/usr/local/cargo/git,sharing=locked     cargo install cargo-chef --version 0.1.77 --locked
#16 CACHED

#17 [root-planner 3/8] COPY components ./components
#17 CACHED

#18 [root-planner 8/8] RUN cargo chef prepare --recipe-path root-recipe.json
#18 CACHED

#19 [chef 2/4] RUN apt-get update && apt-get install -y --no-install-recommends clang mold protobuf-compiler libprotobuf-dev git && rm -rf /var/lib/apt/lists/*
#19 CACHED

#20 [root-source 2/2] COPY deploy ./deploy
#20 CACHED

#21 [root-recipe 1/3] COPY .cargo/config.toml ./.cargo/config.toml
#21 CACHED

#22 [root-recipe 2/3] COPY --from=root-planner /build/root-recipe.json ./root-recipe.json
#22 CACHED

#23 [root-recipe 3/3] COPY components ./components
#23 CACHED

#24 [cook-identity 1/1] RUN --mount=type=cache,id=wamn-root-cargo-registry,target=/usr/local/cargo/registry,sharing=locked     --mount=type=cache,id=wamn-root-cargo-git,target=/usr/local/cargo/git,sharing=locked     --mount=type=cache,id=wamn-root-target,target=/build/target,sharing=locked     cargo chef cook --locked --release --recipe-path root-recipe.json -p wamn-identity
#24 CACHED

#25 [build-identity 1/2] COPY --from=root-source /build /build
#25 DONE 0.5s

#26 [build-identity 2/2] RUN --mount=type=cache,id=wamn-root-cargo-registry,target=/usr/local/cargo/registry,sharing=locked     --mount=type=cache,id=wamn-root-cargo-git,target=/usr/local/cargo/git,sharing=locked     --mount=type=cache,id=wamn-root-target,target=/build/target,sharing=locked     cargo build --locked --release -p wamn-identity  && install -D -m 0755 target/release/wamn-identity /native-output/wamn-identity
#26 1.367    Compiling wamn-catalog v0.1.0 (/build/crates/catalog/model)
#26 1.367    Compiling wamn-schema-introspection v0.1.0 (/build/crates/schema/introspection)
#26 1.373    Compiling wamn-run-state v0.1.0 (/build/crates/execution/run-state)
#26 1.373    Compiling wamn-control-registry v0.1.0 (/build/crates/control/registry)
#26 3.483 warning: function `canonical_serialized` is never used
#26 3.483    --> crates/catalog/model/src/lib.rs:792:4
#26 3.483     |
#26 3.483 792 | fn canonical_serialized(value: &impl Serialize) -> Vec<u8> {
#26 3.483     |    ^^^^^^^^^^^^^^^^^^^^
#26 3.483     |
#26 3.483     = note: `#[warn(dead_code)]` (part of `#[warn(unused)]`) on by default
#26 3.483 
#26 4.611    Compiling wamn-schema-generator v0.1.0 (/build/crates/schema/generator)
#26 5.119    Compiling wamn-platform-identity v0.1.0 (/build/crates/identity/platform)
#26 9.056 warning: `wamn-catalog` (lib) generated 1 warning
#26 10.76    Compiling wamn-control-provision v0.1.0 (/build/crates/control/provision)
#26 13.96    Compiling wamn-identity v0.1.0 (/build/services/identity)
#26 53.26     Finished `release` profile [optimized] target(s) in 52.59s
#26 DONE 53.9s

#27 [host 2/3] RUN apt-get update && apt-get install -y --no-install-recommends ca-certificates && rm -rf /var/lib/apt/lists/*
#27 CACHED

#28 [identity 3/3] COPY --from=build-identity /native-output/wamn-identity /usr/local/bin/wamn-identity
#28 CACHED

#29 exporting to image
#29 exporting layers done
#29 writing image sha256:ed1ec9249c1c35f72195459a19ef6c7ec49f43c920d3cc801f811255fa87c40f done
#29 naming to docker.io/library/wamn-identity:receiving-21775e603c39-461787-release 0.0s done
#29 DONE 0.1s
Creating cluster "wamn-receiving-journey" ...
 • Ensuring node image (kindest/node:v1.36.1) 🖼  ...
 ✓ Ensuring node image (kindest/node:v1.36.1) 🖼
 • Preparing nodes 📦 📦 📦   ...
 ✓ Preparing nodes 📦 📦 📦 
 • Writing configuration 📜  ...
 ✓ Writing configuration 📜
 • Starting control-plane 🕹️  ...
 ✓ Starting control-plane 🕹️
 • Installing CNI 🔌  ...
 ✓ Installing CNI 🔌
 • Installing StorageClass 💾  ...
 ✓ Installing StorageClass 💾
 • Joining worker nodes 🚜  ...
 ✓ Joining worker nodes 🚜
Set kubectl context to "kind-wamn-receiving-journey"
You can now use your cluster with:

kubectl cluster-info --context kind-wamn-receiving-journey --kubeconfig /tmp/tmp.t1xXUpTDx4/kubeconfig

Have a nice day! 👋
node/wamn-receiving-journey-control-plane condition met
node/wamn-receiving-journey-worker condition met
node/wamn-receiving-journey-worker2 condition met
namespace/wamn-receiving-journey created
Image: "wamn-host:receiving-21775e603c39-461787-release" with ID "sha256:53978f4e84beddb3025a667d67702f3e8ce4ce8cb6ce7bfff88edb3b67ac7e22" not yet present on node "wamn-receiving-journey-control-plane", loading...
Image: "wamn-host:receiving-21775e603c39-461787-release" with ID "sha256:53978f4e84beddb3025a667d67702f3e8ce4ce8cb6ce7bfff88edb3b67ac7e22" not yet present on node "wamn-receiving-journey-worker", loading...
Image: "wamn-host:receiving-21775e603c39-461787-release" with ID "sha256:53978f4e84beddb3025a667d67702f3e8ce4ce8cb6ce7bfff88edb3b67ac7e22" not yet present on node "wamn-receiving-journey-worker2", loading...
Image: "wamn-gates:receiving-21775e603c39-461787-release" with ID "sha256:de6f9af06c73b7d58de633f227bde70216df239540a091d79ef8270a2fa7e94e" not yet present on node "wamn-receiving-journey-control-plane", loading...
Image: "wamn-gates:receiving-21775e603c39-461787-release" with ID "sha256:de6f9af06c73b7d58de633f227bde70216df239540a091d79ef8270a2fa7e94e" not yet present on node "wamn-receiving-journey-worker", loading...
Image: "wamn-gates:receiving-21775e603c39-461787-release" with ID "sha256:de6f9af06c73b7d58de633f227bde70216df239540a091d79ef8270a2fa7e94e" not yet present on node "wamn-receiving-journey-worker2", loading...
Image: "wamn-identity:receiving-21775e603c39-461787-release" with ID "sha256:ed1ec9249c1c35f72195459a19ef6c7ec49f43c920d3cc801f811255fa87c40f" not yet present on node "wamn-receiving-journey-control-plane", loading...
Image: "wamn-identity:receiving-21775e603c39-461787-release" with ID "sha256:ed1ec9249c1c35f72195459a19ef6c7ec49f43c920d3cc801f811255fa87c40f" not yet present on node "wamn-receiving-journey-worker", loading...
Image: "wamn-identity:receiving-21775e603c39-461787-release" with ID "sha256:ed1ec9249c1c35f72195459a19ef6c7ec49f43c920d3cc801f811255fa87c40f" not yet present on node "wamn-receiving-journey-worker2", loading...
db23d72e90caf8b452b79edfa29137cb01243d474be1143abeb48ffd41dd9e25
7d79b08699011478c5cdb9e31bc09bb8cb181e459f919125d4416df052946614
2042678e6e13a140f8c6b3903a586a65893bda93779738821ef88f731b77923a
warning: function `canonical_serialized` is never used
   --> crates/catalog/model/src/lib.rs:792:4
    |
792 | fn canonical_serialized(value: &impl Serialize) -> Vec<u8> {
    |    ^^^^^^^^^^^^^^^^^^^^
    |
    = note: `#[warn(dead_code)]` (part of `#[warn(unused)]`) on by default

warning: `wamn-catalog` (lib) generated 1 warning
warning: the item `Future` is imported redundantly
 --> crates/platform/runtime/src/connection_authority.rs:3:5
  |
3 | use std::future::Future;
  |     ^^^^^^^^^^^^^^^^^^^
  |
 --> /rustc/88d9e12ae178fab0fb5cc050a94da85685d449ea/library/std/src/prelude/mod.rs:166:12
  |
  = note: the item `Future` is already defined here
  |
  = note: requested on the command line with `-W redundant-imports`

warning: the item `Future` is imported redundantly
 --> crates/platform/runtime/src/plugins/wamn_postgres/pool.rs:7:5
  |
7 | use std::future::Future;
  |     ^^^^^^^^^^^^^^^^^^^
  |
 --> /rustc/88d9e12ae178fab0fb5cc050a94da85685d449ea/library/std/src/prelude/mod.rs:166:12
  |
  = note: the item `Future` is already defined here

warning: constant `HTTP_CONTRACT` is never used
  --> crates/platform/runtime/src/plugins/connection_http.rs:52:7
   |
52 | const HTTP_CONTRACT: &str = "wamn:connection/http@0.1.0";
   |       ^^^^^^^^^^^^^
   |
   = note: `#[warn(dead_code)]` (part of `#[warn(unused)]`) on by default

warning: type does not implement `std::fmt::Debug`; consider adding `#[derive(Debug)]` or a manual implementation
   --> crates/platform/runtime/src/plugins/connection_http.rs:114:1
    |
114 | / pub struct ConnectionHttp {
115 | |     postgres: Arc<WamnPostgres>,
116 | |     vault: Arc<WamnCredentials>,
117 | |     tenant: Box<str>,
...   |
133 | |     invocations: std::sync::RwLock<HashMap<String, ConnectionInvocation>>,
134 | | }
    | |_^
    |
    = note: requested on the command line with `-W missing-debug-implementations`

warning: type does not implement `std::fmt::Debug`; consider adding `#[derive(Debug)]` or a manual implementation
  --> crates/platform/runtime/src/plugins/wamn_credentials.rs:27:1
   |
27 | / pub struct WamnCredentials {
28 | |     /// Whether ANY backing source was configured. Distinguishes `unavailable`
29 | |     /// (no source — retryable) from `not-found` (source present, name absent —
30 | |     /// config-shaped).
...  |
33 | |     projects: HashMap<String, HashMap<String, String>>,
34 | | }
   | |_^

warning: type does not implement `std::fmt::Debug`; consider adding `#[derive(Debug)]` or a manual implementation
   --> crates/platform/runtime/src/plugins/wamn_jetstream.rs:544:1
    |
544 | / pub struct WamnJetstream {
545 | |     nats_url: Option<String>,
546 | |     /// Lazily-connected, memoized JetStream context. A `Mutex<Option<_>>` (not a
547 | |     /// `OnceCell`) so a transient connect failure is retried on the next call
...   |
569 | |     dlq_depth: Arc<DeadLetterDepth>,
570 | | }
    | |_^

warning: type does not implement `std::fmt::Debug`; consider adding `#[derive(Debug)]` or a manual implementation
    --> crates/platform/runtime/src/plugins/wamn_jetstream.rs:1209:1
     |
1209 | / pub struct JsConsumer {
1210 | |     consumer: Consumer<PullConfig>,
1211 | |     dead_letter: Option<DeadLetterIdentity>,
1212 | | }
     | |_^

warning: type does not implement `std::fmt::Debug`; consider adding `#[derive(Debug)]` or a manual implementation
    --> crates/platform/runtime/src/plugins/wamn_jetstream.rs:1216:1
     |
1216 | / pub struct JsMessage {
1217 | |     msg: async_nats::jetstream::Message,
1218 | |     dead_letter: Option<DeadLetterIdentity>,
1219 | | }
     | |_^

warning: type does not implement `std::fmt::Debug`; consider adding `#[derive(Debug)]` or a manual implementation
   --> crates/platform/runtime/src/plugins/wamn_logging.rs:213:1
    |
213 | / pub struct Capture {
214 | |     records: std::sync::Mutex<Vec<CapturedRec>>,
215 | | }
    | |_^

warning: type does not implement `std::fmt::Debug`; consider adding `#[derive(Debug)]` or a manual implementation
   --> crates/platform/runtime/src/plugins/wamn_logging.rs:235:1
    |
235 | / pub struct WamnLogging {
236 | |     /// component id → host-trusted {tenant, project}.
237 | |     claims: std::sync::RwLock<HashMap<String, Claim>>,
238 | |     /// Bounded front queue; `try_send` keeps `log()` non-blocking.
...   |
243 | |     _drain: tokio::task::JoinHandle<()>,
244 | | }
    | |_^

warning: type does not implement `std::fmt::Debug`; consider adding `#[derive(Debug)]` or a manual implementation
   --> crates/platform/runtime/src/plugins/wamn_postgres/claims.rs:55:1
    |
 55 | / pub struct WamnPostgres {
 56 | |     /// Resolves a project id → its database connection + policy.
 57 | |     provider: Arc<dyn CredentialProvider>,
 58 | |     /// Guest-visible project pools, built lazily and never shared with host-owned
...   |
121 | |     pub(super) bind_counters: super::BindCounters,
122 | | }
    | |_^

warning: type does not implement `std::fmt::Debug`; consider adding `#[derive(Debug)]` or a manual implementation
   --> crates/platform/runtime/src/plugins/wamn_postgres/pool.rs:339:1
    |
339 | / pub struct StaticCredentialProvider {
340 | |     projects: HashMap<String, ProjectConfig>,
341 | | }
    | |_^

warning: type does not implement `std::fmt::Debug`; consider adding `#[derive(Debug)]` or a manual implementation
   --> crates/platform/runtime/src/plugins/wamn_postgres/pool.rs:514:1
    |
514 | / pub struct K8sSecretProvider {
515 | |     pub namespace: String,
516 | | }
    | |_^

warning: type does not implement `std::fmt::Debug`; consider adding `#[derive(Debug)]` or a manual implementation
   --> crates/platform/runtime/src/plugins/wamn_postgres/resources.rs:99:1
    |
 99 | / pub struct PgTransaction {
100 | |     state: SharedTxnState,
101 | |     destroyed: Arc<AtomicU64>,
102 | |     cursor_seq: u32,
103 | |     /// Row limit of the project this transaction's connection belongs to.
104 | |     row_limit: u64,
105 | | }
    | |_^

warning: type does not implement `std::fmt::Debug`; consider adding `#[derive(Debug)]` or a manual implementation
   --> crates/platform/runtime/src/plugins/wamn_postgres/resources.rs:145:1
    |
145 | / pub struct PgCursor {
146 | |     state: SharedTxnState,
147 | |     destroyed: Arc<AtomicU64>,
148 | |     name: String,
149 | | }
    | |_^

warning: type does not implement `std::fmt::Debug`; consider adding `#[derive(Debug)]` or a manual implementation
   --> crates/platform/runtime/src/wiring_doorbell.rs:145:1
    |
145 | / pub struct WiringDoorbellListener {
146 | |     shutdown: tokio::sync::watch::Sender<bool>,
147 | |     task: tokio::task::JoinHandle<()>,
148 | | }
    | |_^

warning: `wamn-runtime` (lib) generated 16 warnings
warning: type does not implement `std::fmt::Debug`; consider adding `#[derive(Debug)]` or a manual implementation
   --> services/scenario-worker/src/authoring.rs:218:1
    |
218 | / pub struct InternalAuthoringBackend {
219 | |     authority: InternalDevAdmin,
220 | |     client: Client,
221 | |     connection_task: tokio::task::JoinHandle<()>,
222 | |     tenant_id: Box<str>,
223 | |     source_schema: BareSchemaName,
224 | | }
    | |_^
    |
    = note: requested on the command line with `-W missing-debug-implementations`

warning: type does not implement `std::fmt::Debug`; consider adding `#[derive(Debug)]` or a manual implementation
   --> services/scenario-worker/src/store/admission.rs:316:1
    |
316 | / pub struct AdmissionSurface {
317 | |     /// The explicit credential and exact server-side predicates are retained so
318 | |     /// every replacement physical connection is checked identically.
319 | |     probe: CredentialExactnessProbe,
...   |
322 | |     tenant_id: Box<str>,
323 | | }
    | |_^

warning: function `run_once_stages` is never used
   --> services/ctl/src/dev.rs:603:10
    |
603 | async fn run_once_stages<R>(
    |          ^^^^^^^^^^^^^^^
    |
    = note: `#[warn(dead_code)]` (part of `#[warn(unused)]`) on by default

warning: function `verify_source_package_with_client` is never used
    --> services/ctl/src/push_component.rs:1301:10
     |
1301 | async fn verify_source_package_with_client(
     |          ^^^^^^^^^^^^^^^^^^^^^^^^^^^^^^^^^

warning: `wamn-scenario-worker` (lib) generated 2 warnings
warning: `wamn-ctl` (lib) generated 2 warnings
warning: type does not implement `std::fmt::Debug`; consider adding `#[derive(Debug)]` or a manual implementation
  --> test-support/harness/src/ceiling.rs:72:1
   |
72 | / pub struct Ramp {
73 | |     tolerance: f64,
74 | |     max_levels: usize,
75 | |     levels: Vec<LevelStats>,
...  |
82 | |     retrying: bool,
83 | | }
   | |_^
   |
   = note: requested on the command line with `-W missing-debug-implementations`

warning: `wamn-gate-harness` (lib) generated 1 warning
warning: function `models` is never used
  --> tests/integration/src/measurement_schema.rs:25:8
   |
25 | pub fn models(schema: &str) -> Vec<ManagedModel> {
   |        ^^^^^^
   |
   = note: `#[warn(dead_code)]` (part of `#[warn(unused)]`) on by default

warning: type does not implement `std::fmt::Debug`; consider adding `#[derive(Debug)]` or a manual implementation
   --> tests/integration/src/trusted_http_route.rs:105:1
    |
105 | / pub struct TrustedHttpRoute {
106 | |     pub driver: Arc<RouterDriver>,
107 | |     /// The same welded release the driver authorizes. Callers that exercise a
108 | |     /// release-owned ingress plugin must share this exact weld rather than mint
...   |
116 | |     pub wiring_hash: String,
117 | | }
    | |_^
    |
    = note: requested on the command line with `-W missing-debug-implementations`

warning: `wamn-proof-integration` (lib test) generated 2 warnings
    Finished `test` profile [unoptimized + debuginfo] target(s) in 0.45s
     Running unittests src/lib.rs (target/debug/deps/wamn_proof_integration-790d100c12174f93)

running 1 test
test route_authentication_live::production_two_package_fresh_only_fixture_serves_all_thirteen_pat_routes ... recorded org "acme" (template "trials") in registry.orgs + 2 env policy row(s) stamped insert-if-absent (wamn_system)
org "acme" (template "trials", pooled): placed on the shared pool "route-auth-pg18" (owns no clusters)
project-env acme/receiving/dev: database "wamn-db-acme--receiving--dev--hp57t1nm" on cluster "route-auth-pg18" (owner wamn_db_owner)
wrote /tmp/route-authentication-live-528442/database.json (Database CR (kubectl apply))
wrote /tmp/route-authentication-live-528442/roles.sql (role SQL (psql the TARGET cluster BEFORE the Database CR))
wrote /tmp/route-authentication-live-528442/privileges.sql (privilege SQL (psql the TARGET cluster AFTER the Database is ready))
wrote /tmp/route-authentication-live-528442/database-secret.json (database credential Secret; kubectl apply)
recorded project "receiving" + project-env acme/receiving/dev in the registry (wamn_system)
environment namespace "wamn-acme--receiving--dev--hp57t1nm" (instance suffix "hp57t1nm")
wrote /tmp/route-authentication-live-528442/management-author-pat.json (management-author PAT Secret; kubectl apply)
wrote /tmp/route-authentication-live-528442/route-caller-pat.json (route-caller PAT Secret; kubectl apply)
applied wamn_receiving@1.0.0: 1 migration(s)
applied client_acme_receiving@3.0.0: 2 migration(s)
applied EnsureSchema: wamn_run
applied RepairHelperFunction: require_executor_platform_authority
applied RepairHelperFunction: require_management_admission_authority
applied RepairHelperFunction: pin_run_durability_class
applied RepairHelperFunction: guard_event_lineage_immutable
applied RepairHelperFunction: guard_run_admission_pins_immutable
applied RepairHelperFunction: guard_terminal_run_delete
applied RepairHelperFunction: reject_immutable_effect_fact_change
applied RepairHelperFunction: reject_immutable_operator_run_action_change
applied CreateTable: environment_policies
applied CreateTable: runs
applied CreateTable: effect_attempts
applied CreateTable: effect_attempt_dispatches
applied CreateTable: effect_attempt_outcomes
applied CreateTable: operator_run_actions
applied CreateTable: run_queue
applied RepairEffectWriterPrivilege: wamn_run.usage
applied RepairAuthoringPrivilege: wamn_run.usage
applied RepairDispatchReaderPrivilege: wamn_run.dispatch-reader-read-surface
  converged environment policy tenant="receiving-route-auth" environment="dev" durability_class=standard
prepared and authenticated app credential generation a for acme/receiving/dev; wrote /tmp/tmp.t1xXUpTDx4/host-secrets/guest-sql.json
prepared and authenticated executor-platform credential generation a for acme/receiving/dev; wrote /tmp/tmp.t1xXUpTDx4/host-secrets/executor-platform.json
prepared and authenticated event-materializer credential generation a for acme/receiving/dev; wrote /tmp/tmp.t1xXUpTDx4/host-secrets/event-materializer.json
prepared and authenticated http-admitter credential generation a for acme/receiving/dev; wrote /tmp/tmp.t1xXUpTDx4/host-secrets/http-admitter.json
prepared and authenticated identity-reader credential generation a for acme/receiving/dev; wrote /tmp/tmp.t1xXUpTDx4/host-secrets/identity-reader.json
prepared and authenticated control-author credential generation a for acme/receiving/dev; wrote /tmp/route-authentication-live-528442/control-author.json
prepared and authenticated management-admitter credential generation a for acme/receiving/dev; wrote /tmp/route-authentication-live-528442/management-admitter.json
projected sha256:5326f1a794dfe01736dbf08a41a73593a908f4551c76e116c2e9a79f3b6795b3 (source-project: already converged; control: changed)
sha256:5326f1a794dfe01736dbf08a41a73593a908f4551c76e116c2e9a79f3b6795b3
projected sha256:710586d8b7fa9ff054d84203d981832659ae9baa618ed03b14588d1168d68d2e (source-project: already converged; control: changed)
sha256:710586d8b7fa9ff054d84203d981832659ae9baa618ed03b14588d1168d68d2e
2026-09-10T04:03:49.936779Z  INFO control authoring credential accepted database="wamn_system" role="wamn_control_author_8af1646575ff2081d34e71ba59848f0734b2e1f8_a" generation="a"
2026-09-10T04:03:49.981940Z  INFO management admission credential accepted database="wamn-db-acme--receiving--dev--hp57t1nm" role="wamn_mgmt_admitter_113a2d8577e74c77a7a841e85e196eab32913ea6_a" generation="a"
2026-09-10T04:03:50.026463Z  INFO project admission database connection ready endpoint=postgresql://172.28.0.14:5432/wamn-db-acme--receiving--dev--hp57t1nm attempt=1
2026-09-10T04:03:50.026533Z  INFO management authoring surface listening address=127.0.0.1:18089
sha256:506e8a5861568ef66f0d944006c9e0535ead4d5006413ed667bf966a116cd8f4
sha256:682009a5c03a16c1093d13cf449046a197cbafb163b5c4bbc1a0b5542464b8f7
sha256:13b2e3972739106d9b35588201c732d3fc7cdb9b2900dae135ea0bf699c431f3
sha256:a6e70070435b43837194f2f8386cf54c0742a5a8f9d5f885789499e009b1751d
sha256:4cc692f557f2ed5d4dddd1a446e263c1358b229cfa48c8530be76caa42828073
sha256:c2f685cc1ca3a3a083b3fec01e5b6d6ebf6a0045f4fb74067718215a675b14b2
sha256:c8ce4012c813225ce4cc05b48637fbcf134f567b2f868bb6935d710936bc8e00
sha256:03f035ffb64b1f8fc0a6b6f175e4d7910a30af99bc247bc655d351143f73a7be
sha256:c5d614478655eebefb81cbb907796c381efe1fea951480cc8ce68a33d0208a4a
sha256:25379650819aa4282b572ea497f64bf9ca78e5e28dc32a92cb3783164ce2787d
sha256:003fea6dc6ed14076bc69528c8230384490b7a035c5f98d582f025bb75c84792
sha256:400cd2538d296fb24910be7a244241d801b75ba26f75176cc783e401d631d340
sha256:3e8ab8e57d877e66f22b432d929b3d98c53d11edfc184cdb6616b7304225fb61
sha256:2d8ec8d81933ef57c75b1c4760850eb1f77f3200d1ba87f6afb7a80ea59c52e8
run plane already at the schema of record — no actions (7 tables at target)
sha256:e115bc7a6a705f2977b69e8b17d6396bfd1c3879048ce6381ba92481ce5ebb5b
sha256:e115bc7a6a705f2977b69e8b17d6396bfd1c3879048ce6381ba92481ce5ebb5b
RECEIVING_COLD_NESTED_PHASES wamn.component.pull=170ms wamn.component.compile=13396ms wamn.component.linker_setup=0ms wamn.component.link=4ms wamn.component.instantiate=2ms
applied wamn_receiving@1.0.0: 0 migration(s)
ok

test result: ok. 1 passed; 0 failed; 0 ignored; 0 measured; 72 filtered out; finished in 27.24s

warning: function `canonical_serialized` is never used
   --> crates/catalog/model/src/lib.rs:792:4
    |
792 | fn canonical_serialized(value: &impl Serialize) -> Vec<u8> {
    |    ^^^^^^^^^^^^^^^^^^^^
    |
    = note: `#[warn(dead_code)]` (part of `#[warn(unused)]`) on by default

warning: `wamn-catalog` (lib) generated 1 warning
warning: the item `Future` is imported redundantly
 --> crates/platform/runtime/src/connection_authority.rs:3:5
  |
3 | use std::future::Future;
  |     ^^^^^^^^^^^^^^^^^^^
  |
 --> /rustc/88d9e12ae178fab0fb5cc050a94da85685d449ea/library/std/src/prelude/mod.rs:166:12
  |
  = note: the item `Future` is already defined here
  |
  = note: requested on the command line with `-W redundant-imports`

warning: the item `Future` is imported redundantly
 --> crates/platform/runtime/src/plugins/wamn_postgres/pool.rs:7:5
  |
7 | use std::future::Future;
  |     ^^^^^^^^^^^^^^^^^^^
  |
 --> /rustc/88d9e12ae178fab0fb5cc050a94da85685d449ea/library/std/src/prelude/mod.rs:166:12
  |
  = note: the item `Future` is already defined here

warning: constant `HTTP_CONTRACT` is never used
  --> crates/platform/runtime/src/plugins/connection_http.rs:52:7
   |
52 | const HTTP_CONTRACT: &str = "wamn:connection/http@0.1.0";
   |       ^^^^^^^^^^^^^
   |
   = note: `#[warn(dead_code)]` (part of `#[warn(unused)]`) on by default

warning: type does not implement `std::fmt::Debug`; consider adding `#[derive(Debug)]` or a manual implementation
   --> crates/platform/runtime/src/plugins/connection_http.rs:114:1
    |
114 | / pub struct ConnectionHttp {
115 | |     postgres: Arc<WamnPostgres>,
116 | |     vault: Arc<WamnCredentials>,
117 | |     tenant: Box<str>,
...   |
133 | |     invocations: std::sync::RwLock<HashMap<String, ConnectionInvocation>>,
134 | | }
    | |_^
    |
    = note: requested on the command line with `-W missing-debug-implementations`

warning: type does not implement `std::fmt::Debug`; consider adding `#[derive(Debug)]` or a manual implementation
  --> crates/platform/runtime/src/plugins/wamn_credentials.rs:27:1
   |
27 | / pub struct WamnCredentials {
28 | |     /// Whether ANY backing source was configured. Distinguishes `unavailable`
29 | |     /// (no source — retryable) from `not-found` (source present, name absent —
30 | |     /// config-shaped).
...  |
33 | |     projects: HashMap<String, HashMap<String, String>>,
34 | | }
   | |_^

warning: type does not implement `std::fmt::Debug`; consider adding `#[derive(Debug)]` or a manual implementation
   --> crates/platform/runtime/src/plugins/wamn_jetstream.rs:544:1
    |
544 | / pub struct WamnJetstream {
545 | |     nats_url: Option<String>,
546 | |     /// Lazily-connected, memoized JetStream context. A `Mutex<Option<_>>` (not a
547 | |     /// `OnceCell`) so a transient connect failure is retried on the next call
...   |
569 | |     dlq_depth: Arc<DeadLetterDepth>,
570 | | }
    | |_^

warning: type does not implement `std::fmt::Debug`; consider adding `#[derive(Debug)]` or a manual implementation
    --> crates/platform/runtime/src/plugins/wamn_jetstream.rs:1209:1
     |
1209 | / pub struct JsConsumer {
1210 | |     consumer: Consumer<PullConfig>,
1211 | |     dead_letter: Option<DeadLetterIdentity>,
1212 | | }
     | |_^

warning: type does not implement `std::fmt::Debug`; consider adding `#[derive(Debug)]` or a manual implementation
    --> crates/platform/runtime/src/plugins/wamn_jetstream.rs:1216:1
     |
1216 | / pub struct JsMessage {
1217 | |     msg: async_nats::jetstream::Message,
1218 | |     dead_letter: Option<DeadLetterIdentity>,
1219 | | }
     | |_^

warning: type does not implement `std::fmt::Debug`; consider adding `#[derive(Debug)]` or a manual implementation
   --> crates/platform/runtime/src/plugins/wamn_logging.rs:213:1
    |
213 | / pub struct Capture {
214 | |     records: std::sync::Mutex<Vec<CapturedRec>>,
215 | | }
    | |_^

warning: type does not implement `std::fmt::Debug`; consider adding `#[derive(Debug)]` or a manual implementation
   --> crates/platform/runtime/src/plugins/wamn_logging.rs:235:1
    |
235 | / pub struct WamnLogging {
236 | |     /// component id → host-trusted {tenant, project}.
237 | |     claims: std::sync::RwLock<HashMap<String, Claim>>,
238 | |     /// Bounded front queue; `try_send` keeps `log()` non-blocking.
...   |
243 | |     _drain: tokio::task::JoinHandle<()>,
244 | | }
    | |_^

warning: type does not implement `std::fmt::Debug`; consider adding `#[derive(Debug)]` or a manual implementation
   --> crates/platform/runtime/src/plugins/wamn_postgres/claims.rs:55:1
    |
 55 | / pub struct WamnPostgres {
 56 | |     /// Resolves a project id → its database connection + policy.
 57 | |     provider: Arc<dyn CredentialProvider>,
 58 | |     /// Guest-visible project pools, built lazily and never shared with host-owned
...   |
121 | |     pub(super) bind_counters: super::BindCounters,
122 | | }
    | |_^

warning: type does not implement `std::fmt::Debug`; consider adding `#[derive(Debug)]` or a manual implementation
   --> crates/platform/runtime/src/plugins/wamn_postgres/pool.rs:339:1
    |
339 | / pub struct StaticCredentialProvider {
340 | |     projects: HashMap<String, ProjectConfig>,
341 | | }
    | |_^

warning: type does not implement `std::fmt::Debug`; consider adding `#[derive(Debug)]` or a manual implementation
   --> crates/platform/runtime/src/plugins/wamn_postgres/pool.rs:514:1
    |
514 | / pub struct K8sSecretProvider {
515 | |     pub namespace: String,
516 | | }
    | |_^

warning: type does not implement `std::fmt::Debug`; consider adding `#[derive(Debug)]` or a manual implementation
   --> crates/platform/runtime/src/plugins/wamn_postgres/resources.rs:99:1
    |
 99 | / pub struct PgTransaction {
100 | |     state: SharedTxnState,
101 | |     destroyed: Arc<AtomicU64>,
102 | |     cursor_seq: u32,
103 | |     /// Row limit of the project this transaction's connection belongs to.
104 | |     row_limit: u64,
105 | | }
    | |_^

warning: type does not implement `std::fmt::Debug`; consider adding `#[derive(Debug)]` or a manual implementation
   --> crates/platform/runtime/src/plugins/wamn_postgres/resources.rs:145:1
    |
145 | / pub struct PgCursor {
146 | |     state: SharedTxnState,
147 | |     destroyed: Arc<AtomicU64>,
148 | |     name: String,
149 | | }
    | |_^

warning: type does not implement `std::fmt::Debug`; consider adding `#[derive(Debug)]` or a manual implementation
   --> crates/platform/runtime/src/wiring_doorbell.rs:145:1
    |
145 | / pub struct WiringDoorbellListener {
146 | |     shutdown: tokio::sync::watch::Sender<bool>,
147 | |     task: tokio::task::JoinHandle<()>,
148 | | }
    | |_^

warning: `wamn-runtime` (lib) generated 16 warnings
warning: function `run_once_stages` is never used
   --> services/ctl/src/dev.rs:603:10
    |
603 | async fn run_once_stages<R>(
    |          ^^^^^^^^^^^^^^^
    |
    = note: `#[warn(dead_code)]` (part of `#[warn(unused)]`) on by default

warning: function `verify_source_package_with_client` is never used
    --> services/ctl/src/push_component.rs:1301:10
     |
1301 | async fn verify_source_package_with_client(
     |          ^^^^^^^^^^^^^^^^^^^^^^^^^^^^^^^^^

warning: type does not implement `std::fmt::Debug`; consider adding `#[derive(Debug)]` or a manual implementation
   --> services/scenario-worker/src/authoring.rs:218:1
    |
218 | / pub struct InternalAuthoringBackend {
219 | |     authority: InternalDevAdmin,
220 | |     client: Client,
221 | |     connection_task: tokio::task::JoinHandle<()>,
222 | |     tenant_id: Box<str>,
223 | |     source_schema: BareSchemaName,
224 | | }
    | |_^
    |
    = note: requested on the command line with `-W missing-debug-implementations`

warning: type does not implement `std::fmt::Debug`; consider adding `#[derive(Debug)]` or a manual implementation
   --> services/scenario-worker/src/store/admission.rs:316:1
    |
316 | / pub struct AdmissionSurface {
317 | |     /// The explicit credential and exact server-side predicates are retained so
318 | |     /// every replacement physical connection is checked identically.
319 | |     probe: CredentialExactnessProbe,
...   |
322 | |     tenant_id: Box<str>,
323 | | }
    | |_^

warning: `wamn-ctl` (lib) generated 2 warnings
warning: `wamn-scenario-worker` (lib) generated 2 warnings
warning: type does not implement `std::fmt::Debug`; consider adding `#[derive(Debug)]` or a manual implementation
  --> test-support/harness/src/ceiling.rs:72:1
   |
72 | / pub struct Ramp {
73 | |     tolerance: f64,
74 | |     max_levels: usize,
75 | |     levels: Vec<LevelStats>,
...  |
82 | |     retrying: bool,
83 | | }
   | |_^
   |
   = note: requested on the command line with `-W missing-debug-implementations`

warning: `wamn-gate-harness` (lib) generated 1 warning
warning: function `models` is never used
  --> tests/integration/src/measurement_schema.rs:25:8
   |
25 | pub fn models(schema: &str) -> Vec<ManagedModel> {
   |        ^^^^^^
   |
   = note: `#[warn(dead_code)]` (part of `#[warn(unused)]`) on by default

warning: type does not implement `std::fmt::Debug`; consider adding `#[derive(Debug)]` or a manual implementation
   --> tests/integration/src/trusted_http_route.rs:105:1
    |
105 | / pub struct TrustedHttpRoute {
106 | |     pub driver: Arc<RouterDriver>,
107 | |     /// The same welded release the driver authorizes. Callers that exercise a
108 | |     /// release-owned ingress plugin must share this exact weld rather than mint
...   |
116 | |     pub wiring_hash: String,
117 | | }
    | |_^
    |
    = note: requested on the command line with `-W missing-debug-implementations`

warning: `wamn-proof-integration` (lib test) generated 2 warnings
    Finished `test` profile [unoptimized + debuginfo] target(s) in 0.39s
     Running unittests src/lib.rs (target/debug/deps/wamn_proof_integration-790d100c12174f93)

running 1 test
test route_authentication_live::production_receiving_session_host_fixture ... sha256:d802f9b44bf72c097c987dde0eebdfb66f526bea557f39d2efcdb13d98a25b34
sha256:d802f9b44bf72c097c987dde0eebdfb66f526bea557f39d2efcdb13d98a25b34
membership granted principal_id=698f3d9f-d7c2-43c7-abf1-affc2fd9e194 org=acme project=receiving env=dev
HOST_SESSION_FIXTURE result=pass manifest_digest=sha256:d802f9b44bf72c097c987dde0eebdfb66f526bea557f39d2efcdb13d98a25b34
ok

test result: ok. 1 passed; 0 failed; 0 ignored; 0 measured; 72 filtered out; finished in 0.83s

secret/wamn-pat-route-caller-acme--receiving--dev created
secret/host-session-identity-db created
secret/wamn-session-role-reader-acme--receiving--dev created
secret/host-session-identity-tls created
configmap/host-session-public-ca created
secret/host-session-fixture created
secret/wamn-guest-acme--receiving--dev created
secret/wamn-executor-platform-acme--receiving--dev created
secret/wamn-identity-reader-acme--receiving--dev created
secret/wamn-http-admitter-acme--receiving--dev created
secret/wamn-event-materializer-acme--receiving--dev created
secret/wamn-registry-pull created
namespace/cert-manager created
customresourcedefinition.apiextensions.k8s.io/challenges.acme.cert-manager.io created
customresourcedefinition.apiextensions.k8s.io/orders.acme.cert-manager.io created
customresourcedefinition.apiextensions.k8s.io/certificaterequests.cert-manager.io created
customresourcedefinition.apiextensions.k8s.io/certificates.cert-manager.io created
customresourcedefinition.apiextensions.k8s.io/clusterissuers.cert-manager.io created
customresourcedefinition.apiextensions.k8s.io/issuers.cert-manager.io created
serviceaccount/cert-manager-cainjector created
serviceaccount/cert-manager created
serviceaccount/cert-manager-webhook created
clusterrole.rbac.authorization.k8s.io/cert-manager-cainjector created
clusterrole.rbac.authorization.k8s.io/cert-manager-controller-issuers created
clusterrole.rbac.authorization.k8s.io/cert-manager-controller-clusterissuers created
clusterrole.rbac.authorization.k8s.io/cert-manager-controller-certificates created
clusterrole.rbac.authorization.k8s.io/cert-manager-controller-orders created
clusterrole.rbac.authorization.k8s.io/cert-manager-controller-challenges created
clusterrole.rbac.authorization.k8s.io/cert-manager-controller-ingress-shim created
clusterrole.rbac.authorization.k8s.io/cert-manager-cluster-view created
clusterrole.rbac.authorization.k8s.io/cert-manager-view created
clusterrole.rbac.authorization.k8s.io/cert-manager-edit created
clusterrole.rbac.authorization.k8s.io/cert-manager-controller-approve:cert-manager-io created
clusterrole.rbac.authorization.k8s.io/cert-manager-controller-certificatesigningrequests created
clusterrole.rbac.authorization.k8s.io/cert-manager-webhook:subjectaccessreviews created
clusterrolebinding.rbac.authorization.k8s.io/cert-manager-cainjector created
clusterrolebinding.rbac.authorization.k8s.io/cert-manager-controller-issuers created
clusterrolebinding.rbac.authorization.k8s.io/cert-manager-controller-clusterissuers created
clusterrolebinding.rbac.authorization.k8s.io/cert-manager-controller-certificates created
clusterrolebinding.rbac.authorization.k8s.io/cert-manager-controller-orders created
clusterrolebinding.rbac.authorization.k8s.io/cert-manager-controller-challenges created
clusterrolebinding.rbac.authorization.k8s.io/cert-manager-controller-ingress-shim created
clusterrolebinding.rbac.authorization.k8s.io/cert-manager-controller-approve:cert-manager-io created
clusterrolebinding.rbac.authorization.k8s.io/cert-manager-controller-certificatesigningrequests created
clusterrolebinding.rbac.authorization.k8s.io/cert-manager-webhook:subjectaccessreviews created
role.rbac.authorization.k8s.io/cert-manager-cainjector:leaderelection created
role.rbac.authorization.k8s.io/cert-manager:leaderelection created
role.rbac.authorization.k8s.io/cert-manager-webhook:dynamic-serving created
rolebinding.rbac.authorization.k8s.io/cert-manager-cainjector:leaderelection created
rolebinding.rbac.authorization.k8s.io/cert-manager:leaderelection created
rolebinding.rbac.authorization.k8s.io/cert-manager-webhook:dynamic-serving created
service/cert-manager-cainjector created
service/cert-manager created
service/cert-manager-webhook created
deployment.apps/cert-manager-cainjector created
deployment.apps/cert-manager created
deployment.apps/cert-manager-webhook created
mutatingwebhookconfiguration.admissionregistration.k8s.io/cert-manager-webhook created
validatingwebhookconfiguration.admissionregistration.k8s.io/cert-manager-webhook created
deployment.apps/cert-manager condition met
deployment.apps/cert-manager-cainjector condition met
deployment.apps/cert-manager-webhook condition met
Release "wamn" does not exist. Installing it now.
Pulled: ghcr.io/wasmcloud/charts/runtime-operator:2.9.0
Digest: sha256:d70b240cfc3c745f306fc6ebecebff4370e6c8c0568b55c1d02b1eda1716fd17
NAME: wamn
LAST DEPLOYED: Thu Sep 10 00:04:22 2026
NAMESPACE: wamn-system
STATUS: deployed
REVISION: 1
DESCRIPTION: Install complete
TEST SUITE: None
NOTES:
The wasmCloud runtime-operator is installed.

To verify your deployment:
  kubectl get pods -l app.kubernetes.io/instance=wamn -n wamn-system
role.rbac.authorization.k8s.io/wamn-runtime-operator-events created
rolebinding.rbac.authorization.k8s.io/wamn-runtime-operator-events created
configmap/tempo-config created
deployment.apps/tempo created
service/tempo created
configmap/otel-collector-config created
deployment.apps/otel-collector created
service/otel-collector created
deployment.apps/tempo condition met
deployment.apps/otel-collector condition met
secret/wasmcloud-ca created
clusterissuer.cert-manager.io/wasmcloud-ca created
clusterissuer.cert-manager.io/wasmcloud-ca condition met
certificate.cert-manager.io/wasmcloud-runtime-tls created
certificate.cert-manager.io/wasmcloud-data-tls created
certificate.cert-manager.io/wasmcloud-runtime-tls condition met
certificate.cert-manager.io/wasmcloud-data-tls condition met
Release "wamn-host" does not exist. Installing it now.
Pulled: ghcr.io/wasmcloud/charts/runtime-operator:2.9.0
Digest: sha256:d70b240cfc3c745f306fc6ebecebff4370e6c8c0568b55c1d02b1eda1716fd17
NAME: wamn-host
LAST DEPLOYED: Thu Sep 10 00:05:13 2026
NAMESPACE: wamn-receiving-journey
STATUS: deployed
REVISION: 1
DESCRIPTION: Install complete
TEST SUITE: None
NOTES:
The wasmCloud runtime-operator is installed.

To verify your deployment:
  kubectl get pods -l app.kubernetes.io/instance=wamn-host -n wamn-receiving-journey
deployment "hostgroup-default" successfully rolled out
warning: function `canonical_serialized` is never used
   --> crates/catalog/model/src/lib.rs:792:4
    |
792 | fn canonical_serialized(value: &impl Serialize) -> Vec<u8> {
    |    ^^^^^^^^^^^^^^^^^^^^
    |
    = note: `#[warn(dead_code)]` (part of `#[warn(unused)]`) on by default

warning: `wamn-catalog` (lib) generated 1 warning
warning: the item `Future` is imported redundantly
 --> crates/platform/runtime/src/connection_authority.rs:3:5
  |
3 | use std::future::Future;
  |     ^^^^^^^^^^^^^^^^^^^
  |
 --> /rustc/88d9e12ae178fab0fb5cc050a94da85685d449ea/library/std/src/prelude/mod.rs:166:12
  |
  = note: the item `Future` is already defined here
  |
  = note: requested on the command line with `-W redundant-imports`

warning: the item `Future` is imported redundantly
 --> crates/platform/runtime/src/plugins/wamn_postgres/pool.rs:7:5
  |
7 | use std::future::Future;
  |     ^^^^^^^^^^^^^^^^^^^
  |
 --> /rustc/88d9e12ae178fab0fb5cc050a94da85685d449ea/library/std/src/prelude/mod.rs:166:12
  |
  = note: the item `Future` is already defined here

warning: constant `HTTP_CONTRACT` is never used
  --> crates/platform/runtime/src/plugins/connection_http.rs:52:7
   |
52 | const HTTP_CONTRACT: &str = "wamn:connection/http@0.1.0";
   |       ^^^^^^^^^^^^^
   |
   = note: `#[warn(dead_code)]` (part of `#[warn(unused)]`) on by default

warning: type does not implement `std::fmt::Debug`; consider adding `#[derive(Debug)]` or a manual implementation
   --> crates/platform/runtime/src/plugins/connection_http.rs:114:1
    |
114 | / pub struct ConnectionHttp {
115 | |     postgres: Arc<WamnPostgres>,
116 | |     vault: Arc<WamnCredentials>,
117 | |     tenant: Box<str>,
...   |
133 | |     invocations: std::sync::RwLock<HashMap<String, ConnectionInvocation>>,
134 | | }
    | |_^
    |
    = note: requested on the command line with `-W missing-debug-implementations`

warning: type does not implement `std::fmt::Debug`; consider adding `#[derive(Debug)]` or a manual implementation
  --> crates/platform/runtime/src/plugins/wamn_credentials.rs:27:1
   |
27 | / pub struct WamnCredentials {
28 | |     /// Whether ANY backing source was configured. Distinguishes `unavailable`
29 | |     /// (no source — retryable) from `not-found` (source present, name absent —
30 | |     /// config-shaped).
...  |
33 | |     projects: HashMap<String, HashMap<String, String>>,
34 | | }
   | |_^

warning: type does not implement `std::fmt::Debug`; consider adding `#[derive(Debug)]` or a manual implementation
   --> crates/platform/runtime/src/plugins/wamn_jetstream.rs:544:1
    |
544 | / pub struct WamnJetstream {
545 | |     nats_url: Option<String>,
546 | |     /// Lazily-connected, memoized JetStream context. A `Mutex<Option<_>>` (not a
547 | |     /// `OnceCell`) so a transient connect failure is retried on the next call
...   |
569 | |     dlq_depth: Arc<DeadLetterDepth>,
570 | | }
    | |_^

warning: type does not implement `std::fmt::Debug`; consider adding `#[derive(Debug)]` or a manual implementation
    --> crates/platform/runtime/src/plugins/wamn_jetstream.rs:1209:1
     |
1209 | / pub struct JsConsumer {
1210 | |     consumer: Consumer<PullConfig>,
1211 | |     dead_letter: Option<DeadLetterIdentity>,
1212 | | }
     | |_^

warning: type does not implement `std::fmt::Debug`; consider adding `#[derive(Debug)]` or a manual implementation
    --> crates/platform/runtime/src/plugins/wamn_jetstream.rs:1216:1
     |
1216 | / pub struct JsMessage {
1217 | |     msg: async_nats::jetstream::Message,
1218 | |     dead_letter: Option<DeadLetterIdentity>,
1219 | | }
     | |_^

warning: type does not implement `std::fmt::Debug`; consider adding `#[derive(Debug)]` or a manual implementation
   --> crates/platform/runtime/src/plugins/wamn_logging.rs:213:1
    |
213 | / pub struct Capture {
214 | |     records: std::sync::Mutex<Vec<CapturedRec>>,
215 | | }
    | |_^

warning: type does not implement `std::fmt::Debug`; consider adding `#[derive(Debug)]` or a manual implementation
   --> crates/platform/runtime/src/plugins/wamn_logging.rs:235:1
    |
235 | / pub struct WamnLogging {
236 | |     /// component id → host-trusted {tenant, project}.
237 | |     claims: std::sync::RwLock<HashMap<String, Claim>>,
238 | |     /// Bounded front queue; `try_send` keeps `log()` non-blocking.
...   |
243 | |     _drain: tokio::task::JoinHandle<()>,
244 | | }
    | |_^

warning: type does not implement `std::fmt::Debug`; consider adding `#[derive(Debug)]` or a manual implementation
   --> crates/platform/runtime/src/plugins/wamn_postgres/claims.rs:55:1
    |
 55 | / pub struct WamnPostgres {
 56 | |     /// Resolves a project id → its database connection + policy.
 57 | |     provider: Arc<dyn CredentialProvider>,
 58 | |     /// Guest-visible project pools, built lazily and never shared with host-owned
...   |
121 | |     pub(super) bind_counters: super::BindCounters,
122 | | }
    | |_^

warning: type does not implement `std::fmt::Debug`; consider adding `#[derive(Debug)]` or a manual implementation
   --> crates/platform/runtime/src/plugins/wamn_postgres/pool.rs:339:1
    |
339 | / pub struct StaticCredentialProvider {
340 | |     projects: HashMap<String, ProjectConfig>,
341 | | }
    | |_^

warning: type does not implement `std::fmt::Debug`; consider adding `#[derive(Debug)]` or a manual implementation
   --> crates/platform/runtime/src/plugins/wamn_postgres/pool.rs:514:1
    |
514 | / pub struct K8sSecretProvider {
515 | |     pub namespace: String,
516 | | }
    | |_^

warning: type does not implement `std::fmt::Debug`; consider adding `#[derive(Debug)]` or a manual implementation
   --> crates/platform/runtime/src/plugins/wamn_postgres/resources.rs:99:1
    |
 99 | / pub struct PgTransaction {
100 | |     state: SharedTxnState,
101 | |     destroyed: Arc<AtomicU64>,
102 | |     cursor_seq: u32,
103 | |     /// Row limit of the project this transaction's connection belongs to.
104 | |     row_limit: u64,
105 | | }
    | |_^

warning: type does not implement `std::fmt::Debug`; consider adding `#[derive(Debug)]` or a manual implementation
   --> crates/platform/runtime/src/plugins/wamn_postgres/resources.rs:145:1
    |
145 | / pub struct PgCursor {
146 | |     state: SharedTxnState,
147 | |     destroyed: Arc<AtomicU64>,
148 | |     name: String,
149 | | }
    | |_^

warning: type does not implement `std::fmt::Debug`; consider adding `#[derive(Debug)]` or a manual implementation
   --> crates/platform/runtime/src/wiring_doorbell.rs:145:1
    |
145 | / pub struct WiringDoorbellListener {
146 | |     shutdown: tokio::sync::watch::Sender<bool>,
147 | |     task: tokio::task::JoinHandle<()>,
148 | | }
    | |_^

warning: `wamn-runtime` (lib) generated 16 warnings
warning: type does not implement `std::fmt::Debug`; consider adding `#[derive(Debug)]` or a manual implementation
   --> services/scenario-worker/src/authoring.rs:218:1
    |
218 | / pub struct InternalAuthoringBackend {
219 | |     authority: InternalDevAdmin,
220 | |     client: Client,
221 | |     connection_task: tokio::task::JoinHandle<()>,
222 | |     tenant_id: Box<str>,
223 | |     source_schema: BareSchemaName,
224 | | }
    | |_^
    |
    = note: requested on the command line with `-W missing-debug-implementations`

warning: type does not implement `std::fmt::Debug`; consider adding `#[derive(Debug)]` or a manual implementation
   --> services/scenario-worker/src/store/admission.rs:316:1
    |
316 | / pub struct AdmissionSurface {
317 | |     /// The explicit credential and exact server-side predicates are retained so
318 | |     /// every replacement physical connection is checked identically.
319 | |     probe: CredentialExactnessProbe,
...   |
322 | |     tenant_id: Box<str>,
323 | | }
    | |_^

warning: function `run_once_stages` is never used
   --> services/ctl/src/dev.rs:603:10
    |
603 | async fn run_once_stages<R>(
    |          ^^^^^^^^^^^^^^^
    |
    = note: `#[warn(dead_code)]` (part of `#[warn(unused)]`) on by default

warning: function `verify_source_package_with_client` is never used
    --> services/ctl/src/push_component.rs:1301:10
     |
1301 | async fn verify_source_package_with_client(
     |          ^^^^^^^^^^^^^^^^^^^^^^^^^^^^^^^^^

warning: `wamn-scenario-worker` (lib) generated 2 warnings
warning: `wamn-ctl` (lib) generated 2 warnings
warning: type does not implement `std::fmt::Debug`; consider adding `#[derive(Debug)]` or a manual implementation
  --> test-support/harness/src/ceiling.rs:72:1
   |
72 | / pub struct Ramp {
73 | |     tolerance: f64,
74 | |     max_levels: usize,
75 | |     levels: Vec<LevelStats>,
...  |
82 | |     retrying: bool,
83 | | }
   | |_^
   |
   = note: requested on the command line with `-W missing-debug-implementations`

warning: `wamn-gate-harness` (lib) generated 1 warning
warning: function `models` is never used
  --> tests/integration/src/measurement_schema.rs:25:8
   |
25 | pub fn models(schema: &str) -> Vec<ManagedModel> {
   |        ^^^^^^
   |
   = note: `#[warn(dead_code)]` (part of `#[warn(unused)]`) on by default

warning: type does not implement `std::fmt::Debug`; consider adding `#[derive(Debug)]` or a manual implementation
   --> tests/integration/src/trusted_http_route.rs:105:1
    |
105 | / pub struct TrustedHttpRoute {
106 | |     pub driver: Arc<RouterDriver>,
107 | |     /// The same welded release the driver authorizes. Callers that exercise a
108 | |     /// release-owned ingress plugin must share this exact weld rather than mint
...   |
116 | |     pub wiring_hash: String,
117 | | }
    | |_^
    |
    = note: requested on the command line with `-W missing-debug-implementations`

warning: `wamn-proof-integration` (lib test) generated 2 warnings
    Finished `test` profile [unoptimized + debuginfo] target(s) in 0.32s
     Running unittests src/lib.rs (target/debug/deps/wamn_proof_integration-790d100c12174f93)

running 1 test
test route_authentication_live::production_nested_fresh_only_requires_pat_and_observes_revocation ... sha256:59778c8b6d05c5b4ac8095567b3830bf0cf8b037678e5a1a29c102483c47e11e
sha256:59778c8b6d05c5b4ac8095567b3830bf0cf8b037678e5a1a29c102483c47e11e
membership granted principal_id=0cfe235e-e706-415d-8728-60638de49f4e org=acme project=receiving env=dev
applied fresh_only_probe@1.0.0: 1 migration(s)
projected sha256:dccb2021e735a8399e34c5464a4803afd6735233b6ce67fa4f58672a582b4f90 (source-project: already converged; control: changed)
sha256:dccb2021e735a8399e34c5464a4803afd6735233b6ce67fa4f58672a582b4f90
2026-09-10T04:05:30.394171Z  INFO control authoring credential accepted database="wamn_system" role="wamn_control_author_8af1646575ff2081d34e71ba59848f0734b2e1f8_a" generation="a"
2026-09-10T04:05:30.434592Z  INFO management admission credential accepted database="wamn-db-acme--receiving--dev--hp57t1nm" role="wamn_mgmt_admitter_113a2d8577e74c77a7a841e85e196eab32913ea6_a" generation="a"
2026-09-10T04:05:30.476437Z  INFO project admission database connection ready endpoint=postgresql://172.28.0.14:5432/wamn-db-acme--receiving--dev--hp57t1nm attempt=1
2026-09-10T04:05:30.476508Z  INFO management authoring surface listening address=127.0.0.1:18089
sha256:86bce6e87e2b8808c8a421aed0b22a31ac5ee67714e980961dc07691c2fd9383
sha256:17df43c61b270e3271ea1fadc531feb1256cac018db95f52505dfe87baaded5a
sha256:17df43c61b270e3271ea1fadc531feb1256cac018db95f52505dfe87baaded5a
FRESH_ONLY_PRIOR_COMMIT_DIAGNOSTIC {"counter":0,"spans":[{"errors":[{"error":"\"Cannot find Bearer challenge\"","event":"Falling back to HTTP Basic Auth"}],"name":"wamn.component.pull"},{"errors":[{"error":"\"Cannot find Bearer challenge\"","event":"Falling back to HTTP Basic Auth"}],"name":"wamn.component.pull"},{"errors":[],"name":"wamn.component.compile"},{"errors":[],"name":"wamn.component.compile"},{"errors":[],"name":"wamn.scope.verify"},{"errors":[],"name":"wamn.linker.statements"},{"errors":[],"name":"wamn.linker.clone"},{"errors":[],"name":"wamn.linker.nested"},{"errors":[],"name":"wamn.linker.plugins"},{"errors":[],"name":"wamn.linker.pre"},{"errors":[],"name":"wamn.linker.imports"},{"errors":[],"name":"wamn.linker.workload"},{"errors":[],"name":"wamn.component.link"},{"errors":[],"name":"wamn.linker.register"},{"errors":[],"name":"wamn.linker.revokes"},{"errors":[],"name":"wamn.scope.clear"},{"errors":[],"name":"wamn.scope.bind"},{"errors":[],"name":"wamn.linker.pending_scope"},{"errors":[],"name":"wamn.linker.ctx"},{"errors":[],"name":"wamn.linker.scope"},{"errors":[],"name":"wamn.linker.hosts"},{"errors":[],"name":"wamn.component.linker_setup"},{"errors":[],"name":"wamn.component.instantiate"},{"errors":[],"name":"wamn.postgres.acquire"},{"errors":[],"name":"wamn.postgres.bind_claims"},{"errors":[],"name":"wamn.postgres.statement"},{"errors":[],"name":"wamn.postgres"},{"errors":[],"name":"wit-bindgen import"},{"errors":[],"name":"wamn.component.invoke"}],"trace":"00000000000000000000000000000029"}
Error: operation refusal differs from its exact HTTP contract: status=503 Service Unavailable body={"error":{"code":"execution-failed"}}
FAILED

failures:

failures:
    route_authentication_live::production_nested_fresh_only_requires_pat_and_observes_revocation

test result: FAILED. 0 passed; 1 failed; 0 ignored; 0 measured; 72 filtered out; finished in 15.43s

error: test failed, to rerun pass `-p wamn-proof-integration --lib`
