pgbench (18.6 (Debian 18.6-1.pgdg13+2))
transaction type: /tmp/bench.sql
scaling factor: 1
query mode: prepared
number of clients: 1
number of threads: 1
maximum number of tries: 1
duration: 10 s
number of transactions actually processed: 251187
number of failed transactions: 0 (0.000%)
latency average = 0.040 ms
initial connection time = 5.900 ms
tps = 25133.061031 (without initial connection time)
===LOGS===
0 22 32 0 1788867172 75308
0 29 31 0 1788867172 75548
0 55 32 0 1788867172 76530
0 79 49 0 1788867172 77563
0 110 41 0 1788867172 78909
0 114 47 0 1788867172 79084
0 131 36 0 1788867172 79680
0 140 31 0 1788867172 79965
0 195 86 0 1788867172 81968
0 201 47 0 1788867172 82259
0 212 46 0 1788867172 82747
0 273 37 0 1788867172 85226
0 282 42 0 1788867172 85568
0 295 32 0 1788867172 86123
0 314 31 0 1788867172 86735
0 317 34 0 1788867172 86834
0 328 31 0 1788867172 87177
0 337 31 0 1788867172 87459
0 376 32 0 1788867172 88718
0 383 30 0 1788867172 88936
0 384 31 0 1788867172 88968
0 418 31 0 1788867172 90060
0 427 31 0 1788867172 90354
0 428 32 0 1788867172 90387
0 450 32 0 1788867172 91110
0 481 41 0 1788867172 92249
0 491 45 0 1788867172 92711
0 502 44 0 1788867172 93187
0 522 42 0 1788867172 94044
0 526 44 0 1788867172 94217
0 557 38 0 1788867172 95448
0 577 49 0 1788867172 96255
0 581 66 0 1788867172 96527
0 597 33 0 1788867172 97330
0 598 34 0 1788867172 97367
0 650 35 0 1788867172 99356
0 661 36 0 1788867172 99755
0 688 32 0 1788867172 100832
0 707 71 0 1788867172 101836
0 733 30 0 1788867172 102786
0 807 54 0 1788867172 105935
0 817 44 0 1788867172 106376
0 828 32 0 1788867172 106852
0 901 44 0 1788867172 109230
0 922 48 0 1788867172 110399
0 946 31 0 1788867172 111337
0 995 46 0 1788867172 113619
0 1034 81 0 1788867172 115336
0 1037 38 0 1788867172 115489
0 1046 32 0 1788867172 115845
0 1115 45 0 1788867172 118330
0 1123 39 0 1788867172 118715
0 1125 37 0 1788867172 118792
0 1135 34 0 1788867172 119146
0 1142 40 0 1788867172 119411
0 1242 32 0 1788867172 122756
0 1245 32 0 1788867172 122853
0 1247 31 0 1788867172 122917
0 1271 32 0 1788867172 123685
0 1273 33 0 1788867172 123758
0 1292 32 0 1788867172 124370
0 1298 32 0 1788867172 124562
0 1299 32 0 1788867172 124594
0 1301 39 0 1788867172 124678
0 1343 34 0 1788867172 126066
0 1430 32 0 1788867172 129189
0 1495 33 0 1788867172 131502
0 1498 32 0 1788867172 131602
0 1513 31 0 1788867172 132124
0 1519 32 0 1788867172 132331
0 1536 63 0 1788867172 132937
0 1570 31 0 1788867172 134074
0 1575 32 0 1788867172 134237
0 1598 35 0 1788867172 134993
0 1622 37 0 1788867172 135849
0 1675 32 0 1788867172 137718
0 1703 35 0 1788867172 138678
0 1721 32 0 1788867172 139335
0 1733 32 0 1788867172 139745
0 1747 37 0 1788867172 140226
0 1763 33 0 1788867172 140771
0 1765 33 0 1788867172 140841
0 1788 33 0 1788867172 141602
0 1815 32 0 1788867172 142525
0 1830 32 0 1788867172 143079
0 1850 32 0 1788867172 143749
0 1906 39 0 1788867172 145587
0 1913 69 0 1788867172 145903
0 1923 32 0 1788867172 146266
0 1925 33 0 1788867172 146337
0 1963 48 0 1788867172 147649
0 1988 31 0 1788867172 148551
0 1995 32 0 1788867172 148815
0 2027 32 0 1788867172 150170
0 2028 32 0 1788867172 150207
0 2058 32 0 1788867172 151222
0 2090 76 0 1788867172 152652
0 2106 33 0 1788867172 153267
0 2134 31 0 1788867172 154184
0 2195 43 0 1788867172 156262
0 2199 31 0 1788867172 156413
0 2216 31 0 1788867172 156968
0 2221 32 0 1788867172 157128
0 2238 33 0 1788867172 157689
0 2243 32 0 1788867172 157849
0 2247 32 0 1788867172 157977
0 2251 31 0 1788867172 158104
0 2332 31 0 1788867172 161319
0 2345 31 0 1788867172 161751
0 2346 32 0 1788867172 161784
0 2354 32 0 1788867172 162043
0 2368 43 0 1788867172 162532
0 2381 31 0 1788867172 162965
0 2396 31 0 1788867172 163440
0 2412 32 0 1788867172 163988
0 2424 32 0 1788867172 164370
0 2461 32 0 1788867172 165568
0 2476 37 0 1788867172 166142
0 2479 32 0 1788867172 166243
0 2515 40 0 1788867172 167655
0 2523 32 0 1788867172 167921
0 2536 32 0 1788867172 168356
0 2537 33 0 1788867172 168389
0 2541 32 0 1788867172 168518
0 2553 32 0 1788867172 168917
0 2557 32 0 1788867172 169047
0 2567 32 0 1788867172 169372
0 2591 37 0 1788867172 170201
0 2594 32 0 1788867172 170299
0 2638 32 0 1788867172 171792
0 2683 43 0 1788867172 173564
0 2702 43 0 1788867172 174407
0 2724 43 0 1788867172 175396
0 2729 42 0 1788867172 175611
0 2754 43 0 1788867172 176736
0 2766 43 0 1788867172 177259
0 2784 42 0 1788867172 178047
0 2823 43 0 1788867172 179777
0 2846 43 0 1788867172 180889
0 2894 46 0 1788867172 182991
0 2908 51 0 1788867172 183780
0 2912 48 0 1788867172 183978
0 2939 32 0 1788867172 185098
0 2943 32 0 1788867172 185228
0 2956 42 0 1788867172 185662
0 2961 32 0 1788867172 185824
0 2977 32 0 1788867172 186361
0 2985 40 0 1788867172 186731
0 2989 56 0 1788867172 186905
0 3006 86 0 1788867172 187589
0 3020 32 0 1788867172 188074
0 3044 37 0 1788867172 189051
0 3055 34 0 1788867172 189458
0 3079 31 0 1788867172 190345
0 3084 33 0 1788867172 190516
0 3113 34 0 1788867172 191535
0 3126 31 0 1788867172 192000
0 3141 31 0 1788867172 192481
0 3143 42 0 1788867172 192559
0 3220 32 0 1788867172 195202
0 3223 32 0 1788867172 195301
0 3241 31 0 1788867172 196004
0 3261 38 0 1788867172 196646
0 3278 33 0 1788867172 197195
0 3300 31 0 1788867172 197902
0 3328 37 0 1788867172 198825
0 3330 39 0 1788867172 198906
0 3341 40 0 1788867172 199405
0 3351 37 0 1788867172 199928
0 3384 31 0 1788867172 201184
0 3395 32 0 1788867172 201558
0 3401 38 0 1788867172 201828
0 3449 33 0 1788867172 203754
0 3451 32 0 1788867172 203822
0 3452 32 0 1788867172 203855
0 3482 33 0 1788867172 204878
0 3489 36 0 1788867172 205117
0 3516 33 0 1788867172 206069
0 3523 53 0 1788867172 206332
0 3549 39 0 1788867172 207481
0 3552 40 0 1788867172 207608
0 3584 37 0 1788867172 209162
0 3629 49 0 1788867172 211176
0 3696 40 0 1788867172 213623
0 3706 32 0 1788867172 213956
0 3722 40 0 1788867172 214486
0 3736 32 0 1788867172 215057
0 3750 43 0 1788867172 215540
0 3792 33 0 1788867172 217068
0 3793 33 0 1788867172 217105
0 3820 34 0 1788867172 218023
0 3826 34 0 1788867172 218229
0 3869 65 0 1788867172 220235
0 3888 42 0 1788867172 221097
0 3890 50 0 1788867172 221195
0 3925 32 0 1788867172 222882
0 3927 35 0 1788867172 222960
0 3930 36 0 1788867172 223070
0 3968 34 0 1788867172 224332
0 3981 31 0 1788867172 224761
0 3982 32 0 1788867172 224794
0 3993 32 0 1788867172 225145
0 3997 32 0 1788867172 225276
0 4006 83 0 1788867172 225675
0 4068 31 0 1788867172 227780
0 4094 35 0 1788867172 228681
0 4109 31 0 1788867172 229164
0 4113 31 0 1788867172 229291
0 4128 31 0 1788867172 229833
0 4153 37 0 1788867172 230658
0 4170 32 0 1788867172 231199
0 4190 32 0 1788867172 231871
0 4198 31 0 1788867172 232125
0 4205 32 0 1788867172 232347
0 4296 32 0 1788867172 235510
0 4399 32 0 1788867172 239064
0 4421 35 0 1788867172 239858
0 4438 32 0 1788867172 240430
0 4458 33 0 1788867172 241110
0 4468 32 0 1788867172 241444
0 4493 32 0 1788867172 242283
0 4503 53 0 1788867172 242643
0 4527 33 0 1788867172 243566
0 4539 32 0 1788867172 244016
0 4547 38 0 1788867172 244342
0 4581 32 0 1788867172 245506
0 4598 35 0 1788867172 246120
0 4605 35 0 1788867172 246399
0 4614 32 0 1788867172 246718
0 4615 31 0 1788867172 246751
0 4632 31 0 1788867172 247286
0 4641 32 0 1788867172 247604
0 4675 39 0 1788867172 248959
0 4726 33 0 1788867172 251243
0 4744 33 0 1788867172 252204
0 4746 35 0 1788867172 252279
0 4808 31 0 1788867172 254923
0 4813 32 0 1788867172 255087
0 4818 68 0 1788867172 255285
0 4819 44 0 1788867172 255333
0 4821 32 0 1788867172 255400
0 4832 31 0 1788867172 255766
0 4836 31 0 1788867172 255894
0 4846 31 0 1788867172 256210
0 4874 32 0 1788867172 257129
0 4906 32 0 1788867172 258158
0 4915 33 0 1788867172 258453
0 4918 31 0 1788867172 258549
0 4924 31 0 1788867172 258751
0 5051 33 0 1788867172 263242
0 5123 32 0 1788867172 265709
0 5127 33 0 1788867172 265846
0 5164 33 0 1788867172 267142
0 5173 33 0 1788867172 267444
0 5188 32 0 1788867172 267953
0 5189 33 0 1788867172 267987
0 5193 32 0 1788867172 268117
0 5197 36 0 1788867172 268254
0 5244 32 0 1788867172 269893
0 5250 32 0 1788867172 270087
0 5273 33 0 1788867172 270849
0 5296 33 0 1788867172 271611
0 5307 32 0 1788867172 271986
0 5313 32 0 1788867172 272186
0 5328 33 0 1788867172 272690
0 5331 40 0 1788867172 272804
0 5341 34 0 1788867172 273201
0 5381 47 0 1788867172 274721
0 5385 43 0 1788867172 274869
0 5414 39 0 1788867172 276374
0 5418 35 0 1788867172 276511
0 5425 31 0 1788867172 276769
0 5462 43 0 1788867172 278122
0 5512 32 0 1788867172 279803
0 5517 34 0 1788867172 279973
0 5536 32 0 1788867172 280583
0 5570 43 0 1788867172 281878
0 5600 38 0 1788867172 283476
0 5646 47 0 1788867172 285545
0 5655 32 0 1788867172 286027
0 5696 57 0 1788867172 287500
0 5701 35 0 1788867172 287737
0 5709 51 0 1788867172 288036
0 5713 39 0 1788867172 288212
0 5717 39 0 1788867172 288369
0 5721 45 0 1788867172 288535
0 5727 32 0 1788867172 288826
0 5738 37 0 1788867172 289209
0 5753 31 0 1788867172 289744
0 5794 31 0 1788867172 291069
0 5847 32 0 1788867172 293077
0 5853 32 0 1788867172 293283
0 5865 33 0 1788867172 293701
0 5876 32 0 1788867172 294068
0 5884 32 0 1788867172 294329
0 5885 32 0 1788867172 294362
0 5899 32 0 1788867172 294823
0 5906 31 0 1788867172 295050
0 5934 43 0 1788867172 295999
0 5935 47 0 1788867172 296050
0 5961 32 0 1788867172 296946
0 5971 32 0 1788867172 297274
0 6037 43 0 1788867172 299878
0 6061 44 0 1788867172 300930
0 6081 35 0 1788867172 301672
0 6095 38 0 1788867172 302138
0 6117 43 0 1788867172 303224
0 6122 42 0 1788867172 303449
0 6145 32 0 1788867172 304298
0 6172 42 0 1788867172 305364
0 6198 43 0 1788867172 306496
0 6219 32 0 1788867172 307341
0 6236 32 0 1788867172 307906
0 6282 32 0 1788867172 309486
0 6313 33 0 1788867172 310533
0 6335 32 0 1788867172 311290
0 6351 39 0 1788867172 311840
0 6362 33 0 1788867172 312211
0 6389 32 0 1788867172 313134
0 6405 33 0 1788867172 313706
0 6408 33 0 1788867172 313808
0 6422 33 0 1788867172 314318
0 6426 31 0 1788867172 314447
0 6430 46 0 1788867172 314591
0 6444 85 0 1788867172 315181
0 6447 58 0 1788867172 315486
0 6466 31 0 1788867172 316141
0 6528 46 0 1788867172 318560
0 6568 37 0 1788867172 319914
0 6592 32 0 1788867172 320712
0 6626 33 0 1788867172 321876
0 6660 31 0 1788867172 323126
0 6682 32 0 1788867172 324043
0 6684 42 0 1788867172 324119
0 6700 41 0 1788867172 324659
0 6736 31 0 1788867172 325819
0 6744 31 0 1788867172 326101
0 6750 32 0 1788867172 326293
0 6805 35 0 1788867172 328113
0 6811 32 0 1788867172 328342
0 6833 32 0 1788867172 329075
0 6874 100 0 1788867172 330527
0 6889 34 0 1788867172 331089
0 6906 34 0 1788867172 331670
0 6933 32 0 1788867172 332546
0 6946 32 0 1788867172 332985
0 6971 32 0 1788867172 333815
0 7004 32 0 1788867172 334900
0 7013 33 0 1788867172 335202
0 7032 32 0 1788867172 335840
0 7036 32 0 1788867172 335970
0 7105 35 0 1788867172 338352
0 7108 32 0 1788867172 338458
0 7133 36 0 1788867172 339376
0 7148 33 0 1788867172 339959
0 7161 34 0 1788867172 340412
0 7168 35 0 1788867172 340666
0 7171 33 0 1788867172 340765
0 7189 34 0 1788867172 341374
0 7204 38 0 1788867172 341910
0 7237 32 0 1788867172 343025
0 7240 32 0 1788867172 343124
0 7246 32 0 1788867172 343320
0 7258 33 0 1788867172 343728
0 7262 33 0 1788867172 343860
0 7271 32 0 1788867172 344153
0 7276 32 0 1788867172 344327
0 7311 40 0 1788867172 345563
0 7383 41 0 1788867172 348160
0 7410 40 0 1788867172 349365
0 7451 38 0 1788867172 350924
0 7467 38 0 1788867172 351801
0 7474 34 0 1788867172 352053
0 7526 37 0 1788867172 353822
0 7548 32 0 1788867172 354569
0 7570 33 0 1788867172 355564
0 7573 33 0 1788867172 355674
0 7591 33 0 1788867172 356275
0 7593 32 0 1788867172 356340
0 7608 31 0 1788867172 356829
0 7631 32 0 1788867172 357609
0 7638 57 0 1788867172 357937
0 7653 35 0 1788867172 358562
0 7693 31 0 1788867172 359908
0 7697 38 0 1788867172 360043
0 7719 42 0 1788867172 360793
0 7723 31 0 1788867172 360923
0 7761 31 0 1788867172 362173
0 7790 38 0 1788867172 363143
0 7813 32 0 1788867172 363940
0 7823 32 0 1788867172 364277
0 7827 33 0 1788867172 364414
0 7888 31 0 1788867172 366749
0 7938 32 0 1788867172 368422
0 7960 32 0 1788867172 369210
0 7976 33 0 1788867172 369742
0 7983 32 0 1788867172 369968
0 7990 33 0 1788867172 370201
0 8156 35 0 1788867172 375812
0 8160 33 0 1788867172 375949
0 8162 32 0 1788867172 376014
0 8192 32 0 1788867172 377055
0 8208 32 0 1788867172 377604
0 8212 32 0 1788867172 377751
0 8229 34 0 1788867172 378334
0 8231 33 0 1788867172 378400
0 8234 35 0 1788867172 378500
0 8246 32 0 1788867172 378900
0 8247 33 0 1788867172 378934
0 8248 33 0 1788867172 378967
0 8287 32 0 1788867172 380265
0 8290 37 0 1788867172 380375
0 8306 32 0 1788867172 380954
0 8314 31 0 1788867172 381238
0 8335 54 0 1788867172 382150
0 8337 37 0 1788867172 382230
0 8338 33 0 1788867172 382265
0 8353 43 0 1788867172 382824
0 8375 60 0 1788867172 384110
0 8383 110 0 1788867172 384915
0 8392 39 0 1788867172 385571
0 8393 33 0 1788867172 385606
0 8398 31 0 1788867172 385778
0 8414 31 0 1788867172 386455
0 8424 38 0 1788867172 386913
0 8481 71 0 1788867172 390865
0 8486 74 0 1788867172 391305
0 8519 49 0 1788867172 392954
0 8575 32 0 1788867172 395558
0 8600 32 0 1788867172 396383
0 8634 32 0 1788867172 397501
0 8655 32 0 1788867172 398226
0 8671 34 0 1788867172 398829
0 8693 42 0 1788867172 399822
0 8696 51 0 1788867172 399962
0 8756 31 0 1788867172 401927
0 8766 32 0 1788867172 402256
0 8797 69 0 1788867172 403654
0 8801 34 0 1788867172 403792
0 8804 32 0 1788867172 403891
0 8828 43 0 1788867172 405031
0 8833 35 0 1788867172 405221
0 8861 43 0 1788867172 406300
0 8871 45 0 1788867172 406852
0 8873 48 0 1788867172 406950
0 8885 53 0 1788867172 407575
0 8887 54 0 1788867172 407729
0 8909 47 0 1788867172 409727
0 8912 42 0 1788867172 409858
0 8941 53 0 1788867172 412060
0 8959 55 0 1788867172 412843
0 8989 43 0 1788867172 414737
0 8997 37 0 1788867172 415068
0 9041 36 0 1788867172 417930
0 9063 39 0 1788867172 418789
0 9065 39 0 1788867172 418868
0 9071 38 0 1788867172 419106
0 9088 44 0 1788867172 419862
0 9184 37 0 1788867172 425560
0 9186 81 0 1788867172 425692
0 9200 33 0 1788867172 426171
0 9236 36 0 1788867172 427424
0 9258 36 0 1788867172 428342
0 9276 35 0 1788867172 428991
0 9288 35 0 1788867172 429417
0 9315 34 0 1788867172 430603
0 9338 33 0 1788867172 431464
0 9356 32 0 1788867172 432070
0 9361 32 0 1788867172 432234
0 9388 36 0 1788867172 433163
0 9451 33 0 1788867172 435429
0 9467 32 0 1788867172 435986
0 9490 33 0 1788867172 436787
0 9494 33 0 1788867172 436924
0 9506 35 0 1788867172 437344
0 9537 39 0 1788867172 438475
0 9574 90 0 1788867172 440155
0 9577 81 0 1788867172 440430
0 9646 51 0 1788867172 443640
0 9648 45 0 1788867172 443737
0 9665 44 0 1788867172 444495
0 9707 67 0 1788867172 446662
0 9714 62 0 1788867172 447162
0 9717 53 0 1788867172 447371
0 9747 38 0 1788867172 448984
0 9752 42 0 1788867172 449200
0 9768 37 0 1788867172 449848
0 9770 77 0 1788867172 449984
0 9776 107 0 1788867172 450378
0 9780 134 0 1788867172 450711
0 9784 45 0 1788867172 450920
0 9813 43 0 1788867172 452539
0 9862 45 0 1788867172 454832
0 9897 44 0 1788867172 456497
0 9898 45 0 1788867172 456545
0 9899 45 0 1788867172 456592
0 9906 45 0 1788867172 456924
0 9909 47 0 1788867172 457062
0 9913 44 0 1788867172 457244
0 9927 104 0 1788867172 457952
0 9946 45 0 1788867172 458628
0 9951 34 0 1788867172 458825
0 9984 35 0 1788867172 460138
0 9992 37 0 1788867172 460438
0 10013 58 0 1788867172 461437
0 10023 56 0 1788867172 461978
0 10046 33 0 1788867172 462752
0 10104 35 0 1788867172 464864
0 10116 33 0 1788867172 465286
0 10146 32 0 1788867172 466301
0 10150 33 0 1788867172 466433
0 10173 33 0 1788867172 467233
0 10227 33 0 1788867172 469073
0 10235 44 0 1788867172 469391
0 10238 33 0 1788867172 469497
0 10257 33 0 1788867172 470177
0 10261 34 0 1788867172 470316
0 10268 35 0 1788867172 470560
0 10323 43 0 1788867172 472646
0 10356 33 0 1788867172 473788
0 10446 35 0 1788867172 477115
0 10449 35 0 1788867172 477224
0 10451 53 0 1788867172 477325
0 10469 54 0 1788867172 478478
0 10513 33 0 1788867172 480334
0 10553 61 0 1788867172 483155
0 10584 32 0 1788867172 484468
0 10631 34 0 1788867172 486209
0 10639 33 0 1788867172 486488
0 10644 44 0 1788867172 486670
0 10654 32 0 1788867172 487002
0 10658 33 0 1788867172 487135
0 10694 41 0 1788867172 488509
0 10708 33 0 1788867172 489051
0 10763 32 0 1788867172 490954
0 10778 33 0 1788867172 491474
0 10782 35 0 1788867172 491609
0 10786 39 0 1788867172 491770
0 10789 33 0 1788867172 491878
0 10811 40 0 1788867172 492905
0 10822 47 0 1788867172 493311
0 10845 42 0 1788867172 494231
0 10846 46 0 1788867172 494279
0 10866 34 0 1788867172 495028
0 10888 33 0 1788867172 495847
0 10929 88 0 1788867172 497603
0 10953 44 0 1788867172 498722
0 10973 43 0 1788867172 499600
0 11047 43 0 1788867172 502973
0 11071 33 0 1788867172 503798
0 11098 43 0 1788867172 505011
0 11127 44 0 1788867172 506440
0 11130 46 0 1788867172 506590
0 11153 71 0 1788867172 507781
0 11165 0 0 1788867172 508255
0 11180 34 0 1788867172 508943
0 11191 42 0 1788867172 509355
0 11195 33 0 1788867172 509495
0 11200 33 0 1788867172 509695
0 11203 33 0 1788867172 509796
0 11222 34 0 1788867172 510470
0 11225 33 0 1788867172 510571
0 11228 35 0 1788867172 510691
0 11230 33 0 1788867172 510758
0 11231 32 0 1788867172 510792
0 11261 33 0 1788867172 511856
0 11267 33 0 1788867172 512052
0 11278 34 0 1788867172 512423
0 11282 35 0 1788867172 512570
0 11306 33 0 1788867172 513496
0 11310 40 0 1788867172 513649
0 11312 34 0 1788867172 513719
0 11333 49 0 1788867172 514645
0 11369 39 0 1788867172 516078
0 11381 38 0 1788867172 516667
0 11409 63 0 1788867172 517663
0 11421 32 0 1788867172 518064
0 11423 32 0 1788867172 518130
0 11429 32 0 1788867172 518334
0 11467 50 0 1788867172 519769
0 11480 33 0 1788867172 520244
0 11489 34 0 1788867172 520551
0 11555 32 0 1788867172 522873
0 11574 33 0 1788867172 523510
0 11589 32 0 1788867172 524013
0 11596 33 0 1788867172 524247
0 11600 33 0 1788867172 524379
0 11635 33 0 1788867172 525532
0 11693 33 0 1788867172 527516
0 11699 33 0 1788867172 527725
0 11713 41 0 1788867172 528231
0 11732 34 0 1788867172 528876
0 11744 33 0 1788867172 529335
0 11761 50 0 1788867172 530150
0 11776 36 0 1788867172 530684
0 11787 32 0 1788867172 531043
0 11799 32 0 1788867172 531439
0 11821 33 0 1788867172 532238
0 11840 32 0 1788867172 532885
0 11841 33 0 1788867172 532920
0 11849 33 0 1788867172 533185
0 11942 33 0 1788867172 536431
0 11953 33 0 1788867172 536844
0 11970 34 0 1788867172 537420
0 12004 34 0 1788867172 538690
0 12007 37 0 1788867172 538802
0 12056 33 0 1788867172 540509
0 12066 34 0 1788867172 540882
0 12073 36 0 1788867172 541130
0 12092 49 0 1788867172 541866
0 12095 38 0 1788867172 541995
0 12111 33 0 1788867172 542555
0 12168 33 0 1788867172 544558
0 12180 35 0 1788867172 545046
0 12232 40 0 1788867172 547237
0 12245 34 0 1788867172 547789
0 12271 33 0 1788867172 548997
0 12295 46 0 1788867172 549902
0 12306 47 0 1788867172 550411
0 12324 36 0 1788867172 551222
0 12335 38 0 1788867172 551619
0 12341 32 0 1788867172 551836
0 12360 33 0 1788867172 552486
0 12361 33 0 1788867172 552521
0 12366 35 0 1788867172 552704
0 12370 33 0 1788867172 552836
0 12373 33 0 1788867172 552935
0 12400 64 0 1788867172 554021
0 12422 43 0 1788867172 555082
0 12426 41 0 1788867172 555251
0 12440 43 0 1788867172 555928
0 12491 33 0 1788867172 558576
0 12520 36 0 1788867172 560076
0 12535 58 0 1788867172 561193
0 12553 43 0 1788867172 562409
0 12555 41 0 1788867172 562497
0 12575 73 0 1788867172 563436
0 12605 78 0 1788867172 564938
0 12630 61 0 1788867172 566959
0 12633 86 0 1788867172 567275
0 12649 49 0 1788867172 568247
0 12656 54 0 1788867172 568826
0 12659 49 0 1788867172 568979
0 12689 40 0 1788867172 570429
0 12694 56 0 1788867172 570649
0 12734 34 0 1788867172 572257
0 12740 34 0 1788867172 572468
0 12751 34 0 1788867172 572918
0 12786 37 0 1788867172 574161
0 12847 35 0 1788867172 576313
0 12849 34 0 1788867172 576387
0 12852 34 0 1788867172 576490
0 12903 36 0 1788867172 578392
0 12938 35 0 1788867172 579790
0 12967 34 0 1788867172 581125
0 12990 35 0 1788867172 582046
0 13005 37 0 1788867172 582733
0 13008 37 0 1788867172 582845
0 13015 38 0 1788867172 583131
0 13061 34 0 1788867172 584890
0 13070 33 0 1788867172 585196
0 13092 33 0 1788867172 585943
0 13105 33 0 1788867172 586392
0 13113 35 0 1788867172 586672
0 13130 33 0 1788867172 587236
0 13144 33 0 1788867172 587740
0 13151 36 0 1788867172 587992
0 13186 37 0 1788867172 589302
0 13198 33 0 1788867172 589734
0 13203 33 0 1788867172 589903
0 13214 34 0 1788867172 590322
0 13239 34 0 1788867172 591201
0 13289 33 0 1788867172 593010
0 13290 34 0 1788867172 593046
0 13295 34 0 1788867172 593218
0 13300 36 0 1788867172 593399
0 13342 36 0 1788867172 594918
0 13368 35 0 1788867172 595867
0 13380 33 0 1788867172 596290
0 13381 41 0 1788867172 596332
0 13389 44 0 1788867172 596668
0 13396 34 0 1788867172 596919
0 13421 49 0 1788867172 597972
0 13429 45 0 1788867172 598377
0 13445 33 0 1788867172 599060
0 13457 34 0 1788867172 599505
0 13477 34 0 1788867172 600201
0 13515 33 0 1788867172 601542
0 13532 35 0 1788867172 602148
0 13536 34 0 1788867172 602286
0 13552 34 0 1788867172 602881
0 13605 35 0 1788867172 604829
0 13617 34 0 1788867172 605253
0 13634 35 0 1788867172 605881
0 13640 34 0 1788867172 606094
0 13672 34 0 1788867172 607276
0 13690 34 0 1788867172 607945
0 13713 35 0 1788867172 608808
0 13754 34 0 1788867172 610326
0 13768 34 0 1788867172 610841
0 13783 34 0 1788867172 611363
0 13786 38 0 1788867172 611470
0 13809 41 0 1788867172 612312
0 13824 38 0 1788867172 612938
0 13839 56 0 1788867172 613506
0 13895 59 0 1788867172 616085
0 13913 34 0 1788867172 616982
0 13917 34 0 1788867172 617121
0 13930 34 0 1788867172 617559
0 13942 34 0 1788867172 617985
0 13944 34 0 1788867172 618054
0 13947 34 0 1788867172 618156
0 13974 33 0 1788867172 619104
0 13982 39 0 1788867172 619384
0 13994 43 0 1788867172 619836
0 14064 34 0 1788867172 622357
0 14110 37 0 1788867172 623983
0 14116 33 0 1788867172 624195
0 14119 33 0 1788867172 624296
0 14130 36 0 1788867172 624674
0 14174 34 0 1788867172 626208
0 14183 49 0 1788867172 626599
0 14193 33 0 1788867172 626958
0 14238 33 0 1788867172 628551
0 14245 35 0 1788867172 628823
0 14319 35 0 1788867172 631468
0 14352 35 0 1788867172 632721
0 14363 34 0 1788867172 633117
0 14376 34 0 1788867172 633562
0 14388 37 0 1788867172 633994
0 14411 34 0 1788867172 634803
0 14434 40 0 1788867172 635659
0 14439 46 0 1788867172 635849
0 14459 34 0 1788867172 636547
0 14472 46 0 1788867172 637065
0 14573 34 0 1788867172 640808
0 14582 38 0 1788867172 641140
0 14583 35 0 1788867172 641176
0 14590 35 0 1788867172 641426
0 14605 34 0 1788867172 641960
0 14653 38 0 1788867172 643903
0 14732 33 0 1788867172 646856
0 14744 39 0 1788867172 647283
0 14756 34 0 1788867172 648050
0 14796 62 0 1788867172 650002
0 14797 78 0 1788867172 650095
0 14825 37 0 1788867172 651447
0 14836 45 0 1788867172 651986
0 14838 45 0 1788867172 652080
0 14849 34 0 1788867172 652556
0 14865 45 0 1788867172 653237
0 14898 45 0 1788867172 654782
0 14991 51 0 1788867172 659253
0 14998 140 0 1788867172 659722
0 14999 71 0 1788867172 659796
0 15006 49 0 1788867172 660259
0 15023 33 0 1788867172 661051
0 15053 34 0 1788867172 662109
0 15069 37 0 1788867172 662656
0 15147 34 0 1788867172 665452
0 15160 34 0 1788867172 665913
0 15163 38 0 1788867172 666024
0 15171 34 0 1788867172 666306
0 15184 36 0 1788867172 666786
0 15187 37 0 1788867172 666892
0 15224 33 0 1788867172 668330
0 15229 34 0 1788867172 668503
0 15291 35 0 1788867172 670701
0 15304 34 0 1788867172 671208
0 15321 36 0 1788867172 671867
0 15329 36 0 1788867172 672153
0 15334 35 0 1788867172 672332
0 15337 35 0 1788867172 672437
0 15347 41 0 1788867172 672867
0 15349 38 0 1788867172 672947
0 15376 39 0 1788867172 673956
0 15413 35 0 1788867172 675327
0 15420 43 0 1788867172 675633
0 15433 40 0 1788867172 676112
0 15447 41 0 1788867172 676648
0 15450 35 0 1788867172 676756
0 15452 35 0 1788867172 676828
0 15477 34 0 1788867172 677741
0 15478 34 0 1788867172 677776
0 15479 33 0 1788867172 677810
0 15482 40 0 1788867172 677922
0 15506 103 0 1788867172 679088
0 15518 43 0 1788867172 679772
0 15597 32 0 1788867172 683305
0 15599 33 0 1788867172 683377
0 15603 32 0 1788867172 683509
0 15604 33 0 1788867172 683543
0 15621 33 0 1788867172 684261
0 15637 32 0 1788867172 684816
0 15655 32 0 1788867172 685412
0 15662 52 0 1788867172 685663
0 15695 38 0 1788867172 686851
0 15712 33 0 1788867172 687517
0 15776 32 0 1788867172 689770
0 15822 33 0 1788867172 691314
0 15839 32 0 1788867172 691904
0 15872 33 0 1788867172 693017
0 15881 34 0 1788867172 693392
0 15907 33 0 1788867172 694283
0 16013 33 0 1788867172 698045
0 16051 33 0 1788867172 699373
0 16133 34 0 1788867172 702317
0 16148 33 0 1788867172 702838
0 16158 34 0 1788867172 703191
0 16162 34 0 1788867172 703334
0 16172 41 0 1788867172 703773
0 16196 41 0 1788867172 704801
0 16197 47 0 1788867172 704887
0 16201 40 0 1788867172 705058
0 16220 45 0 1788867172 705862
0 16234 40 0 1788867172 706440
0 16244 40 0 1788867172 706860
0 16264 42 0 1788867172 707697
0 16268 40 0 1788867172 707864
0 16276 40 0 1788867172 708199
0 16280 43 0 1788867172 708366
0 16302 40 0 1788867172 709275
0 16316 40 0 1788867172 709867
0 16317 41 0 1788867172 709910
0 16318 41 0 1788867172 709952
0 16323 43 0 1788867172 710159
0 16347 37 0 1788867172 711241
0 16381 46 0 1788867172 712844
0 16382 38 0 1788867172 712888
0 16436 35 0 1788867172 714954
0 16472 36 0 1788867172 716250
0 16505 32 0 1788867172 717351
0 16533 33 0 1788867172 718284
0 16546 33 0 1788867172 718722
0 16615 33 0 1788867172 721074
0 16670 33 0 1788867172 722985
0 16687 32 0 1788867172 723557
0 16720 49 0 1788867172 724744
0 16725 34 0 1788867172 724934
0 16737 42 0 1788867172 725506
0 16763 32 0 1788867172 726454
0 16807 33 0 1788867172 727971
0 16826 39 0 1788867172 728641
0 16857 36 0 1788867172 729708
0 16873 33 0 1788867172 730243
0 16883 39 0 1788867172 730625
0 16936 45 0 1788867172 732620
0 16997 33 0 1788867172 734798
0 17065 33 0 1788867172 737167
0 17098 34 0 1788867172 738378
0 17099 34 0 1788867172 738414
0 17122 40 0 1788867172 739386
0 17137 39 0 1788867172 739940
0 17194 34 0 1788867172 741958
0 17210 33 0 1788867172 742508
0 17211 39 0 1788867172 742548
0 17218 33 0 1788867172 742804
0 17245 34 0 1788867172 743733
0 17267 39 0 1788867172 744722
0 17284 36 0 1788867172 745411
0 17307 33 0 1788867172 746318
0 17308 45 0 1788867172 746365
0 17321 32 0 1788867172 747075
0 17340 36 0 1788867172 747770
0 17363 41 0 1788867172 748782
0 17380 41 0 1788867172 749458
0 17411 32 0 1788867172 750569
0 17417 33 0 1788867172 750777
0 17437 32 0 1788867172 751435
0 17445 33 0 1788867172 751707
0 17451 33 0 1788867172 751902
0 17470 33 0 1788867172 752534
0 17515 54 0 1788867172 754247
0 17530 32 0 1788867172 754800
0 17622 33 0 1788867172 757962
0 17635 33 0 1788867172 758607
0 17640 34 0 1788867172 758789
0 17665 38 0 1788867172 759695
0 17667 33 0 1788867172 759764
0 17679 40 0 1788867172 760181
0 17709 33 0 1788867172 761216
0 17737 33 0 1788867172 762340
0 17748 36 0 1788867172 762754
0 17784 34 0 1788867172 764023
0 17790 34 0 1788867172 764242
0 17800 33 0 1788867172 764578
0 17838 37 0 1788867172 765938
0 17840 38 0 1788867172 766013
0 17852 33 0 1788867172 766433
0 17856 33 0 1788867172 766581
0 17861 37 0 1788867172 766766
0 17862 40 0 1788867172 766808
0 17890 33 0 1788867172 767780
0 17896 34 0 1788867172 767995
0 17925 35 0 1788867172 769063
0 17931 40 0 1788867172 769281
0 17952 34 0 1788867172 770048
0 17959 33 0 1788867172 770307
0 17963 36 0 1788867172 770453
0 17965 34 0 1788867172 770521
0 17976 77 0 1788867172 770952
0 17984 32 0 1788867172 771227
0 18008 31 0 1788867172 772047
0 18033 32 0 1788867172 772950
0 18076 32 0 1788867172 774348
0 18119 32 0 1788867172 775826
0 18152 45 0 1788867172 777109
0 18179 39 0 1788867172 778265
0 18182 32 0 1788867172 778385
0 18201 37 0 1788867172 779295
0 18215 43 0 1788867172 779798
0 18232 62 0 1788867172 780470
0 18240 69 0 1788867172 780877
0 18253 47 0 1788867172 781785
0 18313 47 0 1788867172 784377
0 18316 34 0 1788867172 784497
0 18342 32 0 1788867172 785387
0 18349 31 0 1788867172 785609
0 18352 34 0 1788867172 785792
0 18369 32 0 1788867172 786349
0 18391 38 0 1788867172 787148
0 18406 34 0 1788867172 787764
0 18410 43 0 1788867172 787956
0 18423 32 0 1788867172 788469
0 18458 43 0 1788867172 789903
0 18466 42 0 1788867172 790244
0 18475 54 0 1788867172 790734
0 18493 48 0 1788867172 791816
0 18515 37 0 1788867172 792972
0 18520 40 0 1788867172 793154
0 18564 48 0 1788867172 795114
0 18595 33 0 1788867172 796278
0 18632 33 0 1788867172 797776
0 18645 33 0 1788867172 798216
0 18650 32 0 1788867172 798382
0 18696 33 0 1788867172 799940
0 18707 33 0 1788867172 800317
0 18737 33 0 1788867172 801391
0 18745 35 0 1788867172 801677
0 18752 33 0 1788867172 801917
0 18780 36 0 1788867172 802862
0 18784 33 0 1788867172 803004
0 18789 33 0 1788867172 803176
0 18802 50 0 1788867172 803660
0 18806 33 0 1788867172 803831
0 18807 33 0 1788867172 803867
0 18809 36 0 1788867172 803937
0 18836 36 0 1788867172 804945
0 18858 34 0 1788867172 805765
0 18881 39 0 1788867172 806629
0 18938 35 0 1788867172 808867
0 18996 32 0 1788867172 810989
0 19009 32 0 1788867172 811418
0 19014 32 0 1788867172 811591
0 19049 31 0 1788867172 813079
0 19057 32 0 1788867172 813336
0 19065 41 0 1788867172 813622
0 19066 51 0 1788867172 813674
0 19129 32 0 1788867172 816010
0 19132 31 0 1788867172 816106
0 19147 31 0 1788867172 816585
0 19152 32 0 1788867172 816755
0 19181 34 0 1788867172 817689
0 19202 31 0 1788867172 818367
0 19232 31 0 1788867172 819339
0 19237 31 0 1788867172 819498
0 19241 48 0 1788867172 819649
0 19243 32 0 1788867172 819716
0 19268 32 0 1788867172 820551
0 19276 34 0 1788867172 820860
0 19300 47 0 1788867172 821653
0 19305 32 0 1788867172 821822
0 19306 32 0 1788867172 821855
0 19369 32 0 1788867172 823951
0 19374 32 0 1788867172 824120
0 19382 35 0 1788867172 824402
0 19423 33 0 1788867172 825885
0 19434 35 0 1788867172 826261
0 19442 38 0 1788867172 826559
0 19481 33 0 1788867172 827988
0 19526 60 0 1788867172 829669
0 19540 44 0 1788867172 830171
0 19566 42 0 1788867172 831258
0 19597 56 0 1788867172 832651
0 19607 44 0 1788867172 833088
0 19621 43 0 1788867172 833703
0 19657 42 0 1788867172 835254
0 19660 42 0 1788867172 835383
0 19691 43 0 1788867172 836768
0 19728 33 0 1788867172 838301
0 19734 44 0 1788867172 838518
0 19745 32 0 1788867172 838980
0 19755 34 0 1788867172 839310
0 19763 32 0 1788867172 839591
0 19775 32 0 1788867172 840028
0 19780 32 0 1788867172 840190
0 19796 32 0 1788867172 840728
0 19852 32 0 1788867172 842543
0 19893 40 0 1788867172 844203
0 19898 38 0 1788867172 844398
0 19923 32 0 1788867172 845339
0 20020 37 0 1788867172 849351
0 20077 32 0 1788867172 851261
0 20084 35 0 1788867172 851503
0 20107 32 0 1788867172 852252
0 20115 32 0 1788867172 852506
0 20194 79 0 1788867172 855536
0 20200 54 0 1788867172 855954
0 20204 45 0 1788867172 856122
0 20217 46 0 1788867172 856718
0 20227 47 0 1788867172 857238
0 20241 49 0 1788867172 858003
0 20243 47 0 1788867172 858106
0 20250 45 0 1788867172 858432
0 20362 48 0 1788867172 863408
0 20370 53 0 1788867172 863821
0 20381 45 0 1788867172 864389
0 20395 34 0 1788867172 865144
0 20401 46 0 1788867172 865403
0 20412 46 0 1788867172 865931
0 20425 58 0 1788867172 867205
0 20426 57 0 1788867172 867266
0 20428 54 0 1788867172 867378
0 20446 40 0 1788867172 868156
0 20458 43 0 1788867172 868718
0 20465 59 0 1788867172 869110
0 20481 42 0 1788867172 869957
0 20502 31 0 1788867172 870868
0 20514 40 0 1788867172 871371
0 20534 34 0 1788867172 872156
0 20628 31 0 1788867172 875266
0 20633 32 0 1788867172 875440
0 20635 32 0 1788867172 875507
0 20657 33 0 1788867172 876266
0 20669 37 0 1788867172 876720
0 20683 32 0 1788867172 877228
0 20686 38 0 1788867172 877333
0 20708 36 0 1788867172 878203
0 20717 33 0 1788867172 878504
0 20727 105 0 1788867172 878999
0 20753 33 0 1788867172 880000
0 20754 33 0 1788867172 880034
0 20773 35 0 1788867172 880748
0 20787 42 0 1788867172 881331
0 20801 46 0 1788867172 881998
0 20807 44 0 1788867172 882287
0 20816 33 0 1788867172 882701
0 20818 31 0 1788867172 882766
0 20842 32 0 1788867172 883556
0 20887 32 0 1788867172 885010
0 20890 32 0 1788867172 885106
0 20941 32 0 1788867172 886777
0 20963 82 0 1788867172 887579
0 20977 32 0 1788867172 888200
0 21007 31 0 1788867172 889229
0 21015 32 0 1788867172 889486
0 21019 44 0 1788867172 889633
0 21026 44 0 1788867172 889938
0 21052 42 0 1788867172 891059
0 21061 42 0 1788867172 891442
0 21140 32 0 1788867172 894509
0 21174 32 0 1788867172 895737
0 21183 32 0 1788867172 896057
0 21186 36 0 1788867172 896161
0 21196 32 0 1788867172 896497
0 21247 35 0 1788867172 898219
0 21253 32 0 1788867172 898424
0 21263 32 0 1788867172 898773
0 21267 32 0 1788867172 898904
0 21325 33 0 1788867172 900923
0 21392 33 0 1788867172 903195
0 21396 32 0 1788867172 903327
0 21443 32 0 1788867172 904895
0 21497 33 0 1788867172 906787
0 21559 54 0 1788867172 909054
0 21568 37 0 1788867172 909418
0 21588 39 0 1788867172 910237
0 21604 42 0 1788867172 910903
0 21646 34 0 1788867172 912721
0 21672 32 0 1788867172 913577
0 21683 57 0 1788867172 914172
0 21690 45 0 1788867172 914543
0 21708 42 0 1788867172 915278
0 21716 46 0 1788867172 915605
0 21722 42 0 1788867172 915880
0 21758 42 0 1788867172 917462
0 21762 55 0 1788867172 917648
0 21792 45 0 1788867172 919017
0 21822 50 0 1788867172 920359
0 21834 45 0 1788867172 920887
0 21860 32 0 1788867172 921750
0 21862 32 0 1788867172 921815
0 21877 32 0 1788867172 922312
0 21888 38 0 1788867172 922696
0 21979 35 0 1788867172 926117
0 21986 33 0 1788867172 926351
0 21992 39 0 1788867172 926561
0 22011 46 0 1788867172 927285
0 22039 45 0 1788867172 928414
0 22045 49 0 1788867172 928632
0 22051 32 0 1788867172 928851
0 22066 32 0 1788867172 929341
0 22071 44 0 1788867172 929564
0 22115 48 0 1788867172 931787
0 22143 49 0 1788867172 933162
0 22155 48 0 1788867172 933724
0 22183 48 0 1788867172 935056
0 22205 44 0 1788867172 936097
0 22212 50 0 1788867172 936428
0 22231 51 0 1788867172 937425
0 22265 49 0 1788867172 939217
0 22293 53 0 1788867172 940699
0 22317 49 0 1788867172 941832
0 22325 49 0 1788867172 942234
0 22345 44 0 1788867172 943201
0 22366 48 0 1788867172 944288
0 22383 40 0 1788867172 945139
0 22390 33 0 1788867172 945406
0 22393 32 0 1788867172 945517
0 22395 32 0 1788867172 945582
0 22400 31 0 1788867172 945752
0 22439 35 0 1788867172 947503
0 22446 41 0 1788867172 947892
0 22501 33 0 1788867172 950045
0 22511 31 0 1788867172 950427
0 22559 31 0 1788867172 952082
0 22563 31 0 1788867172 952210
0 22591 32 0 1788867172 953149
0 22604 31 0 1788867172 953584
0 22612 34 0 1788867172 953858
0 22617 42 0 1788867172 954036
0 22628 93 0 1788867172 954552
0 22630 52 0 1788867172 954676
0 22651 53 0 1788867172 955608
0 22698 42 0 1788867172 957373
0 22708 44 0 1788867172 957821
0 22827 31 0 1788867172 962902
0 22857 31 0 1788867172 963873
0 22860 31 0 1788867172 963968
0 22885 32 0 1788867172 964793
0 22905 32 0 1788867172 965445
0 22940 32 0 1788867172 966576
0 22997 43 0 1788867172 969050
0 23009 42 0 1788867172 969574
0 23022 43 0 1788867172 970158
0 23023 42 0 1788867172 970203
0 23065 42 0 1788867172 972096
0 23089 42 0 1788867172 973150
0 23116 42 0 1788867172 974317
0 23120 46 0 1788867172 974492
0 23130 42 0 1788867172 974933
0 23134 44 0 1788867172 975114
0 23149 45 0 1788867172 975788
0 23174 43 0 1788867172 976913
0 23175 45 0 1788867172 976960
0 23190 35 0 1788867172 977597
0 23248 37 0 1788867172 979921
0 23267 52 0 1788867172 980649
0 23273 38 0 1788867172 980880
0 23281 54 0 1788867172 981244
0 23301 42 0 1788867172 982204
0 23304 42 0 1788867172 982334
0 23343 42 0 1788867172 984049
0 23348 42 0 1788867172 984264
0 23376 43 0 1788867172 985487
0 23497 43 0 1788867172 990772
0 23510 42 0 1788867172 991336
0 23520 42 0 1788867172 991778
0 23524 42 0 1788867172 991950
0 23528 43 0 1788867172 992122
0 23533 42 0 1788867172 992335
0 23568 43 0 1788867172 993934
0 23614 51 0 1788867172 995640
0 23622 32 0 1788867172 995926
0 23674 32 0 1788867172 997716
0 23688 32 0 1788867172 998186
0 23715 33 0 1788867172 999144
0 23720 40 0 1788867172 999317
0 23745 34 0 1788867173 215
0 23760 32 0 1788867173 811
0 23766 32 0 1788867173 1014
0 23770 34 0 1788867173 1178
0 23775 41 0 1788867173 1368
0 23813 37 0 1788867173 2688
0 23864 37 0 1788867173 4624
0 23881 32 0 1788867173 5179
0 23942 37 0 1788867173 7457
0 23949 37 0 1788867173 7732
0 23977 31 0 1788867173 8980
0 23978 32 0 1788867173 9014
0 23989 31 0 1788867173 9361
0 23994 64 0 1788867173 9552
0 24008 31 0 1788867173 10059
0 24021 32 0 1788867173 10522
0 24096 43 0 1788867173 13690
0 24108 89 0 1788867173 14319
0 24121 32 0 1788867173 14862
0 24199 38 0 1788867173 17666
0 24205 31 0 1788867173 17859
0 24236 42 0 1788867173 19220
0 24244 42 0 1788867173 19567
0 24268 31 0 1788867173 20609
0 24288 32 0 1788867173 21281
0 24290 51 0 1788867173 21391
0 24305 32 0 1788867173 22035
0 24315 321 0 1788867173 22665
0 24331 42 0 1788867173 23395
0 24398 37 0 1788867173 26481
0 24400 37 0 1788867173 26559
0 24426 32 0 1788867173 27474
0 24433 32 0 1788867173 27744
0 24437 32 0 1788867173 27873
0 24440 32 0 1788867173 27969
0 24490 33 0 1788867173 29738
0 24531 47 0 1788867173 31695
0 24533 63 0 1788867173 31816
0 24620 32 0 1788867173 34924
0 24626 32 0 1788867173 35122
0 24634 32 0 1788867173 35382
0 24651 33 0 1788867173 35982
0 24702 33 0 1788867173 37756
0 24711 32 0 1788867173 38050
0 24722 33 0 1788867173 38484
0 24744 33 0 1788867173 39233
0 24754 33 0 1788867173 39566
0 24760 35 0 1788867173 39811
0 24808 36 0 1788867173 41436
0 24816 35 0 1788867173 41717
0 24825 32 0 1788867173 42012
0 24829 35 0 1788867173 42146
0 24893 37 0 1788867173 44790
0 24896 47 0 1788867173 44917
0 24908 32 0 1788867173 45324
0 24922 98 0 1788867173 45882
0 24925 54 0 1788867173 46086
0 24971 35 0 1788867173 47835
0 24991 0 0 1788867173 48664
0 25007 31 0 1788867173 49197
0 25015 32 0 1788867173 49453
0 25034 32 0 1788867173 50137
0 25044 31 0 1788867173 50515
0 25100 32 0 1788867173 52360
0 25103 31 0 1788867173 52456
0 25106 31 0 1788867173 52552
0 25107 32 0 1788867173 52585
0 25133 32 0 1788867173 53450
0 25158 34 0 1788867173 54293
0 25159 33 0 1788867173 54329
0 25172 31 0 1788867173 54784
0 25180 31 0 1788867173 55037
0 25199 44 0 1788867173 55649
0 25206 31 0 1788867173 55874
0 25225 33 0 1788867173 56481
0 25243 31 0 1788867173 57063
0 25251 32 0 1788867173 57318
0 25273 32 0 1788867173 58037
0 25308 37 0 1788867173 59336
0 25319 32 0 1788867173 59742
0 25354 31 0 1788867173 60993
0 25359 31 0 1788867173 61160
0 25407 33 0 1788867173 62780
0 25428 33 0 1788867173 63461
0 25446 32 0 1788867173 64076
0 25471 32 0 1788867173 64925
0 25476 32 0 1788867173 65088
0 25483 33 0 1788867173 65320
0 25530 32 0 1788867173 66875
0 25543 32 0 1788867173 67309
0 25549 36 0 1788867173 67537
0 25573 32 0 1788867173 68326
0 25586 32 0 1788867173 68789
0 25625 32 0 1788867173 70080
0 25650 36 0 1788867173 70914
0 25652 32 0 1788867173 70982
0 25698 37 0 1788867173 72595
0 25727 32 0 1788867173 73560
0 25741 32 0 1788867173 74045
0 25750 32 0 1788867173 74336
0 25755 38 0 1788867173 74506
0 25764 32 0 1788867173 74807
0 25803 34 0 1788867173 76196
0 25848 32 0 1788867173 78112
0 25878 41 0 1788867173 79281
0 25902 34 0 1788867173 80271
0 25921 31 0 1788867173 80929
0 25952 32 0 1788867173 81984
0 26033 59 0 1788867173 85170
0 26036 41 0 1788867173 85342
0 26060 39 0 1788867173 86335
0 26088 32 0 1788867173 87357
0 26099 33 0 1788867173 87751
0 26123 44 0 1788867173 88878
0 26128 50 0 1788867173 89145
0 26132 36 0 1788867173 89318
0 26162 32 0 1788867173 90447
0 26172 36 0 1788867173 90797
0 26219 43 0 1788867173 92742
0 26242 44 0 1788867173 93822
0 26256 51 0 1788867173 94531
0 26270 47 0 1788867173 95310
0 26275 51 0 1788867173 95549
0 26277 140 0 1788867173 95863
0 26290 78 0 1788867173 96701
0 26293 60 0 1788867173 96884
0 26299 96 0 1788867173 97402
0 26316 64 0 1788867173 101217
0 26337 94 0 1788867173 102698
0 26383 37 0 1788867173 105491
0 26404 47 0 1788867173 106424
0 26421 32 0 1788867173 107100
0 26447 32 0 1788867173 108106
0 26504 45 0 1788867173 111862
0 26520 146 0 1788867173 113475
0 26532 74 0 1788867173 114318
0 26539 65 0 1788867173 114837
0 26549 63 0 1788867173 115472
0 26550 61 0 1788867173 115534
0 26564 37 0 1788867173 116128
0 26576 37 0 1788867173 116586
0 26585 38 0 1788867173 116955
0 26587 37 0 1788867173 117034
0 26592 37 0 1788867173 117221
0 26602 44 0 1788867173 117621
0 26605 41 0 1788867173 117762
0 26635 41 0 1788867173 119285
0 26661 54 0 1788867173 120766
0 26675 36 0 1788867173 121304
0 26684 33 0 1788867173 121611
0 26701 42 0 1788867173 122335
0 26709 44 0 1788867173 122678
0 26726 57 0 1788867173 123542
0 26728 77 0 1788867173 123681
0 26756 40 0 1788867173 124794
0 26769 32 0 1788867173 125264
0 26788 32 0 1788867173 125907
0 26823 33 0 1788867173 127225
0 26829 32 0 1788867173 127433
0 26843 32 0 1788867173 127904
0 26856 46 0 1788867173 128404
0 26860 45 0 1788867173 128585
0 26861 51 0 1788867173 128637
0 26885 32 0 1788867173 129506
0 26893 33 0 1788867173 129788
0 26894 33 0 1788867173 129822
0 26935 32 0 1788867173 131189
0 26941 87 0 1788867173 131469
0 26948 32 0 1788867173 131720
0 26979 36 0 1788867173 132790
0 26994 32 0 1788867173 133356
0 27037 33 0 1788867173 134825
0 27119 42 0 1788867173 137624
0 27131 34 0 1788867173 138039
0 27215 33 0 1788867173 141044
0 27250 40 0 1788867173 142291
0 27307 131 0 1788867173 144597
0 27329 34 0 1788867173 145561
0 27340 59 0 1788867173 146031
0 27347 40 0 1788867173 146347
0 27350 38 0 1788867173 146471
0 27358 37 0 1788867173 146851
0 27367 37 0 1788867173 147200
0 27377 35 0 1788867173 147550
0 27406 32 0 1788867173 148603
0 27423 32 0 1788867173 149180
0 27425 32 0 1788867173 149246
0 27434 32 0 1788867173 149542
0 27468 64 0 1788867173 150779
0 27510 32 0 1788867173 152271
0 27523 33 0 1788867173 152718
0 27536 33 0 1788867173 153148
0 27546 35 0 1788867173 153482
0 27567 33 0 1788867173 154255
0 27569 33 0 1788867173 154325
0 27578 39 0 1788867173 154635
0 27596 33 0 1788867173 155296
0 27599 32 0 1788867173 155394
0 27607 41 0 1788867173 155699
0 27630 32 0 1788867173 156455
0 27637 33 0 1788867173 156692
0 27656 39 0 1788867173 157324
0 27667 34 0 1788867173 157703
0 27685 36 0 1788867173 158311
0 27707 33 0 1788867173 159069
0 27709 33 0 1788867173 159136
0 27711 33 0 1788867173 159211
0 27717 36 0 1788867173 159415
0 27737 34 0 1788867173 160101
0 27745 37 0 1788867173 160384
0 27758 34 0 1788867173 160844
0 27760 33 0 1788867173 160912
0 27771 33 0 1788867173 161285
0 27778 39 0 1788867173 161533
0 27792 37 0 1788867173 162041
0 27819 44 0 1788867173 163057
0 27864 33 0 1788867173 164594
0 27921 45 0 1788867173 166611
0 27926 34 0 1788867173 166812
0 27932 36 0 1788867173 167023
0 27935 36 0 1788867173 167132
0 27987 33 0 1788867173 169027
0 27993 34 0 1788867173 169234
0 28028 33 0 1788867173 170501
0 28034 34 0 1788867173 170714
0 28039 35 0 1788867173 170884
0 28043 33 0 1788867173 171025
0 28047 39 0 1788867173 171174
0 28050 41 0 1788867173 171290
0 28095 33 0 1788867173 173040
0 28105 34 0 1788867173 173398
0 28114 33 0 1788867173 173712
0 28138 36 0 1788867173 174540
0 28150 42 0 1788867173 175009
0 28154 39 0 1788867173 175158
0 28166 44 0 1788867173 175733
0 28186 94 0 1788867173 176780
0 28192 33 0 1788867173 176991
0 28217 46 0 1788867173 178017
0 28220 88 0 1788867173 178209
0 28230 37 0 1788867173 178956
0 28258 32 0 1788867173 180051
0 28261 32 0 1788867173 180153
0 28267 36 0 1788867173 180355
0 28300 38 0 1788867173 181463
0 28319 32 0 1788867173 182249
0 28360 57 0 1788867173 183663
0 28370 33 0 1788867173 184010
0 28374 35 0 1788867173 184150
0 28376 47 0 1788867173 184243
0 28393 33 0 1788867173 184871
0 28400 34 0 1788867173 185106
0 28405 32 0 1788867173 185270
0 28409 32 0 1788867173 185414
0 28414 32 0 1788867173 185578
0 28435 32 0 1788867173 186294
0 28444 49 0 1788867173 186690
0 28462 33 0 1788867173 187347
0 28481 41 0 1788867173 188123
0 28529 46 0 1788867173 190327
0 28563 34 0 1788867173 191733
0 28584 32 0 1788867173 192464
0 28596 33 0 1788867173 192885
0 28603 33 0 1788867173 193121
0 28608 45 0 1788867173 193342
0 28615 33 0 1788867173 193584
0 28672 33 0 1788867173 195744
0 28717 33 0 1788867173 197275
0 28721 33 0 1788867173 197411
0 28725 33 0 1788867173 197543
0 28735 32 0 1788867173 197885
0 28740 33 0 1788867173 198049
0 28744 33 0 1788867173 198182
0 28759 34 0 1788867173 198692
0 28768 33 0 1788867173 198992
0 28795 33 0 1788867173 199914
0 28812 32 0 1788867173 200505
0 28814 33 0 1788867173 200573
0 28839 33 0 1788867173 201515
0 28852 37 0 1788867173 201973
0 28864 34 0 1788867173 202404
0 28886 34 0 1788867173 203182
0 28893 37 0 1788867173 203428
0 28932 32 0 1788867173 204800
0 28937 39 0 1788867173 204973
0 28998 44 0 1788867173 207209
0 29036 38 0 1788867173 208659
0 29052 33 0 1788867173 209229
0 29055 33 0 1788867173 209331
0 29067 88 0 1788867173 209878
0 29105 33 0 1788867173 211288
0 29125 35 0 1788867173 212146
0 29128 155 0 1788867173 212413
0 29139 33 0 1788867173 212879
0 29156 32 0 1788867173 213443
0 29176 33 0 1788867173 214128
0 29186 32 0 1788867173 214456
0 29215 32 0 1788867173 215421
0 29228 32 0 1788867173 215897
0 29239 33 0 1788867173 216293
0 29262 33 0 1788867173 217059
0 29270 32 0 1788867173 217320
0 29309 32 0 1788867173 218765
0 29312 33 0 1788867173 218866
0 29320 32 0 1788867173 219130
0 29326 37 0 1788867173 219352
0 29332 45 0 1788867173 219585
0 29376 33 0 1788867173 221115
0 29410 34 0 1788867173 222298
0 29421 36 0 1788867173 222686
0 29479 51 0 1788867173 224900
0 29482 34 0 1788867173 225005
0 29568 33 0 1788867173 228012
0 29579 34 0 1788867173 228411
0 29628 34 0 1788867173 230118
0 29670 33 0 1788867173 231567
0 29695 34 0 1788867173 232564
0 29715 33 0 1788867173 233337
0 29754 34 0 1788867173 234696
0 29755 34 0 1788867173 234732
0 29766 33 0 1788867173 235109
0 29777 33 0 1788867173 235481
0 29778 37 0 1788867173 235519
0 29816 33 0 1788867173 236817
0 29821 39 0 1788867173 236993
0 29838 38 0 1788867173 237618
0 29856 34 0 1788867173 238259
0 29858 37 0 1788867173 238331
0 29896 34 0 1788867173 239715
0 29905 33 0 1788867173 240023
0 29918 33 0 1788867173 240467
0 29940 35 0 1788867173 241248
0 29972 34 0 1788867173 242590
0 29973 42 0 1788867173 242635
0 29984 33 0 1788867173 243007
0 29992 34 0 1788867173 243282
0 29998 80 0 1788867173 243725
0 30004 33 0 1788867173 243967
0 30022 33 0 1788867173 244567
0 30025 40 0 1788867173 244692
0 30030 48 0 1788867173 244896
0 30053 57 0 1788867173 245809
0 30055 43 0 1788867173 245927
0 30064 44 0 1788867173 246259
0 30083 32 0 1788867173 246994
0 30084 33 0 1788867173 247028
0 30089 32 0 1788867173 247191
0 30092 33 0 1788867173 247291
0 30129 41 0 1788867173 248580
0 30151 32 0 1788867173 249341
0 30172 32 0 1788867173 250091
0 30196 32 0 1788867173 250897
0 30209 32 0 1788867173 251327
0 30245 34 0 1788867173 252703
0 30252 32 0 1788867173 252938
0 30254 32 0 1788867173 253004
0 30266 33 0 1788867173 253429
0 30272 55 0 1788867173 253649
0 30343 33 0 1788867173 256111
0 30357 36 0 1788867173 256578
0 30372 41 0 1788867173 257095
0 30379 33 0 1788867173 257334
0 30404 35 0 1788867173 258182
0 30450 72 0 1788867173 259856
0 30483 33 0 1788867173 261103
0 30511 33 0 1788867173 262282
0 30526 44 0 1788867173 262945
0 30547 33 0 1788867173 263870
0 30589 33 0 1788867173 265397
0 30602 32 0 1788867173 265863
0 30623 33 0 1788867173 266563
0 30643 33 0 1788867173 267264
0 30650 33 0 1788867173 267501
0 30673 33 0 1788867173 268289
0 30680 33 0 1788867173 268523
0 30682 33 0 1788867173 268591
0 30703 34 0 1788867173 269330
0 30711 33 0 1788867173 269599
0 30712 46 0 1788867173 269646
0 30769 33 0 1788867173 272072
0 30796 38 0 1788867173 273499
0 30828 46 0 1788867173 274641
0 30829 37 0 1788867173 274680
0 30855 32 0 1788867173 275935
0 30859 32 0 1788867173 276069
0 30877 32 0 1788867173 276938
0 30887 33 0 1788867173 277275
0 30891 33 0 1788867173 277407
0 30895 39 0 1788867173 277544
0 30897 62 0 1788867173 277650
0 30919 34 0 1788867173 278592
0 30926 61 0 1788867173 279191
0 30937 67 0 1788867173 280072
0 30942 36 0 1788867173 280348
0 30955 33 0 1788867173 280809
0 31013 33 0 1788867173 282747
0 31017 33 0 1788867173 282880
0 31056 38 0 1788867173 284611
0 31068 40 0 1788867173 285058
0 31074 32 0 1788867173 285264
0 31097 33 0 1788867173 286036
0 31108 33 0 1788867173 286405
0 31116 35 0 1788867173 286690
0 31127 33 0 1788867173 287058
0 31131 34 0 1788867173 287199
0 31135 33 0 1788867173 287333
0 31155 33 0 1788867173 288047
0 31193 44 0 1788867173 289789
0 31243 37 0 1788867173 292009
0 31247 33 0 1788867173 292145
0 31268 33 0 1788867173 292880
0 31295 32 0 1788867173 293824
0 31343 33 0 1788867173 295545
0 31373 32 0 1788867173 296599
0 31375 35 0 1788867173 296684
0 31378 32 0 1788867173 296785
0 31390 39 0 1788867173 297207
0 31398 32 0 1788867173 297502
0 31432 37 0 1788867173 298654
0 31452 33 0 1788867173 299312
0 31480 35 0 1788867173 300301
0 31545 38 0 1788867173 302809
0 31566 38 0 1788867173 303589
0 31607 33 0 1788867173 305072
0 31662 33 0 1788867173 307091
0 31663 33 0 1788867173 307127
0 31667 34 0 1788867173 307274
0 31668 42 0 1788867173 307317
0 31669 39 0 1788867173 307358
0 31691 39 0 1788867173 308279
0 31704 36 0 1788867173 308811
0 31711 32 0 1788867173 309096
0 31749 50 0 1788867173 310651
0 31764 37 0 1788867173 311256
0 31772 33 0 1788867173 311539
0 31782 39 0 1788867173 311924
0 31789 35 0 1788867173 312177
0 31837 32 0 1788867173 313869
0 31845 32 0 1788867173 314130
0 31868 32 0 1788867173 314894
0 31913 33 0 1788867173 316435
0 31929 33 0 1788867173 316983
0 31949 39 0 1788867173 317742
0 31955 48 0 1788867173 317995
0 31963 32 0 1788867173 318309
0 32082 33 0 1788867173 322520
0 32086 39 0 1788867173 322677
0 32139 35 0 1788867173 324695
0 32154 33 0 1788867173 325203
0 32161 34 0 1788867173 325450
0 32170 33 0 1788867173 325757
0 32196 33 0 1788867173 326745
0 32239 34 0 1788867173 328409
0 32240 34 0 1788867173 328445
0 32249 33 0 1788867173 328763
0 32298 33 0 1788867173 330373
0 32314 36 0 1788867173 330909
0 32321 33 0 1788867173 331140
0 32335 33 0 1788867173 331599
0 32349 35 0 1788867173 332105
0 32350 36 0 1788867173 332143
0 32382 33 0 1788867173 333278
0 32461 34 0 1788867173 335987
0 32464 34 0 1788867173 336089
0 32481 38 0 1788867173 336708
0 32493 33 0 1788867173 337129
0 32504 47 0 1788867173 337529
0 32524 34 0 1788867173 338241
0 32565 40 0 1788867173 339742
0 32599 41 0 1788867173 341046
0 32620 37 0 1788867173 341811
0 32641 33 0 1788867173 342563
0 32685 33 0 1788867173 344263
0 32694 34 0 1788867173 344580
0 32734 38 0 1788867173 346225
0 32752 32 0 1788867173 346865
0 32758 33 0 1788867173 347071
0 32764 32 0 1788867173 347267
0 32790 33 0 1788867173 348158
0 32796 33 0 1788867173 348355
0 32839 32 0 1788867173 349912
0 32840 38 0 1788867173 349953
0 32907 34 0 1788867173 352345
0 32913 33 0 1788867173 352547
0 32942 33 0 1788867173 353737
0 32944 34 0 1788867173 353812
0 32952 34 0 1788867173 354075
0 32967 77 0 1788867173 354686
0 33017 44 0 1788867173 357186
0 33019 44 0 1788867173 357279
0 33061 35 0 1788867173 359059
0 33094 32 0 1788867173 360337
0 33159 32 0 1788867173 362776
0 33179 32 0 1788867173 363438
0 33185 38 0 1788867173 363640
0 33216 40 0 1788867173 364695
0 33225 33 0 1788867173 365002
0 33233 33 0 1788867173 365270
0 33279 33 0 1788867173 366824
0 33293 33 0 1788867173 367296
0 33312 33 0 1788867173 367951
0 33321 35 0 1788867173 368274
0 33337 33 0 1788867173 368843
0 33364 33 0 1788867173 369790
0 33388 37 0 1788867173 370617
0 33392 33 0 1788867173 370762
0 33402 33 0 1788867173 371106
0 33406 34 0 1788867173 371246
0 33486 43 0 1788867173 374553
0 33488 81 0 1788867173 374682
0 33489 58 0 1788867173 374744
0 33491 34 0 1788867173 374813
0 33502 59 0 1788867173 375375
0 33535 33 0 1788867173 376832
0 33541 33 0 1788867173 377035
0 33569 44 0 1788867173 378397
0 33575 50 0 1788867173 378711
0 33584 34 0 1788867173 379102
0 33587 37 0 1788867173 379210
0 33589 36 0 1788867173 379282
0 33607 43 0 1788867173 379910
0 33613 33 0 1788867173 380109
0 33628 33 0 1788867173 380599
0 33656 33 0 1788867173 381533
0 33674 32 0 1788867173 382161
0 33675 32 0 1788867173 382195
0 33678 32 0 1788867173 382293
0 33691 49 0 1788867173 382788
0 33713 44 0 1788867173 383532
0 33742 32 0 1788867173 384552
0 33753 34 0 1788867173 384943
0 33762 32 0 1788867173 385237
0 33798 33 0 1788867173 386500
0 33844 33 0 1788867173 388161
0 33850 40 0 1788867173 388374
0 33877 34 0 1788867173 389306
0 33912 35 0 1788867173 390514
0 33923 33 0 1788867173 390906
0 33927 34 0 1788867173 391042
0 33936 34 0 1788867173 391361
0 33946 33 0 1788867173 391744
0 33958 34 0 1788867173 392229
0 33965 38 0 1788867173 392476
0 33975 34 0 1788867173 392832
0 33991 48 0 1788867173 393520
0 33999 33 0 1788867173 393857
0 34011 32 0 1788867173 394256
0 34050 53 0 1788867173 395644
0 34070 32 0 1788867173 396485
0 34086 32 0 1788867173 397026
0 34123 32 0 1788867173 398242
0 34137 32 0 1788867173 398717
0 34150 33 0 1788867173 399140
0 34173 33 0 1788867173 399920
0 34222 33 0 1788867173 401581
0 34229 33 0 1788867173 401829
0 34259 33 0 1788867173 402985
0 34275 34 0 1788867173 403522
0 34287 34 0 1788867173 403938
0 34302 33 0 1788867173 404431
0 34310 33 0 1788867173 404721
0 34311 33 0 1788867173 404755
0 34316 33 0 1788867173 404919
0 34326 33 0 1788867173 405249
0 34370 35 0 1788867173 406782
0 34391 52 0 1788867173 407514
0 34416 33 0 1788867173 408504
0 34420 62 0 1788867173 408674
0 34440 66 0 1788867173 409671
0 34457 39 0 1788867173 410292
0 34464 39 0 1788867173 410570
0 34467 35 0 1788867173 410700
0 34477 39 0 1788867173 411112
0 34485 35 0 1788867173 411415
0 34571 32 0 1788867173 414552
0 34579 32 0 1788867173 414847
0 34596 33 0 1788867173 415416
0 34614 39 0 1788867173 416064
0 34652 32 0 1788867173 417365
0 34658 33 0 1788867173 417562
0 34660 55 0 1788867173 417650
0 34661 40 0 1788867173 417693
0 34694 34 0 1788867173 418806
0 34734 33 0 1788867173 420309
0 34735 33 0 1788867173 420343
0 34772 33 0 1788867173 421602
0 34791 33 0 1788867173 422246
0 34820 39 0 1788867173 423262
0 34837 33 0 1788867173 423915
0 34844 37 0 1788867173 424182
0 34868 33 0 1788867173 425200
0 34882 36 0 1788867173 425699
0 34914 34 0 1788867173 426841
0 34926 35 0 1788867173 427267
0 34941 33 0 1788867173 427835
0 34944 33 0 1788867173 427947
0 34952 33 0 1788867173 428241
0 34963 39 0 1788867173 428644
0 34970 34 0 1788867173 428891
0 34973 39 0 1788867173 429003
0 34991 62 0 1788867173 429660
0 35009 33 0 1788867173 430272
0 35032 33 0 1788867173 431085
0 35067 33 0 1788867173 432288
0 35149 33 0 1788867173 435123
0 35150 33 0 1788867173 435158
0 35152 34 0 1788867173 435226
0 35153 39 0 1788867173 435266
0 35192 33 0 1788867173 436586
0 35220 33 0 1788867173 437559
0 35252 39 0 1788867173 438666
0 35267 33 0 1788867173 439177
0 35347 72 0 1788867173 442480
0 35351 45 0 1788867173 442695
0 35355 40 0 1788867173 442861
0 35369 48 0 1788867173 443651
0 35380 31 0 1788867173 444033
0 35381 31 0 1788867173 444066
0 35416 36 0 1788867173 445851
0 35417 35 0 1788867173 445892
0 35418 32 0 1788867173 445925
0 35484 31 0 1788867173 448132
0 35507 31 0 1788867173 448907
0 35531 33 0 1788867173 449703
0 35537 32 0 1788867173 449908
0 35547 39 0 1788867173 450231
0 35592 34 0 1788867173 451804
0 35630 32 0 1788867173 453146
0 35643 31 0 1788867173 453556
0 35673 46 0 1788867173 454736
0 35689 42 0 1788867173 455429
0 35702 43 0 1788867173 456011
0 35774 42 0 1788867173 459202
0 35777 42 0 1788867173 459334
0 35779 45 0 1788867173 459424
0 35805 43 0 1788867173 460599
0 35842 43 0 1788867173 462295
0 35843 48 0 1788867173 462345
0 35844 44 0 1788867173 462390
0 35866 42 0 1788867173 463350
0 35934 34 0 1788867173 465848
0 35957 32 0 1788867173 466596
0 35990 53 0 1788867173 467860
0 36012 43 0 1788867173 468833
0 36019 43 0 1788867173 469139
0 36026 42 0 1788867173 469440
0 36037 43 0 1788867173 469936
0 36072 43 0 1788867173 471459
0 36077 44 0 1788867173 471691
0 36133 39 0 1788867173 474138
0 36135 36 0 1788867173 474211
0 36165 110 0 1788867173 475709
0 36171 43 0 1788867173 475990
0 36189 43 0 1788867173 476775
0 36213 42 0 1788867173 477831
0 36246 31 0 1788867173 479076
0 36249 33 0 1788867173 479176
0 36250 32 0 1788867173 479209
0 36259 31 0 1788867173 479493
0 36303 32 0 1788867173 480942
0 36310 32 0 1788867173 481165
0 36329 34 0 1788867173 481777
0 36334 31 0 1788867173 481936
0 36351 36 0 1788867173 482505
0 36387 31 0 1788867173 483738
0 36416 36 0 1788867173 484682
0 36473 31 0 1788867173 486565
0 36480 31 0 1788867173 486809
0 36490 32 0 1788867173 487134
0 36510 35 0 1788867173 487813
0 36526 33 0 1788867173 488344
0 36533 31 0 1788867173 488577
0 36566 39 0 1788867173 489785
0 36581 38 0 1788867173 490286
0 36586 32 0 1788867173 490448
0 36635 53 0 1788867173 492192
0 36655 42 0 1788867173 493089
0 36674 45 0 1788867173 493879
0 36676 45 0 1788867173 493970
0 36716 42 0 1788867173 495799
0 36732 46 0 1788867173 496499
0 36734 42 0 1788867173 496586
0 36737 34 0 1788867173 496732
0 36750 32 0 1788867173 497173
0 36764 44 0 1788867173 497650
0 36770 36 0 1788867173 497863
0 36831 33 0 1788867173 499988
0 36835 32 0 1788867173 500119
0 36851 42 0 1788867173 500674
0 36853 32 0 1788867173 500741
0 36868 32 0 1788867173 501244
0 36870 33 0 1788867173 501310
0 36907 33 0 1788867173 502554
0 36911 33 0 1788867173 502701
0 36918 32 0 1788867173 502934
0 36962 43 0 1788867173 504744
0 36982 51 0 1788867173 505690
0 37008 42 0 1788867173 506831
0 37015 43 0 1788867173 507135
0 37078 34 0 1788867173 510160
0 37085 32 0 1788867173 510454
0 37101 44 0 1788867173 511298
0 37111 45 0 1788867173 511900
0 37115 48 0 1788867173 512056
0 37123 47 0 1788867173 512498
0 37154 32 0 1788867173 513602
0 37169 31 0 1788867173 514113
0 37201 31 0 1788867173 515159
0 37209 31 0 1788867173 515421
0 37266 34 0 1788867173 517337
0 37269 31 0 1788867173 517435
0 37279 31 0 1788867173 517769
0 37285 32 0 1788867173 517961
0 37290 31 0 1788867173 518119
0 37308 32 0 1788867173 518730
0 37347 34 0 1788867173 520051
0 37360 31 0 1788867173 520473
0 37369 32 0 1788867173 520786
0 37373 36 0 1788867173 520938
0 37380 46 0 1788867173 521184
0 37386 32 0 1788867173 521379
0 37398 32 0 1788867173 521772
0 37405 33 0 1788867173 522002
0 37406 32 0 1788867173 522035
0 37486 34 0 1788867173 524733
0 37520 32 0 1788867173 525996
0 37521 33 0 1788867173 526031
0 37528 34 0 1788867173 526269
0 37547 32 0 1788867173 526948
0 37548 32 0 1788867173 526982
0 37552 32 0 1788867173 527112
0 37576 32 0 1788867173 527917
0 37583 43 0 1788867173 528167
0 37596 32 0 1788867173 528594
0 37637 44 0 1788867173 530196
0 37656 32 0 1788867173 530854
0 37671 32 0 1788867173 531358
0 37699 32 0 1788867173 532274
0 37771 38 0 1788867173 534762
0 37776 32 0 1788867173 534927
0 37790 32 0 1788867173 535385
0 37823 32 0 1788867173 536490
0 37855 32 0 1788867173 537588
0 37860 32 0 1788867173 537763
0 37884 32 0 1788867173 538559
0 37906 32 0 1788867173 539344
0 37940 51 0 1788867173 540660
0 37949 41 0 1788867173 541070
0 37950 36 0 1788867173 541108
0 37951 34 0 1788867173 541144
0 37995 32 0 1788867173 542980
0 38045 32 0 1788867173 545011
0 38061 47 0 1788867173 545713
0 38091 31 0 1788867173 546786
0 38099 32 0 1788867173 547055
0 38143 40 0 1788867173 548498
0 38181 43 0 1788867173 550141
0 38201 46 0 1788867173 551014
0 38230 32 0 1788867173 552203
0 38234 32 0 1788867173 552333
0 38264 31 0 1788867173 553412
0 38289 41 0 1788867173 554268
0 38313 32 0 1788867173 555054
0 38314 32 0 1788867173 555088
0 38318 32 0 1788867173 555217
0 38333 33 0 1788867173 555720
0 38350 32 0 1788867173 556310
0 38365 37 0 1788867173 556823
0 38368 32 0 1788867173 556926
0 38382 32 0 1788867173 557397
0 38394 33 0 1788867173 557810
0 38403 32 0 1788867173 558102
0 38424 42 0 1788867173 558833
0 38426 41 0 1788867173 558919
0 38474 35 0 1788867173 560584
0 38482 31 0 1788867173 560849
0 38490 39 0 1788867173 561149
0 38515 31 0 1788867173 562097
0 38524 32 0 1788867173 562396
0 38598 32 0 1788867173 564941
0 38604 32 0 1788867173 565146
0 38637 33 0 1788867173 566307
0 38677 31 0 1788867173 567580
0 38711 37 0 1788867173 568647
0 38736 33 0 1788867173 569432
0 38789 31 0 1788867173 571477
0 38800 45 0 1788867173 572052
0 38806 30 0 1788867173 572250
0 38819 30 0 1788867173 572790
0 38820 31 0 1788867173 572824
0 38866 46 0 1788867173 574837
0 38902 31 0 1788867173 576392
0 38958 41 0 1788867173 578857
0 38966 41 0 1788867173 579191
0 39003 41 0 1788867173 580778
0 39014 41 0 1788867173 581234
0 39018 41 0 1788867173 581400
0 39020 43 0 1788867173 581490
0 39030 43 0 1788867173 581939
0 39050 42 0 1788867173 582818
0 39071 42 0 1788867173 583751
0 39112 33 0 1788867173 585083
0 39154 34 0 1788867173 586577
0 39176 31 0 1788867173 587280
0 39187 37 0 1788867173 587638
0 39251 32 0 1788867173 589717
0 39255 31 0 1788867173 589842
0 39276 31 0 1788867173 590518
0 39289 43 0 1788867173 591038
0 39332 31 0 1788867173 592696
0 39356 44 0 1788867173 593683
0 39369 30 0 1788867173 594155
0 39381 30 0 1788867173 594523
0 39387 32 0 1788867173 594720
0 39403 41 0 1788867173 595432
0 39423 41 0 1788867173 596270
0 39457 43 0 1788867173 597695
0 39468 41 0 1788867173 598151
0 39557 41 0 1788867173 601929
0 39558 41 0 1788867173 601972
0 39561 41 0 1788867173 602098
0 39573 41 0 1788867173 602606
0 39647 46 0 1788867173 605788
0 39666 45 0 1788867173 606667
0 39694 45 0 1788867173 607698
0 39728 31 0 1788867173 609127
0 39733 34 0 1788867173 609310
0 39748 35 0 1788867173 609908
0 39794 34 0 1788867173 611656
0 39818 31 0 1788867173 612402
0 39857 37 0 1788867173 613678
0 39865 30 0 1788867173 613923
0 39868 31 0 1788867173 614016
0 39877 30 0 1788867173 614291
0 39895 31 0 1788867173 614855
0 39896 30 0 1788867173 614886
0 39906 41 0 1788867173 615212
0 39962 30 0 1788867173 617093
0 39998 31 0 1788867173 618258
0 40006 33 0 1788867173 618507
0 40026 31 0 1788867173 619169
0 40030 30 0 1788867173 619294
0 40032 31 0 1788867173 619357
0 40046 31 0 1788867173 619806
0 40049 31 0 1788867173 619908
0 40071 30 0 1788867173 620596
0 40081 31 0 1788867173 620946
0 40092 31 0 1788867173 621291
0 40095 31 0 1788867173 621385
0 40109 32 0 1788867173 621847
0 40117 32 0 1788867173 622101
0 40153 37 0 1788867173 623277
0 40173 36 0 1788867173 623933
0 40179 32 0 1788867173 624128
0 40212 38 0 1788867173 625319
0 40218 81 0 1788867173 625605
0 40245 30 0 1788867173 626531
0 40251 31 0 1788867173 626728
0 40253 39 0 1788867173 626800
0 40276 31 0 1788867173 627518
0 40279 31 0 1788867173 627611
0 40319 31 0 1788867173 628947
0 40328 31 0 1788867173 629241
0 40329 31 0 1788867173 629273
0 40352 31 0 1788867173 630003
0 40374 36 0 1788867173 630780
0 40385 43 0 1788867173 631207
0 40437 32 0 1788867173 633029
0 40441 31 0 1788867173 633156
0 40472 31 0 1788867173 634205
0 40483 31 0 1788867173 634554
0 40499 31 0 1788867173 635105
0 40515 46 0 1788867173 635627
0 40536 31 0 1788867173 636311
0 40541 40 0 1788867173 636476
0 40561 31 0 1788867173 637170
0 40562 32 0 1788867173 637203
0 40575 32 0 1788867173 637669
0 40603 32 0 1788867173 638570
0 40619 33 0 1788867173 639094
0 40702 35 0 1788867173 642475
0 40714 32 0 1788867173 642873
0 40715 36 0 1788867173 642911
0 40796 31 0 1788867173 646182
0 40801 31 0 1788867173 646343
0 40821 30 0 1788867173 646978
0 40850 30 0 1788867173 647885
0 40872 30 0 1788867173 648571
0 40878 31 0 1788867173 648784
0 40882 30 0 1788867173 648908
0 40892 31 0 1788867173 649214
0 40898 32 0 1788867173 649405
0 40902 42 0 1788867173 649566
0 40912 48 0 1788867173 649964
0 40959 31 0 1788867173 651914
0 40961 31 0 1788867173 651981
0 40962 31 0 1788867173 652012
0 40987 78 0 1788867173 653116
0 41062 30 0 1788867173 656038
0 41073 30 0 1788867173 656378
0 41076 30 0 1788867173 656471
0 41082 33 0 1788867173 656676
0 41121 31 0 1788867173 657891
0 41150 43 0 1788867173 658952
0 41158 32 0 1788867173 659218
0 41172 32 0 1788867173 659680
0 41175 36 0 1788867173 659823
0 41182 33 0 1788867173 660043
0 41187 33 0 1788867173 660248
0 41199 51 0 1788867173 660645
0 41207 31 0 1788867173 660900
0 41267 31 0 1788867173 662895
0 41290 37 0 1788867173 663627
0 41332 83 0 1788867173 665027
0 41342 31 0 1788867173 665379
0 41344 33 0 1788867173 665475
0 41353 31 0 1788867173 665772
0 41356 32 0 1788867173 665868
0 41389 32 0 1788867173 667041
0 41446 31 0 1788867173 668919
0 41475 32 0 1788867173 669869
0 41496 31 0 1788867173 670541
0 41498 33 0 1788867173 670607
0 41507 41 0 1788867173 670926
0 41556 32 0 1788867173 672605
0 41581 38 0 1788867173 673554
0 41595 42 0 1788867173 674169
0 41598 31 0 1788867173 674280
0 41604 30 0 1788867173 674464
0 41617 34 0 1788867173 675064
0 41621 30 0 1788867173 675197
0 41624 30 0 1788867173 675289
0 41625 31 0 1788867173 675321
0 41639 30 0 1788867173 675775
0 41666 44 0 1788867173 676905
0 41693 32 0 1788867173 678013
0 41697 60 0 1788867173 678192
0 41709 30 0 1788867173 678580
0 41718 31 0 1788867173 678873
0 41761 31 0 1788867173 680310
0 41768 31 0 1788867173 680527
0 41769 31 0 1788867173 680559
0 41794 33 0 1788867173 681355
0 41821 31 0 1788867173 682212
0 41867 31 0 1788867173 683713
0 41888 30 0 1788867173 684357
0 41889 30 0 1788867173 684388
0 41898 32 0 1788867173 684676
0 41922 30 0 1788867173 685455
0 41952 31 0 1788867173 686415
0 42043 34 0 1788867173 689384
0 42067 31 0 1788867173 690158
0 42085 30 0 1788867173 690748
0 42096 35 0 1788867173 691104
0 42124 31 0 1788867173 692026
0 42130 32 0 1788867173 692239
0 42153 38 0 1788867173 693010
0 42160 31 0 1788867173 693240
0 42206 40 0 1788867173 694783
0 42221 36 0 1788867173 695320
0 42233 31 0 1788867173 695769
0 42247 32 0 1788867173 696228
0 42295 32 0 1788867173 697788
0 42321 39 0 1788867173 698633
0 42337 38 0 1788867173 699155
0 42363 31 0 1788867173 700030
0 42375 32 0 1788867173 700432
0 42402 31 0 1788867173 701317
0 42428 33 0 1788867173 702168
0 42432 40 0 1788867173 702307
0 42440 31 0 1788867173 702562
0 42495 31 0 1788867173 704393
0 42496 36 0 1788867173 704430
0 42505 31 0 1788867173 704732
0 42565 31 0 1788867173 706898
0 42582 31 0 1788867173 707431
0 42593 37 0 1788867173 707803
0 42636 34 0 1788867173 709423
0 42650 49 0 1788867173 710284
0 42676 33 0 1788867173 711329
0 42677 35 0 1788867173 711368
0 42704 32 0 1788867173 712296
0 42711 31 0 1788867173 712512
0 42722 30 0 1788867173 712873
0 42726 30 0 1788867173 712997
0 42775 32 0 1788867173 714567
0 42790 30 0 1788867173 715055
0 42825 33 0 1788867173 716164
0 42834 35 0 1788867173 716449
0 42873 36 0 1788867173 717815
0 42886 30 0 1788867173 718218
0 42934 42 0 1788867173 719832
0 42975 30 0 1788867173 721142
0 42996 31 0 1788867173 721805
0 43003 31 0 1788867173 722024
0 43009 37 0 1788867173 722225
0 43057 43 0 1788867173 724035
0 43064 41 0 1788867173 724330
0 43073 42 0 1788867173 724719
0 43102 41 0 1788867173 725970
0 43111 41 0 1788867173 726347
0 43143 41 0 1788867173 727730
0 43150 41 0 1788867173 728023
0 43212 44 0 1788867173 730698
0 43266 39 0 1788867173 733022
0 43273 40 0 1788867173 733307
0 43280 41 0 1788867173 733590
0 43297 41 0 1788867173 734316
0 43298 41 0 1788867173 734358
0 43310 40 0 1788867173 734858
0 43315 41 0 1788867173 735063
0 43338 30 0 1788867173 736062
0 43348 31 0 1788867173 736399
0 43356 37 0 1788867173 736653
0 43364 29 0 1788867173 736895
0 43385 38 0 1788867173 737545
0 43426 30 0 1788867173 738812
0 43451 51 0 1788867173 739636
0 43466 35 0 1788867173 740208
0 43521 47 0 1788867173 742250
0 43523 32 0 1788867173 742329
0 43583 31 0 1788867173 744595
0 43607 39 0 1788867173 745478
0 43614 32 0 1788867173 745775
0 43646 30 0 1788867173 746762
0 43674 40 0 1788867173 747852
0 43703 39 0 1788867173 749045
0 43705 40 0 1788867173 749129
0 43715 40 0 1788867173 749533
0 43734 29 0 1788867173 750233
0 43751 31 0 1788867173 750771
0 43755 31 0 1788867173 750899
0 43763 30 0 1788867173 751139
0 43778 30 0 1788867173 751601
0 43792 32 0 1788867173 752100
0 43808 42 0 1788867173 752648
0 43813 30 0 1788867173 752805
0 43826 30 0 1788867173 753226
0 43851 30 0 1788867173 754030
0 43873 30 0 1788867173 754776
0 43891 32 0 1788867173 755341
0 43905 37 0 1788867173 755866
0 43918 30 0 1788867173 756285
0 43933 31 0 1788867173 756755
0 43948 30 0 1788867173 757229
0 43987 30 0 1788867173 758460
0 43994 30 0 1788867173 758702
0 44013 32 0 1788867173 759383
0 44062 31 0 1788867173 761000
0 44066 30 0 1788867173 761122
0 44086 30 0 1788867173 761822
0 44114 30 0 1788867173 762787
0 44115 31 0 1788867173 762820
0 44164 30 0 1788867173 764383
0 44168 30 0 1788867173 764509
0 44195 30 0 1788867173 765358
0 44220 40 0 1788867173 766171
0 44226 30 0 1788867173 766358
0 44228 30 0 1788867173 766420
0 44233 30 0 1788867173 766579
0 44275 30 0 1788867173 767892
0 44302 31 0 1788867173 768753
0 44316 31 0 1788867173 769191
0 44337 30 0 1788867173 769847
0 44338 31 0 1788867173 769879
0 44363 41 0 1788867173 770674
0 44364 32 0 1788867173 770707
0 44375 31 0 1788867173 771052
0 44422 34 0 1788867173 772555
0 44452 31 0 1788867173 773562
0 44455 32 0 1788867173 773692
0 44460 33 0 1788867173 773859
0 44467 30 0 1788867173 774090
0 44549 33 0 1788867173 777115
0 44568 34 0 1788867173 777905
0 44584 35 0 1788867173 778508
0 44586 30 0 1788867173 778570
0 44654 49 0 1788867173 780656
0 44681 59 0 1788867173 781668
0 44709 37 0 1788867173 782792
0 44814 55 0 1788867173 786548
0 44840 29 0 1788867173 787358
0 44851 81 0 1788867173 787817
0 44855 88 0 1788867173 788035
0 44860 59 0 1788867173 788378
0 44867 40 0 1788867173 788705
0 44899 48 0 1788867173 790712
0 44928 45 0 1788867173 792153
0 44939 36 0 1788867173 793208
0 44942 0 0 1788867173 793351
0 44981 43 0 1788867173 795645
0 45007 39 0 1788867173 796917
0 45015 49 0 1788867173 797273
0 45047 43 0 1788867173 798705
0 45100 42 0 1788867173 801007
0 45129 42 0 1788867173 802242
0 45140 42 0 1788867173 802733
0 45145 42 0 1788867173 802946
0 45158 32 0 1788867173 803478
0 45195 39 0 1788867173 805177
0 45298 36 0 1788867173 809243
0 45375 54 0 1788867173 812385
0 45378 73 0 1788867173 812647
0 45411 39 0 1788867173 813890
0 45434 31 0 1788867173 814700
0 45443 31 0 1788867173 815008
0 45445 33 0 1788867173 815073
0 45451 30 0 1788867173 815258
0 45477 31 0 1788867173 816099
0 45518 30 0 1788867173 817539
0 45535 35 0 1788867173 818089
0 45603 38 0 1788867173 821090
0 45614 31 0 1788867173 821447
0 45627 31 0 1788867173 821878
0 45663 30 0 1788867173 822999
0 45673 30 0 1788867173 823311
0 45697 35 0 1788867173 824213
0 45709 42 0 1788867173 824778
0 45751 64 0 1788867173 826664
0 45758 55 0 1788867173 827023
0 45776 46 0 1788867173 827987
0 45813 38 0 1788867173 829508
0 45818 40 0 1788867173 829726
0 45829 39 0 1788867173 830138
0 45861 33 0 1788867173 831365
0 45871 36 0 1788867173 831759
0 45872 34 0 1788867173 831794
0 45888 37 0 1788867173 832471
0 45905 32 0 1788867173 833115
0 45907 33 0 1788867173 833182
0 45909 33 0 1788867173 833249
0 45910 32 0 1788867173 833282
0 45947 34 0 1788867173 834547
0 45969 30 0 1788867173 835299
0 45971 31 0 1788867173 835362
0 45995 30 0 1788867173 836118
0 45999 30 0 1788867173 836240
0 46033 30 0 1788867173 837301
0 46037 31 0 1788867173 837426
0 46042 30 0 1788867173 837579
0 46048 31 0 1788867173 837780
0 46068 31 0 1788867173 838393
0 46107 36 0 1788867173 839737
0 46112 30 0 1788867173 839904
0 46177 53 0 1788867173 842317
0 46178 68 0 1788867173 842391
0 46191 37 0 1788867173 843052
0 46209 34 0 1788867173 843854
0 46225 33 0 1788867173 844528
0 46235 53 0 1788867173 844989
0 46265 31 0 1788867173 845981
0 46268 31 0 1788867173 846077
0 46283 32 0 1788867173 846569
0 46287 33 0 1788867173 846717
0 46313 39 0 1788867173 847819
0 46315 32 0 1788867173 847885
0 46320 31 0 1788867173 848044
0 46330 31 0 1788867173 848364
0 46344 31 0 1788867173 848843
0 46349 35 0 1788867173 849017
0 46369 34 0 1788867173 849685
0 46405 38 0 1788867173 850954
0 46413 32 0 1788867173 851220
0 46431 32 0 1788867173 851829
0 46457 32 0 1788867173 852708
0 46465 41 0 1788867173 853009
0 46501 37 0 1788867173 854284
0 46509 33 0 1788867173 854573
0 46511 51 0 1788867173 854658
0 46553 43 0 1788867173 856347
0 46563 42 0 1788867173 856783
0 46580 36 0 1788867173 857553
0 46624 40 0 1788867173 859394
0 46648 39 0 1788867173 860479
0 46672 95 0 1788867173 861624
0 46680 44 0 1788867173 861979
0 46689 34 0 1788867173 862287
0 46730 36 0 1788867173 863861
0 46777 32 0 1788867173 865737
0 46784 48 0 1788867173 865987
0 46815 59 0 1788867173 867629
0 46820 48 0 1788867173 867882
0 46832 58 0 1788867173 868601
0 46835 53 0 1788867173 868798
0 46892 31 0 1788867173 871369
0 46895 31 0 1788867173 871472
0 46920 39 0 1788867173 872578
0 46921 235 0 1788867173 872816
0 46949 48 0 1788867173 874438
0 46962 50 0 1788867173 875259
0 46964 56 0 1788867173 875375
0 46988 42 0 1788867173 876585
0 47003 42 0 1788867173 877274
0 47081 42 0 1788867173 880231
0 47095 43 0 1788867173 880874
0 47100 42 0 1788867173 881088
0 47121 45 0 1788867173 882002
0 47131 42 0 1788867173 882430
0 47143 42 0 1788867173 882972
0 47193 43 0 1788867173 885152
0 47199 42 0 1788867173 885412
0 47205 44 0 1788867173 885679
0 47225 32 0 1788867173 886413
0 47241 32 0 1788867173 886945
0 47283 42 0 1788867173 888691
0 47287 42 0 1788867173 888864
0 47329 31 0 1788867173 890435
0 47338 31 0 1788867173 890744
0 47380 32 0 1788867173 892098
0 47383 31 0 1788867173 892194
0 47391 31 0 1788867173 892448
0 47392 39 0 1788867173 892488
0 47413 38 0 1788867173 893182
0 47429 31 0 1788867173 893759
0 47434 31 0 1788867173 893922
0 47448 31 0 1788867173 894374
0 47451 32 0 1788867173 894472
0 47474 32 0 1788867173 895258
0 47512 33 0 1788867173 896518
0 47517 33 0 1788867173 896693
0 47529 32 0 1788867173 897096
0 47536 32 0 1788867173 897331
0 47552 32 0 1788867173 897890
0 47587 42 0 1788867173 899121
0 47628 42 0 1788867173 901058
0 47685 32 0 1788867173 903410
0 47689 32 0 1788867173 903542
0 47697 32 0 1788867173 903812
0 47761 31 0 1788867173 906070
0 47769 38 0 1788867173 906601
0 47798 34 0 1788867173 907696
0 47853 31 0 1788867173 909727
0 47899 43 0 1788867173 911244
0 47907 43 0 1788867173 911596
0 47936 45 0 1788867173 912941
0 47956 45 0 1788867173 913896
0 47963 51 0 1788867173 914246
0 47971 42 0 1788867173 914596
0 47972 61 0 1788867173 914660
0 47976 44 0 1788867173 914837
0 47987 42 0 1788867173 915315
0 48065 34 0 1788867173 918242
0 48102 31 0 1788867173 919428
0 48111 32 0 1788867173 919731
0 48161 32 0 1788867173 921343
0 48169 32 0 1788867173 921606
0 48215 33 0 1788867173 923159
0 48229 46 0 1788867173 923633
0 48232 33 0 1788867173 923740
0 48238 33 0 1788867173 923936
0 48240 37 0 1788867173 924008
0 48241 32 0 1788867173 924041
0 48253 37 0 1788867173 924441
0 48255 32 0 1788867173 924506
0 48263 33 0 1788867173 924784
0 48320 33 0 1788867173 926726
0 48342 33 0 1788867173 927479
0 48356 36 0 1788867173 928016
0 48364 33 0 1788867173 928318
0 48387 33 0 1788867173 929115
0 48399 36 0 1788867173 929516
0 48415 32 0 1788867173 930066
0 48430 32 0 1788867173 930555
0 48448 37 0 1788867173 931302
0 48459 33 0 1788867173 931714
0 48470 32 0 1788867173 932088
0 48477 32 0 1788867173 932325
0 48495 32 0 1788867173 932955
0 48524 32 0 1788867173 933924
0 48546 46 0 1788867173 934665
0 48569 36 0 1788867173 935440
0 48571 32 0 1788867173 935506
0 48573 32 0 1788867173 935571
0 48622 32 0 1788867173 937220
0 48655 34 0 1788867173 938497
0 48668 31 0 1788867173 938946
0 48670 35 0 1788867173 939015
0 48687 33 0 1788867173 939706
0 48693 32 0 1788867173 939903
0 48728 61 0 1788867173 941456
0 48751 84 0 1788867173 942694
0 48757 33 0 1788867173 942895
0 48783 32 0 1788867173 943819
0 48803 32 0 1788867173 944473
0 48831 36 0 1788867173 945391
0 48841 31 0 1788867173 945720
0 48843 32 0 1788867173 945785
0 48859 31 0 1788867173 946288
0 48887 41 0 1788867173 947359
0 48889 48 0 1788867173 947454
0 48920 31 0 1788867173 948453
0 48935 48 0 1788867173 949011
0 48941 43 0 1788867173 949273
0 48954 43 0 1788867173 949867
0 48975 42 0 1788867173 950793
0 49023 42 0 1788867173 952874
0 49041 47 0 1788867173 953653
0 49085 34 0 1788867173 955321
0 49088 34 0 1788867173 955424
0 49116 32 0 1788867173 956337
0 49134 32 0 1788867173 956919
0 49136 32 0 1788867173 956984
0 49147 32 0 1788867173 957345
0 49153 32 0 1788867173 957536
0 49174 32 0 1788867173 958238
0 49190 32 0 1788867173 958782
0 49206 32 0 1788867173 959326
0 49213 39 0 1788867173 959567
0 49224 32 0 1788867173 959948
0 49234 32 0 1788867173 960286
0 49255 32 0 1788867173 961011
0 49271 51 0 1788867173 961649
0 49284 30 0 1788867173 962195
0 49325 31 0 1788867173 963475
0 49328 31 0 1788867173 963568
0 49350 38 0 1788867173 964287
0 49373 31 0 1788867173 965066
0 49385 31 0 1788867173 965446
0 49409 33 0 1788867173 966196
0 49413 31 0 1788867173 966334
0 49444 30 0 1788867173 967322
0 49483 31 0 1788867173 968561
0 49492 37 0 1788867173 968867
0 49500 32 0 1788867173 969122
0 49506 31 0 1788867173 969311
0 49519 31 0 1788867173 969742
0 49523 31 0 1788867173 969868
0 49528 33 0 1788867173 970036
0 49537 31 0 1788867173 970332
0 49540 32 0 1788867173 970428
0 49543 35 0 1788867173 970531
0 49593 41 0 1788867173 972451
0 49602 31 0 1788867173 972780
0 49603 31 0 1788867173 972812
0 49654 52 0 1788867173 974891
0 49751 30 0 1788867173 978415
0 49758 41 0 1788867173 978644
0 49765 30 0 1788867173 978862
0 49775 31 0 1788867173 979172
0 49784 34 0 1788867173 979531
0 49793 30 0 1788867173 979846
0 49795 30 0 1788867173 979908
0 49826 30 0 1788867173 980905
0 49862 30 0 1788867173 982029
0 49864 30 0 1788867173 982091
0 49889 31 0 1788867173 982868
0 49902 31 0 1788867173 983267
0 49910 30 0 1788867173 983516
0 49916 31 0 1788867173 983724
0 49920 31 0 1788867173 983855
0 49933 31 0 1788867173 984257
0 49939 30 0 1788867173 984440
0 49942 31 0 1788867173 984533
0 49953 31 0 1788867173 984893
0 49976 42 0 1788867173 985634
0 49991 31 0 1788867173 986130
0 50038 41 0 1788867173 987650
0 50069 36 0 1788867173 988631
0 50085 34 0 1788867173 989150
0 50091 31 0 1788867173 989338
0 50098 50 0 1788867173 989590
0 50112 33 0 1788867173 990086
0 50113 32 0 1788867173 990119
0 50147 31 0 1788867173 991222
0 50153 34 0 1788867173 991422
0 50180 30 0 1788867173 992408
0 50205 31 0 1788867173 993277
0 50208 38 0 1788867173 993380
0 50213 31 0 1788867173 993564
0 50230 35 0 1788867173 994129
0 50252 41 0 1788867173 994864
0 50275 31 0 1788867173 995596
0 50359 32 0 1788867173 998351
0 50378 31 0 1788867173 998968
0 50466 31 0 1788867174 2011
0 50482 31 0 1788867174 2512
0 50490 38 0 1788867174 2783
0 50516 50 0 1788867174 3691
0 50521 41 0 1788867174 3906
0 50560 60 0 1788867174 5650
0 50585 34 0 1788867174 6985
0 50598 51 0 1788867174 7447
0 50647 31 0 1788867174 10262
0 50665 47 0 1788867174 10915
0 50686 30 0 1788867174 11583
0 50688 40 0 1788867174 11659
0 50694 31 0 1788867174 11846
0 50752 51 0 1788867174 13656
0 50772 34 0 1788867174 14493
0 50792 31 0 1788867174 15174
0 50853 31 0 1788867174 17101
0 50876 31 0 1788867174 17865
0 50890 32 0 1788867174 18300
0 50896 31 0 1788867174 18498
0 50904 31 0 1788867174 18808
0 50913 31 0 1788867174 19087
0 50930 32 0 1788867174 19684
0 50960 41 0 1788867174 20652
0 50977 45 0 1788867174 21440
0 51006 31 0 1788867174 22447
0 51064 32 0 1788867174 24359
0 51092 31 0 1788867174 25255
0 51108 31 0 1788867174 25776
0 51118 31 0 1788867174 26092
0 51138 41 0 1788867174 26757
0 51147 31 0 1788867174 27073
0 51164 35 0 1788867174 27618
0 51166 37 0 1788867174 27709
0 51179 47 0 1788867174 28147
0 51188 31 0 1788867174 28454
0 51200 31 0 1788867174 28857
0 51276 31 0 1788867174 31379
0 51280 36 0 1788867174 31523
0 51287 31 0 1788867174 31753
0 51318 40 0 1788867174 32890
0 51334 31 0 1788867174 33421
0 51337 31 0 1788867174 33517
0 51338 31 0 1788867174 33549
0 51361 31 0 1788867174 34317
0 51439 33 0 1788867174 36966
0 51451 36 0 1788867174 37362
0 51477 31 0 1788867174 38373
0 51479 35 0 1788867174 38441
0 51485 41 0 1788867174 38659
0 51494 37 0 1788867174 39007
0 51541 33 0 1788867174 40933
0 51568 42 0 1788867174 41969
0 51590 31 0 1788867174 42824
0 51591 32 0 1788867174 42860
0 51592 33 0 1788867174 42894
0 51612 39 0 1788867174 43643
0 51619 31 0 1788867174 43883
0 51629 31 0 1788867174 44200
0 51633 32 0 1788867174 44334
0 51649 32 0 1788867174 44887
0 51698 31 0 1788867174 46449
0 51699 31 0 1788867174 46483
0 51705 33 0 1788867174 46681
0 51711 31 0 1788867174 46872
0 51730 30 0 1788867174 47459
0 51762 32 0 1788867174 48599
0 51784 32 0 1788867174 49608
0 51785 37 0 1788867174 49657
0 51796 44 0 1788867174 50020
0 51822 44 0 1788867174 51173
0 51857 30 0 1788867174 52470
0 51858 31 0 1788867174 52503
0 51869 34 0 1788867174 52868
0 51895 31 0 1788867174 53712
0 51900 30 0 1788867174 53866
0 51944 34 0 1788867174 55284
0 51975 30 0 1788867174 56440
0 52002 30 0 1788867174 57306
0 52006 30 0 1788867174 57437
0 52012 44 0 1788867174 57636
0 52023 31 0 1788867174 57997
0 52031 31 0 1788867174 58243
0 52051 45 0 1788867174 59009
0 52117 34 0 1788867174 61666
0 52122 34 0 1788867174 61835
0 52147 34 0 1788867174 62700
0 52148 33 0 1788867174 62736
0 52210 32 0 1788867174 64830
0 52249 33 0 1788867174 66165
0 52272 35 0 1788867174 66963
0 52276 32 0 1788867174 67092
0 52316 33 0 1788867174 68426
0 52329 33 0 1788867174 68881
0 52365 32 0 1788867174 70129
0 52389 34 0 1788867174 70933
0 52431 32 0 1788867174 72548
0 52520 42 0 1788867174 76598
0 52532 42 0 1788867174 77127
0 52547 43 0 1788867174 77800
0 52557 43 0 1788867174 78234
0 52585 42 0 1788867174 79444
0 52631 42 0 1788867174 81440
0 52656 43 0 1788867174 82520
0 52672 42 0 1788867174 83218
0 52690 42 0 1788867174 84000
0 52710 43 0 1788867174 84877
0 52722 42 0 1788867174 85389
0 52751 55 0 1788867174 86655
0 52775 43 0 1788867174 87702
0 52804 46 0 1788867174 88966
0 52813 44 0 1788867174 89367
0 52824 43 0 1788867174 89891
0 52832 43 0 1788867174 90243
0 52837 42 0 1788867174 90463
0 52847 42 0 1788867174 90905
0 52869 42 0 1788867174 91872
0 52875 42 0 1788867174 92130
0 52877 44 0 1788867174 92267
0 52882 42 0 1788867174 92483
0 52906 43 0 1788867174 93566
0 52911 48 0 1788867174 93814
0 52921 47 0 1788867174 94256
0 52922 43 0 1788867174 94300
0 52934 45 0 1788867174 94855
0 52963 43 0 1788867174 96135
0 52967 43 0 1788867174 96310
0 52984 35 0 1788867174 97094
0 52986 34 0 1788867174 97184
0 53009 32 0 1788867174 98211
0 53023 32 0 1788867174 98724
0 53031 31 0 1788867174 98987
0 53032 32 0 1788867174 99020
0 53037 32 0 1788867174 99178
0 53056 32 0 1788867174 99791
0 53060 52 0 1788867174 99962
0 53077 52 0 1788867174 100698
0 53193 36 0 1788867174 106132
0 53200 60 0 1788867174 106461
0 53216 39 0 1788867174 107192
0 53228 48 0 1788867174 107688
0 53262 31 0 1788867174 108946
0 53278 31 0 1788867174 109450
0 53305 31 0 1788867174 110345
0 53327 32 0 1788867174 111062
0 53330 32 0 1788867174 111158
0 53352 34 0 1788867174 111862
0 53360 34 0 1788867174 112130
0 53375 41 0 1788867174 112640
0 53385 31 0 1788867174 112963
0 53419 60 0 1788867174 114335
0 53423 49 0 1788867174 114572
0 53446 34 0 1788867174 115511
0 53450 36 0 1788867174 115659
0 53460 32 0 1788867174 115992
0 53476 32 0 1788867174 116514
0 53480 41 0 1788867174 116657
0 53547 32 0 1788867174 118859
0 53571 35 0 1788867174 119664
0 53585 32 0 1788867174 120132
0 53597 33 0 1788867174 120529
0 53604 44 0 1788867174 120818
0 53612 33 0 1788867174 121163
0 53614 33 0 1788867174 121236
0 53630 62 0 1788867174 121826
0 53650 43 0 1788867174 122724
0 53655 53 0 1788867174 122953
0 53688 35 0 1788867174 124314
0 53731 34 0 1788867174 125888
0 53774 34 0 1788867174 127373
0 53792 33 0 1788867174 128011
0 53855 32 0 1788867174 130111
0 53897 32 0 1788867174 131603
0 53922 32 0 1788867174 132453
0 53946 36 0 1788867174 133334
0 53965 37 0 1788867174 133995
0 54028 32 0 1788867174 136186
0 54033 37 0 1788867174 136363
0 54043 38 0 1788867174 136763
0 54096 33 0 1788867174 138709
0 54114 32 0 1788867174 139524
0 54128 36 0 1788867174 140005
0 54134 49 0 1788867174 140223
0 54176 33 0 1788867174 141931
0 54185 31 0 1788867174 142226
0 54202 31 0 1788867174 142786
0 54275 34 0 1788867174 145262
0 54282 32 0 1788867174 145487
0 54311 61 0 1788867174 146669
0 54313 38 0 1788867174 146748
0 54328 31 0 1788867174 147226
0 54329 32 0 1788867174 147259
0 54339 31 0 1788867174 147573
0 54363 31 0 1788867174 148352
0 54399 31 0 1788867174 149493
0 54402 33 0 1788867174 149590
0 54444 31 0 1788867174 151032
0 54487 32 0 1788867174 152466
0 54488 36 0 1788867174 152506
0 54512 58 0 1788867174 153352
0 54540 32 0 1788867174 154307
0 54559 33 0 1788867174 154965
0 54600 33 0 1788867174 156401
0 54609 33 0 1788867174 156720
0 54619 32 0 1788867174 157048
0 54624 37 0 1788867174 157216
0 54656 39 0 1788867174 158391
0 54682 34 0 1788867174 159300
0 54699 42 0 1788867174 159998
0 54715 48 0 1788867174 160722
0 54744 32 0 1788867174 161725
0 54752 32 0 1788867174 161982
0 54759 31 0 1788867174 162203
0 54763 31 0 1788867174 162330
0 54773 36 0 1788867174 162668
0 54824 32 0 1788867174 164298
0 54882 34 0 1788867174 166197
0 54902 35 0 1788867174 166860
0 54910 43 0 1788867174 167155
0 54916 32 0 1788867174 167353
0 54920 32 0 1788867174 167483
0 54959 33 0 1788867174 168773
0 54963 33 0 1788867174 168912
0 54999 32 0 1788867174 170139
0 55016 40 0 1788867174 170781
0 55019 31 0 1788867174 170882
0 55025 33 0 1788867174 171091
0 55059 35 0 1788867174 172452
0 55072 33 0 1788867174 172993
0 55073 45 0 1788867174 173040
0 55098 48 0 1788867174 174182
0 55100 36 0 1788867174 174258
0 55166 31 0 1788867174 176460
0 55175 32 0 1788867174 176763
0 55203 38 0 1788867174 177672
0 55207 31 0 1788867174 177801
0 55263 32 0 1788867174 180008
0 55298 39 0 1788867174 181340
0 55300 46 0 1788867174 181438
0 55329 32 0 1788867174 182424
0 55341 32 0 1788867174 182838
0 55355 31 0 1788867174 183282
0 55385 32 0 1788867174 184274
0 55389 31 0 1788867174 184402
0 55429 34 0 1788867174 185755
0 55439 35 0 1788867174 186112
0 55446 42 0 1788867174 186382
0 55452 69 0 1788867174 186666
0 55464 42 0 1788867174 187188
0 55479 41 0 1788867174 187865
0 55524 32 0 1788867174 189832
0 55563 31 0 1788867174 191138
0 55566 33 0 1788867174 191239
0 55569 44 0 1788867174 191358
0 55585 31 0 1788867174 191935
0 55611 32 0 1788867174 192853
0 55619 35 0 1788867174 193115
0 55621 33 0 1788867174 193181
0 55623 36 0 1788867174 193250
0 55643 32 0 1788867174 193927
0 55646 33 0 1788867174 194027
0 55654 32 0 1788867174 194288
0 55658 32 0 1788867174 194418
0 55719 32 0 1788867174 196504
0 55726 32 0 1788867174 196756
0 55824 32 0 1788867174 200147
0 55860 43 0 1788867174 201566
0 55871 44 0 1788867174 202057
0 55875 42 0 1788867174 202229
0 55898 42 0 1788867174 203232
0 55933 91 0 1788867174 204950
0 55976 46 0 1788867174 206877
0 55996 56 0 1788867174 207970
0 56004 43 0 1788867174 208319
0 56014 48 0 1788867174 208796
0 56046 56 0 1788867174 210068
0 56047 50 0 1788867174 210123
0 56048 34 0 1788867174 210158
0 56092 32 0 1788867174 211588
0 56097 32 0 1788867174 211754
0 56100 31 0 1788867174 211850
0 56138 31 0 1788867174 213107
0 56157 32 0 1788867174 213764
0 56161 31 0 1788867174 213898
0 56174 33 0 1788867174 214311
0 56202 31 0 1788867174 215269
0 56203 32 0 1788867174 215305
0 56267 32 0 1788867174 217466
0 56281 33 0 1788867174 217955
0 56310 32 0 1788867174 219027
0 56318 32 0 1788867174 219288
0 56323 32 0 1788867174 219450
0 56326 34 0 1788867174 219549
0 56346 37 0 1788867174 220316
0 56403 32 0 1788867174 222266
0 56404 32 0 1788867174 222300
0 56462 38 0 1788867174 224358
0 56531 30 0 1788867174 226734
0 56558 30 0 1788867174 227559
0 56609 30 0 1788867174 229266
0 56627 31 0 1788867174 229836
0 56641 30 0 1788867174 230269
0 56667 31 0 1788867174 231095
0 56707 35 0 1788867174 232374
0 56723 32 0 1788867174 232912
0 56734 31 0 1788867174 233258
0 56738 30 0 1788867174 233383
0 56741 31 0 1788867174 233478
0 56764 37 0 1788867174 234221
0 56792 32 0 1788867174 235134
0 56801 31 0 1788867174 235424
0 56804 36 0 1788867174 235524
0 56809 50 0 1788867174 235813
0 56831 36 0 1788867174 236591
0 56834 35 0 1788867174 236703
0 56848 42 0 1788867174 237244
0 56882 72 0 1788867174 238668
0 56911 38 0 1788867174 239800
0 56916 49 0 1788867174 240036
0 56934 33 0 1788867174 240824
0 56948 31 0 1788867174 241289
0 57019 35 0 1788867174 243577
0 57021 34 0 1788867174 243649
0 57023 31 0 1788867174 243712
0 57025 31 0 1788867174 243775
0 57040 34 0 1788867174 244250
0 57056 35 0 1788867174 244775
0 57057 37 0 1788867174 244814
0 57067 31 0 1788867174 245122
0 57113 34 0 1788867174 246761
0 57123 32 0 1788867174 247119
0 57126 32 0 1788867174 247242
0 57177 34 0 1788867174 249096
0 57204 31 0 1788867174 249972
0 57209 31 0 1788867174 250129
0 57236 44 0 1788867174 251060
0 57239 35 0 1788867174 251210
0 57251 31 0 1788867174 251610
0 57260 36 0 1788867174 251925
0 57264 38 0 1788867174 252062
0 57295 31 0 1788867174 253031
0 57314 39 0 1788867174 253635
0 57324 33 0 1788867174 253954
0 57325 31 0 1788867174 253987
0 57346 31 0 1788867174 254713
0 57352 31 0 1788867174 254901
0 57388 34 0 1788867174 256074
0 57392 31 0 1788867174 256211
0 57398 34 0 1788867174 256402
0 57416 31 0 1788867174 256977
0 57420 32 0 1788867174 257111
0 57428 31 0 1788867174 257372
0 57461 32 0 1788867174 258472
0 57523 31 0 1788867174 260594
0 57623 32 0 1788867174 264083
0 57668 32 0 1788867174 265887
0 57684 31 0 1788867174 266413
0 57706 32 0 1788867174 267179
0 57710 31 0 1788867174 267311
0 57718 31 0 1788867174 267565
0 57731 37 0 1788867174 268012
0 57740 31 0 1788867174 268303
0 57768 33 0 1788867174 269418
0 57839 42 0 1788867174 272210
0 57877 106 0 1788867174 274003
0 57879 32 0 1788867174 274089
0 57884 31 0 1788867174 274261
0 57904 55 0 1788867174 275173
0 57966 31 0 1788867174 277191
0 57971 30 0 1788867174 277351
0 57999 32 0 1788867174 278242
0 58042 48 0 1788867174 279628
0 58063 40 0 1788867174 280332
0 58105 30 0 1788867174 281841
0 58140 32 0 1788867174 282936
0 58145 30 0 1788867174 283089
0 58154 30 0 1788867174 283368
0 58179 31 0 1788867174 284159
0 58202 31 0 1788867174 284890
0 58229 31 0 1788867174 285739
0 58240 31 0 1788867174 286080
0 58245 31 0 1788867174 286237
0 58248 31 0 1788867174 286331
0 58254 33 0 1788867174 286555
0 58286 31 0 1788867174 287573
0 58303 33 0 1788867174 288133
0 58308 31 0 1788867174 288291
0 58311 31 0 1788867174 288391
0 58327 32 0 1788867174 288912
0 58341 32 0 1788867174 289368
0 58370 32 0 1788867174 290316
0 58374 33 0 1788867174 290444
0 58375 32 0 1788867174 290477
0 58417 35 0 1788867174 291901
0 58431 31 0 1788867174 292490
0 58434 31 0 1788867174 292585
0 58446 33 0 1788867174 292972
0 58453 39 0 1788867174 293250
0 58492 55 0 1788867174 294867
0 58500 30 0 1788867174 295140
0 58504 37 0 1788867174 295270
0 58521 30 0 1788867174 295817
0 58535 34 0 1788867174 296286
0 58545 30 0 1788867174 296598
0 58567 31 0 1788867174 297291
0 58570 31 0 1788867174 297396
0 58594 31 0 1788867174 298233
0 58599 35 0 1788867174 298395
0 58616 31 0 1788867174 298945
0 58627 31 0 1788867174 299288
0 58645 31 0 1788867174 299866
0 58661 61 0 1788867174 300519
0 58676 31 0 1788867174 301029
0 58752 31 0 1788867174 303604
0 58754 38 0 1788867174 303698
0 58791 31 0 1788867174 305148
0 58845 31 0 1788867174 307426
0 58880 30 0 1788867174 308547
0 58902 30 0 1788867174 309249
0 58911 30 0 1788867174 309539
0 58923 30 0 1788867174 309918
0 58947 48 0 1788867174 310681
0 58956 30 0 1788867174 310979
0 58986 31 0 1788867174 311933
0 59019 31 0 1788867174 313164
0 59031 31 0 1788867174 313539
0 59047 31 0 1788867174 314063
0 59050 31 0 1788867174 314157
0 59055 31 0 1788867174 314314
0 59091 32 0 1788867174 315485
0 59101 31 0 1788867174 315810
0 59252 47 0 1788867174 320655
0 59268 31 0 1788867174 321195
0 59284 37 0 1788867174 321759
0 59296 31 0 1788867174 322205
0 59305 31 0 1788867174 322510
0 59322 41 0 1788867174 323116
0 59367 32 0 1788867174 324696
0 59403 31 0 1788867174 325979
0 59428 36 0 1788867174 326829
0 59442 31 0 1788867174 327269
0 59452 30 0 1788867174 327578
0 59466 31 0 1788867174 328024
0 59529 31 0 1788867174 330087
0 59564 32 0 1788867174 331207
0 59567 35 0 1788867174 331306
0 59595 31 0 1788867174 332190
0 59614 31 0 1788867174 332866
0 59616 36 0 1788867174 332936
0 59623 31 0 1788867174 333167
0 59636 34 0 1788867174 333586
0 59650 32 0 1788867174 334114
0 59654 31 0 1788867174 334241
0 59671 43 0 1788867174 334842
0 59734 32 0 1788867174 337045
0 59743 31 0 1788867174 337341
0 59761 32 0 1788867174 338163
0 59764 30 0 1788867174 338259
0 59776 57 0 1788867174 338657
0 59803 33 0 1788867174 339588
0 59805 41 0 1788867174 339680
0 59828 32 0 1788867174 340558
0 59850 30 0 1788867174 341318
0 59860 44 0 1788867174 341642
0 59864 31 0 1788867174 341781
0 59894 30 0 1788867174 342719
0 59963 30 0 1788867174 344850
0 59971 30 0 1788867174 345096
0 60042 31 0 1788867174 347563
0 60064 31 0 1788867174 348304
0 60084 31 0 1788867174 348966
0 60152 31 0 1788867174 351318
0 60156 34 0 1788867174 351454
0 60159 32 0 1788867174 351558
0 60183 32 0 1788867174 352371
0 60223 32 0 1788867174 353706
0 60224 32 0 1788867174 353740
0 60240 31 0 1788867174 354301
0 60246 32 0 1788867174 354515
0 60320 31 0 1788867174 356964
0 60321 31 0 1788867174 356997
0 60334 31 0 1788867174 357423
0 60351 37 0 1788867174 358013
0 60359 31 0 1788867174 358276
0 60376 32 0 1788867174 358861
0 60386 35 0 1788867174 359201
0 60437 31 0 1788867174 361126
0 60460 37 0 1788867174 361918
0 60469 31 0 1788867174 362209
0 60496 31 0 1788867174 363109
0 60498 35 0 1788867174 363176
0 60549 31 0 1788867174 364872
0 60553 31 0 1788867174 365000
0 60559 31 0 1788867174 365238
0 60578 37 0 1788867174 365890
0 60606 31 0 1788867174 366824
0 60607 49 0 1788867174 366874
0 60611 40 0 1788867174 367014
0 60648 31 0 1788867174 368229
0 60653 32 0 1788867174 368393
0 60669 38 0 1788867174 368977
0 60670 42 0 1788867174 369020
0 60742 31 0 1788867174 371710
0 60763 32 0 1788867174 372397
0 60781 40 0 1788867174 373091
0 60835 31 0 1788867174 374936
0 60855 30 0 1788867174 375556
0 60955 31 0 1788867174 378846
0 60956 31 0 1788867174 378879
0 60963 31 0 1788867174 379096
0 60977 30 0 1788867174 379603
0 60989 38 0 1788867174 380045
0 60994 30 0 1788867174 380202
0 60996 31 0 1788867174 380265
0 61061 31 0 1788867174 382369
0 61066 38 0 1788867174 382563
0 61087 31 0 1788867174 383247
0 61088 32 0 1788867174 383280
0 61112 31 0 1788867174 384058
0 61132 31 0 1788867174 384717
0 61156 37 0 1788867174 385528
0 61197 31 0 1788867174 386872
0 61207 31 0 1788867174 387189
0 61209 32 0 1788867174 387253
0 61234 31 0 1788867174 388070
0 61264 29 0 1788867174 389077
0 61326 34 0 1788867174 391006
0 61339 30 0 1788867174 391418
0 61348 30 0 1788867174 391705
0 61349 30 0 1788867174 391736
0 61395 31 0 1788867174 393144
0 61421 30 0 1788867174 393954
0 61461 30 0 1788867174 395203
0 61465 30 0 1788867174 395330
0 61466 30 0 1788867174 395361
0 61476 35 0 1788867174 395678
0 61495 30 0 1788867174 396259
0 61524 30 0 1788867174 397173
0 61525 30 0 1788867174 397204
0 61568 30 0 1788867174 398570
0 61575 35 0 1788867174 398799
0 61585 31 0 1788867174 399108
0 61586 31 0 1788867174 399139
0 61612 31 0 1788867174 399997
0 61615 31 0 1788867174 400089
0 61624 30 0 1788867174 400364
0 61635 31 0 1788867174 400725
0 61652 31 0 1788867174 401255
0 61666 31 0 1788867174 401717
0 61683 38 0 1788867174 402317
0 61699 41 0 1788867174 403008
0 61743 29 0 1788867174 404789
0 61758 33 0 1788867174 405246
0 61790 49 0 1788867174 406514
0 61800 32 0 1788867174 407014
0 61813 32 0 1788867174 407439
0 61814 34 0 1788867174 407473
0 61823 30 0 1788867174 407771
0 61869 31 0 1788867174 409198
0 61870 30 0 1788867174 409229
0 61878 36 0 1788867174 409486
0 61889 32 0 1788867174 409842
0 61914 34 0 1788867174 410623
0 61953 29 0 1788867174 411840
0 61958 30 0 1788867174 411994
0 61966 30 0 1788867174 412237
0 61983 30 0 1788867174 412776
0 62004 29 0 1788867174 413432
0 62013 30 0 1788867174 413718
0 62052 30 0 1788867174 414916
0 62053 30 0 1788867174 414947
0 62083 30 0 1788867174 415905
0 62092 30 0 1788867174 416182
0 62102 30 0 1788867174 416503
0 62106 42 0 1788867174 416639
0 62166 30 0 1788867174 418534
0 62168 31 0 1788867174 418597
0 62175 30 0 1788867174 418826
0 62205 33 0 1788867174 419936
0 62213 33 0 1788867174 420205
0 62299 31 0 1788867174 423543
0 62308 29 0 1788867174 423832
0 62331 44 0 1788867174 425123
0 62336 40 0 1788867174 425335
0 62380 51 0 1788867174 427358
0 62390 51 0 1788867174 427823
0 62394 39 0 1788867174 428014
0 62399 52 0 1788867174 428242
0 62400 44 0 1788867174 428289
0 62406 37 0 1788867174 428507
0 62413 64 0 1788867174 428811
0 62417 40 0 1788867174 428993
0 62433 29 0 1788867174 429513
0 62443 31 0 1788867174 429864
0 62458 30 0 1788867174 430310
0 62461 30 0 1788867174 430403
0 62474 30 0 1788867174 430812
0 62501 29 0 1788867174 431709
0 62516 31 0 1788867174 432159
0 62532 45 0 1788867174 432648
0 62539 29 0 1788867174 432858
0 62546 30 0 1788867174 433077
0 62569 30 0 1788867174 433776
0 62580 30 0 1788867174 434106
0 62650 46 0 1788867174 437281
0 62676 38 0 1788867174 438689
0 62712 59 0 1788867174 440592
0 62724 34 0 1788867174 441509
0 62739 37 0 1788867174 442167
0 62747 37 0 1788867174 442474
0 62796 36 0 1788867174 444378
0 62806 48 0 1788867174 444786
0 62809 45 0 1788867174 444922
0 62816 32 0 1788867174 445238
0 62841 31 0 1788867174 446072
0 62861 40 0 1788867174 446704
0 62870 30 0 1788867174 446994
0 62928 30 0 1788867174 448850
0 62931 30 0 1788867174 448942
0 62938 30 0 1788867174 449150
0 62977 29 0 1788867174 450377
0 62994 29 0 1788867174 450930
0 63026 30 0 1788867174 451904
0 63036 30 0 1788867174 452204
0 63047 32 0 1788867174 452608
0 63062 30 0 1788867174 453075
0 63075 32 0 1788867174 453470
0 63103 31 0 1788867174 454373
0 63110 30 0 1788867174 454587
0 63114 31 0 1788867174 454719
0 63124 32 0 1788867174 455025
0 63126 32 0 1788867174 455099
0 63173 30 0 1788867174 456569
0 63188 33 0 1788867174 457066
0 63217 30 0 1788867174 458000
0 63221 33 0 1788867174 458128
0 63222 31 0 1788867174 458159
0 63275 58 0 1788867174 460198
0 63301 30 0 1788867174 461014
0 63358 30 0 1788867174 462811
0 63359 30 0 1788867174 462843
0 63372 30 0 1788867174 463237
0 63378 30 0 1788867174 463419
0 63383 30 0 1788867174 463570
0 63391 30 0 1788867174 463823
0 63463 30 0 1788867174 466123
0 63490 30 0 1788867174 466981
0 63506 30 0 1788867174 467479
0 63554 49 0 1788867174 469360
0 63569 30 0 1788867174 470111
0 63583 30 0 1788867174 470539
0 63593 32 0 1788867174 470894
0 63615 44 0 1788867174 471842
0 63616 40 0 1788867174 471884
0 63628 36 0 1788867174 472413
0 63634 33 0 1788867174 472602
0 63639 32 0 1788867174 472823
0 63671 30 0 1788867174 473828
0 63672 29 0 1788867174 473859
0 63692 39 0 1788867174 474532
0 63746 29 0 1788867174 476225
0 63778 29 0 1788867174 477241
0 63800 32 0 1788867174 477935
0 63848 30 0 1788867174 479500
0 63868 30 0 1788867174 480125
0 63869 30 0 1788867174 480157
0 63878 29 0 1788867174 480424
0 63879 30 0 1788867174 480455
0 63944 30 0 1788867174 482462
0 63964 30 0 1788867174 483076
0 63981 29 0 1788867174 483589
0 63984 31 0 1788867174 483694
0 63992 31 0 1788867174 483938
0 64025 30 0 1788867174 484946
0 64030 30 0 1788867174 485099
0 64036 30 0 1788867174 485296
0 64046 30 0 1788867174 485609
0 64075 30 0 1788867174 486543
0 64102 53 0 1788867174 487646
0 64133 48 0 1788867174 489142
0 64162 31 0 1788867174 490351
0 64230 64 0 1788867174 493536
0 64282 32 0 1788867174 495583
0 64287 35 0 1788867174 495793
0 64312 31 0 1788867174 496611
0 64316 36 0 1788867174 496780
0 64354 41 0 1788867174 498402
0 64363 41 0 1788867174 498797
0 64376 41 0 1788867174 499364
0 64410 47 0 1788867174 500908
0 64412 47 0 1788867174 501006
0 64420 39 0 1788867174 501346
0 64421 41 0 1788867174 501389
0 64428 45 0 1788867174 501686
0 64434 41 0 1788867174 501949
0 64489 40 0 1788867174 504261
0 64509 40 0 1788867174 505092
0 64526 45 0 1788867174 505927
0 64546 41 0 1788867174 506777
0 64557 40 0 1788867174 507255
0 64592 58 0 1788867174 509112
0 64595 35 0 1788867174 509234
0 64617 48 0 1788867174 510412
0 64623 59 0 1788867174 510829
0 64632 33 0 1788867174 511244
0 64649 62 0 1788867174 512006
0 64656 59 0 1788867174 512418
0 64702 33 0 1788867174 514454
0 64712 30 0 1788867174 514784
0 64726 30 0 1788867174 515213
0 64729 30 0 1788867174 515305
0 64758 31 0 1788867174 516229
0 64825 30 0 1788867174 518411
0 64835 32 0 1788867174 518776
0 64860 59 0 1788867174 519580
0 64870 35 0 1788867174 520024
0 64888 30 0 1788867174 521185
0 64898 30 0 1788867174 521496
0 64902 71 0 1788867174 521667
0 64917 30 0 1788867174 522224
0 64937 30 0 1788867174 522859
0 64946 30 0 1788867174 523146
0 64955 31 0 1788867174 523426
0 64967 45 0 1788867174 523934
0 64983 58 0 1788867174 524633
0 64989 45 0 1788867174 524949
0 64996 39 0 1788867174 525293
0 65032 30 0 1788867174 526523
0 65063 31 0 1788867174 527533
0 65096 88 0 1788867174 528921
0 65135 39 0 1788867174 532154
0 65160 37 0 1788867174 533188
0 65164 38 0 1788867174 533339
0 65170 58 0 1788867174 533636
0 65176 47 0 1788867174 533888
0 65185 64 0 1788867174 534578
0 65186 66 0 1788867174 534646
0 65187 60 0 1788867174 534707
0 65188 75 0 1788867174 534784
0 65267 54 0 1788867174 538981
0 65369 58 0 1788867174 544484
0 65378 57 0 1788867174 545032
0 65394 45 0 1788867174 545807
0 65410 46 0 1788867174 546561
0 65420 37 0 1788867174 547034
0 65430 40 0 1788867174 547367
0 65443 31 0 1788867174 547800
0 65464 31 0 1788867174 548472
0 65485 31 0 1788867174 549158
0 65509 31 0 1788867174 549990
0 65515 31 0 1788867174 550181
0 65518 31 0 1788867174 550277
0 65521 33 0 1788867174 550374
0 65534 43 0 1788867174 550974
0 65559 44 0 1788867174 552067
0 65569 42 0 1788867174 552502
0 65570 43 0 1788867174 552547
0 65597 34 0 1788867174 553605
0 65647 33 0 1788867174 555358
0 65651 32 0 1788867174 555492
0 65664 33 0 1788867174 555959
0 65712 32 0 1788867174 557587
0 65754 37 0 1788867174 559037
0 65810 32 0 1788867174 561165
0 65847 33 0 1788867174 562847
0 65903 31 0 1788867174 565197
0 65904 32 0 1788867174 565233
0 65951 42 0 1788867174 566880
0 65954 46 0 1788867174 567022
0 66029 31 0 1788867174 569516
0 66035 33 0 1788867174 569733
0 66047 32 0 1788867174 570116
0 66064 33 0 1788867174 570667
0 66068 31 0 1788867174 570799
0 66091 31 0 1788867174 571530
0 66104 31 0 1788867174 571957
0 66133 37 0 1788867174 572987
0 66139 32 0 1788867174 573183
0 66144 34 0 1788867174 573360
0 66169 43 0 1788867174 574362
0 66174 47 0 1788867174 574609
0 66176 48 0 1788867174 574728
0 66198 41 0 1788867174 575634
0 66200 45 0 1788867174 575725
0 66201 57 0 1788867174 575785
0 66205 32 0 1788867174 575942
0 66211 32 0 1788867174 576135
0 66220 34 0 1788867174 576470
0 66262 49 0 1788867174 578056
0 66273 44 0 1788867174 578777
0 66299 48 0 1788867174 579941
0 66300 46 0 1788867174 579994
0 66328 34 0 1788867174 581163
0 66333 31 0 1788867174 581330
0 66381 39 0 1788867174 582926
0 66393 33 0 1788867174 583336
0 66400 67 0 1788867174 583661
0 66422 34 0 1788867174 584480
0 66428 35 0 1788867174 584726
0 66465 32 0 1788867174 585934
0 66485 31 0 1788867174 586562
0 66514 32 0 1788867174 587512
0 66517 37 0 1788867174 587620
0 66526 32 0 1788867174 587919
0 66538 33 0 1788867174 588301
0 66559 31 0 1788867174 588982
0 66562 31 0 1788867174 589078
0 66587 32 0 1788867174 589908
0 66597 32 0 1788867174 590228
0 66638 35 0 1788867174 591599
0 66641 41 0 1788867174 591733
0 66662 32 0 1788867174 592509
0 66692 38 0 1788867174 593819
0 66710 32 0 1788867174 594402
0 66783 31 0 1788867174 596848
0 66795 32 0 1788867174 597228
0 66797 32 0 1788867174 597292
0 66837 31 0 1788867174 598591
0 66840 32 0 1788867174 598713
0 66853 31 0 1788867174 599124
0 66859 31 0 1788867174 599313
0 66901 42 0 1788867174 601082
0 66926 83 0 1788867174 602316
0 66937 35 0 1788867174 602805
0 66972 33 0 1788867174 603959
0 66994 38 0 1788867174 604746
0 67005 43 0 1788867174 605159
0 67011 43 0 1788867174 605384
0 67036 33 0 1788867174 606520
0 67141 31 0 1788867174 610014
0 67179 31 0 1788867174 611286
0 67181 45 0 1788867174 611389
0 67185 43 0 1788867174 611580
0 67186 40 0 1788867174 611622
0 67192 31 0 1788867174 611831
0 67199 31 0 1788867174 612064
0 67265 32 0 1788867174 614406
0 67266 33 0 1788867174 614441
0 67276 32 0 1788867174 614778
0 67354 32 0 1788867174 617459
0 67382 32 0 1788867174 618405
0 67386 32 0 1788867174 618539
0 67390 36 0 1788867174 618682
0 67431 32 0 1788867174 620032
0 67442 32 0 1788867174 620384
0 67450 43 0 1788867174 620650
0 67507 32 0 1788867174 622524
0 67522 32 0 1788867174 623030
0 67540 39 0 1788867174 623629
0 67589 32 0 1788867174 625244
0 67600 41 0 1788867174 625617
0 67603 32 0 1788867174 625720
0 67627 32 0 1788867174 626553
0 67631 40 0 1788867174 626704
0 67634 32 0 1788867174 626802
0 67648 32 0 1788867174 627298
0 67654 33 0 1788867174 627499
0 67671 37 0 1788867174 628080
0 67729 32 0 1788867174 630153
0 67734 31 0 1788867174 630315
0 67744 44 0 1788867174 630647
0 67766 32 0 1788867174 631367
0 67777 33 0 1788867174 631744
0 67812 33 0 1788867174 632973
0 67821 67 0 1788867174 633440
0 67832 41 0 1788867174 633928
0 67844 39 0 1788867174 634415
0 67885 57 0 1788867174 636081
0 67924 36 0 1788867174 637600
0 67958 32 0 1788867174 638955
0 68002 31 0 1788867174 640437
0 68063 32 0 1788867174 642526
0 68102 31 0 1788867174 644034
0 68105 32 0 1788867174 644134
0 68117 31 0 1788867174 644569
0 68125 31 0 1788867174 644835
0 68149 54 0 1788867174 645652
0 68196 32 0 1788867174 647227
0 68261 38 0 1788867174 649523
0 68266 33 0 1788867174 649744
0 68281 35 0 1788867174 650268
0 68309 36 0 1788867174 651219
0 68349 43 0 1788867174 652769
0 68372 41 0 1788867174 653778
0 68385 40 0 1788867174 654317
0 68415 34 0 1788867174 655552
0 68421 32 0 1788867174 655773
0 68434 31 0 1788867174 656192
0 68475 32 0 1788867174 657525
0 68492 32 0 1788867174 658104
0 68511 40 0 1788867174 658763
0 68517 32 0 1788867174 658958
0 68533 42 0 1788867174 659507
0 68540 51 0 1788867174 659881
0 68545 46 0 1788867174 660133
0 68577 52 0 1788867174 661435
0 68582 40 0 1788867174 661651
0 68596 32 0 1788867174 662107
0 68600 32 0 1788867174 662237
0 68606 31 0 1788867174 662430
0 68620 32 0 1788867174 662887
0 68632 32 0 1788867174 663278
0 68651 32 0 1788867174 663904
0 68653 32 0 1788867174 663972
0 68690 32 0 1788867174 665204
0 68715 34 0 1788867174 666105
0 68724 101 0 1788867174 666475
0 68728 50 0 1788867174 666724
0 68738 45 0 1788867174 667207
0 68794 56 0 1788867174 670148
0 68800 53 0 1788867174 670471
0 68828 46 0 1788867174 672049
0 68867 48 0 1788867174 673934
0 68878 46 0 1788867174 674443
0 68884 46 0 1788867174 674754
0 68891 48 0 1788867174 675113
0 68898 54 0 1788867174 675489
0 68917 49 0 1788867174 676417
0 68921 64 0 1788867174 676667
0 68958 33 0 1788867174 678537
0 68960 33 0 1788867174 678606
0 68969 46 0 1788867174 679069
0 68974 47 0 1788867174 679308
0 69004 57 0 1788867174 680754
0 69015 48 0 1788867174 681310
0 69028 46 0 1788867174 681933
0 69035 47 0 1788867174 682260
0 69068 48 0 1788867174 683855
0 69073 48 0 1788867174 684089
0 69077 52 0 1788867174 684283
0 69080 46 0 1788867174 684425
0 69090 45 0 1788867174 684926
0 69112 47 0 1788867174 686068
0 69126 50 0 1788867174 686775
0 69167 48 0 1788867174 688774
0 69172 47 0 1788867174 689019
0 69181 52 0 1788867174 689453
0 69185 72 0 1788867174 689683
0 69199 47 0 1788867174 690393
0 69203 52 0 1788867174 690593
0 69237 48 0 1788867174 692316
0 69238 48 0 1788867174 692366
0 69252 51 0 1788867174 693061
0 69260 47 0 1788867174 693444
0 69282 49 0 1788867174 694525
0 69309 44 0 1788867174 695837
0 69315 51 0 1788867174 696130
0 69319 46 0 1788867174 696313
0 69352 44 0 1788867174 697904
0 69358 45 0 1788867174 698177
0 69406 53 0 1788867174 700563
0 69437 49 0 1788867174 702387
0 69446 49 0 1788867174 702852
0 69473 44 0 1788867174 704416
0 69477 49 0 1788867174 704609
0 69487 50 0 1788867174 705110
0 69539 45 0 1788867174 707771
0 69579 36 0 1788867174 709791
0 69618 47 0 1788867174 711381
0 69624 51 0 1788867174 711725
0 69667 42 0 1788867174 713775
0 69674 41 0 1788867174 714064
0 69697 33 0 1788867174 714980
0 69768 33 0 1788867174 717336
0 69769 33 0 1788867174 717370
0 69787 33 0 1788867174 717981
0 69822 33 0 1788867174 719221
0 69834 45 0 1788867174 719647
0 69836 34 0 1788867174 719719
0 69852 33 0 1788867174 720269
0 69856 34 0 1788867174 720406
0 69861 33 0 1788867174 720573
0 69866 34 0 1788867174 720753
0 69903 36 0 1788867174 722037
0 69907 33 0 1788867174 722170
0 69945 33 0 1788867174 723472
0 69955 34 0 1788867174 723889
0 69982 44 0 1788867174 724825
0 70016 33 0 1788867174 726389
0 70026 34 0 1788867174 726733
0 70041 33 0 1788867174 727226
0 70046 33 0 1788867174 727391
0 70082 41 0 1788867174 728624
0 70086 33 0 1788867174 728765
0 70097 36 0 1788867174 729141
0 70143 48 0 1788867174 731065
0 70159 36 0 1788867174 731779
0 70175 36 0 1788867174 732462
0 70188 33 0 1788867174 732909
0 70201 33 0 1788867174 733409
0 70212 33 0 1788867174 733786
0 70215 33 0 1788867174 733886
0 70224 49 0 1788867174 734232
0 70228 33 0 1788867174 734373
0 70333 33 0 1788867174 738523
0 70334 34 0 1788867174 738566
0 70356 32 0 1788867174 739333
0 70374 32 0 1788867174 739959
0 70418 33 0 1788867174 741558
0 70434 35 0 1788867174 742275
0 70436 35 0 1788867174 742351
0 70455 33 0 1788867174 742997
0 70505 35 0 1788867174 744729
0 70518 32 0 1788867174 745171
0 70526 32 0 1788867174 745432
0 70546 32 0 1788867174 746104
0 70565 32 0 1788867174 746749
0 70591 41 0 1788867174 747633
0 70608 33 0 1788867174 748203
0 70630 32 0 1788867174 749009
0 70652 32 0 1788867174 749794
0 70681 33 0 1788867174 750783
0 70710 34 0 1788867174 751821
0 70712 33 0 1788867174 751890
0 70781 34 0 1788867174 754450
0 70782 34 0 1788867174 754488
0 70791 34 0 1788867174 754811
0 70794 33 0 1788867174 754911
0 70803 33 0 1788867174 755207
0 70811 33 0 1788867174 755482
0 70815 37 0 1788867174 755623
0 70829 33 0 1788867174 756088
0 70847 33 0 1788867174 756713
0 70864 39 0 1788867174 757283
0 70874 48 0 1788867174 757649
0 70931 54 0 1788867174 759661
0 70934 34 0 1788867174 759766
0 70947 36 0 1788867174 760225
0 70960 37 0 1788867174 760763
0 70969 33 0 1788867174 761068
0 70974 33 0 1788867174 761245
0 70986 36 0 1788867174 761740
0 71019 33 0 1788867174 762884
0 71031 33 0 1788867174 763305
0 71048 35 0 1788867174 763903
0 71056 35 0 1788867174 764183
0 71139 55 0 1788867174 767081
0 71152 45 0 1788867174 767609
0 71166 43 0 1788867174 768429
0 71175 31 0 1788867174 768806
0 71183 32 0 1788867174 769060
0 71212 45 0 1788867174 770159
0 71233 31 0 1788867174 771073
0 71236 31 0 1788867174 771173
0 71237 35 0 1788867174 771259
0 71244 34 0 1788867174 771493
0 71247 34 0 1788867174 771598
0 71255 32 0 1788867174 771879
0 71266 32 0 1788867174 772230
0 71283 31 0 1788867174 772811
0 71293 31 0 1788867174 773129
0 71307 32 0 1788867174 773570
0 71312 31 0 1788867174 773738
0 71325 32 0 1788867174 774154
0 71330 32 0 1788867174 774313
0 71340 61 0 1788867174 774657
0 71342 32 0 1788867174 774726
0 71378 37 0 1788867174 775910
0 71380 32 0 1788867174 775975
0 71381 32 0 1788867174 776008
0 71392 33 0 1788867174 776390
0 71438 51 0 1788867174 778186
0 71461 36 0 1788867174 778986
0 71491 32 0 1788867174 779972
0 71496 34 0 1788867174 780148
0 71527 34 0 1788867174 781307
0 71577 37 0 1788867174 783427
0 71585 35 0 1788867174 783716
0 71586 32 0 1788867174 783750
0 71591 32 0 1788867174 783909
0 71611 37 0 1788867174 784626
0 71613 31 0 1788867174 784693
0 71619 31 0 1788867174 784883
0 71660 65 0 1788867174 786662
0 71664 43 0 1788867174 786841
0 71677 43 0 1788867174 787411
0 71715 48 0 1788867174 789207
0 71720 45 0 1788867174 789429
0 71726 47 0 1788867174 789718
0 71727 48 0 1788867174 789767
0 71736 31 0 1788867174 790148
0 71751 54 0 1788867174 790754
0 71763 50 0 1788867174 791400
0 71768 61 0 1788867174 791775
0 71782 47 0 1788867174 792466
0 71788 38 0 1788867174 792753
0 71796 38 0 1788867174 793066
0 71836 33 0 1788867174 794844
0 71843 33 0 1788867174 795099
0 71861 44 0 1788867174 795878
0 71927 32 0 1788867174 798040
0 71928 32 0 1788867174 798073
0 71932 33 0 1788867174 798205
0 71993 32 0 1788867174 800724
0 72026 35 0 1788867174 801923
0 72039 40 0 1788867174 802446
0 72044 52 0 1788867174 802731
0 72077 32 0 1788867174 803942
0 72080 32 0 1788867174 804041
0 72087 32 0 1788867174 804276
0 72103 33 0 1788867174 804873
0 72109 32 0 1788867174 805078
0 72128 32 0 1788867174 805792
0 72140 35 0 1788867174 806203
0 72144 33 0 1788867174 806341
0 72149 33 0 1788867174 806505
0 72158 32 0 1788867174 806826
0 72207 34 0 1788867174 808577
0 72274 38 0 1788867174 811572
0 72320 44 0 1788867174 813616
0 72340 37 0 1788867174 814382
0 72387 38 0 1788867174 816229
0 72432 34 0 1788867174 818012
0 72461 33 0 1788867174 819005
0 72462 34 0 1788867174 819041
0 72463 33 0 1788867174 819075
0 72474 33 0 1788867174 819441
0 72487 32 0 1788867174 819882
0 72508 32 0 1788867174 820573
0 72513 33 0 1788867174 820767
0 72554 33 0 1788867174 822173
0 72562 33 0 1788867174 822437
0 72574 33 0 1788867174 822968
0 72638 34 0 1788867174 825215
0 72640 43 0 1788867174 825294
0 72644 33 0 1788867174 825438
0 72706 39 0 1788867174 827683
0 72716 33 0 1788867174 828025
0 72728 33 0 1788867174 828428
0 72734 46 0 1788867174 828646
0 72813 33 0 1788867174 831428
0 72818 33 0 1788867174 831607
0 72857 34 0 1788867174 833078
0 72880 34 0 1788867174 833900
0 72894 61 0 1788867174 834672
0 72934 36 0 1788867174 836147
0 72954 33 0 1788867174 837019
0 72973 32 0 1788867174 837704
0 72983 32 0 1788867174 838031
0 72992 32 0 1788867174 838323
0 73000 32 0 1788867174 838583
0 73005 34 0 1788867174 838774
0 73006 32 0 1788867174 838808
0 73008 32 0 1788867174 838874
0 73010 32 0 1788867174 838940
0 73015 33 0 1788867174 839109
0 73024 32 0 1788867174 839409
0 73029 32 0 1788867174 839584
0 73043 32 0 1788867174 840060
0 73073 32 0 1788867174 841072
0 73090 45 0 1788867174 841704
0 73123 35 0 1788867174 843016
0 73148 32 0 1788867174 843929
0 73150 32 0 1788867174 843996
0 73168 39 0 1788867174 844592
0 73174 38 0 1788867174 844878
0 73200 33 0 1788867174 845770
0 73267 65 0 1788867174 848076
0 73279 51 0 1788867174 848682
0 73280 49 0 1788867174 848735
0 73306 40 0 1788867174 849936
0 73336 34 0 1788867174 851177
0 73349 36 0 1788867174 851617
0 73386 33 0 1788867174 852892
0 73408 41 0 1788867174 853704
0 73432 34 0 1788867174 854530
0 73486 37 0 1788867174 856404
0 73501 45 0 1788867174 856962
0 73504 53 0 1788867174 857138
0 73508 42 0 1788867174 857327
0 73532 41 0 1788867174 858371
0 73566 44 0 1788867174 860198
0 73576 55 0 1788867174 860841
0 73594 33 0 1788867174 861790
0 73601 74 0 1788867174 862112
0 73604 42 0 1788867174 862260
0 73635 55 0 1788867174 863745
0 73661 47 0 1788867174 865039
0 73674 57 0 1788867174 865736
0 73695 89 0 1788867174 866794
0 73705 38 0 1788867174 867422
0 73737 51 0 1788867174 870780
0 73741 61 0 1788867174 871066
0 73753 84 0 1788867174 871830
0 73755 52 0 1788867174 871945
0 73763 45 0 1788867174 872318
0 73786 32 0 1788867174 873213
0 73788 51 0 1788867174 873305
0 73825 35 0 1788867174 874817
0 73861 32 0 1788867174 876227
0 73896 32 0 1788867174 877387
0 73907 43 0 1788867174 877776
0 73909 33 0 1788867174 877852
0 73933 44 0 1788867174 878913
0 73935 44 0 1788867174 879006
0 73944 44 0 1788867174 879404
0 74017 32 0 1788867174 882058
0 74034 36 0 1788867174 882718
0 74035 36 0 1788867174 882760
0 74038 39 0 1788867174 882872
0 74043 42 0 1788867174 883070
0 74047 37 0 1788867174 883212
0 74055 33 0 1788867174 883484
0 74093 33 0 1788867174 884819
0 74112 33 0 1788867174 885476
0 74133 33 0 1788867174 886203
0 74147 35 0 1788867174 886691
0 74160 35 0 1788867174 887242
0 74198 33 0 1788867174 888816
0 74218 33 0 1788867174 889475
0 74232 36 0 1788867174 889946
0 74262 33 0 1788867174 890967
0 74270 33 0 1788867174 891232
0 74281 36 0 1788867174 891603
0 74282 51 0 1788867174 891656
0 74287 33 0 1788867174 891832
0 74314 33 0 1788867174 892837
0 74341 34 0 1788867174 893760
0 74362 33 0 1788867174 894445
0 74409 33 0 1788867174 896012
0 74424 33 0 1788867174 896506
0 74425 33 0 1788867174 896540
0 74450 40 0 1788867174 897423
0 74461 33 0 1788867174 897808
0 74466 33 0 1788867174 897983
0 74469 33 0 1788867174 898084
0 74471 33 0 1788867174 898151
0 74480 34 0 1788867174 898473
0 74497 41 0 1788867174 899127
0 74548 33 0 1788867174 901149
0 74556 34 0 1788867174 901424
0 74653 32 0 1788867174 905256
0 74659 33 0 1788867174 905462
0 74694 48 0 1788867174 906643
0 74711 32 0 1788867174 907208
0 74759 33 0 1788867174 908936
0 74774 46 0 1788867174 909582
0 74786 44 0 1788867174 910144
0 74819 53 0 1788867174 911656
0 74827 34 0 1788867174 911931
0 74835 33 0 1788867174 912201
0 74857 34 0 1788867174 913003
0 74874 38 0 1788867174 913616
0 74900 52 0 1788867174 914684
0 74904 44 0 1788867174 914869
0 74914 44 0 1788867174 915314
0 74925 52 0 1788867174 915942
0 74932 53 0 1788867174 916273
0 74938 60 0 1788867174 916562
0 74979 49 0 1788867174 918436
0 74993 32 0 1788867174 918967
0 75039 35 0 1788867174 920700
0 75056 35 0 1788867174 921344
0 75061 32 0 1788867174 921509
0 75074 33 0 1788867174 921957
0 75078 33 0 1788867174 922101
0 75120 35 0 1788867174 923989
0 75126 33 0 1788867174 924206
0 75241 33 0 1788867174 928198
0 75247 40 0 1788867174 928417
0 75248 34 0 1788867174 928452
0 75252 34 0 1788867174 928608
0 75253 56 0 1788867174 928666
0 75274 43 0 1788867174 929405
0 75292 32 0 1788867174 930077
0 75294 32 0 1788867174 930144
0 75325 35 0 1788867174 931285
0 75334 36 0 1788867174 931592
0 75390 33 0 1788867174 934060
0 75413 47 0 1788867174 935082
0 75444 34 0 1788867174 936725
0 75487 32 0 1788867174 938255
0 75497 33 0 1788867174 938583
0 75530 33 0 1788867174 939725
0 75579 39 0 1788867174 941534
0 75614 33 0 1788867174 942771
0 75634 33 0 1788867174 943443
0 75635 33 0 1788867174 943477
0 75668 37 0 1788867174 944685
0 75687 34 0 1788867174 945423
0 75692 34 0 1788867174 945608
0 75697 33 0 1788867174 945786
0 75700 33 0 1788867174 945892
0 75706 33 0 1788867174 946094
0 75715 38 0 1788867174 946407
0 75721 33 0 1788867174 946608
0 75730 59 0 1788867174 946976
0 75731 84 0 1788867174 947064
0 75836 34 0 1788867174 950801
0 75859 33 0 1788867174 951593
0 75863 33 0 1788867174 951735
0 75882 33 0 1788867174 952380
0 75914 33 0 1788867174 953505
0 75975 34 0 1788867174 955695
0 75978 34 0 1788867174 955799
0 75995 34 0 1788867174 956388
0 75999 33 0 1788867174 956523
0 76023 33 0 1788867174 957382
0 76109 33 0 1788867174 960396
0 76151 35 0 1788867174 961954
0 76166 37 0 1788867174 962504
0 76197 33 0 1788867174 963606
0 76287 36 0 1788867174 967443
0 76297 37 0 1788867174 967855
0 76298 37 0 1788867174 967895
0 76312 48 0 1788867174 968488
0 76343 36 0 1788867174 969667
0 76381 33 0 1788867174 970961
0 76403 32 0 1788867174 971742
0 76410 33 0 1788867174 971980
0 76429 32 0 1788867174 972600
0 76431 39 0 1788867174 972684
0 76463 33 0 1788867174 973756
0 76471 39 0 1788867174 974024
0 76474 49 0 1788867174 974159
0 76478 44 0 1788867174 974334
0 76493 32 0 1788867174 974956
0 76505 88 0 1788867174 975419
0 76507 46 0 1788867174 975517
0 76510 53 0 1788867174 975663
0 76536 45 0 1788867174 976872
0 76555 44 0 1788867174 977735
0 76572 56 0 1788867174 978518
0 76584 44 0 1788867174 979077
0 76603 47 0 1788867174 979974
0 76640 45 0 1788867174 981645
0 76689 45 0 1788867174 983726
0 76731 45 0 1788867174 985698
0 76756 44 0 1788867174 986828
0 76773 44 0 1788867174 987584
0 76794 44 0 1788867174 988548
0 76811 46 0 1788867174 989331
0 76827 44 0 1788867174 990076
0 76863 44 0 1788867174 991720
0 76876 47 0 1788867174 992301
0 76885 45 0 1788867174 992710
0 76900 60 0 1788867174 993510
0 76918 35 0 1788867174 994241
0 76924 33 0 1788867174 994448
0 76939 32 0 1788867174 994998
0 76957 40 0 1788867174 995599
0 76977 36 0 1788867174 996317
0 77032 33 0 1788867174 998345
0 77040 32 0 1788867174 998612
0 77045 108 0 1788867174 998870
0 77068 40 0 1788867174 999925
0 77082 73 0 1788867175 449
0 77084 39 0 1788867175 561
0 77094 38 0 1788867175 963
0 77102 45 0 1788867175 1288
0 77105 41 0 1788867175 1410
0 77129 32 0 1788867175 2410
0 77131 33 0 1788867175 2482
0 77241 34 0 1788867175 7203
0 77253 41 0 1788867175 7661
0 77255 42 0 1788867175 7739
0 77289 34 0 1788867175 9057
0 77321 45 0 1788867175 10226
0 77332 41 0 1788867175 10644
0 77334 33 0 1788867175 10714
0 77371 33 0 1788867175 11972
0 77444 34 0 1788867175 14519
0 77450 34 0 1788867175 14741
0 77458 34 0 1788867175 15012
0 77461 38 0 1788867175 15128
0 77467 39 0 1788867175 15371
0 77477 34 0 1788867175 15722
0 77514 33 0 1788867175 16969
0 77518 33 0 1788867175 17101
0 77547 33 0 1788867175 18062
0 77607 33 0 1788867175 20287
0 77624 33 0 1788867175 20940
0 77648 34 0 1788867175 21778
0 77665 33 0 1788867175 22349
0 77711 33 0 1788867175 23955
0 77726 33 0 1788867175 24456
0 77740 35 0 1788867175 25012
0 77751 35 0 1788867175 25424
0 77771 39 0 1788867175 26247
0 77823 36 0 1788867175 28160
0 77830 36 0 1788867175 28399
0 77832 34 0 1788867175 28469
0 77838 45 0 1788867175 28717
0 77848 41 0 1788867175 29247
0 77868 39 0 1788867175 29971
0 77870 41 0 1788867175 30057
0 77931 45 0 1788867175 33030
0 77939 80 0 1788867175 33756
0 77944 60 0 1788867175 34122
0 77948 33 0 1788867175 34277
0 77960 38 0 1788867175 34760
0 77985 76 0 1788867175 36547
0 78031 34 0 1788867175 38710
0 78032 33 0 1788867175 38749
0 78055 32 0 1788867175 39508
0 78079 32 0 1788867175 40334
0 78088 46 0 1788867175 40646
0 78092 33 0 1788867175 40785
0 78097 81 0 1788867175 40998
0 78101 33 0 1788867175 41137
0 78103 32 0 1788867175 41204
0 78122 35 0 1788867175 41867
0 78130 34 0 1788867175 42156
0 78131 33 0 1788867175 42190
0 78143 34 0 1788867175 42599
0 78153 33 0 1788867175 42950
0 78155 33 0 1788867175 43017
0 78172 32 0 1788867175 43918
0 78179 33 0 1788867175 44154
0 78257 33 0 1788867175 47262
0 78260 34 0 1788867175 47366
0 78265 32 0 1788867175 47530
0 78272 33 0 1788867175 47767
0 78273 33 0 1788867175 47801
0 78285 33 0 1788867175 48190
0 78296 33 0 1788867175 48611
0 78338 32 0 1788867175 50118
0 78339 32 0 1788867175 50152
0 78368 44 0 1788867175 51264
0 78381 32 0 1788867175 51836
0 78388 33 0 1788867175 52072
0 78410 34 0 1788867175 52850
0 78421 34 0 1788867175 53221
0 78422 33 0 1788867175 53255
0 78464 39 0 1788867175 54825
0 78488 41 0 1788867175 55739
0 78509 34 0 1788867175 56463
0 78524 34 0 1788867175 56986
0 78544 35 0 1788867175 57711
0 78568 35 0 1788867175 58566
0 78625 35 0 1788867175 60792
0 78643 37 0 1788867175 61525
0 78707 43 0 1788867175 63898
0 78722 62 0 1788867175 64641
0 78731 42 0 1788867175 65109
0 78765 34 0 1788867175 66482
0 78794 53 0 1788867175 67800
0 78831 34 0 1788867175 69385
0 78832 38 0 1788867175 69426
0 78874 33 0 1788867175 70915
0 78899 34 0 1788867175 71803
0 78923 42 0 1788867175 72640
0 78956 34 0 1788867175 73929
0 78989 33 0 1788867175 75083
0 78991 38 0 1788867175 75187
0 79014 34 0 1788867175 76006
0 79021 37 0 1788867175 76250
0 79041 35 0 1788867175 77068
0 79053 35 0 1788867175 77487
0 79078 34 0 1788867175 78411
0 79131 46 0 1788867175 80433
0 79132 43 0 1788867175 80479
0 79153 34 0 1788867175 81252
0 79167 45 0 1788867175 81807
0 79179 44 0 1788867175 82302
0 79193 35 0 1788867175 82806
0 79205 36 0 1788867175 83249
0 79206 36 0 1788867175 83286
0 79224 39 0 1788867175 83946
0 79246 35 0 1788867175 84780
0 79267 34 0 1788867175 85529
0 79274 35 0 1788867175 85795
0 79275 35 0 1788867175 85831
0 79288 35 0 1788867175 86291
0 79314 35 0 1788867175 87227
0 79315 35 0 1788867175 87263
0 79340 38 0 1788867175 88225
0 79355 37 0 1788867175 88947
0 79389 34 0 1788867175 90166
0 79402 57 0 1788867175 90653
0 79418 42 0 1788867175 91296
0 79432 40 0 1788867175 91836
0 79436 33 0 1788867175 91973
0 79490 33 0 1788867175 93811
0 79493 32 0 1788867175 93911
0 79501 45 0 1788867175 94188
0 79533 32 0 1788867175 95244
0 79536 32 0 1788867175 95343
0 79541 35 0 1788867175 95514
0 79547 32 0 1788867175 95722
0 79605 48 0 1788867175 97693
0 79616 33 0 1788867175 98064
0 79623 47 0 1788867175 98378
0 79651 32 0 1788867175 99564
0 79654 38 0 1788867175 99683
0 79669 41 0 1788867175 100253
0 79715 50 0 1788867175 102503
0 79732 34 0 1788867175 103331
0 79800 35 0 1788867175 105655
0 79860 32 0 1788867175 107860
0 79871 32 0 1788867175 108216
0 79882 32 0 1788867175 108571
0 79992 32 0 1788867175 112502
0 80031 35 0 1788867175 113813
0 80034 33 0 1788867175 113914
0 80045 38 0 1788867175 114293
0 80057 33 0 1788867175 114703
0 80100 50 0 1788867175 116714
0 80106 44 0 1788867175 117008
0 80163 47 0 1788867175 119264
0 80245 44 0 1788867175 122890
0 80268 34 0 1788867175 123758
0 80273 35 0 1788867175 123934
0 80308 35 0 1788867175 125204
0 80331 33 0 1788867175 126164
0 80334 33 0 1788867175 126268
0 80338 34 0 1788867175 126406
0 80357 35 0 1788867175 127075
0 80360 33 0 1788867175 127177
0 80428 34 0 1788867175 129538
0 80433 34 0 1788867175 129727
0 80445 35 0 1788867175 130154
0 80463 43 0 1788867175 130986
0 80476 48 0 1788867175 131515
0 80527 44 0 1788867175 133764
0 80539 34 0 1788867175 134264
0 80544 65 0 1788867175 134494
0 80567 51 0 1788867175 135865
0 80610 33 0 1788867175 137809
0 80612 33 0 1788867175 137879
0 80628 35 0 1788867175 138440
0 80667 34 0 1788867175 139806
0 80690 50 0 1788867175 140716
0 80691 56 0 1788867175 140775
0 80705 34 0 1788867175 141464
0 80712 34 0 1788867175 141737
0 80770 36 0 1788867175 143840
0 80796 35 0 1788867175 144743
0 80816 34 0 1788867175 145507
0 80825 34 0 1788867175 145826
0 80857 34 0 1788867175 146949
0 80867 34 0 1788867175 147298
0 80873 34 0 1788867175 147513
0 80922 44 0 1788867175 149261
0 80931 38 0 1788867175 149588
0 80936 35 0 1788867175 149773
0 80956 39 0 1788867175 150553
0 80978 35 0 1788867175 151403
0 80989 34 0 1788867175 151833
0 81022 34 0 1788867175 153080
0 81027 34 0 1788867175 153262
0 81053 36 0 1788867175 154263
0 81086 34 0 1788867175 155496
0 81107 38 0 1788867175 156295
0 81123 34 0 1788867175 156883
0 81125 34 0 1788867175 156956
0 81147 35 0 1788867175 157756
0 81150 35 0 1788867175 157861
0 81170 34 0 1788867175 158595
0 81232 36 0 1788867175 160827
0 81237 35 0 1788867175 161003
0 81250 35 0 1788867175 161461
0 81259 35 0 1788867175 161798
0 81273 34 0 1788867175 162293
0 81276 34 0 1788867175 162397
0 81337 34 0 1788867175 165183
0 81349 34 0 1788867175 165595
0 81356 34 0 1788867175 165869
0 81373 41 0 1788867175 166526
0 81393 57 0 1788867175 167538
0 81446 34 0 1788867175 169545
0 81451 34 0 1788867175 169731
0 81470 34 0 1788867175 170380
0 81480 34 0 1788867175 170726
0 81489 33 0 1788867175 171036
0 81546 34 0 1788867175 173052
0 81564 42 0 1788867175 173741
0 81579 33 0 1788867175 174269
0 81589 34 0 1788867175 174610
0 81596 35 0 1788867175 174861
0 81633 34 0 1788867175 176260
0 81634 34 0 1788867175 176297
0 81644 41 0 1788867175 176658
0 81669 35 0 1788867175 177601
0 81707 33 0 1788867175 179040
0 81722 33 0 1788867175 179548
0 81730 40 0 1788867175 179846
0 81733 33 0 1788867175 179980
0 81760 34 0 1788867175 180915
0 81770 34 0 1788867175 181255
0 81796 34 0 1788867175 182321
0 81819 37 0 1788867175 183180
0 81827 50 0 1788867175 183512
0 81858 37 0 1788867175 184700
0 81891 38 0 1788867175 185901
0 81953 65 0 1788867175 188264
0 81977 63 0 1788867175 189710
0 82004 52 0 1788867175 191498
0 82018 44 0 1788867175 192195
0 82021 44 0 1788867175 192331
0 82039 44 0 1788867175 193183
0 82075 47 0 1788867175 195049
0 82087 34 0 1788867175 195572
0 82095 41 0 1788867175 195881
0 82103 36 0 1788867175 196185
0 82121 43 0 1788867175 197018
0 82184 42 0 1788867175 199248
0 82200 34 0 1788867175 200106
0 82216 38 0 1788867175 200859
0 82223 34 0 1788867175 201111
0 82227 35 0 1788867175 201256
0 82239 45 0 1788867175 201696
0 82273 62 0 1788867175 203075
0 82322 48 0 1788867175 205234
0 82349 54 0 1788867175 206608
0 82371 35 0 1788867175 207588
0 82388 43 0 1788867175 208468
0 82421 39 0 1788867175 209817
0 82425 40 0 1788867175 209977
0 82430 62 0 1788867175 210409
0 82491 55 0 1788867175 214504
0 82502 53 0 1788867175 215047
0 82503 46 0 1788867175 215095
0 82505 54 0 1788867175 215198
0 82508 53 0 1788867175 215368
0 82572 45 0 1788867175 219536
0 82607 44 0 1788867175 221473
0 82645 45 0 1788867175 223204
0 82697 73 0 1788867175 225655
0 82700 54 0 1788867175 225840
0 82721 57 0 1788867175 227163
0 82734 53 0 1788867175 227860
0 82740 80 0 1788867175 228265
0 82741 68 0 1788867175 228335
0 82760 37 0 1788867175 229185
0 82761 44 0 1788867175 229230
0 82762 48 0 1788867175 229279
0 82763 50 0 1788867175 229331
0 82794 55 0 1788867175 230862
0 82799 49 0 1788867175 231112
0 82826 62 0 1788867175 232915
0 82853 46 0 1788867175 235074
0 82856 36 0 1788867175 235193
0 82864 36 0 1788867175 235490
0 82904 44 0 1788867175 237197
0 82906 43 0 1788867175 237287
0 82912 43 0 1788867175 237554
0 82915 45 0 1788867175 237696
0 82948 38 0 1788867175 239007
0 82957 52 0 1788867175 239496
0 82960 154 0 1788867175 239762
0 82980 35 0 1788867175 240500
0 83120 34 0 1788867175 246786
0 83132 41 0 1788867175 247221
0 83165 59 0 1788867175 248943
0 83177 66 0 1788867175 249623
0 83194 47 0 1788867175 250558
0 83227 47 0 1788867175 252150
0 83231 66 0 1788867175 252377
0 83251 39 0 1788867175 253103
0 83275 35 0 1788867175 254012
0 83280 43 0 1788867175 254215
0 83294 36 0 1788867175 254743
0 83331 35 0 1788867175 256461
0 83339 35 0 1788867175 256767
0 83351 34 0 1788867175 257188
0 83358 71 0 1788867175 257472
0 83398 35 0 1788867175 258938
0 83407 35 0 1788867175 259252
0 83420 49 0 1788867175 259900
0 83446 35 0 1788867175 261009
0 83477 51 0 1788867175 262282
0 83516 36 0 1788867175 263786
0 83524 37 0 1788867175 264310
0 83578 36 0 1788867175 266511
0 83579 36 0 1788867175 266554
0 83587 35 0 1788867175 266966
0 83601 35 0 1788867175 267463
0 83604 35 0 1788867175 267569
0 83665 46 0 1788867175 269858
0 83730 38 0 1788867175 272363
0 83739 78 0 1788867175 272834
0 83795 52 0 1788867175 275420
0 83841 35 0 1788867175 277516
0 83846 34 0 1788867175 277720
0 83889 34 0 1788867175 279330
0 83899 35 0 1788867175 279700
0 83901 38 0 1788867175 279775
0 83916 36 0 1788867175 280317
0 83922 57 0 1788867175 280709
0 83926 97 0 1788867175 280949
0 83939 53 0 1788867175 281610
0 83945 46 0 1788867175 281936
0 83974 34 0 1788867175 283090
0 83977 34 0 1788867175 283199
0 83990 57 0 1788867175 283709
0 84021 35 0 1788867175 284842
0 84032 35 0 1788867175 285240
0 84040 47 0 1788867175 285641
0 84087 35 0 1788867175 287593
0 84090 36 0 1788867175 287715
0 84099 35 0 1788867175 288052
0 84126 43 0 1788867175 289039
0 84161 34 0 1788867175 290310
0 84208 35 0 1788867175 292043
0 84233 99 0 1788867175 293226
0 84234 55 0 1788867175 293285
0 84247 47 0 1788867175 294015
0 84248 49 0 1788867175 294068
0 84259 35 0 1788867175 294605
0 84268 39 0 1788867175 295061
0 84290 35 0 1788867175 295902
0 84355 52 0 1788867175 299846
0 84423 37 0 1788867175 303252
0 84436 46 0 1788867175 303774
0 84452 47 0 1788867175 304567
0 84457 36 0 1788867175 304805
0 84465 35 0 1788867175 305089
0 84467 36 0 1788867175 305171
0 84468 38 0 1788867175 305245
0 84508 35 0 1788867175 306922
0 84509 65 0 1788867175 306990
0 84518 35 0 1788867175 307310
0 84542 35 0 1788867175 308163
0 84599 36 0 1788867175 310311
0 84608 40 0 1788867175 310674
0 84613 54 0 1788867175 310888
0 84637 40 0 1788867175 311815
0 84640 35 0 1788867175 311927
0 84643 35 0 1788867175 312032
0 84664 35 0 1788867175 312784
0 84666 34 0 1788867175 312856
0 84683 35 0 1788867175 313448
0 84698 35 0 1788867175 313979
0 84734 35 0 1788867175 315254
0 84771 36 0 1788867175 316581
0 84794 35 0 1788867175 317419
0 84802 36 0 1788867175 317727
0 84850 39 0 1788867175 319464
0 84861 36 0 1788867175 319898
0 84864 35 0 1788867175 320013
0 84907 49 0 1788867175 321648
0 84909 45 0 1788867175 321745
0 84933 45 0 1788867175 322850
0 84969 35 0 1788867175 324374
0 84985 35 0 1788867175 324950
0 85022 34 0 1788867175 326301
0 85028 49 0 1788867175 326549
0 85044 35 0 1788867175 327271
0 85049 35 0 1788867175 327462
0 85058 35 0 1788867175 327798
0 85100 35 0 1788867175 329794
0 85117 35 0 1788867175 330723
0 85124 36 0 1788867175 330984
0 85127 41 0 1788867175 331097
0 85154 35 0 1788867175 332322
0 85159 36 0 1788867175 332504
0 85173 43 0 1788867175 333066
0 85186 41 0 1788867175 333625
0 85188 36 0 1788867175 333701
0 85222 35 0 1788867175 334923
0 85240 35 0 1788867175 335560
0 85252 35 0 1788867175 336001
0 85262 37 0 1788867175 336390
0 85293 35 0 1788867175 337550
0 85303 40 0 1788867175 337998
0 85308 34 0 1788867175 338181
0 85329 34 0 1788867175 338943
0 85338 35 0 1788867175 339271
0 85357 34 0 1788867175 339972
0 85371 35 0 1788867175 340472
0 85415 35 0 1788867175 342089
0 85422 35 0 1788867175 342346
0 85443 36 0 1788867175 343130
0 85446 36 0 1788867175 343240
0 85449 36 0 1788867175 343349
0 85472 37 0 1788867175 344346
0 85479 36 0 1788867175 344605
0 85504 37 0 1788867175 345580
0 85560 37 0 1788867175 347727
0 85579 35 0 1788867175 348537
0 85584 35 0 1788867175 348747
0 85607 42 0 1788867175 349632
0 85706 36 0 1788867175 353405
0 85743 35 0 1788867175 354841
0 85744 35 0 1788867175 354880
0 85757 90 0 1788867175 355408
0 85763 50 0 1788867175 355650
0 85782 33 0 1788867175 356344
0 85784 33 0 1788867175 356414
0 85791 46 0 1788867175 356670
0 85797 34 0 1788867175 356875
0 85802 33 0 1788867175 357044
0 85803 35 0 1788867175 357080
0 85807 34 0 1788867175 357218
0 85820 36 0 1788867175 357661
0 85824 34 0 1788867175 357797
0 85839 37 0 1788867175 358311
0 85855 34 0 1788867175 358872
0 85863 67 0 1788867175 359177
0 85902 38 0 1788867175 360616
0 85916 36 0 1788867175 361110
0 85951 35 0 1788867175 362459
0 85963 37 0 1788867175 363084
0 85973 34 0 1788867175 363430
0 85988 36 0 1788867175 364126
0 85992 46 0 1788867175 364329
0 86062 33 0 1788867175 367135
0 86089 34 0 1788867175 368079
0 86098 34 0 1788867175 368525
0 86140 34 0 1788867175 370030
0 86147 33 0 1788867175 370268
0 86174 34 0 1788867175 371214
0 86193 34 0 1788867175 371906
0 86198 39 0 1788867175 372085
0 86214 44 0 1788867175 372676
0 86216 33 0 1788867175 372747
0 86219 34 0 1788867175 372850
0 86228 34 0 1788867175 373152
0 86240 34 0 1788867175 373559
0 86251 34 0 1788867175 373939
0 86281 33 0 1788867175 374975
0 86360 34 0 1788867175 377776
0 86372 38 0 1788867175 378209
0 86403 35 0 1788867175 379347
0 86430 34 0 1788867175 380433
0 86445 38 0 1788867175 381034
0 86481 41 0 1788867175 382336
0 86488 35 0 1788867175 382590
0 86513 35 0 1788867175 383522
0 86526 34 0 1788867175 384019
0 86545 36 0 1788867175 384713
0 86556 34 0 1788867175 385115
0 86565 35 0 1788867175 385454
0 86595 34 0 1788867175 386565
0 86614 35 0 1788867175 387261
0 86619 35 0 1788867175 387436
0 86638 35 0 1788867175 388147
0 86656 38 0 1788867175 388839
0 86675 35 0 1788867175 389566
0 86705 43 0 1788867175 390763
0 86706 36 0 1788867175 390803
0 86720 44 0 1788867175 391359
0 86730 36 0 1788867175 391784
0 86799 66 0 1788867175 394419
0 86823 69 0 1788867175 395315
0 86835 47 0 1788867175 396151
0 86861 48 0 1788867175 397510
0 86868 53 0 1788867175 397872
0 86893 47 0 1788867175 399071
0 86905 73 0 1788867175 399657
0 86957 33 0 1788867175 401467
0 86959 34 0 1788867175 401566
0 86960 37 0 1788867175 401604
0 86977 34 0 1788867175 402195
0 87001 46 0 1788867175 403306
0 87003 46 0 1788867175 403400
0 87041 35 0 1788867175 405102
0 87060 58 0 1788867175 405922
0 87080 33 0 1788867175 406867
0 87088 33 0 1788867175 407151
0 87099 33 0 1788867175 407522
0 87118 34 0 1788867175 408186
0 87123 33 0 1788867175 408358
0 87129 34 0 1788867175 408562
0 87131 43 0 1788867175 408640
0 87170 34 0 1788867175 409999
0 87180 47 0 1788867175 410370
0 87218 45 0 1788867175 412159
0 87225 46 0 1788867175 412484
0 87236 45 0 1788867175 413001
0 87244 45 0 1788867175 413367
0 87259 47 0 1788867175 414082
0 87299 34 0 1788867175 415845
0 87302 34 0 1788867175 415949
0 87324 34 0 1788867175 416731
0 87329 38 0 1788867175 416938
0 87335 39 0 1788867175 417162
0 87341 35 0 1788867175 417391
0 87351 34 0 1788867175 417747
0 87360 34 0 1788867175 418078
0 87366 34 0 1788867175 418290
0 87373 34 0 1788867175 418530
0 87401 34 0 1788867175 419499
0 87435 35 0 1788867175 420719
0 87448 34 0 1788867175 421187
0 87451 35 0 1788867175 421292
0 87453 35 0 1788867175 421362
0 87458 41 0 1788867175 421542
0 87477 34 0 1788867175 422253
0 87498 38 0 1788867175 423012
0 87515 34 0 1788867175 423609
0 87530 34 0 1788867175 424168
0 87538 34 0 1788867175 424451
0 87560 61 0 1788867175 425275
0 87567 43 0 1788867175 425566
0 87622 52 0 1788867175 427639
0 87652 40 0 1788867175 428897
0 87686 35 0 1788867175 430378
0 87718 63 0 1788867175 431838
0 87721 48 0 1788867175 431996
0 87730 49 0 1788867175 432439
0 87737 45 0 1788867175 432866
0 87746 46 0 1788867175 433283
0 87748 46 0 1788867175 433376
0 87749 47 0 1788867175 433424
0 87753 45 0 1788867175 433634
0 87768 35 0 1788867175 434156
0 87774 46 0 1788867175 434428
0 87786 45 0 1788867175 434987
0 87797 46 0 1788867175 435492
0 87808 45 0 1788867175 436001
0 87916 45 0 1788867175 442520
0 87948 42 0 1788867175 444095
0 87969 66 0 1788867175 445434
0 88091 53 0 1788867175 451700
0 88192 35 0 1788867175 456973
0 88208 35 0 1788867175 457544
0 88258 52 0 1788867175 459447
0 88262 91 0 1788867175 459694
0 88272 63 0 1788867175 460336
0 88277 43 0 1788867175 460609
0 88294 153 0 1788867175 461624
0 88338 41 0 1788867175 463808
0 88349 42 0 1788867175 464248
0 88359 109 0 1788867175 464821
0 88386 35 0 1788867175 465829
0 88411 35 0 1788867175 466756
0 88433 35 0 1788867175 467552
0 88442 34 0 1788867175 467887
0 88467 34 0 1788867175 468870
0 88477 34 0 1788867175 469218
0 88479 38 0 1788867175 469293
0 88498 49 0 1788867175 470034
0 88509 49 0 1788867175 470589
0 88511 54 0 1788867175 470714
0 88517 47 0 1788867175 471010
0 88550 47 0 1788867175 472604
0 88553 48 0 1788867175 472766
0 88567 47 0 1788867175 473429
0 88594 47 0 1788867175 474731
0 88605 47 0 1788867175 475257
0 88618 47 0 1788867175 475892
0 88644 52 0 1788867175 477205
0 88645 50 0 1788867175 477257
0 88734 38 0 1788867175 481169
0 88753 35 0 1788867175 481874
0 88772 36 0 1788867175 482563
0 88773 83 0 1788867175 482647
0 88829 34 0 1788867175 485284
0 88901 35 0 1788867175 487926
0 88916 35 0 1788867175 488499
0 88988 90 0 1788867175 491228
0 89004 44 0 1788867175 491856
0 89021 35 0 1788867175 492577
0 89034 45 0 1788867175 493246
0 89040 46 0 1788867175 493554
0 89041 46 0 1788867175 493602
0 89088 39 0 1788867175 495893
0 89091 51 0 1788867175 496084
0 89119 37 0 1788867175 497519
0 89148 34 0 1788867175 498610
0 89157 35 0 1788867175 498951
0 89195 34 0 1788867175 500308
0 89200 34 0 1788867175 500485
0 89211 34 0 1788867175 500879
0 89221 37 0 1788867175 501236
0 89240 34 0 1788867175 502068
0 89242 34 0 1788867175 502140
0 89243 35 0 1788867175 502176
0 89248 34 0 1788867175 502350
0 89280 35 0 1788867175 503604
0 89288 34 0 1788867175 503945
0 89299 40 0 1788867175 504334
0 89313 35 0 1788867175 504851
0 89315 37 0 1788867175 504929
0 89317 34 0 1788867175 504999
0 89327 35 0 1788867175 505371
0 89340 34 0 1788867175 505853
0 89348 35 0 1788867175 506136
0 89362 35 0 1788867175 506727
0 89435 39 0 1788867175 510093
0 89492 34 0 1788867175 512402
0 89506 36 0 1788867175 512950
0 89509 34 0 1788867175 513085
0 89514 34 0 1788867175 513257
0 89531 41 0 1788867175 513947
0 89543 37 0 1788867175 514456
0 89563 42 0 1788867175 515257
0 89572 55 0 1788867175 515639
0 89576 35 0 1788867175 515809
0 89590 49 0 1788867175 516499
0 89614 131 0 1788867175 518248
0 89640 57 0 1788867175 519936
0 89687 52 0 1788867175 522740
0 89698 78 0 1788867175 523355
0 89710 54 0 1788867175 524084
0 89738 59 0 1788867175 525638
0 89739 56 0 1788867175 525699
0 89759 57 0 1788867175 527024
0 89770 62 0 1788867175 527746
0 89828 83 0 1788867175 535645
0 89832 65 0 1788867175 535926
0 89848 60 0 1788867175 537102
0 89886 83 0 1788867175 539800
0 89888 68 0 1788867175 539946
0 89903 49 0 1788867175 541027
0 89908 57 0 1788867175 541315
0 89985 57 0 1788867175 546307
0 90001 65 0 1788867175 547287
0 90006 57 0 1788867175 547586
0 90015 57 0 1788867175 548127
0 90060 58 0 1788867175 550805
0 90064 56 0 1788867175 551041
0 90081 59 0 1788867175 552150
0 90114 58 0 1788867175 554119
0 90123 76 0 1788867175 554680
0 90128 59 0 1788867175 554976
0 90130 59 0 1788867175 555098
0 90138 59 0 1788867175 555564
0 90177 62 0 1788867175 557962
0 90197 59 0 1788867175 559142
0 90206 59 0 1788867175 559695
0 90209 59 0 1788867175 559876
0 90260 57 0 1788867175 563089
0 90319 72 0 1788867175 567171
0 90369 60 0 1788867175 570458
0 90375 59 0 1788867175 570868
0 90381 0 0 1788867175 571267
0 90393 64 0 1788867175 572058
0 90407 59 0 1788867175 573040
0 90418 70 0 1788867175 573709
0 90432 67 0 1788867175 574631
0 90455 64 0 1788867175 576116
0 90486 69 0 1788867175 578108
0 90498 54 0 1788867175 578864
0 90503 55 0 1788867175 579139
0 90552 59 0 1788867175 582113
0 90574 74 0 1788867175 583493
0 90590 57 0 1788867175 584439
0 90618 56 0 1788867175 586114
0 90623 54 0 1788867175 586394
0 90644 62 0 1788867175 587621
0 90649 56 0 1788867175 587941
0 90658 54 0 1788867175 588439
0 90671 54 0 1788867175 589192
0 90681 63 0 1788867175 589757
0 90693 54 0 1788867175 590420
0 90720 67 0 1788867175 591981
0 90727 53 0 1788867175 592372
0 90729 0 0 1788867175 592539
0 90739 53 0 1788867175 593114
0 90749 57 0 1788867175 593678
0 90822 81 0 1788867175 598354
0 90847 55 0 1788867175 599917
0 90887 60 0 1788867175 602284
0 90932 58 0 1788867175 605195
0 90944 62 0 1788867175 606147
0 90951 73 0 1788867175 610357
0 90990 58 0 1788867175 614017
0 91034 79 0 1788867175 616937
0 91039 65 0 1788867175 617318
0 91043 70 0 1788867175 617598
0 91057 66 0 1788867175 618712
0 91084 57 0 1788867175 620477
0 91095 57 0 1788867175 621201
0 91096 62 0 1788867175 621267
0 91107 61 0 1788867175 621960
0 91113 57 0 1788867175 622309
0 91133 56 0 1788867175 623458
0 91145 56 0 1788867175 624154
0 91171 57 0 1788867175 625874
0 91181 56 0 1788867175 626523
0 91195 58 0 1788867175 627340
0 91199 56 0 1788867175 627564
0 91202 57 0 1788867175 627745
0 91218 61 0 1788867175 628724
0 91264 71 0 1788867175 631746
0 91265 71 0 1788867175 631828
0 91270 76 0 1788867175 632237
0 91323 64 0 1788867175 635879
0 91346 59 0 1788867175 637344
0 91348 59 0 1788867175 637468
0 91358 60 0 1788867175 638098
0 91411 57 0 1788867175 641360
0 91413 56 0 1788867175 641482
0 91415 54 0 1788867175 641590
0 91418 58 0 1788867175 641800
0 91423 58 0 1788867175 642096
0 91488 54 0 1788867175 646893
0 91504 55 0 1788867175 647834
0 91507 58 0 1788867175 648005
0 91559 70 0 1788867175 651818
0 91560 76 0 1788867175 651903
0 91600 104 0 1788867175 654690
0 91609 58 0 1788867175 655358
0 91619 52 0 1788867175 655997
0 91646 62 0 1788867175 657590
0 91660 59 0 1788867175 658431
0 91670 64 0 1788867175 659065
0 91674 59 0 1788867175 659317
0 91675 62 0 1788867175 659381
0 91683 61 0 1788867175 659891
0 91696 165 0 1788867175 660844
0 91698 57 0 1788867175 661057
0 91703 39 0 1788867175 661284
0 91733 60 0 1788867175 662917
0 91745 60 0 1788867175 663569
0 91756 68 0 1788867175 664363
0 91757 61 0 1788867175 664429
0 91767 58 0 1788867175 665034
0 91831 43 0 1788867175 669225
0 91870 43 0 1788867175 670964
0 91896 43 0 1788867175 672091
0 91968 62 0 1788867175 676227
0 91969 62 0 1788867175 676296
0 91980 61 0 1788867175 677032
0 91982 61 0 1788867175 677161
0 92003 39 0 1788867175 678452
0 92013 38 0 1788867175 678864
0 92019 37 0 1788867175 679093
0 92039 45 0 1788867175 680029
0 92040 45 0 1788867175 680075
0 92062 44 0 1788867175 681065
0 92088 45 0 1788867175 682256
0 92113 46 0 1788867175 683424
0 92116 46 0 1788867175 683565
0 92137 48 0 1788867175 684586
0 92151 65 0 1788867175 685523
0 92175 53 0 1788867175 687051
0 92179 52 0 1788867175 687271
0 92322 55 0 1788867175 696041
0 92396 67 0 1788867175 701197
0 92400 59 0 1788867175 701461
0 92450 54 0 1788867175 704521
0 92452 92 0 1788867175 704681
0 92461 56 0 1788867175 705238
0 92464 61 0 1788867175 705443
0 92472 72 0 1788867175 705980
0 92479 54 0 1788867175 706382
0 92493 55 0 1788867175 707207
0 92506 58 0 1788867175 707990
0 92520 57 0 1788867175 708871
0 92565 65 0 1788867175 712330
0 92611 77 0 1788867175 715212
0 92669 56 0 1788867175 718897
0 92710 85 0 1788867175 721470
0 92728 100 0 1788867175 722675
0 92733 56 0 1788867175 723015
0 92792 60 0 1788867175 726729
0 92830 51 0 1788867175 729355
0 92852 53 0 1788867175 730778
0 92875 51 0 1788867175 732047
0 92883 53 0 1788867175 732519
0 92884 59 0 1788867175 732584
0 92890 61 0 1788867175 732982
0 92910 61 0 1788867175 734376
0 92942 51 0 1788867175 736390
0 92950 48 0 1788867175 736834
0 92965 77 0 1788867175 737644
0 92985 58 0 1788867175 738868
0 92997 145 0 1788867175 739679
0 93007 98 0 1788867175 740290
0 93008 80 0 1788867175 740375
0 93013 69 0 1788867175 740785
0 93019 51 0 1788867175 741252
0 93020 51 0 1788867175 741306
0 93030 72 0 1788867175 741976
0 93039 51 0 1788867175 742455
0 93056 88 0 1788867175 743672
0 93115 53 0 1788867175 747733
0 93118 61 0 1788867175 747949
0 93122 75 0 1788867175 748211
0 93133 49 0 1788867175 749072
0 93137 69 0 1788867175 749391
0 93161 39 0 1788867175 750819
0 93166 40 0 1788867175 751024
0 93170 39 0 1788867175 751190
0 93172 94 0 1788867175 751338
0 93201 44 0 1788867175 752617
0 93205 39 0 1788867175 752847
0 93212 39 0 1788867175 753123
0 93250 40 0 1788867175 754732
0 93262 49 0 1788867175 755352
0 93270 50 0 1788867175 755743
0 93295 48 0 1788867175 756972
0 93329 56 0 1788867175 758815
0 93332 68 0 1788867175 759004
0 93348 79 0 1788867175 760158
0 93362 56 0 1788867175 761230
0 93394 56 0 1788867175 763281
0 93408 53 0 1788867175 764070
0 93420 82 0 1788867175 764832
0 93452 51 0 1788867175 766697
0 93455 43 0 1788867175 766870
0 93456 43 0 1788867175 766915
0 93474 39 0 1788867175 767752
0 93491 45 0 1788867175 768489
0 93503 43 0 1788867175 769039
0 93522 44 0 1788867175 769984
0 93524 44 0 1788867175 770075
0 93530 45 0 1788867175 770351
0 93540 54 0 1788867175 770822
0 93590 44 0 1788867175 773055
0 93635 45 0 1788867175 775262
0 93675 52 0 1788867175 777460
0 93679 59 0 1788867175 777690
0 93683 46 0 1788867175 777948
0 93694 46 0 1788867175 778570
0 93696 50 0 1788867175 778679
0 93705 45 0 1788867175 779100
0 93707 45 0 1788867175 779193
0 93721 47 0 1788867175 779892
0 93743 40 0 1788867175 780964
0 93750 51 0 1788867175 781278
0 93764 47 0 1788867175 781978
0 93789 72 0 1788867175 783509
0 93805 66 0 1788867175 784623
0 93810 58 0 1788867175 784937
0 93814 52 0 1788867175 785157
0 93846 55 0 1788867175 786703
0 93870 39 0 1788867175 787899
0 93884 63 0 1788867175 788531
0 93912 74 0 1788867175 790897
0 93925 67 0 1788867175 792097
0 93952 40 0 1788867175 795549
0 93970 66 0 1788867175 796620
0 94023 45 0 1788867175 800009
0 94024 46 0 1788867175 800062
0 94025 42 0 1788867175 800105
0 94029 48 0 1788867175 800276
0 94031 64 0 1788867175 800391
0 94042 58 0 1788867175 801160
0 94043 57 0 1788867175 801220
0 94050 62 0 1788867175 801664
0 94054 42 0 1788867175 801855
0 94062 43 0 1788867175 802197
0 94079 44 0 1788867175 803016
0 94084 39 0 1788867175 803220
0 94089 39 0 1788867175 803418
0 94096 40 0 1788867175 803719
0 94104 42 0 1788867175 804049
0 94111 39 0 1788867175 804354
0 94114 38 0 1788867175 804472
0 94134 48 0 1788867175 805340
0 94177 39 0 1788867175 807204
0 94181 39 0 1788867175 807365
0 94220 40 0 1788867175 808960
0 94249 49 0 1788867175 810365
0 94262 39 0 1788867175 811006
0 94286 39 0 1788867175 811981
0 94292 39 0 1788867175 812215
0 94302 45 0 1788867175 812623
0 94306 50 0 1788867175 812823
0 94327 65 0 1788867175 813687
0 94332 39 0 1788867175 813893
0 94336 38 0 1788867175 814054
0 94350 38 0 1788867175 814607
0 94380 38 0 1788867175 815794
0 94410 38 0 1788867175 816980
0 94418 44 0 1788867175 817306
0 94438 38 0 1788867175 818103
0 94467 40 0 1788867175 819281
0 94565 37 0 1788867175 823471
0 94582 37 0 1788867175 824137
0 94622 37 0 1788867175 825735
0 94635 37 0 1788867175 826245
0 94639 37 0 1788867175 826395
0 94665 41 0 1788867175 827440
0 94675 38 0 1788867175 827908
0 94695 38 0 1788867175 828828
0 94711 42 0 1788867175 829452
0 94740 37 0 1788867175 830825
0 94741 38 0 1788867175 830866
0 94757 50 0 1788867175 831518
0 94762 40 0 1788867175 831780
0 94783 143 0 1788867175 832851
0 94792 39 0 1788867175 833255
0 94800 38 0 1788867175 833567
0 94822 38 0 1788867175 834421
0 94829 44 0 1788867175 834709
0 94831 38 0 1788867175 834788
0 94834 38 0 1788867175 834902
0 94844 37 0 1788867175 835287
0 94899 39 0 1788867175 837516
0 94922 41 0 1788867175 838436
0 94925 46 0 1788867175 838561
0 94935 37 0 1788867175 838974
0 94939 43 0 1788867175 839181
0 94952 39 0 1788867175 839684
0 94962 37 0 1788867175 840058
0 94980 38 0 1788867175 840755
0 94982 39 0 1788867175 840834
0 94997 44 0 1788867175 841440
0 95020 40 0 1788867175 842383
0 95031 38 0 1788867175 842878
0 95032 38 0 1788867175 842918
0 95035 42 0 1788867175 843046
0 95036 39 0 1788867175 843086
0 95042 43 0 1788867175 843333
0 95072 46 0 1788867175 844633
0 95121 71 0 1788867175 846665
0 95137 40 0 1788867175 847305
0 95174 41 0 1788867175 848860
0 95189 38 0 1788867175 849475
0 95211 40 0 1788867175 850372
0 95218 42 0 1788867175 850692
0 95230 39 0 1788867175 851171
0 95239 43 0 1788867175 851536
0 95267 50 0 1788867175 852768
0 95297 40 0 1788867175 854042
0 95304 38 0 1788867175 854358
0 95321 38 0 1788867175 855044
0 95322 44 0 1788867175 855089
0 95332 37 0 1788867175 855483
0 95348 37 0 1788867175 856114
0 95354 40 0 1788867175 856348
0 95359 37 0 1788867175 856536
0 95360 38 0 1788867175 856575
0 95366 43 0 1788867175 856953
0 95399 58 0 1788867175 858578
0 95420 52 0 1788867175 859768
0 95435 49 0 1788867175 860489
0 95447 94 0 1788867175 861158
0 95455 48 0 1788867175 861606
0 95470 106 0 1788867175 862771
0 95486 118 0 1788867175 863772
0 95518 56 0 1788867175 866047
0 95552 51 0 1788867175 868177
0 95561 105 0 1788867175 868762
0 95570 63 0 1788867175 869459
0 95611 49 0 1788867175 872564
0 95620 56 0 1788867175 873081
0 95625 53 0 1788867175 873398
0 95702 46 0 1788867175 877516
0 95709 38 0 1788867175 877811
0 95747 42 0 1788867175 879366
0 95749 44 0 1788867175 879452
0 95782 38 0 1788867175 880810
0 95859 45 0 1788867175 883939
0 95891 44 0 1788867175 885220
0 95905 39 0 1788867175 885778
0 95951 62 0 1788867175 887812
0 96027 36 0 1788867175 890857
0 96042 37 0 1788867175 891417
0 96053 38 0 1788867175 891861
0 96056 38 0 1788867175 891977
0 96067 41 0 1788867175 892419
0 96071 37 0 1788867175 892571
0 96077 37 0 1788867175 892812
0 96165 37 0 1788867175 896785
0 96180 38 0 1788867175 897343
0 96188 41 0 1788867175 897731
0 96204 54 0 1788867175 898532
0 96210 55 0 1788867175 898982
0 96211 54 0 1788867175 899038
0 96222 41 0 1788867175 899564
0 96231 37 0 1788867175 899976
0 96255 50 0 1788867175 901213
0 96273 49 0 1788867175 902118
0 96276 48 0 1788867175 902267
0 96287 48 0 1788867175 902814
0 96294 48 0 1788867175 903156
0 96299 49 0 1788867175 903401
0 96307 48 0 1788867175 903800
0 96312 48 0 1788867175 904046
0 96374 36 0 1788867175 907334
0 96393 41 0 1788867175 908135
0 96419 43 0 1788867175 909473
0 96429 40 0 1788867175 909919
0 96449 36 0 1788867175 910725
0 96456 36 0 1788867175 910983
0 96459 38 0 1788867175 911094
0 96503 39 0 1788867175 912793
0 96534 36 0 1788867175 914003
0 96541 39 0 1788867175 914265
0 96543 38 0 1788867175 914342
0 96568 36 0 1788867175 915283
0 96573 36 0 1788867175 915472
0 96607 48 0 1788867175 916997
0 96643 44 0 1788867175 918721
0 96644 47 0 1788867175 918770
0 96651 43 0 1788867175 919056
0 96685 42 0 1788867175 920700
0 96742 52 0 1788867175 923420
0 96747 67 0 1788867175 923703
0 96762 38 0 1788867175 924437
0 96809 42 0 1788867175 926341
0 96835 91 0 1788867175 927481
0 96861 53 0 1788867175 928787
0 96885 43 0 1788867175 930041
0 96913 44 0 1788867175 931315
0 96918 42 0 1788867175 931541
0 96942 40 0 1788867175 932741
0 96956 37 0 1788867175 933284
0 96963 38 0 1788867175 933556
0 96973 38 0 1788867175 933953
0 97005 41 0 1788867175 935304
0 97010 38 0 1788867175 935514
0 97012 37 0 1788867175 935591
0 97014 40 0 1788867175 935684
0 97015 37 0 1788867175 935722
0 97065 55 0 1788867175 937731
0 97132 38 0 1788867175 940605
0 97153 38 0 1788867175 941448
0 97185 54 0 1788867175 943029
0 97213 51 0 1788867175 944240
0 97214 40 0 1788867175 944282
0 97219 38 0 1788867175 944476
0 97222 41 0 1788867175 944596
0 97273 54 0 1788867175 947106
0 97279 38 0 1788867175 947403
0 97304 45 0 1788867175 948441
0 97333 37 0 1788867175 949602
0 97363 52 0 1788867175 950845
0 97367 37 0 1788867175 951013
0 97368 37 0 1788867175 951052
0 97376 41 0 1788867175 951366
0 97396 40 0 1788867175 952242
0 97418 37 0 1788867175 953109
0 97439 45 0 1788867175 953940
0 97452 42 0 1788867175 954461
0 97453 39 0 1788867175 954501
0 97475 38 0 1788867175 955379
0 97483 42 0 1788867175 955700
0 97516 38 0 1788867175 957028
0 97537 37 0 1788867175 957855
0 97574 45 0 1788867175 959450
0 97593 37 0 1788867175 960260
0 97599 38 0 1788867175 960492
0 97627 60 0 1788867175 961611
0 97661 72 0 1788867175 963415
0 97710 40 0 1788867175 966375
0 97712 37 0 1788867175 966458
0 97714 37 0 1788867175 966535
0 97744 44 0 1788867175 967713
0 97764 37 0 1788867175 968532
0 97776 37 0 1788867175 969040
0 97780 37 0 1788867175 969198
0 97809 39 0 1788867175 970367
0 97819 41 0 1788867175 970800
0 97831 37 0 1788867175 971268
0 97837 51 0 1788867175 971544
0 97843 59 0 1788867175 971832
0 97847 38 0 1788867175 972046
0 97882 37 0 1788867175 973377
0 97905 38 0 1788867175 974266
0 97908 38 0 1788867175 974380
0 97941 40 0 1788867175 975732
0 97956 47 0 1788867175 976438
0 98006 41 0 1788867175 978865
0 98007 93 0 1788867175 978962
0 98036 42 0 1788867175 980412
0 98070 36 0 1788867175 981920
0 98103 49 0 1788867175 983446
0 98134 91 0 1788867175 984885
0 98137 37 0 1788867175 985027
0 98138 37 0 1788867175 985066
0 98175 54 0 1788867175 986734
0 98189 46 0 1788867175 987383
0 98196 40 0 1788867175 987668
0 98201 45 0 1788867175 987903
0 98205 46 0 1788867175 988102
0 98210 45 0 1788867175 988333
0 98212 46 0 1788867175 988427
0 98245 52 0 1788867175 990076
0 98250 37 0 1788867175 990275
0 98257 44 0 1788867175 990564
0 98274 36 0 1788867175 991237
0 98275 36 0 1788867175 991274
0 98299 44 0 1788867175 992174
0 98320 39 0 1788867175 993036
0 98323 53 0 1788867175 993173
0 98348 57 0 1788867175 994532
0 98350 72 0 1788867175 994672
0 98403 38 0 1788867175 997236
0 98407 36 0 1788867175 997397
0 98410 36 0 1788867175 997507
0 98438 35 0 1788867175 998541
0 98450 35 0 1788867175 999019
0 98453 36 0 1788867175 999128
0 98483 43 0 1788867176 291
0 98489 38 0 1788867176 524
0 98512 40 0 1788867176 1509
0 98530 40 0 1788867176 2199
0 98532 36 0 1788867176 2274
0 98599 36 0 1788867176 5008
0 98600 36 0 1788867176 5048
0 98606 36 0 1788867176 5273
0 98650 45 0 1788867176 7269
0 98673 48 0 1788867176 8346
0 98687 43 0 1788867176 9043
0 98690 47 0 1788867176 9184
0 98717 36 0 1788867176 10293
0 98721 41 0 1788867176 10455
0 98733 42 0 1788867176 10981
0 98824 36 0 1788867176 14878
0 98867 36 0 1788867176 16468
0 98892 37 0 1788867176 17413
0 98902 36 0 1788867176 17792
0 98926 38 0 1788867176 18680
0 98944 37 0 1788867176 19440
0 98956 40 0 1788867176 19975
0 98966 53 0 1788867176 20428
0 99005 53 0 1788867176 22454
0 99014 48 0 1788867176 22934
0 99034 51 0 1788867176 23881
0 99037 37 0 1788867176 23997
0 99066 36 0 1788867176 25086
0 99087 37 0 1788867176 25876
0 99147 49 0 1788867176 28839
0 99155 48 0 1788867176 29245
0 99192 45 0 1788867176 31488
0 99214 35 0 1788867176 32420
0 99233 36 0 1788867176 33168
0 99237 38 0 1788867176 33320
0 99269 36 0 1788867176 34539
0 99292 50 0 1788867176 35934
0 99310 64 0 1788867176 36661
0 99332 37 0 1788867176 37521
0 99340 36 0 1788867176 37849
0 99378 39 0 1788867176 39327
0 99382 45 0 1788867176 39493
0 99433 43 0 1788867176 41754
0 99444 37 0 1788867176 42176
0 99445 37 0 1788867176 42214
0 99448 37 0 1788867176 42327
0 99457 38 0 1788867176 42726
0 99477 37 0 1788867176 43482
0 99501 38 0 1788867176 44459
0 99558 37 0 1788867176 46796
0 99564 42 0 1788867176 47042
0 99604 37 0 1788867176 48588
0 99605 49 0 1788867176 48639
0 99621 39 0 1788867176 49266
0 99624 37 0 1788867176 49385
0 99625 39 0 1788867176 49425
0 99644 42 0 1788867176 50179
0 99645 38 0 1788867176 50219
0 99657 38 0 1788867176 50742
0 99675 44 0 1788867176 51474
0 99712 37 0 1788867176 52982
0 99723 37 0 1788867176 53408
0 99732 37 0 1788867176 53764
0 99785 41 0 1788867176 55872
0 99790 37 0 1788867176 56067
0 99808 44 0 1788867176 56801
0 99869 35 0 1788867176 59116
0 99878 56 0 1788867176 59469
0 99886 48 0 1788867176 59933
0 99917 51 0 1788867176 61396
0 99927 74 0 1788867176 61921
0 99937 51 0 1788867176 62388
0 99979 36 0 1788867176 64408
0 99984 35 0 1788867176 64600
0 100010 37 0 1788867176 65595
0 100031 35 0 1788867176 66348
0 100059 35 0 1788867176 67343
0 100073 35 0 1788867176 67915
0 100083 35 0 1788867176 68345
0 100118 37 0 1788867176 69687
0 100119 36 0 1788867176 69726
0 100120 35 0 1788867176 69762
0 100143 54 0 1788867176 70751
0 100151 40 0 1788867176 71118
0 100226 35 0 1788867176 73879
0 100242 35 0 1788867176 74463
0 100249 35 0 1788867176 74722
0 100258 44 0 1788867176 75100
0 100266 89 0 1788867176 75439
0 100273 36 0 1788867176 75774
0 100277 36 0 1788867176 75941
0 100288 36 0 1788867176 76335
0 100291 36 0 1788867176 76443
0 100334 36 0 1788867176 78011
0 100340 39 0 1788867176 78304
0 100387 38 0 1788867176 80197
0 100396 42 0 1788867176 80535
0 100432 36 0 1788867176 81900
0 100456 35 0 1788867176 82819
0 100473 36 0 1788867176 83446
0 100510 40 0 1788867176 84869
0 100517 38 0 1788867176 85148
0 100519 38 0 1788867176 85233
0 100527 36 0 1788867176 85528
0 100533 40 0 1788867176 85761
0 100538 36 0 1788867176 85942
0 100550 35 0 1788867176 86388
0 100575 37 0 1788867176 87305
0 100596 36 0 1788867176 88093
0 100604 36 0 1788867176 88382
0 100630 38 0 1788867176 89329
0 100645 35 0 1788867176 89910
0 100696 36 0 1788867176 91860
0 100737 37 0 1788867176 93511
0 100792 48 0 1788867176 95862
0 100828 48 0 1788867176 98226
0 100836 38 0 1788867176 98573
0 100842 38 0 1788867176 98851
0 100882 48 0 1788867176 100499
0 100919 35 0 1788867176 102457
0 100935 53 0 1788867176 103179
0 100937 42 0 1788867176 103265
0 100993 42 0 1788867176 105567
0 100998 39 0 1788867176 105810
0 101004 35 0 1788867176 106024
0 101005 36 0 1788867176 106061
0 101012 35 0 1788867176 106307
0 101020 34 0 1788867176 106590
0 101057 35 0 1788867176 107945
0 101082 35 0 1788867176 108834
0 101084 35 0 1788867176 108906
0 101097 35 0 1788867176 109458
0 101107 35 0 1788867176 109847
0 101153 48 0 1788867176 111639
0 101164 36 0 1788867176 112074
0 101185 35 0 1788867176 112860
0 101229 42 0 1788867176 114516
0 101239 37 0 1788867176 114903
0 101251 35 0 1788867176 115355
0 101263 36 0 1788867176 115816
0 101282 35 0 1788867176 116522
0 101305 49 0 1788867176 117489
0 101307 49 0 1788867176 117591
0 101320 44 0 1788867176 118404
0 101334 35 0 1788867176 119030
0 101347 56 0 1788867176 119558
0 101358 38 0 1788867176 119976
0 101362 44 0 1788867176 120134
0 101385 36 0 1788867176 120995
0 101412 35 0 1788867176 121993
0 101445 34 0 1788867176 123174
0 101484 35 0 1788867176 124589
0 101518 35 0 1788867176 125829
0 101519 39 0 1788867176 125870
0 101524 43 0 1788867176 126090
0 101525 41 0 1788867176 126133
0 101553 36 0 1788867176 127224
0 101554 37 0 1788867176 127263
0 101621 40 0 1788867176 130239
0 101632 73 0 1788867176 130790
0 101643 41 0 1788867176 131288
0 101672 35 0 1788867176 132366
0 101697 38 0 1788867176 133311
0 101718 35 0 1788867176 134090
0 101746 35 0 1788867176 135116
0 101774 34 0 1788867176 136168
0 101786 51 0 1788867176 136646
0 101799 36 0 1788867176 137168
0 101817 35 0 1788867176 137857
0 101840 41 0 1788867176 138681
0 101850 35 0 1788867176 139032
0 101857 38 0 1788867176 139281
0 101874 35 0 1788867176 139890
0 101892 35 0 1788867176 140524
0 101914 35 0 1788867176 141412
0 101925 35 0 1788867176 141822
0 101935 35 0 1788867176 142173
0 101958 35 0 1788867176 143115
0 101975 36 0 1788867176 143747
0 102015 36 0 1788867176 145237
0 102023 36 0 1788867176 145537
0 102039 35 0 1788867176 146125
0 102055 40 0 1788867176 146721
0 102062 35 0 1788867176 146974
0 102075 35 0 1788867176 147441
0 102096 46 0 1788867176 148287
0 102100 42 0 1788867176 148440
0 102103 37 0 1788867176 148551
0 102129 48 0 1788867176 149674
0 102149 44 0 1788867176 150586
0 102155 44 0 1788867176 150883
0 102160 40 0 1788867176 151110
0 102167 38 0 1788867176 151369
0 102168 36 0 1788867176 151406
0 102198 42 0 1788867176 152567
0 102206 36 0 1788867176 152885
0 102209 36 0 1788867176 152995
0 102226 47 0 1788867176 153672
0 102290 37 0 1788867176 156069
0 102297 36 0 1788867176 156341
0 102301 52 0 1788867176 156554
0 102317 35 0 1788867176 157186
0 102348 36 0 1788867176 158372
0 102358 43 0 1788867176 158797
0 102383 43 0 1788867176 159822
0 102442 73 0 1788867176 162664
0 102452 46 0 1788867176 163185
0 102458 58 0 1788867176 163521
0 102463 46 0 1788867176 163822
0 102484 36 0 1788867176 164825
0 102488 35 0 1788867176 164971
0 102490 35 0 1788867176 165043
0 102531 43 0 1788867176 166794
0 102535 43 0 1788867176 166973
0 102545 43 0 1788867176 167402
0 102551 48 0 1788867176 167685
0 102563 43 0 1788867176 168212
0 102619 36 0 1788867176 170836
0 102684 39 0 1788867176 173196
0 102700 45 0 1788867176 173924
0 102754 43 0 1788867176 176377
0 102760 66 0 1788867176 176676
0 102765 44 0 1788867176 176899
0 102812 43 0 1788867176 179041
0 102820 43 0 1788867176 179419
0 102886 35 0 1788867176 182486
0 102888 35 0 1788867176 182560
0 102902 35 0 1788867176 183125
0 102915 34 0 1788867176 183581
0 102929 34 0 1788867176 184080
0 102964 35 0 1788867176 185353
0 102971 47 0 1788867176 185627
0 103058 51 0 1788867176 189198
0 103087 52 0 1788867176 191206
0 103149 49 0 1788867176 194598
0 103190 52 0 1788867176 196988
0 103219 49 0 1788867176 198479
0 103222 54 0 1788867176 198632
0 103260 48 0 1788867176 200523
0 103270 50 0 1788867176 201043
0 103276 48 0 1788867176 201342
0 103316 49 0 1788867176 203426
0 103337 49 0 1788867176 204465
0 103369 46 0 1788867176 206056
0 103433 55 0 1788867176 209287
0 103434 59 0 1788867176 209348
0 103459 54 0 1788867176 210630
0 103466 51 0 1788867176 210984
0 103471 53 0 1788867176 211262
0 103526 47 0 1788867176 214131
0 103533 46 0 1788867176 214465
0 103548 46 0 1788867176 215187
0 103555 48 0 1788867176 215531
0 103566 47 0 1788867176 216088
0 103592 48 0 1788867176 217434
0 103594 50 0 1788867176 217536
0 103611 49 0 1788867176 218391
0 103635 54 0 1788867176 219619
0 103656 52 0 1788867176 220706
0 103667 54 0 1788867176 221260
0 103674 49 0 1788867176 221609
0 103773 58 0 1788867176 226135
0 103801 50 0 1788867176 227240
0 103832 35 0 1788867176 228936
0 103882 39 0 1788867176 232128
0 103900 35 0 1788867176 232973
0 103928 35 0 1788867176 233982
0 103962 34 0 1788867176 235180
0 103992 36 0 1788867176 236585
0 103995 35 0 1788867176 236728
0 104010 35 0 1788867176 237267
0 104037 36 0 1788867176 238269
0 104072 35 0 1788867176 239543
0 104090 35 0 1788867176 240200
0 104100 36 0 1788867176 240598
0 104104 35 0 1788867176 240774
0 104149 48 0 1788867176 242444
0 104173 36 0 1788867176 243363
0 104216 36 0 1788867176 244967
0 104238 36 0 1788867176 245792
0 104247 37 0 1788867176 246125
0 104264 35 0 1788867176 246745
0 104294 36 0 1788867176 247861
0 104306 36 0 1788867176 248352
0 104316 36 0 1788867176 248735
0 104333 61 0 1788867176 249489
0 104336 47 0 1788867176 249722
0 104369 47 0 1788867176 251043
0 104383 46 0 1788867176 251761
0 104444 47 0 1788867176 254275
0 104450 47 0 1788867176 254564
0 104451 53 0 1788867176 254619
0 104455 47 0 1788867176 254847
0 104478 46 0 1788867176 255940
0 104483 46 0 1788867176 256186
0 104504 47 0 1788867176 257350
0 104519 47 0 1788867176 258085
0 104561 35 0 1788867176 260176
0 104568 38 0 1788867176 260487
0 104618 62 0 1788867176 262833
0 104627 54 0 1788867176 263382
0 104628 55 0 1788867176 263440
0 104637 48 0 1788867176 263934
0 104642 48 0 1788867176 264185
0 104672 52 0 1788867176 265634
0 104681 47 0 1788867176 266067
0 104684 47 0 1788867176 266211
0 104719 36 0 1788867176 267863
0 104728 34 0 1788867176 268181
0 104733 35 0 1788867176 268356
0 104748 49 0 1788867176 269039
0 104770 46 0 1788867176 270095
0 104792 47 0 1788867176 271145
0 104818 45 0 1788867176 272395
0 104819 48 0 1788867176 272444
0 104826 35 0 1788867176 272745
0 104837 35 0 1788867176 273141
0 104856 34 0 1788867176 273823
0 104874 41 0 1788867176 274495
0 104887 40 0 1788867176 275201
0 104912 33 0 1788867176 276137
0 104921 33 0 1788867176 276451
0 104926 42 0 1788867176 276629
0 104934 34 0 1788867176 276905
0 104935 34 0 1788867176 276940
0 104938 40 0 1788867176 277053
0 104943 35 0 1788867176 277227
0 104983 34 0 1788867176 278724
0 105022 37 0 1788867176 280208
0 105052 40 0 1788867176 281303
0 105058 34 0 1788867176 281512
0 105059 35 0 1788867176 281548
0 105073 34 0 1788867176 282044
0 105078 34 0 1788867176 282219
0 105085 33 0 1788867176 282458
0 105104 34 0 1788867176 283121
0 105116 34 0 1788867176 283548
0 105161 35 0 1788867176 285158
0 105163 36 0 1788867176 285230
0 105200 35 0 1788867176 286606
0 105210 34 0 1788867176 286981
0 105218 34 0 1788867176 287278
0 105238 35 0 1788867176 288031
0 105240 34 0 1788867176 288102
0 105241 35 0 1788867176 288138
0 105265 39 0 1788867176 289027
0 105288 35 0 1788867176 289846
0 105291 40 0 1788867176 289957
0 105331 37 0 1788867176 291385
0 105379 38 0 1788867176 293693
0 105390 34 0 1788867176 294083
0 105401 36 0 1788867176 294516
0 105412 45 0 1788867176 295032
0 105420 44 0 1788867176 295410
0 105458 34 0 1788867176 296964
0 105468 34 0 1788867176 297320
0 105488 34 0 1788867176 298028
0 105494 33 0 1788867176 298231
0 105499 33 0 1788867176 298399
0 105554 36 0 1788867176 300338
0 105577 36 0 1788867176 301233
0 105664 36 0 1788867176 304669
0 105668 33 0 1788867176 304808
0 105678 34 0 1788867176 305167
0 105722 34 0 1788867176 306727
0 105732 36 0 1788867176 307070
0 105762 43 0 1788867176 308113
0 105784 46 0 1788867176 308943
0 105806 35 0 1788867176 309796
0 105807 35 0 1788867176 309833
0 105811 35 0 1788867176 309972
0 105862 37 0 1788867176 311967
0 105871 35 0 1788867176 312302
0 105876 34 0 1788867176 312480
0 105884 34 0 1788867176 312787
0 105905 34 0 1788867176 313515
0 105906 34 0 1788867176 313550
0 105916 34 0 1788867176 313907
0 105923 35 0 1788867176 314158
0 105949 35 0 1788867176 315164
0 105952 39 0 1788867176 315280
0 105954 39 0 1788867176 315356
0 105969 35 0 1788867176 315980
0 106022 35 0 1788867176 317862
0 106031 35 0 1788867176 318187
0 106059 35 0 1788867176 319187
0 106076 34 0 1788867176 319805
0 106117 38 0 1788867176 321324
0 106126 37 0 1788867176 321775
0 106135 38 0 1788867176 322116
0 106141 35 0 1788867176 322329
0 106170 34 0 1788867176 323354
0 106183 34 0 1788867176 323817
0 106241 36 0 1788867176 326205
0 106253 41 0 1788867176 326630
0 106289 38 0 1788867176 328170
0 106331 39 0 1788867176 330158
0 106353 34 0 1788867176 330938
0 106354 34 0 1788867176 330973
0 106411 33 0 1788867176 333058
0 106458 34 0 1788867176 334871
0 106483 41 0 1788867176 335731
0 106513 38 0 1788867176 336796
0 106579 34 0 1788867176 339199
0 106581 34 0 1788867176 339270
0 106650 36 0 1788867176 341676
0 106662 38 0 1788867176 342118
0 106691 35 0 1788867176 343193
0 106692 35 0 1788867176 343230
0 106720 37 0 1788867176 344213
0 106726 34 0 1788867176 344422
0 106739 35 0 1788867176 344961
0 106784 34 0 1788867176 346553
0 106795 34 0 1788867176 346959
0 106798 34 0 1788867176 347063
0 106802 37 0 1788867176 347204
0 106817 33 0 1788867176 347728
0 106818 32 0 1788867176 347762
0 106833 33 0 1788867176 348304
0 106842 42 0 1788867176 348625
0 106862 32 0 1788867176 349317
0 106886 35 0 1788867176 350124
0 106893 32 0 1788867176 350355
0 106913 32 0 1788867176 351029
0 106947 33 0 1788867176 352216
0 106966 33 0 1788867176 352864
0 106989 39 0 1788867176 353644
0 107002 39 0 1788867176 354092
0 107123 33 0 1788867176 358918
0 107146 33 0 1788867176 360041
0 107189 33 0 1788867176 362050
0 107193 37 0 1788867176 362194
0 107194 33 0 1788867176 362229
0 107216 33 0 1788867176 363026
0 107234 38 0 1788867176 363677
0 107276 32 0 1788867176 365167
0 107299 32 0 1788867176 365938
0 107302 32 0 1788867176 366037
0 107306 32 0 1788867176 366167
0 107326 40 0 1788867176 366946
0 107352 32 0 1788867176 367851
0 107408 32 0 1788867176 369968
0 107416 33 0 1788867176 370240
0 107446 32 0 1788867176 371509
0 107452 32 0 1788867176 371735
0 107501 35 0 1788867176 373728
0 107511 47 0 1788867176 374206
0 107536 44 0 1788867176 375479
0 107552 33 0 1788867176 376103
0 107557 32 0 1788867176 376274
0 107595 33 0 1788867176 377578
0 107599 32 0 1788867176 377742
0 107604 36 0 1788867176 377910
0 107614 32 0 1788867176 378263
0 107641 36 0 1788867176 379185
0 107671 33 0 1788867176 380325
0 107676 32 0 1788867176 380492
0 107695 33 0 1788867176 381136
0 107702 37 0 1788867176 381376
0 107717 32 0 1788867176 381889
0 107742 33 0 1788867176 382729
0 107762 33 0 1788867176 383396
0 107786 33 0 1788867176 384257
0 107795 34 0 1788867176 384564
0 107796 34 0 1788867176 384599
0 107808 34 0 1788867176 385010
0 107815 33 0 1788867176 385245
0 107822 33 0 1788867176 385481
0 107840 33 0 1788867176 386110
0 107854 33 0 1788867176 386587
0 107937 33 0 1788867176 389501
0 107938 33 0 1788867176 389536
0 107940 39 0 1788867176 389610
0 107943 34 0 1788867176 389734
0 107964 33 0 1788867176 390454
0 107978 32 0 1788867176 390950
0 107986 39 0 1788867176 391239
0 108004 42 0 1788867176 392064
0 108015 54 0 1788867176 392643
0 108039 44 0 1788867176 393934
0 108118 46 0 1788867176 397690
0 108158 41 0 1788867176 399214
0 108179 44 0 1788867176 400024
0 108189 51 0 1788867176 400480
0 108190 44 0 1788867176 400526
0 108196 44 0 1788867176 400801
0 108198 43 0 1788867176 400892
0 108224 44 0 1788867176 402051
0 108242 44 0 1788867176 402853
0 108248 44 0 1788867176 403120
0 108254 46 0 1788867176 403388
0 108286 44 0 1788867176 404849
0 108301 44 0 1788867176 405514
0 108329 33 0 1788867176 406747
0 108356 43 0 1788867176 407875
0 108378 47 0 1788867176 408867
0 108435 52 0 1788867176 411564
0 108527 34 0 1788867176 414769
0 108543 33 0 1788867176 415323
0 108557 33 0 1788867176 415810
0 108560 33 0 1788867176 415911
0 108573 91 0 1788867176 416562
0 108574 43 0 1788867176 416609
0 108596 41 0 1788867176 417391
0 108613 33 0 1788867176 418064
0 108615 33 0 1788867176 418132
0 108622 32 0 1788867176 418364
0 108623 34 0 1788867176 418399
0 108636 33 0 1788867176 418866
0 108652 33 0 1788867176 419398
0 108682 33 0 1788867176 420407
0 108691 34 0 1788867176 420721
0 108705 33 0 1788867176 421222
0 108709 33 0 1788867176 421356
0 108771 34 0 1788867176 423476
0 108772 34 0 1788867176 423511
0 108777 34 0 1788867176 423698
0 108789 33 0 1788867176 424105
0 108833 40 0 1788867176 425937
0 108853 40 0 1788867176 426628
0 108854 37 0 1788867176 426667
0 108866 32 0 1788867176 427274
0 108917 35 0 1788867176 429360
0 108940 32 0 1788867176 430152
0 108984 32 0 1788867176 431598
0 108986 34 0 1788867176 431680
0 109017 32 0 1788867176 432705
0 109026 32 0 1788867176 432997
0 109098 47 0 1788867176 435635
0 109099 44 0 1788867176 435682
0 109102 32 0 1788867176 435782
0 109120 35 0 1788867176 436394
0 109167 32 0 1788867176 438005
0 109181 33 0 1788867176 438471
0 109242 38 0 1788867176 440874
0 109268 39 0 1788867176 441833
0 109295 59 0 1788867176 443019
0 109337 32 0 1788867176 444432
0 109363 32 0 1788867176 445341
0 109364 33 0 1788867176 445376
0 109406 33 0 1788867176 446825
0 109446 36 0 1788867176 448194
0 109455 35 0 1788867176 448506
0 109456 36 0 1788867176 448544
0 109465 103 0 1788867176 448944
0 109502 33 0 1788867176 450239
0 109517 33 0 1788867176 450772
0 109567 39 0 1788867176 454530
0 109576 34 0 1788867176 455179
0 109589 34 0 1788867176 456153
0 109621 34 0 1788867176 457581
0 109647 49 0 1788867176 458681
0 109662 46 0 1788867176 459398
0 109668 111 0 1788867176 459823
0 109670 65 0 1788867176 459949
0 109695 35 0 1788867176 460848
0 109732 34 0 1788867176 462436
0 109753 32 0 1788867176 463246
0 109762 32 0 1788867176 463539
0 109797 33 0 1788867176 464746
0 109802 33 0 1788867176 464909
0 109817 32 0 1788867176 465411
0 109821 32 0 1788867176 465541
0 109841 33 0 1788867176 466215
0 109866 32 0 1788867176 467035
0 109902 40 0 1788867176 468437
0 109911 33 0 1788867176 468754
0 109925 32 0 1788867176 469207
0 109928 33 0 1788867176 469309
0 109964 32 0 1788867176 470517
0 109965 33 0 1788867176 470552
0 109985 33 0 1788867176 471261
0 110007 49 0 1788867176 472082
0 110089 34 0 1788867176 474891
0 110093 33 0 1788867176 475026
0 110118 46 0 1788867176 475913
0 110121 34 0 1788867176 476018
0 110130 46 0 1788867176 476344
0 110146 34 0 1788867176 476930
0 110148 34 0 1788867176 477000
0 110181 33 0 1788867176 478267
0 110211 37 0 1788867176 479374
0 110212 34 0 1788867176 479409
0 110213 38 0 1788867176 479448
0 110217 38 0 1788867176 479597
0 110226 34 0 1788867176 479956
0 110290 33 0 1788867176 482190
0 110299 33 0 1788867176 482498
0 110323 35 0 1788867176 483338
0 110326 33 0 1788867176 483439
0 110332 48 0 1788867176 483659
0 110351 36 0 1788867176 484312
0 110387 40 0 1788867176 485569
0 110415 33 0 1788867176 486550
0 110417 41 0 1788867176 486626
0 110447 35 0 1788867176 487745
0 110576 32 0 1788867176 492607
0 110587 51 0 1788867176 493178
0 110596 32 0 1788867176 493557
0 110618 32 0 1788867176 494314
0 110630 39 0 1788867176 494813
0 110720 36 0 1788867176 498162
0 110726 32 0 1788867176 498371
0 110731 33 0 1788867176 498539
0 110740 35 0 1788867176 498857
0 110797 33 0 1788867176 500809
0 110816 33 0 1788867176 501559
0 110827 33 0 1788867176 501942
0 110854 32 0 1788867176 502844
0 110880 33 0 1788867176 503712
0 110882 33 0 1788867176 503778
0 110912 33 0 1788867176 504870
0 110929 34 0 1788867176 505470
0 110956 33 0 1788867176 506389
0 110959 36 0 1788867176 506496
0 110971 33 0 1788867176 506914
0 111021 42 0 1788867176 509014
0 111060 33 0 1788867176 510477
0 111065 38 0 1788867176 510654
0 111082 32 0 1788867176 511231
0 111087 55 0 1788867176 511423
0 111099 37 0 1788867176 511859
0 111139 33 0 1788867176 513377
0 111157 39 0 1788867176 514030
0 111158 45 0 1788867176 514077
0 111188 33 0 1788867176 515095
0 111226 33 0 1788867176 516417
0 111239 33 0 1788867176 516880
0 111268 33 0 1788867176 517926
0 111285 33 0 1788867176 518512
0 111298 37 0 1788867176 519003
0 111311 35 0 1788867176 519478
0 111343 36 0 1788867176 520705
0 111351 34 0 1788867176 521059
0 111366 33 0 1788867176 521584
0 111367 47 0 1788867176 521633
0 111381 34 0 1788867176 522119
0 111397 37 0 1788867176 522692
0 111402 34 0 1788867176 522862
0 111407 44 0 1788867176 523066
0 111483 37 0 1788867176 526332
0 111499 47 0 1788867176 526926
0 111515 37 0 1788867176 527751
0 111576 50 0 1788867176 530324
0 111582 62 0 1788867176 530661
0 111617 32 0 1788867176 531968
0 111628 37 0 1788867176 532382
0 111660 33 0 1788867176 533512
0 111667 33 0 1788867176 533765
0 111675 32 0 1788867176 534025
0 111680 32 0 1788867176 534187
0 111740 37 0 1788867176 536313
0 111777 32 0 1788867176 537873
0 111797 33 0 1788867176 538565
0 111798 33 0 1788867176 538600
0 111811 34 0 1788867176 539064
0 111813 34 0 1788867176 539132
0 111825 55 0 1788867176 539683
0 111893 33 0 1788867176 542298
0 111920 33 0 1788867176 543304
0 111922 32 0 1788867176 543372
0 111935 33 0 1788867176 543810
0 111937 40 0 1788867176 543885
0 111949 33 0 1788867176 544283
0 111953 33 0 1788867176 544416
0 111988 49 0 1788867176 545632
0 111989 37 0 1788867176 545670
0 112003 35 0 1788867176 546151
0 112013 33 0 1788867176 546496
0 112040 34 0 1788867176 547437
0 112046 46 0 1788867176 547657
0 112076 35 0 1788867176 548693
0 112079 33 0 1788867176 548796
0 112084 40 0 1788867176 548977
0 112087 34 0 1788867176 549079
0 112094 33 0 1788867176 549318
0 112124 37 0 1788867176 550412
0 112136 34 0 1788867176 550842
0 112154 34 0 1788867176 551462
0 112192 33 0 1788867176 552846
0 112203 35 0 1788867176 553235
0 112219 33 0 1788867176 553833
0 112257 33 0 1788867176 555215
0 112283 34 0 1788867176 556260
0 112317 33 0 1788867176 557434
0 112319 37 0 1788867176 557506
0 112332 35 0 1788867176 557962
0 112353 41 0 1788867176 558820
0 112365 41 0 1788867176 559260
0 112369 93 0 1788867176 559502
0 112384 33 0 1788867176 560182
0 112385 33 0 1788867176 560219
0 112394 33 0 1788867176 560514
0 112415 37 0 1788867176 561361
0 112447 39 0 1788867176 562750
0 112459 32 0 1788867176 563163
0 112489 32 0 1788867176 564171
0 112503 49 0 1788867176 564644
0 112528 35 0 1788867176 565521
0 112530 35 0 1788867176 565595
0 112548 33 0 1788867176 566240
0 112552 32 0 1788867176 566371
0 112641 32 0 1788867176 569360
0 112643 33 0 1788867176 569430
0 112662 32 0 1788867176 570054
0 112708 33 0 1788867176 571592
0 112714 32 0 1788867176 571804
0 112745 33 0 1788867176 572878
0 112757 35 0 1788867176 573380
0 112786 33 0 1788867176 574376
0 112895 34 0 1788867176 578419
0 112959 34 0 1788867176 580771
0 112962 33 0 1788867176 580873
0 112971 33 0 1788867176 581179
0 113007 34 0 1788867176 582514
0 113009 34 0 1788867176 582583
0 113018 36 0 1788867176 582904
0 113064 43 0 1788867176 584692
0 113073 43 0 1788867176 585081
0 113075 41 0 1788867176 585161
0 113091 33 0 1788867176 585716
0 113095 32 0 1788867176 585846
0 113222 33 0 1788867176 590070
0 113234 33 0 1788867176 590471
0 113258 40 0 1788867176 591389
0 113295 79 0 1788867176 593155
0 113297 42 0 1788867176 593254
0 113326 48 0 1788867176 594592
0 113348 32 0 1788867176 595444
0 113381 35 0 1788867176 596749
0 113389 38 0 1788867176 597038
0 113418 35 0 1788867176 598196
0 113445 32 0 1788867176 599110
0 113485 34 0 1788867176 600572
0 113521 32 0 1788867176 601847
0 113538 33 0 1788867176 602409
0 113587 44 0 1788867176 604554
0 113590 49 0 1788867176 604713
0 113608 36 0 1788867176 605540
0 113643 40 0 1788867176 606850
0 113655 40 0 1788867176 607339
0 113663 32 0 1788867176 607606
0 113668 48 0 1788867176 607953
0 113681 66 0 1788867176 608655
0 113717 105 0 1788867176 610739
0 113763 85 0 1788867176 614679
0 113766 77 0 1788867176 615036
0 113774 85 0 1788867176 615752
0 113778 122 0 1788867176 616067
0 113785 59 0 1788867176 616496
0 113795 56 0 1788867176 617254
0 113807 51 0 1788867176 617914
0 113820 45 0 1788867176 618585
0 113833 46 0 1788867176 619215
0 113837 58 0 1788867176 619412
0 113875 68 0 1788867176 621644
0 113927 34 0 1788867176 623963
0 113940 51 0 1788867176 624523
0 113946 33 0 1788867176 624759
0 113958 39 0 1788867176 625189
0 113960 39 0 1788867176 625268
0 113962 48 0 1788867176 625357
0 114008 99 0 1788867176 627904
0 114035 40 0 1788867176 630219
0 114058 53 0 1788867176 631369
0 114066 51 0 1788867176 631839
0 114070 48 0 1788867176 632034
0 114071 50 0 1788867176 632086
0 114100 42 0 1788867176 633497
0 114132 58 0 1788867176 635221
0 114136 68 0 1788867176 635461
0 114147 57 0 1788867176 636180
0 114161 89 0 1788867176 637277
0 114181 68 0 1788867176 638782
0 114259 52 0 1788867176 642780
0 114266 58 0 1788867176 643170
0 114284 48 0 1788867176 644005
0 114300 42 0 1788867176 644644
0 114328 34 0 1788867176 645759
0 114333 35 0 1788867176 645936
0 114338 38 0 1788867176 646120
0 114368 39 0 1788867176 647459
0 114386 43 0 1788867176 648220
0 114428 83 0 1788867176 650265
0 114467 35 0 1788867176 652020
0 114505 88 0 1788867176 653693
0 114514 48 0 1788867176 654126
0 114532 36 0 1788867176 655135
0 114556 33 0 1788867176 656009
0 114568 33 0 1788867176 656419
0 114586 33 0 1788867176 657090
0 114634 54 0 1788867176 659259
0 114637 43 0 1788867176 659482
0 114666 50 0 1788867176 660792
0 114700 33 0 1788867176 662160
0 114702 34 0 1788867176 662229
0 114706 33 0 1788867176 662363
0 114710 33 0 1788867176 662497
0 114730 33 0 1788867176 663187
0 114763 33 0 1788867176 664382
0 114770 55 0 1788867176 664655
0 114800 37 0 1788867176 665736
0 114828 43 0 1788867176 666707
0 114838 34 0 1788867176 667073
0 114848 33 0 1788867176 667445
0 114858 33 0 1788867176 667791
0 114946 33 0 1788867176 670909
0 114955 34 0 1788867176 671226
0 114970 40 0 1788867176 671791
0 114996 49 0 1788867176 672829
0 115021 34 0 1788867176 673726
0 115032 35 0 1788867176 674122
0 115037 35 0 1788867176 674307
0 115040 34 0 1788867176 674411
0 115053 34 0 1788867176 674889
0 115065 35 0 1788867176 675332
0 115085 98 0 1788867176 676192
0 115143 36 0 1788867176 678400
0 115158 34 0 1788867176 678944
0 115161 34 0 1788867176 679049
0 115235 35 0 1788867176 681771
0 115239 35 0 1788867176 681913
0 115262 34 0 1788867176 682754
0 115269 35 0 1788867176 683003
0 115281 34 0 1788867176 683424
0 115285 35 0 1788867176 683564
0 115306 34 0 1788867176 684316
0 115325 34 0 1788867176 685007
0 115328 35 0 1788867176 685117
0 115348 37 0 1788867176 685845
0 115350 34 0 1788867176 685915
0 115359 35 0 1788867176 686228
0 115372 35 0 1788867176 686706
0 115380 35 0 1788867176 686988
0 115391 34 0 1788867176 687378
0 115392 36 0 1788867176 687415
0 115399 41 0 1788867176 687676
0 115415 34 0 1788867176 688258
0 115420 35 0 1788867176 688451
0 115463 36 0 1788867176 690026
0 115534 56 0 1788867176 693159
0 115557 34 0 1788867176 694347
0 115558 36 0 1788867176 694389
0 115568 33 0 1788867176 694764
0 115661 33 0 1788867176 697963
0 115699 33 0 1788867176 699334
0 115718 33 0 1788867176 700037
0 115846 35 0 1788867176 704683
0 115912 34 0 1788867176 707003
0 115963 35 0 1788867176 708905
0 115978 34 0 1788867176 709478
0 115984 41 0 1788867176 709708
0 115989 39 0 1788867176 709887
0 116025 34 0 1788867176 711159
0 116036 35 0 1788867176 711611
0 116043 34 0 1788867176 711872
0 116048 34 0 1788867176 712043
0 116065 38 0 1788867176 712625
0 116084 33 0 1788867176 713271
0 116100 33 0 1788867176 713821
0 116110 33 0 1788867176 714159
0 116152 34 0 1788867176 715744
0 116192 33 0 1788867176 717141
0 116193 35 0 1788867176 717178
0 116197 34 0 1788867176 717315
0 116224 34 0 1788867176 718265
0 116302 34 0 1788867176 721081
0 116382 46 0 1788867176 724373
0 116384 35 0 1788867176 724448
0 116401 36 0 1788867176 725508
0 116415 39 0 1788867176 726227
0 116431 62 0 1788867176 727023
0 116452 34 0 1788867176 728053
0 116507 33 0 1788867176 729974
0 116521 34 0 1788867176 730451
0 116537 33 0 1788867176 731021
0 116539 34 0 1788867176 731090
0 116571 33 0 1788867176 732272
0 116573 34 0 1788867176 732343
0 116593 38 0 1788867176 733135
0 116596 34 0 1788867176 733247
0 116625 34 0 1788867176 734310
0 116641 34 0 1788867176 734903
0 116671 34 0 1788867176 735937
0 116684 34 0 1788867176 736379
0 116716 33 0 1788867176 737517
0 116730 33 0 1788867176 738017
0 116754 35 0 1788867176 738925
0 116771 38 0 1788867176 739521
0 116777 38 0 1788867176 739774
0 116784 35 0 1788867176 740036
0 116798 65 0 1788867176 740634
0 116815 50 0 1788867176 741491
0 116824 34 0 1788867176 741842
0 116839 33 0 1788867176 742353
0 116868 33 0 1788867176 743408
0 116882 52 0 1788867176 743984
0 116884 51 0 1788867176 744086
0 116895 45 0 1788867176 744591
0 116916 45 0 1788867176 745572
0 116921 45 0 1788867176 745807
0 116996 36 0 1788867176 748685
0 117012 40 0 1788867176 749244
0 117037 38 0 1788867176 750166
0 117076 35 0 1788867176 751540
0 117080 35 0 1788867176 751692
0 117085 35 0 1788867176 751871
0 117087 34 0 1788867176 751941
0 117135 50 0 1788867176 753652
0 117156 35 0 1788867176 754402
0 117158 35 0 1788867176 754472
0 117163 44 0 1788867176 754655
0 117191 193 0 1788867176 755818
0 117203 48 0 1788867176 756360
0 117212 41 0 1788867176 756815
0 117250 34 0 1788867176 758340
0 117255 34 0 1788867176 758523
0 117263 40 0 1788867176 759053
0 117269 38 0 1788867176 759284
0 117304 62 0 1788867176 761201
0 117310 46 0 1788867176 761473
0 117340 34 0 1788867176 762615
0 117364 33 0 1788867176 763433
0 117402 34 0 1788867176 764874
0 117406 34 0 1788867176 765010
0 117513 33 0 1788867176 769016
0 117538 34 0 1788867176 769884
0 117547 33 0 1788867176 770188
0 117651 35 0 1788867176 773898
0 117659 34 0 1788867176 774201
0 117675 36 0 1788867176 774778
0 117678 39 0 1788867176 774888
0 117712 34 0 1788867176 776363
0 117716 40 0 1788867176 776506
0 117724 34 0 1788867176 776793
0 117735 36 0 1788867176 777209
0 117749 34 0 1788867176 777730
0 117752 33 0 1788867176 777831
0 117760 46 0 1788867176 778115
0 117809 37 0 1788867176 779829
0 117863 44 0 1788867176 782031
0 117875 49 0 1788867176 782603
0 117892 39 0 1788867176 783417
0 117929 49 0 1788867176 784849
0 117940 35 0 1788867176 785284
0 117944 35 0 1788867176 785429
0 117954 35 0 1788867176 785845
0 117997 39 0 1788867176 787402
0 118031 54 0 1788867176 788803
0 118053 66 0 1788867176 790115
0 118085 65 0 1788867176 792452
0 118119 45 0 1788867176 794842
0 118159 49 0 1788867176 796624
0 118249 51 0 1788867176 800839
0 118252 34 0 1788867176 800947
0 118254 45 0 1788867176 801027
0 118288 34 0 1788867176 802214
0 118302 36 0 1788867176 802724
0 118310 34 0 1788867176 803007
0 118311 35 0 1788867176 803043
0 118315 34 0 1788867176 803179
0 118324 35 0 1788867176 803512
0 118331 34 0 1788867176 803767
0 118332 35 0 1788867176 803803
0 118371 39 0 1788867176 805387
0 118400 34 0 1788867176 806483
0 118401 37 0 1788867176 806526
0 118419 35 0 1788867176 807189
0 118444 35 0 1788867176 808113
0 118445 35 0 1788867176 808149
0 118472 44 0 1788867176 809155
0 118474 114 0 1788867176 809311
0 118507 46 0 1788867176 810771
0 118510 46 0 1788867176 810913
0 118521 48 0 1788867176 811434
0 118523 49 0 1788867176 811549
0 118570 46 0 1788867176 813713
0 118575 45 0 1788867176 813944
0 118616 47 0 1788867176 815881
0 118648 45 0 1788867176 817392
0 118670 46 0 1788867176 818414
0 118680 45 0 1788867176 818958
0 118696 46 0 1788867176 819708
0 118720 51 0 1788867176 820717
0 118739 179 0 1788867176 821757
0 118751 47 0 1788867176 822326
0 118767 40 0 1788867176 823249
0 118789 35 0 1788867176 824173
0 118793 33 0 1788867176 824312
0 118812 46 0 1788867176 825549
0 118904 39 0 1788867176 829811
0 118956 39 0 1788867176 831666
0 118962 53 0 1788867176 831894
0 118966 59 0 1788867176 832073
0 118990 46 0 1788867176 833245
0 118994 47 0 1788867176 833433
0 119009 45 0 1788867176 834165
0 119031 45 0 1788867176 835191
0 119055 34 0 1788867176 836246
0 119073 40 0 1788867176 836881
0 119096 35 0 1788867176 837710
0 119118 34 0 1788867176 838469
0 119171 34 0 1788867176 840417
0 119174 34 0 1788867176 840523
0 119181 35 0 1788867176 840800
0 119225 34 0 1788867176 842401
0 119249 34 0 1788867176 843353
0 119259 34 0 1788867176 843706
0 119261 33 0 1788867176 843776
0 119262 38 0 1788867176 843814
0 119286 45 0 1788867176 844789
0 119318 39 0 1788867176 846108
0 119394 34 0 1788867176 848931
0 119402 35 0 1788867176 849225
0 119404 34 0 1788867176 849295
0 119411 34 0 1788867176 849533
0 119464 34 0 1788867176 851491
0 119472 34 0 1788867176 851775
0 119483 35 0 1788867176 852166
0 119498 35 0 1788867176 852759
0 119500 34 0 1788867176 852832
0 119512 39 0 1788867176 853267
0 119546 40 0 1788867176 854574
0 119583 35 0 1788867176 856058
0 119584 35 0 1788867176 856095
0 119609 83 0 1788867176 857251
0 119637 50 0 1788867176 858668
0 119653 99 0 1788867176 859669
0 119661 49 0 1788867176 860177
0 119673 34 0 1788867176 860760
0 119697 52 0 1788867176 861961
0 119757 34 0 1788867176 864949
0 119835 64 0 1788867176 868960
0 119846 53 0 1788867176 869576
0 119861 100 0 1788867176 870497
0 119871 52 0 1788867176 871166
0 119887 58 0 1788867176 872414
0 119891 55 0 1788867176 872677
0 119952 47 0 1788867176 875765
0 119955 48 0 1788867176 875916
0 119964 47 0 1788867176 876339
0 119965 47 0 1788867176 876388
0 119969 47 0 1788867176 876577
0 119994 47 0 1788867176 877762
0 120012 73 0 1788867176 878647
0 120072 37 0 1788867176 881057
0 120127 36 0 1788867176 883234
0 120152 66 0 1788867176 884210
0 120153 47 0 1788867176 884262
0 120186 38 0 1788867176 885680
0 120189 35 0 1788867176 885790
0 120225 35 0 1788867176 887080
0 120309 54 0 1788867176 891248
0 120323 55 0 1788867176 892048
0 120328 45 0 1788867176 892437
0 120329 42 0 1788867176 892483
0 120384 34 0 1788867176 894567
0 120391 35 0 1788867176 894848
0 120395 35 0 1788867176 894989
0 120397 35 0 1788867176 895060
0 120434 35 0 1788867176 896541
0 120459 36 0 1788867176 897498
0 120473 35 0 1788867176 898005
0 120475 35 0 1788867176 898077
0 120488 36 0 1788867176 898563
0 120490 49 0 1788867176 898649
0 120508 35 0 1788867176 899311
0 120514 35 0 1788867176 899533
0 120530 34 0 1788867176 900116
0 120548 44 0 1788867176 900998
0 120562 52 0 1788867176 901690
0 120563 48 0 1788867176 901740
0 120584 48 0 1788867176 902753
0 120592 47 0 1788867176 903135
0 120617 47 0 1788867176 904335
0 120620 47 0 1788867176 904479
0 120632 47 0 1788867176 905067
0 120644 68 0 1788867176 905659
0 120653 47 0 1788867176 906095
0 120659 47 0 1788867176 906384
0 120689 46 0 1788867176 907827
0 120698 46 0 1788867176 908239
0 120703 46 0 1788867176 908469
0 120762 45 0 1788867176 911278
0 120772 34 0 1788867176 911732
0 120799 38 0 1788867176 912687
0 120807 36 0 1788867176 912971
0 120812 34 0 1788867176 913145
0 120823 34 0 1788867176 913523
0 120844 35 0 1788867176 914279
0 120852 34 0 1788867176 914557
0 120853 35 0 1788867176 914593
0 120879 41 0 1788867176 915545
0 120902 35 0 1788867176 916366
0 120968 47 0 1788867176 919256
0 120991 51 0 1788867176 920339
0 121006 45 0 1788867176 921069
0 121041 47 0 1788867176 922920
0 121047 36 0 1788867176 923194
0 121057 188 0 1788867176 923731
0 121058 113 0 1788867176 923852
0 121070 33 0 1788867176 924269
0 121076 39 0 1788867176 924480
0 121079 54 0 1788867176 924696
0 121124 36 0 1788867176 927131
0 121125 41 0 1788867176 927177
0 121132 36 0 1788867176 927433
0 121135 54 0 1788867176 927564
0 121142 45 0 1788867176 927968
0 121187 33 0 1788867176 929912
0 121213 42 0 1788867176 930809
0 121240 34 0 1788867176 931935
0 121268 75 0 1788867176 932965
0 121277 34 0 1788867176 933371
0 121288 34 0 1788867176 933768
0 121304 34 0 1788867176 934347
0 121339 52 0 1788867176 935661
0 121352 34 0 1788867176 936209
0 121375 34 0 1788867176 937062
0 121414 34 0 1788867176 938510
0 121435 35 0 1788867176 939272
0 121439 35 0 1788867176 939416
0 121540 33 0 1788867176 943288
0 121551 36 0 1788867176 943677
0 121558 33 0 1788867176 943913
0 121580 37 0 1788867176 944663
0 121598 34 0 1788867176 945329
0 121609 34 0 1788867176 945713
0 121623 34 0 1788867176 946190
0 121624 33 0 1788867176 946224
0 121642 34 0 1788867176 946887
0 121655 34 0 1788867176 947345
0 121662 45 0 1788867176 947616
0 121707 34 0 1788867176 949252
0 121724 40 0 1788867176 949891
0 121740 34 0 1788867176 950452
0 121750 35 0 1788867176 950828
0 121792 34 0 1788867176 952353
0 121803 35 0 1788867176 952776
0 121828 35 0 1788867176 953705
0 121838 38 0 1788867176 954066
0 121854 43 0 1788867176 954687
0 121874 34 0 1788867176 955559
0 121881 34 0 1788867176 955826
0 121898 49 0 1788867176 956526
0 121947 91 0 1788867176 958999
0 121971 35 0 1788867176 960251
0 122038 47 0 1788867176 962776
0 122040 36 0 1788867176 962855
0 122072 34 0 1788867176 964007
0 122174 34 0 1788867176 967959
0 122175 34 0 1788867176 967996
0 122217 34 0 1788867176 969451
0 122226 35 0 1788867176 969774
0 122260 38 0 1788867176 970996
0 122338 39 0 1788867176 974001
0 122347 34 0 1788867176 974329
0 122362 34 0 1788867176 974876
0 122371 37 0 1788867176 975200
0 122443 35 0 1788867176 977817
0 122453 38 0 1788867176 978209
0 122454 44 0 1788867176 978254
0 122496 40 0 1788867176 979858
0 122536 47 0 1788867176 981320
0 122547 34 0 1788867176 981714
0 122587 40 0 1788867176 983152
0 122623 34 0 1788867176 984416
0 122654 38 0 1788867176 985547
0 122681 34 0 1788867176 986554
0 122709 34 0 1788867176 987583
0 122716 35 0 1788867176 987835
0 122730 34 0 1788867176 988334
0 122801 33 0 1788867176 991430
0 122816 37 0 1788867176 992058
0 122858 33 0 1788867176 993955
0 122861 34 0 1788867176 994060
0 122882 33 0 1788867176 994791
0 122885 39 0 1788867176 994899
0 122898 34 0 1788867176 995346
0 122912 33 0 1788867176 995832
0 122946 33 0 1788867176 997082
0 122981 40 0 1788867176 998393
0 122999 33 0 1788867176 999064
0 123075 34 0 1788867177 1817
0 123088 34 0 1788867177 2276
0 123098 52 0 1788867177 2651
0 123140 46 0 1788867177 4496
0 123142 45 0 1788867177 4590
0 123154 45 0 1788867177 5178
0 123162 45 0 1788867177 5543
0 123176 45 0 1788867177 6230
0 123181 50 0 1788867177 6499
0 123188 42 0 1788867177 6831
0 123199 42 0 1788867177 7298
0 123222 34 0 1788867177 8339
0 123224 33 0 1788867177 8407
0 123247 33 0 1788867177 9447
0 123250 34 0 1788867177 9557
0 123255 34 0 1788867177 9753
0 123286 34 0 1788867177 10850
0 123296 35 0 1788867177 11216
0 123323 34 0 1788867177 12206
0 123337 33 0 1788867177 12706
0 123355 36 0 1788867177 13320
0 123359 34 0 1788867177 13459
0 123371 34 0 1788867177 13883
0 123379 36 0 1788867177 14165
0 123380 34 0 1788867177 14200
0 123422 50 0 1788867177 15657
0 123426 34 0 1788867177 15797
0 123449 40 0 1788867177 16624
0 123462 34 0 1788867177 17077
0 123471 34 0 1788867177 17389
0 123493 35 0 1788867177 18176
0 123506 45 0 1788867177 18649
0 123556 32 0 1788867177 20401
0 123585 32 0 1788867177 21359
0 123588 37 0 1788867177 21465
0 123590 33 0 1788867177 21533
0 123592 33 0 1788867177 21599
0 123609 75 0 1788867177 22267
0 123664 36 0 1788867177 24522
0 123709 33 0 1788867177 26332
0 123748 35 0 1788867177 27674
0 123799 38 0 1788867177 29369
0 123811 34 0 1788867177 29778
0 123883 34 0 1788867177 32818
0 123886 34 0 1788867177 32930
0 123891 37 0 1788867177 33104
0 123912 36 0 1788867177 33859
0 123946 33 0 1788867177 35092
0 123977 38 0 1788867177 36242
0 123995 33 0 1788867177 36906
0 124007 47 0 1788867177 37401
0 124016 45 0 1788867177 37865
0 124089 34 0 1788867177 40946
0 124116 42 0 1788867177 41918
0 124142 33 0 1788867177 42818
0 124151 123 0 1788867177 43395
0 124175 34 0 1788867177 44509
0 124205 33 0 1788867177 45911
0 124212 33 0 1788867177 46155
0 124241 32 0 1788867177 47109
0 124251 32 0 1788867177 47457
0 124311 42 0 1788867177 49496
0 124312 36 0 1788867177 49533
0 124317 36 0 1788867177 49729
0 124331 34 0 1788867177 50232
0 124374 33 0 1788867177 51754
0 124402 34 0 1788867177 52750
0 124461 34 0 1788867177 54841
0 124464 39 0 1788867177 54962
0 124470 54 0 1788867177 55290
0 124530 36 0 1788867177 57951
0 124531 35 0 1788867177 57990
0 124540 33 0 1788867177 58283
0 124554 36 0 1788867177 58953
0 124569 84 0 1788867177 59686
0 124616 33 0 1788867177 61770
0 124649 33 0 1788867177 62938
0 124661 34 0 1788867177 63337
0 124666 33 0 1788867177 63503
0 124756 36 0 1788867177 67425
0 124777 35 0 1788867177 68148
0 124783 39 0 1788867177 68369
0 124848 32 0 1788867177 71099
0 124853 33 0 1788867177 71271
0 124908 32 0 1788867177 73134
0 124950 34 0 1788867177 74585
0 125013 34 0 1788867177 76907
0 125025 35 0 1788867177 77322
0 125034 56 0 1788867177 77652
0 125035 37 0 1788867177 77690
0 125136 34 0 1788867177 81465
0 125218 34 0 1788867177 84495
0 125219 35 0 1788867177 84533
0 125225 35 0 1788867177 84755
0 125252 39 0 1788867177 85727
0 125253 35 0 1788867177 85763
0 125277 41 0 1788867177 86622
0 125341 52 0 1788867177 89069
0 125346 46 0 1788867177 89326
0 125363 40 0 1788867177 90067
0 125393 43 0 1788867177 91278
0 125399 35 0 1788867177 91547
0 125440 35 0 1788867177 93093
0 125449 34 0 1788867177 93419
0 125451 35 0 1788867177 93490
0 125490 50 0 1788867177 95319
0 125503 68 0 1788867177 95985
0 125508 59 0 1788867177 96272
0 125510 44 0 1788867177 96378
0 125535 48 0 1788867177 97629
0 125558 45 0 1788867177 98792
0 125578 39 0 1788867177 99860
0 125583 60 0 1788867177 100073
0 125587 44 0 1788867177 100229
0 125601 47 0 1788867177 100965
0 125669 34 0 1788867177 104505
0 125697 40 0 1788867177 105499
0 125711 33 0 1788867177 106033
0 125723 37 0 1788867177 106440
0 125729 36 0 1788867177 106694
0 125731 34 0 1788867177 106764
0 125734 34 0 1788867177 106866
0 125747 34 0 1788867177 107303
0 125767 77 0 1788867177 108077
0 125777 37 0 1788867177 108429
0 125788 35 0 1788867177 108830
0 125841 38 0 1788867177 110776
0 125884 33 0 1788867177 112495
0 125886 33 0 1788867177 112567
0 125894 35 0 1788867177 112866
0 125897 34 0 1788867177 112972
0 125948 34 0 1788867177 114771
0 125964 34 0 1788867177 115333
0 125991 35 0 1788867177 116319
0 126012 33 0 1788867177 117195
0 126024 34 0 1788867177 117610
0 126028 34 0 1788867177 117762
0 126047 34 0 1788867177 118484
0 126107 35 0 1788867177 121209
0 126120 37 0 1788867177 121674
0 126122 36 0 1788867177 121750
0 126125 34 0 1788867177 121854
0 126165 34 0 1788867177 123741
0 126176 36 0 1788867177 124125
0 126196 38 0 1788867177 124989
0 126201 41 0 1788867177 125193
0 126208 40 0 1788867177 125491
0 126209 44 0 1788867177 125537
0 126236 39 0 1788867177 126657
0 126264 40 0 1788867177 127635
0 126303 34 0 1788867177 128984
0 126338 34 0 1788867177 130197
0 126371 34 0 1788867177 131370
0 126448 34 0 1788867177 134213
0 126458 34 0 1788867177 134570
0 126467 34 0 1788867177 134911
0 126486 34 0 1788867177 135575
0 126506 35 0 1788867177 136351
0 126510 35 0 1788867177 136491
0 126520 35 0 1788867177 136869
0 126524 37 0 1788867177 137021
0 126543 34 0 1788867177 137800
0 126563 34 0 1788867177 138550
0 126566 37 0 1788867177 138673
0 126568 35 0 1788867177 138748
0 126571 40 0 1788867177 138858
0 126581 34 0 1788867177 139205
0 126633 34 0 1788867177 141138
0 126634 36 0 1788867177 141183
0 126644 35 0 1788867177 141552
0 126646 42 0 1788867177 141630
0 126668 44 0 1788867177 142429
0 126691 40 0 1788867177 143292
0 126703 35 0 1788867177 143750
0 126721 43 0 1788867177 144391
0 126731 52 0 1788867177 144789
0 126750 35 0 1788867177 145475
0 126756 36 0 1788867177 145717
0 126761 35 0 1788867177 145893
0 126773 35 0 1788867177 146317
0 126790 38 0 1788867177 146951
0 126859 37 0 1788867177 149514
0 126872 39 0 1788867177 149991
0 126874 35 0 1788867177 150063
0 126876 35 0 1788867177 150133
0 126891 38 0 1788867177 150702
0 126902 40 0 1788867177 151128
0 126916 52 0 1788867177 151653
0 126968 39 0 1788867177 153551
0 126996 40 0 1788867177 154833
0 127022 35 0 1788867177 156181
0 127062 43 0 1788867177 157851
0 127074 47 0 1788867177 158342
0 127075 43 0 1788867177 158386
0 127087 45 0 1788867177 158964
0 127088 52 0 1788867177 159022
0 127100 60 0 1788867177 159656
0 127106 45 0 1788867177 159937
0 127120 37 0 1788867177 160544
0 127129 34 0 1788867177 160857
0 127148 33 0 1788867177 161500
0 127172 41 0 1788867177 162334
0 127239 36 0 1788867177 165157
0 127251 34 0 1788867177 165577
0 127302 33 0 1788867177 167592
0 127346 34 0 1788867177 169183
0 127405 34 0 1788867177 171255
0 127423 35 0 1788867177 171886
0 127442 37 0 1788867177 172664
0 127445 34 0 1788867177 172774
0 127479 34 0 1788867177 174005
0 127490 43 0 1788867177 174400
0 127498 35 0 1788867177 174759
0 127553 41 0 1788867177 176857
0 127559 38 0 1788867177 177095
0 127591 46 0 1788867177 178403
0 127606 47 0 1788867177 179129
0 127619 46 0 1788867177 179747
0 127625 48 0 1788867177 180026
0 127698 32 0 1788867177 183025
0 127717 36 0 1788867177 183655
0 127746 40 0 1788867177 184628
0 127773 33 0 1788867177 185537
0 127789 32 0 1788867177 186097
0 127791 36 0 1788867177 186170
0 127814 54 0 1788867177 187193
0 127847 33 0 1788867177 189068
0 127853 68 0 1788867177 189331
0 127888 50 0 1788867177 191253
0 127930 33 0 1788867177 193156
0 127934 33 0 1788867177 193294
0 127944 41 0 1788867177 193637
0 127999 32 0 1788867177 195450
0 128024 35 0 1788867177 196313
0 128038 32 0 1788867177 196829
0 128058 74 0 1788867177 197534
0 128097 33 0 1788867177 198901
0 128105 33 0 1788867177 199170
0 128110 56 0 1788867177 199359
0 128113 34 0 1788867177 199464
0 128146 34 0 1788867177 200678
0 128184 34 0 1788867177 202008
0 128187 34 0 1788867177 202111
0 128200 33 0 1788867177 202554
0 128385 33 0 1788867177 209099
0 128399 38 0 1788867177 209619
0 128402 37 0 1788867177 209735
0 128439 33 0 1788867177 211043
0 128452 38 0 1788867177 211486
0 128463 37 0 1788867177 211912
0 128557 34 0 1788867177 215117
0 128586 33 0 1788867177 216125
0 128617 33 0 1788867177 217202
0 128630 36 0 1788867177 217663
0 128659 34 0 1788867177 218715
0 128664 33 0 1788867177 218884
0 128669 33 0 1788867177 219051
0 128692 33 0 1788867177 219860
0 128702 33 0 1788867177 220208
0 128709 110 0 1788867177 220564
0 128717 33 0 1788867177 220920
0 128723 34 0 1788867177 221136
0 128739 37 0 1788867177 221724
0 128757 58 0 1788867177 222651
0 128762 52 0 1788867177 222868
0 128766 33 0 1788867177 223036
0 128779 99 0 1788867177 223591
0 128817 32 0 1788867177 225361
0 128859 32 0 1788867177 226786
0 128866 32 0 1788867177 227014
0 128914 38 0 1788867177 228637
0 128953 39 0 1788867177 230004
0 128957 32 0 1788867177 230136
0 128971 32 0 1788867177 230595
0 128978 33 0 1788867177 230846
0 128984 32 0 1788867177 231041
0 128997 40 0 1788867177 231545
0 129002 46 0 1788867177 231750
0 129025 33 0 1788867177 232540
0 129059 33 0 1788867177 233708
0 129073 32 0 1788867177 234170
0 129078 32 0 1788867177 234339
0 129104 33 0 1788867177 235216
0 129151 33 0 1788867177 236798
0 129176 33 0 1788867177 237699
0 129180 33 0 1788867177 237840
0 129186 33 0 1788867177 238047
0 129230 33 0 1788867177 239578
0 129261 38 0 1788867177 240676
0 129285 34 0 1788867177 241578
0 129291 34 0 1788867177 241802
0 129292 35 0 1788867177 241838
0 129306 46 0 1788867177 242355
0 129341 33 0 1788867177 243560
0 129355 33 0 1788867177 244056
0 129375 33 0 1788867177 244720
0 129380 34 0 1788867177 244914
0 129391 36 0 1788867177 245310
0 129402 33 0 1788867177 245700
0 129404 33 0 1788867177 245767
0 129437 33 0 1788867177 246868
0 129449 40 0 1788867177 247274
0 129467 33 0 1788867177 247899
0 129496 44 0 1788867177 249013
0 129511 45 0 1788867177 249728
0 129535 44 0 1788867177 250838
0 129558 36 0 1788867177 251884
0 129560 43 0 1788867177 251971
0 129593 39 0 1788867177 253115
0 129615 44 0 1788867177 254008
0 129625 37 0 1788867177 254428
0 129666 43 0 1788867177 256505
0 129668 44 0 1788867177 256600
0 129671 44 0 1788867177 256749
0 129685 44 0 1788867177 257371
0 129733 37 0 1788867177 259413
0 129736 110 0 1788867177 259600
0 129739 34 0 1788867177 259736
0 129778 44 0 1788867177 261302
0 129806 33 0 1788867177 262558
0 129824 47 0 1788867177 263358
0 129858 45 0 1788867177 264916
0 129892 49 0 1788867177 266618
0 129987 39 0 1788867177 270633
0 130030 33 0 1788867177 272167
0 130037 40 0 1788867177 272489
0 130099 54 0 1788867177 275043
0 130126 36 0 1788867177 276108
0 130127 38 0 1788867177 276149
0 130150 32 0 1788867177 277012
0 130155 36 0 1788867177 277187
0 130180 32 0 1788867177 278027
0 130198 37 0 1788867177 278702
0 130205 35 0 1788867177 278935
0 130216 34 0 1788867177 279312
0 130219 32 0 1788867177 279416
0 130232 33 0 1788867177 279880
0 130258 45 0 1788867177 280868
0 130261 46 0 1788867177 281009
0 130264 45 0 1788867177 281146
0 130266 44 0 1788867177 281237
0 130314 44 0 1788867177 283436
0 130366 42 0 1788867177 285827
0 130374 33 0 1788867177 286105
0 130416 45 0 1788867177 287870
0 130533 36 0 1788867177 292510
0 130545 55 0 1788867177 293096
0 130546 50 0 1788867177 293150
0 130556 61 0 1788867177 293654
0 130588 89 0 1788867177 295400
0 130615 46 0 1788867177 296588
0 130616 62 0 1788867177 296658
0 130674 45 0 1788867177 299221
0 130697 45 0 1788867177 300303
0 130701 47 0 1788867177 300498
0 130731 45 0 1788867177 302237
0 130763 103 0 1788867177 304532
0 130768 59 0 1788867177 304982
0 130769 66 0 1788867177 305052
0 130770 67 0 1788867177 305124
0 130776 62 0 1788867177 305572
0 130799 61 0 1788867177 307543
0 130813 88 0 1788867177 309018
0 130833 68 0 1788867177 311327
0 130903 38 0 1788867177 316972
0 130938 57 0 1788867177 318763
0 130954 70 0 1788867177 320181
0 130958 110 0 1788867177 320544
0 131011 76 0 1788867177 325799
0 131053 57 0 1788867177 328459
0 131068 60 0 1788867177 330271
0 131070 63 0 1788867177 330420
0 131138 41 0 1788867177 333523
0 131150 41 0 1788867177 334056
0 131175 86 0 1788867177 336134
0 131203 48 0 1788867177 338208
0 131214 53 0 1788867177 338857
0 131216 51 0 1788867177 338967
0 131219 46 0 1788867177 339132
0 131229 45 0 1788867177 339597
0 131269 51 0 1788867177 341623
0 131273 47 0 1788867177 341826
0 131289 36 0 1788867177 342459
0 131308 53 0 1788867177 343520
0 131329 46 0 1788867177 344550
0 131338 34 0 1788867177 344972
0 131347 34 0 1788867177 345278
0 131420 34 0 1788867177 347866
0 131426 33 0 1788867177 348069
0 131437 33 0 1788867177 348447
0 131457 33 0 1788867177 349132
0 131494 45 0 1788867177 350862
0 131501 45 0 1788867177 351183
0 131503 46 0 1788867177 351310
0 131525 45 0 1788867177 352337
0 131531 45 0 1788867177 352611
0 131620 34 0 1788867177 356578
0 131695 33 0 1788867177 359899
0 131704 33 0 1788867177 360207
0 131741 48 0 1788867177 361508
0 131779 39 0 1788867177 362871
0 131804 43 0 1788867177 363771
0 131820 33 0 1788867177 364337
0 131846 33 0 1788867177 365275
0 131851 33 0 1788867177 365449
0 131863 36 0 1788867177 365887
0 131865 34 0 1788867177 365957
0 131868 33 0 1788867177 366059
0 131945 33 0 1788867177 368912
0 131946 34 0 1788867177 368948
0 131947 34 0 1788867177 368983
0 132009 34 0 1788867177 371162
0 132015 34 0 1788867177 371367
0 132032 34 0 1788867177 371988
0 132063 33 0 1788867177 373074
0 132071 34 0 1788867177 373350
0 132078 34 0 1788867177 373592
0 132094 34 0 1788867177 374154
0 132119 34 0 1788867177 375041
0 132144 35 0 1788867177 376076
0 132149 35 0 1788867177 376252
0 132245 35 0 1788867177 379847
0 132247 35 0 1788867177 379934
0 132256 34 0 1788867177 380242
0 132295 34 0 1788867177 381603
0 132309 33 0 1788867177 382112
0 132324 45 0 1788867177 382640
0 132330 34 0 1788867177 382848
0 132372 34 0 1788867177 384360
0 132382 35 0 1788867177 384739
0 132407 43 0 1788867177 385644
0 132416 34 0 1788867177 385964
0 132427 35 0 1788867177 386344
0 132438 43 0 1788867177 386763
0 132466 41 0 1788867177 388035
0 132480 39 0 1788867177 388835
0 132495 41 0 1788867177 389360
0 132521 48 0 1788867177 390489
0 132534 38 0 1788867177 391059
0 132574 34 0 1788867177 392567
0 132580 34 0 1788867177 392780
0 132589 33 0 1788867177 393084
0 132594 37 0 1788867177 393258
0 132596 33 0 1788867177 393328
0 132602 34 0 1788867177 393531
0 132628 34 0 1788867177 394448
0 132631 34 0 1788867177 394552
0 132655 35 0 1788867177 395406
0 132656 36 0 1788867177 395443
0 132662 37 0 1788867177 395684
0 132666 33 0 1788867177 395821
0 132689 42 0 1788867177 396622
0 132690 38 0 1788867177 396662
0 132692 33 0 1788867177 396730
0 132718 41 0 1788867177 397628
0 132733 33 0 1788867177 398134
0 132757 33 0 1788867177 398979
0 132773 33 0 1788867177 399523
0 132788 33 0 1788867177 400045
0 132790 34 0 1788867177 400116
0 132809 34 0 1788867177 400764
0 132862 34 0 1788867177 402582
0 132923 46 0 1788867177 404722
0 132969 34 0 1788867177 406379
0 132970 35 0 1788867177 406415
0 133028 37 0 1788867177 408510
0 133031 38 0 1788867177 408623
0 133069 34 0 1788867177 410087
0 133076 34 0 1788867177 410330
0 133089 33 0 1788867177 410785
0 133095 37 0 1788867177 410998
0 133101 33 0 1788867177 411203
0 133113 36 0 1788867177 411697
0 133124 33 0 1788867177 412093
0 133134 33 0 1788867177 412427
0 133138 34 0 1788867177 412562
0 133201 36 0 1788867177 414881
0 133262 43 0 1788867177 417162
0 133275 45 0 1788867177 417761
0 133279 46 0 1788867177 417958
0 133295 50 0 1788867177 418687
0 133305 36 0 1788867177 419077
0 133307 35 0 1788867177 419150
0 133337 35 0 1788867177 422264
0 133359 50 0 1788867177 423323
0 133391 36 0 1788867177 424742
0 133424 36 0 1788867177 425954
0 133439 34 0 1788867177 426507
0 133445 34 0 1788867177 426773
0 133462 54 0 1788867177 427762
0 133503 42 0 1788867177 429704
0 133533 37 0 1788867177 430756
0 133581 50 0 1788867177 433236
0 133598 51 0 1788867177 434139
0 133615 50 0 1788867177 435051
0 133671 47 0 1788867177 437885
0 133683 57 0 1788867177 438481
0 133699 52 0 1788867177 439390
0 133700 51 0 1788867177 439442
0 133742 51 0 1788867177 441658
0 133746 34 0 1788867177 441800
0 133756 34 0 1788867177 442149
0 133793 34 0 1788867177 443485
0 133828 34 0 1788867177 444691
0 133833 35 0 1788867177 444874
0 133872 34 0 1788867177 446240
0 133976 35 0 1788867177 450160
0 134004 85 0 1788867177 451342
0 134009 43 0 1788867177 451601
0 134048 61 0 1788867177 453081
0 134054 34 0 1788867177 453313
0 134075 38 0 1788867177 454051
0 134078 35 0 1788867177 454170
0 134091 34 0 1788867177 454828
0 134095 34 0 1788867177 454968
0 134098 34 0 1788867177 455071
0 134105 33 0 1788867177 455308
0 134147 96 0 1788867177 457379
0 134174 42 0 1788867177 459534
0 134186 102 0 1788867177 460161
0 134192 42 0 1788867177 460552
0 134201 36 0 1788867177 461006
0 134206 58 0 1788867177 461429
0 134288 43 0 1788867177 467192
0 134309 48 0 1788867177 468244
0 134328 49 0 1788867177 469159
0 134351 47 0 1788867177 470290
0 134428 34 0 1788867177 473480
0 134432 44 0 1788867177 473631
0 134447 35 0 1788867177 474159
0 134457 35 0 1788867177 474509
0 134477 34 0 1788867177 475220
0 134485 34 0 1788867177 475500
0 134506 34 0 1788867177 476308
0 134557 35 0 1788867177 478358
0 134596 35 0 1788867177 479977
0 134615 40 0 1788867177 480704
0 134652 52 0 1788867177 482193
0 134659 35 0 1788867177 482491
0 134664 37 0 1788867177 482686
0 134675 39 0 1788867177 483109
0 134689 36 0 1788867177 483603
0 134713 35 0 1788867177 484486
0 134715 35 0 1788867177 484558
0 134736 35 0 1788867177 485338
0 134795 33 0 1788867177 487517
0 134820 34 0 1788867177 488605
0 134839 37 0 1788867177 489371
0 134845 52 0 1788867177 489646
0 134878 34 0 1788867177 491166
0 134882 35 0 1788867177 491311
0 134895 35 0 1788867177 491860
0 134896 34 0 1788867177 491897
0 134989 34 0 1788867177 495789
0 135010 41 0 1788867177 496733
0 135012 34 0 1788867177 496804
0 135042 34 0 1788867177 497820
0 135053 35 0 1788867177 498195
0 135068 35 0 1788867177 498718
0 135078 34 0 1788867177 499114
0 135105 33 0 1788867177 500090
0 135165 35 0 1788867177 502203
0 135171 34 0 1788867177 502408
0 135174 34 0 1788867177 502513
0 135198 34 0 1788867177 503409
0 135223 40 0 1788867177 504355
0 135257 40 0 1788867177 505599
0 135261 35 0 1788867177 505769
0 135264 35 0 1788867177 505875
0 135268 34 0 1788867177 506016
0 135269 35 0 1788867177 506052
0 135284 34 0 1788867177 506581
0 135303 34 0 1788867177 507272
0 135307 43 0 1788867177 507456
0 135344 58 0 1788867177 509218
0 135347 38 0 1788867177 509341
0 135385 34 0 1788867177 510752
0 135417 35 0 1788867177 511992
0 135459 34 0 1788867177 513447
0 135554 33 0 1788867177 517006
0 135569 37 0 1788867177 517531
0 135592 33 0 1788867177 518362
0 135600 58 0 1788867177 518664
0 135612 38 0 1788867177 519097
0 135647 40 0 1788867177 520608
0 135658 37 0 1788867177 521059
0 135659 38 0 1788867177 521100
0 135672 34 0 1788867177 521865
0 135676 33 0 1788867177 522004
0 135686 33 0 1788867177 522356
0 135693 36 0 1788867177 522595
0 135699 34 0 1788867177 522833
0 135720 49 0 1788867177 523845
0 135727 54 0 1788867177 524194
0 135731 43 0 1788867177 524371
0 135756 34 0 1788867177 525290
0 135766 43 0 1788867177 525653
0 135773 34 0 1788867177 525892
0 135791 34 0 1788867177 526610
0 135818 33 0 1788867177 527594
0 135827 34 0 1788867177 527917
0 135938 33 0 1788867177 532327
0 135940 33 0 1788867177 532399
0 135945 34 0 1788867177 532569
0 135966 34 0 1788867177 533301
0 135971 36 0 1788867177 533473
0 135974 34 0 1788867177 533575
0 135990 34 0 1788867177 534164
0 136013 46 0 1788867177 535121
0 136040 46 0 1788867177 536373
0 136058 45 0 1788867177 537204
0 136086 49 0 1788867177 538508
0 136099 45 0 1788867177 539125
0 136127 34 0 1788867177 540339
0 136143 67 0 1788867177 541099
0 136144 57 0 1788867177 541159
0 136150 39 0 1788867177 541414
0 136158 34 0 1788867177 541796
0 136160 34 0 1788867177 541867
0 136261 58 0 1788867177 545651
0 136277 34 0 1788867177 546201
0 136286 34 0 1788867177 546514
0 136306 35 0 1788867177 547219
0 136310 34 0 1788867177 547363
0 136338 34 0 1788867177 548335
0 136362 34 0 1788867177 549177
0 136394 35 0 1788867177 550428
0 136415 41 0 1788867177 551340
0 136419 36 0 1788867177 551499
0 136453 46 0 1788867177 553021
0 136458 45 0 1788867177 553254
0 136467 50 0 1788867177 553693
0 136508 34 0 1788867177 555883
0 136528 34 0 1788867177 556588
0 136558 51 0 1788867177 557952
0 136623 39 0 1788867177 560680
0 136662 33 0 1788867177 562062
0 136666 33 0 1788867177 562200
0 136673 33 0 1788867177 562438
0 136692 33 0 1788867177 563117
0 136693 34 0 1788867177 563153
0 136699 37 0 1788867177 563360
0 136700 38 0 1788867177 563399
0 136715 33 0 1788867177 563949
0 136725 35 0 1788867177 564330
0 136737 34 0 1788867177 564883
0 136744 34 0 1788867177 565123
0 136754 34 0 1788867177 565462
0 136772 34 0 1788867177 566105
0 136801 35 0 1788867177 567190
0 136808 34 0 1788867177 567435
0 136852 34 0 1788867177 569051
0 136857 35 0 1788867177 569231
0 136858 34 0 1788867177 569266
0 136871 37 0 1788867177 569751
0 136904 37 0 1788867177 570982
0 136954 34 0 1788867177 573237
0 136964 34 0 1788867177 573582
0 136968 34 0 1788867177 573730
0 136969 35 0 1788867177 573766
0 136992 35 0 1788867177 574560
0 137006 34 0 1788867177 575067
0 137060 43 0 1788867177 577277
0 137068 69 0 1788867177 577666
0 137101 48 0 1788867177 579122
0 137126 63 0 1788867177 580531
0 137141 36 0 1788867177 581169
0 137151 60 0 1788867177 581654
0 137155 43 0 1788867177 581892
0 137175 52 0 1788867177 582680
0 137191 45 0 1788867177 583423
0 137194 45 0 1788867177 583562
0 137218 34 0 1788867177 584601
0 137234 34 0 1788867177 585163
0 137240 43 0 1788867177 585450
0 137250 40 0 1788867177 585988
0 137262 47 0 1788867177 586567
0 137278 43 0 1788867177 587423
0 137316 39 0 1788867177 589285
0 137318 47 0 1788867177 589389
0 137339 59 0 1788867177 590628
0 137355 47 0 1788867177 591485
0 137382 46 0 1788867177 592732
0 137410 33 0 1788867177 593914
0 137416 34 0 1788867177 594120
0 137467 34 0 1788867177 595942
0 137472 34 0 1788867177 596116
0 137484 41 0 1788867177 596547
0 137520 34 0 1788867177 597897
0 137521 34 0 1788867177 597932
0 137526 34 0 1788867177 598105
0 137534 35 0 1788867177 598381
0 137573 34 0 1788867177 599800
0 137592 35 0 1788867177 600489
0 137632 34 0 1788867177 601953
0 137644 35 0 1788867177 602388
0 137713 35 0 1788867177 604936
0 137733 43 0 1788867177 605660
0 137803 36 0 1788867177 608169
0 137812 35 0 1788867177 608489
0 137839 34 0 1788867177 609485
0 137867 34 0 1788867177 610512
0 137869 35 0 1788867177 610586
0 137879 35 0 1788867177 610986
0 137894 35 0 1788867177 611596
0 137920 34 0 1788867177 612513
0 137968 34 0 1788867177 614205
0 138009 48 0 1788867177 615825
0 138019 35 0 1788867177 616203
0 138025 34 0 1788867177 616413
0 138032 39 0 1788867177 616688
0 138033 36 0 1788867177 616725
0 138047 35 0 1788867177 617219
0 138057 35 0 1788867177 617575
0 138080 35 0 1788867177 618542
0 138113 43 0 1788867177 619943
0 138119 46 0 1788867177 620232
0 138135 34 0 1788867177 620870
0 138151 38 0 1788867177 621668
0 138165 34 0 1788867177 622157
0 138217 37 0 1788867177 624501
0 138233 34 0 1788867177 625087
0 138241 58 0 1788867177 625404
0 138258 45 0 1788867177 626193
0 138285 47 0 1788867177 627455
0 138382 35 0 1788867177 631610
0 138409 33 0 1788867177 632547
0 138532 47 0 1788867177 637017
0 138534 35 0 1788867177 637091
0 138536 39 0 1788867177 637166
0 138562 38 0 1788867177 638126
0 138582 39 0 1788867177 638850
0 138585 35 0 1788867177 638960
0 138603 35 0 1788867177 639600
0 138605 73 0 1788867177 639729
0 138612 35 0 1788867177 639988
0 138646 35 0 1788867177 641208
0 138647 35 0 1788867177 641244
0 138649 35 0 1788867177 641317
0 138663 35 0 1788867177 641825
0 138683 48 0 1788867177 642641
0 138685 54 0 1788867177 642760
0 138687 45 0 1788867177 642871
0 138698 34 0 1788867177 643367
0 138729 38 0 1788867177 644594
0 138760 33 0 1788867177 645745
0 138796 33 0 1788867177 647005
0 138853 34 0 1788867177 648999
0 138881 35 0 1788867177 649992
0 138902 35 0 1788867177 650787
0 138907 36 0 1788867177 650971
0 138908 37 0 1788867177 651009
0 138914 36 0 1788867177 651298
0 138919 36 0 1788867177 651503
0 138983 34 0 1788867177 654315
0 139052 45 0 1788867177 656966
0 139065 38 0 1788867177 657499
0 139107 47 0 1788867177 659280
0 139132 39 0 1788867177 660424
0 139137 45 0 1788867177 660624
0 139150 33 0 1788867177 661065
0 139154 33 0 1788867177 661201
0 139155 34 0 1788867177 661236
0 139189 33 0 1788867177 662409
0 139194 33 0 1788867177 662577
0 139225 36 0 1788867177 663684
0 139232 35 0 1788867177 663941
0 139240 40 0 1788867177 664233
0 139250 33 0 1788867177 664592
0 139294 34 0 1788867177 666432
0 139329 36 0 1788867177 668151
0 139351 43 0 1788867177 668943
0 139364 33 0 1788867177 669391
0 139366 36 0 1788867177 669465
0 139398 37 0 1788867177 670596
0 139416 33 0 1788867177 671293
0 139447 36 0 1788867177 672402
0 139449 33 0 1788867177 672503
0 139462 33 0 1788867177 672963
0 139476 33 0 1788867177 673487
0 139479 34 0 1788867177 673594
0 139480 43 0 1788867177 673638
0 139528 33 0 1788867177 675325
0 139539 34 0 1788867177 675735
0 139601 36 0 1788867177 678513
0 139603 35 0 1788867177 678590
0 139616 42 0 1788867177 679091
0 139631 43 0 1788867177 679674
0 139640 41 0 1788867177 680023
0 139648 42 0 1788867177 680348
0 139654 41 0 1788867177 680580
0 139678 35 0 1788867177 681475
0 139683 45 0 1788867177 681670
0 139688 38 0 1788867177 681853
0 139716 34 0 1788867177 682919
0 139719 41 0 1788867177 683039
0 139726 34 0 1788867177 683290
0 139727 34 0 1788867177 683325
0 139776 34 0 1788867177 685326
0 139796 40 0 1788867177 686059
0 139806 45 0 1788867177 686498
0 139814 34 0 1788867177 686818
0 139870 55 0 1788867177 689173
0 139938 45 0 1788867177 691966
0 139942 42 0 1788867177 692160
0 139972 37 0 1788867177 693372
0 139986 33 0 1788867177 693867
0 139996 35 0 1788867177 694215
0 139997 34 0 1788867177 694250
0 140009 42 0 1788867177 694670
0 140017 37 0 1788867177 694985
0 140022 33 0 1788867177 695161
0 140058 36 0 1788867177 696455
0 140121 35 0 1788867177 698676
0 140122 35 0 1788867177 698713
0 140132 34 0 1788867177 699065
0 140170 35 0 1788867177 700588
0 140199 44 0 1788867177 701644
0 140258 46 0 1788867177 703858
0 140299 41 0 1788867177 705812
0 140318 35 0 1788867177 706476
0 140342 34 0 1788867177 707355
0 140355 35 0 1788867177 707855
0 140368 40 0 1788867177 708326
0 140382 37 0 1788867177 708837
0 140417 34 0 1788867177 710120
0 140447 66 0 1788867177 711265
0 140503 34 0 1788867177 713297
0 140514 35 0 1788867177 713692
0 140561 34 0 1788867177 715371
0 140562 35 0 1788867177 715407
0 140569 44 0 1788867177 715662
0 140610 35 0 1788867177 717103
0 140637 34 0 1788867177 718079
0 140654 35 0 1788867177 718715
0 140686 38 0 1788867177 720021
0 140687 36 0 1788867177 720059
0 140691 35 0 1788867177 720201
0 140722 45 0 1788867177 721629
0 140746 38 0 1788867177 722571
0 140753 41 0 1788867177 722896
0 140755 50 0 1788867177 722991
0 140761 49 0 1788867177 723261
0 140775 34 0 1788867177 723907
0 140793 33 0 1788867177 724528
0 140885 35 0 1788867177 727773
0 140953 34 0 1788867177 730288
0 140960 36 0 1788867177 730548
0 140963 36 0 1788867177 730659
0 141010 39 0 1788867177 732328
0 141023 38 0 1788867177 732811
0 141026 101 0 1788867177 732994
0 141039 34 0 1788867177 733480
0 141055 42 0 1788867177 734058
0 141073 35 0 1788867177 734682
0 141107 35 0 1788867177 735886
0 141108 34 0 1788867177 735921
0 141113 34 0 1788867177 736093
0 141117 33 0 1788867177 736229
0 141176 35 0 1788867177 738295
0 141184 62 0 1788867177 738760
0 141200 34 0 1788867177 739317
0 141204 34 0 1788867177 739456
0 141205 37 0 1788867177 739494
0 141217 34 0 1788867177 739933
0 141228 34 0 1788867177 740316
0 141229 35 0 1788867177 740352
0 141251 34 0 1788867177 741146
0 141264 53 0 1788867177 741640
0 141327 35 0 1788867177 744010
0 141362 33 0 1788867177 745258
0 141390 33 0 1788867177 746280
0 141397 33 0 1788867177 746516
0 141401 40 0 1788867177 746665
0 141416 34 0 1788867177 747179
0 141422 34 0 1788867177 747385
0 141428 34 0 1788867177 747587
0 141460 34 0 1788867177 748694
0 141468 34 0 1788867177 748971
0 141473 33 0 1788867177 749141
0 141484 38 0 1788867177 749519
0 141487 71 0 1788867177 749661
0 141501 40 0 1788867177 750178
0 141505 34 0 1788867177 750317
0 141531 42 0 1788867177 751231
0 141543 34 0 1788867177 751713
0 141572 51 0 1788867177 752890
0 141587 39 0 1788867177 753570
0 141621 34 0 1788867177 755003
0 141642 33 0 1788867177 755968
0 141650 34 0 1788867177 756242
0 141662 35 0 1788867177 756690
0 141665 34 0 1788867177 756795
0 141667 52 0 1788867177 756886
0 141682 48 0 1788867177 757591
0 141705 34 0 1788867177 758595
0 141706 44 0 1788867177 758643
0 141710 34 0 1788867177 758783
0 141725 40 0 1788867177 759382
0 141743 33 0 1788867177 760034
0 141762 37 0 1788867177 760683
0 141785 33 0 1788867177 761460
0 141788 33 0 1788867177 761562
0 141795 35 0 1788867177 761849
0 141835 37 0 1788867177 763308
0 141841 35 0 1788867177 763552
0 141844 47 0 1788867177 763694
0 141853 33 0 1788867177 764045
0 141854 33 0 1788867177 764080
0 141863 34 0 1788867177 764383
0 141910 34 0 1788867177 766018
0 141931 34 0 1788867177 766764
0 141949 34 0 1788867177 767382
0 141976 48 0 1788867177 768608
0 142024 36 0 1788867177 770550
0 142049 34 0 1788867177 771494
0 142078 35 0 1788867177 772571
0 142083 40 0 1788867177 772769
0 142115 35 0 1788867177 773903
0 142145 37 0 1788867177 774988
0 142174 34 0 1788867177 776001
0 142191 45 0 1788867177 776649
0 142198 34 0 1788867177 776895
0 142214 35 0 1788867177 777476
0 142227 34 0 1788867177 777946
0 142246 33 0 1788867177 778608
0 142298 33 0 1788867177 780407
0 142311 33 0 1788867177 780845
0 142317 32 0 1788867177 781045
0 142343 54 0 1788867177 782116
0 142359 40 0 1788867177 782971
0 142380 34 0 1788867177 783920
0 142450 33 0 1788867177 786484
0 142456 34 0 1788867177 786697
0 142464 33 0 1788867177 786970
0 142476 40 0 1788867177 787558
0 142495 37 0 1788867177 788293
0 142542 83 0 1788867177 790712
0 142574 59 0 1788867177 792743
0 142581 53 0 1788867177 793168
0 142585 56 0 1788867177 793398
0 142594 44 0 1788867177 793909
0 142632 45 0 1788867177 795786
0 142638 36 0 1788867177 796025
0 142640 35 0 1788867177 796098
0 142687 34 0 1788867177 797909
0 142698 34 0 1788867177 798406
0 142707 49 0 1788867177 798767
0 142726 59 0 1788867177 799653
0 142730 45 0 1788867177 799838
0 142743 34 0 1788867177 800381
0 142755 34 0 1788867177 800819
0 142772 33 0 1788867177 801450
0 142782 34 0 1788867177 801803
0 142796 42 0 1788867177 802294
0 142798 46 0 1788867177 802393
0 142812 45 0 1788867177 803048
0 142816 46 0 1788867177 803235
0 142818 46 0 1788867177 803331
0 142833 46 0 1788867177 804024
0 142874 45 0 1788867177 805949
0 142880 45 0 1788867177 806222
0 142894 34 0 1788867177 806792
0 142978 40 0 1788867177 809789
0 142998 35 0 1788867177 810526
0 143005 34 0 1788867177 810800
0 143032 34 0 1788867177 811890
0 143056 34 0 1788867177 812760
0 143059 33 0 1788867177 812864
0 143076 34 0 1788867177 813441
0 143112 35 0 1788867177 814720
0 143115 35 0 1788867177 814825
0 143121 35 0 1788867177 815035
0 143126 35 0 1788867177 815209
0 143150 35 0 1788867177 816069
0 143220 48 0 1788867177 818634
0 143249 47 0 1788867177 819792
0 143259 55 0 1788867177 820296
0 143284 34 0 1788867177 821592
0 143296 35 0 1788867177 822064
0 143318 48 0 1788867177 822901
0 143373 34 0 1788867177 825298
0 143378 33 0 1788867177 825471
0 143393 33 0 1788867177 826001
0 143448 34 0 1788867177 827959
0 143504 34 0 1788867177 830098
0 143536 37 0 1788867177 831213
0 143544 38 0 1788867177 831552
0 143565 49 0 1788867177 832349
0 143581 35 0 1788867177 832931
0 143582 35 0 1788867177 832967
0 143587 34 0 1788867177 833142
0 143608 34 0 1788867177 833904
0 143647 34 0 1788867177 835329
0 143649 34 0 1788867177 835400
0 143659 35 0 1788867177 835775
0 143698 33 0 1788867177 837154
0 143703 34 0 1788867177 837324
0 143709 34 0 1788867177 837527
0 143729 33 0 1788867177 838220
0 143756 34 0 1788867177 839190
0 143777 34 0 1788867177 839933
0 143853 44 0 1788867177 842855
0 143864 35 0 1788867177 843372
0 143869 33 0 1788867177 843539
0 143896 33 0 1788867177 844464
0 143898 32 0 1788867177 844530
0 143900 33 0 1788867177 844601
0 143941 32 0 1788867177 845981
0 143942 33 0 1788867177 846016
0 143979 36 0 1788867177 847303
0 143995 32 0 1788867177 847851
0 144001 33 0 1788867177 848049
0 144012 32 0 1788867177 848408
0 144028 32 0 1788867177 848951
0 144053 32 0 1788867177 849807
0 144059 36 0 1788867177 850008
0 144064 35 0 1788867177 850176
0 144065 33 0 1788867177 850210
0 144066 32 0 1788867177 850243
0 144073 33 0 1788867177 850474
0 144075 32 0 1788867177 850540
0 144090 33 0 1788867177 851044
0 144091 33 0 1788867177 851078
0 144122 33 0 1788867177 852189
0 144129 43 0 1788867177 852473
0 144135 39 0 1788867177 852804
0 144156 38 0 1788867177 853623
0 144164 33 0 1788867177 853915
0 144191 32 0 1788867177 855189
0 144214 38 0 1788867177 856023
0 144239 41 0 1788867177 857015
0 144262 42 0 1788867177 858339
0 144271 50 0 1788867177 858824
0 144292 47 0 1788867177 859970
0 144308 36 0 1788867177 860817
0 144319 46 0 1788867177 861319
0 144325 40 0 1788867177 861598
0 144335 48 0 1788867177 862080
0 144347 55 0 1788867177 862700
0 144351 74 0 1788867177 862922
0 144430 82 0 1788867177 867527
0 144441 83 0 1788867177 868556
0 144454 54 0 1788867177 869427
0 144467 49 0 1788867177 870515
0 144468 50 0 1788867177 870569
0 144528 118 0 1788867177 874658
0 144531 61 0 1788867177 874853
0 144535 46 0 1788867177 875051
0 144539 51 0 1788867177 875243
0 144570 53 0 1788867177 876708
0 144584 49 0 1788867177 877458
0 144631 34 0 1788867177 879251
0 144660 33 0 1788867177 880267
0 144709 35 0 1788867177 881983
0 144715 35 0 1788867177 882192
0 144720 35 0 1788867177 882376
0 144750 37 0 1788867177 883476
0 144752 38 0 1788867177 883562
0 144788 41 0 1788867177 884921
0 144808 37 0 1788867177 885757
0 144857 66 0 1788867177 887884
0 144890 40 0 1788867177 889395
0 144892 35 0 1788867177 889475
0 144895 40 0 1788867177 889586
0 144915 34 0 1788867177 890337
0 144942 33 0 1788867177 891306
0 144948 33 0 1788867177 891510
0 145015 34 0 1788867177 893866
0 145020 42 0 1788867177 894044
0 145079 34 0 1788867177 896310
0 145083 34 0 1788867177 896451
0 145107 33 0 1788867177 897307
0 145121 38 0 1788867177 897800
0 145126 34 0 1788867177 897975
0 145143 35 0 1788867177 898564
0 145148 34 0 1788867177 898750
0 145157 35 0 1788867177 899063
0 145172 45 0 1788867177 899637
0 145184 34 0 1788867177 900068
0 145191 34 0 1788867177 900316
0 145212 36 0 1788867177 901130
0 145219 40 0 1788867177 901379
0 145220 46 0 1788867177 901426
0 145227 39 0 1788867177 901694
0 145238 34 0 1788867177 902086
0 145267 34 0 1788867177 903167
0 145287 34 0 1788867177 903909
0 145366 43 0 1788867177 906771
0 145379 35 0 1788867177 907227
0 145397 34 0 1788867177 907871
0 145435 34 0 1788867177 909307
0 145443 35 0 1788867177 909591
0 145450 35 0 1788867177 909892
0 145493 35 0 1788867177 911404
0 145501 34 0 1788867177 911721
0 145570 35 0 1788867177 914360
0 145594 37 0 1788867177 915231
0 145633 36 0 1788867177 916753
0 145634 35 0 1788867177 916789
0 145636 36 0 1788867177 916865
0 145654 36 0 1788867177 917520
0 145659 35 0 1788867177 917716
0 145676 35 0 1788867177 918410
0 145697 34 0 1788867177 919174
0 145698 34 0 1788867177 919209
0 145711 39 0 1788867177 919673
0 145783 34 0 1788867177 922366
0 145826 51 0 1788867177 924272
0 145834 56 0 1788867177 924635
0 145836 39 0 1788867177 924723
0 145852 40 0 1788867177 925341
0 145866 35 0 1788867177 925904
0 145913 34 0 1788867177 927512
0 145922 39 0 1788867177 927859
0 145929 34 0 1788867177 928099
0 145953 33 0 1788867177 929027
0 145964 34 0 1788867177 929423
0 146018 48 0 1788867177 931620
0 146028 34 0 1788867177 932060
0 146047 33 0 1788867177 932787
0 146077 34 0 1788867177 933966
0 146080 47 0 1788867177 934101
0 146092 33 0 1788867177 934513
0 146099 34 0 1788867177 934763
0 146122 34 0 1788867177 935601
0 146146 33 0 1788867177 936457
0 146166 61 0 1788867177 937194
0 146169 35 0 1788867177 937315
0 146196 37 0 1788867177 938255
0 146223 35 0 1788867177 939263
0 146224 34 0 1788867177 939299
0 146248 34 0 1788867177 940141
0 146257 34 0 1788867177 940452
0 146269 35 0 1788867177 940895
0 146289 40 0 1788867177 941608
0 146297 32 0 1788867177 941964
0 146320 32 0 1788867177 942738
0 146357 33 0 1788867177 944035
0 146361 32 0 1788867177 944168
0 146415 33 0 1788867177 946000
0 146441 33 0 1788867177 946870
0 146452 33 0 1788867177 947235
0 146454 33 0 1788867177 947303
0 146463 34 0 1788867177 947606
0 146475 33 0 1788867177 948014
0 146499 33 0 1788867177 948846
0 146501 34 0 1788867177 948915
0 146552 43 0 1788867177 950836
0 146554 33 0 1788867177 950906
0 146562 40 0 1788867177 951203
0 146575 38 0 1788867177 951772
0 146576 34 0 1788867177 951808
0 146593 35 0 1788867177 952418
0 146627 32 0 1788867177 953817
0 146640 41 0 1788867177 954340
0 146683 44 0 1788867177 956531
0 146723 48 0 1788867177 958311
0 146737 43 0 1788867177 958948
0 146768 46 0 1788867177 960343
0 146782 33 0 1788867177 960920
0 146819 63 0 1788867177 962329
0 146840 33 0 1788867177 963105
0 146848 37 0 1788867177 963380
0 146853 34 0 1788867177 963556
0 146866 62 0 1788867177 964129
0 146933 44 0 1788867177 967329
0 146936 44 0 1788867177 967465
0 146951 43 0 1788867177 968168
0 146978 43 0 1788867177 969373
0 146995 33 0 1788867177 970185
0 147023 32 0 1788867177 971113
0 147030 45 0 1788867177 971432
0 147058 33 0 1788867177 972720
0 147092 33 0 1788867177 973858
0 147107 33 0 1788867177 974357
0 147117 36 0 1788867177 974698
0 147170 34 0 1788867177 976481
0 147188 33 0 1788867177 977191
0 147194 33 0 1788867177 977392
0 147236 34 0 1788867177 979097
0 147253 47 0 1788867177 979755
0 147268 34 0 1788867177 980325
0 147303 34 0 1788867177 981550
0 147311 34 0 1788867177 981851
0 147340 33 0 1788867177 982931
0 147347 35 0 1788867177 983193
0 147367 34 0 1788867177 983899
0 147379 38 0 1788867177 984318
0 147403 40 0 1788867177 985428
0 147413 34 0 1788867177 985857
0 147472 41 0 1788867177 988188
0 147481 43 0 1788867177 988597
0 147514 32 0 1788867177 989970
0 147549 33 0 1788867177 991365
0 147589 33 0 1788867177 992771
0 147640 58 0 1788867177 994654
0 147651 56 0 1788867177 995930
0 147669 34 0 1788867177 996710
0 147690 32 0 1788867177 997412
0 147692 33 0 1788867177 997480
0 147791 44 0 1788867178 2276
0 147829 43 0 1788867178 4005
0 147880 62 0 1788867178 6491
0 147886 43 0 1788867178 6791
0 147906 50 0 1788867178 7748
0 147930 40 0 1788867178 8923
0 147934 46 0 1788867178 9096
0 147945 44 0 1788867178 9603
0 147947 51 0 1788867178 9707
0 147949 47 0 1788867178 9801
0 147955 33 0 1788867178 10034
0 147978 32 0 1788867178 10820
0 148036 47 0 1788867178 12952
0 148057 45 0 1788867178 13981
0 148072 47 0 1788867178 14667
0 148085 46 0 1788867178 15280
0 148109 42 0 1788867178 16382
0 148110 42 0 1788867178 16426
0 148120 47 0 1788867178 16900
0 148251 37 0 1788867178 22140
0 148281 34 0 1788867178 23223
0 148302 33 0 1788867178 24002
0 148326 34 0 1788867178 24846
0 148387 54 0 1788867178 27619
0 148407 34 0 1788867178 28419
0 148413 34 0 1788867178 28710
0 148440 43 0 1788867178 29669
0 148475 43 0 1788867178 31249
0 148491 42 0 1788867178 31951
0 148511 35 0 1788867178 32764
0 148526 33 0 1788867178 33265
0 148579 139 0 1788867178 35735
0 148634 32 0 1788867178 38412
0 148651 32 0 1788867178 38981
0 148698 47 0 1788867178 40818
0 148701 56 0 1788867178 41003
0 148731 34 0 1788867178 42512
0 148732 35 0 1788867178 42552
0 148740 49 0 1788867178 42971
0 148772 36 0 1788867178 44508
0 148804 34 0 1788867178 45740
0 148818 37 0 1788867178 46285
0 148840 39 0 1788867178 47152
0 148855 37 0 1788867178 47760
0 148856 37 0 1788867178 47799
0 148868 33 0 1788867178 48232
0 148892 36 0 1788867178 49075
0 148909 43 0 1788867178 49697
0 148910 41 0 1788867178 49740
0 148918 34 0 1788867178 50013
0 148936 46 0 1788867178 50634
0 148968 34 0 1788867178 51972
0 148984 42 0 1788867178 52627
0 149027 60 0 1788867178 55211
0 149033 57 0 1788867178 55593
0 149052 45 0 1788867178 56561
0 149055 46 0 1788867178 56712
0 149118 37 0 1788867178 59089
0 149125 35 0 1788867178 59340
0 149142 35 0 1788867178 60013
0 149182 50 0 1788867178 61449
0 149197 33 0 1788867178 61979
0 149198 33 0 1788867178 62015
0 149236 44 0 1788867178 63365
0 149239 33 0 1788867178 63469
0 149246 37 0 1788867178 63726
0 149252 34 0 1788867178 63934
0 149276 34 0 1788867178 64779
0 149280 34 0 1788867178 64916
0 149284 34 0 1788867178 65052
0 149336 34 0 1788867178 66939
0 149366 33 0 1788867178 68010
0 149384 39 0 1788867178 68626
0 149419 33 0 1788867178 69835
0 149424 33 0 1788867178 70012
0 149442 37 0 1788867178 70738
0 149445 34 0 1788867178 70843
0 149478 40 0 1788867178 72061
0 149507 34 0 1788867178 73058
0 149510 34 0 1788867178 73169
0 149531 34 0 1788867178 73886
0 149545 34 0 1788867178 74376
0 149560 33 0 1788867178 74888
0 149571 34 0 1788867178 75269
0 149628 34 0 1788867178 77296
0 149639 35 0 1788867178 77698
0 149659 37 0 1788867178 78415
0 149661 38 0 1788867178 78489
0 149669 35 0 1788867178 78777
0 149695 44 0 1788867178 79711
0 149700 35 0 1788867178 79888
0 149792 36 0 1788867178 83525
0 149801 38 0 1788867178 83906
0 149813 46 0 1788867178 84439
0 149836 46 0 1788867178 85737
0 149871 39 0 1788867178 87169
0 149886 38 0 1788867178 87921
0 149909 37 0 1788867178 88800
0 149912 37 0 1788867178 88917
0 149923 34 0 1788867178 89338
0 149925 34 0 1788867178 89409
0 149958 33 0 1788867178 90544
0 149966 42 0 1788867178 90840
0 150006 38 0 1788867178 92258
0 150019 50 0 1788867178 92794
0 150021 43 0 1788867178 92886
0 150040 34 0 1788867178 93560
0 150047 34 0 1788867178 93832
0 150067 34 0 1788867178 94518
0 150078 34 0 1788867178 94913
0 150081 42 0 1788867178 95025
0 150116 45 0 1788867178 96463
0 150120 59 0 1788867178 96661
0 150136 60 0 1788867178 97606
0 150138 54 0 1788867178 97739
0 150148 38 0 1788867178 98204
0 150151 33 0 1788867178 98307
0 150161 37 0 1788867178 98668
0 150183 33 0 1788867178 99403
0 150208 34 0 1788867178 100360
0 150226 33 0 1788867178 101109
0 150228 44 0 1788867178 101198
0 150230 34 0 1788867178 101269
0 150232 33 0 1788867178 101338
0 150242 42 0 1788867178 101748
0 150281 48 0 1788867178 103309
0 150298 34 0 1788867178 103983
0 150370 34 0 1788867178 106897
0 150371 35 0 1788867178 106935
0 150390 34 0 1788867178 107596
0 150415 34 0 1788867178 108478
0 150435 35 0 1788867178 109189
0 150441 35 0 1788867178 109399
0 150470 35 0 1788867178 110478
0 150505 38 0 1788867178 111842
0 150506 40 0 1788867178 111885
0 150528 35 0 1788867178 112713
0 150636 34 0 1788867178 116588
0 150643 34 0 1788867178 116838
0 150670 44 0 1788867178 117928
0 150687 34 0 1788867178 118542
0 150704 61 0 1788867178 119302
0 150717 35 0 1788867178 119905
0 150742 39 0 1788867178 121049
0 150768 47 0 1788867178 122437
0 150773 65 0 1788867178 122719
0 150777 48 0 1788867178 123022
0 150795 35 0 1788867178 123762
0 150796 34 0 1788867178 123797
0 150845 34 0 1788867178 125480
0 150886 33 0 1788867178 126943
0 150893 34 0 1788867178 127187
0 150916 34 0 1788867178 128005
0 150923 34 0 1788867178 128248
0 150926 37 0 1788867178 128356
0 151016 37 0 1788867178 131800
0 151065 44 0 1788867178 133654
0 151078 34 0 1788867178 134124
0 151094 35 0 1788867178 134729
0 151123 34 0 1788867178 135770
0 151132 34 0 1788867178 136088
0 151199 39 0 1788867178 138601
0 151248 35 0 1788867178 140415
0 151249 36 0 1788867178 140453
0 151253 35 0 1788867178 140593
0 151265 35 0 1788867178 141048
0 151275 35 0 1788867178 141402
0 151295 35 0 1788867178 142124
0 151298 34 0 1788867178 142232
0 151322 40 0 1788867178 143115
0 151342 44 0 1788867178 143871
0 151347 66 0 1788867178 144087
0 151417 38 0 1788867178 146678
0 151459 34 0 1788867178 148187
0 151496 34 0 1788867178 149512
0 151501 35 0 1788867178 149713
0 151509 43 0 1788867178 150059
0 151512 37 0 1788867178 150172
0 151540 41 0 1788867178 151295
0 151546 36 0 1788867178 151520
0 151551 34 0 1788867178 151717
0 151580 34 0 1788867178 153039
0 151612 42 0 1788867178 154284
0 151647 37 0 1788867178 155819
0 151730 36 0 1788867178 158855
0 151733 45 0 1788867178 158977
0 151770 34 0 1788867178 160404
0 151777 59 0 1788867178 160669
0 151818 41 0 1788867178 162149
0 151842 33 0 1788867178 163016
0 151858 34 0 1788867178 163570
0 151873 33 0 1788867178 164089
0 151878 33 0 1788867178 164269
0 151912 34 0 1788867178 165458
0 151965 33 0 1788867178 167466
0 151970 43 0 1788867178 167661
0 151988 48 0 1788867178 168317
0 152070 35 0 1788867178 171320
0 152071 35 0 1788867178 171357
0 152072 37 0 1788867178 171395
0 152086 38 0 1788867178 171924
0 152096 37 0 1788867178 172280
0 152097 36 0 1788867178 172317
0 152121 35 0 1788867178 173192
0 152155 52 0 1788867178 174458
0 152158 97 0 1788867178 174653
0 152169 36 0 1788867178 175111
0 152189 38 0 1788867178 175891
0 152197 35 0 1788867178 176173
0 152201 36 0 1788867178 176315
0 152223 40 0 1788867178 177258
0 152231 65 0 1788867178 177642
0 152238 35 0 1788867178 177946
0 152240 33 0 1788867178 178016
0 152277 34 0 1788867178 179367
0 152301 35 0 1788867178 180224
0 152355 34 0 1788867178 182428
0 152375 46 0 1788867178 183545
0 152382 46 0 1788867178 183894
0 152403 45 0 1788867178 185096
0 152404 53 0 1788867178 185184
0 152489 101 0 1788867178 189102
0 152490 56 0 1788867178 189166
0 152498 58 0 1788867178 189718
0 152506 46 0 1788867178 190164
0 152533 49 0 1788867178 191597
0 152550 36 0 1788867178 192256
0 152572 34 0 1788867178 193087
0 152578 33 0 1788867178 193337
0 152624 34 0 1788867178 194948
0 152660 34 0 1788867178 196208
0 152689 34 0 1788867178 197228
0 152696 34 0 1788867178 197468
0 152760 37 0 1788867178 199783
0 152774 35 0 1788867178 200277
0 152780 36 0 1788867178 200494
0 152786 35 0 1788867178 200728
0 152793 40 0 1788867178 200982
0 152809 35 0 1788867178 201544
0 152821 34 0 1788867178 201985
0 152826 35 0 1788867178 202160
0 152841 35 0 1788867178 202695
0 152878 55 0 1788867178 204059
0 152900 35 0 1788867178 204868
0 152923 35 0 1788867178 205697
0 152938 34 0 1788867178 206235
0 152941 35 0 1788867178 206341
0 152944 39 0 1788867178 206455
0 152945 41 0 1788867178 206497
0 152948 36 0 1788867178 206606
0 152951 35 0 1788867178 206719
0 152958 34 0 1788867178 206978
0 153058 36 0 1788867178 210762
0 153072 35 0 1788867178 211274
0 153077 48 0 1788867178 211473
0 153118 34 0 1788867178 212950
0 153143 34 0 1788867178 213828
0 153154 34 0 1788867178 214224
0 153239 34 0 1788867178 217909
0 153256 33 0 1788867178 218583
0 153260 35 0 1788867178 218743
0 153273 63 0 1788867178 219308
0 153310 34 0 1788867178 220834
0 153332 36 0 1788867178 221776
0 153337 33 0 1788867178 221971
0 153362 34 0 1788867178 222840
0 153377 33 0 1788867178 223370
0 153392 34 0 1788867178 223921
0 153413 37 0 1788867178 224667
0 153418 34 0 1788867178 224844
0 153444 33 0 1788867178 225804
0 153453 33 0 1788867178 226112
0 153481 34 0 1788867178 227142
0 153484 34 0 1788867178 227245
0 153488 44 0 1788867178 227391
0 153522 50 0 1788867178 228650
0 153526 34 0 1788867178 228796
0 153534 33 0 1788867178 229063
0 153543 33 0 1788867178 229373
0 153555 40 0 1788867178 229825
0 153571 33 0 1788867178 230365
0 153603 34 0 1788867178 231484
0 153604 34 0 1788867178 231519
0 153617 33 0 1788867178 232044
0 153625 38 0 1788867178 232350
0 153641 35 0 1788867178 232948
0 153644 34 0 1788867178 233062
0 153660 46 0 1788867178 233664
0 153666 34 0 1788867178 233878
0 153668 35 0 1788867178 233954
0 153670 34 0 1788867178 234023
0 153679 34 0 1788867178 234331
0 153712 34 0 1788867178 235484
0 153746 36 0 1788867178 236709
0 153778 34 0 1788867178 237929
0 153785 35 0 1788867178 238180
0 153788 37 0 1788867178 238287
0 153794 35 0 1788867178 238496
0 153798 53 0 1788867178 238657
0 153815 35 0 1788867178 239290
0 153822 34 0 1788867178 239545
0 153824 36 0 1788867178 239617
0 153848 34 0 1788867178 240505
0 153876 32 0 1788867178 241514
0 153884 36 0 1788867178 241802
0 153889 33 0 1788867178 241970
0 153908 33 0 1788867178 242609
0 153918 32 0 1788867178 242960
0 153920 32 0 1788867178 243026
0 153969 39 0 1788867178 244679
0 153970 34 0 1788867178 244714
0 153981 32 0 1788867178 245072
0 153983 33 0 1788867178 245139
0 154003 33 0 1788867178 245849
0 154012 32 0 1788867178 246144
0 154015 32 0 1788867178 246243
0 154023 38 0 1788867178 246511
0 154031 32 0 1788867178 246793
0 154048 32 0 1788867178 247353
0 154056 45 0 1788867178 247643
0 154080 34 0 1788867178 248451
0 154087 35 0 1788867178 248719
0 154123 42 0 1788867178 250322
0 154146 84 0 1788867178 251747
0 154178 37 0 1788867178 253209
0 154204 46 0 1788867178 254837
0 154215 32 0 1788867178 255251
0 154222 35 0 1788867178 255499
0 154224 33 0 1788867178 255566
0 154228 33 0 1788867178 255711
0 154230 32 0 1788867178 255778
0 154231 33 0 1788867178 255812
0 154248 32 0 1788867178 256368
0 154266 32 0 1788867178 256963
0 154297 33 0 1788867178 257995
0 154314 32 0 1788867178 258570
0 154355 34 0 1788867178 260142
0 154383 32 0 1788867178 261126
0 154412 36 0 1788867178 262216
0 154425 38 0 1788867178 262664
0 154441 33 0 1788867178 263195
0 154459 32 0 1788867178 263814
0 154472 36 0 1788867178 264249
0 154500 33 0 1788867178 265192
0 154516 34 0 1788867178 265739
0 154524 35 0 1788867178 266106
0 154550 33 0 1788867178 266998
0 154573 36 0 1788867178 267812
0 154574 36 0 1788867178 267878
0 154577 33 0 1788867178 267980
0 154585 32 0 1788867178 268243
0 154605 36 0 1788867178 268999
0 154638 33 0 1788867178 270182
0 154662 36 0 1788867178 271008
0 154670 36 0 1788867178 271284
0 154734 62 0 1788867178 273667
0 154737 38 0 1788867178 273781
0 154762 43 0 1788867178 274860
0 154764 46 0 1788867178 274949
0 154813 32 0 1788867178 277035
0 154820 33 0 1788867178 277269
0 154881 33 0 1788867178 279414
0 154901 33 0 1788867178 280106
0 154917 54 0 1788867178 280665
0 154920 34 0 1788867178 280768
0 154928 34 0 1788867178 281037
0 154929 33 0 1788867178 281071
0 154959 33 0 1788867178 282131
0 155000 34 0 1788867178 283690
0 155003 34 0 1788867178 283795
0 155010 44 0 1788867178 284217
0 155034 33 0 1788867178 285128
0 155039 37 0 1788867178 285311
0 155050 45 0 1788867178 285755
0 155059 37 0 1788867178 286127
0 155063 35 0 1788867178 286319
0 155069 39 0 1788867178 286547
0 155099 34 0 1788867178 287690
0 155111 32 0 1788867178 288092
0 155119 34 0 1788867178 288368
0 155148 33 0 1788867178 289422
0 155182 43 0 1788867178 290573
0 155202 33 0 1788867178 291279
0 155236 41 0 1788867178 292492
0 155254 33 0 1788867178 293122
0 155266 45 0 1788867178 293550
0 155269 42 0 1788867178 293686
0 155276 32 0 1788867178 293918
0 155286 39 0 1788867178 294251
0 155288 32 0 1788867178 294318
0 155293 32 0 1788867178 294483
0 155314 33 0 1788867178 295240
0 155380 34 0 1788867178 297487
0 155397 33 0 1788867178 298086
0 155411 50 0 1788867178 298644
0 155440 58 0 1788867178 299681
0 155451 34 0 1788867178 300100
0 155487 36 0 1788867178 301661
0 155497 33 0 1788867178 301989
0 155510 32 0 1788867178 302415
0 155512 34 0 1788867178 302483
0 155536 32 0 1788867178 303301
0 155544 32 0 1788867178 303564
0 155548 35 0 1788867178 303712
0 155573 33 0 1788867178 304548
0 155575 38 0 1788867178 304621
0 155583 39 0 1788867178 304922
0 155626 33 0 1788867178 306463
0 155641 33 0 1788867178 307006
0 155652 33 0 1788867178 307374
0 155684 34 0 1788867178 308515
0 155709 38 0 1788867178 309423
0 155720 46 0 1788867178 310002
0 155745 84 0 1788867178 311201
0 155747 34 0 1788867178 311287
0 155754 32 0 1788867178 311518
0 155756 32 0 1788867178 311584
0 155789 33 0 1788867178 312747
0 155839 38 0 1788867178 314632
0 155848 45 0 1788867178 315024
0 155870 33 0 1788867178 315808
0 155881 34 0 1788867178 316179
0 155904 33 0 1788867178 317285
0 155928 45 0 1788867178 318167
0 155932 33 0 1788867178 318338
0 155933 35 0 1788867178 318374
0 155955 34 0 1788867178 319233
0 155966 49 0 1788867178 319645
0 155976 38 0 1788867178 320011
0 155977 33 0 1788867178 320045
0 155993 45 0 1788867178 320627
0 156004 33 0 1788867178 321023
0 156009 32 0 1788867178 321187
0 156024 39 0 1788867178 321715
0 156035 33 0 1788867178 322076
0 156038 33 0 1788867178 322175
0 156068 33 0 1788867178 323265
0 156070 33 0 1788867178 323336
0 156080 37 0 1788867178 323681
0 156096 34 0 1788867178 324214
0 156097 33 0 1788867178 324248
0 156128 39 0 1788867178 325467
0 156142 41 0 1788867178 325946
0 156152 32 0 1788867178 326277
0 156165 33 0 1788867178 326889
0 156216 34 0 1788867178 328684
0 156261 34 0 1788867178 330194
0 156349 33 0 1788867178 333262
0 156364 43 0 1788867178 333798
0 156376 33 0 1788867178 334206
0 156396 33 0 1788867178 334893
0 156398 33 0 1788867178 334965
0 156410 34 0 1788867178 335372
0 156441 34 0 1788867178 336491
0 156450 34 0 1788867178 336832
0 156490 35 0 1788867178 338293
0 156498 33 0 1788867178 338573
0 156539 33 0 1788867178 340080
0 156545 35 0 1788867178 340285
0 156586 35 0 1788867178 341831
0 156587 39 0 1788867178 341872
0 156605 33 0 1788867178 342512
0 156608 38 0 1788867178 342620
0 156656 50 0 1788867178 344340
0 156660 34 0 1788867178 344491
0 156684 34 0 1788867178 345329
0 156691 34 0 1788867178 345576
0 156697 34 0 1788867178 345813
0 156723 34 0 1788867178 346714
0 156737 36 0 1788867178 347255
0 156745 33 0 1788867178 347530
0 156748 43 0 1788867178 347640
0 156803 34 0 1788867178 349915
0 156850 35 0 1788867178 351884
0 156852 39 0 1788867178 352005
0 156853 37 0 1788867178 352043
0 156927 33 0 1788867178 355289
0 156928 37 0 1788867178 355332
0 156974 33 0 1788867178 356899
0 156995 32 0 1788867178 357583
0 157018 33 0 1788867178 358344
0 157031 43 0 1788867178 358867
0 157077 33 0 1788867178 361080
0 157081 33 0 1788867178 361217
0 157083 32 0 1788867178 361283
0 157094 43 0 1788867178 361744
0 157109 40 0 1788867178 362400
0 157126 36 0 1788867178 363173
0 157133 36 0 1788867178 363420
0 157159 33 0 1788867178 364330
0 157186 35 0 1788867178 365242
0 157194 33 0 1788867178 365504
0 157210 33 0 1788867178 366052
0 157248 32 0 1788867178 367301
0 157249 32 0 1788867178 367335
0 157250 33 0 1788867178 367369
0 157267 32 0 1788867178 367940
0 157278 44 0 1788867178 368457
0 157287 33 0 1788867178 368835
0 157298 32 0 1788867178 369193
0 157301 32 0 1788867178 369292
0 157302 32 0 1788867178 369325
0 157329 32 0 1788867178 370287
0 157354 33 0 1788867178 371137
0 157373 33 0 1788867178 371801
0 157385 33 0 1788867178 372201
0 157402 33 0 1788867178 372781
0 157470 33 0 1788867178 375096
0 157472 34 0 1788867178 375165
0 157489 34 0 1788867178 375751
0 157497 33 0 1788867178 376026
0 157505 36 0 1788867178 376308
0 157582 34 0 1788867178 379101
0 157587 39 0 1788867178 379284
0 157595 38 0 1788867178 379576
0 157628 69 0 1788867178 380874
0 157640 33 0 1788867178 381338
0 157667 47 0 1788867178 382514
0 157767 32 0 1788867178 386601
0 157788 33 0 1788867178 387328
0 157830 32 0 1788867178 389075
0 157844 33 0 1788867178 389584
0 157849 32 0 1788867178 389763
0 157855 32 0 1788867178 389959
0 157895 32 0 1788867178 391531
0 157927 44 0 1788867178 392662
0 157941 95 0 1788867178 393215
0 157946 33 0 1788867178 393393
0 157958 39 0 1788867178 393846
0 157969 33 0 1788867178 394212
0 157976 33 0 1788867178 394442
0 158002 33 0 1788867178 395419
0 158005 32 0 1788867178 395520
0 158013 32 0 1788867178 395794
0 158022 33 0 1788867178 396115
0 158031 33 0 1788867178 396417
0 158042 33 0 1788867178 396802
0 158051 33 0 1788867178 397109
0 158075 34 0 1788867178 397918
0 158093 33 0 1788867178 398530
0 158095 33 0 1788867178 398598
0 158121 34 0 1788867178 399493
0 158125 52 0 1788867178 399646
0 158135 33 0 1788867178 399986
0 158149 33 0 1788867178 400474
0 158249 35 0 1788867178 404431
0 158292 34 0 1788867178 406037
0 158309 37 0 1788867178 406630
0 158316 33 0 1788867178 406871
0 158326 34 0 1788867178 407207
0 158327 33 0 1788867178 407242
0 158357 33 0 1788867178 408274
0 158385 40 0 1788867178 409297
0 158401 36 0 1788867178 409888
0 158431 34 0 1788867178 410937
0 158442 33 0 1788867178 411308
0 158456 33 0 1788867178 411804
0 158475 34 0 1788867178 412459
0 158487 33 0 1788867178 412865
0 158511 35 0 1788867178 413723
0 158512 34 0 1788867178 413760
0 158524 34 0 1788867178 414179
0 158528 36 0 1788867178 414321
0 158536 34 0 1788867178 414687
0 158540 33 0 1788867178 414825
0 158547 33 0 1788867178 415064
0 158565 32 0 1788867178 415945
0 158571 33 0 1788867178 416152
0 158586 46 0 1788867178 416664
0 158621 37 0 1788867178 418138
0 158623 37 0 1788867178 418216
0 158641 33 0 1788867178 418901
0 158650 33 0 1788867178 419196
0 158676 33 0 1788867178 420088
0 158677 34 0 1788867178 420123
0 158687 34 0 1788867178 420507
0 158711 33 0 1788867178 421322
0 158727 33 0 1788867178 421866
0 158734 33 0 1788867178 422096
0 158769 38 0 1788867178 423360
0 158811 32 0 1788867178 424841
0 158831 36 0 1788867178 425598
0 158843 35 0 1788867178 426018
0 158849 33 0 1788867178 426217
0 158850 33 0 1788867178 426251
0 158908 34 0 1788867178 428394
0 158911 34 0 1788867178 428503
0 158965 33 0 1788867178 430481
0 159008 33 0 1788867178 432129
0 159029 34 0 1788867178 432892
0 159058 34 0 1788867178 433916
0 159100 33 0 1788867178 435381
0 159109 33 0 1788867178 435753
0 159111 38 0 1788867178 435835
0 159126 34 0 1788867178 436360
0 159143 35 0 1788867178 436964
0 159175 34 0 1788867178 438143
0 159181 39 0 1788867178 438372
0 159214 46 0 1788867178 440190
0 159240 42 0 1788867178 441514
0 159243 41 0 1788867178 441634
0 159289 44 0 1788867178 443552
0 159339 37 0 1788867178 445672
0 159346 33 0 1788867178 445924
0 159355 46 0 1788867178 446355
0 159367 46 0 1788867178 446914
0 159406 42 0 1788867178 448911
0 159489 34 0 1788867178 453150
0 159536 34 0 1788867178 454798
0 159544 40 0 1788867178 455080
0 159574 35 0 1788867178 456218
0 159575 34 0 1788867178 456253
0 159587 38 0 1788867178 456663
0 159590 33 0 1788867178 456765
0 159636 32 0 1788867178 458895
0 159646 54 0 1788867178 459504
0 159665 47 0 1788867178 460406
0 159678 34 0 1788867178 460983
0 159706 35 0 1788867178 462359
0 159713 32 0 1788867178 462610
0 159718 33 0 1788867178 463288
0 159772 46 0 1788867178 465426
0 159778 54 0 1788867178 465712
0 159809 44 0 1788867178 467097
0 159813 46 0 1788867178 467279
0 159852 44 0 1788867178 469144
0 159853 45 0 1788867178 469191
0 159869 44 0 1788867178 469915
0 159901 44 0 1788867178 471418
0 159911 33 0 1788867178 472037
0 159922 49 0 1788867178 472425
0 159930 44 0 1788867178 472803
0 159959 43 0 1788867178 474121
0 159963 45 0 1788867178 474304
0 159982 45 0 1788867178 475161
0 159990 44 0 1788867178 475518
0 160011 46 0 1788867178 476466
0 160033 33 0 1788867178 477781
0 160043 61 0 1788867178 478175
0 160044 44 0 1788867178 478224
0 160053 49 0 1788867178 478608
0 160059 105 0 1788867178 478959
0 160085 127 0 1788867178 480511
0 160088 60 0 1788867178 480658
0 160101 33 0 1788867178 481105
0 160176 34 0 1788867178 484325
0 160178 33 0 1788867178 484409
0 160198 33 0 1788867178 485125
0 160232 33 0 1788867178 486416
0 160271 32 0 1788867178 487879
0 160284 33 0 1788867178 488307
0 160287 37 0 1788867178 488413
0 160313 32 0 1788867178 489302
0 160327 38 0 1788867178 489921
0 160366 36 0 1788867178 491326
0 160379 40 0 1788867178 491812
0 160381 81 0 1788867178 491934
0 160402 35 0 1788867178 492703
0 160403 33 0 1788867178 492738
0 160429 32 0 1788867178 493909
0 160432 37 0 1788867178 494023
0 160449 33 0 1788867178 494592
0 160450 40 0 1788867178 494633
0 160495 44 0 1788867178 496465
0 160527 48 0 1788867178 497909
0 160547 49 0 1788867178 498822
0 160551 43 0 1788867178 499001
0 160563 44 0 1788867178 499539
0 160581 44 0 1788867178 500384
0 160588 44 0 1788867178 500713
0 160590 44 0 1788867178 500804
0 160601 46 0 1788867178 501298
0 160631 48 0 1788867178 502688
0 160651 44 0 1788867178 503579
0 160664 44 0 1788867178 504166
0 160701 44 0 1788867178 505840
0 160730 33 0 1788867178 507189
0 160753 36 0 1788867178 507959
0 160769 48 0 1788867178 508686
0 160835 39 0 1788867178 511160
0 160844 40 0 1788867178 511521
0 160851 33 0 1788867178 511812
0 160881 44 0 1788867178 512848
0 160886 33 0 1788867178 513053
0 160913 33 0 1788867178 514103
0 160927 47 0 1788867178 514874
0 160932 33 0 1788867178 515066
0 160962 34 0 1788867178 516219
0 161023 35 0 1788867178 518603
0 161026 32 0 1788867178 518728
0 161032 32 0 1788867178 518924
0 161035 36 0 1788867178 519032
0 161121 37 0 1788867178 522390
0 161142 32 0 1788867178 523108
0 161188 33 0 1788867178 524720
0 161205 32 0 1788867178 525299
0 161214 37 0 1788867178 525617
0 161233 33 0 1788867178 526309
0 161292 32 0 1788867178 528831
0 161300 42 0 1788867178 529105
0 161311 37 0 1788867178 529496
0 161349 32 0 1788867178 530975
0 161352 33 0 1788867178 531077
0 161355 33 0 1788867178 531177
0 161373 32 0 1788867178 531790
0 161412 33 0 1788867178 533205
0 161432 89 0 1788867178 534020
0 161436 35 0 1788867178 534204
0 161444 36 0 1788867178 534508
0 161458 32 0 1788867178 535021
0 161490 33 0 1788867178 536146
0 161502 35 0 1788867178 536594
0 161516 32 0 1788867178 537074
0 161517 33 0 1788867178 537109
0 161521 33 0 1788867178 537243
0 161522 33 0 1788867178 537277
0 161574 33 0 1788867178 539044
0 161579 73 0 1788867178 539312
0 161589 33 0 1788867178 539788
0 161612 32 0 1788867178 540537
0 161616 34 0 1788867178 540682
0 161663 32 0 1788867178 542238
0 161687 33 0 1788867178 543031
0 161695 32 0 1788867178 543294
0 161696 33 0 1788867178 543328
0 161738 33 0 1788867178 544960
0 161747 33 0 1788867178 545266
0 161797 34 0 1788867178 547146
0 161807 34 0 1788867178 547500
0 161838 32 0 1788867178 548882
0 161860 51 0 1788867178 549704
0 161892 32 0 1788867178 551128
0 161896 34 0 1788867178 551330
0 161937 32 0 1788867178 552743
0 161975 37 0 1788867178 553997
0 161984 33 0 1788867178 554333
0 162011 32 0 1788867178 555246
0 162012 33 0 1788867178 555280
0 162045 32 0 1788867178 556477
0 162078 32 0 1788867178 557590
0 162093 32 0 1788867178 558087
0 162105 33 0 1788867178 558479
0 162118 32 0 1788867178 558909
0 162132 42 0 1788867178 559395
0 162154 32 0 1788867178 560158
0 162156 33 0 1788867178 560226
0 162158 32 0 1788867178 560293
0 162184 36 0 1788867178 561180
0 162197 37 0 1788867178 561705
0 162248 33 0 1788867178 563448
0 162306 33 0 1788867178 565470
0 162347 34 0 1788867178 566858
0 162359 33 0 1788867178 567257
0 162410 33 0 1788867178 569041
0 162433 34 0 1788867178 569829
0 162479 33 0 1788867178 571413
0 162549 33 0 1788867178 574248
0 162594 33 0 1788867178 575796
0 162596 33 0 1788867178 575863
0 162627 33 0 1788867178 576930
0 162682 34 0 1788867178 578920
0 162683 33 0 1788867178 578956
0 162684 33 0 1788867178 578990
0 162714 95 0 1788867178 580209
0 162718 45 0 1788867178 580405
0 162719 46 0 1788867178 580452
0 162722 86 0 1788867178 580656
0 162838 51 0 1788867178 585628
0 162839 62 0 1788867178 585696
0 162855 40 0 1788867178 586371
0 162858 68 0 1788867178 586517
0 162887 32 0 1788867178 587517
0 162902 72 0 1788867178 588056
0 162903 43 0 1788867178 588103
0 162909 33 0 1788867178 588318
0 162948 50 0 1788867178 589671
0 162961 35 0 1788867178 590105
0 162964 35 0 1788867178 590275
0 163001 36 0 1788867178 591683
0 163015 33 0 1788867178 592264
0 163046 32 0 1788867178 593306
0 163051 32 0 1788867178 593472
0 163056 39 0 1788867178 593643
0 163068 33 0 1788867178 594049
0 163083 33 0 1788867178 594545
0 163121 33 0 1788867178 595907
0 163145 34 0 1788867178 596723
0 163146 34 0 1788867178 596758
0 163152 32 0 1788867178 596957
0 163158 33 0 1788867178 597159
0 163161 33 0 1788867178 597259
0 163165 35 0 1788867178 597395
0 163222 33 0 1788867178 599377
0 163255 36 0 1788867178 600563
0 163266 33 0 1788867178 600973
0 163275 34 0 1788867178 601276
0 163287 34 0 1788867178 601724
0 163312 36 0 1788867178 602607
0 163313 51 0 1788867178 602659
0 163353 33 0 1788867178 604081
0 163354 33 0 1788867178 604116
0 163428 34 0 1788867178 606726
0 163437 34 0 1788867178 607034
0 163457 33 0 1788867178 607726
0 163467 33 0 1788867178 608066
0 163475 33 0 1788867178 608340
0 163512 35 0 1788867178 609611
0 163516 37 0 1788867178 609768
0 163554 34 0 1788867178 611100
0 163563 40 0 1788867178 611450
0 163577 33 0 1788867178 612025
0 163632 33 0 1788867178 614443
0 163656 56 0 1788867178 615634
0 163663 73 0 1788867178 616032
0 163684 47 0 1788867178 617160
0 163704 44 0 1788867178 618115
0 163711 44 0 1788867178 618425
0 163724 44 0 1788867178 619032
0 163729 50 0 1788867178 619261
0 163754 35 0 1788867178 620417
0 163760 57 0 1788867178 620644
0 163772 43 0 1788867178 621185
0 163776 43 0 1788867178 621362
0 163808 44 0 1788867178 622819
0 163819 46 0 1788867178 623312
0 163823 43 0 1788867178 623490
0 163826 59 0 1788867178 623641
0 163847 33 0 1788867178 624562
0 163854 33 0 1788867178 624832
0 163858 33 0 1788867178 624966
0 163867 34 0 1788867178 625266
0 163890 34 0 1788867178 626057
0 163919 33 0 1788867178 627070
0 163920 34 0 1788867178 627107
0 163931 33 0 1788867178 627492
0 163936 36 0 1788867178 627682
0 163943 33 0 1788867178 627917
0 163944 33 0 1788867178 627951
0 163947 35 0 1788867178 628054
0 163954 35 0 1788867178 628309
0 163962 33 0 1788867178 628587
0 163989 33 0 1788867178 629546
0 163993 37 0 1788867178 629704
0 164000 36 0 1788867178 629949
0 164010 33 0 1788867178 630289
0 164019 33 0 1788867178 630596
0 164038 35 0 1788867178 631271
0 164065 32 0 1788867178 632220
0 164109 33 0 1788867178 633900
0 164117 33 0 1788867178 634169
0 164124 32 0 1788867178 634407
0 164146 33 0 1788867178 635154
0 164175 32 0 1788867178 636141
0 164176 36 0 1788867178 636178
0 164189 37 0 1788867178 636622
0 164227 33 0 1788867178 637930
0 164277 46 0 1788867178 639655
0 164278 34 0 1788867178 639691
0 164292 33 0 1788867178 640171
0 164336 36 0 1788867178 641692
0 164338 34 0 1788867178 641785
0 164353 34 0 1788867178 642295
0 164356 33 0 1788867178 642397
0 164372 34 0 1788867178 642996
0 164381 37 0 1788867178 643331
0 164388 56 0 1788867178 643659
0 164457 36 0 1788867178 646226
0 164472 42 0 1788867178 646824
0 164537 79 0 1788867178 649352
0 164574 66 0 1788867178 651175
0 164583 54 0 1788867178 651653
0 164598 44 0 1788867178 652345
0 164661 38 0 1788867178 654967
0 164668 33 0 1788867178 655261
0 164678 33 0 1788867178 655600
0 164681 37 0 1788867178 655713
0 164690 42 0 1788867178 656046
0 164697 33 0 1788867178 656285
0 164726 41 0 1788867178 657320
0 164737 32 0 1788867178 657705
0 164774 33 0 1788867178 658952
0 164775 33 0 1788867178 658986
0 164819 44 0 1788867178 660888
0 164830 45 0 1788867178 661376
0 164837 44 0 1788867178 661694
0 164842 43 0 1788867178 661916
0 164845 44 0 1788867178 662050
0 164853 46 0 1788867178 662405
0 164875 43 0 1788867178 663398
0 164878 43 0 1788867178 663534
0 164914 33 0 1788867178 664883
0 164917 33 0 1788867178 664991
0 164973 36 0 1788867178 666979
0 164990 34 0 1788867178 667560
0 165018 33 0 1788867178 668531
0 165034 33 0 1788867178 669102
0 165061 36 0 1788867178 670101
0 165091 31 0 1788867178 671269
0 165096 38 0 1788867178 671440
0 165120 31 0 1788867178 672257
0 165147 45 0 1788867178 673466
0 165162 43 0 1788867178 674155
0 165172 31 0 1788867178 674482
0 165181 32 0 1788867178 674811
0 165220 31 0 1788867178 676102
0 165261 32 0 1788867178 677483
0 165267 32 0 1788867178 677692
0 165271 32 0 1788867178 677828
0 165289 32 0 1788867178 678405
0 165311 54 0 1788867178 679189
0 165318 39 0 1788867178 679491
0 165331 38 0 1788867178 680053
0 165333 32 0 1788867178 680123
0 165392 47 0 1788867178 682481
0 165407 40 0 1788867178 683121
0 165436 34 0 1788867178 684271
0 165452 34 0 1788867178 684823
0 165461 33 0 1788867178 685160
0 165466 32 0 1788867178 685324
0 165503 31 0 1788867178 686557
0 165510 31 0 1788867178 686798
0 165525 72 0 1788867178 687369
0 165528 31 0 1788867178 687469
0 165531 35 0 1788867178 687583
0 165538 31 0 1788867178 687823
0 165558 31 0 1788867178 688452
0 165587 32 0 1788867178 689455
0 165601 32 0 1788867178 689922
0 165613 32 0 1788867178 690309
0 165637 31 0 1788867178 691091
0 165646 32 0 1788867178 691385
0 165651 32 0 1788867178 691550
0 165683 32 0 1788867178 692608
0 165700 31 0 1788867178 693189
0 165710 38 0 1788867178 693539
0 165781 63 0 1788867178 696161
0 165795 41 0 1788867178 696889
0 165818 31 0 1788867178 697706
0 165839 37 0 1788867178 698578
0 165853 35 0 1788867178 699099
0 165887 33 0 1788867178 700407
0 165891 57 0 1788867178 700636
0 165895 37 0 1788867178 700793
0 165903 47 0 1788867178 701126
0 165952 35 0 1788867178 703104
0 165993 33 0 1788867178 704575
0 166018 33 0 1788867178 705465
0 166030 32 0 1788867178 705872
0 166064 37 0 1788867178 707125
0 166075 34 0 1788867178 707575
0 166079 33 0 1788867178 707729
0 166087 34 0 1788867178 708029
0 166089 34 0 1788867178 708098
0 166091 34 0 1788867178 708167
0 166129 44 0 1788867178 709620
0 166145 41 0 1788867178 710219
0 166189 43 0 1788867178 712141
0 166199 67 0 1788867178 712637
0 166247 32 0 1788867178 714349
0 166264 40 0 1788867178 714941
0 166266 34 0 1788867178 715011
0 166271 32 0 1788867178 715177
0 166272 33 0 1788867178 715211
0 166338 37 0 1788867178 717977
0 166379 52 0 1788867178 719706
0 166402 36 0 1788867178 720788
0 166406 33 0 1788867178 720923
0 166447 34 0 1788867178 722380
0 166459 32 0 1788867178 722799
0 166487 33 0 1788867178 723797
0 166599 44 0 1788867178 728749
0 166607 42 0 1788867178 729095
0 166632 32 0 1788867178 730302
0 166633 34 0 1788867178 730342
0 166659 32 0 1788867178 731229
0 166669 46 0 1788867178 731679
0 166674 40 0 1788867178 731871
0 166690 35 0 1788867178 732553
0 166708 81 0 1788867178 733657
0 166732 55 0 1788867178 736100
0 166750 44 0 1788867178 737030
0 166761 45 0 1788867178 737524
0 166801 44 0 1788867178 739264
0 166833 39 0 1788867178 740718
0 166864 33 0 1788867178 741890
0 166895 34 0 1788867178 742991
0 166897 33 0 1788867178 743060
0 166981 43 0 1788867178 746312
0 167006 45 0 1788867178 747378
0 167031 34 0 1788867178 748285
0 167033 34 0 1788867178 748357
0 167174 58 0 1788867178 753652
0 167176 35 0 1788867178 753734
0 167189 53 0 1788867178 754333
0 167211 52 0 1788867178 755228
0 167340 35 0 1788867178 760241
0 167343 33 0 1788867178 760344
0 167421 33 0 1788867178 763161
0 167422 34 0 1788867178 763198
0 167432 33 0 1788867178 763536
0 167444 34 0 1788867178 763956
0 167454 37 0 1788867178 764294
0 167461 34 0 1788867178 764531
0 167469 34 0 1788867178 764813
0 167476 33 0 1788867178 765049
0 167482 34 0 1788867178 765253
0 167491 104 0 1788867178 765697
0 167545 36 0 1788867178 767688
0 167551 34 0 1788867178 767947
0 167573 35 0 1788867178 768724
0 167574 35 0 1788867178 768761
0 167630 33 0 1788867178 770802
0 167635 33 0 1788867178 770976
0 167638 33 0 1788867178 771081
0 167661 33 0 1788867178 771982
0 167662 34 0 1788867178 772018
0 167735 33 0 1788867178 774597
0 167740 34 0 1788867178 774787
0 167743 33 0 1788867178 774891
0 167759 35 0 1788867178 775442
0 167765 40 0 1788867178 775657
0 167774 40 0 1788867178 775970
0 167775 38 0 1788867178 776009
0 167778 34 0 1788867178 776113
0 167787 34 0 1788867178 776422
0 167791 40 0 1788867178 776568
0 167819 35 0 1788867178 777600
0 167859 48 0 1788867178 779148
0 167867 45 0 1788867178 779487
0 167883 34 0 1788867178 780138
0 167907 51 0 1788867178 781355
0 167920 39 0 1788867178 782139
0 167940 37 0 1788867178 783261
0 167949 55 0 1788867178 783660
0 167951 35 0 1788867178 783735
0 167974 60 0 1788867178 784632
0 168007 33 0 1788867178 785859
0 168029 64 0 1788867178 786661
0 168049 41 0 1788867178 787446
0 168081 49 0 1788867178 788808
0 168087 85 0 1788867178 789148
0 168100 42 0 1788867178 789713
0 168112 36 0 1788867178 790198
0 168155 36 0 1788867178 792243
0 168169 42 0 1788867178 792898
0 168192 50 0 1788867178 793877
0 168200 33 0 1788867178 794165
0 168214 52 0 1788867178 794741
0 168218 43 0 1788867178 794946
0 168233 34 0 1788867178 795531
0 168237 36 0 1788867178 795681
0 168239 35 0 1788867178 795751
0 168266 34 0 1788867178 796740
0 168286 35 0 1788867178 797480
0 168394 37 0 1788867178 801679
0 168396 34 0 1788867178 801752
0 168405 33 0 1788867178 802098
0 168422 34 0 1788867178 802746
0 168442 37 0 1788867178 803460
0 168452 35 0 1788867178 803830
0 168454 35 0 1788867178 803909
0 168470 34 0 1788867178 804465
0 168482 46 0 1788867178 804933
0 168498 35 0 1788867178 805502
0 168505 34 0 1788867178 805768
0 168531 37 0 1788867178 806741
0 168541 37 0 1788867178 807113
0 168549 35 0 1788867178 807398
0 168580 35 0 1788867178 808534
0 168588 35 0 1788867178 808826
0 168613 34 0 1788867178 809769
0 168616 34 0 1788867178 809872
0 168622 33 0 1788867178 810075
0 168631 35 0 1788867178 810428
0 168634 35 0 1788867178 810534
0 168649 38 0 1788867178 811117
0 168654 39 0 1788867178 811318
0 168669 40 0 1788867178 811993
0 168682 34 0 1788867178 812505
0 168696 40 0 1788867178 813005
0 168706 68 0 1788867178 813647
0 168716 33 0 1788867178 814005
0 168733 66 0 1788867178 814706
0 168770 34 0 1788867178 816136
0 168778 37 0 1788867178 816426
0 168819 35 0 1788867178 818125
0 168821 34 0 1788867178 818198
0 168844 46 0 1788867178 819546
0 168855 35 0 1788867178 820126
0 168858 34 0 1788867178 820239
0 168862 46 0 1788867178 820414
0 168866 45 0 1788867178 820609
0 168930 33 0 1788867178 823281
0 168936 40 0 1788867178 823494
0 168956 45 0 1788867178 824414
0 168966 46 0 1788867178 824952
0 168968 45 0 1788867178 825046
0 168977 46 0 1788867178 825463
0 168988 45 0 1788867178 825978
0 168995 48 0 1788867178 826301
0 169007 48 0 1788867178 826875
0 169019 45 0 1788867178 827421
0 169025 48 0 1788867178 827714
0 169029 50 0 1788867178 827906
0 169033 62 0 1788867178 828109
0 169069 45 0 1788867178 829833
0 169071 46 0 1788867178 830000
0 169084 35 0 1788867178 830469
0 169098 35 0 1788867178 830982
0 169142 34 0 1788867178 832570
0 169149 35 0 1788867178 832835
0 169158 40 0 1788867178 833158
0 169206 36 0 1788867178 835053
0 169227 34 0 1788867178 835896
0 169242 38 0 1788867178 836464
0 169265 64 0 1788867178 837337
0 169299 38 0 1788867178 838788
0 169303 35 0 1788867178 838939
0 169321 37 0 1788867178 839570
0 169387 34 0 1788867178 842094
0 169397 35 0 1788867178 842444
0 169400 35 0 1788867178 842554
0 169429 38 0 1788867178 843562
0 169450 45 0 1788867178 844543
0 169466 40 0 1788867178 845277
0 169493 34 0 1788867178 846392
0 169506 34 0 1788867178 846868
0 169511 33 0 1788867178 847041
0 169524 33 0 1788867178 847884
0 169576 38 0 1788867178 849971
0 169637 33 0 1788867178 852724
0 169664 48 0 1788867178 853647
0 169665 38 0 1788867178 853686
0 169668 34 0 1788867178 853791
0 169688 38 0 1788867178 854500
0 169709 45 0 1788867178 855401
0 169745 36 0 1788867178 856951
0 169757 70 0 1788867178 857652
0 169774 54 0 1788867178 858780
0 169807 49 0 1788867178 860754
0 169841 47 0 1788867178 862334
0 169845 72 0 1788867178 862564
0 169891 45 0 1788867178 865023
0 169926 36 0 1788867178 866781
0 169935 56 0 1788867178 867283
0 169957 67 0 1788867178 868778
0 169965 46 0 1788867178 869864
0 170034 40 0 1788867178 873529
0 170058 42 0 1788867178 874473
0 170066 33 0 1788867178 874776
0 170097 33 0 1788867178 876190
0 170115 46 0 1788867178 876859
0 170117 34 0 1788867178 876932
0 170133 34 0 1788867178 877479
0 170134 37 0 1788867178 877517
0 170136 34 0 1788867178 877586
0 170206 45 0 1788867178 880918
0 170261 36 0 1788867178 883429
0 170283 34 0 1788867178 884328
0 170295 34 0 1788867178 884771
0 170304 68 0 1788867178 885118
0 170313 46 0 1788867178 885548
0 170356 46 0 1788867178 887268
0 170416 35 0 1788867178 889745
0 170419 35 0 1788867178 889852
0 170448 35 0 1788867178 890954
0 170513 34 0 1788867178 893437
0 170516 33 0 1788867178 893541
0 170523 35 0 1788867178 893806
0 170530 34 0 1788867178 894053
0 170550 34 0 1788867178 894807
0 170571 34 0 1788867178 895526
0 170574 43 0 1788867178 895639
0 170601 35 0 1788867178 896574
0 170643 35 0 1788867178 898121
0 170666 35 0 1788867178 898989
0 170675 36 0 1788867178 899319
0 170682 35 0 1788867178 899568
0 170684 42 0 1788867178 899646
0 170700 46 0 1788867178 900228
0 170709 35 0 1788867178 900547
0 170715 35 0 1788867178 900785
0 170718 37 0 1788867178 900921
0 170729 44 0 1788867178 901477
0 170741 42 0 1788867178 902041
0 170755 46 0 1788867178 902665
0 170787 43 0 1788867178 904011
0 170827 42 0 1788867178 905564
0 170832 42 0 1788867178 905800
0 170836 42 0 1788867178 905975
0 170844 43 0 1788867178 906318
0 170851 48 0 1788867178 906625
0 170857 42 0 1788867178 906888
0 170874 47 0 1788867178 907623
0 170905 43 0 1788867178 909061
0 170920 43 0 1788867178 909750
0 170942 42 0 1788867178 910762
0 170983 51 0 1788867178 912651
0 170989 61 0 1788867178 913069
0 171000 50 0 1788867178 913632
0 171046 48 0 1788867178 915720
0 171055 49 0 1788867178 916173
0 171122 46 0 1788867178 919325
0 171150 53 0 1788867178 920713
0 171152 35 0 1788867178 920786
0 171183 34 0 1788867178 921853
0 171199 35 0 1788867178 922412
0 171231 41 0 1788867178 923536
0 171285 37 0 1788867178 925544
0 171294 34 0 1788867178 925871
0 171309 34 0 1788867178 926405
0 171344 34 0 1788867178 927794
0 171348 34 0 1788867178 927935
0 171366 37 0 1788867178 928575
0 171371 37 0 1788867178 928774
0 171388 47 0 1788867178 929559
0 171397 45 0 1788867178 929986
0 171406 46 0 1788867178 930398
0 171444 35 0 1788867178 932076
0 171494 34 0 1788867178 933853
0 171498 35 0 1788867178 933993
0 171522 42 0 1788867178 935127
0 171578 34 0 1788867178 937288
0 171624 34 0 1788867178 938911
0 171625 34 0 1788867178 938947
0 171671 45 0 1788867178 940654
0 171692 34 0 1788867178 941383
0 171736 34 0 1788867178 942979
0 171774 38 0 1788867178 944979
0 171788 35 0 1788867178 945563
0 171790 43 0 1788867178 945642
0 171791 41 0 1788867178 945684
0 171811 71 0 1788867178 946583
0 171812 75 0 1788867178 946663
0 171832 34 0 1788867178 947347
0 171878 34 0 1788867178 949759
0 171887 33 0 1788867178 950075
0 171926 37 0 1788867178 951488
0 171932 36 0 1788867178 951706
0 171937 34 0 1788867178 951882
0 171946 35 0 1788867178 952193
0 171949 33 0 1788867178 952295
0 171976 34 0 1788867178 953232
0 171982 36 0 1788867178 953442
0 172010 67 0 1788867178 954586
0 172016 45 0 1788867178 954883
0 172036 52 0 1788867178 955738
0 172045 34 0 1788867178 956138
0 172091 36 0 1788867178 957748
0 172105 34 0 1788867178 958233
0 172118 49 0 1788867178 958868
0 172130 43 0 1788867178 959416
0 172131 46 0 1788867178 959464
0 172147 49 0 1788867178 960184
0 172154 44 0 1788867178 960495
0 172157 76 0 1788867178 960660
0 172182 46 0 1788867178 961908
0 172217 46 0 1788867178 963734
0 172233 47 0 1788867178 964528
0 172236 56 0 1788867178 964704
0 172237 74 0 1788867178 964782
0 172252 57 0 1788867178 965605
0 172296 48 0 1788867178 968004
0 172309 38 0 1788867178 968690
0 172322 35 0 1788867178 969162
0 172344 52 0 1788867178 970023
0 172351 64 0 1788867178 970556
0 172367 49 0 1788867178 971396
0 172368 44 0 1788867178 971443
0 172373 51 0 1788867178 971694
0 172423 39 0 1788867178 973806
0 172425 35 0 1788867178 973880
0 172455 34 0 1788867178 974969
0 172500 48 0 1788867178 976912
0 172516 54 0 1788867178 977740
0 172536 34 0 1788867178 978771
0 172550 59 0 1788867178 979647
0 172561 55 0 1788867178 980206
0 172564 57 0 1788867178 980378
0 172643 37 0 1788867178 984202
0 172679 35 0 1788867178 985584
0 172684 34 0 1788867178 985786
0 172689 34 0 1788867178 985957
0 172709 36 0 1788867178 986688
0 172743 35 0 1788867178 987993
0 172750 35 0 1788867178 988240
0 172758 46 0 1788867178 988626
0 172772 34 0 1788867178 989170
0 172783 36 0 1788867178 989556
0 172815 35 0 1788867178 990699
0 172873 35 0 1788867178 992782
0 172914 35 0 1788867178 994289
0 172925 37 0 1788867178 994687
0 172934 34 0 1788867178 995043
0 172960 35 0 1788867178 996038
0 172961 38 0 1788867178 996078
0 172969 41 0 1788867178 996456
0 173019 45 0 1788867178 998800
0 173020 52 0 1788867178 998855
0 173027 45 0 1788867178 999181
0 173039 46 0 1788867178 999769
0 173090 45 0 1788867179 2170
0 173097 47 0 1788867179 2505
0 173162 34 0 1788867179 5188
0 173166 34 0 1788867179 5328
0 173187 34 0 1788867179 6218
0 173212 39 0 1788867179 7238
0 173238 35 0 1788867179 8330
0 173276 34 0 1788867179 9735
0 173302 40 0 1788867179 10685
0 173314 38 0 1788867179 11232
0 173350 39 0 1788867179 12800
0 173386 39 0 1788867179 14091
0 173397 35 0 1788867179 14491
0 173462 34 0 1788867179 17157
0 173466 45 0 1788867179 17319
0 173471 33 0 1788867179 17496
0 173486 36 0 1788867179 18176
0 173521 34 0 1788867179 19544
0 173529 36 0 1788867179 19842
0 173539 33 0 1788867179 20202
0 173570 34 0 1788867179 21288
0 173576 34 0 1788867179 21494
0 173598 34 0 1788867179 22261
0 173605 34 0 1788867179 22502
0 173609 44 0 1788867179 22650
0 173647 40 0 1788867179 24368
0 173660 35 0 1788867179 24853
0 173662 35 0 1788867179 24925
0 173670 35 0 1788867179 25206
0 173675 34 0 1788867179 25381
0 173690 35 0 1788867179 25932
0 173692 36 0 1788867179 26009
0 173715 38 0 1788867179 26926
0 173725 35 0 1788867179 27285
0 173736 37 0 1788867179 27690
0 173751 51 0 1788867179 28315
0 173753 48 0 1788867179 28414
0 173801 36 0 1788867179 30270
0 173858 44 0 1788867179 32667
0 173862 34 0 1788867179 32811
0 173893 61 0 1788867179 33991
0 173904 35 0 1788867179 34393
0 173906 45 0 1788867179 34474
0 173927 35 0 1788867179 35282
0 173944 37 0 1788867179 35955
0 173945 35 0 1788867179 35991
0 173959 63 0 1788867179 36653
0 173969 34 0 1788867179 37001
0 174071 36 0 1788867179 41546
0 174108 34 0 1788867179 42880
0 174115 33 0 1788867179 43120
0 174154 61 0 1788867179 44655
0 174187 54 0 1788867179 46791
0 174194 46 0 1788867179 47299
0 174201 97 0 1788867179 47681
0 174219 46 0 1788867179 48538
0 174226 41 0 1788867179 48889
0 174237 41 0 1788867179 49318
0 174282 33 0 1788867179 51193
0 174284 34 0 1788867179 51266
0 174289 57 0 1788867179 51465
0 174291 34 0 1788867179 51541
0 174292 34 0 1788867179 51576
0 174319 34 0 1788867179 52552
0 174322 38 0 1788867179 52666
0 174398 34 0 1788867179 55328
0 174421 34 0 1788867179 56142
0 174427 35 0 1788867179 56432
0 174447 35 0 1788867179 57159
0 174465 56 0 1788867179 58476
0 174494 61 0 1788867179 60605
0 174530 34 0 1788867179 62322
0 174553 33 0 1788867179 63139
0 174590 33 0 1788867179 64520
0 174619 33 0 1788867179 65520
0 174722 35 0 1788867179 69163
0 174747 34 0 1788867179 70046
0 174749 34 0 1788867179 70115
0 174752 34 0 1788867179 70218
0 174768 34 0 1788867179 70816
0 174772 34 0 1788867179 70955
0 174825 34 0 1788867179 72854
0 174828 65 0 1788867179 72990
0 174836 34 0 1788867179 73317
0 174847 40 0 1788867179 73761
0 174867 34 0 1788867179 74451
0 174881 34 0 1788867179 74950
0 174887 56 0 1788867179 75176
0 174897 39 0 1788867179 75629
0 174938 37 0 1788867179 77235
0 174942 38 0 1788867179 77384
0 174957 36 0 1788867179 77929
0 175001 94 0 1788867179 79990
0 175181 62 0 1788867179 86926
0 175261 34 0 1788867179 89974
0 175280 42 0 1788867179 90653
0 175285 36 0 1788867179 90834
0 175289 44 0 1788867179 90989
0 175310 40 0 1788867179 91815
0 175335 34 0 1788867179 92695
0 175339 34 0 1788867179 92832
0 175364 34 0 1788867179 93725
0 175443 36 0 1788867179 96767
0 175449 34 0 1788867179 96979
0 175459 35 0 1788867179 97326
0 175466 34 0 1788867179 97568
0 175494 34 0 1788867179 98744
0 175522 36 0 1788867179 99736
0 175527 34 0 1788867179 99907
0 175538 46 0 1788867179 100380
0 175573 35 0 1788867179 102169
0 175644 33 0 1788867179 104733
0 175650 33 0 1788867179 104938
0 175670 170 0 1788867179 105770
0 175714 34 0 1788867179 107301
0 175737 34 0 1788867179 108111
0 175745 37 0 1788867179 108392
0 175769 37 0 1788867179 109248
0 175777 34 0 1788867179 109527
0 175815 34 0 1788867179 111329
0 175841 35 0 1788867179 112564
0 175852 37 0 1788867179 112973
0 175856 35 0 1788867179 113115
0 175862 36 0 1788867179 113325
0 175874 36 0 1788867179 113809
0 175885 43 0 1788867179 114279
0 175910 36 0 1788867179 115313
0 175950 34 0 1788867179 116748
0 175997 33 0 1788867179 118463
0 176027 33 0 1788867179 119531
0 176041 33 0 1788867179 120015
0 176084 33 0 1788867179 121545
0 176102 35 0 1788867179 122180
0 176118 56 0 1788867179 122936
0 176137 44 0 1788867179 123784
0 176138 37 0 1788867179 123824
0 176165 35 0 1788867179 124988
0 176171 34 0 1788867179 125197
0 176190 34 0 1788867179 125892
0 176200 38 0 1788867179 126261
0 176215 41 0 1788867179 126806
0 176227 37 0 1788867179 127235
0 176232 34 0 1788867179 127410
0 176233 34 0 1788867179 127445
0 176242 34 0 1788867179 127803
0 176268 35 0 1788867179 128829
0 176274 36 0 1788867179 129040
0 176304 35 0 1788867179 130153
0 176305 39 0 1788867179 130195
0 176330 35 0 1788867179 131110
0 176342 37 0 1788867179 131532
0 176354 40 0 1788867179 132013
0 176356 38 0 1788867179 132088
0 176380 35 0 1788867179 132964
0 176406 34 0 1788867179 133999
0 176422 33 0 1788867179 134545
0 176471 34 0 1788867179 136243
0 176479 34 0 1788867179 136518
0 176511 45 0 1788867179 137677
0 176554 44 0 1788867179 139309
0 176656 36 0 1788867179 143303
0 176658 35 0 1788867179 143378
0 176686 39 0 1788867179 144471
0 176711 168 0 1788867179 145770
0 176734 38 0 1788867179 146605
0 176801 45 0 1788867179 149768
0 176815 33 0 1788867179 150286
0 176885 33 0 1788867179 152809
0 176952 34 0 1788867179 155315
0 176970 34 0 1788867179 155971
0 176974 34 0 1788867179 156115
0 176989 47 0 1788867179 156637
0 176993 33 0 1788867179 156777
0 177057 35 0 1788867179 159139
0 177185 37 0 1788867179 164110
0 177193 35 0 1788867179 164395
0 177199 34 0 1788867179 164603
0 177208 34 0 1788867179 164938
0 177226 35 0 1788867179 165579
0 177230 39 0 1788867179 165752
0 177253 49 0 1788867179 166640
0 177259 35 0 1788867179 166867
0 177284 35 0 1788867179 167828
0 177291 35 0 1788867179 168086
0 177320 35 0 1788867179 169142
0 177351 35 0 1788867179 170262
0 177375 36 0 1788867179 171145
0 177400 34 0 1788867179 172069
0 177401 35 0 1788867179 172106
0 177408 39 0 1788867179 172357
0 177438 34 0 1788867179 173478
0 177471 41 0 1788867179 174749
0 177500 50 0 1788867179 176139
0 177509 39 0 1788867179 176509
0 177523 64 0 1788867179 177178
0 177539 47 0 1788867179 178104
0 177591 54 0 1788867179 180928
0 177626 55 0 1788867179 182635
0 177664 45 0 1788867179 184378
0 177672 45 0 1788867179 184768
0 177743 46 0 1788867179 188122
0 177775 47 0 1788867179 189740
0 177786 46 0 1788867179 190284
0 177854 34 0 1788867179 193284
0 177864 38 0 1788867179 193688
0 177901 35 0 1788867179 195092
0 177905 35 0 1788867179 195245
0 177916 50 0 1788867179 195660
0 177917 37 0 1788867179 195698
0 177953 35 0 1788867179 197029
0 177959 35 0 1788867179 197256
0 177994 38 0 1788867179 198554
0 178032 35 0 1788867179 199937
0 178037 35 0 1788867179 200119
0 178040 35 0 1788867179 200230
0 178058 34 0 1788867179 200904
0 178075 35 0 1788867179 201525
0 178106 39 0 1788867179 202688
0 178117 34 0 1788867179 203077
0 178151 33 0 1788867179 204317
0 178162 33 0 1788867179 204689
0 178163 33 0 1788867179 204723
0 178172 32 0 1788867179 205022
0 178192 33 0 1788867179 205694
0 178200 33 0 1788867179 205976
0 178273 32 0 1788867179 208442
0 178378 37 0 1788867179 212524
0 178426 32 0 1788867179 214503
0 178428 32 0 1788867179 214571
0 178436 33 0 1788867179 214851
0 178439 32 0 1788867179 214950
0 178491 33 0 1788867179 216695
0 178511 32 0 1788867179 217347
0 178527 33 0 1788867179 217907
0 178539 33 0 1788867179 218365
0 178625 44 0 1788867179 222149
0 178632 43 0 1788867179 222471
0 178692 36 0 1788867179 224590
0 178699 34 0 1788867179 224856
0 178704 36 0 1788867179 225034
0 178714 33 0 1788867179 225394
0 178785 71 0 1788867179 227910
0 178786 49 0 1788867179 227961
0 178826 39 0 1788867179 229464
0 178828 34 0 1788867179 229535
0 178862 33 0 1788867179 230960
0 178880 41 0 1788867179 231603
0 178885 33 0 1788867179 231802
0 178886 34 0 1788867179 231838
0 178888 34 0 1788867179 231906
0 178933 34 0 1788867179 233550
0 178969 33 0 1788867179 234835
0 178975 33 0 1788867179 235039
0 178999 33 0 1788867179 235908
0 179002 38 0 1788867179 236015
0 179019 33 0 1788867179 236592
0 179022 37 0 1788867179 236705
0 179045 40 0 1788867179 237532
0 179075 39 0 1788867179 238597
0 179115 32 0 1788867179 240311
0 179135 32 0 1788867179 240991
0 179143 33 0 1788867179 241256
0 179177 41 0 1788867179 242523
0 179203 44 0 1788867179 243483
0 179286 54 0 1788867179 247172
0 179295 35 0 1788867179 247534
0 179345 33 0 1788867179 249317
0 179368 34 0 1788867179 250147
0 179386 36 0 1788867179 250788
0 179437 32 0 1788867179 252564
0 179471 33 0 1788867179 253728
0 179485 32 0 1788867179 254205
0 179500 38 0 1788867179 254746
0 179534 47 0 1788867179 255935
0 179582 36 0 1788867179 257678
0 179583 35 0 1788867179 257715
0 179650 39 0 1788867179 260086
0 179667 33 0 1788867179 260797
0 179680 34 0 1788867179 261323
0 179695 39 0 1788867179 261959
0 179716 39 0 1788867179 262691
0 179780 33 0 1788867179 264897
0 179788 33 0 1788867179 265162
0 179789 34 0 1788867179 265196
0 179794 33 0 1788867179 265365
0 179813 33 0 1788867179 266006
0 179827 33 0 1788867179 266537
0 179832 38 0 1788867179 266721
0 179850 33 0 1788867179 267317
0 179857 33 0 1788867179 267548
0 179859 43 0 1788867179 267625
0 179874 33 0 1788867179 268132
0 179916 33 0 1788867179 269561
0 179940 33 0 1788867179 270388
0 179951 36 0 1788867179 270788
0 179968 39 0 1788867179 271374
0 179981 33 0 1788867179 271823
0 180011 34 0 1788867179 273007
0 180065 42 0 1788867179 275267
0 180069 34 0 1788867179 275408
0 180081 54 0 1788867179 276041
0 180115 87 0 1788867179 277652
0 180119 46 0 1788867179 277898
0 180122 101 0 1788867179 278102
0 180126 49 0 1788867179 278401
0 180157 57 0 1788867179 279647
0 180174 32 0 1788867179 280220
0 180176 32 0 1788867179 280286
0 180205 43 0 1788867179 281534
0 180221 32 0 1788867179 282133
0 180246 33 0 1788867179 283011
0 180264 45 0 1788867179 283634
0 180287 32 0 1788867179 284439
0 180296 33 0 1788867179 284750
0 180322 39 0 1788867179 285626
0 180333 33 0 1788867179 286077
0 180339 32 0 1788867179 286275
0 180341 33 0 1788867179 286342
0 180356 44 0 1788867179 286982
0 180363 64 0 1788867179 287316
0 180379 35 0 1788867179 287866
0 180380 34 0 1788867179 287901
0 180384 33 0 1788867179 288038
0 180426 33 0 1788867179 289468
0 180447 34 0 1788867179 290192
0 180477 33 0 1788867179 291211
0 180545 33 0 1788867179 293730
0 180546 34 0 1788867179 293767
0 180580 33 0 1788867179 294933
0 180595 32 0 1788867179 295439
0 180614 32 0 1788867179 296128
0 180639 33 0 1788867179 296993
0 180698 33 0 1788867179 299014
0 180718 34 0 1788867179 299713
0 180722 39 0 1788867179 299863
0 180725 48 0 1788867179 300005
0 180766 33 0 1788867179 301504
0 180770 35 0 1788867179 301695
0 180815 41 0 1788867179 303379
0 180817 34 0 1788867179 303451
0 180833 32 0 1788867179 304131
0 180900 36 0 1788867179 306529
0 180901 33 0 1788867179 306563
0 180905 33 0 1788867179 306714
0 180970 35 0 1788867179 309035
0 180972 52 0 1788867179 309143
0 180989 50 0 1788867179 310296
0 180993 72 0 1788867179 310536
0 181001 64 0 1788867179 311123
0 181024 38 0 1788867179 312080
0 181025 37 0 1788867179 312121
0 181046 38 0 1788867179 313193
0 181050 46 0 1788867179 313383
0 181051 69 0 1788867179 313455
0 181055 44 0 1788867179 313628
0 181068 40 0 1788867179 314214
0 181072 41 0 1788867179 314376
0 181097 37 0 1788867179 315388
0 181115 33 0 1788867179 316016
0 181148 36 0 1788867179 317182
0 181152 32 0 1788867179 317318
0 181164 34 0 1788867179 317800
0 181171 33 0 1788867179 318049
0 181202 44 0 1788867179 319144
0 181210 46 0 1788867179 319489
0 181221 55 0 1788867179 320158
0 181231 51 0 1788867179 320620
0 181242 59 0 1788867179 321245
0 181293 48 0 1788867179 323474
0 181294 54 0 1788867179 323532
0 181333 32 0 1788867179 324859
0 181353 34 0 1788867179 325551
0 181376 36 0 1788867179 326333
0 181417 32 0 1788867179 327773
0 181439 33 0 1788867179 328590
0 181452 34 0 1788867179 329067
0 181465 34 0 1788867179 329517
0 181466 35 0 1788867179 329553
0 181488 33 0 1788867179 330523
0 181496 33 0 1788867179 330830
0 181499 33 0 1788867179 330937
0 181519 48 0 1788867179 331655
0 181526 36 0 1788867179 331915
0 181554 33 0 1788867179 333042
0 181584 36 0 1788867179 334067
0 181639 34 0 1788867179 335993
0 181640 34 0 1788867179 336028
0 181641 34 0 1788867179 336063
0 181661 36 0 1788867179 336802
0 181686 37 0 1788867179 337684
0 181706 33 0 1788867179 338395
0 181708 38 0 1788867179 338468
0 181718 49 0 1788867179 339132
0 181724 65 0 1788867179 339431
0 181739 35 0 1788867179 340117
0 181747 64 0 1788867179 340460
0 181754 32 0 1788867179 340708
0 181755 33 0 1788867179 340743
0 181764 33 0 1788867179 341045
0 181775 40 0 1788867179 341563
0 181784 38 0 1788867179 341959
0 181804 41 0 1788867179 343030
0 181845 36 0 1788867179 344992
0 181855 65 0 1788867179 345492
0 181925 36 0 1788867179 348242
0 181985 32 0 1788867179 350358
0 181997 44 0 1788867179 350823
0 182033 43 0 1788867179 352360
0 182035 201 0 1788867179 352655
0 182037 35 0 1788867179 352751
0 182066 44 0 1788867179 353856
0 182110 33 0 1788867179 355759
0 182112 33 0 1788867179 355829
0 182128 37 0 1788867179 356363
0 182134 32 0 1788867179 356561
0 182141 33 0 1788867179 356817
0 182161 32 0 1788867179 357477
0 182165 32 0 1788867179 357607
0 182171 34 0 1788867179 357825
0 182172 34 0 1788867179 357860
0 182238 34 0 1788867179 360226
0 182263 32 0 1788867179 361083
0 182308 34 0 1788867179 362741
0 182309 33 0 1788867179 362776
0 182322 32 0 1788867179 363202
0 182323 33 0 1788867179 363236
0 182394 39 0 1788867179 365664
0 182396 33 0 1788867179 365733
0 182407 41 0 1788867179 366114
0 182411 34 0 1788867179 366250
0 182447 59 0 1788867179 367634
0 182459 34 0 1788867179 368062
0 182460 34 0 1788867179 368097
0 182493 40 0 1788867179 369326
0 182543 33 0 1788867179 371030
0 182553 33 0 1788867179 371360
0 182577 33 0 1788867179 372215
0 182603 33 0 1788867179 373104
0 182620 40 0 1788867179 373888
0 182647 55 0 1788867179 374985
0 182706 55 0 1788867179 377664
0 182708 46 0 1788867179 377764
0 182726 34 0 1788867179 378508
0 182730 45 0 1788867179 378678
0 182734 33 0 1788867179 378826
0 182754 42 0 1788867179 379706
0 182771 35 0 1788867179 380380
0 182850 33 0 1788867179 383346
0 182908 32 0 1788867179 385300
0 182931 36 0 1788867179 386153
0 182932 33 0 1788867179 386189
0 182935 32 0 1788867179 386288
0 182948 33 0 1788867179 386731
0 182952 43 0 1788867179 386884
0 182993 34 0 1788867179 388471
0 183026 36 0 1788867179 389609
0 183027 57 0 1788867179 389668
0 183055 42 0 1788867179 390733
0 183076 32 0 1788867179 391471
0 183082 34 0 1788867179 391688
0 183102 34 0 1788867179 392458
0 183126 35 0 1788867179 393323
0 183129 34 0 1788867179 393428
0 183184 33 0 1788867179 395399
0 183229 93 0 1788867179 397044
0 183238 39 0 1788867179 397370
0 183273 66 0 1788867179 398755
0 183281 35 0 1788867179 399108
0 183297 42 0 1788867179 400077
0 183378 50 0 1788867179 404396
0 183396 34 0 1788867179 405171
0 183422 33 0 1788867179 406076
0 183438 48 0 1788867179 406757
0 183456 66 0 1788867179 407670
0 183461 44 0 1788867179 407907
0 183472 44 0 1788867179 408396
0 183515 80 0 1788867179 410646
0 183565 46 0 1788867179 413045
0 183573 59 0 1788867179 413459
0 183612 38 0 1788867179 415522
0 183642 45 0 1788867179 416850
0 183645 48 0 1788867179 416997
0 183673 47 0 1788867179 418328
0 183687 44 0 1788867179 419025
0 183688 47 0 1788867179 419074
0 183743 44 0 1788867179 422830
0 183764 51 0 1788867179 424079
0 183765 40 0 1788867179 424122
0 183788 57 0 1788867179 425091
0 183843 36 0 1788867179 427868
0 183867 34 0 1788867179 429118
0 183885 34 0 1788867179 429756
0 183898 34 0 1788867179 430220
0 183902 35 0 1788867179 430359
0 183908 36 0 1788867179 430572
0 183921 35 0 1788867179 431107
0 183935 35 0 1788867179 431592
0 183962 34 0 1788867179 432542
0 183988 34 0 1788867179 433476
0 183992 39 0 1788867179 433621
0 183998 35 0 1788867179 433837
0 184021 37 0 1788867179 434668
0 184026 34 0 1788867179 434844
0 184051 36 0 1788867179 435776
0 184070 58 0 1788867179 436564
0 184083 52 0 1788867179 437284
0 184102 51 0 1788867179 438272
0 184111 58 0 1788867179 438697
0 184148 54 0 1788867179 440536
0 184166 75 0 1788867179 441530
0 184168 167 0 1788867179 441841
0 184224 44 0 1788867179 444293
0 184228 48 0 1788867179 444487
0 184299 44 0 1788867179 448745
0 184386 42 0 1788867179 452335
0 184457 35 0 1788867179 455148
0 184474 34 0 1788867179 455765
0 184478 35 0 1788867179 455906
0 184494 41 0 1788867179 456480
0 184516 35 0 1788867179 457286
0 184527 37 0 1788867179 457738
0 184555 38 0 1788867179 458759
0 184583 46 0 1788867179 460108
0 184645 46 0 1788867179 462417
0 184667 36 0 1788867179 463238
0 184692 42 0 1788867179 464349
0 184696 35 0 1788867179 464516
0 184698 36 0 1788867179 464590
0 184700 38 0 1788867179 464673
0 184708 37 0 1788867179 464964
0 184752 36 0 1788867179 466582
0 184753 56 0 1788867179 466639
0 184788 33 0 1788867179 468005
0 184832 34 0 1788867179 469514
0 184862 34 0 1788867179 470554
0 184877 41 0 1788867179 471090
0 184897 34 0 1788867179 471955
0 184920 34 0 1788867179 472780
0 184950 35 0 1788867179 473957
0 184963 38 0 1788867179 474472
0 184970 154 0 1788867179 474870
0 184984 34 0 1788867179 475405
0 185017 36 0 1788867179 476722
0 185029 34 0 1788867179 477153
0 185034 37 0 1788867179 477337
0 185040 53 0 1788867179 477592
0 185043 43 0 1788867179 477787
0 185048 35 0 1788867179 478048
0 185054 33 0 1788867179 478266
0 185057 33 0 1788867179 478370
0 185058 34 0 1788867179 478405
0 185061 34 0 1788867179 478509
0 185065 45 0 1788867179 478686
0 185117 60 0 1788867179 481269
0 185148 50 0 1788867179 483114
0 185169 87 0 1788867179 484470
0 185175 35 0 1788867179 484744
0 185223 44 0 1788867179 487153
0 185232 52 0 1788867179 487585
0 185242 45 0 1788867179 488075
0 185257 36 0 1788867179 488787
0 185284 49 0 1788867179 490087
0 185286 52 0 1788867179 490189
0 185305 59 0 1788867179 491203
0 185314 44 0 1788867179 491698
0 185329 47 0 1788867179 492401
0 185331 46 0 1788867179 492502
0 185399 34 0 1788867179 495580
0 185405 37 0 1788867179 495830
0 185407 36 0 1788867179 495903
0 185448 35 0 1788867179 497381
0 185474 35 0 1788867179 498323
0 185477 35 0 1788867179 498431
0 185491 39 0 1788867179 498970
0 185492 37 0 1788867179 499008
0 185494 37 0 1788867179 499085
0 185497 38 0 1788867179 499201
0 185506 35 0 1788867179 499539
0 185519 35 0 1788867179 500085
0 185521 35 0 1788867179 500157
0 185525 35 0 1788867179 500300
0 185586 36 0 1788867179 502574
0 185595 35 0 1788867179 502933
0 185596 35 0 1788867179 502970
0 185601 35 0 1788867179 503150
0 185654 40 0 1788867179 505123
0 185660 35 0 1788867179 505378
0 185673 35 0 1788867179 505968
0 185685 36 0 1788867179 506412
0 185703 50 0 1788867179 507306
0 185716 46 0 1788867179 508018
0 185725 51 0 1788867179 508391
0 185753 60 0 1788867179 510433
0 185760 54 0 1788867179 510887
0 185773 62 0 1788867179 511578
0 185831 34 0 1788867179 513922
0 185895 35 0 1788867179 516302
0 185911 48 0 1788867179 517227
0 185980 35 0 1788867179 520286
0 186032 36 0 1788867179 522181
0 186046 36 0 1788867179 522694
0 186093 36 0 1788867179 524396
0 186103 36 0 1788867179 524772
0 186110 43 0 1788867179 525042
0 186119 36 0 1788867179 525383
0 186131 36 0 1788867179 525836
0 186143 36 0 1788867179 526266
0 186192 40 0 1788867179 528067
0 186241 55 0 1788867179 530117
0 186249 55 0 1788867179 530627
0 186265 35 0 1788867179 531289
0 186286 35 0 1788867179 532066
0 186289 38 0 1788867179 532183
0 186310 39 0 1788867179 533055
0 186313 36 0 1788867179 533167
0 186322 35 0 1788867179 533489
0 186393 36 0 1788867179 536262
0 186409 37 0 1788867179 536878
0 186416 35 0 1788867179 537137
0 186424 36 0 1788867179 537442
0 186471 36 0 1788867179 539259
0 186483 43 0 1788867179 539739
0 186493 43 0 1788867179 540222
0 186574 45 0 1788867179 543713
0 186589 36 0 1788867179 544414
0 186590 35 0 1788867179 544451
0 186625 34 0 1788867179 545772
0 186654 34 0 1788867179 546792
0 186659 34 0 1788867179 546962
0 186662 34 0 1788867179 547064
0 186683 34 0 1788867179 547794
0 186719 49 0 1788867179 549413
0 186721 43 0 1788867179 549576
0 186722 59 0 1788867179 549637
0 186748 49 0 1788867179 550704
0 186758 49 0 1788867179 551168
0 186799 34 0 1788867179 553027
0 186811 33 0 1788867179 553432
0 186814 33 0 1788867179 553535
0 186817 40 0 1788867179 553644
0 186831 34 0 1788867179 554129
0 186851 35 0 1788867179 554843
0 186903 35 0 1788867179 556703
0 186932 34 0 1788867179 557719
0 186949 46 0 1788867179 558399
0 187014 40 0 1788867179 561540
0 187016 40 0 1788867179 561618
0 187053 35 0 1788867179 563246
0 187106 37 0 1788867179 565148
0 187132 34 0 1788867179 566078
0 187148 61 0 1788867179 566662
0 187188 33 0 1788867179 568045
0 187194 34 0 1788867179 568250
0 187207 34 0 1788867179 568706
0 187218 34 0 1788867179 569083
0 187249 34 0 1788867179 570164
0 187278 45 0 1788867179 571367
0 187292 45 0 1788867179 572028
0 187301 45 0 1788867179 572443
0 187309 47 0 1788867179 572957
0 187333 47 0 1788867179 574150
0 187346 125 0 1788867179 574837
0 187390 35 0 1788867179 576947
0 187418 34 0 1788867179 578016
0 187422 33 0 1788867179 578158
0 187444 33 0 1788867179 578914
0 187445 33 0 1788867179 578949
0 187533 37 0 1788867179 582115
0 187535 37 0 1788867179 582192
0 187543 34 0 1788867179 582474
0 187566 33 0 1788867179 583259
0 187567 34 0 1788867179 583294
0 187647 34 0 1788867179 586119
0 187653 33 0 1788867179 586330
0 187689 35 0 1788867179 587589
0 187765 35 0 1788867179 590315
0 187803 34 0 1788867179 591788
0 187810 36 0 1788867179 592050
0 187811 35 0 1788867179 592086
0 187856 57 0 1788867179 593962
0 187861 35 0 1788867179 594163
0 187866 33 0 1788867179 594343
0 187918 33 0 1788867179 596496
0 187928 33 0 1788867179 596853
0 187965 33 0 1788867179 598136
0 187966 34 0 1788867179 598171
0 188003 34 0 1788867179 599462
0 188016 34 0 1788867179 599937
0 188031 34 0 1788867179 600452
0 188045 34 0 1788867179 600971
0 188054 34 0 1788867179 601281
0 188066 34 0 1788867179 601730
0 188072 34 0 1788867179 601944
0 188083 35 0 1788867179 602338
0 188161 35 0 1788867179 605233
0 188171 34 0 1788867179 605587
0 188177 43 0 1788867179 605824
0 188188 34 0 1788867179 606241
0 188208 40 0 1788867179 607123
0 188224 34 0 1788867179 607828
0 188235 95 0 1788867179 608347
0 188244 33 0 1788867179 608800
0 188258 34 0 1788867179 609293
0 188267 59 0 1788867179 609651
0 188298 36 0 1788867179 610983
0 188309 36 0 1788867179 611397
0 188317 35 0 1788867179 611700
0 188327 33 0 1788867179 612038
0 188328 34 0 1788867179 612073
0 188343 33 0 1788867179 612594
0 188369 63 0 1788867179 613662
0 188377 33 0 1788867179 613938
0 188400 36 0 1788867179 614746
0 188407 34 0 1788867179 614985
0 188419 34 0 1788867179 615433
0 188457 34 0 1788867179 617002
0 188478 37 0 1788867179 617745
0 188481 34 0 1788867179 617855
0 188487 34 0 1788867179 618060
0 188522 35 0 1788867179 619312
0 188576 35 0 1788867179 621312
0 188577 35 0 1788867179 621349
0 188580 35 0 1788867179 621454
0 188603 41 0 1788867179 622358
0 188633 35 0 1788867179 623462
0 188638 65 0 1788867179 623670
0 188667 35 0 1788867179 624735
0 188673 40 0 1788867179 624957
0 188757 32 0 1788867179 627967
0 188772 37 0 1788867179 628489
0 188797 32 0 1788867179 629321
0 188815 33 0 1788867179 629947
0 188817 34 0 1788867179 630023
0 188855 33 0 1788867179 631291
0 188859 35 0 1788867179 631425
0 188876 33 0 1788867179 632013
0 188880 32 0 1788867179 632144
0 188922 50 0 1788867179 633715
0 188957 33 0 1788867179 634983
0 188972 34 0 1788867179 635490
0 188974 33 0 1788867179 635558
0 188990 33 0 1788867179 636102
0 188998 44 0 1788867179 636444
0 189016 33 0 1788867179 637125
0 189051 33 0 1788867179 638324
0 189075 32 0 1788867179 639143
0 189082 34 0 1788867179 639381
0 189095 33 0 1788867179 640007
0 189097 33 0 1788867179 640074
0 189143 34 0 1788867179 641732
0 189167 48 0 1788867179 642764
0 189197 39 0 1788867179 644116
0 189198 37 0 1788867179 644157
0 189212 43 0 1788867179 644716
0 189229 33 0 1788867179 645294
0 189257 32 0 1788867179 646228
0 189259 33 0 1788867179 646295
0 189354 67 0 1788867179 649525
0 189365 32 0 1788867179 649951
0 189378 32 0 1788867179 650413
0 189383 33 0 1788867179 650577
0 189402 33 0 1788867179 651316
0 189422 33 0 1788867179 652027
0 189517 34 0 1788867179 655271
0 189518 34 0 1788867179 655308
0 189528 46 0 1788867179 655708
0 189531 46 0 1788867179 655830
0 189539 33 0 1788867179 656166
0 189550 33 0 1788867179 656537
0 189581 33 0 1788867179 657597
0 189604 33 0 1788867179 658397
0 189630 34 0 1788867179 659280
0 189640 42 0 1788867179 659683
0 189649 45 0 1788867179 660056
0 189666 34 0 1788867179 660693
0 189693 33 0 1788867179 661704
0 189742 33 0 1788867179 663393
0 189750 35 0 1788867179 663673
0 189755 33 0 1788867179 663844
0 189760 32 0 1788867179 664007
0 189762 32 0 1788867179 664074
0 189795 33 0 1788867179 665170
0 189813 33 0 1788867179 665793
0 189816 33 0 1788867179 665893
0 189832 39 0 1788867179 666467
0 189839 33 0 1788867179 666741
0 189859 33 0 1788867179 667407
0 189865 51 0 1788867179 667639
0 189899 32 0 1788867179 668875
0 189922 55 0 1788867179 669645
0 189943 34 0 1788867179 670332
0 189957 32 0 1788867179 670802
0 189962 32 0 1788867179 670965
0 189975 35 0 1788867179 671399
0 190012 37 0 1788867179 672718
0 190028 33 0 1788867179 673357
0 190040 33 0 1788867179 673776
0 190042 34 0 1788867179 673850
0 190062 38 0 1788867179 674794
0 190075 33 0 1788867179 675306
0 190090 38 0 1788867179 675886
0 190097 40 0 1788867179 676178
0 190098 39 0 1788867179 676225
0 190118 35 0 1788867179 677066
0 190143 33 0 1788867179 678030
0 190146 32 0 1788867179 678134
0 190165 32 0 1788867179 678772
0 190174 32 0 1788867179 679065
0 190177 35 0 1788867179 679175
0 190180 37 0 1788867179 679280
0 190231 33 0 1788867179 681060
0 190283 32 0 1788867179 682857
0 190299 32 0 1788867179 683389
0 190337 32 0 1788867179 684694
0 190339 32 0 1788867179 684761
0 190342 42 0 1788867179 684870
0 190397 32 0 1788867179 686787
0 190399 33 0 1788867179 686854
0 190402 32 0 1788867179 686952
0 190418 33 0 1788867179 687523
0 190472 33 0 1788867179 689338
0 190497 33 0 1788867179 690190
0 190501 33 0 1788867179 690325
0 190511 36 0 1788867179 690674
0 190542 39 0 1788867179 691761
0 190556 33 0 1788867179 692232
0 190584 33 0 1788867179 693190
0 190598 40 0 1788867179 693737
0 190605 32 0 1788867179 693983
0 190613 34 0 1788867179 694259
0 190651 33 0 1788867179 695595
0 190656 39 0 1788867179 695805
0 190663 34 0 1788867179 696047
0 190680 50 0 1788867179 696645
0 190683 33 0 1788867179 696747
0 190722 32 0 1788867179 698081
0 190728 32 0 1788867179 698283
0 190749 32 0 1788867179 698982
0 190795 33 0 1788867179 700530
0 190805 33 0 1788867179 700884
0 190936 33 0 1788867179 705447
0 190964 39 0 1788867179 706497
0 190972 34 0 1788867179 706857
0 190974 34 0 1788867179 706926
0 191011 39 0 1788867179 708400
0 191049 34 0 1788867179 710466
0 191054 44 0 1788867179 710655
0 191066 33 0 1788867179 711084
0 191093 33 0 1788867179 712060
0 191094 34 0 1788867179 712095
0 191105 33 0 1788867179 712455
0 191114 36 0 1788867179 712777
0 191130 33 0 1788867179 713300
0 191136 40 0 1788867179 713532
0 191145 41 0 1788867179 713924
0 191158 38 0 1788867179 714383
0 191248 32 0 1788867179 717575
0 191251 39 0 1788867179 717722
0 191321 34 0 1788867179 720164
0 191340 33 0 1788867179 720820
0 191347 35 0 1788867179 721058
0 191372 32 0 1788867179 721922
0 191404 32 0 1788867179 722981
0 191426 33 0 1788867179 723743
0 191437 33 0 1788867179 724107
0 191461 33 0 1788867179 724919
0 191470 35 0 1788867179 725238
0 191494 35 0 1788867179 726106
0 191514 33 0 1788867179 726790
0 191531 35 0 1788867179 727461
0 191534 33 0 1788867179 727562
0 191538 32 0 1788867179 727717
0 191562 31 0 1788867179 728530
0 191563 32 0 1788867179 728564
0 191602 32 0 1788867179 729867
0 191609 32 0 1788867179 730099
0 191623 32 0 1788867179 730558
0 191679 32 0 1788867179 732509
0 191687 33 0 1788867179 732788
0 191688 33 0 1788867179 732822
0 191715 33 0 1788867179 733762
0 191731 32 0 1788867179 734282
0 191734 33 0 1788867179 734385
0 191752 33 0 1788867179 734994
0 191765 32 0 1788867179 735420
0 191783 32 0 1788867179 736040
0 191797 35 0 1788867179 736511
0 191812 36 0 1788867179 737015
0 191846 32 0 1788867179 738165
0 191865 33 0 1788867179 738822
0 191884 43 0 1788867179 739508
0 191910 61 0 1788867179 740655
0 191914 35 0 1788867179 740828
0 191972 54 0 1788867179 743080
0 191977 33 0 1788867179 743293
0 192012 34 0 1788867179 744678
0 192066 49 0 1788867179 746710
0 192088 45 0 1788867179 747673
0 192100 42 0 1788867179 748190
0 192123 44 0 1788867179 749228
0 192137 31 0 1788867179 750007
0 192138 32 0 1788867179 750044
0 192140 31 0 1788867179 750108
0 192186 35 0 1788867179 752159
0 192195 31 0 1788867179 752469
0 192241 31 0 1788867179 754035
0 192256 38 0 1788867179 754514
0 192269 36 0 1788867179 754985
0 192282 31 0 1788867179 755394
0 192288 42 0 1788867179 755597
0 192295 31 0 1788867179 755840
0 192318 31 0 1788867179 756608
0 192319 53 0 1788867179 756662
0 192330 31 0 1788867179 757028
0 192348 32 0 1788867179 757592
0 192352 35 0 1788867179 757740
0 192357 31 0 1788867179 757906
0 192381 38 0 1788867179 758673
0 192382 45 0 1788867179 758719
0 192409 32 0 1788867179 759604
0 192424 32 0 1788867179 760115
0 192483 32 0 1788867179 762094
0 192498 32 0 1788867179 762584
0 192511 32 0 1788867179 763017
0 192523 35 0 1788867179 763417
0 192526 32 0 1788867179 763520
0 192535 34 0 1788867179 763835
0 192601 32 0 1788867179 766047
0 192612 39 0 1788867179 766468
0 192620 35 0 1788867179 766815
0 192666 37 0 1788867179 768415
0 192670 32 0 1788867179 768546
0 192675 33 0 1788867179 768724
0 192686 31 0 1788867179 769094
0 192698 33 0 1788867179 769516
0 192702 36 0 1788867179 769671
0 192709 38 0 1788867179 769907
0 192718 32 0 1788867179 770218
0 192753 32 0 1788867179 771467
0 192757 32 0 1788867179 771605
0 192759 33 0 1788867179 771686
0 192772 62 0 1788867179 772131
0 192779 32 0 1788867179 772376
0 192797 38 0 1788867179 773001
0 192809 31 0 1788867179 773478
0 192817 34 0 1788867179 773752
0 192829 43 0 1788867179 774399
0 192856 40 0 1788867179 775375
0 192857 58 0 1788867179 775435
0 192878 43 0 1788867179 776430
0 192897 32 0 1788867179 777110
0 192907 31 0 1788867179 777436
0 192918 32 0 1788867179 777792
0 192925 31 0 1788867179 778013
0 192930 32 0 1788867179 778195
0 192945 33 0 1788867179 778687
0 192955 31 0 1788867179 779002
0 192977 32 0 1788867179 779770
0 192995 31 0 1788867179 780378
0 193003 41 0 1788867179 780640
0 193046 40 0 1788867179 782377
0 193084 32 0 1788867179 783919
0 193108 32 0 1788867179 784909
0 193134 31 0 1788867179 785899
0 193150 31 0 1788867179 786410
0 193202 39 0 1788867179 788396
0 193205 40 0 1788867179 788521
0 193256 112 0 1788867179 790828
0 193272 74 0 1788867179 791675
0 193277 46 0 1788867179 791917
0 193299 40 0 1788867179 792927
0 193339 43 0 1788867179 794515
0 193351 35 0 1788867179 795081
0 193377 31 0 1788867179 795957
0 193386 32 0 1788867179 796262
0 193425 32 0 1788867179 797556
0 193463 32 0 1788867179 798832
0 193494 32 0 1788867179 799877
0 193504 49 0 1788867179 800235
0 193509 38 0 1788867179 800444
0 193510 43 0 1788867179 800489
0 193528 44 0 1788867179 801242
0 193537 33 0 1788867179 801575
0 193564 31 0 1788867179 802495
0 193592 36 0 1788867179 803407
0 193645 31 0 1788867179 805237
0 193659 32 0 1788867179 805719
0 193677 42 0 1788867179 806372
0 193686 49 0 1788867179 806752
0 193697 34 0 1788867179 807253
0 193712 31 0 1788867179 807825
0 193721 42 0 1788867179 808130
0 193736 55 0 1788867179 808854
0 193754 33 0 1788867179 809528
0 193759 32 0 1788867179 809718
0 193768 32 0 1788867179 810017
0 193857 54 0 1788867179 813404
0 193858 60 0 1788867179 813472
0 193961 31 0 1788867179 816920
0 193963 31 0 1788867179 816985
0 194002 35 0 1788867179 818253
0 194003 32 0 1788867179 818286
0 194009 31 0 1788867179 818478
0 194015 33 0 1788867179 818682
0 194028 32 0 1788867179 819181
0 194054 42 0 1788867179 820101
0 194105 32 0 1788867179 821824
0 194121 32 0 1788867179 822350
0 194125 32 0 1788867179 822481
0 194164 42 0 1788867179 823818
0 194211 32 0 1788867179 825407
0 194220 34 0 1788867179 825790
0 194225 37 0 1788867179 825977
0 194231 38 0 1788867179 826196
0 194240 32 0 1788867179 826498
0 194241 36 0 1788867179 826535
0 194256 32 0 1788867179 827092
0 194282 32 0 1788867179 827966
0 194301 46 0 1788867179 828635
0 194306 38 0 1788867179 828816
0 194328 33 0 1788867179 829542
0 194378 43 0 1788867179 831390
0 194386 42 0 1788867179 831753
0 194404 32 0 1788867179 832457
0 194417 32 0 1788867179 832901
0 194437 33 0 1788867179 833566
0 194441 33 0 1788867179 833723
0 194446 33 0 1788867179 833887
0 194453 32 0 1788867179 834115
0 194507 63 0 1788867179 836037
0 194511 32 0 1788867179 836176
0 194513 32 0 1788867179 836242
0 194577 32 0 1788867179 838374
0 194581 32 0 1788867179 838504
0 194638 39 0 1788867179 840686
0 194654 39 0 1788867179 841283
0 194662 67 0 1788867179 841580
0 194707 34 0 1788867179 843323
0 194712 51 0 1788867179 843522
0 194781 31 0 1788867179 846031
0 194784 35 0 1788867179 846131
0 194789 31 0 1788867179 846290
0 194830 31 0 1788867179 847598
0 194832 34 0 1788867179 847676
0 194857 31 0 1788867179 848460
0 194864 34 0 1788867179 848705
0 194951 31 0 1788867179 851750
0 194952 32 0 1788867179 851784
0 194977 32 0 1788867179 852580
0 194992 31 0 1788867179 853072
0 195002 31 0 1788867179 853397
0 195005 32 0 1788867179 853493
0 195008 31 0 1788867179 853588
0 195020 32 0 1788867179 853999
0 195027 36 0 1788867179 854255
0 195084 32 0 1788867179 856414
0 195093 41 0 1788867179 856733
0 195105 41 0 1788867179 857168
0 195106 33 0 1788867179 857204
0 195120 43 0 1788867179 857768
0 195141 41 0 1788867179 858583
0 195142 52 0 1788867179 858638
0 195147 32 0 1788867179 858808
0 195160 40 0 1788867179 859286
0 195193 40 0 1788867179 860768
0 195200 41 0 1788867179 861060
0 195225 32 0 1788867179 862076
0 195230 31 0 1788867179 862237
0 195287 33 0 1788867179 864345
0 195288 35 0 1788867179 864384
0 195308 40 0 1788867179 865112
0 195342 33 0 1788867179 866460
0 195354 61 0 1788867179 867124
0 195398 38 0 1788867179 869409
0 195418 54 0 1788867179 870450
0 195422 95 0 1788867179 870702
0 195444 81 0 1788867179 872103
0 195461 47 0 1788867179 872912
0 195519 53 0 1788867179 876187
0 195527 73 0 1788867179 876856
0 195530 56 0 1788867179 877021
0 195566 32 0 1788867179 879299
0 195605 77 0 1788867179 880686
0 195612 33 0 1788867179 880945
0 195618 33 0 1788867179 881143
0 195632 32 0 1788867179 881604
0 195663 44 0 1788867179 882798
0 195669 33 0 1788867179 883008
0 195679 32 0 1788867179 883335
0 195687 35 0 1788867179 883603
0 195692 32 0 1788867179 883809
0 195695 36 0 1788867179 883913
0 195718 35 0 1788867179 884735
0 195732 33 0 1788867179 885231
0 195748 41 0 1788867179 885782
0 195784 62 0 1788867179 887073
0 195800 32 0 1788867179 887609
0 195811 32 0 1788867179 888110
0 195842 42 0 1788867179 889165
0 195855 32 0 1788867179 889583
0 195866 32 0 1788867179 889948
0 195874 33 0 1788867179 890210
0 195925 33 0 1788867179 892098
0 195935 33 0 1788867179 892430
0 195955 46 0 1788867179 893306
0 195976 42 0 1788867179 894217
0 196000 33 0 1788867179 895193
0 196015 38 0 1788867179 895730
0 196023 36 0 1788867179 895995
0 196032 32 0 1788867179 896289
0 196033 32 0 1788867179 896322
0 196043 35 0 1788867179 896683
0 196080 32 0 1788867179 897917
0 196089 32 0 1788867179 898225
0 196179 33 0 1788867179 901252
0 196214 35 0 1788867179 902431
0 196229 37 0 1788867179 902937
0 196237 32 0 1788867179 903197
0 196278 48 0 1788867179 904601
0 196289 45 0 1788867179 905113
0 196293 43 0 1788867179 905296
0 196300 42 0 1788867179 905607
0 196316 72 0 1788867179 906378
0 196325 43 0 1788867179 906984
0 196335 42 0 1788867179 907422
0 196345 42 0 1788867179 907857
0 196364 41 0 1788867179 908759
0 196365 40 0 1788867179 908806
0 196371 48 0 1788867179 909068
0 196400 32 0 1788867179 910606
0 196414 32 0 1788867179 911081
0 196437 31 0 1788867179 911821
0 196442 31 0 1788867179 911980
0 196443 31 0 1788867179 912012
0 196452 31 0 1788867179 912295
0 196490 31 0 1788867179 913511
0 196499 32 0 1788867179 913805
0 196505 31 0 1788867179 913994
0 196508 34 0 1788867179 914102
0 196533 33 0 1788867179 914995
0 196537 33 0 1788867179 915147
0 196545 32 0 1788867179 915414
0 196564 37 0 1788867179 916050
0 196567 32 0 1788867179 916148
0 196570 32 0 1788867179 916245
0 196602 32 0 1788867179 917293
0 196615 32 0 1788867179 917731
0 196621 33 0 1788867179 917948
0 196653 32 0 1788867179 919008
0 196679 33 0 1788867179 919874
0 196682 33 0 1788867179 919973
0 196719 32 0 1788867179 921201
0 196818 32 0 1788867179 924577
0 196828 32 0 1788867179 924924
0 196831 40 0 1788867179 925030
0 196832 34 0 1788867179 925065
0 196851 40 0 1788867179 925727
0 196862 32 0 1788867179 926092
0 196929 32 0 1788867179 928490
0 196947 31 0 1788867179 929078
0 196951 31 0 1788867179 929206
0 196979 31 0 1788867179 930119
0 197002 31 0 1788867179 930854
0 197028 32 0 1788867179 931708
0 197032 32 0 1788867179 931836
0 197040 32 0 1788867179 932092
0 197044 39 0 1788867179 932242
0 197049 32 0 1788867179 932405
0 197062 43 0 1788867179 932921
0 197084 42 0 1788867179 933874
0 197118 44 0 1788867179 935331
0 197178 31 0 1788867179 937400
0 197229 43 0 1788867179 939686
0 197284 93 0 1788867179 942297
0 197295 41 0 1788867179 942853
0 197330 31 0 1788867179 944326
0 197335 31 0 1788867179 944486
0 197336 31 0 1788867179 944518
0 197340 40 0 1788867179 944658
0 197342 31 0 1788867179 944723
0 197367 37 0 1788867179 945559
0 197369 68 0 1788867179 945662
0 197378 38 0 1788867179 945974
0 197388 31 0 1788867179 946295
0 197395 31 0 1788867179 946520
0 197408 32 0 1788867179 946940
0 197433 31 0 1788867179 947771
0 197450 31 0 1788867179 948309
0 197458 31 0 1788867179 948561
0 197460 48 0 1788867179 948642
0 197492 31 0 1788867179 949846
0 197498 31 0 1788867179 950038
0 197505 32 0 1788867179 950273
0 197518 35 0 1788867179 950713
0 197551 33 0 1788867179 951915
0 197561 32 0 1788867179 952254
0 197566 36 0 1788867179 952423
0 197572 38 0 1788867179 952624
0 197587 42 0 1788867179 953133
0 197601 47 0 1788867179 953815
0 197621 38 0 1788867179 954776
0 197624 41 0 1788867179 954895
0 197654 61 0 1788867179 956665
0 197658 45 0 1788867179 956859
0 197680 67 0 1788867179 957830
0 197698 49 0 1788867179 958639
0 197718 43 0 1788867179 959509
0 197786 35 0 1788867179 962584
0 197803 47 0 1788867179 963352
0 197805 46 0 1788867179 963446
0 197807 45 0 1788867179 963538
0 197809 53 0 1788867179 963638
0 197810 49 0 1788867179 963688
0 197819 42 0 1788867179 964105
0 197841 34 0 1788867179 965126
0 197877 49 0 1788867179 966356
0 197949 32 0 1788867179 968877
0 197976 31 0 1788867179 969740
0 198025 36 0 1788867179 971361
0 198051 32 0 1788867179 972338
0 198072 38 0 1788867179 973236
0 198090 33 0 1788867179 973878
0 198113 40 0 1788867179 974680
0 198124 64 0 1788867179 975154
0 198141 35 0 1788867179 975971
0 198150 41 0 1788867179 976312
0 198154 41 0 1788867179 976529
0 198181 32 0 1788867179 977436
0 198193 31 0 1788867179 977950
0 198198 32 0 1788867179 978126
0 198223 32 0 1788867179 978947
0 198241 33 0 1788867179 979549
0 198280 31 0 1788867179 980816
0 198321 31 0 1788867179 982329
0 198344 36 0 1788867179 983091
0 198350 31 0 1788867179 983285
0 198388 32 0 1788867179 984538
0 198411 34 0 1788867179 985299
0 198479 37 0 1788867179 987715
0 198493 32 0 1788867179 988219
0 198515 33 0 1788867179 988970
0 198521 31 0 1788867179 989164
0 198547 33 0 1788867179 990039
0 198567 32 0 1788867179 990710
0 198574 32 0 1788867179 990953
0 198589 32 0 1788867179 991472
0 198617 32 0 1788867179 992478
0 198618 33 0 1788867179 992512
0 198644 32 0 1788867179 993445
0 198645 59 0 1788867179 993507
0 198674 32 0 1788867179 994567
0 198696 32 0 1788867179 995423
0 198714 36 0 1788867179 996034
0 198734 33 0 1788867179 996888
0 198768 32 0 1788867179 998062
0 198806 38 0 1788867179 999339
0 198809 39 0 1788867179 999483
0 198840 32 0 1788867180 537
0 198847 55 0 1788867180 806
0 198858 32 0 1788867180 1170
0 198902 31 0 1788867180 2700
0 198914 31 0 1788867180 3085
0 198919 32 0 1788867180 3244
0 199005 38 0 1788867180 6472
0 199009 48 0 1788867180 6649
0 199031 54 0 1788867180 7801
0 199037 41 0 1788867180 8052
0 199090 32 0 1788867180 10165
0 199137 57 0 1788867180 11978
0 199164 46 0 1788867180 13390
0 199185 41 0 1788867180 14371
0 199186 42 0 1788867180 14415
0 199195 32 0 1788867180 14780
0 199225 50 0 1788867180 15882
0 199282 32 0 1788867180 17776
0 199305 32 0 1788867180 18509
0 199316 32 0 1788867180 18891
0 199350 40 0 1788867180 20105
0 199433 32 0 1788867180 23340
0 199440 32 0 1788867180 23576
0 199462 32 0 1788867180 24367
0 199466 32 0 1788867180 24499
0 199467 33 0 1788867180 24533
0 199476 32 0 1788867180 24849
0 199482 51 0 1788867180 25074
0 199530 37 0 1788867180 27054
0 199534 33 0 1788867180 27237
0 199545 39 0 1788867180 27660
0 199564 44 0 1788867180 28532
0 199575 53 0 1788867180 29092
0 199590 63 0 1788867180 29890
0 199592 52 0 1788867180 30009
0 199672 32 0 1788867180 33141
0 199683 31 0 1788867180 33503
0 199801 33 0 1788867180 38025
0 199811 31 0 1788867180 38345
0 199840 31 0 1788867180 39390
0 199847 44 0 1788867180 39642
0 199852 33 0 1788867180 39817
0 199897 34 0 1788867180 41694
0 199908 35 0 1788867180 42196
0 199970 32 0 1788867180 44543
0 199973 57 0 1788867180 44667
0 199974 34 0 1788867180 44702
0 199983 31 0 1788867180 44988
0 200022 31 0 1788867180 46296
0 200031 31 0 1788867180 46590
0 200059 33 0 1788867180 47545
0 200064 33 0 1788867180 47732
0 200083 38 0 1788867180 48380
0 200111 31 0 1788867180 49424
0 200124 40 0 1788867180 50053
0 200142 43 0 1788867180 50646
0 200154 34 0 1788867180 51058
0 200198 35 0 1788867180 52816
0 200230 31 0 1788867180 53891
0 200275 42 0 1788867180 55721
0 200287 45 0 1788867180 56285
0 200313 32 0 1788867180 57220
0 200317 31 0 1788867180 57349
0 200346 31 0 1788867180 58274
0 200364 33 0 1788867180 58896
0 200377 44 0 1788867180 59378
0 200430 31 0 1788867180 61192
0 200458 31 0 1788867180 62155
0 200490 45 0 1788867180 63431
0 200514 33 0 1788867180 64318
0 200520 32 0 1788867180 64511
0 200526 34 0 1788867180 64723
0 200528 33 0 1788867180 64793
0 200533 32 0 1788867180 64954
0 200540 32 0 1788867180 65176
0 200544 31 0 1788867180 65302
0 200550 31 0 1788867180 65492
0 200612 32 0 1788867180 67475
0 200640 32 0 1788867180 68409
0 200649 31 0 1788867180 68717
0 200682 32 0 1788867180 69801
0 200689 32 0 1788867180 70025
0 200702 32 0 1788867180 70447
0 200721 40 0 1788867180 71163
0 200729 47 0 1788867180 71463
0 200788 33 0 1788867180 73822
0 200790 32 0 1788867180 73892
0 200796 34 0 1788867180 74100
0 200849 31 0 1788867180 76279
0 200880 32 0 1788867180 77335
0 200906 32 0 1788867180 78247
0 200929 31 0 1788867180 79015
0 200966 62 0 1788867180 80272
0 200975 53 0 1788867180 80693
0 200989 77 0 1788867180 81334
0 200993 32 0 1788867180 81484
0 200996 43 0 1788867180 81611
0 201010 31 0 1788867180 82169
0 201034 43 0 1788867180 83024
0 201080 32 0 1788867180 84967
0 201103 32 0 1788867180 85731
0 201148 43 0 1788867180 87733
0 201158 43 0 1788867180 88173
0 201188 46 0 1788867180 89488
0 201189 44 0 1788867180 89533
0 201191 56 0 1788867180 89635
0 201267 43 0 1788867180 93008
0 201330 43 0 1788867180 95712
0 201332 43 0 1788867180 95801
0 201338 42 0 1788867180 96057
0 201374 43 0 1788867180 97704
0 201389 42 0 1788867180 98367
0 201402 43 0 1788867180 98962
0 201410 42 0 1788867180 99308
0 201486 39 0 1788867180 103488
0 201490 84 0 1788867180 103689
0 201503 38 0 1788867180 104250
0 201512 37 0 1788867180 104597
0 201518 35 0 1788867180 104880
0 201519 36 0 1788867180 104919
0 201548 35 0 1788867180 106331
0 201602 40 0 1788867180 108267
0 201614 48 0 1788867180 108801
0 201624 55 0 1788867180 109278
0 201625 67 0 1788867180 109348
0 201697 31 0 1788867180 112243
0 201698 33 0 1788867180 112288
0 201751 34 0 1788867180 114140
0 201758 33 0 1788867180 114372
0 201773 32 0 1788867180 114883
0 201774 32 0 1788867180 114917
0 201803 43 0 1788867180 115922
0 201818 45 0 1788867180 116841
0 201841 48 0 1788867180 119128
0 201899 42 0 1788867180 122253
0 201913 41 0 1788867180 122912
0 201924 35 0 1788867180 123497
0 201981 51 0 1788867180 128625
0 201985 44 0 1788867180 128827
0 201993 42 0 1788867180 129171
0 202024 34 0 1788867180 130470
0 202033 34 0 1788867180 130819
0 202128 32 0 1788867180 134259
0 202152 37 0 1788867180 135099
0 202172 32 0 1788867180 135778
0 202180 32 0 1788867180 136038
0 202193 46 0 1788867180 136607
0 202214 36 0 1788867180 137356
0 202227 43 0 1788867180 138016
0 202241 40 0 1788867180 138609
0 202255 35 0 1788867180 139270
0 202283 51 0 1788867180 140674
0 202303 127 0 1788867180 141801
0 202318 49 0 1788867180 143591
0 202328 57 0 1788867180 144459
0 202339 67 0 1788867180 145379
0 202341 76 0 1788867180 145532
0 202346 73 0 1788867180 145892
0 202372 146 0 1788867180 147879
0 202373 57 0 1788867180 147942
0 202381 37 0 1788867180 148283
0 202391 41 0 1788867180 148755
0 202403 70 0 1788867180 149633
0 202428 49 0 1788867180 151108
0 202429 51 0 1788867180 151162
0 202446 33 0 1788867180 151806
0 202460 32 0 1788867180 152280
0 202472 41 0 1788867180 152750
0 202480 37 0 1788867180 153063
0 202503 39 0 1788867180 154459
0 202520 55 0 1788867180 155309
0 202531 55 0 1788867180 155978
0 202532 55 0 1788867180 156036
0 202537 49 0 1788867180 156295
0 202580 45 0 1788867180 158354
0 202594 45 0 1788867180 159005
0 202617 41 0 1788867180 160030
0 202697 34 0 1788867180 163467
0 202705 35 0 1788867180 163760
0 202739 42 0 1788867180 164975
0 202816 33 0 1788867180 167862
0 202832 33 0 1788867180 168391
0 202880 32 0 1788867180 169982
0 202925 47 0 1788867180 171560
0 202930 40 0 1788867180 171920
0 202932 38 0 1788867180 172005
0 202933 42 0 1788867180 172049
0 202943 0 0 1788867180 172672
0 202977 41 0 1788867180 174033
0 202994 33 0 1788867180 174824
0 203006 34 0 1788867180 175264
0 203075 34 0 1788867180 177826
0 203083 44 0 1788867180 178201
0 203092 44 0 1788867180 178610
0 203107 45 0 1788867180 179341
0 203108 46 0 1788867180 179389
0 203115 47 0 1788867180 179727
0 203149 40 0 1788867180 181243
0 203171 35 0 1788867180 182085
0 203177 36 0 1788867180 182305
0 203178 35 0 1788867180 182341
0 203245 33 0 1788867180 184735
0 203253 34 0 1788867180 185014
0 203260 37 0 1788867180 185256
0 203282 40 0 1788867180 186048
0 203315 45 0 1788867180 187724
0 203332 44 0 1788867180 188466
0 203358 55 0 1788867180 189662
0 203364 64 0 1788867180 189977
0 203375 54 0 1788867180 190556
0 203384 35 0 1788867180 190982
0 203402 54 0 1788867180 191660
0 203423 33 0 1788867180 192381
0 203434 33 0 1788867180 192785
0 203443 35 0 1788867180 193098
0 203447 34 0 1788867180 193234
0 203452 33 0 1788867180 193404
0 203494 33 0 1788867180 194970
0 203520 34 0 1788867180 195868
0 203557 34 0 1788867180 197160
0 203559 35 0 1788867180 197231
0 203578 34 0 1788867180 197904
0 203614 58 0 1788867180 199628
0 203649 45 0 1788867180 201309
0 203681 46 0 1788867180 202854
0 203694 46 0 1788867180 203490
0 203745 45 0 1788867180 206083
0 203753 51 0 1788867180 206400
0 203764 56 0 1788867180 206916
0 203807 33 0 1788867180 208930
0 203808 34 0 1788867180 208968
0 203824 33 0 1788867180 209507
0 203848 34 0 1788867180 210372
0 203898 46 0 1788867180 212376
0 203901 46 0 1788867180 212522
0 203909 47 0 1788867180 212895
0 203927 46 0 1788867180 213747
0 203940 45 0 1788867180 214348
0 203954 49 0 1788867180 214999
0 203971 45 0 1788867180 215786
0 203988 45 0 1788867180 216562
0 204012 46 0 1788867180 217708
0 204019 45 0 1788867180 218031
0 204062 38 0 1788867180 219927
0 204088 34 0 1788867180 220891
0 204117 37 0 1788867180 221943
0 204147 45 0 1788867180 223202
0 204173 35 0 1788867180 224240
0 204183 36 0 1788867180 224596
0 204214 35 0 1788867180 225730
0 204215 35 0 1788867180 225766
0 204298 34 0 1788867180 228856
0 204301 34 0 1788867180 228961
0 204350 40 0 1788867180 230660
0 204357 36 0 1788867180 230912
0 204372 34 0 1788867180 231426
0 204397 34 0 1788867180 232320
0 204409 46 0 1788867180 232894
0 204410 46 0 1788867180 232943
0 204416 45 0 1788867180 233226
0 204438 34 0 1788867180 234159
0 204440 34 0 1788867180 234229
0 204471 37 0 1788867180 235805
0 204500 35 0 1788867180 236941
0 204559 34 0 1788867180 239343
0 204604 50 0 1788867180 241545
0 204605 50 0 1788867180 241611
0 204625 39 0 1788867180 242525
0 204651 40 0 1788867180 243497
0 204702 34 0 1788867180 245339
0 204707 35 0 1788867180 245566
0 204745 34 0 1788867180 247012
0 204749 34 0 1788867180 247149
0 204816 34 0 1788867180 249527
0 204835 34 0 1788867180 250194
0 204911 34 0 1788867180 253212
0 204928 33 0 1788867180 253817
0 204979 45 0 1788867180 256153
0 204985 45 0 1788867180 256430
0 205031 45 0 1788867180 258575
0 205040 45 0 1788867180 259013
0 205118 46 0 1788867180 262722
0 205127 45 0 1788867180 263140
0 205148 45 0 1788867180 264109
0 205162 35 0 1788867180 264791
0 205169 37 0 1788867180 265034
0 205186 38 0 1788867180 265621
0 205222 44 0 1788867180 266901
0 205228 33 0 1788867180 267113
0 205260 34 0 1788867180 268228
0 205265 34 0 1788867180 268402
0 205269 37 0 1788867180 268544
0 205275 34 0 1788867180 268781
0 205298 58 0 1788867180 269649
0 205301 34 0 1788867180 269761
0 205315 34 0 1788867180 270260
0 205319 35 0 1788867180 270408
0 205321 34 0 1788867180 270479
0 205354 41 0 1788867180 271911
0 205375 37 0 1788867180 273112
0 205384 47 0 1788867180 273480
0 205480 45 0 1788867180 277961
0 205533 37 0 1788867180 279882
0 205545 34 0 1788867180 280492
0 205552 33 0 1788867180 280750
0 205632 34 0 1788867180 283568
0 205649 34 0 1788867180 284237
0 205680 33 0 1788867180 285442
0 205699 34 0 1788867180 286123
0 205704 34 0 1788867180 286295
0 205743 37 0 1788867180 287689
0 205750 36 0 1788867180 287969
0 205755 35 0 1788867180 288146
0 205777 36 0 1788867180 288981
0 205780 36 0 1788867180 289094
0 205787 35 0 1788867180 289346
0 205804 91 0 1788867180 290140
0 205830 37 0 1788867180 291136
0 205851 33 0 1788867180 291990
0 205854 34 0 1788867180 292096
0 205859 33 0 1788867180 292263
0 205860 34 0 1788867180 292298
0 205914 46 0 1788867180 294240
0 205931 35 0 1788867180 294894
0 205962 34 0 1788867180 295966
0 205976 34 0 1788867180 296457
0 205985 37 0 1788867180 296793
0 205994 37 0 1788867180 297118
0 206043 35 0 1788867180 298894
0 206053 32 0 1788867180 299257
0 206075 33 0 1788867180 299996
0 206080 33 0 1788867180 300168
0 206104 35 0 1788867180 301017
0 206107 33 0 1788867180 301122
0 206134 32 0 1788867180 302036
0 206150 33 0 1788867180 302569
0 206171 33 0 1788867180 303279
0 206200 36 0 1788867180 304393
0 206228 65 0 1788867180 305676
0 206324 32 0 1788867180 309283
0 206339 40 0 1788867180 309806
0 206340 34 0 1788867180 309842
0 206372 33 0 1788867180 310934
0 206373 32 0 1788867180 310967
0 206384 40 0 1788867180 311359
0 206388 36 0 1788867180 311527
0 206399 32 0 1788867180 311938
0 206410 32 0 1788867180 312308
0 206455 32 0 1788867180 313890
0 206463 33 0 1788867180 314168
0 206502 35 0 1788867180 315462
0 206519 50 0 1788867180 316301
0 206577 55 0 1788867180 318987
0 206580 57 0 1788867180 319165
0 206585 62 0 1788867180 319459
0 206588 85 0 1788867180 319674
0 206624 40 0 1788867180 321354
0 206645 33 0 1788867180 322280
0 206668 32 0 1788867180 323053
0 206702 33 0 1788867180 324207
0 206709 33 0 1788867180 324438
0 206732 32 0 1788867180 325221
0 206746 35 0 1788867180 325712
0 206816 34 0 1788867180 328355
0 206834 33 0 1788867180 329011
0 206842 33 0 1788867180 329283
0 206848 44 0 1788867180 329573
0 206911 33 0 1788867180 332225
0 206919 34 0 1788867180 332503
0 206924 33 0 1788867180 332712
0 206947 36 0 1788867180 333533
0 206948 34 0 1788867180 333570
0 206990 36 0 1788867180 335044
0 207006 73 0 1788867180 335639
0 207030 37 0 1788867180 336607
0 207052 53 0 1788867180 337694
0 207059 38 0 1788867180 338043
0 207086 36 0 1788867180 339083
0 207092 33 0 1788867180 339284
0 207099 36 0 1788867180 339766
0 207118 35 0 1788867180 340399
0 207129 49 0 1788867180 341008
0 207180 47 0 1788867180 343838
0 207189 41 0 1788867180 344234
0 207196 42 0 1788867180 344547
0 207206 49 0 1788867180 345057
0 207212 47 0 1788867180 345341
0 207214 47 0 1788867180 345436
0 207235 46 0 1788867180 346515
0 207298 34 0 1788867180 350871
0 207299 34 0 1788867180 350914
0 207306 33 0 1788867180 351164
0 207316 35 0 1788867180 351512
0 207321 36 0 1788867180 351702
0 207322 34 0 1788867180 351738
0 207333 34 0 1788867180 352112
0 207364 33 0 1788867180 353186
0 207386 34 0 1788867180 354065
0 207423 34 0 1788867180 355434
0 207425 33 0 1788867180 355502
0 207440 34 0 1788867180 356022
0 207445 34 0 1788867180 356195
0 207461 36 0 1788867180 356764
0 207476 34 0 1788867180 357292
0 207483 34 0 1788867180 357528
0 207484 34 0 1788867180 357563
0 207485 34 0 1788867180 357598
0 207497 37 0 1788867180 358022
0 207499 33 0 1788867180 358091
0 207510 41 0 1788867180 358477
0 207554 41 0 1788867180 360288
0 207565 36 0 1788867180 360707
0 207594 34 0 1788867180 361749
0 207606 35 0 1788867180 362163
0 207609 34 0 1788867180 362267
0 207612 34 0 1788867180 362371
0 207638 35 0 1788867180 363287
0 207639 35 0 1788867180 363323
0 207673 82 0 1788867180 364583
0 207699 37 0 1788867180 365554
0 207729 75 0 1788867180 366670
0 207773 32 0 1788867180 368272
0 207775 32 0 1788867180 368339
0 207828 33 0 1788867180 370132
0 207847 45 0 1788867180 371013
0 207851 34 0 1788867180 371166
0 207854 41 0 1788867180 371277
0 207855 32 0 1788867180 371310
0 207864 33 0 1788867180 371604
0 207872 124 0 1788867180 371995
0 207883 33 0 1788867180 372468
0 207886 33 0 1788867180 372568
0 207907 34 0 1788867180 373365
0 207945 36 0 1788867180 374829
0 207948 32 0 1788867180 374934
0 207963 32 0 1788867180 375440
0 207968 32 0 1788867180 375604
0 207985 35 0 1788867180 376175
0 208004 32 0 1788867180 376802
0 208022 32 0 1788867180 377410
0 208041 33 0 1788867180 378051
0 208048 39 0 1788867180 378360
0 208062 33 0 1788867180 378853
0 208094 33 0 1788867180 380035
0 208148 32 0 1788867180 381855
0 208162 32 0 1788867180 382320
0 208166 32 0 1788867180 382451
0 208167 35 0 1788867180 382487
0 208225 33 0 1788867180 384452
0 208242 33 0 1788867180 385079
0 208248 34 0 1788867180 385283
0 208249 35 0 1788867180 385319
0 208286 33 0 1788867180 386605
0 208291 33 0 1788867180 386808
0 208305 37 0 1788867180 387306
0 208338 49 0 1788867180 388497
0 208384 34 0 1788867180 390123
0 208422 32 0 1788867180 391432
0 208466 33 0 1788867180 392943
0 208491 36 0 1788867180 393938
0 208510 36 0 1788867180 394590
0 208517 32 0 1788867180 394868
0 208521 33 0 1788867180 395001
0 208555 32 0 1788867180 396122
0 208570 36 0 1788867180 396616
0 208594 33 0 1788867180 397423
0 208602 33 0 1788867180 397711
0 208638 33 0 1788867180 398924
0 208650 33 0 1788867180 399325
0 208660 36 0 1788867180 399675
0 208716 33 0 1788867180 401587
0 208723 38 0 1788867180 401844
0 208744 33 0 1788867180 402548
0 208768 33 0 1788867180 403446
0 208772 33 0 1788867180 403580
0 208793 38 0 1788867180 404359
0 208808 38 0 1788867180 404904
0 208810 34 0 1788867180 404973
0 208836 33 0 1788867180 406168
0 208856 32 0 1788867180 406859
0 208875 35 0 1788867180 407509
0 208880 42 0 1788867180 407732
0 208892 51 0 1788867180 408255
0 208921 43 0 1788867180 409530
0 208963 32 0 1788867180 411142
0 208999 33 0 1788867180 412457
0 209043 32 0 1788867180 413948
0 209045 33 0 1788867180 414015
0 209069 32 0 1788867180 414855
0 209083 33 0 1788867180 415313
0 209090 32 0 1788867180 415544
0 209102 38 0 1788867180 415975
0 209104 37 0 1788867180 416050
0 209118 35 0 1788867180 416517
0 209133 33 0 1788867180 417027
0 209143 34 0 1788867180 417367
0 209207 33 0 1788867180 419509
0 209225 35 0 1788867180 420174
0 209227 34 0 1788867180 420246
0 209244 33 0 1788867180 420835
0 209248 37 0 1788867180 420976
0 209277 34 0 1788867180 421972
0 209317 33 0 1788867180 423354
0 209338 33 0 1788867180 424110
0 209352 33 0 1788867180 424590
0 209356 39 0 1788867180 424749
0 209409 33 0 1788867180 426777
0 209412 69 0 1788867180 426917
0 209413 47 0 1788867180 426967
0 209430 46 0 1788867180 427574
0 209450 44 0 1788867180 428290
0 209559 33 0 1788867180 432302
0 209565 34 0 1788867180 432508
0 209568 33 0 1788867180 432609
0 209607 33 0 1788867180 433981
0 209614 33 0 1788867180 434216
0 209620 41 0 1788867180 434424
0 209633 33 0 1788867180 434897
0 209645 33 0 1788867180 435304
0 209739 33 0 1788867180 439336
0 209756 32 0 1788867180 440184
0 209779 45 0 1788867180 441060
0 209781 43 0 1788867180 441163
0 209812 44 0 1788867180 442446
0 209815 36 0 1788867180 442576
0 209831 36 0 1788867180 443321
0 209850 33 0 1788867180 443988
0 209855 33 0 1788867180 444165
0 209914 35 0 1788867180 446145
0 209992 39 0 1788867180 448850
0 210001 32 0 1788867180 449157
0 210009 33 0 1788867180 449420
0 210074 39 0 1788867180 451714
0 210078 32 0 1788867180 451847
0 210104 38 0 1788867180 452773
0 210152 33 0 1788867180 454460
0 210185 100 0 1788867180 455835
0 210202 46 0 1788867180 456692
0 210210 43 0 1788867180 457047
0 210219 43 0 1788867180 457443
0 210222 44 0 1788867180 457577
0 210240 73 0 1788867180 458408
0 210323 36 0 1788867180 461602
0 210342 34 0 1788867180 462305
0 210367 33 0 1788867180 463161
0 210385 33 0 1788867180 463775
0 210399 38 0 1788867180 464245
0 210403 33 0 1788867180 464385
0 210427 36 0 1788867180 465191
0 210433 33 0 1788867180 465396
0 210456 34 0 1788867180 466178
0 210475 36 0 1788867180 466858
0 210511 31 0 1788867180 468110
0 210542 31 0 1788867180 469098
0 210547 31 0 1788867180 469255
0 210555 31 0 1788867180 469506
0 210561 31 0 1788867180 469699
0 210579 31 0 1788867180 470262
0 210580 66 0 1788867180 470329
0 210600 43 0 1788867180 471254
0 210606 42 0 1788867180 471516
0 210620 43 0 1788867180 472311
0 210639 43 0 1788867180 473159
0 210646 42 0 1788867180 473464
0 210674 32 0 1788867180 474776
0 210689 32 0 1788867180 475264
0 210691 32 0 1788867180 475330
0 210693 31 0 1788867180 475394
0 210717 31 0 1788867180 476171
0 210730 31 0 1788867180 476579
0 210761 31 0 1788867180 477600
0 210780 32 0 1788867180 478213
0 210792 32 0 1788867180 478592
0 210809 38 0 1788867180 479229
0 210906 31 0 1788867180 482805
0 210914 32 0 1788867180 483066
0 210943 32 0 1788867180 484034
0 210978 43 0 1788867180 485317
0 211006 45 0 1788867180 486571
0 211037 33 0 1788867180 487962
0 211060 38 0 1788867180 488816
0 211090 39 0 1788867180 489921
0 211103 32 0 1788867180 490445
0 211115 39 0 1788867180 490874
0 211158 40 0 1788867180 493586
0 211169 49 0 1788867180 494757
0 211184 32 0 1788867180 495941
0 211205 47 0 1788867180 496641
0 211219 33 0 1788867180 497106
0 211224 33 0 1788867180 497285
0 211236 32 0 1788867180 497758
0 211237 34 0 1788867180 497795
0 211250 35 0 1788867180 498258
0 211259 33 0 1788867180 498562
0 211270 35 0 1788867180 498958
0 211301 40 0 1788867180 500130
0 211318 32 0 1788867180 500862
0 211340 67 0 1788867180 501648
0 211345 38 0 1788867180 501862
0 211359 37 0 1788867180 502402
0 211364 35 0 1788867180 502571
0 211396 32 0 1788867180 503771
0 211408 33 0 1788867180 504157
0 211428 34 0 1788867180 505005
0 211484 41 0 1788867180 507508
0 211503 31 0 1788867180 508221
0 211513 31 0 1788867180 508538
0 211530 42 0 1788867180 509315
0 211584 40 0 1788867180 511489
0 211607 32 0 1788867180 512380
0 211625 33 0 1788867180 512990
0 211636 32 0 1788867180 513418
0 211645 37 0 1788867180 513769
0 211646 41 0 1788867180 513850
0 211648 39 0 1788867180 513929
0 211650 41 0 1788867180 514013
0 211658 32 0 1788867180 514314
0 211660 33 0 1788867180 514382
0 211674 32 0 1788867180 514871
0 211694 44 0 1788867180 515738
0 211705 47 0 1788867180 516213
0 211730 42 0 1788867180 517316
0 211755 43 0 1788867180 518408
0 211764 42 0 1788867180 518826
0 211775 42 0 1788867180 519304
0 211788 43 0 1788867180 519922
0 211812 38 0 1788867180 520927
0 211841 34 0 1788867180 521975
0 211854 32 0 1788867180 522405
0 211864 43 0 1788867180 522851
0 211879 43 0 1788867180 523520
0 211896 42 0 1788867180 524243
0 211923 31 0 1788867180 525262
0 211938 32 0 1788867180 525747
0 211939 32 0 1788867180 525780
0 211991 31 0 1788867180 527439
0 212004 31 0 1788867180 527868
0 212023 31 0 1788867180 528505
0 212079 56 0 1788867180 530642
0 212099 43 0 1788867180 531435
0 212148 33 0 1788867180 533514
0 212175 36 0 1788867180 534527
0 212247 37 0 1788867180 537149
0 212263 33 0 1788867180 537784
0 212273 98 0 1788867180 538344
0 212277 59 0 1788867180 538569
0 212301 31 0 1788867180 539351
0 212313 32 0 1788867180 539749
0 212326 54 0 1788867180 540237
0 212329 35 0 1788867180 540371
0 212357 51 0 1788867180 541739
0 212373 38 0 1788867180 542670
0 212391 31 0 1788867180 543241
0 212401 38 0 1788867180 543565
0 212402 35 0 1788867180 543601
0 212414 31 0 1788867180 544136
0 212441 33 0 1788867180 545243
0 212453 41 0 1788867180 545671
0 212471 32 0 1788867180 546267
0 212477 32 0 1788867180 546468
0 212490 32 0 1788867180 546922
0 212493 33 0 1788867180 547024
0 212516 32 0 1788867180 547771
0 212527 32 0 1788867180 548183
0 212563 31 0 1788867180 549405
0 212619 35 0 1788867180 551416
0 212626 47 0 1788867180 551693
0 212633 53 0 1788867180 552122
0 212637 68 0 1788867180 552359
0 212651 46 0 1788867180 553218
0 212660 47 0 1788867180 553731
0 212663 81 0 1788867180 553967
0 212671 44 0 1788867180 554438
0 212687 42 0 1788867180 555180
0 212709 31 0 1788867180 555985
0 212733 31 0 1788867180 556763
0 212738 31 0 1788867180 556921
0 212760 42 0 1788867180 557849
0 212791 43 0 1788867180 559192
0 212793 42 0 1788867180 559279
0 212828 38 0 1788867180 560731
0 212892 43 0 1788867180 563237
0 212928 34 0 1788867180 564679
0 212976 32 0 1788867180 566269
0 212978 32 0 1788867180 566335
0 212987 39 0 1788867180 566632
0 213027 37 0 1788867180 568225
0 213030 33 0 1788867180 568342
0 213033 33 0 1788867180 568441
0 213048 32 0 1788867180 568962
0 213063 36 0 1788867180 569600
0 213073 31 0 1788867180 569969
0 213079 32 0 1788867180 570167
0 213082 50 0 1788867180 570291
0 213119 31 0 1788867180 571884
0 213122 31 0 1788867180 571984
0 213142 34 0 1788867180 572715
0 213166 52 0 1788867180 573592
0 213207 42 0 1788867180 575528
0 213226 43 0 1788867180 576353
0 213234 44 0 1788867180 576704
0 213275 45 0 1788867180 578489
0 213281 43 0 1788867180 578757
0 213302 52 0 1788867180 579674
0 213317 42 0 1788867180 580315
0 213323 42 0 1788867180 580575
0 213361 45 0 1788867180 582250
0 213363 43 0 1788867180 582339
0 213373 32 0 1788867180 582769
0 213392 32 0 1788867180 583379
0 213397 33 0 1788867180 583541
0 213400 56 0 1788867180 583730
0 213429 33 0 1788867180 584706
0 213440 32 0 1788867180 585074
0 213481 32 0 1788867180 586473
0 213490 33 0 1788867180 586790
0 213492 42 0 1788867180 586866
0 213508 42 0 1788867180 587592
0 213564 43 0 1788867180 590044
0 213569 42 0 1788867180 590265
0 213570 42 0 1788867180 590310
0 213588 42 0 1788867180 591127
0 213606 45 0 1788867180 591927
0 213608 43 0 1788867180 592015
0 213652 47 0 1788867180 593940
0 213665 42 0 1788867180 594513
0 213668 47 0 1788867180 594648
0 213689 35 0 1788867180 595504
0 213708 38 0 1788867180 596235
0 213710 32 0 1788867180 596304
0 213720 49 0 1788867180 596696
0 213731 32 0 1788867180 597066
0 213774 39 0 1788867180 598795
0 213786 32 0 1788867180 599184
0 213813 33 0 1788867180 600101
0 213845 38 0 1788867180 601131
0 213849 31 0 1788867180 601258
0 213851 31 0 1788867180 601322
0 213874 31 0 1788867180 602059
0 213875 35 0 1788867180 602095
0 213894 32 0 1788867180 602843
0 213905 40 0 1788867180 603252
0 213910 32 0 1788867180 603418
0 213930 39 0 1788867180 604232
0 213932 51 0 1788867180 604332
0 213934 36 0 1788867180 604424
0 213972 38 0 1788867180 605677
0 213973 36 0 1788867180 605714
0 214008 34 0 1788867180 607089
0 214011 38 0 1788867180 607202
0 214086 31 0 1788867180 609861
0 214091 35 0 1788867180 610035
0 214097 36 0 1788867180 610289
0 214114 31 0 1788867180 610840
0 214155 31 0 1788867180 612136
0 214157 41 0 1788867180 612217
0 214171 38 0 1788867180 612855
0 214198 32 0 1788867180 613750
0 214210 32 0 1788867180 614132
0 214216 31 0 1788867180 614328
0 214225 47 0 1788867180 614631
0 214263 42 0 1788867180 616183
0 214278 42 0 1788867180 616837
0 214291 43 0 1788867180 617434
0 214296 68 0 1788867180 617676
0 214300 43 0 1788867180 617851
0 214306 42 0 1788867180 618119
0 214312 42 0 1788867180 618377
0 214313 45 0 1788867180 618423
0 214314 46 0 1788867180 618471
0 214320 43 0 1788867180 618741
0 214328 49 0 1788867180 619091
0 214394 32 0 1788867180 621516
0 214433 33 0 1788867180 622860
0 214439 33 0 1788867180 623075
0 214463 32 0 1788867180 623881
0 214472 32 0 1788867180 624189
0 214477 33 0 1788867180 624355
0 214486 40 0 1788867180 624675
0 214492 35 0 1788867180 624872
0 214538 32 0 1788867180 626453
0 214585 33 0 1788867180 628245
0 214588 32 0 1788867180 628344
0 214598 31 0 1788867180 628723
0 214694 31 0 1788867180 632152
0 214697 32 0 1788867180 632250
0 214715 31 0 1788867180 632891
0 214731 33 0 1788867180 633410
0 214736 31 0 1788867180 633570
0 214783 32 0 1788867180 635365
0 214832 32 0 1788867180 637490
0 214842 35 0 1788867180 637848
0 214848 33 0 1788867180 638062
0 214873 34 0 1788867180 639088
0 214953 32 0 1788867180 641799
0 214954 31 0 1788867180 641832
0 214959 32 0 1788867180 641991
0 214961 31 0 1788867180 642058
0 215007 33 0 1788867180 643705
0 215028 32 0 1788867180 644404
0 215040 32 0 1788867180 644801
0 215046 32 0 1788867180 645003
0 215061 32 0 1788867180 645484
0 215062 31 0 1788867180 645516
0 215066 40 0 1788867180 645683
0 215070 31 0 1788867180 645811
0 215085 36 0 1788867180 646303
0 215107 51 0 1788867180 647105
0 215156 32 0 1788867180 648823
0 215168 32 0 1788867180 649210
0 215181 54 0 1788867180 649654
0 215205 33 0 1788867180 650447
0 215233 32 0 1788867180 651392
0 215237 39 0 1788867180 651543
0 215248 33 0 1788867180 651954
0 215276 32 0 1788867180 652860
0 215280 36 0 1788867180 652993
0 215290 31 0 1788867180 653310
0 215334 32 0 1788867180 654757
0 215342 31 0 1788867180 655012
0 215349 32 0 1788867180 655242
0 215357 32 0 1788867180 655498
0 215360 80 0 1788867180 655643
0 215387 32 0 1788867180 656529
0 215391 36 0 1788867180 656693
0 215412 32 0 1788867180 657409
0 215454 40 0 1788867180 658848
0 215457 33 0 1788867180 658959
0 215472 34 0 1788867180 659477
0 215503 32 0 1788867180 660582
0 215507 32 0 1788867180 660736
0 215526 38 0 1788867180 661480
0 215558 32 0 1788867180 662520
0 215582 31 0 1788867180 663294
0 215586 31 0 1788867180 663422
0 215597 32 0 1788867180 663793
0 215632 32 0 1788867180 664935
0 215645 32 0 1788867180 665350
0 215649 31 0 1788867180 665477
0 215661 31 0 1788867180 665874
0 215685 36 0 1788867180 666660
0 215693 32 0 1788867180 666921
0 215700 32 0 1788867180 667148
0 215714 32 0 1788867180 667602
0 215722 39 0 1788867180 667881
0 215724 47 0 1788867180 667969
0 215802 54 0 1788867180 671600
0 215807 39 0 1788867180 671961
0 215818 38 0 1788867180 672491
0 215834 37 0 1788867180 673209
0 215852 38 0 1788867180 673922
0 215864 39 0 1788867180 674397
0 215880 40 0 1788867180 675052
0 215924 38 0 1788867180 676831
0 215944 41 0 1788867180 677688
0 215946 39 0 1788867180 677770
0 215981 38 0 1788867180 679239
0 215989 40 0 1788867180 679569
0 215997 33 0 1788867180 679878
0 216005 44 0 1788867180 680220
0 216012 41 0 1788867180 680503
0 216016 43 0 1788867180 680682
0 216026 39 0 1788867180 681110
0 216052 42 0 1788867180 682172
0 216062 33 0 1788867180 682530
0 216098 37 0 1788867180 683848
0 216100 36 0 1788867180 683920
0 216163 32 0 1788867180 686179
0 216184 39 0 1788867180 686993
0 216191 45 0 1788867180 687334
0 216216 40 0 1788867180 688372
0 216234 38 0 1788867180 689117
0 216247 67 0 1788867180 689674
0 216300 32 0 1788867180 691516
0 216342 37 0 1788867180 692974
0 216388 52 0 1788867180 694688
0 216389 93 0 1788867180 694783
0 216390 100 0 1788867180 694888
0 216418 35 0 1788867180 695968
0 216447 33 0 1788867180 696960
0 216522 33 0 1788867180 699572
0 216523 34 0 1788867180 699609
0 216529 32 0 1788867180 699821
0 216534 32 0 1788867180 699985
0 216552 32 0 1788867180 700583
0 216580 46 0 1788867180 701646
0 216596 40 0 1788867180 702281
0 216626 49 0 1788867180 703658
0 216643 33 0 1788867180 704233
0 216662 34 0 1788867180 705001
0 216696 41 0 1788867180 706398
0 216706 31 0 1788867180 706752
0 216719 37 0 1788867180 707178
0 216765 32 0 1788867180 708719
0 216766 32 0 1788867180 708752
0 216769 31 0 1788867180 708847
0 216771 31 0 1788867180 708911
0 216786 31 0 1788867180 709390
0 216824 31 0 1788867180 710609
0 216841 31 0 1788867180 711189
0 216855 43 0 1788867180 711703
0 216861 38 0 1788867180 711949
0 216893 61 0 1788867180 713067
0 216914 32 0 1788867180 713769
0 216937 44 0 1788867180 714544
0 216938 37 0 1788867180 714583
0 216955 31 0 1788867180 715304
0 217012 31 0 1788867180 717155
0 217019 31 0 1788867180 717376
0 217033 32 0 1788867180 717842
0 217054 31 0 1788867180 718512
0 217058 43 0 1788867180 718651
0 217071 33 0 1788867180 719079
0 217094 32 0 1788867180 719835
0 217112 32 0 1788867180 720415
0 217145 32 0 1788867180 721502
0 217146 32 0 1788867180 721535
0 217162 33 0 1788867180 722067
0 217170 39 0 1788867180 722348
0 217188 40 0 1788867180 723189
0 217189 63 0 1788867180 723255
0 217193 54 0 1788867180 723530
0 217220 49 0 1788867180 724874
0 217240 51 0 1788867180 725978
0 217241 59 0 1788867180 726042
0 217294 50 0 1788867180 728679
0 217318 31 0 1788867180 729479
0 217326 32 0 1788867180 729775
0 217360 31 0 1788867180 730875
0 217398 42 0 1788867180 732121
0 217410 32 0 1788867180 732564
0 217437 31 0 1788867180 733480
0 217438 44 0 1788867180 733529
0 217442 41 0 1788867180 733684
0 217456 35 0 1788867180 734166
0 217461 32 0 1788867180 734334
0 217481 37 0 1788867180 735147
0 217521 32 0 1788867180 736528
0 217539 32 0 1788867180 737377
0 217575 37 0 1788867180 738592
0 217594 35 0 1788867180 739345
0 217599 37 0 1788867180 739524
0 217662 34 0 1788867180 741689
0 217663 32 0 1788867180 741725
0 217691 36 0 1788867180 742640
0 217709 32 0 1788867180 743211
0 217721 33 0 1788867180 743592
0 217728 31 0 1788867180 743827
0 217729 32 0 1788867180 743860
0 217734 32 0 1788867180 744019
0 217817 37 0 1788867180 747084
0 217821 34 0 1788867180 747219
0 217826 33 0 1788867180 747388
0 217840 31 0 1788867180 747894
0 217842 31 0 1788867180 747960
0 217881 46 0 1788867180 749439
0 217887 48 0 1788867180 749665
0 217891 35 0 1788867180 749810
0 217923 44 0 1788867180 750895
0 217928 49 0 1788867180 751143
0 217934 46 0 1788867180 751435
0 217945 42 0 1788867180 751930
0 217946 37 0 1788867180 751969
0 217957 48 0 1788867180 752478
0 217958 39 0 1788867180 752520
0 218018 31 0 1788867180 754507
0 218022 52 0 1788867180 754657
0 218037 31 0 1788867180 755164
0 218039 31 0 1788867180 755228
0 218047 32 0 1788867180 755483
0 218060 32 0 1788867180 755911
0 218078 32 0 1788867180 756495
0 218083 34 0 1788867180 756678
0 218112 45 0 1788867180 757647
0 218164 32 0 1788867180 759572
0 218183 38 0 1788867180 760256
0 218222 37 0 1788867180 761661
0 218228 32 0 1788867180 761877
0 218237 32 0 1788867180 762171
0 218243 31 0 1788867180 762373
0 218251 41 0 1788867180 762648
0 218269 32 0 1788867180 763224
0 218315 47 0 1788867180 765097
0 218335 32 0 1788867180 765877
0 218353 31 0 1788867180 766449
0 218369 32 0 1788867180 766992
0 218380 32 0 1788867180 767346
0 218388 32 0 1788867180 767606
0 218393 32 0 1788867180 767784
0 218424 36 0 1788867180 768981
0 218450 32 0 1788867180 770156
0 218460 32 0 1788867180 770482
0 218490 68 0 1788867180 771727
0 218492 43 0 1788867180 771820
0 218493 47 0 1788867180 771869
0 218520 34 0 1788867180 772959
0 218523 33 0 1788867180 773070
0 218543 32 0 1788867180 773759
0 218552 31 0 1788867180 774049
0 218563 31 0 1788867180 774399
0 218572 32 0 1788867180 774699
0 218585 31 0 1788867180 775108
0 218661 41 0 1788867180 777657
0 218699 31 0 1788867180 779001
0 218746 35 0 1788867180 780549
0 218753 39 0 1788867180 780822
0 218765 35 0 1788867180 781231
0 218769 85 0 1788867180 781418
0 218829 42 0 1788867180 784091
0 218899 43 0 1788867180 787130
0 218932 43 0 1788867180 788577
0 218943 43 0 1788867180 789065
0 218978 32 0 1788867180 790526
0 218980 57 0 1788867180 790636
0 218984 33 0 1788867180 790781
0 218998 43 0 1788867180 791297
0 219026 59 0 1788867180 792660
0 219045 42 0 1788867180 793447
0 219053 43 0 1788867180 793800
0 219059 43 0 1788867180 794060
0 219088 50 0 1788867180 795424
0 219093 57 0 1788867180 795661
0 219153 44 0 1788867180 798342
0 219193 44 0 1788867180 800171
0 219202 44 0 1788867180 800573
0 219226 83 0 1788867180 802571
0 219241 58 0 1788867180 803953
0 219248 71 0 1788867180 804641
0 219291 41 0 1788867180 806698
0 219307 42 0 1788867180 807379
0 219333 40 0 1788867180 808264
0 219378 32 0 1788867180 810190
0 219390 45 0 1788867180 810723
0 219406 43 0 1788867180 811323
0 219441 33 0 1788867180 812716
0 219455 32 0 1788867180 813216
0 219457 33 0 1788867180 813284
0 219502 33 0 1788867180 814883
0 219508 35 0 1788867180 815092
0 219521 33 0 1788867180 815551
0 219527 40 0 1788867180 815796
0 219555 34 0 1788867180 816778
0 219557 33 0 1788867180 816846
0 219594 35 0 1788867180 818128
0 219619 34 0 1788867180 819051
0 219621 39 0 1788867180 819126
0 219649 35 0 1788867180 820201
0 219657 35 0 1788867180 820498
0 219694 39 0 1788867180 822230
0 219696 34 0 1788867180 822308
0 219707 42 0 1788867180 822691
0 219713 79 0 1788867180 823018
0 219735 39 0 1788867180 823959
0 219736 39 0 1788867180 824001
0 219754 42 0 1788867180 824696
0 219756 36 0 1788867180 824777
0 219763 32 0 1788867180 825007
0 219806 59 0 1788867180 827065
0 219808 57 0 1788867180 827203
0 219827 32 0 1788867180 827895
0 219834 34 0 1788867180 828191
0 219870 32 0 1788867180 829400
0 219896 33 0 1788867180 830283
0 219921 39 0 1788867180 831122
0 219945 33 0 1788867180 831930
0 219962 35 0 1788867180 832497
0 219970 32 0 1788867180 832784
0 219994 32 0 1788867180 833581
0 220021 37 0 1788867180 834672
0 220079 34 0 1788867180 836968
0 220112 56 0 1788867180 838364
0 220119 35 0 1788867180 838716
0 220130 35 0 1788867180 839112
0 220175 34 0 1788867180 840751
0 220254 32 0 1788867180 843479
0 220268 47 0 1788867180 844027
0 220270 37 0 1788867180 844110
0 220280 32 0 1788867180 844445
0 220284 33 0 1788867180 844580
0 220296 33 0 1788867180 844987
0 220317 50 0 1788867180 845971
0 220318 46 0 1788867180 846023
0 220327 39 0 1788867180 846466
0 220355 39 0 1788867180 847603
0 220372 69 0 1788867180 848518
0 220388 36 0 1788867180 849281
0 220415 36 0 1788867180 850304
0 220428 37 0 1788867180 850805
0 220445 34 0 1788867180 851485
0 220485 44 0 1788867180 853123
0 220516 44 0 1788867180 854505
0 220522 46 0 1788867180 854784
0 220524 39 0 1788867180 854884
0 220526 34 0 1788867180 854954
0 220532 33 0 1788867180 855152
0 220587 34 0 1788867180 857022
0 220629 52 0 1788867180 858874
0 220649 46 0 1788867180 859901
0 220667 50 0 1788867180 860707
0 220692 41 0 1788867180 861823
0 220708 74 0 1788867180 862503
0 220761 46 0 1788867180 864631
0 220812 48 0 1788867180 866870
0 220844 46 0 1788867180 868844
0 220849 40 0 1788867180 869091
0 220906 41 0 1788867180 872291
0 220960 35 0 1788867180 874898
0 220980 34 0 1788867180 875582
0 220982 41 0 1788867180 875663
0 220997 34 0 1788867180 876184
0 221001 34 0 1788867180 876320
0 221018 48 0 1788867180 876989
0 221068 46 0 1788867180 878860
0 221070 34 0 1788867180 878933
0 221109 34 0 1788867180 880818
0 221116 34 0 1788867180 881065
0 221166 33 0 1788867180 882830
0 221245 36 0 1788867180 885667
0 221260 34 0 1788867180 886200
0 221284 34 0 1788867180 887075
0 221288 38 0 1788867180 887225
0 221341 34 0 1788867180 889188
0 221377 33 0 1788867180 890441
0 221378 34 0 1788867180 890477
0 221435 34 0 1788867180 892497
0 221436 38 0 1788867180 892564
0 221444 34 0 1788867180 892882
0 221489 35 0 1788867180 894548
0 221497 35 0 1788867180 894893
0 221530 34 0 1788867180 896150
0 221538 34 0 1788867180 896439
0 221564 35 0 1788867180 897503
0 221586 39 0 1788867180 898322
0 221595 54 0 1788867180 898664
0 221630 46 0 1788867180 900281
0 221642 47 0 1788867180 900858
0 221654 34 0 1788867180 901360
0 221700 34 0 1788867180 903142
0 221729 38 0 1788867180 904438
0 221736 35 0 1788867180 904716
0 221747 35 0 1788867180 905153
0 221752 36 0 1788867180 905333
0 221761 59 0 1788867180 905669
0 221791 34 0 1788867180 906675
0 221878 33 0 1788867180 910042
0 221886 32 0 1788867180 910312
0 221892 33 0 1788867180 910509
0 221893 32 0 1788867180 910542
0 221902 41 0 1788867180 910870
0 221922 32 0 1788867180 911551
0 221959 38 0 1788867180 912882
0 221989 42 0 1788867180 914181
0 222015 33 0 1788867180 915260
0 222016 37 0 1788867180 915299
0 222039 34 0 1788867180 916206
0 222050 33 0 1788867180 916580
0 222065 47 0 1788867180 917213
0 222072 35 0 1788867180 917507
0 222074 38 0 1788867180 917593
0 222155 38 0 1788867180 920942
0 222234 42 0 1788867180 924332
0 222235 43 0 1788867180 924379
0 222240 71 0 1788867180 924644
0 222246 40 0 1788867180 924974
0 222258 34 0 1788867180 925394
0 222279 34 0 1788867180 926277
0 222294 57 0 1788867180 926977
0 222299 42 0 1788867180 927224
0 222301 42 0 1788867180 927311
0 222318 57 0 1788867180 928102
0 222346 42 0 1788867180 929323
0 222353 46 0 1788867180 929626
0 222386 34 0 1788867180 930948
0 222391 33 0 1788867180 931119
0 222490 35 0 1788867180 934804
0 222524 94 0 1788867180 936231
0 222526 95 0 1788867180 936551
0 222622 37 0 1788867180 940486
0 222664 34 0 1788867180 942000
0 222695 47 0 1788867180 943475
0 222704 47 0 1788867180 943909
0 222709 34 0 1788867180 944133
0 222722 47 0 1788867180 944649
0 222736 61 0 1788867180 945254
0 222750 50 0 1788867180 945898
0 222808 34 0 1788867180 948120
0 222810 43 0 1788867180 948200
0 222820 34 0 1788867180 948563
0 222863 34 0 1788867180 950197
0 222884 35 0 1788867180 950962
0 222886 34 0 1788867180 951033
0 222895 35 0 1788867180 951413
0 222943 35 0 1788867180 953285
0 222961 35 0 1788867180 954009
0 222984 46 0 1788867180 955170
0 223004 34 0 1788867180 955998
0 223005 35 0 1788867180 956035
0 223014 34 0 1788867180 956361
0 223023 35 0 1788867180 956694
0 223039 37 0 1788867180 957445
0 223054 46 0 1788867180 958212
0 223055 47 0 1788867180 958263
0 223098 35 0 1788867180 959949
0 223113 34 0 1788867180 960505
0 223122 38 0 1788867180 960828
0 223127 45 0 1788867180 961038
0 223152 34 0 1788867180 962280
0 223165 34 0 1788867180 962778
0 223217 34 0 1788867180 964588
0 223242 37 0 1788867180 965498
0 223251 34 0 1788867180 965951
0 223262 40 0 1788867180 966361
0 223264 39 0 1788867180 966441
0 223274 34 0 1788867180 966803
0 223303 45 0 1788867180 968000
0 223326 58 0 1788867180 969122
0 223338 34 0 1788867180 969566
0 223360 84 0 1788867180 971009
0 223474 37 0 1788867180 975443
0 223483 45 0 1788867180 975896
0 223486 45 0 1788867180 976030
0 223507 38 0 1788867180 977029
0 223527 40 0 1788867180 977726
0 223566 43 0 1788867180 979242
0 223571 39 0 1788867180 979452
0 223581 40 0 1788867180 979904
0 223595 34 0 1788867180 980402
0 223625 34 0 1788867180 981441
0 223631 37 0 1788867180 981677
0 223659 53 0 1788867180 982657
0 223662 34 0 1788867180 982771
0 223701 34 0 1788867180 984161
0 223703 34 0 1788867180 984231
0 223707 73 0 1788867180 984411
0 223739 43 0 1788867180 985627
0 223740 39 0 1788867180 985668
0 223789 34 0 1788867180 987525
0 223839 34 0 1788867180 989445
0 223842 34 0 1788867180 989550
0 223852 37 0 1788867180 990071
0 223867 51 0 1788867180 990636
0 223876 36 0 1788867180 990977
0 223895 39 0 1788867180 991688
0 223897 34 0 1788867180 991759
0 223900 35 0 1788867180 991869
0 223903 34 0 1788867180 991978
0 223971 35 0 1788867180 994434
0 223994 35 0 1788867180 995276
0 224001 34 0 1788867180 995522
0 224009 34 0 1788867180 995827
0 224022 34 0 1788867180 996278
0 224031 62 0 1788867180 996650
0 224051 35 0 1788867180 997375
0 224054 42 0 1788867180 997532
0 224069 35 0 1788867180 998082
0 224088 37 0 1788867180 998878
0 224112 35 0 1788867180 999758
0 224126 43 0 1788867181 309
0 224169 57 0 1788867181 2362
0 224175 35 0 1788867181 2604
0 224195 48 0 1788867181 3568
0 224299 39 0 1788867181 7968
0 224318 103 0 1788867181 8882
0 224333 34 0 1788867181 9447
0 224341 41 0 1788867181 9808
0 224381 34 0 1788867181 11292
0 224388 35 0 1788867181 11605
0 224390 52 0 1788867181 11708
0 224409 34 0 1788867181 12374
0 224419 35 0 1788867181 12822
0 224471 33 0 1788867181 14738
0 224527 37 0 1788867181 16801
0 224539 34 0 1788867181 17215
0 224540 35 0 1788867181 17251
0 224548 33 0 1788867181 17527
0 224553 36 0 1788867181 17713
0 224554 35 0 1788867181 17749
0 224560 34 0 1788867181 17957
0 224571 35 0 1788867181 18339
0 224578 35 0 1788867181 18598
0 224615 38 0 1788867181 20030
0 224619 34 0 1788867181 20178
0 224641 34 0 1788867181 20978
0 224664 34 0 1788867181 21867
0 224700 35 0 1788867181 23155
0 224701 35 0 1788867181 23191
0 224716 35 0 1788867181 23742
0 224781 34 0 1788867181 26083
0 224832 37 0 1788867181 28193
0 224858 34 0 1788867181 29189
0 224862 34 0 1788867181 29328
0 224865 34 0 1788867181 29436
0 224873 36 0 1788867181 29740
0 224881 34 0 1788867181 30020
0 224898 34 0 1788867181 30610
0 224912 34 0 1788867181 31105
0 224922 37 0 1788867181 31457
0 224950 34 0 1788867181 32742
0 224988 42 0 1788867181 34245
0 225002 42 0 1788867181 34853
0 225023 40 0 1788867181 35733
0 225045 36 0 1788867181 36813
0 225052 43 0 1788867181 37082
0 225075 56 0 1788867181 38077
0 225096 37 0 1788867181 39097
0 225104 34 0 1788867181 39409
0 225109 61 0 1788867181 39672
0 225114 35 0 1788867181 39866
0 225131 34 0 1788867181 40440
0 225141 37 0 1788867181 40823
0 225174 34 0 1788867181 41999
0 225193 51 0 1788867181 42682
0 225196 33 0 1788867181 42787
0 225234 34 0 1788867181 44151
0 225244 33 0 1788867181 44509
0 225271 34 0 1788867181 45462
0 225276 53 0 1788867181 45652
0 225299 34 0 1788867181 46438
0 225303 34 0 1788867181 46592
0 225332 39 0 1788867181 47931
0 225333 36 0 1788867181 47970
0 225338 34 0 1788867181 48141
0 225367 36 0 1788867181 49210
0 225429 39 0 1788867181 51494
0 225440 35 0 1788867181 51891
0 225449 35 0 1788867181 52215
0 225451 34 0 1788867181 52285
0 225465 40 0 1788867181 52801
0 225493 35 0 1788867181 53807
0 225527 35 0 1788867181 55066
0 225548 43 0 1788867181 55863
0 225555 35 0 1788867181 56113
0 225577 41 0 1788867181 56919
0 225593 35 0 1788867181 57485
0 225645 38 0 1788867181 59684
0 225649 78 0 1788867181 59923
0 225677 62 0 1788867181 61603
0 225686 38 0 1788867181 62041
0 225706 35 0 1788867181 62835
0 225707 41 0 1788867181 62880
0 225750 70 0 1788867181 64924
0 225764 33 0 1788867181 65519
0 225770 33 0 1788867181 65734
0 225791 67 0 1788867181 66717
0 225800 39 0 1788867181 67122
0 225808 36 0 1788867181 67452
0 225850 38 0 1788867181 69358
0 225866 67 0 1788867181 70056
0 225912 34 0 1788867181 72119
0 225971 33 0 1788867181 74285
0 225992 34 0 1788867181 75020
0 226018 33 0 1788867181 75910
0 226062 68 0 1788867181 77647
0 226087 38 0 1788867181 78536
0 226167 34 0 1788867181 81444
0 226185 34 0 1788867181 82093
0 226186 35 0 1788867181 82129
0 226187 35 0 1788867181 82164
0 226194 46 0 1788867181 82431
0 226290 37 0 1788867181 85845
0 226347 35 0 1788867181 88037
0 226374 35 0 1788867181 89024
0 226395 35 0 1788867181 89806
0 226401 34 0 1788867181 90016
0 226403 35 0 1788867181 90087
0 226411 34 0 1788867181 90367
0 226502 42 0 1788867181 93736
0 226505 35 0 1788867181 93845
0 226516 36 0 1788867181 94266
0 226542 34 0 1788867181 95270
0 226561 37 0 1788867181 96006
0 226574 41 0 1788867181 96522
0 226617 46 0 1788867181 98238
0 226624 42 0 1788867181 98546
0 226646 42 0 1788867181 99512
0 226650 46 0 1788867181 99709
0 226668 69 0 1788867181 100477
0 226669 88 0 1788867181 100569
0 226676 65 0 1788867181 101070
0 226680 66 0 1788867181 101350
0 226691 38 0 1788867181 101776
0 226693 69 0 1788867181 101891
0 226706 51 0 1788867181 102703
0 226719 38 0 1788867181 103291
0 226724 46 0 1788867181 103506
0 226759 47 0 1788867181 105146
0 226762 33 0 1788867181 105261
0 226766 37 0 1788867181 105405
0 226794 34 0 1788867181 106393
0 226842 33 0 1788867181 108067
0 226847 33 0 1788867181 108242
0 226897 35 0 1788867181 109974
0 226905 36 0 1788867181 110262
0 226931 34 0 1788867181 111205
0 226942 33 0 1788867181 111579
0 227016 38 0 1788867181 114997
0 227018 36 0 1788867181 115074
0 227038 33 0 1788867181 116082
0 227065 33 0 1788867181 117027
0 227089 34 0 1788867181 117848
0 227098 34 0 1788867181 118163
0 227115 33 0 1788867181 118753
0 227118 34 0 1788867181 118855
0 227134 34 0 1788867181 119416
0 227143 33 0 1788867181 119740
0 227163 48 0 1788867181 120581
0 227169 33 0 1788867181 120820
0 227219 35 0 1788867181 122686
0 227229 33 0 1788867181 123092
0 227231 34 0 1788867181 123162
0 227241 36 0 1788867181 123501
0 227267 34 0 1788867181 124397
0 227280 34 0 1788867181 124854
0 227288 33 0 1788867181 125125
0 227317 35 0 1788867181 126223
0 227326 35 0 1788867181 126545
0 227369 59 0 1788867181 128658
0 227370 51 0 1788867181 128712
0 227382 45 0 1788867181 129276
0 227404 45 0 1788867181 130308
0 227462 36 0 1788867181 132962
0 227476 75 0 1788867181 133490
0 227533 47 0 1788867181 136255
0 227549 34 0 1788867181 136978
0 227554 39 0 1788867181 137173
0 227580 38 0 1788867181 138531
0 227635 34 0 1788867181 140597
0 227654 34 0 1788867181 141255
0 227663 33 0 1788867181 141559
0 227680 33 0 1788867181 142167
0 227701 34 0 1788867181 142895
0 227704 41 0 1788867181 143005
0 227709 33 0 1788867181 143175
0 227715 33 0 1788867181 143377
0 227728 34 0 1788867181 143833
0 227740 46 0 1788867181 144268
0 227748 34 0 1788867181 144549
0 227764 34 0 1788867181 145139
0 227805 34 0 1788867181 146552
0 227824 34 0 1788867181 147225
0 227828 34 0 1788867181 147363
0 227868 34 0 1788867181 148792
0 227869 35 0 1788867181 148829
0 227889 34 0 1788867181 149542
0 227902 38 0 1788867181 150090
0 227956 34 0 1788867181 152307
0 227967 40 0 1788867181 152716
0 227982 35 0 1788867181 153242
0 227983 35 0 1788867181 153278
0 228011 43 0 1788867181 154312
0 228019 40 0 1788867181 154624
0 228028 37 0 1788867181 154951
0 228035 35 0 1788867181 155207
0 228051 34 0 1788867181 155835
0 228076 35 0 1788867181 156733
0 228124 35 0 1788867181 158477
0 228134 35 0 1788867181 158865
0 228135 39 0 1788867181 158905
0 228145 34 0 1788867181 159257
0 228153 34 0 1788867181 159543
0 228168 34 0 1788867181 160104
0 228187 34 0 1788867181 160838
0 228196 33 0 1788867181 161149
0 228199 35 0 1788867181 161260
0 228210 35 0 1788867181 161694
0 228222 34 0 1788867181 162103
0 228239 33 0 1788867181 162702
0 228248 33 0 1788867181 163008
0 228298 34 0 1788867181 164730
0 228309 34 0 1788867181 165114
0 228325 40 0 1788867181 165673
0 228332 33 0 1788867181 165913
0 228338 34 0 1788867181 166123
0 228353 56 0 1788867181 166655
0 228385 36 0 1788867181 167951
0 228416 38 0 1788867181 169354
0 228440 43 0 1788867181 170393
0 228446 40 0 1788867181 170755
0 228475 33 0 1788867181 171896
0 228495 34 0 1788867181 172584
0 228499 34 0 1788867181 172749
0 228536 33 0 1788867181 174022
0 228564 36 0 1788867181 174988
0 228598 34 0 1788867181 176340
0 228616 35 0 1788867181 177012
0 228637 34 0 1788867181 177752
0 228697 45 0 1788867181 180318
0 228698 46 0 1788867181 180367
0 228728 34 0 1788867181 181758
0 228729 34 0 1788867181 181794
0 228746 34 0 1788867181 182396
0 228752 34 0 1788867181 182599
0 228761 35 0 1788867181 182918
0 228763 34 0 1788867181 182987
0 228784 34 0 1788867181 183704
0 228788 34 0 1788867181 183847
0 228791 40 0 1788867181 183956
0 228797 34 0 1788867181 184161
0 228813 34 0 1788867181 184714
0 228817 48 0 1788867181 184870
0 228837 34 0 1788867181 185566
0 228839 60 0 1788867181 185661
0 228873 39 0 1788867181 186985
0 228895 39 0 1788867181 187926
0 228900 39 0 1788867181 188189
0 228905 42 0 1788867181 188390
0 228918 34 0 1788867181 188908
0 228933 35 0 1788867181 189486
0 228957 49 0 1788867181 190595
0 228984 35 0 1788867181 191727
0 229019 34 0 1788867181 192941
0 229020 34 0 1788867181 192977
0 229084 35 0 1788867181 195239
0 229098 35 0 1788867181 195791
0 229100 35 0 1788867181 195864
0 229111 34 0 1788867181 196249
0 229135 34 0 1788867181 197114
0 229167 37 0 1788867181 198279
0 229174 35 0 1788867181 198557
0 229270 34 0 1788867181 202496
0 229280 44 0 1788867181 202864
0 229295 36 0 1788867181 203459
0 229298 42 0 1788867181 203578
0 229313 53 0 1788867181 204307
0 229316 42 0 1788867181 204453
0 229319 36 0 1788867181 204563
0 229348 42 0 1788867181 205619
0 229383 33 0 1788867181 206834
0 229387 33 0 1788867181 206971
0 229414 34 0 1788867181 207899
0 229438 34 0 1788867181 208738
0 229454 53 0 1788867181 209392
0 229468 33 0 1788867181 210006
0 229495 34 0 1788867181 211077
0 229506 42 0 1788867181 211557
0 229553 33 0 1788867181 213276
0 229611 35 0 1788867181 215366
0 229647 39 0 1788867181 216640
0 229695 34 0 1788867181 218372
0 229718 35 0 1788867181 219201
0 229736 35 0 1788867181 220003
0 229740 38 0 1788867181 220154
0 229761 35 0 1788867181 221010
0 229775 35 0 1788867181 221496
0 229865 34 0 1788867181 225125
0 229877 34 0 1788867181 225559
0 229883 34 0 1788867181 225791
0 229910 39 0 1788867181 226815
0 229933 37 0 1788867181 227671
0 229939 35 0 1788867181 227897
0 229969 35 0 1788867181 228982
0 229974 35 0 1788867181 229165
0 229980 35 0 1788867181 229375
0 229986 35 0 1788867181 229596
0 230033 32 0 1788867181 231181
0 230035 33 0 1788867181 231248
0 230043 32 0 1788867181 231547
0 230050 33 0 1788867181 231797
0 230079 43 0 1788867181 232827
0 230111 33 0 1788867181 234047
0 230126 42 0 1788867181 234724
0 230140 32 0 1788867181 235239
0 230149 41 0 1788867181 235850
0 230158 44 0 1788867181 236253
0 230201 49 0 1788867181 238498
0 230205 38 0 1788867181 238698
0 230230 33 0 1788867181 239524
0 230326 32 0 1788867181 243006
0 230328 33 0 1788867181 243074
0 230329 33 0 1788867181 243108
0 230348 43 0 1788867181 243787
0 230353 32 0 1788867181 243954
0 230392 33 0 1788867181 245374
0 230415 33 0 1788867181 246174
0 230423 33 0 1788867181 246435
0 230424 36 0 1788867181 246472
0 230437 32 0 1788867181 246926
0 230451 33 0 1788867181 247384
0 230458 37 0 1788867181 247625
0 230467 33 0 1788867181 247924
0 230475 33 0 1788867181 248190
0 230483 38 0 1788867181 248458
0 230492 33 0 1788867181 248783
0 230514 33 0 1788867181 249506
0 230524 33 0 1788867181 249857
0 230530 33 0 1788867181 250054
0 230556 33 0 1788867181 250953
0 230567 33 0 1788867181 251321
0 230600 34 0 1788867181 252447
0 230606 45 0 1788867181 252665
0 230677 35 0 1788867181 255196
0 230680 33 0 1788867181 255299
0 230690 40 0 1788867181 255648
0 230758 41 0 1788867181 258742
0 230759 41 0 1788867181 258786
0 230771 41 0 1788867181 259319
0 230816 33 0 1788867181 260857
0 230836 32 0 1788867181 261529
0 230841 34 0 1788867181 261708
0 230863 33 0 1788867181 262462
0 230869 36 0 1788867181 262676
0 230871 34 0 1788867181 262748
0 230913 33 0 1788867181 264185
0 230922 34 0 1788867181 264494
0 230931 34 0 1788867181 264816
0 230935 34 0 1788867181 264951
0 230936 34 0 1788867181 264985
0 230942 34 0 1788867181 265187
0 230946 33 0 1788867181 265322
0 230951 40 0 1788867181 265506
0 230953 39 0 1788867181 265581
0 230966 33 0 1788867181 266055
0 230972 37 0 1788867181 266264
0 231021 104 0 1788867181 268516
0 231047 37 0 1788867181 269496
0 231062 45 0 1788867181 270205
0 231082 33 0 1788867181 271050
0 231087 33 0 1788867181 271240
0 231105 33 0 1788867181 271858
0 231131 45 0 1788867181 272855
0 231170 43 0 1788867181 274503
0 231214 33 0 1788867181 276460
0 231218 53 0 1788867181 276662
0 231238 45 0 1788867181 277555
0 231242 45 0 1788867181 277748
0 231247 44 0 1788867181 277970
0 231248 45 0 1788867181 278016
0 231276 44 0 1788867181 279268
0 231287 44 0 1788867181 279766
0 231307 58 0 1788867181 280663
0 231316 43 0 1788867181 281062
0 231320 40 0 1788867181 281258
0 231335 33 0 1788867181 281771
0 231353 33 0 1788867181 282413
0 231354 33 0 1788867181 282449
0 231360 35 0 1788867181 282667
0 231368 49 0 1788867181 282991
0 231385 33 0 1788867181 283582
0 231397 33 0 1788867181 284014
0 231419 33 0 1788867181 284762
0 231425 33 0 1788867181 284964
0 231426 36 0 1788867181 285031
0 231440 34 0 1788867181 285518
0 231450 33 0 1788867181 285878
0 231484 33 0 1788867181 287161
0 231590 39 0 1788867181 291220
0 231594 33 0 1788867181 291365
0 231625 39 0 1788867181 292463
0 231635 33 0 1788867181 292835
0 231648 33 0 1788867181 293284
0 231708 99 0 1788867181 295428
0 231710 35 0 1788867181 295502
0 231711 34 0 1788867181 295537
0 231729 33 0 1788867181 296180
0 231739 33 0 1788867181 296523
0 231801 44 0 1788867181 298795
0 231810 44 0 1788867181 299199
0 231813 44 0 1788867181 299333
0 231832 66 0 1788867181 300249
0 231840 48 0 1788867181 300578
0 231853 52 0 1788867181 301189
0 231862 43 0 1788867181 301755
0 231876 43 0 1788867181 302377
0 231886 49 0 1788867181 302874
0 231912 36 0 1788867181 303897
0 231918 34 0 1788867181 304128
0 231920 35 0 1788867181 304200
0 231940 35 0 1788867181 304903
0 231982 33 0 1788867181 306404
0 232010 33 0 1788867181 307388
0 232017 39 0 1788867181 307624
0 232037 39 0 1788867181 308349
0 232129 38 0 1788867181 311623
0 232145 35 0 1788867181 312195
0 232170 32 0 1788867181 313058
0 232198 34 0 1788867181 314060
0 232226 34 0 1788867181 315109
0 232285 33 0 1788867181 317201
0 232311 33 0 1788867181 318102
0 232340 43 0 1788867181 319283
0 232345 42 0 1788867181 319510
0 232375 42 0 1788867181 320796
0 232385 54 0 1788867181 321353
0 232387 45 0 1788867181 321457
0 232389 38 0 1788867181 321541
0 232419 72 0 1788867181 323285
0 232469 47 0 1788867181 325362
0 232470 35 0 1788867181 325401
0 232483 32 0 1788867181 325849
0 232521 32 0 1788867181 327105
0 232526 33 0 1788867181 327274
0 232567 35 0 1788867181 328712
0 232585 37 0 1788867181 329330
0 232598 41 0 1788867181 329808
0 232607 33 0 1788867181 330127
0 232620 33 0 1788867181 330563
0 232637 33 0 1788867181 331160
0 232643 33 0 1788867181 331371
0 232653 34 0 1788867181 331742
0 232661 37 0 1788867181 332017
0 232677 33 0 1788867181 332576
0 232682 34 0 1788867181 332782
0 232686 48 0 1788867181 332931
0 232688 36 0 1788867181 333013
0 232708 42 0 1788867181 333845
0 232716 55 0 1788867181 334404
0 232746 66 0 1788867181 336081
0 232750 48 0 1788867181 336301
0 232762 51 0 1788867181 336973
0 232775 39 0 1788867181 337546
0 232782 47 0 1788867181 337926
0 232785 42 0 1788867181 338054
0 232794 50 0 1788867181 338445
0 232797 58 0 1788867181 338592
0 232807 33 0 1788867181 339029
0 232816 32 0 1788867181 339324
0 232822 32 0 1788867181 339520
0 232836 32 0 1788867181 339993
0 232846 32 0 1788867181 340327
0 232855 52 0 1788867181 340649
0 232858 33 0 1788867181 340751
0 232892 32 0 1788867181 341905
0 232917 53 0 1788867181 342780
0 232950 46 0 1788867181 344382
0 232958 39 0 1788867181 344832
0 232977 45 0 1788867181 345619
0 233000 34 0 1788867181 346604
0 233023 32 0 1788867181 347414
0 233042 32 0 1788867181 348044
0 233050 32 0 1788867181 348308
0 233058 39 0 1788867181 348638
0 233065 32 0 1788867181 348875
0 233084 33 0 1788867181 349509
0 233133 33 0 1788867181 351325
0 233176 38 0 1788867181 352821
0 233193 40 0 1788867181 353408
0 233212 34 0 1788867181 354122
0 233232 32 0 1788867181 354822
0 233238 38 0 1788867181 355031
0 233239 33 0 1788867181 355066
0 233258 33 0 1788867181 355694
0 233292 32 0 1788867181 356809
0 233296 32 0 1788867181 356940
0 233308 33 0 1788867181 357412
0 233325 33 0 1788867181 357989
0 233330 32 0 1788867181 358154
0 233345 35 0 1788867181 358682
0 233356 38 0 1788867181 359109
0 233368 33 0 1788867181 359532
0 233388 47 0 1788867181 360326
0 233428 33 0 1788867181 361731
0 233433 33 0 1788867181 361900
0 233473 36 0 1788867181 363335
0 233535 33 0 1788867181 365477
0 233537 37 0 1788867181 365549
0 233539 47 0 1788867181 365636
0 233541 34 0 1788867181 365717
0 233548 35 0 1788867181 365957
0 233563 36 0 1788867181 366471
0 233658 43 0 1788867181 370706
0 233676 33 0 1788867181 371389
0 233715 34 0 1788867181 372706
0 233728 32 0 1788867181 373150
0 233731 38 0 1788867181 373257
0 233805 37 0 1788867181 375758
0 233841 34 0 1788867181 376981
0 233852 32 0 1788867181 377339
0 233854 32 0 1788867181 377404
0 233893 33 0 1788867181 378731
0 233895 33 0 1788867181 378832
0 233910 33 0 1788867181 379340
0 233972 33 0 1788867181 381426
0 233980 33 0 1788867181 381700
0 233999 57 0 1788867181 382380
0 234002 33 0 1788867181 382491
0 234032 32 0 1788867181 383519
0 234058 32 0 1788867181 384392
0 234103 33 0 1788867181 386022
0 234106 38 0 1788867181 386128
0 234133 32 0 1788867181 387056
0 234196 33 0 1788867181 389309
0 234229 39 0 1788867181 390484
0 234236 52 0 1788867181 390762
0 234248 33 0 1788867181 391249
0 234300 33 0 1788867181 393087
0 234315 66 0 1788867181 393662
0 234319 35 0 1788867181 393804
0 234322 34 0 1788867181 393907
0 234333 36 0 1788867181 394281
0 234347 34 0 1788867181 394805
0 234371 52 0 1788867181 395652
0 234374 33 0 1788867181 395759
0 234395 41 0 1788867181 396497
0 234426 46 0 1788867181 397690
0 234433 56 0 1788867181 398034
0 234447 35 0 1788867181 398566
0 234455 40 0 1788867181 398874
0 234463 34 0 1788867181 399151
0 234470 33 0 1788867181 399403
0 234472 33 0 1788867181 399471
0 234537 33 0 1788867181 402107
0 234550 33 0 1788867181 402575
0 234620 32 0 1788867181 405574
0 234627 32 0 1788867181 405832
0 234635 36 0 1788867181 406104
0 234641 32 0 1788867181 406302
0 234676 32 0 1788867181 407455
0 234682 34 0 1788867181 407658
0 234701 33 0 1788867181 408307
0 234739 33 0 1788867181 409844
0 234765 32 0 1788867181 410738
0 234793 44 0 1788867181 411900
0 234799 44 0 1788867181 412177
0 234828 44 0 1788867181 413466
0 234829 45 0 1788867181 413512
0 234834 44 0 1788867181 413745
0 234844 43 0 1788867181 414174
0 234878 33 0 1788867181 415499
0 234894 32 0 1788867181 416059
0 234942 34 0 1788867181 417688
0 234950 33 0 1788867181 417971
0 234975 33 0 1788867181 418829
0 234983 33 0 1788867181 419098
0 235014 33 0 1788867181 420160
0 235043 51 0 1788867181 421173
0 235055 33 0 1788867181 421585
0 235075 33 0 1788867181 422274
0 235076 33 0 1788867181 422309
0 235087 39 0 1788867181 422693
0 235103 33 0 1788867181 423222
0 235105 32 0 1788867181 423289
0 235123 33 0 1788867181 423908
0 235126 33 0 1788867181 424009
0 235134 33 0 1788867181 424278
0 235156 33 0 1788867181 425028
0 235165 33 0 1788867181 425329
0 235181 33 0 1788867181 425876
0 235191 38 0 1788867181 426215
0 235210 42 0 1788867181 426904
0 235213 34 0 1788867181 427009
0 235240 33 0 1788867181 427959
0 235262 33 0 1788867181 428732
0 235312 44 0 1788867181 430846
0 235323 44 0 1788867181 431337
0 235326 43 0 1788867181 431473
0 235352 56 0 1788867181 432661
0 235373 53 0 1788867181 433636
0 235384 35 0 1788867181 434104
0 235402 33 0 1788867181 434765
0 235409 48 0 1788867181 435264
0 235424 45 0 1788867181 436000
0 235425 48 0 1788867181 436051
0 235426 55 0 1788867181 436107
0 235482 47 0 1788867181 439012
0 235485 59 0 1788867181 439181
0 235490 33 0 1788867181 439386
0 235493 44 0 1788867181 439509
0 235506 52 0 1788867181 440381
0 235508 52 0 1788867181 440488
0 235514 40 0 1788867181 440810
0 235542 32 0 1788867181 441983
0 235552 34 0 1788867181 442335
0 235561 41 0 1788867181 442821
0 235608 49 0 1788867181 445419
0 235651 38 0 1788867181 447854
0 235699 39 0 1788867181 449797
0 235707 35 0 1788867181 450087
0 235767 35 0 1788867181 453361
0 235807 32 0 1788867181 455063
0 235830 32 0 1788867181 455936
0 235846 33 0 1788867181 456465
0 235879 47 0 1788867181 457639
0 235896 33 0 1788867181 458253
0 235908 50 0 1788867181 458676
0 235977 65 0 1788867181 461468
0 235990 33 0 1788867181 461962
0 235994 32 0 1788867181 462097
0 236042 34 0 1788867181 463910
0 236052 34 0 1788867181 464252
0 236057 43 0 1788867181 464446
0 236077 34 0 1788867181 465166
0 236079 34 0 1788867181 465235
0 236086 34 0 1788867181 465513
0 236126 37 0 1788867181 467070
0 236130 35 0 1788867181 467219
0 236163 32 0 1788867181 468542
0 236185 41 0 1788867181 469368
0 236194 44 0 1788867181 469763
0 236195 42 0 1788867181 469807
0 236202 36 0 1788867181 470118
0 236259 33 0 1788867181 472228
0 236304 39 0 1788867181 473985
0 236310 41 0 1788867181 474235
0 236333 45 0 1788867181 475272
0 236337 44 0 1788867181 475468
0 236355 33 0 1788867181 476243
0 236381 35 0 1788867181 477202
0 236388 39 0 1788867181 477505
0 236415 34 0 1788867181 478540
0 236420 34 0 1788867181 478745
0 236421 34 0 1788867181 478781
0 236422 33 0 1788867181 478815
0 236441 59 0 1788867181 479737
0 236450 41 0 1788867181 480328
0 236483 36 0 1788867181 481689
0 236498 33 0 1788867181 482195
0 236508 34 0 1788867181 482549
0 236522 33 0 1788867181 483033
0 236523 34 0 1788867181 483068
0 236559 35 0 1788867181 484328
0 236574 34 0 1788867181 484876
0 236581 37 0 1788867181 485116
0 236596 56 0 1788867181 485667
0 236629 33 0 1788867181 486816
0 236635 34 0 1788867181 487020
0 236654 35 0 1788867181 487703
0 236681 48 0 1788867181 488669
0 236729 34 0 1788867181 490523
0 236775 34 0 1788867181 492353
0 236794 33 0 1788867181 493015
0 236878 50 0 1788867181 496549
0 236923 65 0 1788867181 499424
0 236938 46 0 1788867181 500444
0 236940 59 0 1788867181 500566
0 236955 81 0 1788867181 501376
0 236959 40 0 1788867181 501551
0 237004 112 0 1788867181 504120
0 237013 96 0 1788867181 504954
0 237051 40 0 1788867181 506822
0 237058 46 0 1788867181 507145
0 237064 46 0 1788867181 507427
0 237128 42 0 1788867181 511309
0 237147 42 0 1788867181 512405
0 237159 52 0 1788867181 512986
0 237221 41 0 1788867181 516084
0 237238 34 0 1788867181 516799
0 237250 34 0 1788867181 517272
0 237289 38 0 1788867181 518685
0 237296 33 0 1788867181 518924
0 237300 44 0 1788867181 519081
0 237311 33 0 1788867181 519553
0 237324 33 0 1788867181 520041
0 237362 34 0 1788867181 521397
0 237392 33 0 1788867181 522468
0 237447 33 0 1788867181 524350
0 237468 34 0 1788867181 525079
0 237481 33 0 1788867181 525522
0 237484 51 0 1788867181 525641
0 237502 34 0 1788867181 526277
0 237512 39 0 1788867181 526625
0 237515 34 0 1788867181 526731
0 237519 37 0 1788867181 526872
0 237524 36 0 1788867181 527051
0 237526 34 0 1788867181 527121
0 237565 98 0 1788867181 528577
0 237574 35 0 1788867181 528943
0 237575 42 0 1788867181 528987
0 237582 35 0 1788867181 529254
0 237612 42 0 1788867181 530555
0 237616 38 0 1788867181 530732
0 237674 56 0 1788867181 532868
0 237732 46 0 1788867181 535724
0 237733 47 0 1788867181 535778
0 237747 46 0 1788867181 536444
0 237783 39 0 1788867181 538230
0 237806 36 0 1788867181 539086
0 237814 36 0 1788867181 539376
0 237837 115 0 1788867181 540522
0 237839 82 0 1788867181 540760
0 237850 52 0 1788867181 541448
0 237863 47 0 1788867181 542103
0 237872 41 0 1788867181 542493
0 237877 43 0 1788867181 542734
0 237883 41 0 1788867181 542991
0 237909 42 0 1788867181 544181
0 237914 43 0 1788867181 544401
0 237916 44 0 1788867181 544490
0 237963 39 0 1788867181 546919
0 238000 34 0 1788867181 548361
0 238077 33 0 1788867181 551158
0 238081 34 0 1788867181 551298
0 238090 48 0 1788867181 551631
0 238119 39 0 1788867181 552668
0 238124 35 0 1788867181 552843
0 238168 34 0 1788867181 554491
0 238181 33 0 1788867181 554957
0 238221 33 0 1788867181 556323
0 238228 33 0 1788867181 556559
0 238242 34 0 1788867181 557058
0 238266 41 0 1788867181 557910
0 238267 38 0 1788867181 557950
0 238276 33 0 1788867181 558261
0 238285 34 0 1788867181 558564
0 238307 41 0 1788867181 559415
0 238315 34 0 1788867181 559729
0 238320 49 0 1788867181 559927
0 238324 34 0 1788867181 560068
0 238357 36 0 1788867181 561362
0 238434 35 0 1788867181 564270
0 238437 48 0 1788867181 564390
0 238442 34 0 1788867181 564576
0 238467 46 0 1788867181 565511
0 238471 37 0 1788867181 565661
0 238490 57 0 1788867181 566428
0 238550 37 0 1788867181 569037
0 238555 38 0 1788867181 569238
0 238580 38 0 1788867181 570234
0 238590 34 0 1788867181 570574
0 238614 34 0 1788867181 571411
0 238628 38 0 1788867181 571912
0 238654 47 0 1788867181 572950
0 238659 34 0 1788867181 573133
0 238682 33 0 1788867181 574071
0 238696 34 0 1788867181 574543
0 238709 33 0 1788867181 574999
0 238748 33 0 1788867181 576335
0 238792 35 0 1788867181 577862
0 238841 33 0 1788867181 579592
0 238867 33 0 1788867181 580522
0 238879 49 0 1788867181 581022
0 238903 35 0 1788867181 581990
0 238908 35 0 1788867181 582169
0 238909 34 0 1788867181 582205
0 238921 49 0 1788867181 582644
0 238945 34 0 1788867181 583574
0 239009 37 0 1788867181 585973
0 239021 35 0 1788867181 586392
0 239024 34 0 1788867181 586496
0 239033 34 0 1788867181 586815
0 239049 41 0 1788867181 587432
0 239062 37 0 1788867181 587914
0 239076 40 0 1788867181 588426
0 239080 34 0 1788867181 588578
0 239081 38 0 1788867181 588618
0 239088 34 0 1788867181 588873
0 239093 38 0 1788867181 589061
0 239096 34 0 1788867181 589170
0 239103 35 0 1788867181 589425
0 239123 34 0 1788867181 590180
0 239126 34 0 1788867181 590285
0 239127 40 0 1788867181 590326
0 239133 34 0 1788867181 590533
0 239148 34 0 1788867181 591086
0 239166 34 0 1788867181 591757
0 239185 34 0 1788867181 592454
0 239217 33 0 1788867181 593798
0 239231 33 0 1788867181 594299
0 239245 34 0 1788867181 594804
0 239257 47 0 1788867181 595234
0 239267 36 0 1788867181 595580
0 239290 34 0 1788867181 596385
0 239293 34 0 1788867181 596489
0 239353 34 0 1788867181 598579
0 239359 38 0 1788867181 598822
0 239361 34 0 1788867181 598893
0 239364 34 0 1788867181 598998
0 239380 64 0 1788867181 599664
0 239383 34 0 1788867181 599784
0 239401 46 0 1788867181 600702
0 239407 50 0 1788867181 601312
0 239413 54 0 1788867181 601628
0 239421 149 0 1788867181 602213
0 239460 47 0 1788867181 604343
0 239469 34 0 1788867181 604722
0 239499 33 0 1788867181 605735
0 239506 33 0 1788867181 605971
0 239513 33 0 1788867181 606206
0 239528 35 0 1788867181 606746
0 239551 33 0 1788867181 607556
0 239555 36 0 1788867181 607704
0 239578 33 0 1788867181 608491
0 239589 33 0 1788867181 608875
0 239592 33 0 1788867181 608977
0 239600 35 0 1788867181 609248
0 239643 38 0 1788867181 610745
0 239650 34 0 1788867181 611006
0 239660 34 0 1788867181 611344
0 239672 36 0 1788867181 611799
0 239747 34 0 1788867181 614585
0 239820 35 0 1788867181 617371
0 239832 35 0 1788867181 617827
0 239853 37 0 1788867181 618568
0 239887 39 0 1788867181 619885
0 239891 51 0 1788867181 620093
0 239921 33 0 1788867181 621306
0 239938 46 0 1788867181 621921
0 239941 33 0 1788867181 622028
0 239946 36 0 1788867181 622216
0 239958 50 0 1788867181 622651
0 239960 40 0 1788867181 622734
0 239963 34 0 1788867181 622839
0 239971 34 0 1788867181 623111
0 239979 34 0 1788867181 623384
0 239986 43 0 1788867181 623638
0 240033 37 0 1788867181 625423
0 240035 35 0 1788867181 625498
0 240053 35 0 1788867181 626151
0 240065 34 0 1788867181 626576
0 240071 43 0 1788867181 626821
0 240179 35 0 1788867181 630806
0 240182 34 0 1788867181 630912
0 240193 34 0 1788867181 631347
0 240223 72 0 1788867181 632508
0 240289 34 0 1788867181 635826
0 240302 42 0 1788867181 636303
0 240315 46 0 1788867181 636953
0 240316 46 0 1788867181 637001
0 240362 35 0 1788867181 639092
0 240366 33 0 1788867181 639231
0 240372 33 0 1788867181 639437
0 240449 47 0 1788867181 642495
0 240464 90 0 1788867181 643424
0 240492 200 0 1788867181 644793
0 240507 36 0 1788867181 645580
0 240525 37 0 1788867181 646268
0 240540 34 0 1788867181 646803
0 240554 34 0 1788867181 647275
0 240568 33 0 1788867181 647766
0 240581 34 0 1788867181 648223
0 240599 35 0 1788867181 648877
0 240630 33 0 1788867181 650027
0 240643 34 0 1788867181 650471
0 240659 38 0 1788867181 651125
0 240669 37 0 1788867181 651487
0 240679 34 0 1788867181 651858
0 240772 33 0 1788867181 655351
0 240794 35 0 1788867181 656120
0 240799 33 0 1788867181 656290
0 240842 43 0 1788867181 657780
0 240883 49 0 1788867181 659459
0 240929 33 0 1788867181 661370
0 240956 34 0 1788867181 662433
0 240963 35 0 1788867181 662695
0 240966 34 0 1788867181 662799
0 240973 51 0 1788867181 663067
0 240974 73 0 1788867181 663143
0 240979 35 0 1788867181 663329
0 240983 37 0 1788867181 663474
0 240985 34 0 1788867181 663544
0 241014 34 0 1788867181 664574
0 241025 35 0 1788867181 665041
0 241042 43 0 1788867181 665653
0 241056 34 0 1788867181 666220
0 241086 36 0 1788867181 667479
0 241087 36 0 1788867181 667518
0 241130 36 0 1788867181 669386
0 241135 37 0 1788867181 669602
0 241138 39 0 1788867181 669749
0 241172 36 0 1788867181 671174
0 241186 37 0 1788867181 671697
0 241251 34 0 1788867181 674105
0 241266 40 0 1788867181 674627
0 241295 43 0 1788867181 675738
0 241300 35 0 1788867181 675952
0 241308 44 0 1788867181 676255
0 241316 37 0 1788867181 676533
0 241328 39 0 1788867181 677022
0 241349 35 0 1788867181 677783
0 241358 50 0 1788867181 678117
0 241393 35 0 1788867181 679441
0 241405 34 0 1788867181 679918
0 241409 34 0 1788867181 680057
0 241438 34 0 1788867181 681102
0 241463 34 0 1788867181 682047
0 241470 35 0 1788867181 682291
0 241527 35 0 1788867181 684367
0 241536 37 0 1788867181 684737
0 241555 40 0 1788867181 685444
0 241584 34 0 1788867181 686475
0 241588 50 0 1788867181 686629
0 241593 34 0 1788867181 686808
0 241698 36 0 1788867181 690577
0 241724 32 0 1788867181 691475
0 241737 35 0 1788867181 691911
0 241741 32 0 1788867181 692048
0 241743 33 0 1788867181 692115
0 241754 34 0 1788867181 692478
0 241816 44 0 1788867181 694629
0 241827 33 0 1788867181 695010
0 241828 33 0 1788867181 695044
0 241876 49 0 1788867181 696822
0 241950 66 0 1788867181 699607
0 241958 33 0 1788867181 699927
0 241962 38 0 1788867181 700068
0 241979 64 0 1788867181 700969
0 241981 45 0 1788867181 701067
0 241989 43 0 1788867181 701421
0 241995 49 0 1788867181 701707
0 242020 47 0 1788867181 702886
0 242037 47 0 1788867181 703854
0 242049 43 0 1788867181 704395
0 242070 44 0 1788867181 705331
0 242092 44 0 1788867181 706323
0 242114 44 0 1788867181 707312
0 242137 46 0 1788867181 708343
0 242140 44 0 1788867181 708483
0 242175 43 0 1788867181 710047
0 242181 44 0 1788867181 710321
0 242192 44 0 1788867181 710831
0 242216 44 0 1788867181 711916
0 242239 44 0 1788867181 712937
0 242244 44 0 1788867181 713163
0 242251 34 0 1788867181 713509
0 242282 33 0 1788867181 714585
0 242283 38 0 1788867181 714625
0 242315 34 0 1788867181 715766
0 242340 67 0 1788867181 716656
0 242345 34 0 1788867181 716838
0 242375 33 0 1788867181 717891
0 242387 34 0 1788867181 718300
0 242390 33 0 1788867181 718402
0 242433 33 0 1788867181 720065
0 242447 42 0 1788867181 720573
0 242464 33 0 1788867181 721166
0 242494 34 0 1788867181 722220
0 242499 37 0 1788867181 722393
0 242525 38 0 1788867181 723403
0 242542 33 0 1788867181 724039
0 242600 33 0 1788867181 726071
0 242683 39 0 1788867181 729025
0 242708 39 0 1788867181 729902
0 242733 44 0 1788867181 730997
0 242775 34 0 1788867181 732944
0 242776 33 0 1788867181 732982
0 242815 32 0 1788867181 734422
0 242832 33 0 1788867181 735249
0 242841 33 0 1788867181 735598
0 242859 52 0 1788867181 736747
0 242863 43 0 1788867181 736932
0 242891 33 0 1788867181 738076
0 242908 51 0 1788867181 738697
0 242941 43 0 1788867181 740167
0 242963 45 0 1788867181 741181
0 242971 43 0 1788867181 741539
0 242980 78 0 1788867181 741997
0 242989 51 0 1788867181 742398
0 242996 44 0 1788867181 742767
0 243004 35 0 1788867181 743120
0 243035 32 0 1788867181 744254
0 243074 33 0 1788867181 745610
0 243087 46 0 1788867181 746215
0 243089 50 0 1788867181 746314
0 243097 46 0 1788867181 746698
0 243119 33 0 1788867181 747907
0 243165 33 0 1788867181 749431
0 243169 32 0 1788867181 749565
0 243179 36 0 1788867181 749915
0 243188 33 0 1788867181 750209
0 243201 50 0 1788867181 750655
0 243212 44 0 1788867181 751130
0 243240 44 0 1788867181 752386
0 243244 44 0 1788867181 752564
0 243285 45 0 1788867181 754402
0 243294 44 0 1788867181 754817
0 243304 43 0 1788867181 755267
0 243306 46 0 1788867181 755360
0 243328 43 0 1788867181 756362
0 243382 44 0 1788867181 758810
0 243432 44 0 1788867181 761087
0 243457 45 0 1788867181 762212
0 243478 44 0 1788867181 763165
0 243539 32 0 1788867181 765464
0 243549 35 0 1788867181 765815
0 243554 133 0 1788867181 766084
0 243560 35 0 1788867181 766346
0 243577 33 0 1788867181 766974
0 243594 33 0 1788867181 767790
0 243686 33 0 1788867181 771370
0 243747 32 0 1788867181 773583
0 243771 32 0 1788867181 774441
0 243802 32 0 1788867181 775579
0 243817 33 0 1788867181 776087
0 243864 43 0 1788867181 777731
0 243871 49 0 1788867181 778092
0 243874 35 0 1788867181 778222
0 243876 33 0 1788867181 778289
0 243878 33 0 1788867181 778355
0 243922 39 0 1788867181 779828
0 243952 44 0 1788867181 781213
0 243962 46 0 1788867181 781669
0 243971 47 0 1788867181 782129
0 244017 52 0 1788867181 784341
0 244059 36 0 1788867181 785787
0 244073 33 0 1788867181 786258
0 244076 33 0 1788867181 786359
0 244139 50 0 1788867181 789087
0 244243 70 0 1788867181 793634
0 244262 0 0 1788867181 794678
0 244267 67 0 1788867181 794962
0 244308 34 0 1788867181 797051
0 244323 32 0 1788867181 797547
0 244327 34 0 1788867181 797695
0 244331 33 0 1788867181 797827
0 244449 47 0 1788867181 803487
0 244458 53 0 1788867181 804139
0 244535 32 0 1788867181 807131
0 244540 32 0 1788867181 807297
0 244551 35 0 1788867181 807660
0 244571 32 0 1788867181 808310
0 244583 34 0 1788867181 808742
0 244588 37 0 1788867181 808931
0 244615 32 0 1788867181 809867
0 244631 36 0 1788867181 810431
0 244643 32 0 1788867181 810912
0 244652 33 0 1788867181 811207
0 244674 33 0 1788867181 811974
0 244679 33 0 1788867181 812146
0 244683 33 0 1788867181 812279
0 244698 33 0 1788867181 812794
0 244767 53 0 1788867181 815436
0 244783 33 0 1788867181 815997
0 244789 33 0 1788867181 816201
0 244834 44 0 1788867181 818043
0 244849 44 0 1788867181 818751
0 244937 34 0 1788867181 822265
0 244984 42 0 1788867181 823975
0 245013 39 0 1788867181 825328
0 245049 38 0 1788867181 826758
0 245052 39 0 1788867181 826878
0 245104 39 0 1788867181 829039
0 245131 40 0 1788867181 830122
0 245132 39 0 1788867181 830164
0 245150 39 0 1788867181 830904
0 245172 39 0 1788867181 831854
0 245183 62 0 1788867181 832321
0 245186 57 0 1788867181 832524
0 245196 46 0 1788867181 833024
0 245214 34 0 1788867181 833850
0 245216 33 0 1788867181 833920
0 245222 32 0 1788867181 834123
0 245254 33 0 1788867181 835540
0 245258 35 0 1788867181 835709
0 245263 35 0 1788867181 835884
0 245273 33 0 1788867181 836230
0 245277 35 0 1788867181 836421
0 245307 52 0 1788867181 837792
0 245318 35 0 1788867181 838264
0 245325 33 0 1788867181 838509
0 245326 37 0 1788867181 838547
0 245337 33 0 1788867181 838953
0 245358 35 0 1788867181 839673
0 245378 32 0 1788867181 840329
0 245380 32 0 1788867181 840394
0 245406 42 0 1788867181 841316
0 245409 35 0 1788867181 841423
0 245418 32 0 1788867181 841791
0 245446 33 0 1788867181 842748
0 245473 33 0 1788867181 843884
0 245476 33 0 1788867181 843988
0 245477 33 0 1788867181 844022
0 245478 33 0 1788867181 844056
0 245487 33 0 1788867181 844367
0 245564 33 0 1788867181 847098
0 245576 33 0 1788867181 847514
0 245599 34 0 1788867181 848292
0 245615 44 0 1788867181 849051
0 245662 44 0 1788867181 851014
0 245724 44 0 1788867181 853850
0 245772 33 0 1788867181 855852
0 245776 33 0 1788867181 855997
0 245796 41 0 1788867181 856692
0 245805 44 0 1788867181 857073
0 245806 45 0 1788867181 857119
0 245818 72 0 1788867181 857671
0 245829 49 0 1788867181 858175
0 245841 36 0 1788867181 858801
0 245857 43 0 1788867181 859443
0 245870 33 0 1788867181 859973
0 245875 37 0 1788867181 860173
0 245887 39 0 1788867181 860737
0 245901 33 0 1788867181 861273
0 245975 37 0 1788867181 864056
0 246000 43 0 1788867181 865272
0 246002 75 0 1788867181 865406
0 246008 36 0 1788867181 865657
0 246015 35 0 1788867181 865922
0 246050 115 0 1788867181 868067
0 246069 124 0 1788867181 869227
0 246096 43 0 1788867181 870685
0 246131 45 0 1788867181 872394
0 246134 74 0 1788867181 872587
0 246175 34 0 1788867181 874302
0 246182 35 0 1788867181 874574
0 246190 42 0 1788867181 874936
0 246211 32 0 1788867181 875745
0 246234 32 0 1788867181 876517
0 246244 32 0 1788867181 876857
0 246260 32 0 1788867181 877404
0 246265 33 0 1788867181 877568
0 246291 33 0 1788867181 878525
0 246298 33 0 1788867181 878768
0 246331 33 0 1788867181 879876
0 246371 38 0 1788867181 881310
0 246445 33 0 1788867181 884377
0 246447 36 0 1788867181 884452
0 246479 33 0 1788867181 885586
0 246494 33 0 1788867181 886098
0 246517 33 0 1788867181 886896
0 246529 35 0 1788867181 887318
0 246538 43 0 1788867181 887638
0 246550 39 0 1788867181 888160
0 246581 35 0 1788867181 889209
0 246599 32 0 1788867181 889810
0 246621 33 0 1788867181 890600
0 246625 47 0 1788867181 890778
0 246651 35 0 1788867181 891734
0 246656 33 0 1788867181 891904
0 246697 32 0 1788867181 893334
0 246729 33 0 1788867181 894414
0 246756 33 0 1788867181 895366
0 246760 33 0 1788867181 895501
0 246780 33 0 1788867181 896281
0 246851 33 0 1788867181 898910
0 246859 33 0 1788867181 899185
0 246861 32 0 1788867181 899251
0 246862 32 0 1788867181 899284
0 246902 37 0 1788867181 901013
0 246933 35 0 1788867181 902510
0 246994 33 0 1788867181 904744
0 247015 33 0 1788867181 905437
0 247044 33 0 1788867181 906396
0 247066 32 0 1788867181 907128
0 247069 32 0 1788867181 907227
0 247075 32 0 1788867181 907423
0 247130 33 0 1788867181 909385
0 247143 32 0 1788867181 909826
0 247166 50 0 1788867181 910653
0 247173 35 0 1788867181 910914
0 247192 33 0 1788867181 911585
0 247198 45 0 1788867181 911881
0 247241 44 0 1788867181 913803
0 247251 44 0 1788867181 914248
0 247253 43 0 1788867181 914337
0 247282 51 0 1788867181 915639
0 247322 33 0 1788867181 917269
0 247344 33 0 1788867181 918033
0 247364 33 0 1788867181 918723
0 247411 34 0 1788867181 920359
0 247445 47 0 1788867181 921787
0 247458 33 0 1788867181 922229
0 247462 33 0 1788867181 922366
0 247534 33 0 1788867181 924860
0 247541 33 0 1788867181 925100
0 247566 33 0 1788867181 925959
0 247572 33 0 1788867181 926165
0 247574 33 0 1788867181 926232
0 247599 34 0 1788867181 927133
0 247619 37 0 1788867181 927838
0 247636 36 0 1788867181 928435
0 247686 54 0 1788867181 930653
0 247706 44 0 1788867181 931576
0 247719 44 0 1788867181 932180
0 247759 43 0 1788867181 934211
0 247766 44 0 1788867181 934523
0 247774 43 0 1788867181 934887
0 247775 158 0 1788867181 935047
0 247782 35 0 1788867181 935316
0 247787 47 0 1788867181 935526
0 247790 55 0 1788867181 935701
0 247811 37 0 1788867181 936827
0 247816 36 0 1788867181 937029
0 247817 37 0 1788867181 937068
0 247857 41 0 1788867181 938675
0 247873 32 0 1788867181 939201
0 247879 32 0 1788867181 939401
0 247903 35 0 1788867181 940240
0 247921 32 0 1788867181 940892
0 247960 33 0 1788867181 942208
0 247964 32 0 1788867181 942339
0 247965 33 0 1788867181 942373
0 247989 33 0 1788867181 943246
0 248025 33 0 1788867181 944452
0 248047 32 0 1788867181 945299
0 248114 45 0 1788867181 947978
0 248135 32 0 1788867181 948901
0 248156 44 0 1788867181 949731
0 248162 44 0 1788867181 949999
0 248209 35 0 1788867181 951800
0 248210 33 0 1788867181 951834
0 248219 40 0 1788867181 952143
0 248240 32 0 1788867181 952853
0 248250 32 0 1788867181 953183
0 248256 39 0 1788867181 953391
0 248285 34 0 1788867181 954426
0 248293 33 0 1788867181 954723
0 248296 35 0 1788867181 954839
0 248324 33 0 1788867181 955847
0 248342 33 0 1788867181 956457
0 248367 35 0 1788867181 957310
0 248373 38 0 1788867181 957517
0 248406 34 0 1788867181 958707
0 248412 32 0 1788867181 958905
0 248418 32 0 1788867181 959101
0 248538 42 0 1788867181 965704
0 248573 40 0 1788867181 967431
0 248575 40 0 1788867181 967517
0 248694 34 0 1788867181 972415
0 248719 33 0 1788867181 973304
0 248730 35 0 1788867181 973717
0 248745 33 0 1788867181 974226
0 248749 34 0 1788867181 974367
0 248757 43 0 1788867181 974669
0 248759 38 0 1788867181 974746
0 248777 34 0 1788867181 975405
0 248778 34 0 1788867181 975440
0 248925 35 0 1788867181 980767
0 248927 34 0 1788867181 980838
0 248936 34 0 1788867181 981145
0 248938 34 0 1788867181 981215
0 248941 34 0 1788867181 981318
0 248958 34 0 1788867181 982148
0 248991 33 0 1788867181 983317
0 249019 33 0 1788867181 984271
0 249020 34 0 1788867181 984306
0 249046 34 0 1788867181 985299
0 249079 33 0 1788867181 986536
0 249087 34 0 1788867181 986873
0 249089 34 0 1788867181 986943
0 249090 34 0 1788867181 986978
0 249096 35 0 1788867181 987211
0 249119 34 0 1788867181 988004
0 249166 35 0 1788867181 989690
0 249199 34 0 1788867181 990978
0 249234 35 0 1788867181 992250
0 249245 42 0 1788867181 992706
0 249261 33 0 1788867181 993262
0 249266 38 0 1788867181 993432
0 249274 33 0 1788867181 993773
0 249283 32 0 1788867181 994068
0 249341 32 0 1788867181 996119
0 249364 33 0 1788867181 996908
0 249400 33 0 1788867181 998145
0 249430 33 0 1788867181 999245
0 249432 33 0 1788867181 999313
0 249482 42 0 1788867182 1479
0 249490 42 0 1788867182 1869
0 249593 37 0 1788867182 5621
0 249653 42 0 1788867182 8268
0 249699 32 0 1788867182 10047
0 249705 37 0 1788867182 10251
0 249715 33 0 1788867182 10595
0 249752 42 0 1788867182 11899
0 249753 34 0 1788867182 11935
0 249798 33 0 1788867182 13452
0 249807 34 0 1788867182 13782
0 249819 33 0 1788867182 14198
0 249832 40 0 1788867182 14639
0 249838 40 0 1788867182 14872
0 249884 36 0 1788867182 16503
0 249885 40 0 1788867182 16545
0 249962 34 0 1788867182 19242
0 249967 33 0 1788867182 19419
0 249968 33 0 1788867182 19454
0 249969 34 0 1788867182 19489
0 249981 35 0 1788867182 20002
0 249992 33 0 1788867182 20383
0 249993 34 0 1788867182 20418
0 250001 36 0 1788867182 20713
0 250024 36 0 1788867182 21541
0 250079 33 0 1788867182 23477
0 250080 33 0 1788867182 23513
0 250092 33 0 1788867182 23928
0 250180 34 0 1788867182 26900
0 250196 34 0 1788867182 27434
0 250234 33 0 1788867182 28733
0 250246 39 0 1788867182 29148
0 250251 39 0 1788867182 29321
0 250258 33 0 1788867182 29566
0 250274 34 0 1788867182 30265
0 250278 36 0 1788867182 30409
0 250279 34 0 1788867182 30444
0 250335 34 0 1788867182 32493
0 250341 33 0 1788867182 32718
0 250367 45 0 1788867182 34015
0 250386 38 0 1788867182 34747
0 250412 34 0 1788867182 36116
0 250424 34 0 1788867182 36533
0 250444 33 0 1788867182 37275
0 250451 34 0 1788867182 37515
0 250502 32 0 1788867182 39288
0 250505 32 0 1788867182 39392
0 250530 33 0 1788867182 40269
0 250552 38 0 1788867182 41129
0 250561 33 0 1788867182 41462
0 250578 32 0 1788867182 42044
0 250590 33 0 1788867182 42466
0 250609 33 0 1788867182 43115
0 250631 34 0 1788867182 43890
0 250635 33 0 1788867182 44025
0 250679 33 0 1788867182 45595
0 250690 33 0 1788867182 46010
0 250691 33 0 1788867182 46045
0 250700 33 0 1788867182 46344
0 250705 33 0 1788867182 46517
0 250725 33 0 1788867182 47186
0 250744 33 0 1788867182 47826
0 250765 32 0 1788867182 48517
0 250857 47 0 1788867182 52516
0 250923 47 0 1788867182 55422
0 250936 33 0 1788867182 56028
0 250937 35 0 1788867182 56065
0 250982 46 0 1788867182 57989
0 250995 33 0 1788867182 58581
0 250998 41 0 1788867182 58708
0 251021 64 0 1788867182 59713
0 251023 56 0 1788867182 59832
0 251034 61 0 1788867182 60416
0 251045 42 0 1788867182 60908
0 251065 47 0 1788867182 61836
0 251125 41 0 1788867182 64567
0 251146 40 0 1788867182 65772
0 251155 58 0 1788867182 66159
