warning: binding's name is too similar to existing binding
   --> crates/catalog/model/src/wiring_compatibility.rs:356:9
    |
356 |     let compiled = compiler
    |         ^^^^^^^^
    |
note: existing binding defined here
   --> crates/catalog/model/src/wiring_compatibility.rs:350:13
    |
350 |     let mut compiler = Compiler::new();
    |             ^^^^^^^^
    = help: for further information visit https://rust-lang.github.io/rust-clippy/rust-1.98.0/index.html#similar_names
    = note: `-W clippy::similar-names` implied by `-W clippy::pedantic`
    = help: to override `-W clippy::pedantic` add `#[allow(clippy::similar_names)]`

warning: function `canonical_serialized` is never used
   --> crates/catalog/model/src/lib.rs:792:4
    |
792 | fn canonical_serialized(value: &impl Serialize) -> Vec<u8> {
    |    ^^^^^^^^^^^^^^^^^^^^
    |
    = note: `#[warn(dead_code)]` (part of `#[warn(unused)]`) on by default

warning: unnecessary semicolon
  --> crates/catalog/model/src/package.rs:23:6
   |
23 |     };
   |      ^ help: remove
   |
   = help: for further information visit https://rust-lang.github.io/rust-clippy/rust-1.98.0/index.html#unnecessary_semicolon
   = note: `-W clippy::unnecessary-semicolon` implied by `-W clippy::pedantic`
   = help: to override `-W clippy::pedantic` add `#[allow(clippy::unnecessary_semicolon)]`

warning: this argument (1 byte) is passed by reference, but would be more efficient if passed by value (limit: 8 byte)
   --> crates/catalog/model/src/serving_manifest.rs:209:39
    |
209 | fn registration_input_is_event(input: &ServingRegistrationInput) -> bool {
    |                                       ^^^^^^^^^^^^^^^^^^^^^^^^^ help: consider passing by value instead: `ServingRegistrationInput`
    |
    = help: for further information visit https://rust-lang.github.io/rust-clippy/rust-1.98.0/index.html#trivially_copy_pass_by_ref
    = note: `-W clippy::trivially-copy-pass-by-ref` implied by `-W clippy::pedantic`
    = help: to override `-W clippy::pedantic` add `#[allow(clippy::trivially_copy_pass_by_ref)]`

warning: variables can be used directly in the `format!` string
   --> crates/catalog/model/src/wiring_compatibility.rs:384:21
    |
384 | /                     format!(
385 | |                         "wiring target {node_id:?} operation {:?} does not declare input port {name:?}",
386 | |                         operation_name
387 | |                     ),
    | |_____________________^
    |
    = help: for further information visit https://rust-lang.github.io/rust-clippy/rust-1.98.0/index.html#uninlined_format_args
    = note: `-W clippy::uninlined-format-args` implied by `-W clippy::pedantic`
    = help: to override `-W clippy::pedantic` add `#[allow(clippy::uninlined_format_args)]`

warning: variables can be used directly in the `format!` string
   --> crates/catalog/model/src/wiring_compatibility.rs:393:13
    |
393 | /             format!(
394 | |                 "wiring target {node_id:?} operation {:?} declares no input port",
395 | |                 operation_name
396 | |             ),
    | |_____________^
    |
    = help: for further information visit https://rust-lang.github.io/rust-clippy/rust-1.98.0/index.html#uninlined_format_args

warning: variables can be used directly in the `format!` string
   --> crates/catalog/model/src/lib.rs:189:17
    |
189 | /                 write!(
190 | |                     formatter,
191 | |                     "{}: requested {requested}; supported version is {}",
192 | |                     UNSUPPORTED_SERVING_MANIFEST_VERSION_REFUSAL, SERVING_MANIFEST_FORMAT_VERSION
193 | |                 )
    | |_________________^
    |
    = help: for further information visit https://rust-lang.github.io/rust-clippy/rust-1.98.0/index.html#uninlined_format_args

warning: `wamn-catalog` (lib) generated 7 warnings (run `cargo clippy --fix --lib -p wamn-catalog -- ` to apply 4 suggestions)
warning: unnecessary hashes around raw string literal
   --> crates/execution/run-state/src/effect_writer.rs:650:9
    |
650 | /         r#"SELECT EXISTS (
651 | |     SELECT 1
652 | |       FROM runs AS runnable_run
653 | |       JOIN run_queue AS queue
...   |
660 | |        AND queue.lease_expires_at > statement_timestamp()
661 | | )"#,
    | |___^
    |
    = help: for further information visit https://rust-lang.github.io/rust-clippy/rust-1.98.0/index.html#needless_raw_string_hashes
    = note: `-W clippy::needless-raw-string-hashes` implied by `-W clippy::pedantic`
    = help: to override `-W clippy::pedantic` add `#[allow(clippy::needless_raw_string_hashes)]`
help: remove all the hashes around the string literal
    |
650 ~         r"SELECT EXISTS (
651 |     SELECT 1
...
660 |        AND queue.lease_expires_at > statement_timestamp()
661 ~ )",
    |

warning: unnecessary hashes around raw string literal
   --> crates/execution/run-state/src/effect_writer.rs:674:9
    |
674 | /         r#"INSERT INTO effect_attempts
675 | |       (tenant_id, run_id, root_plan_hash, current_plan_hash, frame_id,
676 | |        parent_frame_id, call_site_id, local_node_id, source_artifact_hash,
677 | |        requirement_name, occurrence, seq, generation_fact_kind,
...   |
686 | |       DO NOTHING
687 | | RETURNING attempt_id::text, attempt_started_at::text, created_at::text"#,
    | |________________________________________________________________________^
    |
    = help: for further information visit https://rust-lang.github.io/rust-clippy/rust-1.98.0/index.html#needless_raw_string_hashes
help: remove all the hashes around the string literal
    |
674 ~         r"INSERT INTO effect_attempts
675 |       (tenant_id, run_id, root_plan_hash, current_plan_hash, frame_id,
...
686 |       DO NOTHING
687 ~ RETURNING attempt_id::text, attempt_started_at::text, created_at::text",
    |

warning: unnecessary hashes around raw string literal
   --> crates/execution/run-state/src/effect_writer.rs:695:9
    |
695 | /         r#"SELECT attempt_id::text, attempt_started_at::text, created_at::text
696 | |   FROM effect_attempts
697 | |  WHERE tenant_id = $1::text
698 | |    AND run_id = $2::text
...   |
712 | |            $16::text, $17::text, $18::text,
713 | |            $19::text::timestamptz, $20::text)"#,
    | |_______________________________________________^
    |
    = help: for further information visit https://rust-lang.github.io/rust-clippy/rust-1.98.0/index.html#needless_raw_string_hashes
help: remove all the hashes around the string literal
    |
695 ~         r"SELECT attempt_id::text, attempt_started_at::text, created_at::text
696 |   FROM effect_attempts
...
712 |            $16::text, $17::text, $18::text,
713 ~            $19::text::timestamptz, $20::text)",
    |

warning: unnecessary hashes around raw string literal
   --> crates/execution/run-state/src/effect_writer.rs:735:9
    |
735 | /         r#"INSERT INTO effect_attempt_dispatches
736 | |     (tenant_id, attempt_id, attempt_started_at,
737 | |      run_id, frame_id, local_node_id, occurrence)
738 | | SELECT tenant_id, attempt_id, attempt_started_at,
...   |
743 | | ON CONFLICT DO NOTHING
744 | | RETURNING attempt_id::text, dispatched_at::text"#,
    | |_________________________________________________^
    |
    = help: for further information visit https://rust-lang.github.io/rust-clippy/rust-1.98.0/index.html#needless_raw_string_hashes
help: remove all the hashes around the string literal
    |
735 ~         r"INSERT INTO effect_attempt_dispatches
736 |     (tenant_id, attempt_id, attempt_started_at,
...
743 | ON CONFLICT DO NOTHING
744 ~ RETURNING attempt_id::text, dispatched_at::text",
    |

warning: unnecessary hashes around raw string literal
   --> crates/execution/run-state/src/effect_writer.rs:764:9
    |
764 | /         r#"INSERT INTO effect_attempt_outcomes
765 | |       (tenant_id, attempt_id, dispatched_at, outcome_status)
766 | |   SELECT dispatch.tenant_id, dispatch.attempt_id, dispatch.dispatched_at, $3::text
767 | |     FROM effect_attempt_dispatches AS dispatch
...   |
770 | |   ON CONFLICT (tenant_id, attempt_id) DO NOTHING
771 | | RETURNING dispatched_at::text, recorded_at::text"#,
    | |__________________________________________________^
    |
    = help: for further information visit https://rust-lang.github.io/rust-clippy/rust-1.98.0/index.html#needless_raw_string_hashes
help: remove all the hashes around the string literal
    |
764 ~         r"INSERT INTO effect_attempt_outcomes
765 |       (tenant_id, attempt_id, dispatched_at, outcome_status)
...
770 |   ON CONFLICT (tenant_id, attempt_id) DO NOTHING
771 ~ RETURNING dispatched_at::text, recorded_at::text",
    |

warning: unnecessary hashes around raw string literal
   --> crates/execution/run-state/src/effect_writer.rs:779:9
    |
779 | /         r#"SELECT outcome.dispatched_at::text, outcome.recorded_at::text
780 | |   FROM effect_attempt_outcomes AS outcome
781 | |   JOIN effect_attempt_dispatches AS dispatch
782 | |     ON dispatch.tenant_id = outcome.tenant_id
...   |
786 | |    AND outcome.outcome_status IS NOT DISTINCT FROM $3::text
787 | |    AND outcome.dispatched_at IS NOT DISTINCT FROM dispatch.dispatched_at"#,
    | |__________________________________________________________________________^
    |
    = help: for further information visit https://rust-lang.github.io/rust-clippy/rust-1.98.0/index.html#needless_raw_string_hashes
help: remove all the hashes around the string literal
    |
779 ~         r"SELECT outcome.dispatched_at::text, outcome.recorded_at::text
780 |   FROM effect_attempt_outcomes AS outcome
...
786 |    AND outcome.outcome_status IS NOT DISTINCT FROM $3::text
787 ~    AND outcome.dispatched_at IS NOT DISTINCT FROM dispatch.dispatched_at",
    |

warning: you seem to be trying to use `match` for destructuring a single pattern. Consider using `if let`
   --> crates/execution/run-state/src/effect_writer.rs:320:19
    |
320 |           let row = match existing {
    |  ___________________^
321 | |             Some(row) => row,
322 | |             None => {
323 | |                 let coordinate_params: [&(dyn tokio_postgres::types::ToSql + Sync); 5] = [
...   |
399 | |         };
    | |_________^
    |
    = help: for further information visit https://rust-lang.github.io/rust-clippy/rust-1.98.0/index.html#single_match_else
    = note: `-W clippy::single-match-else` implied by `-W clippy::pedantic`
    = help: to override `-W clippy::pedantic` add `#[allow(clippy::single_match_else)]`
help: try
    |
320 ~         let row = if let Some(row) = existing { row } else {
321 +             let coordinate_params: [&(dyn tokio_postgres::types::ToSql + Sync); 5] = [
322 +                 &self.tenant_id,
323 +                 &attempt.run_id,
324 +                 &attempt.frame_id,
325 +                 &attempt.local_node_id,
326 +                 &attempt.occurrence,
327 +             ];
328 +             let coordinate_exists: bool = transaction
329 +                 .query_one(
330 +                     effect_attempt_coordinate_exists().text(),
331 +                     &coordinate_params,
332 +                 )
333 +                 .await
334 +                 .map_err(|source| {
335 +                     EffectWriterError::new(
336 +                         EffectWriterErrorKind::Storage,
337 +                         "classify existing effect coordinate",
338 +                     )
339 +                     .with_source(source)
340 +                 })?
341 +                 .get(0);
342 +             if coordinate_exists {
343 +                 return Err(EffectWriterError::new(
344 +                     EffectWriterErrorKind::DivergentRetry,
345 +                     "verify effect-attempt retry",
346 +                 ));
347 +             }
348 + 
349 +             let runnable: bool = transaction
350 +                 .query_one(effect_run_is_runnable().text(), &[&attempt.run_id])
351 +                 .await
352 +                 .map_err(|source| {
353 +                     EffectWriterError::new(
354 +                         EffectWriterErrorKind::Storage,
355 +                         "validate runnable effect run",
356 +                     )
357 +                     .with_source(source)
358 +                 })?
359 +                 .get(0);
360 +             if !runnable {
361 +                 return Err(EffectWriterError::new(
362 +                     EffectWriterErrorKind::RunNotRunnable,
363 +                     "validate runnable effect run",
364 +                 ));
365 +             }
366 + 
367 +             let inserted = transaction
368 +                 .query_opt(begin_effect_attempt().text(), &params)
369 +                 .await
370 +                 .map_err(|source| {
371 +                     EffectWriterError::new(
372 +                         EffectWriterErrorKind::Storage,
373 +                         "insert effect attempt",
374 +                     )
375 +                     .with_source(source)
376 +                 })?;
377 +             match inserted {
378 +                 Some(row) => row,
379 +                 None => transaction
380 +                     .query_opt(verify_effect_attempt().text(), &params)
381 +                     .await
382 +                     .map_err(|source| {
383 +                         EffectWriterError::new(
384 +                             EffectWriterErrorKind::Storage,
385 +                             "verify effect-attempt retry",
386 +                         )
387 +                         .with_source(source)
388 +                     })?
389 +                     .ok_or_else(|| {
390 +                         EffectWriterError::new(
391 +                             EffectWriterErrorKind::DivergentRetry,
392 +                             "verify effect-attempt retry",
393 +                         )
394 +                     })?,
395 +             }
396 ~         };
    |

warning: you seem to be trying to use `match` for destructuring a single pattern. Consider using `if let`
   --> crates/execution/run-state/src/effect_writer.rs:458:22
    |
458 |           let permit = match row {
    |  ______________________^
459 | |             Some(row) => Some(EffectDispatchPermit {
460 | |                 attempt_id: row.get(0),
461 | |                 dispatched_at: row.get(1),
...   |
488 | |         };
    | |_________^
    |
    = help: for further information visit https://rust-lang.github.io/rust-clippy/rust-1.98.0/index.html#single_match_else
help: try
    |
458 ~         let permit = if let Some(row) = row { Some(EffectDispatchPermit {
459 +             attempt_id: row.get(0),
460 +             dispatched_at: row.get(1),
461 +         }) } else {
462 +             let exists: bool = transaction
463 +                 .query_one(
464 +                     effect_attempt_exists().text(),
465 +                     &[&self.tenant_id, &attempt.attempt_id],
466 +                 )
467 +                 .await
468 +                 .map_err(|source| {
469 +                     EffectWriterError::new(
470 +                         EffectWriterErrorKind::Storage,
471 +                         "classify effect dispatch refusal",
472 +                     )
473 +                     .with_attempt(attempt.attempt_id)
474 +                     .with_source(source)
475 +                 })?
476 +                 .get(0);
477 +             if !exists {
478 +                 return Err(EffectWriterError::new(
479 +                     EffectWriterErrorKind::MissingAttempt,
480 +                     "acquire effect dispatch",
481 +                 )
482 +                 .with_attempt(attempt.attempt_id));
483 +             }
484 +             None
485 ~         };
    |

warning: you seem to be trying to use `match` for destructuring a single pattern. Consider using `if let`
   --> crates/execution/run-state/src/effect_writer.rs:541:19
    |
541 |           let row = match inserted {
    |  ___________________^
542 | |             Some(row) => row,
543 | |             None => {
544 | |                 let verified = transaction
...   |
587 | |         };
    | |_________^
    |
    = help: for further information visit https://rust-lang.github.io/rust-clippy/rust-1.98.0/index.html#single_match_else
help: try
    |
541 ~         let row = if let Some(row) = inserted { row } else {
542 +             let verified = transaction
543 +                 .query_opt(verify_effect_outcome().text(), &params)
544 +                 .await
545 +                 .map_err(|source| {
546 +                     EffectWriterError::new(
547 +                         EffectWriterErrorKind::Storage,
548 +                         "verify effect-outcome retry",
549 +                     )
550 +                     .with_attempt(outcome.attempt.attempt_id)
551 +                     .with_source(source)
552 +                 })?;
553 +             if let Some(row) = verified {
554 +                 row
555 +             } else {
556 +                 let dispatch_exists: bool = transaction
557 +                     .query_one(
558 +                         effect_dispatch_exists().text(),
559 +                         &[&self.tenant_id, &outcome.attempt.attempt_id],
560 +                     )
561 +                     .await
562 +                     .map_err(|source| {
563 +                         EffectWriterError::new(
564 +                             EffectWriterErrorKind::Storage,
565 +                             "classify effect outcome refusal",
566 +                         )
567 +                         .with_attempt(outcome.attempt.attempt_id)
568 +                         .with_source(source)
569 +                     })?
570 +                     .get(0);
571 +                 if !dispatch_exists {
572 +                     return Err(EffectWriterError::new(
573 +                         EffectWriterErrorKind::MissingDispatch,
574 +                         "record effect outcome",
575 +                     )
576 +                     .with_attempt(outcome.attempt.attempt_id));
577 +                 }
578 +                 return Err(EffectWriterError::new(
579 +                     EffectWriterErrorKind::DivergentRetry,
580 +                     "verify effect-outcome retry",
581 +                 )
582 +                 .with_attempt(outcome.attempt.attempt_id));
583 +             }
584 ~         };
    |

warning: redundant closure
   --> crates/execution/run-state/src/schema_drift.rs:181:18
    |
181 |             .map(|token| token.to_string())
    |                  ^^^^^^^^^^^^^^^^^^^^^^^^^ help: replace the closure with the method itself: `std::string::ToString::to_string`
    |
    = help: for further information visit https://rust-lang.github.io/rust-clippy/rust-1.98.0/index.html#redundant_closure_for_method_calls
    = note: `-W clippy::redundant-closure-for-method-calls` implied by `-W clippy::pedantic`
    = help: to override `-W clippy::pedantic` add `#[allow(clippy::redundant_closure_for_method_calls)]`

warning: `wamn-run-state` (lib) generated 10 warnings (run `cargo clippy --fix --lib -p wamn-run-state -- ` to apply 10 suggestions)
warning: you seem to want to iterate on a map's keys
    --> crates/schema/generator/src/generate.rs:1326:22
     |
1326 |     for (name, _) in &declaration.constraint_errors {
     |                      ^^^^^^^^^^^^^^^^^^^^^^^^^^^^^^
     |
     = help: for further information visit https://rust-lang.github.io/rust-clippy/rust-1.98.0/index.html#for_kv_map
     = note: `-W clippy::for-kv-map` implied by `-W clippy::style`
     = help: to override `-W clippy::style` add `#[allow(clippy::for_kv_map)]`
help: use the corresponding method
     |
1326 -     for (name, _) in &declaration.constraint_errors {
1326 +     for name in declaration.constraint_errors.keys() {
     |

warning: using `contains()` instead of `iter().any()` is more efficient
   --> crates/schema/generator/src/manifest.rs:883:17
    |
883 |               if !dependency
    |  _________________^
884 | |                 .operations
885 | |                 .iter()
886 | |                 .any(|candidate| *candidate == inherited.operation)
    | |___________________________________________________________________^
    |
    = help: for further information visit https://rust-lang.github.io/rust-clippy/rust-1.98.0/index.html#manual_contains
    = note: `-W clippy::manual-contains` implied by `-W clippy::perf`
    = help: to override `-W clippy::perf` add `#[allow(clippy::manual_contains)]`
help: try
    |
883 ~             if !dependency
884 +                 .operations.contains(&inherited.operation)
    |

warning: this `if` statement can be collapsed
    --> crates/schema/generator/src/manifest.rs:1075:9
     |
1075 | /         if let Some(limit) = limit {
1076 | |             if limit.minimum == 0 || limit.maximum < limit.minimum {
1077 | |                 return Err(GenerateError::new(
1078 | |                     GenerateErrorKind::InvalidOperation,
...    |
1082 | |         }
     | |_________^
     |
     = help: for further information visit https://rust-lang.github.io/rust-clippy/rust-1.98.0/index.html#collapsible_if
     = note: `-W clippy::collapsible-if` implied by `-W clippy::style`
     = help: to override `-W clippy::style` add `#[allow(clippy::collapsible_if)]`
help: collapse nested if block
     |
1075 ~         if let Some(limit) = limit
1076 ~             && (limit.minimum == 0 || limit.maximum < limit.minimum) {
1077 |                 return Err(GenerateError::new(
 ...
1080 |                 ));
1081 ~             }
     |

warning: this `if` statement can be collapsed
    --> crates/schema/generator/src/manifest.rs:1107:9
     |
1107 | /         if !field.values.is_empty() {
1108 | |             if field.ty != wamn_schema_introspection::ir::ColumnType::Text
1109 | |                 || field.values.iter().any(String::is_empty)
1110 | |                 || field.values.iter().collect::<BTreeSet<_>>().len() != field.values.len()
...    |
1120 | |         }
     | |_________^
     |
     = help: for further information visit https://rust-lang.github.io/rust-clippy/rust-1.98.0/index.html#collapsible_if
help: collapse nested if block
     |
1107 ~         if !field.values.is_empty()
1108 ~             && (field.ty != wamn_schema_introspection::ir::ColumnType::Text
1109 |                 || field.values.iter().any(String::is_empty)
1110 ~                 || field.values.iter().collect::<BTreeSet<_>>().len() != field.values.len())
1111 |             {
 ...
1118 |                 ));
1119 ~             }
     |

warning: case-sensitive file extension comparison
   --> crates/schema/generator/src/materialize.rs:278:12
    |
278 |         if file.path().ends_with(".sql") {
    |            ^^^^^^^^^^^^^^^^^^^^^^^^^^^^^
    |
    = help: consider using a case-insensitive comparison instead
    = help: for further information visit https://rust-lang.github.io/rust-clippy/rust-1.98.0/index.html#case_sensitive_file_extension_comparisons
    = note: `-W clippy::case-sensitive-file-extension-comparisons` implied by `-W clippy::pedantic`
    = help: to override `-W clippy::pedantic` add `#[allow(clippy::case_sensitive_file_extension_comparisons)]`
help: use std::path::Path
    |
278 ~         if std::path::Path::new(file.path())
279 +             .extension()
280 ~             .is_some_and(|ext| ext.eq_ignore_ascii_case("sql")) {
    |

warning: `wamn-schema-generator` (lib) generated 5 warnings (run `cargo clippy --fix --lib -p wamn-schema-generator -- ` to apply 4 suggestions)
warning: this function has too many arguments (11/7)
   --> crates/execution/router/src/resolution.rs:332:5
    |
332 | /     pub fn insert(
333 | |         &self,
334 | |         tenant_id: &str,
335 | |         package_id: &str,
...   |
343 | |         token: ResolutionToken,
344 | |     ) -> CacheInsert<T> {
    | |_______________________^
    |
    = help: for further information visit https://rust-lang.github.io/rust-clippy/rust-1.98.0/index.html#too_many_arguments
    = note: `-W clippy::too-many-arguments` implied by `-W clippy::complexity`
    = help: to override `-W clippy::complexity` add `#[allow(clippy::too_many_arguments)]`

warning: this function has too many arguments (10/7)
   --> crates/execution/router/src/resolution.rs:402:5
    |
402 | /     pub fn insert_version(
403 | |         &self,
404 | |         tenant_id: &str,
405 | |         package_id: &str,
...   |
412 | |         facts: T,
413 | |     ) -> CacheInsert<T> {
    | |_______________________^
    |
    = help: for further information visit https://rust-lang.github.io/rust-clippy/rust-1.98.0/index.html#too_many_arguments

warning: called `map(<f>).unwrap_or(<a>)` on an `Option` value
  --> crates/execution/router/src/retry.rs:56:27
   |
56 |               max_attempts: retry
   |  ___________________________^
57 | |                 .get("max-attempts")
58 | |                 .and_then(Value::as_u64)
59 | |                 .map(|n| n.max(1) as u32)
60 | |                 .unwrap_or(d.max_attempts),
   | |__________________________________________^
   |
   = help: for further information visit https://rust-lang.github.io/rust-clippy/rust-1.98.0/index.html#map_unwrap_or
   = note: `-W clippy::map-unwrap-or` implied by `-W clippy::pedantic`
   = help: to override `-W clippy::pedantic` add `#[allow(clippy::map_unwrap_or)]`
help: use `map_or(<a>, <f>)` instead
   |
59 -                 .map(|n| n.max(1) as u32)
60 -                 .unwrap_or(d.max_attempts),
59 +                 .map_or(d.max_attempts, |n| n.max(1) as u32),
   |

warning: casting `u64` to `u32` may truncate the value
  --> crates/execution/router/src/retry.rs:59:26
   |
59 |                 .map(|n| n.max(1) as u32)
   |                          ^^^^^^^^^^^^^^^
   |
   = help: if this is intentional allow the lint with `#[allow(clippy::cast_possible_truncation)]` ...
   = help: for further information visit https://rust-lang.github.io/rust-clippy/rust-1.98.0/index.html#cast_possible_truncation
   = note: `-W clippy::cast-possible-truncation` implied by `-W clippy::pedantic`
   = help: to override `-W clippy::pedantic` add `#[allow(clippy::cast_possible_truncation)]`
help: ... or use `try_from` and handle the error accordingly
   |
59 -                 .map(|n| n.max(1) as u32)
59 +                 .map(|n| u32::try_from(n.max(1)))
   |

warning: called `map(<f>).unwrap_or(<a>)` on an `Option` value
  --> crates/execution/router/src/retry.rs:70:21
   |
70 |               cap_ms: retry
   |  _____________________^
71 | |                 .get("cap-ms")
72 | |                 .and_then(Value::as_u64)
73 | |                 .map(|n| n.min(RetryPolicy::CAP_MS_CEILING))
74 | |                 .unwrap_or(d.cap_ms),
   | |____________________________________^
   |
   = help: for further information visit https://rust-lang.github.io/rust-clippy/rust-1.98.0/index.html#map_unwrap_or
help: use `map_or(<a>, <f>)` instead
   |
73 -                 .map(|n| n.min(RetryPolicy::CAP_MS_CEILING))
74 -                 .unwrap_or(d.cap_ms),
73 +                 .map_or(d.cap_ms, |n| n.min(RetryPolicy::CAP_MS_CEILING)),
   |

warning: casting `u64` to `f64` may cause a loss of precision (`u64` is 64 bits wide, but `f64`'s mantissa is only 52 bits wide)
  --> crates/execution/router/src/retry.rs:90:22
   |
90 |         let scaled = (self.base_ms as f64) * self.factor.powi(attempt as i32);
   |                      ^^^^^^^^^^^^^^^^^^^^^
   |
   = help: for further information visit https://rust-lang.github.io/rust-clippy/rust-1.98.0/index.html#cast_precision_loss
   = note: `-W clippy::cast-precision-loss` implied by `-W clippy::pedantic`
   = help: to override `-W clippy::pedantic` add `#[allow(clippy::cast_precision_loss)]`

warning: casting `u32` to `i32` may wrap around the value
  --> crates/execution/router/src/retry.rs:90:63
   |
90 |         let scaled = (self.base_ms as f64) * self.factor.powi(attempt as i32);
   |                                                               ^^^^^^^^^^^^^^ help: if this is intentional, use `cast_signed()` instead: `attempt.cast_signed()`
   |
   = help: for further information visit https://rust-lang.github.io/rust-clippy/rust-1.98.0/index.html#cast_possible_wrap
   = note: `-W clippy::cast-possible-wrap` implied by `-W clippy::pedantic`
   = help: to override `-W clippy::pedantic` add `#[allow(clippy::cast_possible_wrap)]`

warning: casting `u64` to `f64` may cause a loss of precision (`u64` is 64 bits wide, but `f64`'s mantissa is only 52 bits wide)
  --> crates/execution/router/src/retry.rs:92:35
   |
92 |         let scaled = if scaled >= self.cap_ms as f64 {
   |                                   ^^^^^^^^^^^^^^^^^^
   |
   = help: for further information visit https://rust-lang.github.io/rust-clippy/rust-1.98.0/index.html#cast_precision_loss

warning: casting `f64` to `u64` may truncate the value
  --> crates/execution/router/src/retry.rs:95:13
   |
95 |             scaled as u64
   |             ^^^^^^^^^^^^^
   |
   = help: if this is intentional allow the lint with `#[allow(clippy::cast_possible_truncation)]` ...
   = help: for further information visit https://rust-lang.github.io/rust-clippy/rust-1.98.0/index.html#cast_possible_truncation

warning: casting `f64` to `u64` may lose the sign of the value
  --> crates/execution/router/src/retry.rs:95:13
   |
95 |             scaled as u64
   |             ^^^^^^^^^^^^^
   |
   = help: for further information visit https://rust-lang.github.io/rust-clippy/rust-1.98.0/index.html#cast_sign_loss
   = note: `-W clippy::cast-sign-loss` implied by `-W clippy::pedantic`
   = help: to override `-W clippy::pedantic` add `#[allow(clippy::cast_sign_loss)]`

warning: you seem to be trying to use `match` for destructuring a single pattern. Consider using `if let`
   --> crates/execution/router/src/walk.rs:460:25
    |
460 | /                         match terminal_verdict(walk, &call.node, terminal, &payload)? {
461 | |                             recorded @ Some(_) => recorded,
...   |
477 | |                         }
    | |_________________________^
    |
    = note: you might want to preserve the comments from inside the `match`
    = help: for further information visit https://rust-lang.github.io/rust-clippy/rust-1.98.0/index.html#single_match_else
    = note: `-W clippy::single-match-else` implied by `-W clippy::pedantic`
    = help: to override `-W clippy::pedantic` add `#[allow(clippy::single_match_else)]`
help: try
    |
460 ~                         if let recorded @ Some(_) = terminal_verdict(walk, &call.node, terminal, &payload)? { recorded } else {
461 +                             self.error_or_fail(
462 +                                 walk,
463 +                                 &call.node,
464 +                                 ErrorDetail::coded(
465 +                                     "missing-dedup-id",
466 +                                     format!("emit node emitted no {DEDUP_ID_FIELD} string"),
467 +                                 ),
468 +                                 FailureKind::MissingDedupId,
469 +                             );
470 +                             return Ok(());
471 +                         }
    |

warning: this argument is passed by value, but not consumed in the function body
   --> crates/execution/router/src/walk.rs:558:84
    |
558 |     fn enqueue_successors(&self, walk: &mut Walk, node: &str, port: &str, payload: Value) {
    |                                                                                    ^^^^^
    |
    = help: for further information visit https://rust-lang.github.io/rust-clippy/rust-1.98.0/index.html#needless_pass_by_value
    = note: `-W clippy::needless-pass-by-value` implied by `-W clippy::pedantic`
    = help: to override `-W clippy::pedantic` add `#[allow(clippy::needless_pass_by_value)]`
help: consider taking a reference instead
    |
558 |     fn enqueue_successors(&self, walk: &mut Walk, node: &str, port: &str, payload: &Value) {
    |                                                                                    +

warning: constructing a `Duration` using a smaller unit when a larger unit would be more readable
   --> crates/identity/platform/src/lib.rs:118:35
    |
118 | pub const MAX_PAT_TTL: Duration = Duration::from_secs(365 * 24 * 60 * 60);
    |                                   ^^^^^^^^^^^^^^^^^^^^^^^^^^^^^^^^^^^^^^^
    |
    = help: for further information visit https://rust-lang.github.io/rust-clippy/rust-1.98.0/index.html#duration_suboptimal_units
    = note: `-W clippy::duration-suboptimal-units` implied by `-W clippy::pedantic`
    = help: to override `-W clippy::pedantic` add `#[allow(clippy::duration_suboptimal_units)]`
help: try using from_hours
    |
118 - pub const MAX_PAT_TTL: Duration = Duration::from_secs(365 * 24 * 60 * 60);
118 + pub const MAX_PAT_TTL: Duration = Duration::from_hours(8760);
    |

warning: casting `u64` to `i64` may wrap around the value
   --> crates/identity/platform/src/lib.rs:951:8
    |
951 |     Ok(ttl.as_secs() as i64)
    |        ^^^^^^^^^^^^^^^^^^^^ help: if this is intentional, use `cast_signed()` instead: `ttl.as_secs().cast_signed()`
    |
    = help: for further information visit https://rust-lang.github.io/rust-clippy/rust-1.98.0/index.html#cast_possible_wrap
    = note: `-W clippy::cast-possible-wrap` implied by `-W clippy::pedantic`
    = help: to override `-W clippy::pedantic` add `#[allow(clippy::cast_possible_wrap)]`

warning: this argument is passed by value, but not consumed in the function body
    --> crates/identity/platform/src/lib.rs:1020:26
     |
1020 | fn database_error(error: tokio_postgres::Error) -> IdentityError {
     |                          ^^^^^^^^^^^^^^^^^^^^^
     |
     = help: for further information visit https://rust-lang.github.io/rust-clippy/rust-1.98.0/index.html#needless_pass_by_value
     = note: `-W clippy::needless-pass-by-value` implied by `-W clippy::pedantic`
     = help: to override `-W clippy::pedantic` add `#[allow(clippy::needless_pass_by_value)]`
help: consider taking a reference instead
     |
1020 | fn database_error(error: &tokio_postgres::Error) -> IdentityError {
     |                          +

warning: `wamn-router` (lib) generated 12 warnings (run `cargo clippy --fix --lib -p wamn-router -- ` to apply 2 suggestions)
warning: `wamn-platform-identity` (lib) generated 3 warnings (run `cargo clippy --fix --lib -p wamn-platform-identity -- ` to apply 1 suggestion)
warning: the item `Future` is imported redundantly
 --> crates/platform/runtime/src/connection_authority.rs:3:5
  |
3 | use std::future::Future;
  |     ^^^^^^^^^^^^^^^^^^^
  |
 --> /rustc/88d9e12ae178fab0fb5cc050a94da85685d449ea/library/std/src/prelude/mod.rs:166:12
  |
  = note: the item `Future` is already defined here
  |
  = note: requested on the command line with `-W redundant-imports`

warning: binding's name is too similar to existing binding
   --> crates/platform/runtime/src/plugins/flow_http_routing.rs:331:9
    |
331 |     let compiled = compiler
    |         ^^^^^^^^
    |
note: existing binding defined here
   --> crates/platform/runtime/src/plugins/flow_http_routing.rs:328:13
    |
328 |     let mut compiler = Compiler::new();
    |             ^^^^^^^^
    = help: for further information visit https://rust-lang.github.io/rust-clippy/rust-1.98.0/index.html#similar_names
    = note: `-W clippy::similar-names` implied by `-W clippy::pedantic`
    = help: to override `-W clippy::pedantic` add `#[allow(clippy::similar_names)]`

warning: the item `Future` is imported redundantly
 --> crates/platform/runtime/src/plugins/wamn_postgres/pool.rs:7:5
  |
7 | use std::future::Future;
  |     ^^^^^^^^^^^^^^^^^^^
  |
 --> /rustc/88d9e12ae178fab0fb5cc050a94da85685d449ea/library/std/src/prelude/mod.rs:166:12
  |
  = note: the item `Future` is already defined here

warning: constant `HTTP_CONTRACT` is never used
  --> crates/platform/runtime/src/plugins/connection_http.rs:52:7
   |
52 | const HTTP_CONTRACT: &str = "wamn:connection/http@0.1.0";
   |       ^^^^^^^^^^^^^
   |
   = note: `#[warn(dead_code)]` (part of `#[warn(unused)]`) on by default

warning: this argument is passed by value, but not consumed in the function body
   --> crates/platform/runtime/src/component_artifact_source.rs:209:17
    |
209 |         source: OciDistributionError,
    |                 ^^^^^^^^^^^^^^^^^^^^
    |
    = help: for further information visit https://rust-lang.github.io/rust-clippy/rust-1.98.0/index.html#needless_pass_by_value
    = note: `-W clippy::needless-pass-by-value` implied by `-W clippy::pedantic`
    = help: to override `-W clippy::pedantic` add `#[allow(clippy::needless_pass_by_value)]`
help: consider taking a reference instead
    |
209 |         source: &OciDistributionError,
    |                 +

warning: redundant closure
   --> crates/platform/runtime/src/connection_authority.rs:213:22
    |
213 |                 .map(|addresses| addresses.collect())
    |                      ^^^^^^^^^^^^^^^^^^^^^^^^^^^^^^^ help: replace the closure with the method itself: `std::iter::Iterator::collect`
    |
    = help: for further information visit https://rust-lang.github.io/rust-clippy/rust-1.98.0/index.html#redundant_closure_for_method_calls
    = note: `-W clippy::redundant-closure-for-method-calls` implied by `-W clippy::pedantic`
    = help: to override `-W clippy::pedantic` add `#[allow(clippy::redundant_closure_for_method_calls)]`

warning: this argument is passed by value, but not consumed in the function body
   --> crates/platform/runtime/src/plugins/connection_http.rs:381:49
    |
381 | fn authority_denied(phase: &'static str, error: AuthorityError) -> ConnectionError {
    |                                                 ^^^^^^^^^^^^^^
    |
    = help: for further information visit https://rust-lang.github.io/rust-clippy/rust-1.98.0/index.html#needless_pass_by_value
help: consider taking a reference instead
    |
381 | fn authority_denied(phase: &'static str, error: &AuthorityError) -> ConnectionError {
    |                                                 +

warning: the `Err`-variant returned from this closure is very large
   --> crates/platform/runtime/src/plugins/flow_http_routing.rs:333:19
    |
333 |         .and_then(|()| compiler.compile(INPUT_SCHEMA_URI, &mut schemas));
    |                   ^^^^^^^^^^^^^^^^^^^^^^^^^^^^^^^^^^^^^^^^^^^^^^^^^^^^^ the `Err`-variant is at least 160 bytes
    |
    = help: try reducing the size of `boon::CompileError`, for example by boxing large elements or replacing it with `Box<boon::CompileError>`
    = help: for further information visit https://rust-lang.github.io/rust-clippy/rust-1.98.0/index.html#result_large_err
    = note: `-W clippy::result-large-err` implied by `-W clippy::perf`
    = help: to override `-W clippy::perf` add `#[allow(clippy::result_large_err)]`

warning: redundant closure
   --> crates/platform/runtime/src/plugins/flow_http_routing.rs:519:46
    |
519 |                 &self.release.as_deref().map(|weld| weld.release()),
    |                                              ^^^^^^^^^^^^^^^^^^^^^ help: replace the closure with the method itself: `super::super::release_manifest::ReleaseManifestWeld::release`
    |
    = help: for further information visit https://rust-lang.github.io/rust-clippy/rust-1.98.0/index.html#redundant_closure_for_method_calls

warning: redundant closure
   --> crates/platform/runtime/src/plugins/flow_http_routing.rs:827:34
    |
827 |                     .is_some_and(|policy| policy.allows_pat())
    |                                  ^^^^^^^^^^^^^^^^^^^^^^^^^^^^ help: replace the closure with the method itself: `wamn_catalog::AttachmentAuthPolicy::allows_pat`
    |
    = help: for further information visit https://rust-lang.github.io/rust-clippy/rust-1.98.0/index.html#redundant_closure_for_method_calls

warning: redundant closure
   --> crates/platform/runtime/src/plugins/flow_http_routing.rs:840:34
    |
840 |                     .is_some_and(|policy| policy.allows_session())
    |                                  ^^^^^^^^^^^^^^^^^^^^^^^^^^^^^^^^ help: replace the closure with the method itself: `wamn_catalog::AttachmentAuthPolicy::allows_session`
    |
    = help: for further information visit https://rust-lang.github.io/rust-clippy/rust-1.98.0/index.html#redundant_closure_for_method_calls

warning: unused `async` for async trait impl function with no `.await` statements
    --> crates/platform/runtime/src/plugins/flow_http_routing.rs:994:5
     |
 994 | /     async fn routes(
 995 | |         &mut self,
 996 | |         method: String,
 997 | |         authority: String,
...    |
1009 | |         }))
1010 | |     }
     | |_____^
     |
     = note: `std::future::ready` creates a `Future` which returns the value immediately when `poll`ed
     = help: for further information visit https://rust-lang.github.io/rust-clippy/rust-1.98.0/index.html#unused_async_trait_impl
     = note: `-W clippy::unused-async-trait-impl` implied by `-W clippy::pedantic`
     = help: to override `-W clippy::pedantic` add `#[allow(clippy::unused_async_trait_impl)]`
help: consider removing the `async` from this function and returning `impl Future<Output = wash_runtime::wasmtime::Result<Result<Vec<RouteDefinition>, String>>>` instead
     |
 994 ~     fn routes(
 995 |         &mut self,
 996 |         method: String,
 997 |         authority: String,
 998 ~     ) -> impl Future<Output = wash_runtime::wasmtime::Result<Result<Vec<RouteDefinition>, String>>> {
 999 ~         let plugin = std::future::ready(plugin_of(self)?);
1000 |         let _span = tracing::info_span!(
 ...
1005 |         .entered();
1006 ~         std::future::ready(Ok(plugin.routes(&method, &authority).map_err(|error| {
1007 +             tracing::warn!(method, authority, error = %error, "flow-http route supply refused");
1008 +             error.to_string()
1009 +         })))
     |

warning: unused `async` for async trait impl function with no `.await` statements
    --> crates/platform/runtime/src/plugins/flow_http_routing.rs:1028:5
     |
1028 | /     async fn validate_input(
1029 | |         &mut self,
1030 | |         attachment_id: String,
1031 | |         payload: String,
...    |
1043 | |             .map_err(str::to_owned))
1044 | |     }
     | |_____^
     |
     = note: `std::future::ready` creates a `Future` which returns the value immediately when `poll`ed
     = help: for further information visit https://rust-lang.github.io/rust-clippy/rust-1.98.0/index.html#unused_async_trait_impl
help: consider removing the `async` from this function and returning `impl Future<Output = wash_runtime::wasmtime::Result<Result<(), String>>>` instead
     |
1028 ~     fn validate_input(
1029 |         &mut self,
1030 |         attachment_id: String,
1031 |         payload: String,
1032 ~     ) -> impl Future<Output = wash_runtime::wasmtime::Result<Result<(), String>>> {
1033 ~         let plugin = std::future::ready(plugin_of(self)?);
1034 |         let _span = tracing::info_span!(
 ...
1040 |         .entered();
1041 ~         std::future::ready(Ok(plugin
1042 +             .validate_input(&attachment_id, &payload)
1043 +             .map_err(str::to_owned)))
     |

warning: unused `async` for async trait impl function with no `.await` statements
    --> crates/platform/runtime/src/plugins/flow_http_routing.rs:1046:5
     |
1046 | /     async fn try_acquire(
1047 | |         &mut self,
1048 | |         attachment_id: String,
1049 | |     ) -> wash_runtime::wasmtime::Result<Result<Option<Resource<RoutePermit>>, String>> {
...    |
1072 | |         Ok(Ok(Some(self.table.push(permit)?)))
1073 | |     }
     | |_____^
     |
     = note: `std::future::ready` creates a `Future` which returns the value immediately when `poll`ed
     = help: for further information visit https://rust-lang.github.io/rust-clippy/rust-1.98.0/index.html#unused_async_trait_impl
help: consider removing the `async` from this function and returning `impl Future<Output = wash_runtime::wasmtime::Result<Result<Option<Resource<RoutePermit>>, String>>>` instead
     |
1046 ~     fn try_acquire(
1047 |         &mut self,
1048 |         attachment_id: String,
1049 ~     ) -> impl Future<Output = wash_runtime::wasmtime::Result<Result<Option<Resource<RoutePermit>>, String>>> {
1050 ~         let plugin = std::future::ready(plugin_of(self)?);
1051 |         let _span = tracing::info_span!(
 ...
1058 |             Ok(true) => {}
1059 ~             Ok(false) => return std::future::ready(Ok(Err(UNKNOWN_ROUTE_REFUSAL.to_string()))),
1060 |             Err(error) => {
 ...
1065 |                 );
1066 ~                 return std::future::ready(Ok(Err(error.to_string())));
1067 |             }
1068 |         }
1069 |         let Some(permit) = plugin.limiter.try_acquire(&attachment_id) else {
1070 ~             return std::future::ready(Ok(Ok(None)));
1071 |         };
1072 ~         std::future::ready(Ok(Ok(Some(self.table.push(permit)?))))std::future::ready(self.table.push(permit)?))))
     |

warning: unused `async` for async trait impl function with no `.await` statements
    --> crates/platform/runtime/src/plugins/flow_http_routing.rs:1077:5
     |
1077 | /     async fn drop(&mut self, permit: Resource<RoutePermit>) -> wash_runtime::wasmtime::Result<()> {
1078 | |         self.table.delete(permit)?;
1079 | |         Ok(())
1080 | |     }
     | |_____^
     |
     = note: `std::future::ready` creates a `Future` which returns the value immediately when `poll`ed
     = help: for further information visit https://rust-lang.github.io/rust-clippy/rust-1.98.0/index.html#unused_async_trait_impl
help: consider removing the `async` from this function and returning `impl Future<Output = wash_runtime::wasmtime::Result<()>>` instead
     |
1077 ~     fn drop(&mut self, permit: Resource<RoutePermit>) -> impl Future<Output = wash_runtime::wasmtime::Result<()>> {
1078 ~         std::future::ready(self.table.delete(permit)?);
1079 ~         std::future::ready(Ok(()))
     |

warning: unused `async` for async trait impl function with no `.await` statements
    --> crates/platform/runtime/src/plugins/flow_http_routing.rs:1084:5
     |
1084 | /     async fn drop(
1085 | |         &mut self,
1086 | |         caller: Resource<AuthenticatedCaller>,
1087 | |     ) -> wash_runtime::wasmtime::Result<()> {
1088 | |         self.table.delete(caller)?;
1089 | |         Ok(())
1090 | |     }
     | |_____^
     |
     = note: `std::future::ready` creates a `Future` which returns the value immediately when `poll`ed
     = help: for further information visit https://rust-lang.github.io/rust-clippy/rust-1.98.0/index.html#unused_async_trait_impl
help: consider removing the `async` from this function and returning `impl Future<Output = wash_runtime::wasmtime::Result<()>>` instead
     |
1084 ~     fn drop(
1085 |         &mut self,
1086 |         caller: Resource<AuthenticatedCaller>,
1087 ~     ) -> impl Future<Output = wash_runtime::wasmtime::Result<()>> {
1088 ~         std::future::ready(self.table.delete(caller)?);
1089 ~         std::future::ready(Ok(()))
     |

warning: unused `async` for async trait impl function with no `.await` statements
  --> crates/platform/runtime/src/plugins/wamn_blobstore/host.rs:81:5
   |
81 | /     async fn drop(&mut self, handle: Resource<Container>) -> wash_runtime::wasmtime::Result<()> {
82 | |         self.table.delete(handle)?;
83 | |         Ok(())
84 | |     }
   | |_____^
   |
   = note: `std::future::ready` creates a `Future` which returns the value immediately when `poll`ed
   = help: for further information visit https://rust-lang.github.io/rust-clippy/rust-1.98.0/index.html#unused_async_trait_impl
help: consider removing the `async` from this function and returning `impl Future<Output = wash_runtime::wasmtime::Result<()>>` instead
   |
81 ~     fn drop(&mut self, handle: Resource<Container>) -> impl Future<Output = wash_runtime::wasmtime::Result<()>> {
82 ~         std::future::ready(self.table.delete(handle)?);
83 ~         std::future::ready(Ok(()))
   |

warning: unused `async` for async trait impl function with no `.await` statements
  --> crates/platform/runtime/src/plugins/wamn_blobstore/host.rs:88:5
   |
88 | /     async fn name(
89 | |         accessor: &Accessor<T, Self>,
90 | |         handle: Resource<Container>,
91 | |     ) -> wash_runtime::wasmtime::Result<Result<String, WitError>> {
92 | |         Ok(Ok(container_of(accessor, &handle)?.container().to_owned()))
93 | |     }
   | |_____^
   |
   = note: `std::future::ready` creates a `Future` which returns the value immediately when `poll`ed
   = help: for further information visit https://rust-lang.github.io/rust-clippy/rust-1.98.0/index.html#unused_async_trait_impl
help: consider removing the `async` from this function and returning `impl Future<Output = wash_runtime::wasmtime::Result<Result<String, WitError>>>` instead
   |
88 ~     fn name(
89 |         accessor: &Accessor<T, Self>,
90 |         handle: Resource<Container>,
91 ~     ) -> impl Future<Output = wash_runtime::wasmtime::Result<Result<String, WitError>>> {
92 ~         std::future::ready(Ok(Ok(container_of(accessor, &handle)?.container().to_owned())))std::future::ready(container_of(accessor, &handle)?).container().to_owned()))
   |

warning: unused `async` for async trait impl function with no `.await` statements
   --> crates/platform/runtime/src/plugins/wamn_blobstore/host.rs:101:5
    |
101 | /     async fn info(
102 | |         _accessor: &Accessor<T, Self>,
103 | |         _handle: Resource<Container>,
104 | |     ) -> wash_runtime::wasmtime::Result<Result<ContainerMetadata, WitError>> {
...   |
109 | |         )))
110 | |     }
    | |_____^
    |
    = note: `std::future::ready` creates a `Future` which returns the value immediately when `poll`ed
    = help: for further information visit https://rust-lang.github.io/rust-clippy/rust-1.98.0/index.html#unused_async_trait_impl
help: consider removing the `async` from this function and returning `impl Future<Output = wash_runtime::wasmtime::Result<Result<ContainerMetadata, WitError>>>` instead
    |
101 ~     fn info(
102 |         _accessor: &Accessor<T, Self>,
103 |         _handle: Resource<Container>,
104 ~     ) -> impl Future<Output = wash_runtime::wasmtime::Result<Result<ContainerMetadata, WitError>>> {
105 ~         std::future::ready(Ok(Err(refused(
106 +             "info",
107 +             "an object store exposes no container creation time, and a fabricated one would be \
108 +              a timestamp a guest could act on",
109 +         ))))
    |

warning: unused `async` for async trait impl function with no `.await` statements
   --> crates/platform/runtime/src/plugins/wamn_blobstore/host.rs:264:5
    |
264 | /     async fn create_container(
265 | |         _accessor: &Accessor<T, Self>,
266 | |         _name: String,
267 | |     ) -> wash_runtime::wasmtime::Result<Result<Resource<Container>, WitError>> {
...   |
272 | |         )))
273 | |     }
    | |_____^
    |
    = note: `std::future::ready` creates a `Future` which returns the value immediately when `poll`ed
    = help: for further information visit https://rust-lang.github.io/rust-clippy/rust-1.98.0/index.html#unused_async_trait_impl
help: consider removing the `async` from this function and returning `impl Future<Output = wash_runtime::wasmtime::Result<Result<Resource<Container>, WitError>>>` instead
    |
264 ~     fn create_container(
265 |         _accessor: &Accessor<T, Self>,
266 |         _name: String,
267 ~     ) -> impl Future<Output = wash_runtime::wasmtime::Result<Result<Resource<Container>, WitError>>> {
268 ~         std::future::ready(Ok(Err(refused(
269 +             "create-container",
270 +             "the environment owns the container; a guest that could create one would own its own \
271 +              authority",
272 +         ))))
    |

warning: unused `async` for async trait impl function with no `.await` statements
   --> crates/platform/runtime/src/plugins/wamn_blobstore/host.rs:295:5
    |
295 | /     async fn delete_container(
296 | |         _accessor: &Accessor<T, Self>,
297 | |         _name: String,
298 | |     ) -> wash_runtime::wasmtime::Result<Result<(), WitError>> {
...   |
302 | |         )))
303 | |     }
    | |_____^
    |
    = note: `std::future::ready` creates a `Future` which returns the value immediately when `poll`ed
    = help: for further information visit https://rust-lang.github.io/rust-clippy/rust-1.98.0/index.html#unused_async_trait_impl
help: consider removing the `async` from this function and returning `impl Future<Output = wash_runtime::wasmtime::Result<Result<(), WitError>>>` instead
    |
295 ~     fn delete_container(
296 |         _accessor: &Accessor<T, Self>,
297 |         _name: String,
298 ~     ) -> impl Future<Output = wash_runtime::wasmtime::Result<Result<(), WitError>>> {
299 ~         std::future::ready(Ok(Err(refused(
300 +             "delete-container",
301 +             "the environment owns the container; a guest cannot destroy the store it was lent",
302 +         ))))
    |

warning: unused `async` for async trait impl function with no `.await` statements
   --> crates/platform/runtime/src/plugins/wamn_blobstore/host.rs:312:5
    |
312 | /     async fn copy_object(
313 | |         _accessor: &Accessor<T, Self>,
314 | |         _src: ObjectId,
315 | |         _dest: ObjectId,
316 | |     ) -> wash_runtime::wasmtime::Result<Result<(), WitError>> {
317 | |         Ok(Err(refused("copy-object", REFUSED_OBJECT_ID_REASON)))
318 | |     }
    | |_____^
    |
    = note: `std::future::ready` creates a `Future` which returns the value immediately when `poll`ed
    = help: for further information visit https://rust-lang.github.io/rust-clippy/rust-1.98.0/index.html#unused_async_trait_impl
help: consider removing the `async` from this function and returning `impl Future<Output = wash_runtime::wasmtime::Result<Result<(), WitError>>>` instead
    |
312 ~     fn copy_object(
313 |         _accessor: &Accessor<T, Self>,
314 |         _src: ObjectId,
315 |         _dest: ObjectId,
316 ~     ) -> impl Future<Output = wash_runtime::wasmtime::Result<Result<(), WitError>>> {
317 ~         std::future::ready(Ok(Err(refused("copy-object", REFUSED_OBJECT_ID_REASON))))
    |

warning: unused `async` for async trait impl function with no `.await` statements
   --> crates/platform/runtime/src/plugins/wamn_blobstore/host.rs:320:5
    |
320 | /     async fn move_object(
321 | |         _accessor: &Accessor<T, Self>,
322 | |         _src: ObjectId,
323 | |         _dest: ObjectId,
324 | |     ) -> wash_runtime::wasmtime::Result<Result<(), WitError>> {
325 | |         Ok(Err(refused("move-object", REFUSED_OBJECT_ID_REASON)))
326 | |     }
    | |_____^
    |
    = note: `std::future::ready` creates a `Future` which returns the value immediately when `poll`ed
    = help: for further information visit https://rust-lang.github.io/rust-clippy/rust-1.98.0/index.html#unused_async_trait_impl
help: consider removing the `async` from this function and returning `impl Future<Output = wash_runtime::wasmtime::Result<Result<(), WitError>>>` instead
    |
320 ~     fn move_object(
321 |         _accessor: &Accessor<T, Self>,
322 |         _src: ObjectId,
323 |         _dest: ObjectId,
324 ~     ) -> impl Future<Output = wash_runtime::wasmtime::Result<Result<(), WitError>>> {
325 ~         std::future::ready(Ok(Err(refused("move-object", REFUSED_OBJECT_ID_REASON))))
    |

warning: you seem to be trying to use `match` for destructuring a single pattern. Consider using `if let`
    --> crates/platform/runtime/src/plugins/wamn_jetstream.rs:1457:23
     |
1457 |       let dead_letter = match registration {
     |  _______________________^
1458 | |         Some((package_id, registration_id)) => Some(
1459 | |             exact_registration_identity(
1460 | |                 plugin.serving_manifest(),
...    |
1473 | |     };
     | |_____^
     |
     = help: for further information visit https://rust-lang.github.io/rust-clippy/rust-1.98.0/index.html#single_match_else
     = note: `-W clippy::single-match-else` implied by `-W clippy::pedantic`
     = help: to override `-W clippy::pedantic` add `#[allow(clippy::single_match_else)]`
help: try
     |
1457 ~     let dead_letter = if let Some((package_id, registration_id)) = registration { Some(
1458 +         exact_registration_identity(
1459 +             plugin.serving_manifest(),
1460 +             package_id,
1461 +             registration_id,
1462 +             &config.filter_subject,
1463 +         )
1464 +         .map_err(JsError::Other)?,
1465 +     ) } else {
1466 +         if let Some(refusal) = bind_refusal(plugin.serving_manifest(), &config.filter_subject) {
1467 +             return Err(JsError::Other(refusal));
1468 +         }
1469 +         None
1470 ~     };
     |

warning: unused `async` for async trait impl function with no `.await` statements
    --> crates/platform/runtime/src/plugins/wamn_jetstream.rs:1688:5
     |
1688 | /     async fn drop(&mut self, rep: Resource<JsConsumer>) -> wash_runtime::wasmtime::Result<()> {
1689 | |         // Dropping releases the client handle only; durable state persists
1690 | |         // server-side, so binding the same name resumes from the ack floor.
1691 | |         self.table.delete(rep)?;
1692 | |         Ok(())
1693 | |     }
     | |_____^
     |
     = note: `std::future::ready` creates a `Future` which returns the value immediately when `poll`ed
     = help: for further information visit https://rust-lang.github.io/rust-clippy/rust-1.98.0/index.html#unused_async_trait_impl
help: consider removing the `async` from this function and returning `impl Future<Output = wash_runtime::wasmtime::Result<()>>` instead
     |
1688 ~     fn drop(&mut self, rep: Resource<JsConsumer>) -> impl Future<Output = wash_runtime::wasmtime::Result<()>> {
1689 |         // Dropping releases the client handle only; durable state persists
1690 |         // server-side, so binding the same name resumes from the ack floor.
1691 ~         std::future::ready(self.table.delete(rep)?);
1692 ~         std::future::ready(Ok(()))
     |

warning: unused `async` for async trait impl function with no `.await` statements
    --> crates/platform/runtime/src/plugins/wamn_jetstream.rs:1697:5
     |
1697 | /     async fn body(&mut self, rep: Resource<JsMessage>) -> wash_runtime::wasmtime::Result<Vec<u8>> {
1698 | |         Ok(self.table.get(&rep)?.msg.payload.to_vec())
1699 | |     }
     | |_____^
     |
     = note: `std::future::ready` creates a `Future` which returns the value immediately when `poll`ed
     = help: for further information visit https://rust-lang.github.io/rust-clippy/rust-1.98.0/index.html#unused_async_trait_impl
help: consider removing the `async` from this function and returning `impl Future<Output = wash_runtime::wasmtime::Result<Vec<u8>>>` instead
     |
1697 ~     fn body(&mut self, rep: Resource<JsMessage>) -> impl Future<Output = wash_runtime::wasmtime::Result<Vec<u8>>> {
1698 ~         std::future::ready(Ok(self.table.get(&rep)?.msg.payload.to_vec()))std::future::ready(self.table.get(&rep)?).msg.payload.to_vec())
     |

warning: unused `async` for async trait impl function with no `.await` statements
    --> crates/platform/runtime/src/plugins/wamn_jetstream.rs:1701:5
     |
1701 | /     async fn subject(
1702 | |         &mut self,
1703 | |         rep: Resource<JsMessage>,
1704 | |     ) -> wash_runtime::wasmtime::Result<String> {
1705 | |         Ok(self.table.get(&rep)?.msg.subject.to_string())
1706 | |     }
     | |_____^
     |
     = note: `std::future::ready` creates a `Future` which returns the value immediately when `poll`ed
     = help: for further information visit https://rust-lang.github.io/rust-clippy/rust-1.98.0/index.html#unused_async_trait_impl
help: consider removing the `async` from this function and returning `impl Future<Output = wash_runtime::wasmtime::Result<String>>` instead
     |
1701 ~     fn subject(
1702 |         &mut self,
1703 |         rep: Resource<JsMessage>,
1704 ~     ) -> impl Future<Output = wash_runtime::wasmtime::Result<String>> {
1705 ~         std::future::ready(Ok(self.table.get(&rep)?.msg.subject.to_string()))std::future::ready(self.table.get(&rep)?).msg.subject.to_string())
     |

warning: unused `async` for async trait impl function with no `.await` statements
    --> crates/platform/runtime/src/plugins/wamn_jetstream.rs:1708:5
     |
1708 | /     async fn headers(
1709 | |         &mut self,
1710 | |         rep: Resource<JsMessage>,
1711 | |     ) -> wash_runtime::wasmtime::Result<Vec<Header>> {
1712 | |         Ok(from_header_map(self.table.get(&rep)?.msg.headers.as_ref()))
1713 | |     }
     | |_____^
     |
     = note: `std::future::ready` creates a `Future` which returns the value immediately when `poll`ed
     = help: for further information visit https://rust-lang.github.io/rust-clippy/rust-1.98.0/index.html#unused_async_trait_impl
help: consider removing the `async` from this function and returning `impl Future<Output = wash_runtime::wasmtime::Result<Vec<Header>>>` instead
     |
1708 ~     fn headers(
1709 |         &mut self,
1710 |         rep: Resource<JsMessage>,
1711 ~     ) -> impl Future<Output = wash_runtime::wasmtime::Result<Vec<Header>>> {
1712 ~         std::future::ready(Ok(from_header_map(self.table.get(&rep)?.msg.headers.as_ref())))std::future::ready(self.table.get(&rep)?).msg.headers.as_ref()))
     |

warning: unused `async` for async trait impl function with no `.await` statements
    --> crates/platform/runtime/src/plugins/wamn_jetstream.rs:1715:5
     |
1715 | /     async fn metadata(
1716 | |         &mut self,
1717 | |         rep: Resource<JsMessage>,
1718 | |     ) -> wash_runtime::wasmtime::Result<MessageMeta> {
...    |
1730 | |     }
     | |_____^
     |
     = note: `std::future::ready` creates a `Future` which returns the value immediately when `poll`ed
     = help: for further information visit https://rust-lang.github.io/rust-clippy/rust-1.98.0/index.html#unused_async_trait_impl
help: consider removing the `async` from this function and returning `impl Future<Output = wash_runtime::wasmtime::Result<MessageMeta>>` instead
     |
1715 ~     fn metadata(
1716 |         &mut self,
1717 |         rep: Resource<JsMessage>,
1718 ~     ) -> impl Future<Output = wash_runtime::wasmtime::Result<MessageMeta>> {
1719 ~         let msg = std::future::ready(self.table.get(&rep)?);
1720 ~         std::future::ready(match msg.msg.info() {
1721 +             Ok(info) => Ok(to_message_meta(info.stream_sequence, info.delivered)),
1722 +             Err(e) => {
1723 +                 // A consumer-delivered message always carries a parseable reply
1724 ~                 // subject; a failure here means a malformed frame — surface zeros
1725 +                 // rather than trap (metadata is not fallible on the wire).
1726 +                 tracing::warn!(target: "wamn::jetstream", error = %e, "message metadata parse failed");
1727 +                 Ok(to_message_meta(0, 0))
1728 +             }
1729 +         })
     |

warning: unused `async` for async trait impl function with no `.await` statements
    --> crates/platform/runtime/src/plugins/wamn_jetstream.rs:1928:5
     |
1928 | /     async fn drop(&mut self, rep: Resource<JsMessage>) -> wash_runtime::wasmtime::Result<()> {
1929 | |         // Dropping without an explicit ack/nack/term leaves the message to
1930 | |         // redeliver after ack-wait (at-least-once).
1931 | |         self.table.delete(rep)?;
1932 | |         Ok(())
1933 | |     }
     | |_____^
     |
     = note: `std::future::ready` creates a `Future` which returns the value immediately when `poll`ed
     = help: for further information visit https://rust-lang.github.io/rust-clippy/rust-1.98.0/index.html#unused_async_trait_impl
help: consider removing the `async` from this function and returning `impl Future<Output = wash_runtime::wasmtime::Result<()>>` instead
     |
1928 ~     fn drop(&mut self, rep: Resource<JsMessage>) -> impl Future<Output = wash_runtime::wasmtime::Result<()>> {
1929 |         // Dropping without an explicit ack/nack/term leaves the message to
1930 |         // redeliver after ack-wait (at-least-once).
1931 ~         std::future::ready(self.table.delete(rep)?);
1932 ~         std::future::ready(Ok(()))
     |

warning: this argument is passed by value, but not consumed in the function body
   --> crates/platform/runtime/src/plugins/wamn_logging.rs:260:19
    |
260 |     fn build(cfg: WamnLoggingConfig, capture: Option<Arc<Capture>>) -> anyhow::Result<Self> {
    |                   ^^^^^^^^^^^^^^^^^
    |
help: or consider marking this type as `Copy`
   --> crates/platform/runtime/src/plugins/wamn_logging.rs:93:1
    |
 93 | pub struct WamnLoggingConfig {
    | ^^^^^^^^^^^^^^^^^^^^^^^^^^^^
    = help: for further information visit https://rust-lang.github.io/rust-clippy/rust-1.98.0/index.html#needless_pass_by_value
help: consider taking a reference instead
    |
260 |     fn build(cfg: &WamnLoggingConfig, capture: Option<Arc<Capture>>) -> anyhow::Result<Self> {
    |                   +

warning: redundant closure
   --> crates/platform/runtime/src/plugins/wamn_logging.rs:512:22
    |
512 |                 .map(|s| s.to_string())
    |                      ^^^^^^^^^^^^^^^^^ help: replace the closure with the method itself: `std::string::ToString::to_string`
    |
    = help: for further information visit https://rust-lang.github.io/rust-clippy/rust-1.98.0/index.html#redundant_closure_for_method_calls

warning: redundant closure
   --> crates/platform/runtime/src/plugins/wamn_logging.rs:518:40
    |
518 |             seq: v.get("seq").and_then(|x| x.as_u64()).map(|n| n as i64),
    |                                        ^^^^^^^^^^^^^^ help: replace the closure with the method itself: `serde_json::Value::as_u64`
    |
    = help: for further information visit https://rust-lang.github.io/rust-clippy/rust-1.98.0/index.html#redundant_closure_for_method_calls

warning: casting `u64` to `i64` may wrap around the value
   --> crates/platform/runtime/src/plugins/wamn_logging.rs:518:64
    |
518 |             seq: v.get("seq").and_then(|x| x.as_u64()).map(|n| n as i64),
    |                                                                ^^^^^^^^ help: if this is intentional, use `cast_signed()` instead: `n.cast_signed()`
    |
    = help: for further information visit https://rust-lang.github.io/rust-clippy/rust-1.98.0/index.html#cast_possible_wrap
    = note: `-W clippy::cast-possible-wrap` implied by `-W clippy::pedantic`
    = help: to override `-W clippy::pedantic` add `#[allow(clippy::cast_possible_wrap)]`

warning: more than 3 bools in a struct
   --> crates/platform/runtime/src/plugins/wamn_postgres/claims.rs:271:1
    |
271 | / pub struct ConnectionEffectSnapshot {
272 | |     pub wiring_hash: String,
273 | |     pub component: Option<String>,
274 | |     pub interface_version: Option<String>,
...   |
292 | |     pub credential_handle: Option<String>,
293 | | }
    | |_^
    |
    = help: consider using a state machine or refactoring bools into two-variant enums
    = help: for further information visit https://rust-lang.github.io/rust-clippy/rust-1.98.0/index.html#struct_excessive_bools
    = note: `-W clippy::struct-excessive-bools` implied by `-W clippy::pedantic`
    = help: to override `-W clippy::pedantic` add `#[allow(clippy::struct_excessive_bools)]`

warning: this argument is passed by value, but not consumed in the function body
   --> crates/platform/runtime/src/plugins/wamn_postgres/claims.rs:700:21
    |
700 |     pub fn new(cfg: WamnPostgresConfig) -> anyhow::Result<Self> {
    |                     ^^^^^^^^^^^^^^^^^^
    |
    = help: for further information visit https://rust-lang.github.io/rust-clippy/rust-1.98.0/index.html#needless_pass_by_value
help: consider taking a reference instead
    |
700 |     pub fn new(cfg: &WamnPostgresConfig) -> anyhow::Result<Self> {
    |                     +

warning: adding items after statements is confusing, since items exist from the start of the scope
    --> crates/platform/runtime/src/plugins/wamn_postgres/claims.rs:1549:9
     |
1549 |         type PoolStatus = (usize, usize, usize);
     |         ^^^^^^^^^^^^^^^^^^^^^^^^^^^^^^^^^^^^^^^^
     |
     = help: for further information visit https://rust-lang.github.io/rust-clippy/rust-1.98.0/index.html#items_after_statements
     = note: `-W clippy::items-after-statements` implied by `-W clippy::pedantic`
     = help: to override `-W clippy::pedantic` add `#[allow(clippy::items_after_statements)]`

warning: adding items after statements is confusing, since items exist from the start of the scope
    --> crates/platform/runtime/src/plugins/wamn_postgres/claims.rs:1550:9
     |
1550 |         type MetricSpec = (&'static str, &'static str, fn(&PoolStatus) -> u64);
     |         ^^^^^^^^^^^^^^^^^^^^^^^^^^^^^^^^^^^^^^^^^^^^^^^^^^^^^^^^^^^^^^^^^^^^^^^
     |
     = help: for further information visit https://rust-lang.github.io/rust-clippy/rust-1.98.0/index.html#items_after_statements

warning: casting `u128` to `u64` may truncate the value
   --> crates/platform/runtime/src/plugins/wamn_postgres/pool.rs:118:20
    |
118 |     value.clamp(1, MAX_HOST_CALL_DURATION.as_millis() as u64)
    |                    ^^^^^^^^^^^^^^^^^^^^^^^^^^^^^^^^^^^^^^^^^
    |
    = help: if this is intentional allow the lint with `#[allow(clippy::cast_possible_truncation)]` ...
    = help: for further information visit https://rust-lang.github.io/rust-clippy/rust-1.98.0/index.html#cast_possible_truncation
    = note: `-W clippy::cast-possible-truncation` implied by `-W clippy::pedantic`
    = help: to override `-W clippy::pedantic` add `#[allow(clippy::cast_possible_truncation)]`
help: ... or use `try_from` and handle the error accordingly
    |
118 -     value.clamp(1, MAX_HOST_CALL_DURATION.as_millis() as u64)
118 +     value.clamp(1, u64::try_from(MAX_HOST_CALL_DURATION.as_millis()))
    |

warning: casting `u64` to `u32` may truncate the value
   --> crates/platform/runtime/src/plugins/wamn_postgres/pool.rs:122:5
    |
122 |     value.clamp(1, MAX_HOST_CALL_DURATION.as_millis() as u64) as u32
    |     ^^^^^^^^^^^^^^^^^^^^^^^^^^^^^^^^^^^^^^^^^^^^^^^^^^^^^^^^^^^^^^^^
    |
    = help: if this is intentional allow the lint with `#[allow(clippy::cast_possible_truncation)]` ...
    = help: for further information visit https://rust-lang.github.io/rust-clippy/rust-1.98.0/index.html#cast_possible_truncation
help: ... or use `try_from` and handle the error accordingly
    |
122 -     value.clamp(1, MAX_HOST_CALL_DURATION.as_millis() as u64) as u32
122 +     u32::try_from(value.clamp(1, MAX_HOST_CALL_DURATION.as_millis() as u64))
    |

warning: casting `u128` to `u64` may truncate the value
   --> crates/platform/runtime/src/plugins/wamn_postgres/pool.rs:122:20
    |
122 |     value.clamp(1, MAX_HOST_CALL_DURATION.as_millis() as u64) as u32
    |                    ^^^^^^^^^^^^^^^^^^^^^^^^^^^^^^^^^^^^^^^^^
    |
    = help: if this is intentional allow the lint with `#[allow(clippy::cast_possible_truncation)]` ...
    = help: for further information visit https://rust-lang.github.io/rust-clippy/rust-1.98.0/index.html#cast_possible_truncation
help: ... or use `try_from` and handle the error accordingly
    |
122 -     value.clamp(1, MAX_HOST_CALL_DURATION.as_millis() as u64) as u32
122 +     value.clamp(1, u64::try_from(MAX_HOST_CALL_DURATION.as_millis())) as u32
    |

warning: redundant closure
   --> crates/platform/runtime/src/plugins/wamn_postgres/pool.rs:389:66
    |
389 |             let u64_or = |k: &str, d: u64| entry.get(k).and_then(|n| n.as_u64()).unwrap_or(d);
    |                                                                  ^^^^^^^^^^^^^^ help: replace the closure with the method itself: `serde_json::Value::as_u64`
    |
    = help: for further information visit https://rust-lang.github.io/rust-clippy/rust-1.98.0/index.html#redundant_closure_for_method_calls

warning: casting `u64` to `usize` may truncate the value on targets with 32-bit wide pointers
   --> crates/platform/runtime/src/plugins/wamn_postgres/pool.rs:394:42
    |
394 |                       guest_pool_max_size: u64_or(
    |  __________________________________________^
395 | |                         "guest_pool_max_size",
396 | |                         base.guest_pool_max_size as u64,
397 | |                     ) as usize,
    | |______________________________^
    |
    = help: if this is intentional allow the lint with `#[allow(clippy::cast_possible_truncation)]` ...
    = help: for further information visit https://rust-lang.github.io/rust-clippy/rust-1.98.0/index.html#cast_possible_truncation
help: ... or use `try_from` and handle the error accordingly
    |
394 ~                     guest_pool_max_size: usize::try_from(u64_or(
395 +                         "guest_pool_max_size",
396 +                         base.guest_pool_max_size as u64,
397 ~                     )),
    |

warning: casting `u64` to `usize` may truncate the value on targets with 32-bit wide pointers
   --> crates/platform/runtime/src/plugins/wamn_postgres/pool.rs:398:45
    |
398 |                       platform_pool_max_size: u64_or(
    |  _____________________________________________^
399 | |                         "platform_pool_max_size",
400 | |                         base.platform_pool_max_size as u64,
401 | |                     ) as usize,
    | |______________________________^
    |
    = help: if this is intentional allow the lint with `#[allow(clippy::cast_possible_truncation)]` ...
    = help: for further information visit https://rust-lang.github.io/rust-clippy/rust-1.98.0/index.html#cast_possible_truncation
help: ... or use `try_from` and handle the error accordingly
    |
398 ~                     platform_pool_max_size: usize::try_from(u64_or(
399 +                         "platform_pool_max_size",
400 +                         base.platform_pool_max_size as u64,
401 ~                     )),
    |

warning: casts from `u32` to `u64` can be expressed infallibly using `From`
   --> crates/platform/runtime/src/plugins/wamn_postgres/pool.rs:408:25
    |
408 |                         base.statement_timeout_ms as u64,
    |                         ^^^^^^^^^^^^^^^^^^^^^^^^^^^^^^^^
    |
    = help: an `as` cast can become silently lossy if the types change in the future
    = help: for further information visit https://rust-lang.github.io/rust-clippy/rust-1.98.0/index.html#cast_lossless
    = note: `-W clippy::cast-lossless` implied by `-W clippy::pedantic`
    = help: to override `-W clippy::pedantic` add `#[allow(clippy::cast_lossless)]`
help: use `u64::from` instead
    |
408 -                         base.statement_timeout_ms as u64,
408 +                         u64::from(base.statement_timeout_ms),
    |

warning: this argument is passed by value, but not consumed in the function body
    --> crates/platform/runtime/src/plugins/wamn_postgres/production_claim.rs:1616:44
     |
1616 | fn storage(operation: &'static str, error: tokio_postgres::Error) -> ProductionClaimError {
     |                                            ^^^^^^^^^^^^^^^^^^^^^
     |
     = help: for further information visit https://rust-lang.github.io/rust-clippy/rust-1.98.0/index.html#needless_pass_by_value
help: consider taking a reference instead
     |
1616 | fn storage(operation: &'static str, error: &tokio_postgres::Error) -> ProductionClaimError {
     |                                            +

warning: called `map(<f>).unwrap_or(<a>)` on a `Result` value
   --> crates/platform/runtime/src/plugins/wamn_postgres/resources.rs:740:28
    |
740 |       let already_finished = state
    |  ____________________________^
741 | |         .lock()
742 | |         .map(|st| st.finished || st.conn.is_none())
743 | |         .unwrap_or(true);
    | |________________________^
    |
    = help: for further information visit https://rust-lang.github.io/rust-clippy/rust-1.98.0/index.html#map_unwrap_or
    = note: `-W clippy::map-unwrap-or` implied by `-W clippy::pedantic`
    = help: to override `-W clippy::pedantic` add `#[allow(clippy::map_unwrap_or)]`
help: use `map_or(<a>, <f>)` instead
    |
742 -         .map(|st| st.finished || st.conn.is_none())
743 -         .unwrap_or(true);
742 +         .map_or(true, |st| st.finished || st.conn.is_none());
    |

warning: unused `async` for async trait impl function with no `.await` statements
   --> crates/platform/runtime/src/plugins/wamn_postgres/resources.rs:864:5
    |
864 | /     async fn drop(
865 | |         &mut self,
866 | |         _id: super::NamedProject,
867 | |         rep: Resource<PgCursor>,
868 | |     ) -> wash_runtime::wasmtime::Result<()> {
869 | |         cursor_drop(self, rep)
870 | |     }
    | |_____^
    |
    = note: `std::future::ready` creates a `Future` which returns the value immediately when `poll`ed
    = help: for further information visit https://rust-lang.github.io/rust-clippy/rust-1.98.0/index.html#unused_async_trait_impl
help: consider removing the `async` from this function and returning `impl Future<Output = wash_runtime::wasmtime::Result<()>>` instead
    |
864 ~     fn drop(
865 |         &mut self,
866 |         _id: super::NamedProject,
867 |         rep: Resource<PgCursor>,
868 ~     ) -> impl Future<Output = wash_runtime::wasmtime::Result<()>> {
869 ~         std::future::ready(cursor_drop(self, rep))
    |

warning: this function's return value is unnecessarily wrapped by `Result`
   --> crates/platform/runtime/src/plugins/wamn_postgres/resources.rs:964:1
    |
964 | fn flatten_mapped<T>(r: Result<T, PgError>) -> Result<Result<T, PgError>, tokio_postgres::Error> {
    | ^^^^^^^^^^^^^^^^^^^^^^^^^^^^^^^^^^^^^^^^^^^^^^^^^^^^^^^^^^^^^^^^^^^^^^^^^^^^^^^^^^^^^^^^^^^^^^^^
    |
    = help: for further information visit https://rust-lang.github.io/rust-clippy/rust-1.98.0/index.html#unnecessary_wraps
    = note: `-W clippy::unnecessary-wraps` implied by `-W clippy::pedantic`
    = help: to override `-W clippy::pedantic` add `#[allow(clippy::unnecessary_wraps)]`
help: remove `Result` from the return type...
    |
964 - fn flatten_mapped<T>(r: Result<T, PgError>) -> Result<Result<T, PgError>, tokio_postgres::Error> {
964 + fn flatten_mapped<T>(r: Result<T, PgError>) -> std::result::Result<T, plugins::wamn_postgres::bindings::wamn::postgres::types::PgError> {
    |
help: ...and then remove the surrounding `Ok()` from returning expressions
    |
965 -     Ok(r)
965 +     r
    |

warning: unused `async` for async trait impl function with no `.await` statements
   --> crates/platform/runtime/src/plugins/wamn_postgres/resources.rs:980:5
    |
980 | /     async fn drop(&mut self, rep: Resource<PgCursor>) -> wash_runtime::wasmtime::Result<()> {
981 | |         cursor_drop(self, rep)
982 | |     }
    | |_____^
    |
    = note: `std::future::ready` creates a `Future` which returns the value immediately when `poll`ed
    = help: for further information visit https://rust-lang.github.io/rust-clippy/rust-1.98.0/index.html#unused_async_trait_impl
help: consider removing the `async` from this function and returning `impl Future<Output = wash_runtime::wasmtime::Result<()>>` instead
    |
980 ~     fn drop(&mut self, rep: Resource<PgCursor>) -> impl Future<Output = wash_runtime::wasmtime::Result<()>> {
981 ~         std::future::ready(cursor_drop(self, rep))
    |

warning: called `map(<f>).unwrap_or(<a>)` on a `Result` value
    --> crates/platform/runtime/src/plugins/wamn_postgres/resources.rs:1101:32
     |
1101 |           let already_finished = state
     |  ________________________________^
1102 | |             .lock()
1103 | |             .map(|transaction| transaction.finished || transaction.conn.is_none())
1104 | |             .unwrap_or(true);
     | |____________________________^
     |
     = help: for further information visit https://rust-lang.github.io/rust-clippy/rust-1.98.0/index.html#map_unwrap_or
help: use `map_or(<a>, <f>)` instead
     |
1103 -             .map(|transaction| transaction.finished || transaction.conn.is_none())
1104 -             .unwrap_or(true);
1103 +             .map_or(true, |transaction| transaction.finished || transaction.conn.is_none());
     |

warning: this `if` statement can be collapsed
   --> crates/platform/runtime/src/plugins/wamn_postgres/statements.rs:285:13
    |
285 | /             if matches!(value, SqlValue::Null) && !expected.nullable {
286 | |                 if let Some(observed) = observed_types.get_mut(index) {
287 | |                     *observed = "null".to_owned();
288 | |                 }
289 | |             }
    | |_____________^
    |
    = help: for further information visit https://rust-lang.github.io/rust-clippy/rust-1.98.0/index.html#collapsible_if
    = note: `-W clippy::collapsible-if` implied by `-W clippy::style`
    = help: to override `-W clippy::style` add `#[allow(clippy::collapsible_if)]`
help: collapse nested if block
    |
285 ~             if matches!(value, SqlValue::Null) && !expected.nullable
286 ~                 && let Some(observed) = observed_types.get_mut(index) {
287 |                     *observed = "null".to_owned();
288 ~                 }
    |

warning: assigning the result of `ToOwned::to_owned()` may be inefficient
   --> crates/platform/runtime/src/plugins/wamn_postgres/statements.rs:287:21
    |
287 |                     *observed = "null".to_owned();
    |                     ^^^^^^^^^^^^^^^^^^^^^^^^^^^^^ help: use `clone_into()`: `"null".clone_into(observed)`
    |
    = help: for further information visit https://rust-lang.github.io/rust-clippy/rust-1.98.0/index.html#assigning_clones
    = note: `-W clippy::assigning-clones` implied by `-W clippy::pedantic`
    = help: to override `-W clippy::pedantic` add `#[allow(clippy::assigning_clones)]`

warning: redundant closure
   --> crates/platform/runtime/src/plugins/wamn_postgres/statements.rs:315:38
    |
315 |         prepared.params().iter().map(|ty| ty.name()),
    |                                      ^^^^^^^^^^^^^^ help: replace the closure with the method itself: `tokio_postgres::types::Type::name`
    |
    = help: for further information visit https://rust-lang.github.io/rust-clippy/rust-1.98.0/index.html#redundant_closure_for_method_calls

warning: these match arms have identical bodies
   --> crates/platform/runtime/src/plugins/wamn_postgres/types.rs:102:13
    |
102 |               SqlValue::Text(s) => out.extend_from_slice(s.as_bytes()),
    |               ^^^^^^^^^^^^^^^^^^^^^^^^^^^^^^^^^^^^^^^^^^^^^^^^^^^^^^^^
...
113 | /             SqlValue::Numeric(s)
114 | |             | SqlValue::Timestamptz(s)
115 | |             | SqlValue::Json(s)
116 | |             | SqlValue::Uuid(s) => out.extend_from_slice(s.as_bytes()),
    | |______________________________________________________________________^
    |
    = help: if this is unintentional make the arms return different values
    = help: for further information visit https://rust-lang.github.io/rust-clippy/rust-1.98.0/index.html#match_same_arms
    = note: `-W clippy::match-same-arms` implied by `-W clippy::pedantic`
    = help: to override `-W clippy::pedantic` add `#[allow(clippy::match_same_arms)]`
help: otherwise merge the patterns into a single arm
    |
102 ~             SqlValue::Text(s) | SqlValue::Numeric(s)
103 +             | SqlValue::Timestamptz(s)
104 +             | SqlValue::Json(s)
105 ~             | SqlValue::Uuid(s) => out.extend_from_slice(s.as_bytes()),
106 |             SqlValue::Bytes(b) => {
...
115 |             // parameter's declared type.
116 ~             }
    |

warning: casts from `i16` to `i32` can be expressed infallibly using `From`
   --> crates/platform/runtime/src/plugins/wamn_postgres/types.rs:147:39
    |
147 |             "int2" => SqlValue::Int32(i16::from_sql(ty, raw)? as i32),
    |                                       ^^^^^^^^^^^^^^^^^^^^^^^^^^^^^^
    |
    = help: an `as` cast can become silently lossy if the types change in the future
    = help: for further information visit https://rust-lang.github.io/rust-clippy/rust-1.98.0/index.html#cast_lossless
help: use `i32::from` instead
    |
147 -             "int2" => SqlValue::Int32(i16::from_sql(ty, raw)? as i32),
147 +             "int2" => SqlValue::Int32(i32::from(i16::from_sql(ty, raw)?)),
    |

warning: casts from `f32` to `f64` can be expressed infallibly using `From`
   --> crates/platform/runtime/src/plugins/wamn_postgres/types.rs:150:43
    |
150 |             "float4" => SqlValue::Float64(f32::from_sql(ty, raw)? as f64),
    |                                           ^^^^^^^^^^^^^^^^^^^^^^^^^^^^^^
    |
    = help: an `as` cast can become silently lossy if the types change in the future
    = help: for further information visit https://rust-lang.github.io/rust-clippy/rust-1.98.0/index.html#cast_lossless
help: use `f64::from` instead
    |
150 -             "float4" => SqlValue::Float64(f32::from_sql(ty, raw)? as f64),
150 +             "float4" => SqlValue::Float64(f64::from(f32::from_sql(ty, raw)?)),
    |

warning: adding items after statements is confusing, since items exist from the start of the scope
   --> crates/platform/runtime/src/plugins/wamn_postgres/types.rs:237:5
    |
237 |     use std::fmt::Write as _;
    |     ^^^^^^^^^^^^^^^^^^^^^^^^^
    |
    = help: for further information visit https://rust-lang.github.io/rust-clippy/rust-1.98.0/index.html#items_after_statements

warning: casting `i16` to `usize` may lose the sign of the value
   --> crates/platform/runtime/src/plugins/wamn_postgres/types.rs:221:19
    |
221 |     let ndigits = rd_i16(raw, 0)? as usize;
    |                   ^^^^^^^^^^^^^^^^^^^^^^^^
    |
    = help: for further information visit https://rust-lang.github.io/rust-clippy/rust-1.98.0/index.html#cast_sign_loss
    = note: `-W clippy::cast-sign-loss` implied by `-W clippy::pedantic`
    = help: to override `-W clippy::pedantic` add `#[allow(clippy::cast_sign_loss)]`

warning: casts from `i16` to `i32` can be expressed infallibly using `From`
   --> crates/platform/runtime/src/plugins/wamn_postgres/types.rs:222:18
    |
222 |     let weight = rd_i16(raw, 2)? as i32;
    |                  ^^^^^^^^^^^^^^^^^^^^^^
    |
    = help: an `as` cast can become silently lossy if the types change in the future
    = help: for further information visit https://rust-lang.github.io/rust-clippy/rust-1.98.0/index.html#cast_lossless
help: use `i32::from` instead
    |
222 -     let weight = rd_i16(raw, 2)? as i32;
222 +     let weight = i32::from(rd_i16(raw, 2)?);
    |

warning: casting `i16` to `u16` may lose the sign of the value
   --> crates/platform/runtime/src/plugins/wamn_postgres/types.rs:223:16
    |
223 |     let sign = rd_i16(raw, 4)? as u16;
    |                ^^^^^^^^^^^^^^^^^^^^^^ help: if this is intentional, use `cast_unsigned()` instead: `rd_i16(raw, 4)?.cast_unsigned()`
    |
    = help: for further information visit https://rust-lang.github.io/rust-clippy/rust-1.98.0/index.html#cast_sign_loss

warning: casting `i16` to `u16` may lose the sign of the value
   --> crates/platform/runtime/src/plugins/wamn_postgres/types.rs:224:18
    |
224 |     let dscale = rd_i16(raw, 6)? as u16 as usize;
    |                  ^^^^^^^^^^^^^^^^^^^^^^ help: if this is intentional, use `cast_unsigned()` instead: `rd_i16(raw, 6)?.cast_unsigned()`
    |
    = help: for further information visit https://rust-lang.github.io/rust-clippy/rust-1.98.0/index.html#cast_sign_loss

warning: casting `i16` to `u16` may lose the sign of the value
   --> crates/platform/runtime/src/plugins/wamn_postgres/types.rs:234:21
    |
234 |         digits.push(rd_i16(raw, 8 + i * 2)? as u16);
    |                     ^^^^^^^^^^^^^^^^^^^^^^^^^^^^^^ help: if this is intentional, use `cast_unsigned()` instead: `rd_i16(raw, 8 + i * 2)?.cast_unsigned()`
    |
    = help: for further information visit https://rust-lang.github.io/rust-clippy/rust-1.98.0/index.html#cast_sign_loss

warning: casting `i32` to `usize` may lose the sign of the value
   --> crates/platform/runtime/src/plugins/wamn_postgres/types.rs:245:22
    |
245 |         for i in 0..=(weight as usize) {
    |                      ^^^^^^^^^^^^^^^^^
    |
    = help: for further information visit https://rust-lang.github.io/rust-clippy/rust-1.98.0/index.html#cast_sign_loss

warning: casting `i32` to `usize` may lose the sign of the value
   --> crates/platform/runtime/src/plugins/wamn_postgres/types.rs:260:28
    |
260 |                 digits.get(i as usize).copied().unwrap_or(0)
    |                            ^^^^^^^^^^
    |
    = help: for further information visit https://rust-lang.github.io/rust-clippy/rust-1.98.0/index.html#cast_sign_loss

warning: large size difference between variants
   --> crates/platform/runtime/src/plugins/wamn_postgres/wiring_resolution.rs:443:1
    |
443 | / pub enum CandidateWiringResolution {
444 | |     Resolved(ResolvedActiveWiring),
    | |     ------------------------------ the largest variant contains at least 248 bytes
445 | |     Missing,
    | |     ------- the second-largest variant carries no data at all
446 | |     InvalidDefinition,
447 | |     BindingWorldUnavailable,
448 | |     BindingWorldDrift,
449 | | }
    | |_^ the entire enum is at least 248 bytes
    |
    = help: for further information visit https://rust-lang.github.io/rust-clippy/rust-1.98.0/index.html#large_enum_variant
    = note: `-W clippy::large-enum-variant` implied by `-W clippy::perf`
    = help: to override `-W clippy::perf` add `#[allow(clippy::large_enum_variant)]`
help: consider boxing the large fields or introducing indirection in some other way to reduce the total size of the enum
    |
444 -     Resolved(ResolvedActiveWiring),
444 +     Resolved(Box<ResolvedActiveWiring>),
    |

warning: assigning the result of `Clone::clone()` may be inefficient
   --> crates/platform/runtime/src/plugins/wamn_postgres/wiring_resolution.rs:993:9
    |
993 | /         executable
994 | |             .nodes
995 | |             .get_mut(&node_id)
996 | |             .expect("the resolved node belongs to the cloned document")
997 | |             .component = runtime_key.clone();
    | |____________________________________________^
    |
    = help: for further information visit https://rust-lang.github.io/rust-clippy/rust-1.98.0/index.html#assigning_clones
help: use `clone_from()`
    |
993 ~         executable
994 +             .nodes
995 +             .get_mut(&node_id)
996 +             .expect("the resolved node belongs to the cloned document")
997 ~             .component.clone_from(&runtime_key);
    |

warning: assigning the result of `Clone::clone()` may be inefficient
   --> crates/platform/runtime/src/plugins/wamn_postgres/wiring_resolution.rs:999:13
    |
999 |             operation.component = runtime_key.clone();
    |             ^^^^^^^^^^^^^^^^^^^^^^^^^^^^^^^^^^^^^^^^^ help: use `clone_from()`: `operation.component.clone_from(&runtime_key)`
    |
    = help: for further information visit https://rust-lang.github.io/rust-clippy/rust-1.98.0/index.html#assigning_clones

warning: type does not implement `std::fmt::Debug`; consider adding `#[derive(Debug)]` or a manual implementation
   --> crates/platform/runtime/src/plugins/connection_http.rs:114:1
    |
114 | / pub struct ConnectionHttp {
115 | |     postgres: Arc<WamnPostgres>,
116 | |     vault: Arc<WamnCredentials>,
117 | |     tenant: Box<str>,
...   |
133 | |     invocations: std::sync::RwLock<HashMap<String, ConnectionInvocation>>,
134 | | }
    | |_^
    |
    = note: requested on the command line with `-W missing-debug-implementations`

warning: type does not implement `std::fmt::Debug`; consider adding `#[derive(Debug)]` or a manual implementation
  --> crates/platform/runtime/src/plugins/wamn_credentials.rs:27:1
   |
27 | / pub struct WamnCredentials {
28 | |     /// Whether ANY backing source was configured. Distinguishes `unavailable`
29 | |     /// (no source — retryable) from `not-found` (source present, name absent —
30 | |     /// config-shaped).
...  |
33 | |     projects: HashMap<String, HashMap<String, String>>,
34 | | }
   | |_^

warning: type does not implement `std::fmt::Debug`; consider adding `#[derive(Debug)]` or a manual implementation
   --> crates/platform/runtime/src/plugins/wamn_jetstream.rs:544:1
    |
544 | / pub struct WamnJetstream {
545 | |     nats_url: Option<String>,
546 | |     /// Lazily-connected, memoized JetStream context. A `Mutex<Option<_>>` (not a
547 | |     /// `OnceCell`) so a transient connect failure is retried on the next call
...   |
569 | |     dlq_depth: Arc<DeadLetterDepth>,
570 | | }
    | |_^

warning: type does not implement `std::fmt::Debug`; consider adding `#[derive(Debug)]` or a manual implementation
    --> crates/platform/runtime/src/plugins/wamn_jetstream.rs:1209:1
     |
1209 | / pub struct JsConsumer {
1210 | |     consumer: Consumer<PullConfig>,
1211 | |     dead_letter: Option<DeadLetterIdentity>,
1212 | | }
     | |_^

warning: type does not implement `std::fmt::Debug`; consider adding `#[derive(Debug)]` or a manual implementation
    --> crates/platform/runtime/src/plugins/wamn_jetstream.rs:1216:1
     |
1216 | / pub struct JsMessage {
1217 | |     msg: async_nats::jetstream::Message,
1218 | |     dead_letter: Option<DeadLetterIdentity>,
1219 | | }
     | |_^

warning: type does not implement `std::fmt::Debug`; consider adding `#[derive(Debug)]` or a manual implementation
   --> crates/platform/runtime/src/plugins/wamn_logging.rs:213:1
    |
213 | / pub struct Capture {
214 | |     records: std::sync::Mutex<Vec<CapturedRec>>,
215 | | }
    | |_^

warning: type does not implement `std::fmt::Debug`; consider adding `#[derive(Debug)]` or a manual implementation
   --> crates/platform/runtime/src/plugins/wamn_logging.rs:235:1
    |
235 | / pub struct WamnLogging {
236 | |     /// component id → host-trusted {tenant, project}.
237 | |     claims: std::sync::RwLock<HashMap<String, Claim>>,
238 | |     /// Bounded front queue; `try_send` keeps `log()` non-blocking.
...   |
243 | |     _drain: tokio::task::JoinHandle<()>,
244 | | }
    | |_^

warning: type does not implement `std::fmt::Debug`; consider adding `#[derive(Debug)]` or a manual implementation
   --> crates/platform/runtime/src/plugins/wamn_postgres/claims.rs:55:1
    |
 55 | / pub struct WamnPostgres {
 56 | |     /// Resolves a project id → its database connection + policy.
 57 | |     provider: Arc<dyn CredentialProvider>,
 58 | |     /// Guest-visible project pools, built lazily and never shared with host-owned
...   |
121 | |     pub(super) bind_counters: super::BindCounters,
122 | | }
    | |_^

warning: type does not implement `std::fmt::Debug`; consider adding `#[derive(Debug)]` or a manual implementation
   --> crates/platform/runtime/src/plugins/wamn_postgres/pool.rs:339:1
    |
339 | / pub struct StaticCredentialProvider {
340 | |     projects: HashMap<String, ProjectConfig>,
341 | | }
    | |_^

warning: type does not implement `std::fmt::Debug`; consider adding `#[derive(Debug)]` or a manual implementation
   --> crates/platform/runtime/src/plugins/wamn_postgres/pool.rs:514:1
    |
514 | / pub struct K8sSecretProvider {
515 | |     pub namespace: String,
516 | | }
    | |_^

warning: type does not implement `std::fmt::Debug`; consider adding `#[derive(Debug)]` or a manual implementation
   --> crates/platform/runtime/src/plugins/wamn_postgres/resources.rs:99:1
    |
 99 | / pub struct PgTransaction {
100 | |     state: SharedTxnState,
101 | |     destroyed: Arc<AtomicU64>,
102 | |     cursor_seq: u32,
103 | |     /// Row limit of the project this transaction's connection belongs to.
104 | |     row_limit: u64,
105 | | }
    | |_^

warning: type does not implement `std::fmt::Debug`; consider adding `#[derive(Debug)]` or a manual implementation
   --> crates/platform/runtime/src/plugins/wamn_postgres/resources.rs:145:1
    |
145 | / pub struct PgCursor {
146 | |     state: SharedTxnState,
147 | |     destroyed: Arc<AtomicU64>,
148 | |     name: String,
149 | | }
    | |_^

warning: type does not implement `std::fmt::Debug`; consider adding `#[derive(Debug)]` or a manual implementation
   --> crates/platform/runtime/src/wiring_doorbell.rs:145:1
    |
145 | / pub struct WiringDoorbellListener {
146 | |     shutdown: tokio::sync::watch::Sender<bool>,
147 | |     task: tokio::task::JoinHandle<()>,
148 | | }
    | |_^

warning: this lint expectation is unfulfilled
   --> crates/platform/runtime/src/plugins/wamn_postgres/wiring_resolution.rs:467:9
    |
467 |         clippy::too_many_arguments,
    |         ^^^^^^^^^^^^^^^^^^^^^^^^^^
    |
    = note: the complete activation key plus project are independent trusted coordinates
    = note: `#[warn(unfulfilled_lint_expectations)]` on by default

warning: this lint expectation is unfulfilled
   --> crates/platform/runtime/src/plugins/wamn_postgres/wiring_resolution.rs:760:9
    |
760 |         clippy::too_many_arguments,
    |         ^^^^^^^^^^^^^^^^^^^^^^^^^^
    |
    = note: the release scope and selected component set are independent trusted facts

warning: `wamn-runtime` (lib) generated 83 warnings (run `cargo clippy --fix --lib -p wamn-runtime -- ` to apply 16 suggestions)
warning: `format!(..)` appended to existing `String`
   --> crates/control/provision/src/identity_issuer.rs:270:9
    |
270 | /         sql.push_str(&format!(
271 | |             " GRANT SELECT ({columns}) ON TABLE {schema}.{table} TO {role};",
272 | |             schema = quote_ident(schema),
273 | |             table = quote_ident(table),
274 | |         ));
    | |__________^
    |
    = note: you may need to import the `std::fmt::Write` trait
    = help: for further information visit https://rust-lang.github.io/rust-clippy/rust-1.98.0/index.html#format_push_string
    = note: `-W clippy::format-push-string` implied by `-W clippy::pedantic`
    = help: to override `-W clippy::pedantic` add `#[allow(clippy::format_push_string)]`
help: consider using `write!` to avoid the extra allocation
    |
270 ~         let _ = write!(sql, " GRANT SELECT ({columns}) ON TABLE {schema}.{table} TO {role};",
271 +             schema = quote_ident(schema),
272 ~             table = quote_ident(table));
    |

warning: `format!(..)` appended to existing `String`
   --> crates/control/provision/src/name.rs:502:13
    |
502 |             out.push_str(&format!("{b:02X}"));
    |             ^^^^^^^^^^^^^^^^^^^^^^^^^^^^^^^^^
    |
    = note: you may need to import the `std::fmt::Write` trait
    = help: for further information visit https://rust-lang.github.io/rust-clippy/rust-1.98.0/index.html#format_push_string
help: consider using `write!` to avoid the extra allocation
    |
502 -             out.push_str(&format!("{b:02X}"));
502 +             let _ = write!(out, "{b:02X}");
    |

warning: `format!(..)` appended to existing `String`
   --> crates/control/provision/src/sql.rs:556:9
    |
556 | /         sql.push_str(&format!(
557 | |             " GRANT SELECT ON {schema_ident}.{relation} TO {role};",
558 | |             relation = quote_ident(relation),
559 | |         ));
    | |__________^
    |
    = note: you may need to import the `std::fmt::Write` trait
    = help: for further information visit https://rust-lang.github.io/rust-clippy/rust-1.98.0/index.html#format_push_string
help: consider using `write!` to avoid the extra allocation
    |
556 ~         let _ = write!(sql, " GRANT SELECT ON {schema_ident}.{relation} TO {role};",
557 ~             relation = quote_ident(relation));
    |

warning: `format!(..)` appended to existing `String`
   --> crates/control/provision/src/sql.rs:757:9
    |
757 | /         sql.push_str(&format!(
758 | |             " GRANT SELECT ON TABLE catalog.{relation} TO {role};",
759 | |             relation = quote_ident(relation),
760 | |         ));
    | |__________^
    |
    = note: you may need to import the `std::fmt::Write` trait
    = help: for further information visit https://rust-lang.github.io/rust-clippy/rust-1.98.0/index.html#format_push_string
help: consider using `write!` to avoid the extra allocation
    |
757 ~         let _ = write!(sql, " GRANT SELECT ON TABLE catalog.{relation} TO {role};",
758 ~             relation = quote_ident(relation));
    |

warning: `format!(..)` appended to existing `String`
   --> crates/control/provision/src/sql.rs:767:5
    |
767 | /     sql.push_str(&format!(
768 | |         " GRANT INSERT ({wiring_insert}) ON TABLE catalog.\"wirings\" TO {role}; \
769 | |          GRANT SELECT ON TABLE {schema}.\"environment_policies\" TO {role}; \
770 | |          GRANT SELECT ({run_select}) ON TABLE {schema}.\"runs\" TO {role}; \
...   |
773 | |            ON TABLE {schema}.\"run_queue\" TO {role};"
774 | |     ));
    | |______^
    |
    = note: you may need to import the `std::fmt::Write` trait
    = help: for further information visit https://rust-lang.github.io/rust-clippy/rust-1.98.0/index.html#format_push_string
help: consider using `write!` to avoid the extra allocation
    |
767 ~     let _ = write!(sql, " GRANT INSERT ({wiring_insert}) ON TABLE catalog.\"wirings\" TO {role}; \
768 +          GRANT SELECT ON TABLE {schema}.\"environment_policies\" TO {role}; \
769 +          GRANT SELECT ({run_select}) ON TABLE {schema}.\"runs\" TO {role}; \
770 +          GRANT INSERT ({run_insert}) ON TABLE {schema}.\"runs\" TO {role}; \
771 +          GRANT SELECT ({queue_select}), INSERT ({queue_insert}) \
772 ~            ON TABLE {schema}.\"run_queue\" TO {role};");
    |

warning: `format!(..)` appended to existing `String`
   --> crates/control/provision/src/sql.rs:827:9
    |
827 | /         sql.push_str(&format!(
828 | |             " GRANT SELECT ON TABLE catalog.{relation} TO {role};",
829 | |             relation = quote_ident(relation),
830 | |         ));
    | |__________^
    |
    = note: you may need to import the `std::fmt::Write` trait
    = help: for further information visit https://rust-lang.github.io/rust-clippy/rust-1.98.0/index.html#format_push_string
help: consider using `write!` to avoid the extra allocation
    |
827 ~         let _ = write!(sql, " GRANT SELECT ON TABLE catalog.{relation} TO {role};",
828 ~             relation = quote_ident(relation));
    |

warning: `format!(..)` appended to existing `String`
   --> crates/control/provision/src/sql.rs:832:5
    |
832 | /     sql.push_str(&format!(
833 | |         " GRANT SELECT ON TABLE app_system.\"permissions\" TO {role}; \
834 | |          GRANT SELECT ON TABLE app_system.\"users\" TO {role}; \
835 | |          GRANT SELECT ON TABLE app_system.\"user_roles\" TO {role};"
836 | |     ));
    | |______^
    |
    = note: you may need to import the `std::fmt::Write` trait
    = help: for further information visit https://rust-lang.github.io/rust-clippy/rust-1.98.0/index.html#format_push_string
help: consider using `write!` to avoid the extra allocation
    |
832 ~     let _ = write!(sql, " GRANT SELECT ON TABLE app_system.\"permissions\" TO {role}; \
833 +          GRANT SELECT ON TABLE app_system.\"users\" TO {role}; \
834 ~          GRANT SELECT ON TABLE app_system.\"user_roles\" TO {role};");
    |

warning: `format!(..)` appended to existing `String`
   --> crates/control/provision/src/sql.rs:936:9
    |
936 | /         sql.push_str(&format!(
937 | |             " GRANT SELECT ON TABLE catalog.{relation} TO {role};",
938 | |             relation = quote_ident(relation),
939 | |         ));
    | |__________^
    |
    = note: you may need to import the `std::fmt::Write` trait
    = help: for further information visit https://rust-lang.github.io/rust-clippy/rust-1.98.0/index.html#format_push_string
help: consider using `write!` to avoid the extra allocation
    |
936 ~         let _ = write!(sql, " GRANT SELECT ON TABLE catalog.{relation} TO {role};",
937 ~             relation = quote_ident(relation));
    |

warning: `format!(..)` appended to existing `String`
   --> crates/control/provision/src/sql.rs:943:5
    |
943 | /     sql.push_str(&format!(
944 | |         " GRANT SELECT ON TABLE {schema}.\"runs\" TO {role}; \
945 | |          GRANT UPDATE ({run_update}) ON TABLE {schema}.\"runs\" TO {role}; \
946 | |          GRANT SELECT, DELETE ON TABLE {schema}.\"run_queue\" TO {role}; \
...   |
950 | |            {schema}.\"require_executor_platform_authority\"() TO {role};"
951 | |     ));
    | |______^
    |
    = note: you may need to import the `std::fmt::Write` trait
    = help: for further information visit https://rust-lang.github.io/rust-clippy/rust-1.98.0/index.html#format_push_string
help: consider using `write!` to avoid the extra allocation
    |
943 ~     let _ = write!(sql, " GRANT SELECT ON TABLE {schema}.\"runs\" TO {role}; \
944 +          GRANT UPDATE ({run_update}) ON TABLE {schema}.\"runs\" TO {role}; \
945 +          GRANT SELECT, DELETE ON TABLE {schema}.\"run_queue\" TO {role}; \
946 +          GRANT UPDATE ({queue_update}) ON TABLE {schema}.\"run_queue\" TO {role}; \
947 +          GRANT SELECT ON TABLE {schema}.\"effect_attempts\" TO {role}; \
948 +          GRANT EXECUTE ON FUNCTION \
949 ~            {schema}.\"require_executor_platform_authority\"() TO {role};");
    |

warning: `format!(..)` appended to existing `String`
   --> crates/control/provision/src/sql.rs:979:9
    |
979 | /         sql.push_str(&format!(
980 | |             " GRANT SELECT ON TABLE catalog.{relation} TO {role};",
981 | |             relation = quote_ident(relation),
982 | |         ));
    | |__________^
    |
    = note: you may need to import the `std::fmt::Write` trait
    = help: for further information visit https://rust-lang.github.io/rust-clippy/rust-1.98.0/index.html#format_push_string
help: consider using `write!` to avoid the extra allocation
    |
979 ~         let _ = write!(sql, " GRANT SELECT ON TABLE catalog.{relation} TO {role};",
980 ~             relation = quote_ident(relation));
    |

warning: `format!(..)` appended to existing `String`
    --> crates/control/provision/src/sql.rs:1071:9
     |
1071 | /         sql.push_str(&format!(
1072 | |             " GRANT SELECT ON TABLE {schema}.{relation} TO {role};",
1073 | |             relation = quote_ident(relation),
1074 | |         ));
     | |__________^
     |
     = note: you may need to import the `std::fmt::Write` trait
     = help: for further information visit https://rust-lang.github.io/rust-clippy/rust-1.98.0/index.html#format_push_string
help: consider using `write!` to avoid the extra allocation
     |
1071 ~         let _ = write!(sql, " GRANT SELECT ON TABLE {schema}.{relation} TO {role};",
1072 ~             relation = quote_ident(relation));
     |

warning: `wamn-control-provision` (lib) generated 11 warnings
    Checking wamn-runtime v0.1.0 (/home/kaalin/.cache/wamn-lanes/native-b-dispatch-20260910/crates/platform/runtime)
    Finished `dev` profile [unoptimized + debuginfo] target(s) in 0.80s
